球団名,選手名,ポジション,左右,打率,打席,打数,安打,単打,二塁打,三塁打,本塁打,打点,死球,三振,四球,犠打,犠飛,更新日
読売ジャイアンツ,田中 将大,投手,左,0.000,13,8,0,0,0,0,0,0,0,3,0,2,0,2026/09/10
読売ジャイアンツ,田中 将大,投手,右,0.000,19,12,0,0,0,0,0,0,0,6,0,1,0,2026/09/10
読売ジャイアンツ,大勢,投手,左,,0,0,0,0,0,0,0,0,0,0,0,0,0,2026/09/10
読売ジャイアンツ,大勢,投手,右,,0,0,0,0,0,0,0,0,0,0,0,0,0,2026/09/10
読売ジャイアンツ,西舘 勇陽,投手,左,0.000,7,4,0,0,0,0,0,0,0,3,0,0,0,2026/09/10
読売ジャイアンツ,西舘 勇陽,投手,右,0.143,12,7,1,1,0,0,0,0,0,5,0,0,0,2026/09/10
読売ジャイアンツ,山﨑 伊織,投手,左,0.000,5,3,0,0,0,0,0,0,0,2,0,0,0,2026/09/10
読売ジャイアンツ,山﨑 伊織,投手,右,0.125,15,8,1,0,1,0,0,0,0,5,1,1,0,2026/09/10
読売ジャイアンツ,戸郷 翔征,投手,左,0.083,20,12,1,0,1,0,0,0,0,5,1,2,0,2026/09/10
読売ジャイアンツ,戸郷 翔征,投手,右,0.400,7,5,2,2,0,0,0,1,0,1,0,1,0,2026/09/10
読売ジャイアンツ,竹丸 和幸,投手,左,0.100,18,10,1,1,0,0,0,1,0,6,2,0,0,2026/09/10
読売ジャイアンツ,竹丸 和幸,投手,右,0.050,34,20,1,1,0,0,0,1,0,11,0,3,0,2026/09/10
読売ジャイアンツ,代木 大和,投手,左,0.000,3,1,0,0,0,0,0,0,0,1,1,0,0,2026/09/10
読売ジャイアンツ,代木 大和,投手,右,,0,0,0,0,0,0,0,0,0,0,0,0,0,2026/09/10
読売ジャイアンツ,ウィットリー,投手,左,0.000,20,11,0,0,0,0,0,0,0,8,0,1,0,2026/09/10
読売ジャイアンツ,ウィットリー,投手,右,0.071,23,14,1,1,0,0,0,1,0,6,2,1,0,2026/09/10
読売ジャイアンツ,ハワード,投手,左,0.000,2,1,0,0,0,0,0,0,0,1,0,0,0,2026/09/10
読売ジャイアンツ,ハワード,投手,右,0.000,17,10,0,0,0,0,0,0,0,6,0,1,0,2026/09/10
読売ジャイアンツ,田和 廉,投手,左,,0,0,0,0,0,0,0,0,0,0,0,0,0,2026/09/10
読売ジャイアンツ,田和 廉,投手,右,,0,0,0,0,0,0,0,0,0,0,0,0,0,2026/09/10
読売ジャイアンツ,赤星 優志,投手,左,0.000,1,1,0,0,0,0,0,0,0,0,0,0,0,2026/09/10
読売ジャイアンツ,赤星 優志,投手,右,0.000,4,2,0,0,0,0,0,0,0,1,0,1,0,2026/09/10
読売ジャイアンツ,山城 京平,投手,左,,0,0,0,0,0,0,0,0,0,0,0,0,0,2026/09/10
読売ジャイアンツ,山城 京平,投手,右,,0,0,0,0,0,0,0,0,0,0,0,0,0,2026/09/10
読売ジャイアンツ,中川 皓太,投手,左,,0,0,0,0,0,0,0,0,0,0,0,0,0,2026/09/10
読売ジャイアンツ,中川 皓太,投手,右,,0,0,0,0,0,0,0,0,0,0,0,0,0,2026/09/10
読売ジャイアンツ,マタ,投手,左,0.000,10,6,0,0,0,0,0,0,0,3,0,1,0,2026/09/10
読売ジャイアンツ,マタ,投手,右,0.000,13,7,0,0,0,0,0,0,0,5,1,0,0,2026/09/10
読売ジャイアンツ,則本 昂大,投手,左,0.167,10,6,1,1,0,0,0,0,0,4,0,0,0,2026/09/10
読売ジャイアンツ,則本 昂大,投手,右,0.000,11,6,0,0,0,0,0,0,0,3,0,2,0,2026/09/10
読売ジャイアンツ,田中 瑛斗,投手,左,,0,0,0,0,0,0,0,0,0,0,0,0,0,2026/09/10
読売ジャイアンツ,田中 瑛斗,投手,右,,0,0,0,0,0,0,0,0,0,0,0,0,0,2026/09/10
読売ジャイアンツ,又木 鉄平,投手,左,0.000,2,1,0,0,0,0,0,0,0,1,0,0,0,2026/09/10
読売ジャイアンツ,又木 鉄平,投手,右,0.000,4,3,0,0,0,0,0,0,0,0,0,1,0,2026/09/10
読売ジャイアンツ,森田 駿哉,投手,左,0.000,1,1,0,0,0,0,0,0,0,0,0,0,0,2026/09/10
読売ジャイアンツ,森田 駿哉,投手,右,,1,0,0,0,0,0,0,0,0,0,1,0,0,2026/09/10
読売ジャイアンツ,ルシアーノ,投手,左,,0,0,0,0,0,0,0,0,0,0,0,0,0,2026/09/10
読売ジャイアンツ,ルシアーノ,投手,右,,0,0,0,0,0,0,0,0,0,0,0,0,0,2026/09/10
読売ジャイアンツ,バルドナード,投手,左,,0,0,0,0,0,0,0,0,0,0,0,0,0,2026/09/10
読売ジャイアンツ,バルドナード,投手,右,,0,0,0,0,0,0,0,0,0,0,0,0,0,2026/09/10
読売ジャイアンツ,高梨 雄平,投手,左,,0,0,0,0,0,0,0,0,0,0,0,0,0,2026/09/10
読売ジャイアンツ,高梨 雄平,投手,右,,0,0,0,0,0,0,0,0,0,0,0,0,0,2026/09/10
読売ジャイアンツ,松浦 慶斗,投手,左,,0,0,0,0,0,0,0,0,0,0,0,0,0,2026/09/10
読売ジャイアンツ,松浦 慶斗,投手,右,,0,0,0,0,0,0,0,0,0,0,0,0,0,2026/09/10
読売ジャイアンツ,北浦 竜次,投手,左,,0,0,0,0,0,0,0,0,0,0,0,0,0,2026/09/10
読売ジャイアンツ,北浦 竜次,投手,右,,0,0,0,0,0,0,0,0,0,0,0,0,0,2026/09/10
読売ジャイアンツ,宮原 駿介,投手,左,,0,0,0,0,0,0,0,0,0,0,0,0,0,2026/09/10
読売ジャイアンツ,宮原 駿介,投手,右,,0,0,0,0,0,0,0,0,0,0,0,0,0,2026/09/10
読売ジャイアンツ,船迫 大雅,投手,左,,0,0,0,0,0,0,0,0,0,0,0,0,0,2026/09/10
読売ジャイアンツ,船迫 大雅,投手,右,,0,0,0,0,0,0,0,0,0,0,0,0,0,2026/09/10
読売ジャイアンツ,横川 凱,投手,左,,0,0,0,0,0,0,0,0,0,0,0,0,0,2026/09/10
読売ジャイアンツ,横川 凱,投手,右,,0,0,0,0,0,0,0,0,0,0,0,0,0,2026/09/10
読売ジャイアンツ,泉 圭輔,投手,左,,0,0,0,0,0,0,0,0,0,0,0,0,0,2026/09/10
読売ジャイアンツ,泉 圭輔,投手,右,,0,0,0,0,0,0,0,0,0,0,0,0,0,2026/09/10
読売ジャイアンツ,山田 龍聖,投手,左,,0,0,0,0,0,0,0,0,0,0,0,0,0,2026/09/10
読売ジャイアンツ,山田 龍聖,投手,右,,0,0,0,0,0,0,0,0,0,0,0,0,0,2026/09/10
読売ジャイアンツ,石川 達也,投手,左,,0,0,0,0,0,0,0,0,0,0,0,0,0,2026/09/10
読売ジャイアンツ,石川 達也,投手,右,,0,0,0,0,0,0,0,0,0,0,0,0,0,2026/09/10
読売ジャイアンツ,平内 龍太,投手,左,,0,0,0,0,0,0,0,0,0,0,0,0,0,2026/09/10
読売ジャイアンツ,平内 龍太,投手,右,,0,0,0,0,0,0,0,0,0,0,0,0,0,2026/09/10
読売ジャイアンツ,堀田 賢慎,投手,左,,0,0,0,0,0,0,0,0,0,0,0,0,0,2026/09/10
読売ジャイアンツ,堀田 賢慎,投手,右,,0,0,0,0,0,0,0,0,0,0,0,0,0,2026/09/10
読売ジャイアンツ,マルティネス,投手,左,0.111,15,9,1,0,0,0,1,1,0,5,1,0,0,2026/09/10
読売ジャイアンツ,マルティネス,投手,右,0.143,40,28,4,3,0,0,1,3,1,9,3,0,0,2026/09/10
読売ジャイアンツ,井上 温大,投手,左,0.059,27,17,1,1,0,0,0,0,0,7,0,3,0,2026/09/10
読売ジャイアンツ,井上 温大,投手,右,0.053,30,19,1,1,0,0,0,2,0,8,0,1,2,2026/09/10
読売ジャイアンツ,小笠原 慎之介,投手,左,0.250,13,8,2,1,1,0,0,0,0,4,0,1,0,2026/09/10
読売ジャイアンツ,小笠原 慎之介,投手,右,0.222,14,9,2,1,0,1,0,0,0,4,0,1,0,2026/09/10
読売ジャイアンツ,甲斐 拓也,捕手,左,0.000,12,9,0,0,0,0,0,0,0,2,0,1,0,2026/09/10
読売ジャイアンツ,甲斐 拓也,捕手,右,0.222,13,9,2,0,0,0,2,2,0,3,1,0,0,2026/09/10
読売ジャイアンツ,小林 誠司,捕手,左,0.000,2,1,0,0,0,0,0,0,0,1,0,0,0,2026/09/10
読売ジャイアンツ,小林 誠司,捕手,右,0.100,14,10,1,0,1,0,0,0,0,2,2,0,0,2026/09/10
読売ジャイアンツ,大城 卓三,捕手,左,0.244,117,78,19,11,5,1,2,8,5,32,6,1,0,2026/09/10
読売ジャイアンツ,大城 卓三,捕手,右,0.280,271,193,54,32,14,1,7,25,0,54,24,0,0,2026/09/10
読売ジャイアンツ,岸田 行倫,捕手,左,0.179,101,78,14,10,3,0,1,6,0,17,4,2,0,2026/09/10
読売ジャイアンツ,岸田 行倫,捕手,右,0.271,139,107,29,25,1,0,3,9,3,20,8,2,2,2026/09/10
読売ジャイアンツ,郡 拓也,捕手,左,,0,0,0,0,0,0,0,0,0,0,0,0,0,2026/09/10
読売ジャイアンツ,郡 拓也,捕手,右,,0,0,0,0,0,0,0,0,0,0,0,0,0,2026/09/10
読売ジャイアンツ,山瀬 慎之助,捕手,左,0.429,12,7,3,1,1,0,1,1,0,5,0,0,0,2026/09/10
読売ジャイアンツ,山瀬 慎之助,捕手,右,0.100,14,10,1,1,0,0,0,1,0,4,0,0,0,2026/09/10
読売ジャイアンツ,湯浅 大,内野手,左,,0,0,0,0,0,0,0,0,0,0,0,0,0,2026/09/10
読売ジャイアンツ,湯浅 大,内野手,右,0.000,4,2,0,0,0,0,0,0,0,2,0,0,0,2026/09/10
読売ジャイアンツ,増田 大輝,内野手,左,0.250,17,12,3,3,0,0,0,0,0,4,0,1,0,2026/09/10
読売ジャイアンツ,増田 大輝,内野手,右,0.143,10,7,1,1,0,0,0,0,0,1,0,2,0,2026/09/10
読売ジャイアンツ,吉川 尚輝,内野手,左,0.239,57,46,11,9,2,0,0,2,0,8,3,0,0,2026/09/10
読売ジャイアンツ,吉川 尚輝,内野手,右,0.275,99,80,22,20,1,0,1,5,1,15,4,0,0,2026/09/10
読売ジャイアンツ,門脇 誠,内野手,左,0.150,22,20,3,2,0,1,0,2,0,2,0,0,0,2026/09/10
読売ジャイアンツ,門脇 誠,内野手,右,0.147,47,34,5,3,2,0,0,3,0,6,4,3,0,2026/09/10
読売ジャイアンツ,坂本 勇人,内野手,左,0.188,111,80,15,10,1,0,4,11,0,24,7,0,0,2026/09/10
読売ジャイアンツ,坂本 勇人,内野手,右,0.109,76,55,6,3,2,0,1,7,0,12,8,0,1,2026/09/10
読売ジャイアンツ,石塚 裕惺,内野手,左,0.333,39,30,10,8,2,0,0,3,0,7,2,0,0,2026/09/10
読売ジャイアンツ,石塚 裕惺,内野手,右,0.197,98,71,14,9,4,1,0,6,2,15,9,2,1,2026/09/10
読売ジャイアンツ,ダルベック,内野手,左,0.231,226,160,37,22,7,1,7,21,0,49,14,0,3,2026/09/10
読売ジャイアンツ,ダルベック,内野手,右,0.278,393,255,71,42,14,0,15,52,1,110,27,0,1,2026/09/10
読売ジャイアンツ,浦田 俊輔,内野手,左,0.270,185,141,38,34,4,0,0,10,5,26,12,5,1,2026/09/10
読売ジャイアンツ,浦田 俊輔,内野手,右,0.296,298,243,72,62,8,2,0,17,3,31,17,4,3,2026/09/10
読売ジャイアンツ,小濱 佑斗,内野手,左,0.241,38,29,7,5,1,0,1,8,0,6,3,0,0,2026/09/10
読売ジャイアンツ,小濱 佑斗,内野手,右,0.154,33,26,4,3,0,1,0,1,0,6,1,0,0,2026/09/10
読売ジャイアンツ,泉口 友汰,内野手,左,0.213,202,160,34,23,9,0,2,12,5,26,13,1,2,2026/09/10
読売ジャイアンツ,泉口 友汰,内野手,右,0.268,299,235,63,45,11,2,5,25,1,33,24,2,5,2026/09/10
読売ジャイアンツ,リチャード,内野手,左,0.111,14,9,1,0,0,0,1,1,0,4,1,0,0,2026/09/10
読売ジャイアンツ,リチャード,内野手,右,0.000,21,12,0,0,0,0,0,0,0,7,2,0,0,2026/09/10
読売ジャイアンツ,荒巻 悠,内野手,左,,0,0,0,0,0,0,0,0,0,0,0,0,0,2026/09/10
読売ジャイアンツ,荒巻 悠,内野手,右,,0,0,0,0,0,0,0,0,0,0,0,0,0,2026/09/10
読売ジャイアンツ,増田 陸,内野手,左,0.196,78,56,11,8,2,0,1,3,0,19,2,0,1,2026/09/10
読売ジャイアンツ,増田 陸,内野手,右,0.319,91,69,22,15,4,0,3,11,1,19,2,1,0,2026/09/10
読売ジャイアンツ,宇都宮 葵星,内野手,左,0.000,1,1,0,0,0,0,0,0,0,0,0,0,0,2026/09/10
読売ジャイアンツ,宇都宮 葵星,内野手,右,1.000,1,1,1,1,0,0,0,0,0,0,0,0,0,2026/09/10
読売ジャイアンツ,平山 功太,内野手,左,0.304,54,46,14,10,1,1,2,5,2,7,1,0,0,2026/09/10
読売ジャイアンツ,平山 功太,内野手,右,0.263,50,38,10,8,2,0,0,4,0,10,2,0,0,2026/09/10
読売ジャイアンツ,藤井 健翔,内野手,左,,0,0,0,0,0,0,0,0,0,0,0,0,0,2026/09/10
読売ジャイアンツ,藤井 健翔,内野手,右,,0,0,0,0,0,0,0,0,0,0,0,0,0,2026/09/10
読売ジャイアンツ,丸 佳浩,外野手,左,0.000,17,13,0,0,0,0,0,0,0,2,2,0,0,2026/09/10
読売ジャイアンツ,丸 佳浩,外野手,右,0.240,104,75,18,12,4,0,2,17,0,17,12,0,0,2026/09/10
読売ジャイアンツ,松本 剛,外野手,左,0.272,177,147,40,37,2,0,1,10,0,16,8,6,0,2026/09/10
読売ジャイアンツ,松本 剛,外野手,右,0.266,251,199,53,41,10,0,2,13,5,34,11,7,0,2026/09/10
読売ジャイアンツ,萩尾 匡也,外野手,左,0.000,4,3,0,0,0,0,0,0,0,1,0,0,0,2026/09/10
読売ジャイアンツ,萩尾 匡也,外野手,右,0.000,6,4,0,0,0,0,0,0,0,1,1,0,0,2026/09/10
読売ジャイアンツ,キャベッジ,外野手,左,0.254,173,122,31,26,1,0,4,9,1,44,7,0,0,2026/09/10
読売ジャイアンツ,キャベッジ,外野手,右,0.240,263,183,44,23,12,0,9,20,3,68,12,0,0,2026/09/10
読売ジャイアンツ,岡田 悠希,外野手,左,,0,0,0,0,0,0,0,0,0,0,0,0,0,2026/09/10
読売ジャイアンツ,岡田 悠希,外野手,右,0.143,10,7,1,1,0,0,0,1,0,2,1,0,0,2026/09/10
読売ジャイアンツ,皆川 岳飛,外野手,左,0.167,8,6,1,1,0,0,0,0,0,1,1,0,0,2026/09/10
読売ジャイアンツ,皆川 岳飛,外野手,右,0.100,14,10,1,1,0,0,0,0,0,4,0,0,0,2026/09/10
読売ジャイアンツ,中山 礼都,外野手,左,0.182,41,33,6,6,0,0,0,0,0,7,1,0,0,2026/09/10
読売ジャイアンツ,中山 礼都,外野手,右,0.204,132,103,21,14,5,0,2,16,0,15,11,0,3,2026/09/10
読売ジャイアンツ,佐々木 俊輔,外野手,左,0.189,140,95,18,12,4,0,2,7,4,28,15,2,0,2026/09/10
読売ジャイアンツ,佐々木 俊輔,外野手,右,0.325,266,200,65,42,16,0,7,29,0,51,13,2,0,2026/09/10
読売ジャイアンツ,ティマ,外野手,左,0.000,12,9,0,0,0,0,0,0,0,3,0,0,0,2026/09/10
読売ジャイアンツ,ティマ,外野手,右,0.143,29,21,3,3,0,0,0,0,0,8,0,0,0,2026/09/10
読売ジャイアンツ,浅野 翔吾,外野手,左,0.375,10,8,3,2,0,0,1,1,0,2,0,0,0,2026/09/10
読売ジャイアンツ,浅野 翔吾,外野手,右,0.118,22,17,2,1,1,0,0,0,0,4,1,0,0,2026/09/10
読売ジャイアンツ,鈴木 大和,外野手,左,0.125,11,8,1,1,0,0,0,0,0,2,1,0,0,2026/09/10
読売ジャイアンツ,鈴木 大和,外野手,右,0.429,8,7,3,3,0,0,0,4,0,1,0,0,0,2026/09/10
読売ジャイアンツ,若林 楽人,外野手,左,0.273,30,22,6,5,1,0,0,0,0,7,1,0,0,2026/09/10
読売ジャイアンツ,若林 楽人,外野手,右,0.050,29,20,1,1,0,0,0,0,0,6,3,0,0,2026/09/10
読売ジャイアンツ,知念 大成,外野手,左,0.500,10,8,4,4,0,0,0,1,0,2,0,0,0,2026/09/10
読売ジャイアンツ,知念 大成,外野手,右,0.211,21,19,4,3,1,0,0,1,0,2,0,0,0,2026/09/10
読売ジャイアンツ,笹原 操希,外野手,左,0.250,58,44,11,6,4,0,1,11,0,11,3,0,0,2026/09/10
読売ジャイアンツ,笹原 操希,外野手,右,0.214,59,42,9,5,3,0,1,4,0,15,1,1,0,2026/09/10
読売ジャイアンツ,三塚 琉生,外野手,左,,0,0,0,0,0,0,0,0,0,0,0,0,0,2026/09/10
読売ジャイアンツ,三塚 琉生,外野手,右,,0,0,0,0,0,0,0,0,0,0,0,0,0,2026/09/10
阪神タイガース,岩崎 優,投手,左,,0,0,0,0,0,0,0,0,0,0,0,0,0,2026/09/10
阪神タイガース,岩崎 優,投手,右,,0,0,0,0,0,0,0,0,0,0,0,0,0,2026/09/10
阪神タイガース,岩貞 祐太,投手,左,,0,0,0,0,0,0,0,0,0,0,0,0,0,2026/09/10
阪神タイガース,岩貞 祐太,投手,右,,0,0,0,0,0,0,0,0,0,0,0,0,0,2026/09/10
阪神タイガース,西 勇輝,投手,左,0.000,7,5,0,0,0,0,0,0,0,1,0,1,0,2026/09/10
阪神タイガース,西 勇輝,投手,右,0.000,9,7,0,0,0,0,0,0,0,2,0,0,0,2026/09/10
阪神タイガース,伊原 陵人,投手,左,0.429,11,7,3,3,0,0,0,1,0,3,0,1,0,2026/09/10
阪神タイガース,伊原 陵人,投手,右,0.000,10,6,0,0,0,0,0,0,0,3,0,1,0,2026/09/10
阪神タイガース,下村 海翔,投手,左,0.000,8,5,0,0,0,0,0,0,0,3,0,0,0,2026/09/10
阪神タイガース,下村 海翔,投手,右,0.000,12,7,0,0,0,0,0,1,0,4,1,0,0,2026/09/10
阪神タイガース,大竹 耕太郎,投手,左,0.143,10,7,1,1,0,0,0,0,0,1,0,2,0,2026/09/10
阪神タイガース,大竹 耕太郎,投手,右,0.158,30,19,3,3,0,0,0,0,0,10,0,1,0,2026/09/10
阪神タイガース,椎葉 剛,投手,左,0.000,2,1,0,0,0,0,0,0,0,0,0,1,0,2026/09/10
阪神タイガース,椎葉 剛,投手,右,,0,0,0,0,0,0,0,0,0,0,0,0,0,2026/09/10
阪神タイガース,伊藤 将司,投手,左,0.167,7,6,1,0,1,0,0,2,0,1,0,0,0,2026/09/10
阪神タイガース,伊藤 将司,投手,右,0.125,14,8,1,1,0,0,0,0,0,6,0,0,0,2026/09/10
阪神タイガース,今朝丸 裕喜,投手,左,0.000,2,1,0,0,0,0,0,0,0,1,0,0,0,2026/09/10
阪神タイガース,今朝丸 裕喜,投手,右,0.000,4,2,0,0,0,0,0,0,0,2,0,0,0,2026/09/10
阪神タイガース,髙橋 遥人,投手,左,0.000,19,13,0,0,0,0,0,0,0,6,0,0,0,2026/09/10
阪神タイガース,髙橋 遥人,投手,右,0.188,50,32,6,6,0,0,0,1,0,12,0,6,0,2026/09/10
阪神タイガース,門別 啓人,投手,左,,0,0,0,0,0,0,0,0,0,0,0,0,0,2026/09/10
阪神タイガース,門別 啓人,投手,右,0.000,2,1,0,0,0,0,0,0,0,1,0,0,0,2026/09/10
阪神タイガース,才木 浩人,投手,左,0.250,21,12,3,3,0,0,0,0,0,7,1,1,0,2026/09/10
阪神タイガース,才木 浩人,投手,右,0.000,50,28,0,0,0,0,0,1,0,14,1,7,0,2026/09/10
阪神タイガース,畠 世周,投手,左,,0,0,0,0,0,0,0,0,0,0,0,0,0,2026/09/10
阪神タイガース,畠 世周,投手,右,,0,0,0,0,0,0,0,0,0,0,0,0,0,2026/09/10
阪神タイガース,及川 雅貴,投手,左,,0,0,0,0,0,0,0,0,0,0,0,0,0,2026/09/10
阪神タイガース,及川 雅貴,投手,右,,0,0,0,0,0,0,0,0,0,0,0,0,0,2026/09/10
阪神タイガース,村上 頌樹,投手,左,0.056,31,18,1,1,0,0,0,0,0,10,0,3,0,2026/09/10
阪神タイガース,村上 頌樹,投手,右,0.031,58,32,1,1,0,0,0,0,0,20,1,5,0,2026/09/10
阪神タイガース,ルーカス,投手,左,0.000,1,1,0,0,0,0,0,0,0,0,0,0,0,2026/09/10
阪神タイガース,ルーカス,投手,右,0.000,8,4,0,0,0,0,0,0,0,3,0,1,0,2026/09/10
阪神タイガース,早瀬 朔,投手,左,,0,0,0,0,0,0,0,0,0,0,0,0,0,2026/09/10
阪神タイガース,早瀬 朔,投手,右,,0,0,0,0,0,0,0,0,0,0,0,0,0,2026/09/10
阪神タイガース,ラグズデール,投手,左,,0,0,0,0,0,0,0,0,0,0,0,0,0,2026/09/10
阪神タイガース,ラグズデール,投手,右,,0,0,0,0,0,0,0,0,0,0,0,0,0,2026/09/10
阪神タイガース,桐敷 拓馬,投手,左,,0,0,0,0,0,0,0,0,0,0,0,0,0,2026/09/10
阪神タイガース,桐敷 拓馬,投手,右,,0,0,0,0,0,0,0,0,0,0,0,0,0,2026/09/10
阪神タイガース,茨木 秀俊,投手,左,,0,0,0,0,0,0,0,0,0,0,0,0,0,2026/09/10
阪神タイガース,茨木 秀俊,投手,右,0.000,6,3,0,0,0,0,0,0,0,2,1,0,0,2026/09/10
阪神タイガース,工藤 泰成,投手,左,,0,0,0,0,0,0,0,0,0,0,0,0,0,2026/09/10
阪神タイガース,工藤 泰成,投手,右,,0,0,0,0,0,0,0,0,0,0,0,0,0,2026/09/10
阪神タイガース,富田 蓮,投手,左,,0,0,0,0,0,0,0,0,0,0,0,0,0,2026/09/10
阪神タイガース,富田 蓮,投手,右,,0,0,0,0,0,0,0,0,0,0,0,0,0,2026/09/10
阪神タイガース,早川 太貴,投手,左,0.000,2,1,0,0,0,0,0,0,0,1,0,0,0,2026/09/10
阪神タイガース,早川 太貴,投手,右,0.000,1,1,0,0,0,0,0,0,0,0,0,0,0,2026/09/10
阪神タイガース,木下 里都,投手,左,,0,0,0,0,0,0,0,0,0,0,0,0,0,2026/09/10
阪神タイガース,木下 里都,投手,右,0.000,1,1,0,0,0,0,0,0,0,0,0,0,0,2026/09/10
阪神タイガース,能登 嵩都,投手,左,,0,0,0,0,0,0,0,0,0,0,0,0,0,2026/09/10
阪神タイガース,能登 嵩都,投手,右,,0,0,0,0,0,0,0,0,0,0,0,0,0,2026/09/10
阪神タイガース,石黒 佑弥,投手,左,,0,0,0,0,0,0,0,0,0,0,0,0,0,2026/09/10
阪神タイガース,石黒 佑弥,投手,右,0.000,1,1,0,0,0,0,0,0,0,0,0,0,0,2026/09/10
阪神タイガース,岡留 英貴,投手,左,,0,0,0,0,0,0,0,0,0,0,0,0,0,2026/09/10
阪神タイガース,岡留 英貴,投手,右,,0,0,0,0,0,0,0,0,0,0,0,0,0,2026/09/10
阪神タイガース,湯浅 京己,投手,左,,0,0,0,0,0,0,0,0,0,0,0,0,0,2026/09/10
阪神タイガース,湯浅 京己,投手,右,,0,0,0,0,0,0,0,0,0,0,0,0,0,2026/09/10
阪神タイガース,津田 淳哉,投手,左,,0,0,0,0,0,0,0,0,0,0,0,0,0,2026/09/10
阪神タイガース,津田 淳哉,投手,右,,0,0,0,0,0,0,0,0,0,0,0,0,0,2026/09/10
阪神タイガース,石井 大智,投手,左,,0,0,0,0,0,0,0,0,0,0,0,0,0,2026/09/10
阪神タイガース,石井 大智,投手,右,,0,0,0,0,0,0,0,0,0,0,0,0,0,2026/09/10
阪神タイガース,神宮 僚介,投手,左,,0,0,0,0,0,0,0,0,0,0,0,0,0,2026/09/10
阪神タイガース,神宮 僚介,投手,右,,0,0,0,0,0,0,0,0,0,0,0,0,0,2026/09/10
阪神タイガース,セベリーノ,投手,左,,0,0,0,0,0,0,0,0,0,0,0,0,0,2026/09/10
阪神タイガース,セベリーノ,投手,右,,0,0,0,0,0,0,0,0,0,0,0,0,0,2026/09/10
阪神タイガース,ドリス,投手,左,,0,0,0,0,0,0,0,0,0,0,0,0,0,2026/09/10
阪神タイガース,ドリス,投手,右,,0,0,0,0,0,0,0,0,0,0,0,0,0,2026/09/10
阪神タイガース,モレッタ,投手,左,,0,0,0,0,0,0,0,0,0,0,0,0,0,2026/09/10
阪神タイガース,モレッタ,投手,右,,0,0,0,0,0,0,0,0,0,0,0,0,0,2026/09/10
阪神タイガース,梅野 隆太郎,捕手,左,0.158,25,19,3,1,1,0,1,1,0,6,0,0,0,2026/09/10
阪神タイガース,梅野 隆太郎,捕手,右,0.191,66,47,9,8,1,0,0,2,3,14,2,2,1,2026/09/10
阪神タイガース,坂本 誠志郎,捕手,左,0.313,123,83,26,16,4,1,5,19,1,29,8,1,2,2026/09/10
阪神タイガース,坂本 誠志郎,捕手,右,0.146,233,164,24,18,2,0,4,14,2,54,10,5,0,2026/09/10
阪神タイガース,伏見 寅威,捕手,左,0.238,53,42,10,9,1,0,0,5,3,7,3,0,1,2026/09/10
阪神タイガース,伏見 寅威,捕手,右,0.181,94,72,13,12,1,0,0,7,1,16,2,4,0,2026/09/10
阪神タイガース,榮枝 裕貴,捕手,左,,0,0,0,0,0,0,0,0,0,0,0,0,0,2026/09/10
阪神タイガース,榮枝 裕貴,捕手,右,0.000,2,1,0,0,0,0,0,0,0,1,0,0,0,2026/09/10
阪神タイガース,町田 隼乙,捕手,左,,0,0,0,0,0,0,0,0,0,0,0,0,0,2026/09/10
阪神タイガース,町田 隼乙,捕手,右,,0,0,0,0,0,0,0,0,0,0,0,0,0,2026/09/10
阪神タイガース,長坂 拳弥,捕手,左,,0,0,0,0,0,0,0,0,0,0,0,0,0,2026/09/10
阪神タイガース,長坂 拳弥,捕手,右,,0,0,0,0,0,0,0,0,0,0,0,0,0,2026/09/10
阪神タイガース,藤田 健斗,捕手,左,,0,0,0,0,0,0,0,0,0,0,0,0,0,2026/09/10
阪神タイガース,藤田 健斗,捕手,右,,0,0,0,0,0,0,0,0,0,0,0,0,0,2026/09/10
阪神タイガース,中川 勇斗,捕手,左,0.000,20,14,0,0,0,0,0,0,0,2,4,0,0,2026/09/10
阪神タイガース,中川 勇斗,捕手,右,0.100,13,10,1,0,1,0,0,2,0,1,1,1,0,2026/09/10
阪神タイガース,嶋村 麟士朗,捕手,左,0.000,6,4,0,0,0,0,0,0,0,2,0,0,0,2026/09/10
阪神タイガース,嶋村 麟士朗,捕手,右,0.229,47,35,8,7,0,0,1,5,0,12,0,0,0,2026/09/10
阪神タイガース,元山 飛優,内野手,左,0.135,53,37,5,5,0,0,0,1,1,8,5,2,1,2026/09/10
阪神タイガース,元山 飛優,内野手,右,0.307,105,75,23,22,0,1,0,3,0,19,9,2,0,2026/09/10
阪神タイガース,木浪 聖也,内野手,左,0.395,44,38,15,13,1,0,1,6,1,6,0,0,0,2026/09/10
阪神タイガース,木浪 聖也,内野手,右,0.159,126,88,14,12,2,0,0,8,0,28,9,0,1,2026/09/10
阪神タイガース,大山 悠輔,内野手,左,0.325,176,126,41,28,7,1,5,16,3,26,22,0,2,2026/09/10
阪神タイガース,大山 悠輔,内野手,右,0.256,396,308,79,56,13,0,10,54,5,48,33,0,7,2026/09/10
阪神タイガース,熊谷 敬宥,内野手,左,0.155,78,58,9,9,0,0,0,2,0,15,1,4,0,2026/09/10
阪神タイガース,熊谷 敬宥,内野手,右,0.250,135,100,25,20,5,0,0,11,0,26,5,4,0,2026/09/10
阪神タイガース,中野 拓夢,内野手,左,0.303,195,152,46,40,5,1,0,11,2,25,10,8,0,2026/09/10
阪神タイガース,中野 拓夢,内野手,右,0.261,377,291,76,68,8,0,0,10,0,46,23,14,3,2026/09/10
阪神タイガース,佐藤 輝明,内野手,左,0.360,211,150,54,30,12,1,11,35,2,48,13,0,0,2026/09/10
阪神タイガース,佐藤 輝明,内野手,右,0.317,426,290,92,45,21,2,24,57,0,87,46,0,3,2026/09/10
阪神タイガース,立石 正広,内野手,左,0.351,52,37,13,10,2,0,1,5,0,14,1,0,0,2026/09/10
阪神タイガース,立石 正広,内野手,右,0.136,89,66,9,8,0,0,1,5,0,22,1,0,0,2026/09/10
阪神タイガース,ディベイニー,内野手,左,0.111,12,9,1,1,0,0,0,0,0,2,1,0,0,2026/09/10
阪神タイガース,ディベイニー,内野手,右,0.000,5,4,0,0,0,0,0,0,0,1,0,0,0,2026/09/10
阪神タイガース,谷端 将伍,内野手,左,0.000,4,3,0,0,0,0,0,0,0,0,0,1,0,2026/09/10
阪神タイガース,谷端 将伍,内野手,右,,0,0,0,0,0,0,0,0,0,0,0,0,0,2026/09/10
阪神タイガース,糸原 健斗,内野手,左,0.000,4,2,0,0,0,0,0,0,0,2,0,0,0,2026/09/10
阪神タイガース,糸原 健斗,内野手,右,0.083,15,12,1,0,1,0,0,0,0,3,0,0,0,2026/09/10
阪神タイガース,小幡 竜平,内野手,左,0.269,38,26,7,7,0,0,0,2,0,10,0,2,0,2026/09/10
阪神タイガース,小幡 竜平,内野手,右,0.181,107,72,13,11,1,1,0,2,1,28,6,1,0,2026/09/10
阪神タイガース,佐野 大陽,内野手,左,,0,0,0,0,0,0,0,0,0,0,0,0,0,2026/09/10
阪神タイガース,佐野 大陽,内野手,右,,0,0,0,0,0,0,0,0,0,0,0,0,0,2026/09/10
阪神タイガース,山田 脩也,内野手,左,,0,0,0,0,0,0,0,0,0,0,0,0,0,2026/09/10
阪神タイガース,山田 脩也,内野手,右,,0,0,0,0,0,0,0,0,0,0,0,0,0,2026/09/10
阪神タイガース,百﨑 蒼生,内野手,左,0.000,4,2,0,0,0,0,0,0,0,2,0,0,0,2026/09/10
阪神タイガース,百﨑 蒼生,内野手,右,,0,0,0,0,0,0,0,0,0,0,0,0,0,2026/09/10
阪神タイガース,植田 海,内野手,左,0.000,4,2,0,0,0,0,0,1,0,0,2,0,0,2026/09/10
阪神タイガース,植田 海,内野手,右,0.500,3,2,1,1,0,0,0,0,0,0,1,0,0,2026/09/10
阪神タイガース,髙寺 望夢,内野手,左,0.235,113,81,19,16,3,0,0,4,1,20,9,2,1,2026/09/10
阪神タイガース,髙寺 望夢,内野手,右,0.207,287,213,44,35,6,1,2,17,3,45,26,3,0,2026/09/10
阪神タイガース,森下 翔太,外野手,左,0.308,198,156,48,28,7,1,12,25,3,22,20,0,0,2026/09/10
阪神タイガース,森下 翔太,外野手,右,0.280,406,311,87,46,21,0,20,48,14,56,35,0,4,2026/09/10
阪神タイガース,近本 光司,外野手,左,0.307,115,88,27,27,0,0,0,3,1,19,8,0,0,2026/09/10
阪神タイガース,近本 光司,外野手,右,0.308,215,172,53,39,10,0,4,11,0,22,20,0,1,2026/09/10
阪神タイガース,濱田 太貴,外野手,左,0.222,28,18,4,3,0,0,1,2,0,8,2,0,0,2026/09/10
阪神タイガース,濱田 太貴,外野手,右,0.000,12,8,0,0,0,0,0,0,0,4,0,0,0,2026/09/10
阪神タイガース,岡城 快生,外野手,左,0.095,28,21,2,0,2,0,0,1,0,7,0,0,0,2026/09/10
阪神タイガース,岡城 快生,外野手,右,0.300,14,10,3,3,0,0,0,0,1,4,0,0,0,2026/09/10
阪神タイガース,井坪 陽生,外野手,左,0.000,3,2,0,0,0,0,0,0,0,1,0,0,0,2026/09/10
阪神タイガース,井坪 陽生,外野手,右,,0,0,0,0,0,0,0,0,0,0,0,0,0,2026/09/10
阪神タイガース,島田 海吏,外野手,左,,0,0,0,0,0,0,0,0,0,0,0,0,0,2026/09/10
阪神タイガース,島田 海吏,外野手,右,0.000,5,3,0,0,0,0,0,0,0,2,0,0,0,2026/09/10
阪神タイガース,前川 右京,外野手,左,0.295,58,44,13,10,0,0,3,7,0,10,3,0,1,2026/09/10
阪神タイガース,前川 右京,外野手,右,0.192,158,120,23,13,8,0,2,12,4,25,13,0,0,2026/09/10
阪神タイガース,小野寺 暖,外野手,左,0.167,19,12,2,2,0,0,0,1,0,7,0,0,0,2026/09/10
阪神タイガース,小野寺 暖,外野手,右,0.000,5,4,0,0,0,0,0,0,0,1,0,0,0,2026/09/10
阪神タイガース,豊田 寛,外野手,左,,0,0,0,0,0,0,0,0,0,0,0,0,0,2026/09/10
阪神タイガース,豊田 寛,外野手,右,,0,0,0,0,0,0,0,0,0,0,0,0,0,2026/09/10
阪神タイガース,福島 圭音,外野手,左,0.161,42,31,5,3,2,0,0,0,3,7,3,1,0,2026/09/10
阪神タイガース,福島 圭音,外野手,右,0.250,131,104,26,20,6,0,0,4,3,20,6,1,0,2026/09/10
阪神タイガース,ガルシア,外野手,左,0.050,31,20,1,0,1,0,0,0,1,10,1,0,0,2026/09/10
阪神タイガース,ガルシア,外野手,右,0.273,18,11,3,1,0,0,2,7,1,6,1,0,0,2026/09/10
横浜DeNAベイスターズ,デュプランティエ,投手,左,,0,0,0,0,0,0,0,0,0,0,0,0,0,2026/09/10
横浜DeNAベイスターズ,デュプランティエ,投手,右,0.000,3,3,0,0,0,0,0,0,0,0,0,0,0,2026/09/10
横浜DeNAベイスターズ,東 克樹,投手,左,0.000,32,23,0,0,0,0,0,0,0,8,0,1,0,2026/09/10
横浜DeNAベイスターズ,東 克樹,投手,右,0.071,43,28,2,2,0,0,0,0,0,11,0,4,0,2026/09/10
横浜DeNAベイスターズ,竹田 祐,投手,左,0.000,9,6,0,0,0,0,0,1,0,2,1,0,0,2026/09/10
横浜DeNAベイスターズ,竹田 祐,投手,右,0.143,9,7,1,1,0,0,0,0,0,2,0,0,0,2026/09/10
横浜DeNAベイスターズ,伊勢 大夢,投手,左,,0,0,0,0,0,0,0,0,0,0,0,0,0,2026/09/10
横浜DeNAベイスターズ,伊勢 大夢,投手,右,,0,0,0,0,0,0,0,0,0,0,0,0,0,2026/09/10
横浜DeNAベイスターズ,石田 健大,投手,左,,0,0,0,0,0,0,0,0,0,0,0,0,0,2026/09/10
横浜DeNAベイスターズ,石田 健大,投手,右,,0,0,0,0,0,0,0,0,0,0,0,0,0,2026/09/10
横浜DeNAベイスターズ,島田 舜也,投手,左,0.000,3,1,0,0,0,0,0,0,0,0,1,1,0,2026/09/10
横浜DeNAベイスターズ,島田 舜也,投手,右,0.000,6,4,0,0,0,0,0,0,0,1,0,1,0,2026/09/10
横浜DeNAベイスターズ,大貫 晋一,投手,左,,0,0,0,0,0,0,0,0,0,0,0,0,0,2026/09/10
横浜DeNAベイスターズ,大貫 晋一,投手,右,,0,0,0,0,0,0,0,0,0,0,0,0,0,2026/09/10
横浜DeNAベイスターズ,小園 健太,投手,左,,0,0,0,0,0,0,0,0,0,0,0,0,0,2026/09/10
横浜DeNAベイスターズ,小園 健太,投手,右,,0,0,0,0,0,0,0,0,0,0,0,0,0,2026/09/10
横浜DeNAベイスターズ,山﨑 康晃,投手,左,,0,0,0,0,0,0,0,0,0,0,0,0,0,2026/09/10
横浜DeNAベイスターズ,山﨑 康晃,投手,右,,0,0,0,0,0,0,0,0,0,0,0,0,0,2026/09/10
横浜DeNAベイスターズ,坂本 裕哉,投手,左,,0,0,0,0,0,0,0,0,0,0,0,0,0,2026/09/10
横浜DeNAベイスターズ,坂本 裕哉,投手,右,,0,0,0,0,0,0,0,0,0,0,0,0,0,2026/09/10
横浜DeNAベイスターズ,入江 大生,投手,左,0.000,8,5,0,0,0,0,0,0,0,1,0,2,0,2026/09/10
横浜DeNAベイスターズ,入江 大生,投手,右,0.250,6,4,1,0,1,0,0,2,0,1,0,1,0,2026/09/10
横浜DeNAベイスターズ,吉野 光樹,投手,左,,0,0,0,0,0,0,0,0,0,0,0,0,0,2026/09/10
横浜DeNAベイスターズ,吉野 光樹,投手,右,,0,0,0,0,0,0,0,0,0,0,0,0,0,2026/09/10
横浜DeNAベイスターズ,藤浪 晋太郎,投手,左,0.500,4,2,1,1,0,0,0,0,0,1,0,1,0,2026/09/10
横浜DeNAベイスターズ,藤浪 晋太郎,投手,右,,0,0,0,0,0,0,0,0,0,0,0,0,0,2026/09/10
横浜DeNAベイスターズ,篠木 健太郎,投手,左,0.143,23,14,2,2,0,0,0,0,0,8,0,1,0,2026/09/10
横浜DeNAベイスターズ,篠木 健太郎,投手,右,0.200,17,10,2,2,0,0,0,0,0,5,1,1,0,2026/09/10
横浜DeNAベイスターズ,武田 陸玖,投手,左,,0,0,0,0,0,0,0,0,0,0,0,0,0,2026/09/10
横浜DeNAベイスターズ,武田 陸玖,投手,右,,0,0,0,0,0,0,0,0,0,0,0,0,0,2026/09/10
横浜DeNAベイスターズ,橋本 達弥,投手,左,,0,0,0,0,0,0,0,0,0,0,0,0,0,2026/09/10
横浜DeNAベイスターズ,橋本 達弥,投手,右,,0,0,0,0,0,0,0,0,0,0,0,0,0,2026/09/10
横浜DeNAベイスターズ,尾形 崇斗,投手,左,0.000,11,8,0,0,0,0,0,0,0,3,0,0,0,2026/09/10
横浜DeNAベイスターズ,尾形 崇斗,投手,右,0.200,16,10,2,2,0,0,0,0,0,5,0,1,0,2026/09/10
横浜DeNAベイスターズ,松本 凌人,投手,左,,0,0,0,0,0,0,0,0,0,0,0,0,0,2026/09/10
横浜DeNAベイスターズ,松本 凌人,投手,右,,0,0,0,0,0,0,0,0,0,0,0,0,0,2026/09/10
横浜DeNAベイスターズ,若松 尚輝,投手,左,0.000,3,2,0,0,0,0,0,0,0,0,0,1,0,2026/09/10
横浜DeNAベイスターズ,若松 尚輝,投手,右,0.000,2,1,0,0,0,0,0,0,0,1,0,0,0,2026/09/10
横浜DeNAベイスターズ,佐々木 千隼,投手,左,,0,0,0,0,0,0,0,0,0,0,0,0,0,2026/09/10
横浜DeNAベイスターズ,佐々木 千隼,投手,右,,0,0,0,0,0,0,0,0,0,0,0,0,0,2026/09/10
横浜DeNAベイスターズ,コックス,投手,左,0.000,4,2,0,0,0,0,0,0,0,2,0,0,0,2026/09/10
横浜DeNAベイスターズ,コックス,投手,右,0.000,3,2,0,0,0,0,0,0,0,1,0,0,0,2026/09/10
横浜DeNAベイスターズ,ビド,投手,左,,0,0,0,0,0,0,0,0,0,0,0,0,0,2026/09/10
横浜DeNAベイスターズ,ビド,投手,右,0.000,4,2,0,0,0,0,0,0,0,2,0,0,0,2026/09/10
横浜DeNAベイスターズ,深沢 鳳介,投手,左,0.125,11,8,1,1,0,0,0,0,0,2,0,1,0,2026/09/10
横浜DeNAベイスターズ,深沢 鳳介,投手,右,0.000,17,9,0,0,0,0,0,0,0,6,0,2,0,2026/09/10
横浜DeNAベイスターズ,森原 康平,投手,左,,0,0,0,0,0,0,0,0,0,0,0,0,0,2026/09/10
横浜DeNAベイスターズ,森原 康平,投手,右,,0,0,0,0,0,0,0,0,0,0,0,0,0,2026/09/10
横浜DeNAベイスターズ,坂口 翔颯,投手,左,,0,0,0,0,0,0,0,0,0,0,0,0,0,2026/09/10
横浜DeNAベイスターズ,坂口 翔颯,投手,右,,0,0,0,0,0,0,0,0,0,0,0,0,0,2026/09/10
横浜DeNAベイスターズ,片山 皓心,投手,左,,0,0,0,0,0,0,0,0,0,0,0,0,0,2026/09/10
横浜DeNAベイスターズ,片山 皓心,投手,右,0.000,14,7,0,0,0,0,0,0,0,5,0,2,0,2026/09/10
横浜DeNAベイスターズ,ルイーズ,投手,左,,0,0,0,0,0,0,0,0,0,0,0,0,0,2026/09/10
横浜DeNAベイスターズ,ルイーズ,投手,右,,0,0,0,0,0,0,0,0,0,0,0,0,0,2026/09/10
横浜DeNAベイスターズ,浜地 真澄,投手,左,,0,0,0,0,0,0,0,0,0,0,0,0,0,2026/09/10
横浜DeNAベイスターズ,浜地 真澄,投手,右,,0,0,0,0,0,0,0,0,0,0,0,0,0,2026/09/10
横浜DeNAベイスターズ,中川 颯,投手,左,0.000,2,1,0,0,0,0,0,0,0,1,0,0,0,2026/09/10
横浜DeNAベイスターズ,中川 颯,投手,右,1.000,1,1,1,1,0,0,0,0,0,0,0,0,0,2026/09/10
横浜DeNAベイスターズ,石田 裕太郎,投手,左,0.000,25,17,0,0,0,0,0,1,0,5,0,3,0,2026/09/10
横浜DeNAベイスターズ,石田 裕太郎,投手,右,0.214,22,14,3,3,0,0,0,1,0,6,0,2,0,2026/09/10
横浜DeNAベイスターズ,平良 拳太郎,投手,左,0.000,13,7,0,0,0,0,0,0,0,4,0,2,0,2026/09/10
横浜DeNAベイスターズ,平良 拳太郎,投手,右,0.000,31,18,0,0,0,0,0,0,0,7,2,4,0,2026/09/10
横浜DeNAベイスターズ,レイノルズ,投手,左,,0,0,0,0,0,0,0,0,0,0,0,0,0,2026/09/10
横浜DeNAベイスターズ,レイノルズ,投手,右,,0,0,0,0,0,0,0,0,0,0,0,0,0,2026/09/10
横浜DeNAベイスターズ,中川 虎大,投手,左,,0,0,0,0,0,0,0,0,0,0,0,0,0,2026/09/10
横浜DeNAベイスターズ,中川 虎大,投手,右,,0,0,0,0,0,0,0,0,0,0,0,0,0,2026/09/10
横浜DeNAベイスターズ,宮城 滝太,投手,左,,0,0,0,0,0,0,0,0,0,0,0,0,0,2026/09/10
横浜DeNAベイスターズ,宮城 滝太,投手,右,,0,0,0,0,0,0,0,0,0,0,0,0,0,2026/09/10
横浜DeNAベイスターズ,岩田 将貴,投手,左,,0,0,0,0,0,0,0,0,0,0,0,0,0,2026/09/10
横浜DeNAベイスターズ,岩田 将貴,投手,右,,0,0,0,0,0,0,0,0,0,0,0,0,0,2026/09/10
横浜DeNAベイスターズ,堀岡 隼人,投手,左,,0,0,0,0,0,0,0,0,0,0,0,0,0,2026/09/10
横浜DeNAベイスターズ,堀岡 隼人,投手,右,,0,0,0,0,0,0,0,0,0,0,0,0,0,2026/09/10
横浜DeNAベイスターズ,庄司 陽斗,投手,左,0.000,2,1,0,0,0,0,0,0,0,1,0,0,0,2026/09/10
横浜DeNAベイスターズ,庄司 陽斗,投手,右,,0,0,0,0,0,0,0,0,0,0,0,0,0,2026/09/10
横浜DeNAベイスターズ,馬場 皐輔,投手,左,,0,0,0,0,0,0,0,0,0,0,0,0,0,2026/09/10
横浜DeNAベイスターズ,馬場 皐輔,投手,右,,0,0,0,0,0,0,0,0,0,0,0,0,0,2026/09/10
横浜DeNAベイスターズ,マルセリーノ,投手,左,,0,0,0,0,0,0,0,0,0,0,0,0,0,2026/09/10
横浜DeNAベイスターズ,マルセリーノ,投手,右,,0,0,0,0,0,0,0,0,0,0,0,0,0,2026/09/10
横浜DeNAベイスターズ,松尾 汐恩,捕手,左,0.324,121,105,34,23,8,0,3,9,0,6,10,0,0,2026/09/10
横浜DeNAベイスターズ,松尾 汐恩,捕手,右,0.197,177,142,28,22,4,1,1,8,2,24,8,2,1,2026/09/10
横浜DeNAベイスターズ,戸柱 恭孝,捕手,左,0.100,24,20,2,2,0,0,0,1,0,4,0,0,0,2026/09/10
横浜DeNAベイスターズ,戸柱 恭孝,捕手,右,0.220,78,59,13,8,5,0,0,5,0,13,5,0,1,2026/09/10
横浜DeNAベイスターズ,益子 京右,捕手,左,,0,0,0,0,0,0,0,0,0,0,0,0,0,2026/09/10
横浜DeNAベイスターズ,益子 京右,捕手,右,,0,0,0,0,0,0,0,0,0,0,0,0,0,2026/09/10
横浜DeNAベイスターズ,山本 祐大,捕手,左,0.271,118,96,26,18,5,1,2,13,3,13,8,0,1,2026/09/10
横浜DeNAベイスターズ,山本 祐大,捕手,右,0.241,177,133,32,23,7,1,1,20,3,26,15,2,1,2026/09/10
横浜DeNAベイスターズ,東妻 純平,捕手,左,,0,0,0,0,0,0,0,0,0,0,0,0,0,2026/09/10
横浜DeNAベイスターズ,東妻 純平,捕手,右,,0,0,0,0,0,0,0,0,0,0,0,0,0,2026/09/10
横浜DeNAベイスターズ,古市 尊,捕手,左,0.188,20,16,3,2,1,0,0,0,0,4,0,0,0,2026/09/10
横浜DeNAベイスターズ,古市 尊,捕手,右,0.333,20,15,5,3,2,0,0,0,0,3,2,0,0,2026/09/10
横浜DeNAベイスターズ,九鬼 隆平,捕手,左,0.000,9,6,0,0,0,0,0,0,0,3,0,0,0,2026/09/10
横浜DeNAベイスターズ,九鬼 隆平,捕手,右,1.000,3,2,2,1,1,0,0,0,0,1,0,0,0,2026/09/10
横浜DeNAベイスターズ,林 琢真,内野手,左,0.170,71,47,8,6,1,0,1,5,0,16,5,3,0,2026/09/10
横浜DeNAベイスターズ,林 琢真,内野手,右,0.253,107,83,21,11,10,0,0,11,0,15,6,2,1,2026/09/10
横浜DeNAベイスターズ,牧 秀悟,内野手,左,0.288,166,125,36,16,11,0,9,20,4,26,15,0,0,2026/09/10
横浜DeNAベイスターズ,牧 秀悟,内野手,右,0.313,248,192,60,33,14,0,13,38,8,38,17,0,1,2026/09/10
横浜DeNAベイスターズ,小田 康一郎,内野手,左,0.000,4,3,0,0,0,0,0,0,0,1,0,0,0,2026/09/10
横浜DeNAベイスターズ,小田 康一郎,内野手,右,0.000,13,8,0,0,0,0,0,0,0,4,1,0,0,2026/09/10
横浜DeNAベイスターズ,森 敬斗,内野手,左,0.000,3,2,0,0,0,0,0,0,0,1,0,0,0,2026/09/10
横浜DeNAベイスターズ,森 敬斗,内野手,右,0.375,10,8,3,2,1,0,0,2,0,2,0,0,0,2026/09/10
横浜DeNAベイスターズ,京田 陽太,内野手,左,0.280,35,25,7,6,1,0,0,2,1,7,1,2,0,2026/09/10
横浜DeNAベイスターズ,京田 陽太,内野手,右,0.207,114,92,19,15,3,0,1,9,2,19,3,0,0,2026/09/10
横浜DeNAベイスターズ,筒香 嘉智,内野手,左,0.261,139,92,24,14,5,0,5,15,0,32,15,0,0,2026/09/10
横浜DeNAベイスターズ,筒香 嘉智,内野手,右,0.246,267,183,45,26,8,0,11,26,1,54,28,0,2,2026/09/10
横浜DeNAベイスターズ,三森 大貴,内野手,左,0.255,62,47,12,12,0,0,0,4,0,13,2,0,0,2026/09/10
横浜DeNAベイスターズ,三森 大貴,内野手,右,0.275,92,69,19,15,4,0,0,5,0,17,5,0,1,2026/09/10
横浜DeNAベイスターズ,柴田 竜拓,内野手,左,0.000,13,9,0,0,0,0,0,0,0,1,0,3,0,2026/09/10
横浜DeNAベイスターズ,柴田 竜拓,内野手,右,0.200,6,5,1,1,0,0,0,1,0,0,0,0,1,2026/09/10
横浜DeNAベイスターズ,宮下 朝陽,内野手,左,0.280,124,100,28,17,4,0,7,18,0,18,6,0,0,2026/09/10
横浜DeNAベイスターズ,宮下 朝陽,内野手,右,0.247,124,85,21,18,3,0,0,5,0,32,6,1,0,2026/09/10
横浜DeNAベイスターズ,加藤 響,内野手,左,0.000,2,1,0,0,0,0,0,0,0,1,0,0,0,2026/09/10
横浜DeNAベイスターズ,加藤 響,内野手,右,,0,0,0,0,0,0,0,0,0,0,0,0,0,2026/09/10
横浜DeNAベイスターズ,井上 朋也,内野手,左,0.000,10,7,0,0,0,0,0,0,0,2,1,0,0,2026/09/10
横浜DeNAベイスターズ,井上 朋也,内野手,右,0.000,10,5,0,0,0,0,0,0,0,5,0,0,0,2026/09/10
横浜DeNAベイスターズ,石上 泰輝,内野手,左,0.143,36,28,4,3,1,0,0,0,0,4,1,3,0,2026/09/10
横浜DeNAベイスターズ,石上 泰輝,内野手,右,0.197,83,61,12,7,5,0,0,4,0,16,4,1,1,2026/09/10
横浜DeNAベイスターズ,成瀬 脩人,内野手,左,0.250,40,32,8,7,1,0,0,4,0,8,0,0,0,2026/09/10
横浜DeNAベイスターズ,成瀬 脩人,内野手,右,0.267,23,15,4,4,0,0,0,1,0,8,0,0,0,2026/09/10
横浜DeNAベイスターズ,宮﨑 敏郎,内野手,左,0.225,155,129,29,22,4,0,3,8,2,13,12,0,1,2026/09/10
横浜DeNAベイスターズ,宮﨑 敏郎,内野手,右,0.261,215,165,43,30,8,0,5,29,3,28,20,0,2,2026/09/10
横浜DeNAベイスターズ,田内 真翔,内野手,左,,0,0,0,0,0,0,0,0,0,0,0,0,0,2026/09/10
横浜DeNAベイスターズ,田内 真翔,内野手,右,,0,0,0,0,0,0,0,0,0,0,0,0,0,2026/09/10
横浜DeNAベイスターズ,高見澤 郁魅,内野手,左,,0,0,0,0,0,0,0,0,0,0,0,0,0,2026/09/10
横浜DeNAベイスターズ,高見澤 郁魅,内野手,右,0.000,1,1,0,0,0,0,0,0,0,0,0,0,0,2026/09/10
横浜DeNAベイスターズ,ビシエド,内野手,左,0.429,15,14,6,5,0,0,1,5,0,0,1,0,0,2026/09/10
横浜DeNAベイスターズ,ビシエド,内野手,右,0.077,20,13,1,1,0,0,0,1,0,5,1,0,1,2026/09/10
横浜DeNAベイスターズ,度会 隆輝,外野手,左,0.274,186,146,40,33,5,0,2,22,1,24,14,1,1,2026/09/10
横浜DeNAベイスターズ,度会 隆輝,外野手,右,0.305,269,220,67,47,14,0,6,22,6,36,13,0,0,2026/09/10
横浜DeNAベイスターズ,佐野 恵太,外野手,左,0.231,199,160,37,30,6,0,1,8,0,25,14,0,0,2026/09/10
横浜DeNAベイスターズ,佐野 恵太,外野手,右,0.285,319,246,70,46,19,0,5,32,1,40,33,0,0,2026/09/10
横浜DeNAベイスターズ,神里 和毅,外野手,左,0.111,16,9,1,1,0,0,0,1,0,6,1,0,0,2026/09/10
横浜DeNAベイスターズ,神里 和毅,外野手,右,0.100,15,10,1,0,0,1,0,0,0,2,2,1,0,2026/09/10
横浜DeNAベイスターズ,勝又 温史,外野手,左,0.313,135,112,35,27,6,0,2,13,2,19,4,0,0,2026/09/10
横浜DeNAベイスターズ,勝又 温史,外野手,右,0.329,221,173,57,50,5,0,2,20,3,38,7,2,1,2026/09/10
横浜DeNAベイスターズ,井上 絢登,外野手,左,,0,0,0,0,0,0,0,0,0,0,0,0,0,2026/09/10
横浜DeNAベイスターズ,井上 絢登,外野手,右,,0,0,0,0,0,0,0,0,0,0,0,0,0,2026/09/10
横浜DeNAベイスターズ,梶原 昂希,外野手,左,0.130,32,23,3,3,0,0,0,0,2,6,3,0,0,2026/09/10
横浜DeNAベイスターズ,梶原 昂希,外野手,右,0.238,58,42,10,5,3,1,1,5,0,12,3,1,0,2026/09/10
横浜DeNAベイスターズ,蝦名 達夫,外野手,左,0.243,146,111,27,21,5,0,1,8,3,24,9,2,0,2026/09/10
横浜DeNAベイスターズ,蝦名 達夫,外野手,右,0.250,213,152,38,29,4,2,3,14,8,51,10,0,0,2026/09/10
横浜DeNAベイスターズ,関根 大気,外野手,左,0.375,8,8,3,2,1,0,0,1,0,0,0,0,0,2026/09/10
横浜DeNAベイスターズ,関根 大気,外野手,右,0.111,10,9,1,1,0,0,0,1,0,1,0,0,0,2026/09/10
横浜DeNAベイスターズ,濱 将乃介,外野手,左,,0,0,0,0,0,0,0,0,0,0,0,0,0,2026/09/10
横浜DeNAベイスターズ,濱 将乃介,外野手,右,,0,0,0,0,0,0,0,0,0,0,0,0,0,2026/09/10
横浜DeNAベイスターズ,エンカーナシオン,外野手,左,0.314,93,70,22,8,7,0,7,16,0,18,4,0,1,2026/09/10
横浜DeNAベイスターズ,エンカーナシオン,外野手,右,0.303,138,109,33,26,3,0,4,21,0,24,4,0,1,2026/09/10
横浜DeNAベイスターズ,ヒュンメル,外野手,左,0.243,102,70,17,9,3,0,5,12,1,23,8,0,1,2026/09/10
横浜DeNAベイスターズ,ヒュンメル,外野手,右,0.147,101,68,10,8,2,0,0,6,2,26,7,0,0,2026/09/10
広島東洋カープ,齊藤 汰直,投手,左,,0,0,0,0,0,0,0,0,0,0,0,0,0,2026/09/10
広島東洋カープ,齊藤 汰直,投手,右,,0,0,0,0,0,0,0,0,0,0,0,0,0,2026/09/10
広島東洋カープ,森浦 大輔,投手,左,,0,0,0,0,0,0,0,0,0,0,0,0,0,2026/09/10
広島東洋カープ,森浦 大輔,投手,右,,0,0,0,0,0,0,0,0,0,0,0,0,0,2026/09/10
広島東洋カープ,大瀬良 大地,投手,左,1.000,1,1,1,1,0,0,0,0,0,0,0,0,0,2026/09/10
広島東洋カープ,大瀬良 大地,投手,右,0.000,2,1,0,0,0,0,0,0,0,1,0,0,0,2026/09/10
広島東洋カープ,森 翔平,投手,左,0.100,15,10,1,1,0,0,0,0,0,3,0,2,0,2026/09/10
広島東洋カープ,森 翔平,投手,右,0.000,27,16,0,0,0,0,0,0,0,7,2,2,0,2026/09/10
広島東洋カープ,常廣 羽也斗,投手,左,,0,0,0,0,0,0,0,0,0,0,0,0,0,2026/09/10
広島東洋カープ,常廣 羽也斗,投手,右,,0,0,0,0,0,0,0,0,0,0,0,0,0,2026/09/10
広島東洋カープ,森下 暢仁,投手,左,0.333,11,9,3,2,1,0,0,1,0,2,0,0,0,2026/09/10
広島東洋カープ,森下 暢仁,投手,右,0.158,30,19,3,3,0,0,0,1,0,7,1,3,0,2026/09/10
広島東洋カープ,床田 寛樹,投手,左,0.200,12,10,2,2,0,0,0,0,0,2,0,0,0,2026/09/10
広島東洋カープ,床田 寛樹,投手,右,0.148,40,27,4,4,0,0,0,2,0,9,1,3,0,2026/09/10
広島東洋カープ,栗林 良吏,投手,左,0.053,31,19,1,1,0,0,0,0,0,9,0,3,0,2026/09/10
広島東洋カープ,栗林 良吏,投手,右,0.000,24,14,0,0,0,0,0,0,0,7,0,3,0,2026/09/10
広島東洋カープ,中﨑 翔太,投手,左,,0,0,0,0,0,0,0,0,0,0,0,0,0,2026/09/10
広島東洋カープ,中﨑 翔太,投手,右,,0,0,0,0,0,0,0,0,0,0,0,0,0,2026/09/10
広島東洋カープ,髙 太一,投手,左,,0,0,0,0,0,0,0,0,0,0,0,0,0,2026/09/10
広島東洋カープ,髙 太一,投手,右,,0,0,0,0,0,0,0,0,0,0,0,0,0,2026/09/10
広島東洋カープ,黒原 拓未,投手,左,,0,0,0,0,0,0,0,0,0,0,0,0,0,2026/09/10
広島東洋カープ,黒原 拓未,投手,右,,0,0,0,0,0,0,0,0,0,0,0,0,0,2026/09/10
広島東洋カープ,益田 武尚,投手,左,,0,0,0,0,0,0,0,0,0,0,0,0,0,2026/09/10
広島東洋カープ,益田 武尚,投手,右,,0,0,0,0,0,0,0,0,0,0,0,0,0,2026/09/10
広島東洋カープ,佐藤 柳之介,投手,左,,0,0,0,0,0,0,0,0,0,0,0,0,0,2026/09/10
広島東洋カープ,佐藤 柳之介,投手,右,,0,0,0,0,0,0,0,0,0,0,0,0,0,2026/09/10
広島東洋カープ,ケムナ 誠,投手,左,,0,0,0,0,0,0,0,0,0,0,0,0,0,2026/09/10
広島東洋カープ,ケムナ 誠,投手,右,,0,0,0,0,0,0,0,0,0,0,0,0,0,2026/09/10
広島東洋カープ,滝田 一希,投手,左,,0,0,0,0,0,0,0,0,0,0,0,0,0,2026/09/10
広島東洋カープ,滝田 一希,投手,右,,0,0,0,0,0,0,0,0,0,0,0,0,0,2026/09/10
広島東洋カープ,高橋 昂也,投手,左,,0,0,0,0,0,0,0,0,0,0,0,0,0,2026/09/10
広島東洋カープ,高橋 昂也,投手,右,,0,0,0,0,0,0,0,0,0,0,0,0,0,2026/09/10
広島東洋カープ,工藤 泰己,投手,左,,0,0,0,0,0,0,0,0,0,0,0,0,0,2026/09/10
広島東洋カープ,工藤 泰己,投手,右,,0,0,0,0,0,0,0,0,0,0,0,0,0,2026/09/10
広島東洋カープ,塹江 敦哉,投手,左,,0,0,0,0,0,0,0,0,0,0,0,0,0,2026/09/10
広島東洋カープ,塹江 敦哉,投手,右,,0,0,0,0,0,0,0,0,0,0,0,0,0,2026/09/10
広島東洋カープ,赤木 晴哉,投手,左,,0,0,0,0,0,0,0,0,0,0,0,0,0,2026/09/10
広島東洋カープ,赤木 晴哉,投手,右,,0,0,0,0,0,0,0,0,0,0,0,0,0,2026/09/10
広島東洋カープ,長谷部 銀次,投手,左,,0,0,0,0,0,0,0,0,0,0,0,0,0,2026/09/10
広島東洋カープ,長谷部 銀次,投手,右,,0,0,0,0,0,0,0,0,0,0,0,0,0,2026/09/10
広島東洋カープ,鈴木 健矢,投手,左,0.000,6,4,0,0,0,0,0,0,0,2,0,0,0,2026/09/10
広島東洋カープ,鈴木 健矢,投手,右,0.125,12,8,1,1,0,0,0,1,0,3,1,0,0,2026/09/10
広島東洋カープ,ターノック,投手,左,0.250,7,4,1,1,0,0,0,0,0,1,0,2,0,2026/09/10
広島東洋カープ,ターノック,投手,右,0.200,8,5,1,0,1,0,0,0,0,2,0,1,0,2026/09/10
広島東洋カープ,島内 颯太郎,投手,左,,0,0,0,0,0,0,0,0,0,0,0,0,0,2026/09/10
広島東洋カープ,島内 颯太郎,投手,右,,0,0,0,0,0,0,0,0,0,0,0,0,0,2026/09/10
広島東洋カープ,松本 竜也,投手,左,,0,0,0,0,0,0,0,0,0,0,0,0,0,2026/09/10
広島東洋カープ,松本 竜也,投手,右,,0,0,0,0,0,0,0,0,0,0,0,0,0,2026/09/10
広島東洋カープ,髙木 快大,投手,左,,0,0,0,0,0,0,0,0,0,0,0,0,0,2026/09/10
広島東洋カープ,髙木 快大,投手,右,,0,0,0,0,0,0,0,0,0,0,0,0,0,2026/09/10
広島東洋カープ,斉藤 優汰,投手,左,0.333,5,3,1,1,0,0,0,0,0,1,1,0,0,2026/09/10
広島東洋カープ,斉藤 優汰,投手,右,0.000,6,4,0,0,0,0,0,0,0,2,0,0,0,2026/09/10
広島東洋カープ,アドゥワ 誠,投手,左,1.000,1,1,1,1,0,0,0,0,0,0,0,0,0,2026/09/10
広島東洋カープ,アドゥワ 誠,投手,右,0.000,2,1,0,0,0,0,0,0,0,1,0,0,0,2026/09/10
広島東洋カープ,杉田 健,投手,左,,0,0,0,0,0,0,0,0,0,0,0,0,0,2026/09/10
広島東洋カープ,杉田 健,投手,右,,0,0,0,0,0,0,0,0,0,0,0,0,0,2026/09/10
広島東洋カープ,岡本 駿,投手,左,0.000,11,6,0,0,0,0,0,0,0,4,0,1,0,2026/09/10
広島東洋カープ,岡本 駿,投手,右,0.059,28,17,1,1,0,0,0,1,0,9,1,1,0,2026/09/10
広島東洋カープ,玉村 昇悟,投手,左,0.000,11,6,0,0,0,0,0,0,0,3,1,1,0,2026/09/10
広島東洋カープ,玉村 昇悟,投手,右,0.000,9,7,0,0,0,0,0,0,0,2,0,0,0,2026/09/10
広島東洋カープ,遠藤 淳志,投手,左,,0,0,0,0,0,0,0,0,0,0,0,0,0,2026/09/10
広島東洋カープ,遠藤 淳志,投手,右,,0,0,0,0,0,0,0,0,0,0,0,0,0,2026/09/10
広島東洋カープ,菊地 ハルン,投手,左,,0,0,0,0,0,0,0,0,0,0,0,0,0,2026/09/10
広島東洋カープ,菊地 ハルン,投手,右,,0,0,0,0,0,0,0,0,0,0,0,0,0,2026/09/10
広島東洋カープ,ハーン,投手,左,,0,0,0,0,0,0,0,0,0,0,0,0,0,2026/09/10
広島東洋カープ,ハーン,投手,右,,0,0,0,0,0,0,0,0,0,0,0,0,0,2026/09/10
広島東洋カープ,日髙 暖己,投手,左,,0,0,0,0,0,0,0,0,0,0,0,0,0,2026/09/10
広島東洋カープ,日髙 暖己,投手,右,,0,0,0,0,0,0,0,0,0,0,0,0,0,2026/09/10
広島東洋カープ,辻 大雅,投手,左,,0,0,0,0,0,0,0,0,0,0,0,0,0,2026/09/10
広島東洋カープ,辻 大雅,投手,右,,0,0,0,0,0,0,0,0,0,0,0,0,0,2026/09/10
広島東洋カープ,會澤 翼,捕手,左,,0,0,0,0,0,0,0,0,0,0,0,0,0,2026/09/10
広島東洋カープ,會澤 翼,捕手,右,,0,0,0,0,0,0,0,0,0,0,0,0,0,2026/09/10
広島東洋カープ,坂倉 将吾,捕手,左,0.269,202,156,42,27,8,1,6,22,1,32,14,0,0,2026/09/10
広島東洋カープ,坂倉 将吾,捕手,右,0.234,379,274,64,45,12,0,7,38,2,61,41,0,3,2026/09/10
広島東洋カープ,石原 貴規,捕手,左,0.140,65,50,7,5,1,0,1,4,0,12,2,1,0,2026/09/10
広島東洋カープ,石原 貴規,捕手,右,0.196,73,51,10,9,1,0,0,1,0,16,5,1,0,2026/09/10
広島東洋カープ,持丸 泰輝,捕手,左,0.193,124,83,16,12,1,0,3,7,0,20,16,5,0,2026/09/10
広島東洋カープ,持丸 泰輝,捕手,右,0.166,241,169,28,20,5,0,3,11,2,46,21,4,1,2026/09/10
広島東洋カープ,清水 叶人,捕手,左,,0,0,0,0,0,0,0,0,0,0,0,0,0,2026/09/10
広島東洋カープ,清水 叶人,捕手,右,,0,0,0,0,0,0,0,0,0,0,0,0,0,2026/09/10
広島東洋カープ,髙木 翔斗,捕手,左,,0,0,0,0,0,0,0,0,0,0,0,0,0,2026/09/10
広島東洋カープ,髙木 翔斗,捕手,右,,0,0,0,0,0,0,0,0,0,0,0,0,0,2026/09/10
広島東洋カープ,羽月 隆太郎,内野手,左,,0,0,0,0,0,0,0,0,0,0,0,0,0,2026/09/10
広島東洋カープ,羽月 隆太郎,内野手,右,,0,0,0,0,0,0,0,0,0,0,0,0,0,2026/09/10
広島東洋カープ,勝田 成,内野手,左,0.153,81,59,9,9,0,0,0,3,1,15,5,1,1,2026/09/10
広島東洋カープ,勝田 成,内野手,右,0.173,168,133,23,20,2,1,0,4,3,19,12,4,0,2026/09/10
広島東洋カープ,矢野 雅哉,内野手,左,0.158,27,19,3,2,0,0,1,4,0,6,1,1,0,2026/09/10
広島東洋カープ,矢野 雅哉,内野手,右,0.143,54,35,5,5,0,0,0,1,0,11,6,1,1,2026/09/10
広島東洋カープ,小園 海斗,内野手,左,0.259,159,135,35,27,5,3,0,16,2,14,7,2,1,2026/09/10
広島東洋カープ,小園 海斗,内野手,右,0.260,285,231,60,51,7,1,1,7,2,36,18,0,0,2026/09/10
広島東洋カープ,堂林 翔太,内野手,左,,0,0,0,0,0,0,0,0,0,0,0,0,0,2026/09/10
広島東洋カープ,堂林 翔太,内野手,右,,0,0,0,0,0,0,0,0,0,0,0,0,0,2026/09/10
広島東洋カープ,佐々木 泰,内野手,左,0.338,159,130,44,35,6,0,3,9,0,16,12,1,0,2026/09/10
広島東洋カープ,佐々木 泰,内野手,右,0.216,204,167,36,29,4,1,2,10,1,26,10,0,1,2026/09/10
広島東洋カープ,菊池 涼介,内野手,左,0.256,213,160,41,30,10,0,1,7,0,30,16,4,3,2026/09/10
広島東洋カープ,菊池 涼介,内野手,右,0.210,344,252,53,37,10,0,6,24,1,51,26,14,1,2026/09/10
広島東洋カープ,林 晃汰,内野手,左,,0,0,0,0,0,0,0,0,0,0,0,0,0,2026/09/10
広島東洋カープ,林 晃汰,内野手,右,0.000,16,11,0,0,0,0,0,0,0,3,2,0,0,2026/09/10
広島東洋カープ,渡邉 悠斗,内野手,左,0.000,3,3,0,0,0,0,0,0,0,0,0,0,0,2026/09/10
広島東洋カープ,渡邉 悠斗,内野手,右,0.000,2,1,0,0,0,0,0,0,0,1,0,0,0,2026/09/10
広島東洋カープ,西川 篤夢,内野手,左,0.000,3,2,0,0,0,0,0,0,0,1,0,0,0,2026/09/10
広島東洋カープ,西川 篤夢,内野手,右,0.250,4,4,1,1,0,0,0,0,0,0,0,0,0,2026/09/10
広島東洋カープ,仲田 侑仁,内野手,左,,0,0,0,0,0,0,0,0,0,0,0,0,0,2026/09/10
広島東洋カープ,仲田 侑仁,内野手,右,,0,0,0,0,0,0,0,0,0,0,0,0,0,2026/09/10
広島東洋カープ,内田 湘大,内野手,左,,0,0,0,0,0,0,0,0,0,0,0,0,0,2026/09/10
広島東洋カープ,内田 湘大,内野手,右,,0,0,0,0,0,0,0,0,0,0,0,0,0,2026/09/10
広島東洋カープ,辰見 鴻之介,内野手,左,0.133,21,15,2,2,0,0,0,0,0,5,0,1,0,2026/09/10
広島東洋カープ,辰見 鴻之介,内野手,右,0.200,7,5,1,0,1,0,0,2,0,1,1,0,0,2026/09/10
広島東洋カープ,前川 誠太,内野手,左,0.200,14,10,2,2,0,0,0,2,0,1,2,1,0,2026/09/10
広島東洋カープ,前川 誠太,内野手,右,0.000,19,13,0,0,0,0,0,0,0,5,1,0,0,2026/09/10
広島東洋カープ,佐藤 啓介,内野手,左,0.111,23,18,2,2,0,0,0,1,0,4,1,0,0,2026/09/10
広島東洋カープ,佐藤 啓介,内野手,右,0.250,75,60,15,12,0,0,3,11,1,12,2,0,1,2026/09/10
広島東洋カープ,モンテロ,内野手,左,0.286,173,133,38,25,6,0,7,20,1,28,10,0,2,2026/09/10
広島東洋カープ,モンテロ,内野手,右,0.174,210,144,25,17,4,0,4,18,1,43,22,0,1,2026/09/10
広島東洋カープ,二俣 翔一,内野手,左,0.148,38,27,4,3,1,0,0,1,0,9,1,0,1,2026/09/10
広島東洋カープ,二俣 翔一,内野手,右,0.226,47,31,7,5,0,1,1,4,1,13,2,1,0,2026/09/10
広島東洋カープ,秋山 翔吾,外野手,左,0.264,62,53,14,11,2,0,1,8,1,5,2,0,2,2026/09/10
広島東洋カープ,秋山 翔吾,外野手,右,0.324,128,108,35,29,2,2,2,6,0,16,3,0,1,2026/09/10
広島東洋カープ,野間 峻祥,外野手,左,0.167,14,12,2,2,0,0,0,0,1,1,1,0,0,2026/09/10
広島東洋カープ,野間 峻祥,外野手,右,0.219,95,73,16,14,2,0,0,4,1,11,10,0,1,2026/09/10
広島東洋カープ,平川 蓮,外野手,左,0.259,41,27,7,4,2,0,1,2,0,12,2,0,0,2026/09/10
広島東洋カープ,平川 蓮,外野手,右,0.160,103,75,12,10,2,0,0,9,1,24,3,1,0,2026/09/10
広島東洋カープ,末包 昇大,外野手,左,,0,0,0,0,0,0,0,0,0,0,0,0,0,2026/09/10
広島東洋カープ,末包 昇大,外野手,右,,0,0,0,0,0,0,0,0,0,0,0,0,0,2026/09/10
広島東洋カープ,久保 修,外野手,左,0.000,2,1,0,0,0,0,0,0,0,1,0,0,0,2026/09/10
広島東洋カープ,久保 修,外野手,右,0.250,7,4,1,1,0,0,0,0,0,2,1,0,0,2026/09/10
広島東洋カープ,大盛 穂,外野手,左,0.270,131,100,27,21,2,3,1,8,0,26,3,1,1,2026/09/10
広島東洋カープ,大盛 穂,外野手,右,0.218,264,193,42,31,6,1,4,14,1,55,10,6,0,2026/09/10
広島東洋カープ,田村 俊介,外野手,左,0.000,2,2,0,0,0,0,0,0,0,0,0,0,0,2026/09/10
広島東洋カープ,田村 俊介,外野手,右,0.111,11,9,1,1,0,0,0,1,0,2,0,0,0,2026/09/10
広島東洋カープ,ファビアン,外野手,左,0.182,137,110,20,12,3,1,4,12,1,16,9,0,2,2026/09/10
広島東洋カープ,ファビアン,外野手,右,0.238,262,202,48,29,7,0,12,25,6,44,13,0,3,2026/09/10
広島東洋カープ,名原 典彦,外野手,左,0.221,108,86,19,14,4,0,1,2,1,14,6,2,0,2026/09/10
広島東洋カープ,名原 典彦,外野手,右,0.293,181,150,44,34,4,4,2,14,2,24,6,0,1,2026/09/10
広島東洋カープ,中村 奨成,外野手,左,0.250,46,36,9,6,2,1,0,0,0,4,3,3,0,2026/09/10
広島東洋カープ,中村 奨成,外野手,右,0.140,61,50,7,7,0,0,0,0,0,7,1,3,0,2026/09/10
広島東洋カープ,中村 貴浩,外野手,左,,0,0,0,0,0,0,0,0,0,0,0,0,0,2026/09/10
広島東洋カープ,中村 貴浩,外野手,右,,0,0,0,0,0,0,0,0,0,0,0,0,0,2026/09/10
中日ドラゴンズ,中西 聖輝,投手,左,0.333,5,3,1,0,1,0,0,0,0,2,0,0,0,2026/09/10
中日ドラゴンズ,中西 聖輝,投手,右,0.000,16,10,0,0,0,0,0,0,0,5,0,1,0,2026/09/10
中日ドラゴンズ,橋本 侑樹,投手,左,,0,0,0,0,0,0,0,0,0,0,0,0,0,2026/09/10
中日ドラゴンズ,橋本 侑樹,投手,右,,0,0,0,0,0,0,0,0,0,0,0,0,0,2026/09/10
中日ドラゴンズ,草加 勝,投手,左,,0,0,0,0,0,0,0,0,0,0,0,0,0,2026/09/10
中日ドラゴンズ,草加 勝,投手,右,,0,0,0,0,0,0,0,0,0,0,0,0,0,2026/09/10
中日ドラゴンズ,櫻井 頼之介,投手,左,0.000,17,9,0,0,0,0,0,0,0,6,1,1,0,2026/09/10
中日ドラゴンズ,櫻井 頼之介,投手,右,0.000,10,6,0,0,0,0,0,0,0,3,0,1,0,2026/09/10
中日ドラゴンズ,柳 裕也,投手,左,0.200,15,10,2,2,0,0,0,0,0,2,0,3,0,2026/09/10
中日ドラゴンズ,柳 裕也,投手,右,0.030,47,33,1,1,0,0,0,0,0,6,1,7,0,2026/09/10
中日ドラゴンズ,髙橋 宏斗,投手,左,0.000,15,9,0,0,0,0,0,1,0,4,0,2,0,2026/09/10
中日ドラゴンズ,髙橋 宏斗,投手,右,0.182,33,22,4,4,0,0,0,2,0,7,1,3,0,2026/09/10
中日ドラゴンズ,涌井 秀章,投手,左,0.000,18,11,0,0,0,0,0,0,0,5,1,1,0,2026/09/10
中日ドラゴンズ,涌井 秀章,投手,右,0.000,11,6,0,0,0,0,0,0,0,4,0,1,0,2026/09/10
中日ドラゴンズ,金丸 夢斗,投手,左,0.000,19,14,0,0,0,0,0,0,0,5,0,0,0,2026/09/10
中日ドラゴンズ,金丸 夢斗,投手,右,0.071,46,28,2,2,0,0,0,0,0,16,0,2,0,2026/09/10
中日ドラゴンズ,大野 雄大,投手,左,0.000,16,11,0,0,0,0,0,0,0,3,0,2,0,2026/09/10
中日ドラゴンズ,大野 雄大,投手,右,0.103,49,29,3,3,0,0,0,2,0,14,1,5,0,2026/09/10
中日ドラゴンズ,仲地 礼亜,投手,左,,0,0,0,0,0,0,0,0,0,0,0,0,0,2026/09/10
中日ドラゴンズ,仲地 礼亜,投手,右,,0,0,0,0,0,0,0,0,0,0,0,0,0,2026/09/10
中日ドラゴンズ,アブレウ,投手,左,,0,0,0,0,0,0,0,0,0,0,0,0,0,2026/09/10
中日ドラゴンズ,アブレウ,投手,右,,0,0,0,0,0,0,0,0,0,0,0,0,0,2026/09/10
中日ドラゴンズ,松木平 優太,投手,左,,0,0,0,0,0,0,0,0,0,0,0,0,0,2026/09/10
中日ドラゴンズ,松木平 優太,投手,右,,0,0,0,0,0,0,0,0,0,0,0,0,0,2026/09/10
中日ドラゴンズ,根尾 昂,投手,左,,0,0,0,0,0,0,0,0,0,0,0,0,0,2026/09/10
中日ドラゴンズ,根尾 昂,投手,右,,0,0,0,0,0,0,0,0,0,0,0,0,0,2026/09/10
中日ドラゴンズ,伊藤 茉央,投手,左,,0,0,0,0,0,0,0,0,0,0,0,0,0,2026/09/10
中日ドラゴンズ,伊藤 茉央,投手,右,,0,0,0,0,0,0,0,0,0,0,0,0,0,2026/09/10
中日ドラゴンズ,杉浦 稔大,投手,左,,0,0,0,0,0,0,0,0,0,0,0,0,0,2026/09/10
中日ドラゴンズ,杉浦 稔大,投手,右,,0,0,0,0,0,0,0,0,0,0,0,0,0,2026/09/10
中日ドラゴンズ,福 敬登,投手,左,,0,0,0,0,0,0,0,0,0,0,0,0,0,2026/09/10
中日ドラゴンズ,福 敬登,投手,右,,0,0,0,0,0,0,0,0,0,0,0,0,0,2026/09/10
中日ドラゴンズ,福田 幸之介,投手,左,,0,0,0,0,0,0,0,0,0,0,0,0,0,2026/09/10
中日ドラゴンズ,福田 幸之介,投手,右,,0,0,0,0,0,0,0,0,0,0,0,0,0,2026/09/10
中日ドラゴンズ,松葉 貴大,投手,左,0.000,6,4,0,0,0,0,0,0,0,2,0,0,0,2026/09/10
中日ドラゴンズ,松葉 貴大,投手,右,,0,0,0,0,0,0,0,0,0,0,0,0,0,2026/09/10
中日ドラゴンズ,勝野 昌慶,投手,左,,0,0,0,0,0,0,0,0,0,0,0,0,0,2026/09/10
中日ドラゴンズ,勝野 昌慶,投手,右,,0,0,0,0,0,0,0,0,0,0,0,0,0,2026/09/10
中日ドラゴンズ,梅野 雄吾,投手,左,,0,0,0,0,0,0,0,0,0,0,0,0,0,2026/09/10
中日ドラゴンズ,梅野 雄吾,投手,右,,0,0,0,0,0,0,0,0,0,0,0,0,0,2026/09/10
中日ドラゴンズ,吉田 聖弥,投手,左,,0,0,0,0,0,0,0,0,0,0,0,0,0,2026/09/10
中日ドラゴンズ,吉田 聖弥,投手,右,,0,0,0,0,0,0,0,0,0,0,0,0,0,2026/09/10
中日ドラゴンズ,清水 達也,投手,左,,0,0,0,0,0,0,0,0,0,0,0,0,0,2026/09/10
中日ドラゴンズ,清水 達也,投手,右,,0,0,0,0,0,0,0,0,0,0,0,0,0,2026/09/10
中日ドラゴンズ,篠﨑 国忠,投手,左,,0,0,0,0,0,0,0,0,0,0,0,0,0,2026/09/10
中日ドラゴンズ,篠﨑 国忠,投手,右,,0,0,0,0,0,0,0,0,0,0,0,0,0,2026/09/10
中日ドラゴンズ,宮内 春輝,投手,左,,0,0,0,0,0,0,0,0,0,0,0,0,0,2026/09/10
中日ドラゴンズ,宮内 春輝,投手,右,,0,0,0,0,0,0,0,0,0,0,0,0,0,2026/09/10
中日ドラゴンズ,藤嶋 健人,投手,左,,0,0,0,0,0,0,0,0,0,0,0,0,0,2026/09/10
中日ドラゴンズ,藤嶋 健人,投手,右,,0,0,0,0,0,0,0,0,0,0,0,0,0,2026/09/10
中日ドラゴンズ,齋藤 綱記,投手,左,,0,0,0,0,0,0,0,0,0,0,0,0,0,2026/09/10
中日ドラゴンズ,齋藤 綱記,投手,右,,0,0,0,0,0,0,0,0,0,0,0,0,0,2026/09/10
中日ドラゴンズ,高橋 幸佑,投手,左,,0,0,0,0,0,0,0,0,0,0,0,0,0,2026/09/10
中日ドラゴンズ,高橋 幸佑,投手,右,,0,0,0,0,0,0,0,0,0,0,0,0,0,2026/09/10
中日ドラゴンズ,森 博人,投手,左,,0,0,0,0,0,0,0,0,0,0,0,0,0,2026/09/10
中日ドラゴンズ,森 博人,投手,右,,0,0,0,0,0,0,0,0,0,0,0,0,0,2026/09/10
中日ドラゴンズ,有馬 惠叶,投手,左,,0,0,0,0,0,0,0,0,0,0,0,0,0,2026/09/10
中日ドラゴンズ,有馬 惠叶,投手,右,,0,0,0,0,0,0,0,0,0,0,0,0,0,2026/09/10
中日ドラゴンズ,牧野 憲伸,投手,左,,0,0,0,0,0,0,0,0,0,0,0,0,0,2026/09/10
中日ドラゴンズ,牧野 憲伸,投手,右,,0,0,0,0,0,0,0,0,0,0,0,0,0,2026/09/10
中日ドラゴンズ,三浦 瑞樹,投手,左,,0,0,0,0,0,0,0,0,0,0,0,0,0,2026/09/10
中日ドラゴンズ,三浦 瑞樹,投手,右,,0,0,0,0,0,0,0,0,0,0,0,0,0,2026/09/10
中日ドラゴンズ,近藤 廉,投手,左,,0,0,0,0,0,0,0,0,0,0,0,0,0,2026/09/10
中日ドラゴンズ,近藤 廉,投手,右,,0,0,0,0,0,0,0,0,0,0,0,0,0,2026/09/10
中日ドラゴンズ,松山 晋也,投手,左,,0,0,0,0,0,0,0,0,0,0,0,0,0,2026/09/10
中日ドラゴンズ,松山 晋也,投手,右,,0,0,0,0,0,0,0,0,0,0,0,0,0,2026/09/10
中日ドラゴンズ,メヒア,投手,左,,0,0,0,0,0,0,0,0,0,0,0,0,0,2026/09/10
中日ドラゴンズ,メヒア,投手,右,,0,0,0,0,0,0,0,0,0,0,0,0,0,2026/09/10
中日ドラゴンズ,マラー,投手,左,0.143,20,14,2,1,0,1,0,3,0,5,0,1,0,2026/09/10
中日ドラゴンズ,マラー,投手,右,0.182,33,22,4,3,0,0,1,3,0,11,0,0,0,2026/09/10
中日ドラゴンズ,石伊 雄太,捕手,左,0.287,147,108,31,22,5,1,3,10,1,29,7,1,2,2026/09/10
中日ドラゴンズ,石伊 雄太,捕手,右,0.246,261,199,49,34,11,0,4,18,5,50,7,5,0,2026/09/10
中日ドラゴンズ,木下 拓哉,捕手,左,0.143,27,21,3,2,1,0,0,1,0,6,0,0,0,2026/09/10
中日ドラゴンズ,木下 拓哉,捕手,右,0.412,41,34,14,12,2,0,0,2,1,6,1,0,0,2026/09/10
中日ドラゴンズ,宇佐見 真吾,捕手,左,,0,0,0,0,0,0,0,0,0,0,0,0,0,2026/09/10
中日ドラゴンズ,宇佐見 真吾,捕手,右,,0,0,0,0,0,0,0,0,0,0,0,0,0,2026/09/10
中日ドラゴンズ,味谷 大誠,捕手,左,0.000,3,2,0,0,0,0,0,0,0,1,0,0,0,2026/09/10
中日ドラゴンズ,味谷 大誠,捕手,右,1.000,1,1,1,1,0,0,0,0,0,0,0,0,0,2026/09/10
中日ドラゴンズ,加藤 匠馬,捕手,左,0.174,34,23,4,4,0,0,0,1,1,10,1,0,0,2026/09/10
中日ドラゴンズ,加藤 匠馬,捕手,右,0.125,59,40,5,3,2,0,0,1,0,12,4,3,0,2026/09/10
中日ドラゴンズ,石橋 康太,捕手,左,0.000,2,1,0,0,0,0,0,0,0,1,0,0,0,2026/09/10
中日ドラゴンズ,石橋 康太,捕手,右,0.000,3,2,0,0,0,0,0,0,0,1,0,0,0,2026/09/10
中日ドラゴンズ,辻本 倫太郎,内野手,左,0.167,14,12,2,1,0,1,0,0,0,2,0,0,0,2026/09/10
中日ドラゴンズ,辻本 倫太郎,内野手,右,0.200,7,5,1,1,0,0,0,0,0,1,0,1,0,2026/09/10
中日ドラゴンズ,田中 幹也,内野手,左,0.205,112,88,18,15,2,0,1,3,1,13,3,7,1,2026/09/10
中日ドラゴンズ,田中 幹也,内野手,右,0.248,174,141,35,26,8,1,0,9,2,13,14,5,1,2026/09/10
中日ドラゴンズ,高橋 周平,内野手,左,0.250,19,12,3,3,0,0,0,0,0,6,1,0,0,2026/09/10
中日ドラゴンズ,高橋 周平,内野手,右,0.244,124,86,21,18,3,0,0,5,1,27,10,1,0,2026/09/10
中日ドラゴンズ,カリステ,内野手,左,0.333,31,21,7,4,2,0,1,2,0,6,4,0,0,2026/09/10
中日ドラゴンズ,カリステ,内野手,右,0.132,54,38,5,5,0,0,0,1,0,14,2,0,0,2026/09/10
中日ドラゴンズ,村松 開人,内野手,左,0.268,166,127,34,27,3,2,2,14,1,24,8,6,1,2026/09/10
中日ドラゴンズ,村松 開人,内野手,右,0.243,373,268,65,49,9,4,3,24,4,49,47,5,4,2026/09/10
中日ドラゴンズ,福永 裕基,内野手,左,0.369,142,111,41,32,4,0,5,12,1,24,7,0,0,2026/09/10
中日ドラゴンズ,福永 裕基,内野手,右,0.268,255,194,52,41,7,1,3,14,5,38,22,1,0,2026/09/10
中日ドラゴンズ,サノー,内野手,左,0.212,140,99,21,10,2,0,9,19,1,26,12,0,3,2026/09/10
中日ドラゴンズ,サノー,内野手,右,0.222,239,167,37,20,5,0,12,26,1,54,16,0,2,2026/09/10
中日ドラゴンズ,石川 昂弥,内野手,左,0.269,122,93,25,17,3,0,5,12,2,19,10,0,0,2026/09/10
中日ドラゴンズ,石川 昂弥,内野手,右,0.284,248,190,54,34,15,0,5,27,2,41,16,0,1,2026/09/10
中日ドラゴンズ,森 駿太,内野手,左,,0,0,0,0,0,0,0,0,0,0,0,0,0,2026/09/10
中日ドラゴンズ,森 駿太,内野手,右,,0,0,0,0,0,0,0,0,0,0,0,0,0,2026/09/10
中日ドラゴンズ,土田 龍空,内野手,左,0.176,18,17,3,1,2,0,0,2,1,1,0,0,0,2026/09/10
中日ドラゴンズ,土田 龍空,内野手,右,0.167,69,48,8,6,0,0,2,4,1,16,5,0,0,2026/09/10
中日ドラゴンズ,阿部 寿樹,内野手,左,0.182,85,55,10,7,1,0,2,8,0,19,10,0,1,2026/09/10
中日ドラゴンズ,阿部 寿樹,内野手,右,0.288,92,66,19,13,5,0,1,15,1,16,9,1,0,2026/09/10
中日ドラゴンズ,新保 茉良,内野手,左,,0,0,0,0,0,0,0,0,0,0,0,0,0,2026/09/10
中日ドラゴンズ,新保 茉良,内野手,右,,0,0,0,0,0,0,0,0,0,0,0,0,0,2026/09/10
中日ドラゴンズ,山本 泰寛,内野手,左,0.316,26,19,6,5,1,0,0,1,0,4,2,1,0,2026/09/10
中日ドラゴンズ,山本 泰寛,内野手,右,0.107,78,56,6,5,0,0,1,3,0,14,5,3,0,2026/09/10
中日ドラゴンズ,板山 祐太郎,内野手,左,0.208,37,24,5,1,2,0,2,6,0,9,4,0,0,2026/09/10
中日ドラゴンズ,板山 祐太郎,内野手,右,0.238,204,151,36,23,7,2,4,18,1,40,12,0,1,2026/09/10
中日ドラゴンズ,知野 直人,内野手,左,0.000,3,2,0,0,0,0,0,0,0,1,0,0,0,2026/09/10
中日ドラゴンズ,知野 直人,内野手,右,0.000,2,1,0,0,0,0,0,0,0,1,0,0,0,2026/09/10
中日ドラゴンズ,ロドリゲス,内野手,左,0.000,13,8,0,0,0,0,0,0,0,4,1,0,0,2026/09/10
中日ドラゴンズ,ロドリゲス,内野手,右,0.000,1,1,0,0,0,0,0,0,0,0,0,0,0,2026/09/10
中日ドラゴンズ,樋口 正修,内野手,左,0.000,9,5,0,0,0,0,0,0,0,2,1,1,0,2026/09/10
中日ドラゴンズ,樋口 正修,内野手,右,0.333,7,6,2,2,0,0,0,1,0,1,0,0,0,2026/09/10
中日ドラゴンズ,尾田 剛樹,外野手,左,0.000,7,4,0,0,0,0,0,0,0,3,0,0,0,2026/09/10
中日ドラゴンズ,尾田 剛樹,外野手,右,0.167,10,6,1,1,0,0,0,0,0,2,1,1,0,2026/09/10
中日ドラゴンズ,岡林 勇希,外野手,左,0.267,127,101,27,21,4,0,2,6,1,14,8,3,1,2026/09/10
中日ドラゴンズ,岡林 勇希,外野手,右,0.222,203,162,36,29,7,0,0,10,1,21,16,1,3,2026/09/10
中日ドラゴンズ,大島 洋平,外野手,左,0.227,28,22,5,5,0,0,0,1,0,5,1,0,0,2026/09/10
中日ドラゴンズ,大島 洋平,外野手,右,0.184,49,38,7,5,1,1,0,1,0,8,3,0,0,2026/09/10
中日ドラゴンズ,ボスラー,外野手,左,0.209,92,67,14,8,4,0,2,4,2,23,2,0,0,2026/09/10
中日ドラゴンズ,ボスラー,外野手,右,0.179,247,179,32,22,3,1,6,16,1,53,13,0,2,2026/09/10
中日ドラゴンズ,福元 悠真,外野手,左,0.750,4,4,3,2,1,0,0,2,0,0,0,0,0,2026/09/10
中日ドラゴンズ,福元 悠真,外野手,右,0.000,1,1,0,0,0,0,0,0,1,0,0,0,0,2026/09/10
中日ドラゴンズ,ブライト 健太,外野手,左,0.000,6,4,0,0,0,0,0,0,0,2,0,0,0,2026/09/10
中日ドラゴンズ,ブライト 健太,外野手,右,0.100,16,10,1,1,0,0,0,0,0,5,1,0,0,2026/09/10
中日ドラゴンズ,川越 誠司,外野手,左,,0,0,0,0,0,0,0,0,0,0,0,0,0,2026/09/10
中日ドラゴンズ,川越 誠司,外野手,右,0.500,5,4,2,0,2,0,0,1,0,1,0,0,0,2026/09/10
中日ドラゴンズ,上林 誠知,外野手,左,0.083,14,12,1,1,0,0,0,0,0,2,0,0,0,2026/09/10
中日ドラゴンズ,上林 誠知,外野手,右,0.282,56,39,11,7,2,0,2,4,0,13,4,0,0,2026/09/10
中日ドラゴンズ,細川 成也,外野手,左,0.221,215,154,34,20,4,0,10,24,2,33,27,0,1,2026/09/10
中日ドラゴンズ,細川 成也,外野手,右,0.212,473,311,66,45,9,1,11,36,7,103,56,0,3,2026/09/10
中日ドラゴンズ,花田 旭,外野手,左,0.262,52,42,11,7,1,1,2,2,0,10,0,0,0,2026/09/10
中日ドラゴンズ,花田 旭,外野手,右,0.224,73,49,11,6,3,1,1,7,0,21,2,0,1,2026/09/10
中日ドラゴンズ,鵜飼 航丞,外野手,左,0.242,84,62,15,8,3,0,4,10,0,20,2,0,0,2026/09/10
中日ドラゴンズ,鵜飼 航丞,外野手,右,0.258,127,93,24,20,3,0,1,12,2,29,5,0,0,2026/09/10
中日ドラゴンズ,能戸 輝夢,外野手,左,,0,0,0,0,0,0,0,0,0,0,0,0,0,2026/09/10
中日ドラゴンズ,能戸 輝夢,外野手,右,,0,0,0,0,0,0,0,0,0,0,0,0,0,2026/09/10
東京ヤクルトスワローズ,キハダ,投手,左,,0,0,0,0,0,0,0,0,0,0,0,0,0,2026/09/10
東京ヤクルトスワローズ,キハダ,投手,右,,0,0,0,0,0,0,0,0,0,0,0,0,0,2026/09/10
東京ヤクルトスワローズ,石山 泰稚,投手,左,,0,0,0,0,0,0,0,0,0,0,0,0,0,2026/09/10
東京ヤクルトスワローズ,石山 泰稚,投手,右,,0,0,0,0,0,0,0,0,0,0,0,0,0,2026/09/10
東京ヤクルトスワローズ,西舘 昂汰,投手,左,,0,0,0,0,0,0,0,0,0,0,0,0,0,2026/09/10
東京ヤクルトスワローズ,西舘 昂汰,投手,右,0.000,2,1,0,0,0,0,0,0,0,0,0,1,0,2026/09/10
東京ヤクルトスワローズ,中村 優斗,投手,左,,0,0,0,0,0,0,0,0,0,0,0,0,0,2026/09/10
東京ヤクルトスワローズ,中村 優斗,投手,右,,0,0,0,0,0,0,0,0,0,0,0,0,0,2026/09/10
東京ヤクルトスワローズ,清水 昇,投手,左,,0,0,0,0,0,0,0,0,0,0,0,0,0,2026/09/10
東京ヤクルトスワローズ,清水 昇,投手,右,,0,0,0,0,0,0,0,0,0,0,0,0,0,2026/09/10
東京ヤクルトスワローズ,奥川 恭伸,投手,左,0.000,5,3,0,0,0,0,0,0,0,2,0,0,0,2026/09/10
東京ヤクルトスワローズ,奥川 恭伸,投手,右,0.053,67,38,2,2,0,0,0,2,0,27,1,1,0,2026/09/10
東京ヤクルトスワローズ,石川 雅規,投手,左,,0,0,0,0,0,0,0,0,0,0,0,0,0,2026/09/10
東京ヤクルトスワローズ,石川 雅規,投手,右,,0,0,0,0,0,0,0,0,0,0,0,0,0,2026/09/10
東京ヤクルトスワローズ,木澤 尚文,投手,左,,0,0,0,0,0,0,0,0,0,0,0,0,0,2026/09/10
東京ヤクルトスワローズ,木澤 尚文,投手,右,,0,0,0,0,0,0,0,0,0,0,0,0,0,2026/09/10
東京ヤクルトスワローズ,吉村 貢司郎,投手,左,0.000,26,16,0,0,0,0,0,0,0,10,0,0,0,2026/09/10
東京ヤクルトスワローズ,吉村 貢司郎,投手,右,0.167,28,18,3,3,0,0,0,0,0,7,1,2,0,2026/09/10
東京ヤクルトスワローズ,星 知弥,投手,左,,0,0,0,0,0,0,0,0,0,0,0,0,0,2026/09/10
東京ヤクルトスワローズ,星 知弥,投手,右,,0,0,0,0,0,0,0,0,0,0,0,0,0,2026/09/10
東京ヤクルトスワローズ,山野 太一,投手,左,0.077,20,13,1,1,0,0,0,0,0,6,1,0,0,2026/09/10
東京ヤクルトスワローズ,山野 太一,投手,右,0.161,52,31,5,5,0,0,0,3,0,16,1,3,1,2026/09/10
東京ヤクルトスワローズ,松本 健吾,投手,左,0.000,16,8,0,0,0,0,0,0,0,8,0,0,0,2026/09/10
東京ヤクルトスワローズ,松本 健吾,投手,右,0.143,33,21,3,3,0,0,0,2,0,12,0,0,0,2026/09/10
東京ヤクルトスワローズ,小川 泰弘,投手,左,0.167,9,6,1,1,0,0,0,0,0,3,0,0,0,2026/09/10
東京ヤクルトスワローズ,小川 泰弘,投手,右,0.286,10,7,2,2,0,0,0,1,0,3,0,0,0,2026/09/10
東京ヤクルトスワローズ,荘司 宏太,投手,左,,0,0,0,0,0,0,0,0,0,0,0,0,0,2026/09/10
東京ヤクルトスワローズ,荘司 宏太,投手,右,,0,0,0,0,0,0,0,0,0,0,0,0,0,2026/09/10
東京ヤクルトスワローズ,山崎 太陽,投手,左,,0,0,0,0,0,0,0,0,0,0,0,0,0,2026/09/10
東京ヤクルトスワローズ,山崎 太陽,投手,右,,0,0,0,0,0,0,0,0,0,0,0,0,0,2026/09/10
東京ヤクルトスワローズ,田口 麗斗,投手,左,,0,0,0,0,0,0,0,0,0,0,0,0,0,2026/09/10
東京ヤクルトスワローズ,田口 麗斗,投手,右,,0,0,0,0,0,0,0,0,0,0,0,0,0,2026/09/10
東京ヤクルトスワローズ,石原 勇輝,投手,左,0.000,2,1,0,0,0,0,0,0,0,1,0,0,0,2026/09/10
東京ヤクルトスワローズ,石原 勇輝,投手,右,,0,0,0,0,0,0,0,0,0,0,0,0,0,2026/09/10
東京ヤクルトスワローズ,高梨 裕稔,投手,左,0.000,10,5,0,0,0,0,0,0,0,5,0,0,0,2026/09/10
東京ヤクルトスワローズ,高梨 裕稔,投手,右,0.200,25,15,3,2,1,0,0,3,0,10,0,0,0,2026/09/10
東京ヤクルトスワローズ,拓也,投手,左,,0,0,0,0,0,0,0,0,0,0,0,0,0,2026/09/10
東京ヤクルトスワローズ,拓也,投手,右,,0,0,0,0,0,0,0,0,0,0,0,0,0,2026/09/10
東京ヤクルトスワローズ,増居 翔太,投手,左,0.167,10,6,1,0,1,0,0,0,0,3,0,1,0,2026/09/10
東京ヤクルトスワローズ,増居 翔太,投手,右,0.000,5,3,0,0,0,0,0,0,0,0,1,1,0,2026/09/10
東京ヤクルトスワローズ,大西 広樹,投手,左,,0,0,0,0,0,0,0,0,0,0,0,0,0,2026/09/10
東京ヤクルトスワローズ,大西 広樹,投手,右,,0,0,0,0,0,0,0,0,0,0,0,0,0,2026/09/10
東京ヤクルトスワローズ,小澤 怜史,投手,左,,0,0,0,0,0,0,0,0,0,0,0,0,0,2026/09/10
東京ヤクルトスワローズ,小澤 怜史,投手,右,0.000,1,1,0,0,0,0,0,0,0,0,0,0,0,2026/09/10
東京ヤクルトスワローズ,大道 温貴,投手,左,,0,0,0,0,0,0,0,0,0,0,0,0,0,2026/09/10
東京ヤクルトスワローズ,大道 温貴,投手,右,,0,0,0,0,0,0,0,0,0,0,0,0,0,2026/09/10
東京ヤクルトスワローズ,高橋 奎二,投手,左,0.222,12,9,2,1,1,0,0,1,0,2,0,1,0,2026/09/10
東京ヤクルトスワローズ,高橋 奎二,投手,右,0.000,19,14,0,0,0,0,0,0,0,5,0,0,0,2026/09/10
東京ヤクルトスワローズ,鈴木 蓮吾,投手,左,,0,0,0,0,0,0,0,0,0,0,0,0,0,2026/09/10
東京ヤクルトスワローズ,鈴木 蓮吾,投手,右,,0,0,0,0,0,0,0,0,0,0,0,0,0,2026/09/10
東京ヤクルトスワローズ,長谷川 宙輝,投手,左,,0,0,0,0,0,0,0,0,0,0,0,0,0,2026/09/10
東京ヤクルトスワローズ,長谷川 宙輝,投手,右,,0,0,0,0,0,0,0,0,0,0,0,0,0,2026/09/10
東京ヤクルトスワローズ,坂本 拓己,投手,左,,0,0,0,0,0,0,0,0,0,0,0,0,0,2026/09/10
東京ヤクルトスワローズ,坂本 拓己,投手,右,,0,0,0,0,0,0,0,0,0,0,0,0,0,2026/09/10
東京ヤクルトスワローズ,ウォルターズ,投手,左,0.000,2,1,0,0,0,0,0,0,0,1,0,0,0,2026/09/10
東京ヤクルトスワローズ,ウォルターズ,投手,右,0.000,11,7,0,0,0,0,0,0,0,3,0,1,0,2026/09/10
東京ヤクルトスワローズ,飯田 琉斗,投手,左,,0,0,0,0,0,0,0,0,0,0,0,0,0,2026/09/10
東京ヤクルトスワローズ,飯田 琉斗,投手,右,,0,0,0,0,0,0,0,0,0,0,0,0,0,2026/09/10
東京ヤクルトスワローズ,リランソ,投手,左,,0,0,0,0,0,0,0,0,0,0,0,0,0,2026/09/10
東京ヤクルトスワローズ,リランソ,投手,右,,0,0,0,0,0,0,0,0,0,0,0,0,0,2026/09/10
東京ヤクルトスワローズ,阪口 皓亮,投手,左,,0,0,0,0,0,0,0,0,0,0,0,0,0,2026/09/10
東京ヤクルトスワローズ,阪口 皓亮,投手,右,,0,0,0,0,0,0,0,0,0,0,0,0,0,2026/09/10
東京ヤクルトスワローズ,丸山 翔大,投手,左,,0,0,0,0,0,0,0,0,0,0,0,0,0,2026/09/10
東京ヤクルトスワローズ,丸山 翔大,投手,右,,0,0,0,0,0,0,0,0,0,0,0,0,0,2026/09/10
東京ヤクルトスワローズ,下川 隼佑,投手,左,,0,0,0,0,0,0,0,0,0,0,0,0,0,2026/09/10
東京ヤクルトスワローズ,下川 隼佑,投手,右,,0,0,0,0,0,0,0,0,0,0,0,0,0,2026/09/10
東京ヤクルトスワローズ,廣澤 優,投手,左,,0,0,0,0,0,0,0,0,0,0,0,0,0,2026/09/10
東京ヤクルトスワローズ,廣澤 優,投手,右,,0,0,0,0,0,0,0,0,0,0,0,0,0,2026/09/10
東京ヤクルトスワローズ,沼田 翔平,投手,左,,0,0,0,0,0,0,0,0,0,0,0,0,0,2026/09/10
東京ヤクルトスワローズ,沼田 翔平,投手,右,,0,0,0,0,0,0,0,0,0,0,0,0,0,2026/09/10
東京ヤクルトスワローズ,青柳 晃洋,投手,左,,0,0,0,0,0,0,0,0,0,0,0,0,0,2026/09/10
東京ヤクルトスワローズ,青柳 晃洋,投手,右,,0,0,0,0,0,0,0,0,0,0,0,0,0,2026/09/10
東京ヤクルトスワローズ,古賀 優大,捕手,左,0.288,82,73,21,19,2,0,0,6,0,4,1,3,1,2026/09/10
東京ヤクルトスワローズ,古賀 優大,捕手,右,0.275,232,200,55,46,6,2,1,24,7,21,7,2,2,2026/09/10
東京ヤクルトスワローズ,中村 悠平,捕手,左,0.111,21,18,2,1,1,0,0,0,1,1,2,0,0,2026/09/10
東京ヤクルトスワローズ,中村 悠平,捕手,右,0.214,50,42,9,5,4,0,0,1,0,4,2,2,0,2026/09/10
東京ヤクルトスワローズ,松本 直樹,捕手,左,0.250,10,8,2,2,0,0,0,3,0,2,0,0,0,2026/09/10
東京ヤクルトスワローズ,松本 直樹,捕手,右,0.286,20,14,4,3,1,0,0,1,0,3,3,0,0,2026/09/10
東京ヤクルトスワローズ,柿沼 友哉,捕手,左,,0,0,0,0,0,0,0,0,0,0,0,0,0,2026/09/10
東京ヤクルトスワローズ,柿沼 友哉,捕手,右,,0,0,0,0,0,0,0,0,0,0,0,0,0,2026/09/10
東京ヤクルトスワローズ,橋本 星哉,捕手,左,0.000,1,1,0,0,0,0,0,0,0,0,0,0,0,2026/09/10
東京ヤクルトスワローズ,橋本 星哉,捕手,右,0.154,18,13,2,1,1,0,0,1,0,3,1,0,1,2026/09/10
東京ヤクルトスワローズ,矢野 泰二郎,捕手,左,1.000,1,1,1,1,0,0,0,0,0,0,0,0,0,2026/09/10
東京ヤクルトスワローズ,矢野 泰二郎,捕手,右,0.000,4,3,0,0,0,0,0,0,0,0,1,0,0,2026/09/10
東京ヤクルトスワローズ,鈴木 叶,捕手,左,0.152,58,46,7,5,0,1,1,4,0,11,1,0,0,2026/09/10
東京ヤクルトスワローズ,鈴木 叶,捕手,右,0.221,87,68,15,10,3,1,1,9,0,17,2,0,0,2026/09/10
東京ヤクルトスワローズ,赤羽 由紘,内野手,左,0.204,139,93,19,12,5,0,2,10,0,31,14,1,0,2026/09/10
東京ヤクルトスワローズ,赤羽 由紘,内野手,右,0.250,217,156,39,28,7,0,4,16,0,47,10,3,1,2026/09/10
東京ヤクルトスワローズ,山田 哲人,内野手,左,0.143,17,14,2,2,0,0,0,1,0,3,0,0,0,2026/09/10
東京ヤクルトスワローズ,山田 哲人,内野手,右,0.500,12,10,5,4,0,0,1,1,0,1,1,0,0,2026/09/10
東京ヤクルトスワローズ,内山 壮真,内野手,左,0.253,115,83,21,17,3,0,1,2,0,22,10,0,0,2026/09/10
東京ヤクルトスワローズ,内山 壮真,内野手,右,0.224,270,205,46,30,12,0,4,23,2,37,27,0,1,2026/09/10
東京ヤクルトスワローズ,松下 歩叶,内野手,左,0.238,27,21,5,3,1,0,1,3,1,6,0,0,0,2026/09/10
東京ヤクルトスワローズ,松下 歩叶,内野手,右,0.237,52,38,9,7,2,0,0,1,1,13,1,0,0,2026/09/10
東京ヤクルトスワローズ,長岡 秀樹,内野手,左,0.184,181,147,27,21,2,1,3,13,4,24,9,1,0,2026/09/10
東京ヤクルトスワローズ,長岡 秀樹,内野手,右,0.328,307,238,78,57,16,0,5,22,0,37,29,1,2,2026/09/10
東京ヤクルトスワローズ,茂木 栄五郎,内野手,左,0.500,5,4,2,1,1,0,0,1,0,0,1,0,0,2026/09/10
東京ヤクルトスワローズ,茂木 栄五郎,内野手,右,0.152,49,33,5,5,0,0,0,1,1,9,6,1,0,2026/09/10
東京ヤクルトスワローズ,宮本 丈,内野手,左,0.143,21,14,2,2,0,0,0,1,1,5,1,1,0,2026/09/10
東京ヤクルトスワローズ,宮本 丈,内野手,右,0.321,70,56,18,12,5,0,1,7,1,10,3,0,1,2026/09/10
東京ヤクルトスワローズ,オスナ,内野手,左,0.254,82,63,16,10,3,0,3,11,0,12,7,0,0,2026/09/10
東京ヤクルトスワローズ,オスナ,内野手,右,0.221,197,154,34,26,5,0,3,14,0,30,11,0,2,2026/09/10
東京ヤクルトスワローズ,山野辺 翔,内野手,左,0.154,16,13,2,2,0,0,0,1,0,2,0,1,0,2026/09/10
東京ヤクルトスワローズ,山野辺 翔,内野手,右,0.308,15,13,4,3,0,1,0,2,0,1,1,0,0,2026/09/10
東京ヤクルトスワローズ,石井 巧,内野手,左,0.125,35,24,3,2,1,0,0,1,0,10,0,1,0,2026/09/10
東京ヤクルトスワローズ,石井 巧,内野手,右,0.143,44,28,4,2,1,0,1,1,0,9,7,0,0,2026/09/10
東京ヤクルトスワローズ,松川 玲央,内野手,左,,0,0,0,0,0,0,0,0,0,0,0,0,0,2026/09/10
東京ヤクルトスワローズ,松川 玲央,内野手,右,,0,0,0,0,0,0,0,0,0,0,0,0,0,2026/09/10
東京ヤクルトスワローズ,北村 恵吾,内野手,左,0.000,13,9,0,0,0,0,0,0,0,4,0,0,0,2026/09/10
東京ヤクルトスワローズ,北村 恵吾,内野手,右,0.250,5,4,1,1,0,0,0,1,0,1,0,0,0,2026/09/10
東京ヤクルトスワローズ,田中 陽翔,内野手,左,0.250,12,8,2,2,0,0,0,2,0,4,0,0,0,2026/09/10
東京ヤクルトスワローズ,田中 陽翔,内野手,右,0.212,43,33,7,6,1,0,0,1,0,9,1,0,0,2026/09/10
東京ヤクルトスワローズ,武岡 龍世,内野手,左,0.383,66,47,18,12,4,1,1,6,1,16,2,0,1,2026/09/10
東京ヤクルトスワローズ,武岡 龍世,内野手,右,0.197,286,208,41,28,10,0,3,21,0,56,21,1,0,2026/09/10
東京ヤクルトスワローズ,伊藤 琉偉,内野手,左,0.152,65,46,7,5,1,0,1,4,0,13,5,1,0,2026/09/10
東京ヤクルトスワローズ,伊藤 琉偉,内野手,右,0.143,104,70,10,8,0,1,1,3,1,26,7,1,0,2026/09/10
東京ヤクルトスワローズ,セデーニョ,内野手,左,0.200,6,5,1,1,0,0,0,0,0,0,1,0,0,2026/09/10
東京ヤクルトスワローズ,セデーニョ,内野手,右,0.190,25,21,4,2,2,0,0,2,0,4,0,0,0,2026/09/10
東京ヤクルトスワローズ,並木 秀尊,外野手,左,0.179,35,28,5,4,0,0,1,1,0,5,0,2,0,2026/09/10
東京ヤクルトスワローズ,並木 秀尊,外野手,右,0.289,44,38,11,10,1,0,0,2,0,5,1,0,0,2026/09/10
東京ヤクルトスワローズ,丸山 和郁,外野手,左,0.294,25,17,5,5,0,0,0,0,0,8,0,0,0,2026/09/10
東京ヤクルトスワローズ,丸山 和郁,外野手,右,0.369,99,84,31,22,6,1,2,11,0,9,5,0,1,2026/09/10
東京ヤクルトスワローズ,塩見 泰隆,外野手,左,0.161,45,31,5,3,1,0,1,3,0,11,3,0,0,2026/09/10
東京ヤクルトスワローズ,塩見 泰隆,外野手,右,0.200,60,40,8,5,2,0,1,2,0,17,2,0,1,2026/09/10
東京ヤクルトスワローズ,サンタナ,外野手,左,0.210,178,119,25,17,4,0,4,10,0,36,22,0,1,2026/09/10
東京ヤクルトスワローズ,サンタナ,外野手,右,0.240,342,233,56,28,16,0,12,28,3,73,36,0,0,2026/09/10
東京ヤクルトスワローズ,モイセエフ ニキータ,外野手,左,0.000,1,1,0,0,0,0,0,0,0,0,0,0,0,2026/09/10
東京ヤクルトスワローズ,モイセエフ ニキータ,外野手,右,0.000,8,5,0,0,0,0,0,0,0,1,2,0,0,2026/09/10
東京ヤクルトスワローズ,西村 瑠伊斗,外野手,左,0.176,22,17,3,2,1,0,0,1,0,3,2,0,0,2026/09/10
東京ヤクルトスワローズ,西村 瑠伊斗,外野手,右,0.372,57,43,16,11,4,0,1,9,0,10,3,0,1,2026/09/10
東京ヤクルトスワローズ,澤井 廉,外野手,左,0.286,18,14,4,3,1,0,0,0,1,4,0,0,0,2026/09/10
東京ヤクルトスワローズ,澤井 廉,外野手,右,0.097,44,31,3,1,1,0,1,2,1,12,1,0,0,2026/09/10
東京ヤクルトスワローズ,増田 珠,外野手,左,0.269,140,108,29,25,2,0,2,9,1,18,13,0,1,2026/09/10
東京ヤクルトスワローズ,増田 珠,外野手,右,0.325,263,203,66,53,8,0,5,25,2,42,15,0,3,2026/09/10
東京ヤクルトスワローズ,岩田 幸宏,外野手,左,0.267,103,86,23,21,1,1,0,5,1,13,4,0,0,2026/09/10
東京ヤクルトスワローズ,岩田 幸宏,外野手,右,0.267,342,266,71,62,8,0,1,16,3,56,15,4,1,2026/09/10
東京ヤクルトスワローズ,モンテル,外野手,左,0.289,55,45,13,8,3,0,2,7,0,7,2,0,1,2026/09/10
東京ヤクルトスワローズ,モンテル,外野手,右,0.298,62,47,14,10,3,0,1,2,0,12,3,0,0,2026/09/10
福岡ソフトバンクホークス,スチュワート・ジュニア,投手,左,0.000,2,2,0,0,0,0,0,0,0,0,0,0,0,2026/09/10
福岡ソフトバンクホークス,スチュワート・ジュニア,投手,右,0.500,3,2,1,1,0,0,0,0,0,1,0,0,0,2026/09/10
福岡ソフトバンクホークス,上沢 直之,投手,左,,0,0,0,0,0,0,0,0,0,0,0,0,0,2026/09/10
福岡ソフトバンクホークス,上沢 直之,投手,右,,0,0,0,0,0,0,0,0,0,0,0,0,0,2026/09/10
福岡ソフトバンクホークス,津森 宥紀,投手,左,,0,0,0,0,0,0,0,0,0,0,0,0,0,2026/09/10
福岡ソフトバンクホークス,津森 宥紀,投手,右,,0,0,0,0,0,0,0,0,0,0,0,0,0,2026/09/10
福岡ソフトバンクホークス,稲川 竜汰,投手,左,,0,0,0,0,0,0,0,0,0,0,0,0,0,2026/09/10
福岡ソフトバンクホークス,稲川 竜汰,投手,右,,0,0,0,0,0,0,0,0,0,0,0,0,0,2026/09/10
福岡ソフトバンクホークス,ラトリッジ,投手,左,,0,0,0,0,0,0,0,0,0,0,0,0,0,2026/09/10
福岡ソフトバンクホークス,ラトリッジ,投手,右,,0,0,0,0,0,0,0,0,0,0,0,0,0,2026/09/10
福岡ソフトバンクホークス,東浜 巨,投手,左,,0,0,0,0,0,0,0,0,0,0,0,0,0,2026/09/10
福岡ソフトバンクホークス,東浜 巨,投手,右,,0,0,0,0,0,0,0,0,0,0,0,0,0,2026/09/10
福岡ソフトバンクホークス,張 峻ウェイ,投手,左,,0,0,0,0,0,0,0,0,0,0,0,0,0,2026/09/10
福岡ソフトバンクホークス,張 峻ウェイ,投手,右,,0,0,0,0,0,0,0,0,0,0,0,0,0,2026/09/10
福岡ソフトバンクホークス,徐 若熙,投手,左,,0,0,0,0,0,0,0,0,0,0,0,0,0,2026/09/10
福岡ソフトバンクホークス,徐 若熙,投手,右,0.000,4,2,0,0,0,0,0,0,0,2,0,0,0,2026/09/10
福岡ソフトバンクホークス,大津 亮介,投手,左,0.000,6,3,0,0,0,0,0,0,0,3,0,0,0,2026/09/10
福岡ソフトバンクホークス,大津 亮介,投手,右,0.000,7,4,0,0,0,0,0,0,0,2,0,1,0,2026/09/10
福岡ソフトバンクホークス,村上 泰斗,投手,左,,0,0,0,0,0,0,0,0,0,0,0,0,0,2026/09/10
福岡ソフトバンクホークス,村上 泰斗,投手,右,,0,0,0,0,0,0,0,0,0,0,0,0,0,2026/09/10
福岡ソフトバンクホークス,藤原 大翔,投手,左,,0,0,0,0,0,0,0,0,0,0,0,0,0,2026/09/10
福岡ソフトバンクホークス,藤原 大翔,投手,右,,0,0,0,0,0,0,0,0,0,0,0,0,0,2026/09/10
福岡ソフトバンクホークス,鈴木 豪太,投手,左,,0,0,0,0,0,0,0,0,0,0,0,0,0,2026/09/10
福岡ソフトバンクホークス,鈴木 豪太,投手,右,,0,0,0,0,0,0,0,0,0,0,0,0,0,2026/09/10
福岡ソフトバンクホークス,岩井 俊介,投手,左,,0,0,0,0,0,0,0,0,0,0,0,0,0,2026/09/10
福岡ソフトバンクホークス,岩井 俊介,投手,右,,0,0,0,0,0,0,0,0,0,0,0,0,0,2026/09/10
福岡ソフトバンクホークス,安德 駿,投手,左,,0,0,0,0,0,0,0,0,0,0,0,0,0,2026/09/10
福岡ソフトバンクホークス,安德 駿,投手,右,,0,0,0,0,0,0,0,0,0,0,0,0,0,2026/09/10
福岡ソフトバンクホークス,大江 竜聖,投手,左,,0,0,0,0,0,0,0,0,0,0,0,0,0,2026/09/10
福岡ソフトバンクホークス,大江 竜聖,投手,右,,0,0,0,0,0,0,0,0,0,0,0,0,0,2026/09/10
福岡ソフトバンクホークス,中村 稔弥,投手,左,,0,0,0,0,0,0,0,0,0,0,0,0,0,2026/09/10
福岡ソフトバンクホークス,中村 稔弥,投手,右,,0,0,0,0,0,0,0,0,0,0,0,0,0,2026/09/10
福岡ソフトバンクホークス,アルメンタ,投手,左,,0,0,0,0,0,0,0,0,0,0,0,0,0,2026/09/10
福岡ソフトバンクホークス,アルメンタ,投手,右,0.000,2,1,0,0,0,0,0,0,0,1,0,0,0,2026/09/10
福岡ソフトバンクホークス,モイネロ,投手,左,,0,0,0,0,0,0,0,0,0,0,0,0,0,2026/09/10
福岡ソフトバンクホークス,モイネロ,投手,右,,0,0,0,0,0,0,0,0,0,0,0,0,0,2026/09/10
福岡ソフトバンクホークス,尾形 崇斗,投手,左,0.000,11,8,0,0,0,0,0,0,0,3,0,0,0,2026/09/10
福岡ソフトバンクホークス,尾形 崇斗,投手,右,0.200,16,10,2,2,0,0,0,0,0,5,0,1,0,2026/09/10
福岡ソフトバンクホークス,杉山 一樹,投手,左,,0,0,0,0,0,0,0,0,0,0,0,0,0,2026/09/10
福岡ソフトバンクホークス,杉山 一樹,投手,右,,0,0,0,0,0,0,0,0,0,0,0,0,0,2026/09/10
福岡ソフトバンクホークス,前田 悠伍,投手,左,0.000,4,2,0,0,0,0,0,0,0,1,0,1,0,2026/09/10
福岡ソフトバンクホークス,前田 悠伍,投手,右,,0,0,0,0,0,0,0,0,0,0,0,0,0,2026/09/10
福岡ソフトバンクホークス,伊藤 優輔,投手,左,,0,0,0,0,0,0,0,0,0,0,0,0,0,2026/09/10
福岡ソフトバンクホークス,伊藤 優輔,投手,右,,0,0,0,0,0,0,0,0,0,0,0,0,0,2026/09/10
福岡ソフトバンクホークス,北斗,投手,左,,0,0,0,0,0,0,0,0,0,0,0,0,0,2026/09/10
福岡ソフトバンクホークス,北斗,投手,右,,0,0,0,0,0,0,0,0,0,0,0,0,0,2026/09/10
福岡ソフトバンクホークス,大関 友久,投手,左,,0,0,0,0,0,0,0,0,0,0,0,0,0,2026/09/10
福岡ソフトバンクホークス,大関 友久,投手,右,0.000,2,2,0,0,0,0,0,0,0,0,0,0,0,2026/09/10
福岡ソフトバンクホークス,藤井 皓哉,投手,左,,0,0,0,0,0,0,0,0,0,0,0,0,0,2026/09/10
福岡ソフトバンクホークス,藤井 皓哉,投手,右,,0,0,0,0,0,0,0,0,0,0,0,0,0,2026/09/10
福岡ソフトバンクホークス,松本 晴,投手,左,,0,0,0,0,0,0,0,0,0,0,0,0,0,2026/09/10
福岡ソフトバンクホークス,松本 晴,投手,右,0.000,4,2,0,0,0,0,0,0,0,1,0,1,0,2026/09/10
福岡ソフトバンクホークス,相良 雅斗,投手,左,,0,0,0,0,0,0,0,0,0,0,0,0,0,2026/09/10
福岡ソフトバンクホークス,相良 雅斗,投手,右,,0,0,0,0,0,0,0,0,0,0,0,0,0,2026/09/10
福岡ソフトバンクホークス,前田 純,投手,左,,0,0,0,0,0,0,0,0,0,0,0,0,0,2026/09/10
福岡ソフトバンクホークス,前田 純,投手,右,,0,0,0,0,0,0,0,0,0,0,0,0,0,2026/09/10
福岡ソフトバンクホークス,大山 凌,投手,左,,0,0,0,0,0,0,0,0,0,0,0,0,0,2026/09/10
福岡ソフトバンクホークス,大山 凌,投手,右,,0,0,0,0,0,0,0,0,0,0,0,0,0,2026/09/10
福岡ソフトバンクホークス,オスナ,投手,左,0.254,82,63,16,10,3,0,3,11,0,12,7,0,0,2026/09/10
福岡ソフトバンクホークス,オスナ,投手,右,0.221,197,154,34,26,5,0,3,14,0,30,11,0,2,2026/09/10
福岡ソフトバンクホークス,木村 大成,投手,左,,0,0,0,0,0,0,0,0,0,0,0,0,0,2026/09/10
福岡ソフトバンクホークス,木村 大成,投手,右,,0,0,0,0,0,0,0,0,0,0,0,0,0,2026/09/10
福岡ソフトバンクホークス,大竹 風雅,投手,左,,0,0,0,0,0,0,0,0,0,0,0,0,0,2026/09/10
福岡ソフトバンクホークス,大竹 風雅,投手,右,,0,0,0,0,0,0,0,0,0,0,0,0,0,2026/09/10
福岡ソフトバンクホークス,大野 稼頭央,投手,左,,0,0,0,0,0,0,0,0,0,0,0,0,0,2026/09/10
福岡ソフトバンクホークス,大野 稼頭央,投手,右,,0,0,0,0,0,0,0,0,0,0,0,0,0,2026/09/10
福岡ソフトバンクホークス,ヘルナンデス,投手,左,,0,0,0,0,0,0,0,0,0,0,0,0,0,2026/09/10
福岡ソフトバンクホークス,ヘルナンデス,投手,右,,0,0,0,0,0,0,0,0,0,0,0,0,0,2026/09/10
福岡ソフトバンクホークス,上茶谷 大河,投手,左,,0,0,0,0,0,0,0,0,0,0,0,0,0,2026/09/10
福岡ソフトバンクホークス,上茶谷 大河,投手,右,,0,0,0,0,0,0,0,0,0,0,0,0,0,2026/09/10
福岡ソフトバンクホークス,松本 裕樹,投手,左,,0,0,0,0,0,0,0,0,0,0,0,0,0,2026/09/10
福岡ソフトバンクホークス,松本 裕樹,投手,右,,0,0,0,0,0,0,0,0,0,0,0,0,0,2026/09/10
福岡ソフトバンクホークス,木村 光,投手,左,,0,0,0,0,0,0,0,0,0,0,0,0,0,2026/09/10
福岡ソフトバンクホークス,木村 光,投手,右,,0,0,0,0,0,0,0,0,0,0,0,0,0,2026/09/10
福岡ソフトバンクホークス,岩崎 峻典,投手,左,,0,0,0,0,0,0,0,0,0,0,0,0,0,2026/09/10
福岡ソフトバンクホークス,岩崎 峻典,投手,右,,0,0,0,0,0,0,0,0,0,0,0,0,0,2026/09/10
福岡ソフトバンクホークス,ロドリゲス,投手,左,0.000,13,8,0,0,0,0,0,0,0,4,1,0,0,2026/09/10
福岡ソフトバンクホークス,ロドリゲス,投手,右,0.000,1,1,0,0,0,0,0,0,0,0,0,0,0,2026/09/10
福岡ソフトバンクホークス,小林 樹斗,投手,左,,0,0,0,0,0,0,0,0,0,0,0,0,0,2026/09/10
福岡ソフトバンクホークス,小林 樹斗,投手,右,,0,0,0,0,0,0,0,0,0,0,0,0,0,2026/09/10
福岡ソフトバンクホークス,渡邉 陸,捕手,左,0.158,27,19,3,1,1,0,1,1,0,5,3,0,0,2026/09/10
福岡ソフトバンクホークス,渡邉 陸,捕手,右,0.313,24,16,5,3,1,1,0,1,0,6,2,0,0,2026/09/10
福岡ソフトバンクホークス,嶺井 博希,捕手,左,,0,0,0,0,0,0,0,0,0,0,0,0,0,2026/09/10
福岡ソフトバンクホークス,嶺井 博希,捕手,右,,0,0,0,0,0,0,0,0,0,0,0,0,0,2026/09/10
福岡ソフトバンクホークス,山本 祐大,捕手,左,0.271,118,96,26,18,5,1,2,13,3,13,8,0,1,2026/09/10
福岡ソフトバンクホークス,山本 祐大,捕手,右,0.241,177,133,32,23,7,1,1,20,3,26,15,2,1,2026/09/10
福岡ソフトバンクホークス,谷川原 健太,捕手,左,0.381,29,21,8,7,1,0,0,2,0,7,1,0,0,2026/09/10
福岡ソフトバンクホークス,谷川原 健太,捕手,右,0.125,44,32,4,2,2,0,0,1,0,11,1,0,0,2026/09/10
福岡ソフトバンクホークス,石塚 綜一郎,捕手,左,0.200,9,5,1,0,1,0,0,0,0,2,2,0,0,2026/09/10
福岡ソフトバンクホークス,石塚 綜一郎,捕手,右,0.267,20,15,4,2,2,0,0,3,1,5,0,0,0,2026/09/10
福岡ソフトバンクホークス,海野 隆司,捕手,左,0.187,104,75,14,10,2,1,1,4,0,23,3,3,0,2026/09/10
福岡ソフトバンクホークス,海野 隆司,捕手,右,0.184,223,152,28,21,7,0,0,10,1,42,11,16,2,2026/09/10
福岡ソフトバンクホークス,藤田 悠太郎,捕手,左,,0,0,0,0,0,0,0,0,0,0,0,0,0,2026/09/10
福岡ソフトバンクホークス,藤田 悠太郎,捕手,右,,0,0,0,0,0,0,0,0,0,0,0,0,0,2026/09/10
福岡ソフトバンクホークス,川瀬 晃,内野手,左,0.233,53,43,10,7,2,1,0,5,0,3,4,3,0,2026/09/10
福岡ソフトバンクホークス,川瀬 晃,内野手,右,0.186,135,97,18,13,4,1,0,11,0,23,10,3,2,2026/09/10
福岡ソフトバンクホークス,ダウンズ,内野手,左,,0,0,0,0,0,0,0,0,0,0,0,0,0,2026/09/10
福岡ソフトバンクホークス,ダウンズ,内野手,右,0.091,16,11,1,1,0,0,0,0,0,5,0,0,0,2026/09/10
福岡ソフトバンクホークス,山川 穂高,内野手,左,0.127,78,55,7,4,2,0,1,6,0,15,8,0,0,2026/09/10
福岡ソフトバンクホークス,山川 穂高,内野手,右,0.198,134,91,18,10,0,0,8,19,3,29,13,0,1,2026/09/10
福岡ソフトバンクホークス,今宮 健太,内野手,左,0.185,85,65,12,8,3,0,1,8,0,14,4,1,1,2026/09/10
福岡ソフトバンクホークス,今宮 健太,内野手,右,0.230,100,74,17,14,3,0,0,4,1,18,6,2,0,2026/09/10
福岡ソフトバンクホークス,中村 晃,内野手,左,0.000,14,12,0,0,0,0,0,2,0,1,1,0,0,2026/09/10
福岡ソフトバンクホークス,中村 晃,内野手,右,0.174,28,23,4,3,1,0,0,1,0,4,1,0,0,2026/09/10
福岡ソフトバンクホークス,牧原 大成,内野手,左,0.292,171,137,40,33,7,0,0,11,4,25,4,5,0,2026/09/10
福岡ソフトバンクホークス,牧原 大成,内野手,右,0.285,326,253,72,56,12,0,4,28,4,51,16,3,3,2026/09/10
福岡ソフトバンクホークス,栗原 陵矢,内野手,左,0.261,251,184,48,24,8,3,13,41,6,33,29,0,5,2026/09/10
福岡ソフトバンクホークス,栗原 陵矢,内野手,右,0.260,391,289,75,37,17,0,21,59,1,66,35,1,0,2026/09/10
福岡ソフトバンクホークス,庄子 雄大,内野手,左,0.256,106,78,20,17,2,1,0,6,0,15,6,6,1,2026/09/10
福岡ソフトバンクホークス,庄子 雄大,内野手,右,0.208,217,149,31,28,2,1,0,14,1,46,18,3,1,2026/09/10
福岡ソフトバンクホークス,廣瀨 隆太,内野手,左,0.190,62,42,8,4,3,0,1,8,0,12,5,1,2,2026/09/10
福岡ソフトバンクホークス,廣瀨 隆太,内野手,右,0.239,71,46,11,8,3,0,0,3,0,17,7,1,0,2026/09/10
福岡ソフトバンクホークス,イヒネ イツア,内野手,左,0.000,1,1,0,0,0,0,0,0,0,0,0,0,0,2026/09/10
福岡ソフトバンクホークス,イヒネ イツア,内野手,右,0.000,2,1,0,0,0,0,0,0,0,1,0,0,0,2026/09/10
福岡ソフトバンクホークス,井上 朋也,内野手,左,0.000,10,7,0,0,0,0,0,0,0,2,1,0,0,2026/09/10
福岡ソフトバンクホークス,井上 朋也,内野手,右,0.000,10,5,0,0,0,0,0,0,0,5,0,0,0,2026/09/10
福岡ソフトバンクホークス,宇野 真仁朗,内野手,左,,0,0,0,0,0,0,0,0,0,0,0,0,0,2026/09/10
福岡ソフトバンクホークス,宇野 真仁朗,内野手,右,,0,0,0,0,0,0,0,0,0,0,0,0,0,2026/09/10
福岡ソフトバンクホークス,秋広 優人,内野手,左,,0,0,0,0,0,0,0,0,0,0,0,0,0,2026/09/10
福岡ソフトバンクホークス,秋広 優人,内野手,右,,0,0,0,0,0,0,0,0,0,0,0,0,0,2026/09/10
福岡ソフトバンクホークス,髙橋 隆慶,内野手,左,1.000,1,1,1,1,0,0,0,0,0,0,0,0,0,2026/09/10
福岡ソフトバンクホークス,髙橋 隆慶,内野手,右,0.250,7,4,1,0,0,0,1,1,0,3,0,0,0,2026/09/10
福岡ソフトバンクホークス,石見 颯真,内野手,左,,0,0,0,0,0,0,0,0,0,0,0,0,0,2026/09/10
福岡ソフトバンクホークス,石見 颯真,内野手,右,,0,0,0,0,0,0,0,0,0,0,0,0,0,2026/09/10
福岡ソフトバンクホークス,野村 勇,内野手,左,0.108,55,37,4,2,0,0,2,3,0,11,7,0,0,2026/09/10
福岡ソフトバンクホークス,野村 勇,内野手,右,0.309,118,81,25,17,4,1,3,7,0,34,3,0,0,2026/09/10
福岡ソフトバンクホークス,近藤 健介,外野手,左,0.301,222,166,50,39,5,0,6,22,1,31,25,0,0,2026/09/10
福岡ソフトバンクホークス,近藤 健介,外野手,右,0.276,400,286,79,36,24,0,19,71,4,46,64,0,4,2026/09/10
福岡ソフトバンクホークス,柳田 悠岐,外野手,左,0.313,199,160,50,38,8,0,4,21,2,29,10,0,0,2026/09/10
福岡ソフトバンクホークス,柳田 悠岐,外野手,右,0.295,268,210,62,43,10,0,9,35,3,42,14,0,2,2026/09/10
福岡ソフトバンクホークス,周東 佑京,外野手,左,0.278,231,176,49,43,4,2,0,8,2,36,14,4,1,2026/09/10
福岡ソフトバンクホークス,周東 佑京,外野手,右,0.274,353,274,75,56,14,3,2,23,4,40,26,8,5,2026/09/10
福岡ソフトバンクホークス,正木 智也,外野手,左,0.287,174,122,35,20,3,0,12,23,0,32,20,0,0,2026/09/10
福岡ソフトバンクホークス,正木 智也,外野手,右,0.282,290,209,59,41,6,1,11,27,5,46,32,0,3,2026/09/10
福岡ソフトバンクホークス,柳町 達,外野手,左,0.224,95,67,15,9,5,1,0,12,0,21,6,1,0,2026/09/10
福岡ソフトバンクホークス,柳町 達,外野手,右,0.239,220,159,38,26,9,2,1,25,1,38,19,0,4,2026/09/10
福岡ソフトバンクホークス,笹川 吉康,外野手,左,0.200,7,5,1,0,1,0,0,1,0,2,0,0,0,2026/09/10
福岡ソフトバンクホークス,笹川 吉康,外野手,右,0.158,23,19,3,1,2,0,0,1,0,3,1,0,0,2026/09/10
福岡ソフトバンクホークス,緒方 理貢,外野手,左,,0,0,0,0,0,0,0,0,0,0,0,0,0,2026/09/10
福岡ソフトバンクホークス,緒方 理貢,外野手,右,,0,0,0,0,0,0,0,0,0,0,0,0,0,2026/09/10
福岡ソフトバンクホークス,川村 友斗,外野手,左,0.091,16,11,1,1,0,0,0,0,0,4,1,0,0,2026/09/10
福岡ソフトバンクホークス,川村 友斗,外野手,右,0.050,27,20,1,0,1,0,0,1,0,6,0,1,0,2026/09/10
福岡ソフトバンクホークス,山本 恵大,外野手,左,0.400,16,10,4,3,0,0,1,3,0,6,0,0,0,2026/09/10
福岡ソフトバンクホークス,山本 恵大,外野手,右,0.275,51,40,11,7,2,0,2,4,3,8,3,0,0,2026/09/10
北海道日本ハムファイターズ,矢澤 宏太,投手,左,0.100,13,10,1,1,0,0,0,0,0,3,0,0,0,2026/09/10
北海道日本ハムファイターズ,矢澤 宏太,投手,右,0.213,115,89,19,11,2,3,3,5,0,21,5,0,0,2026/09/10
北海道日本ハムファイターズ,生田目 翼,投手,左,,0,0,0,0,0,0,0,0,0,0,0,0,0,2026/09/10
北海道日本ハムファイターズ,生田目 翼,投手,右,,0,0,0,0,0,0,0,0,0,0,0,0,0,2026/09/10
北海道日本ハムファイターズ,加藤 貴之,投手,左,0.500,3,2,1,1,0,0,0,1,0,0,0,1,0,2026/09/10
北海道日本ハムファイターズ,加藤 貴之,投手,右,,0,0,0,0,0,0,0,0,0,0,0,0,0,2026/09/10
北海道日本ハムファイターズ,北山 亘基,投手,左,0.000,2,1,0,0,0,0,0,0,0,1,0,0,0,2026/09/10
北海道日本ハムファイターズ,北山 亘基,投手,右,0.000,10,5,0,0,0,0,0,1,0,2,0,2,1,2026/09/10
北海道日本ハムファイターズ,達 孝太,投手,左,,0,0,0,0,0,0,0,0,0,0,0,0,0,2026/09/10
北海道日本ハムファイターズ,達 孝太,投手,右,,0,0,0,0,0,0,0,0,0,0,0,0,0,2026/09/10
北海道日本ハムファイターズ,伊藤 大海,投手,左,0.000,3,2,0,0,0,0,0,0,0,0,0,1,0,2026/09/10
北海道日本ハムファイターズ,伊藤 大海,投手,右,0.000,6,4,0,0,0,0,0,0,0,1,0,1,0,2026/09/10
北海道日本ハムファイターズ,山﨑 福也,投手,左,,0,0,0,0,0,0,0,0,0,0,0,0,0,2026/09/10
北海道日本ハムファイターズ,山﨑 福也,投手,右,0.000,3,3,0,0,0,0,0,0,0,0,0,0,0,2026/09/10
北海道日本ハムファイターズ,玉井 大翔,投手,左,,0,0,0,0,0,0,0,0,0,0,0,0,0,2026/09/10
北海道日本ハムファイターズ,玉井 大翔,投手,右,,0,0,0,0,0,0,0,0,0,0,0,0,0,2026/09/10
北海道日本ハムファイターズ,上原 健太,投手,左,,0,0,0,0,0,0,0,0,0,0,0,0,0,2026/09/10
北海道日本ハムファイターズ,上原 健太,投手,右,,0,0,0,0,0,0,0,0,0,0,0,0,0,2026/09/10
北海道日本ハムファイターズ,杉浦 稔大,投手,左,,0,0,0,0,0,0,0,0,0,0,0,0,0,2026/09/10
北海道日本ハムファイターズ,杉浦 稔大,投手,右,,0,0,0,0,0,0,0,0,0,0,0,0,0,2026/09/10
北海道日本ハムファイターズ,金村 尚真,投手,左,,0,0,0,0,0,0,0,0,0,0,0,0,0,2026/09/10
北海道日本ハムファイターズ,金村 尚真,投手,右,,0,0,0,0,0,0,0,0,0,0,0,0,0,2026/09/10
北海道日本ハムファイターズ,宮西 尚生,投手,左,,0,0,0,0,0,0,0,0,0,0,0,0,0,2026/09/10
北海道日本ハムファイターズ,宮西 尚生,投手,右,,0,0,0,0,0,0,0,0,0,0,0,0,0,2026/09/10
北海道日本ハムファイターズ,田中 正義,投手,左,,0,0,0,0,0,0,0,0,0,0,0,0,0,2026/09/10
北海道日本ハムファイターズ,田中 正義,投手,右,,0,0,0,0,0,0,0,0,0,0,0,0,0,2026/09/10
北海道日本ハムファイターズ,大川 慈英,投手,左,,0,0,0,0,0,0,0,0,0,0,0,0,0,2026/09/10
北海道日本ハムファイターズ,大川 慈英,投手,右,,0,0,0,0,0,0,0,0,0,0,0,0,0,2026/09/10
北海道日本ハムファイターズ,河野 竜生,投手,左,,0,0,0,0,0,0,0,0,0,0,0,0,0,2026/09/10
北海道日本ハムファイターズ,河野 竜生,投手,右,,0,0,0,0,0,0,0,0,0,0,0,0,0,2026/09/10
北海道日本ハムファイターズ,細野 晴希,投手,左,,0,0,0,0,0,0,0,0,0,0,0,0,0,2026/09/10
北海道日本ハムファイターズ,細野 晴希,投手,右,,0,0,0,0,0,0,0,0,0,0,0,0,0,2026/09/10
北海道日本ハムファイターズ,ラオ,投手,左,,0,0,0,0,0,0,0,0,0,0,0,0,0,2026/09/10
北海道日本ハムファイターズ,ラオ,投手,右,,0,0,0,0,0,0,0,0,0,0,0,0,0,2026/09/10
北海道日本ハムファイターズ,柴田 獅子,投手,左,0.000,2,2,0,0,0,0,0,0,0,0,0,0,0,2026/09/10
北海道日本ハムファイターズ,柴田 獅子,投手,右,,0,0,0,0,0,0,0,0,0,0,0,0,0,2026/09/10
北海道日本ハムファイターズ,藤田 琉生,投手,左,,0,0,0,0,0,0,0,0,0,0,0,0,0,2026/09/10
北海道日本ハムファイターズ,藤田 琉生,投手,右,,0,0,0,0,0,0,0,0,0,0,0,0,0,2026/09/10
北海道日本ハムファイターズ,堀 瑞輝,投手,左,,0,0,0,0,0,0,0,0,0,0,0,0,0,2026/09/10
北海道日本ハムファイターズ,堀 瑞輝,投手,右,,0,0,0,0,0,0,0,0,0,0,0,0,0,2026/09/10
北海道日本ハムファイターズ,浅利 太門,投手,左,,0,0,0,0,0,0,0,0,0,0,0,0,0,2026/09/10
北海道日本ハムファイターズ,浅利 太門,投手,右,,0,0,0,0,0,0,0,0,0,0,0,0,0,2026/09/10
北海道日本ハムファイターズ,古林 睿煬,投手,左,,0,0,0,0,0,0,0,0,0,0,0,0,0,2026/09/10
北海道日本ハムファイターズ,古林 睿煬,投手,右,,0,0,0,0,0,0,0,0,0,0,0,0,0,2026/09/10
北海道日本ハムファイターズ,島本 浩也,投手,左,,0,0,0,0,0,0,0,0,0,0,0,0,0,2026/09/10
北海道日本ハムファイターズ,島本 浩也,投手,右,,0,0,0,0,0,0,0,0,0,0,0,0,0,2026/09/10
北海道日本ハムファイターズ,福谷 浩司,投手,左,,0,0,0,0,0,0,0,0,0,0,0,0,0,2026/09/10
北海道日本ハムファイターズ,福谷 浩司,投手,右,,0,0,0,0,0,0,0,0,0,0,0,0,0,2026/09/10
北海道日本ハムファイターズ,福島 蓮,投手,左,0.000,5,3,0,0,0,0,0,0,0,2,0,0,0,2026/09/10
北海道日本ハムファイターズ,福島 蓮,投手,右,0.000,3,2,0,0,0,0,0,0,0,0,0,1,0,2026/09/10
北海道日本ハムファイターズ,畔柳 亨丞,投手,左,,0,0,0,0,0,0,0,0,0,0,0,0,0,2026/09/10
北海道日本ハムファイターズ,畔柳 亨丞,投手,右,,0,0,0,0,0,0,0,0,0,0,0,0,0,2026/09/10
北海道日本ハムファイターズ,柳川 大晟,投手,左,,0,0,0,0,0,0,0,0,0,0,0,0,0,2026/09/10
北海道日本ハムファイターズ,柳川 大晟,投手,右,,0,0,0,0,0,0,0,0,0,0,0,0,0,2026/09/10
北海道日本ハムファイターズ,齋藤 友貴哉,投手,左,,0,0,0,0,0,0,0,0,0,0,0,0,0,2026/09/10
北海道日本ハムファイターズ,齋藤 友貴哉,投手,右,,0,0,0,0,0,0,0,0,0,0,0,0,0,2026/09/10
北海道日本ハムファイターズ,池田 隆英,投手,左,,0,0,0,0,0,0,0,0,0,0,0,0,0,2026/09/10
北海道日本ハムファイターズ,池田 隆英,投手,右,,0,0,0,0,0,0,0,0,0,0,0,0,0,2026/09/10
北海道日本ハムファイターズ,菊地 大稀,投手,左,,0,0,0,0,0,0,0,0,0,0,0,0,0,2026/09/10
北海道日本ハムファイターズ,菊地 大稀,投手,右,,0,0,0,0,0,0,0,0,0,0,0,0,0,2026/09/10
北海道日本ハムファイターズ,清水 大暉,投手,左,,0,0,0,0,0,0,0,0,0,0,0,0,0,2026/09/10
北海道日本ハムファイターズ,清水 大暉,投手,右,,0,0,0,0,0,0,0,0,0,0,0,0,0,2026/09/10
北海道日本ハムファイターズ,山城 航太郎,投手,左,,0,0,0,0,0,0,0,0,0,0,0,0,0,2026/09/10
北海道日本ハムファイターズ,山城 航太郎,投手,右,,0,0,0,0,0,0,0,0,0,0,0,0,0,2026/09/10
北海道日本ハムファイターズ,山本 拓実,投手,左,,0,0,0,0,0,0,0,0,0,0,0,0,0,2026/09/10
北海道日本ハムファイターズ,山本 拓実,投手,右,,0,0,0,0,0,0,0,0,0,0,0,0,0,2026/09/10
北海道日本ハムファイターズ,有原 航平,投手,左,,0,0,0,0,0,0,0,0,0,0,0,0,0,2026/09/10
北海道日本ハムファイターズ,有原 航平,投手,右,,0,0,0,0,0,0,0,0,0,0,0,0,0,2026/09/10
北海道日本ハムファイターズ,松岡 洸希,投手,左,,0,0,0,0,0,0,0,0,0,0,0,0,0,2026/09/10
北海道日本ハムファイターズ,松岡 洸希,投手,右,,0,0,0,0,0,0,0,0,0,0,0,0,0,2026/09/10
北海道日本ハムファイターズ,清宮 虎多朗,投手,左,,0,0,0,0,0,0,0,0,0,0,0,0,0,2026/09/10
北海道日本ハムファイターズ,清宮 虎多朗,投手,右,,0,0,0,0,0,0,0,0,0,0,0,0,0,2026/09/10
北海道日本ハムファイターズ,孫 易磊,投手,左,,0,0,0,0,0,0,0,0,0,0,0,0,0,2026/09/10
北海道日本ハムファイターズ,孫 易磊,投手,右,,0,0,0,0,0,0,0,0,0,0,0,0,0,2026/09/10
北海道日本ハムファイターズ,マルティネス,捕手,左,0.111,15,9,1,0,0,0,1,1,0,5,1,0,0,2026/09/10
北海道日本ハムファイターズ,マルティネス,捕手,右,0.143,40,28,4,3,0,0,1,3,1,9,3,0,0,2026/09/10
北海道日本ハムファイターズ,郡司 裕也,捕手,左,0.243,95,74,18,13,3,0,2,5,0,12,9,0,0,2026/09/10
北海道日本ハムファイターズ,郡司 裕也,捕手,右,0.234,308,231,54,40,10,0,4,19,4,41,33,1,2,2026/09/10
北海道日本ハムファイターズ,清水 優心,捕手,左,0.167,15,12,2,1,1,0,0,2,0,1,2,0,0,2026/09/10
北海道日本ハムファイターズ,清水 優心,捕手,右,0.087,31,23,2,1,0,0,1,2,0,5,2,1,0,2026/09/10
北海道日本ハムファイターズ,進藤 勇也,捕手,左,0.182,48,33,6,3,3,0,0,0,0,10,4,1,0,2026/09/10
北海道日本ハムファイターズ,進藤 勇也,捕手,右,0.233,118,86,20,10,3,2,5,13,1,21,7,4,0,2026/09/10
北海道日本ハムファイターズ,リン,捕手,左,,0,0,0,0,0,0,0,0,0,0,0,0,0,2026/09/10
北海道日本ハムファイターズ,リン,捕手,右,,0,0,0,0,0,0,0,0,0,0,0,0,0,2026/09/10
北海道日本ハムファイターズ,藤森 海斗,捕手,左,,0,0,0,0,0,0,0,0,0,0,0,0,0,2026/09/10
北海道日本ハムファイターズ,藤森 海斗,捕手,右,,0,0,0,0,0,0,0,0,0,0,0,0,0,2026/09/10
北海道日本ハムファイターズ,吉田 賢吾,捕手,左,0.158,41,38,6,3,2,0,1,1,0,3,0,0,0,2026/09/10
北海道日本ハムファイターズ,吉田 賢吾,捕手,右,0.386,110,83,32,15,8,2,7,18,2,25,2,0,0,2026/09/10
北海道日本ハムファイターズ,田宮 裕涼,捕手,左,0.358,94,67,24,22,1,0,1,3,0,17,3,7,0,2026/09/10
北海道日本ハムファイターズ,田宮 裕涼,捕手,右,0.244,211,168,41,26,7,4,4,17,0,34,5,3,1,2026/09/10
北海道日本ハムファイターズ,梅林 優貴,捕手,左,0.000,3,2,0,0,0,0,0,0,0,1,0,0,0,2026/09/10
北海道日本ハムファイターズ,梅林 優貴,捕手,右,0.000,5,3,0,0,0,0,0,0,0,2,0,0,0,2026/09/10
北海道日本ハムファイターズ,上川畑 大悟,内野手,左,0.286,11,7,2,2,0,0,0,0,0,3,0,1,0,2026/09/10
北海道日本ハムファイターズ,上川畑 大悟,内野手,右,0.214,52,42,9,6,3,0,0,4,0,5,3,2,0,2026/09/10
北海道日本ハムファイターズ,野村 佑希,内野手,左,0.317,132,101,32,20,7,0,5,23,0,25,3,0,3,2026/09/10
北海道日本ハムファイターズ,野村 佑希,内野手,右,0.249,298,229,57,40,7,0,10,32,2,50,18,0,1,2026/09/10
北海道日本ハムファイターズ,カストロ,内野手,左,0.200,110,80,16,8,1,1,6,16,1,23,5,0,2,2026/09/10
北海道日本ハムファイターズ,カストロ,内野手,右,0.234,144,107,25,20,3,0,2,8,4,27,9,0,1,2026/09/10
北海道日本ハムファイターズ,中島 卓也,内野手,左,,0,0,0,0,0,0,0,0,0,0,0,0,0,2026/09/10
北海道日本ハムファイターズ,中島 卓也,内野手,右,,0,0,0,0,0,0,0,0,0,0,0,0,0,2026/09/10
北海道日本ハムファイターズ,清宮 幸太郎,内野手,左,0.202,132,104,21,17,3,1,0,6,3,22,6,0,0,2026/09/10
北海道日本ハムファイターズ,清宮 幸太郎,内野手,右,0.250,391,292,73,45,10,1,17,51,6,60,36,0,3,2026/09/10
北海道日本ハムファイターズ,有薗 直輝,内野手,左,0.192,40,26,5,4,1,0,0,0,0,12,2,0,0,2026/09/10
北海道日本ハムファイターズ,有薗 直輝,内野手,右,0.279,104,68,19,12,6,0,1,10,3,26,9,0,1,2026/09/10
北海道日本ハムファイターズ,水野 達稀,内野手,左,0.294,170,126,37,24,7,3,3,15,3,30,6,7,1,2026/09/10
北海道日本ハムファイターズ,水野 達稀,内野手,右,0.276,380,304,84,56,17,3,8,35,8,48,17,8,3,2026/09/10
北海道日本ハムファイターズ,阪口 樂,内野手,左,,0,0,0,0,0,0,0,0,0,0,0,0,0,2026/09/10
北海道日本ハムファイターズ,阪口 樂,内野手,右,,0,0,0,0,0,0,0,0,0,0,0,0,0,2026/09/10
北海道日本ハムファイターズ,大塚 瑠晏,内野手,左,0.000,22,15,0,0,0,0,0,0,1,6,0,1,0,2026/09/10
北海道日本ハムファイターズ,大塚 瑠晏,内野手,右,0.240,148,96,23,13,4,1,5,14,0,39,13,0,0,2026/09/10
北海道日本ハムファイターズ,半田 南十,内野手,左,,0,0,0,0,0,0,0,0,0,0,0,0,0,2026/09/10
北海道日本ハムファイターズ,半田 南十,内野手,右,,0,0,0,0,0,0,0,0,0,0,0,0,0,2026/09/10
北海道日本ハムファイターズ,山縣 秀,内野手,左,0.200,30,25,5,4,1,0,0,0,0,3,1,1,0,2026/09/10
北海道日本ハムファイターズ,山縣 秀,内野手,右,0.167,61,48,8,6,2,0,0,5,0,7,2,4,0,2026/09/10
北海道日本ハムファイターズ,細川 凌平,内野手,左,0.238,28,21,5,3,1,0,1,4,0,3,2,2,0,2026/09/10
北海道日本ハムファイターズ,細川 凌平,内野手,右,0.204,126,93,19,17,1,0,1,7,0,13,16,4,0,2026/09/10
北海道日本ハムファイターズ,奈良間 大己,内野手,左,0.278,100,72,20,12,7,0,1,8,1,23,5,0,0,2026/09/10
北海道日本ハムファイターズ,奈良間 大己,内野手,右,0.264,168,121,32,27,1,1,3,14,2,33,10,2,2,2026/09/10
北海道日本ハムファイターズ,明瀬 諒介,内野手,左,,0,0,0,0,0,0,0,0,0,0,0,0,0,2026/09/10
北海道日本ハムファイターズ,明瀬 諒介,内野手,右,,0,0,0,0,0,0,0,0,0,0,0,0,0,2026/09/10
北海道日本ハムファイターズ,常谷 拓輝,内野手,左,0.000,7,4,0,0,0,0,0,0,0,2,1,0,0,2026/09/10
北海道日本ハムファイターズ,常谷 拓輝,内野手,右,0.125,11,8,1,1,0,0,0,0,0,2,1,0,0,2026/09/10
北海道日本ハムファイターズ,西川 遥輝,外野手,左,0.143,11,7,1,1,0,0,0,0,0,2,2,0,0,2026/09/10
北海道日本ハムファイターズ,西川 遥輝,外野手,右,0.171,60,41,7,4,1,1,1,4,2,11,8,0,0,2026/09/10
北海道日本ハムファイターズ,淺間 大基,外野手,左,0.182,15,11,2,1,0,0,1,2,0,3,1,0,0,2026/09/10
北海道日本ハムファイターズ,淺間 大基,外野手,右,0.158,54,38,6,4,1,0,1,1,0,13,3,0,0,2026/09/10
北海道日本ハムファイターズ,宮崎 一樹,外野手,左,0.000,4,3,0,0,0,0,0,0,0,1,0,0,0,2026/09/10
北海道日本ハムファイターズ,宮崎 一樹,外野手,右,0.125,11,8,1,0,0,0,1,1,0,3,0,0,0,2026/09/10
北海道日本ハムファイターズ,エドポロ ケイン,外野手,左,0.000,11,8,0,0,0,0,0,0,0,3,0,0,0,2026/09/10
北海道日本ハムファイターズ,エドポロ ケイン,外野手,右,0.000,3,2,0,0,0,0,0,0,0,1,0,0,0,2026/09/10
北海道日本ハムファイターズ,五十幡 亮汰,外野手,左,0.069,43,29,2,2,0,0,0,1,0,11,0,3,0,2026/09/10
北海道日本ハムファイターズ,五十幡 亮汰,外野手,右,0.303,87,66,20,17,3,0,0,1,0,13,4,4,0,2026/09/10
北海道日本ハムファイターズ,水谷 瞬,外野手,左,0.241,76,54,13,7,3,1,2,7,0,19,2,0,1,2026/09/10
北海道日本ハムファイターズ,水谷 瞬,外野手,右,0.262,140,107,28,22,3,0,3,11,1,28,4,0,1,2026/09/10
北海道日本ハムファイターズ,今川 優馬,外野手,左,0.308,19,13,4,3,0,0,1,1,0,4,2,0,0,2026/09/10
北海道日本ハムファイターズ,今川 優馬,外野手,右,0.240,33,25,6,2,1,0,3,8,0,5,3,0,0,2026/09/10
北海道日本ハムファイターズ,万波 中正,外野手,左,0.258,133,97,25,15,3,1,6,13,0,23,13,0,0,2026/09/10
北海道日本ハムファイターズ,万波 中正,外野手,右,0.267,376,270,72,47,11,0,14,37,3,81,22,0,3,2026/09/10
北海道日本ハムファイターズ,レイエス,外野手,左,0.339,168,124,42,20,11,0,11,25,1,22,22,0,0,2026/09/10
北海道日本ハムファイターズ,レイエス,外野手,右,0.304,436,336,102,67,15,0,20,55,0,70,25,0,5,2026/09/10
オリックス・バファローズ,エスピノーザ,投手,左,0.000,4,2,0,0,0,0,0,0,0,2,0,0,0,2026/09/10
オリックス・バファローズ,エスピノーザ,投手,右,0.000,6,3,0,0,0,0,0,0,0,3,0,0,0,2026/09/10
オリックス・バファローズ,山下 舜平大,投手,左,,0,0,0,0,0,0,0,0,0,0,0,0,0,2026/09/10
オリックス・バファローズ,山下 舜平大,投手,右,,0,0,0,0,0,0,0,0,0,0,0,0,0,2026/09/10
オリックス・バファローズ,東 晃平,投手,左,,0,0,0,0,0,0,0,0,0,0,0,0,0,2026/09/10
オリックス・バファローズ,東 晃平,投手,右,,0,0,0,0,0,0,0,0,0,0,0,0,0,2026/09/10
オリックス・バファローズ,寺西 成騎,投手,左,,0,0,0,0,0,0,0,0,0,0,0,0,0,2026/09/10
オリックス・バファローズ,寺西 成騎,投手,右,,0,0,0,0,0,0,0,0,0,0,0,0,0,2026/09/10
オリックス・バファローズ,椋木 蓮,投手,左,,0,0,0,0,0,0,0,0,0,0,0,0,0,2026/09/10
オリックス・バファローズ,椋木 蓮,投手,右,,0,0,0,0,0,0,0,0,0,0,0,0,0,2026/09/10
オリックス・バファローズ,平野 佳寿,投手,左,,0,0,0,0,0,0,0,0,0,0,0,0,0,2026/09/10
オリックス・バファローズ,平野 佳寿,投手,右,,0,0,0,0,0,0,0,0,0,0,0,0,0,2026/09/10
オリックス・バファローズ,曽谷 龍平,投手,左,0.000,5,3,0,0,0,0,0,0,0,2,0,0,0,2026/09/10
オリックス・バファローズ,曽谷 龍平,投手,右,0.000,4,2,0,0,0,0,0,0,0,1,0,1,0,2026/09/10
オリックス・バファローズ,宮城 大弥,投手,左,,0,0,0,0,0,0,0,0,0,0,0,0,0,2026/09/10
オリックス・バファローズ,宮城 大弥,投手,右,,0,0,0,0,0,0,0,0,0,0,0,0,0,2026/09/10
オリックス・バファローズ,山岡 泰輔,投手,左,,0,0,0,0,0,0,0,0,0,0,0,0,0,2026/09/10
オリックス・バファローズ,山岡 泰輔,投手,右,,0,0,0,0,0,0,0,0,0,0,0,0,0,2026/09/10
オリックス・バファローズ,阿部 翔太,投手,左,,0,0,0,0,0,0,0,0,0,0,0,0,0,2026/09/10
オリックス・バファローズ,阿部 翔太,投手,右,,0,0,0,0,0,0,0,0,0,0,0,0,0,2026/09/10
オリックス・バファローズ,山﨑 颯一郎,投手,左,,0,0,0,0,0,0,0,0,0,0,0,0,0,2026/09/10
オリックス・バファローズ,山﨑 颯一郎,投手,右,,0,0,0,0,0,0,0,0,0,0,0,0,0,2026/09/10
オリックス・バファローズ,九里 亜蓮,投手,左,0.000,2,1,0,0,0,0,0,0,0,1,0,0,0,2026/09/10
オリックス・バファローズ,九里 亜蓮,投手,右,0.000,9,5,0,0,0,0,0,0,0,3,0,1,0,2026/09/10
オリックス・バファローズ,吉田 輝星,投手,左,,0,0,0,0,0,0,0,0,0,0,0,0,0,2026/09/10
オリックス・バファローズ,吉田 輝星,投手,右,,0,0,0,0,0,0,0,0,0,0,0,0,0,2026/09/10
オリックス・バファローズ,齋藤 響介,投手,左,,0,0,0,0,0,0,0,0,0,0,0,0,0,2026/09/10
オリックス・バファローズ,齋藤 響介,投手,右,,0,0,0,0,0,0,0,0,0,0,0,0,0,2026/09/10
オリックス・バファローズ,富山 凌雅,投手,左,,0,0,0,0,0,0,0,0,0,0,0,0,0,2026/09/10
オリックス・バファローズ,富山 凌雅,投手,右,,0,0,0,0,0,0,0,0,0,0,0,0,0,2026/09/10
オリックス・バファローズ,田嶋 大樹,投手,左,,0,0,0,0,0,0,0,0,0,0,0,0,0,2026/09/10
オリックス・バファローズ,田嶋 大樹,投手,右,1.000,1,1,1,1,0,0,0,0,0,0,0,0,0,2026/09/10
オリックス・バファローズ,藤川 敦也,投手,左,,0,0,0,0,0,0,0,0,0,0,0,0,0,2026/09/10
オリックス・バファローズ,藤川 敦也,投手,右,,0,0,0,0,0,0,0,0,0,0,0,0,0,2026/09/10
オリックス・バファローズ,古田島 成龍,投手,左,,0,0,0,0,0,0,0,0,0,0,0,0,0,2026/09/10
オリックス・バファローズ,古田島 成龍,投手,右,,0,0,0,0,0,0,0,0,0,0,0,0,0,2026/09/10
オリックス・バファローズ,森 陽樹,投手,左,,0,0,0,0,0,0,0,0,0,0,0,0,0,2026/09/10
オリックス・バファローズ,森 陽樹,投手,右,,0,0,0,0,0,0,0,0,0,0,0,0,0,2026/09/10
オリックス・バファローズ,岩嵜 翔,投手,左,,0,0,0,0,0,0,0,0,0,0,0,0,0,2026/09/10
オリックス・バファローズ,岩嵜 翔,投手,右,,0,0,0,0,0,0,0,0,0,0,0,0,0,2026/09/10
オリックス・バファローズ,佐藤 龍月,投手,左,,0,0,0,0,0,0,0,0,0,0,0,0,0,2026/09/10
オリックス・バファローズ,佐藤 龍月,投手,右,,0,0,0,0,0,0,0,0,0,0,0,0,0,2026/09/10
オリックス・バファローズ,マチャド,投手,左,,0,0,0,0,0,0,0,0,0,0,0,0,0,2026/09/10
オリックス・バファローズ,マチャド,投手,右,,0,0,0,0,0,0,0,0,0,0,0,0,0,2026/09/10
オリックス・バファローズ,髙谷 舟,投手,左,,0,0,0,0,0,0,0,0,0,0,0,0,0,2026/09/10
オリックス・バファローズ,髙谷 舟,投手,右,,0,0,0,0,0,0,0,0,0,0,0,0,0,2026/09/10
オリックス・バファローズ,本田 仁海,投手,左,,0,0,0,0,0,0,0,0,0,0,0,0,0,2026/09/10
オリックス・バファローズ,本田 仁海,投手,右,,0,0,0,0,0,0,0,0,0,0,0,0,0,2026/09/10
オリックス・バファローズ,山口 廉王,投手,左,,0,0,0,0,0,0,0,0,0,0,0,0,0,2026/09/10
オリックス・バファローズ,山口 廉王,投手,右,,0,0,0,0,0,0,0,0,0,0,0,0,0,2026/09/10
オリックス・バファローズ,東松 快征,投手,左,,0,0,0,0,0,0,0,0,0,0,0,0,0,2026/09/10
オリックス・バファローズ,東松 快征,投手,右,,0,0,0,0,0,0,0,0,0,0,0,0,0,2026/09/10
オリックス・バファローズ,片山 楽生,投手,左,,0,0,0,0,0,0,0,0,0,0,0,0,0,2026/09/10
オリックス・バファローズ,片山 楽生,投手,右,0.000,2,1,0,0,0,0,0,0,0,1,0,0,0,2026/09/10
オリックス・バファローズ,横山 楓,投手,左,,0,0,0,0,0,0,0,0,0,0,0,0,0,2026/09/10
オリックス・バファローズ,横山 楓,投手,右,,0,0,0,0,0,0,0,0,0,0,0,0,0,2026/09/10
オリックス・バファローズ,東山 玲士,投手,左,,0,0,0,0,0,0,0,0,0,0,0,0,0,2026/09/10
オリックス・バファローズ,東山 玲士,投手,右,,0,0,0,0,0,0,0,0,0,0,0,0,0,2026/09/10
オリックス・バファローズ,山田 修義,投手,左,,0,0,0,0,0,0,0,0,0,0,0,0,0,2026/09/10
オリックス・バファローズ,山田 修義,投手,右,,0,0,0,0,0,0,0,0,0,0,0,0,0,2026/09/10
オリックス・バファローズ,ペルドモ,投手,左,,0,0,0,0,0,0,0,0,0,0,0,0,0,2026/09/10
オリックス・バファローズ,ペルドモ,投手,右,,0,0,0,0,0,0,0,0,0,0,0,0,0,2026/09/10
オリックス・バファローズ,宮國 凌空,投手,左,,0,0,0,0,0,0,0,0,0,0,0,0,0,2026/09/10
オリックス・バファローズ,宮國 凌空,投手,右,,0,0,0,0,0,0,0,0,0,0,0,0,0,2026/09/10
オリックス・バファローズ,博志,投手,左,,0,0,0,0,0,0,0,0,0,0,0,0,0,2026/09/10
オリックス・バファローズ,博志,投手,右,,0,0,0,0,0,0,0,0,0,0,0,0,0,2026/09/10
オリックス・バファローズ,入山 海斗,投手,左,,0,0,0,0,0,0,0,0,0,0,0,0,0,2026/09/10
オリックス・バファローズ,入山 海斗,投手,右,,0,0,0,0,0,0,0,0,0,0,0,0,0,2026/09/10
オリックス・バファローズ,ジェリー,投手,左,0.000,2,1,0,0,0,0,0,0,0,1,0,0,0,2026/09/10
オリックス・バファローズ,ジェリー,投手,右,,0,0,0,0,0,0,0,0,0,0,0,0,0,2026/09/10
オリックス・バファローズ,陳 睦衡,投手,左,,0,0,0,0,0,0,0,0,0,0,0,0,0,2026/09/10
オリックス・バファローズ,陳 睦衡,投手,右,,0,0,0,0,0,0,0,0,0,0,0,0,0,2026/09/10
オリックス・バファローズ,佐藤 一磨,投手,左,,0,0,0,0,0,0,0,0,0,0,0,0,0,2026/09/10
オリックス・バファローズ,佐藤 一磨,投手,右,,0,0,0,0,0,0,0,0,0,0,0,0,0,2026/09/10
オリックス・バファローズ,川瀬 堅斗,投手,左,,0,0,0,0,0,0,0,0,0,0,0,0,0,2026/09/10
オリックス・バファローズ,川瀬 堅斗,投手,右,,0,0,0,0,0,0,0,0,0,0,0,0,0,2026/09/10
オリックス・バファローズ,才木 海翔,投手,左,,0,0,0,0,0,0,0,0,0,0,0,0,0,2026/09/10
オリックス・バファローズ,才木 海翔,投手,右,,0,0,0,0,0,0,0,0,0,0,0,0,0,2026/09/10
オリックス・バファローズ,髙島 泰都,投手,左,,0,0,0,0,0,0,0,0,0,0,0,0,0,2026/09/10
オリックス・バファローズ,髙島 泰都,投手,右,,0,0,0,0,0,0,0,0,0,0,0,0,0,2026/09/10
オリックス・バファローズ,権田 琉成,投手,左,,0,0,0,0,0,0,0,0,0,0,0,0,0,2026/09/10
オリックス・バファローズ,権田 琉成,投手,右,,0,0,0,0,0,0,0,0,0,0,0,0,0,2026/09/10
オリックス・バファローズ,若月 健矢,捕手,左,0.227,120,97,22,16,5,1,0,5,1,11,7,5,0,2026/09/10
オリックス・バファローズ,若月 健矢,捕手,右,0.191,256,188,36,26,9,0,1,11,0,42,12,13,1,2026/09/10
オリックス・バファローズ,森 友哉,捕手,左,0.254,89,71,18,16,1,0,1,7,1,14,4,0,0,2026/09/10
オリックス・バファローズ,森 友哉,捕手,右,0.240,205,154,37,23,8,0,6,17,1,31,20,0,0,2026/09/10
オリックス・バファローズ,福永 奨,捕手,左,0.200,15,10,2,2,0,0,0,0,0,5,0,0,0,2026/09/10
オリックス・バファローズ,福永 奨,捕手,右,0.080,35,25,2,0,1,0,1,2,0,6,1,3,0,2026/09/10
オリックス・バファローズ,石川 亮,捕手,左,0.000,1,1,0,0,0,0,0,0,0,0,0,0,0,2026/09/10
オリックス・バファローズ,石川 亮,捕手,右,0.000,9,6,0,0,0,0,0,0,0,3,0,0,0,2026/09/10
オリックス・バファローズ,頓宮 裕真,捕手,左,,0,0,0,0,0,0,0,0,0,0,0,0,0,2026/09/10
オリックス・バファローズ,頓宮 裕真,捕手,右,,0,0,0,0,0,0,0,0,0,0,0,0,0,2026/09/10
オリックス・バファローズ,山中 稜真,捕手,左,0.228,112,92,21,16,4,0,1,6,2,15,4,0,1,2026/09/10
オリックス・バファローズ,山中 稜真,捕手,右,0.272,251,195,53,42,9,1,1,16,1,30,23,1,2,2026/09/10
オリックス・バファローズ,野上 士耀,捕手,左,,0,0,0,0,0,0,0,0,0,0,0,0,0,2026/09/10
オリックス・バファローズ,野上 士耀,捕手,右,,0,0,0,0,0,0,0,0,0,0,0,0,0,2026/09/10
オリックス・バファローズ,堀 柊那,捕手,左,,0,0,0,0,0,0,0,0,0,0,0,0,0,2026/09/10
オリックス・バファローズ,堀 柊那,捕手,右,0.286,10,7,2,2,0,0,0,1,0,3,0,0,0,2026/09/10
オリックス・バファローズ,太田 椋,内野手,左,0.298,145,114,34,24,7,1,2,15,1,21,10,0,0,2026/09/10
オリックス・バファローズ,太田 椋,内野手,右,0.295,375,275,81,57,18,0,6,33,2,67,32,0,1,2026/09/10
オリックス・バファローズ,西野 真弘,内野手,左,0.059,22,17,1,1,0,0,0,0,1,2,1,2,0,2026/09/10
オリックス・バファローズ,西野 真弘,内野手,右,0.226,102,84,19,16,3,0,0,1,0,11,6,1,0,2026/09/10
オリックス・バファローズ,宗 佑磨,内野手,左,0.281,158,121,34,25,4,1,4,14,3,21,12,2,2,2026/09/10
オリックス・バファローズ,宗 佑磨,内野手,右,0.210,388,290,61,39,11,3,8,41,6,58,35,2,3,2026/09/10
オリックス・バファローズ,野口 智哉,内野手,左,0.154,57,39,6,5,0,0,1,5,0,16,0,2,0,2026/09/10
オリックス・バファローズ,野口 智哉,内野手,右,0.223,135,94,21,14,5,0,2,11,1,28,9,3,1,2026/09/10
オリックス・バファローズ,大城 滉二,内野手,左,0.267,38,30,8,7,1,0,0,4,0,6,1,1,0,2026/09/10
オリックス・バファローズ,大城 滉二,内野手,右,0.000,6,5,0,0,0,0,0,0,0,1,0,0,0,2026/09/10
オリックス・バファローズ,紅林 弘太郎,内野手,左,0.306,143,111,34,22,8,0,4,15,1,15,15,2,0,2026/09/10
オリックス・バファローズ,紅林 弘太郎,内野手,右,0.254,373,284,72,46,14,1,11,37,4,58,27,2,2,2026/09/10
オリックス・バファローズ,内藤 鵬,内野手,左,0.500,5,4,2,1,1,0,0,0,0,1,0,0,0,2026/09/10
オリックス・バファローズ,内藤 鵬,内野手,右,,0,0,0,0,0,0,0,0,0,0,0,0,0,2026/09/10
オリックス・バファローズ,廣岡 大志,内野手,左,0.250,21,16,4,4,0,0,0,1,0,2,2,0,1,2026/09/10
オリックス・バファローズ,廣岡 大志,内野手,右,0.172,44,29,5,5,0,0,0,2,0,14,1,0,0,2026/09/10
オリックス・バファローズ,横山 聖哉,内野手,左,,0,0,0,0,0,0,0,0,0,0,0,0,0,2026/09/10
オリックス・バファローズ,横山 聖哉,内野手,右,0.154,21,13,2,2,0,0,0,0,0,7,0,1,0,2026/09/10
オリックス・バファローズ,シーモア,内野手,左,0.200,54,40,8,5,3,0,0,3,0,13,1,0,0,2026/09/10
オリックス・バファローズ,シーモア,内野手,右,0.146,131,96,14,10,1,0,3,12,1,32,2,0,1,2026/09/10
オリックス・バファローズ,宜保 翔,内野手,左,0.250,12,8,2,2,0,0,0,0,0,3,1,0,0,2026/09/10
オリックス・バファローズ,宜保 翔,内野手,右,0.147,44,34,5,4,1,0,0,0,0,7,1,2,0,2026/09/10
オリックス・バファローズ,中川 圭太,内野手,左,0.269,144,119,32,26,5,0,1,9,3,11,11,0,3,2026/09/10
オリックス・バファローズ,中川 圭太,内野手,右,0.256,314,254,65,50,9,1,5,24,2,34,22,2,2,2026/09/10
オリックス・バファローズ,渡部 遼人,外野手,左,0.220,83,59,13,13,0,0,0,3,0,11,8,5,0,2026/09/10
オリックス・バファローズ,渡部 遼人,外野手,右,0.221,203,154,34,27,2,2,3,8,3,32,13,4,0,2026/09/10
オリックス・バファローズ,西川 龍馬,外野手,左,0.294,207,163,48,37,9,0,2,13,1,30,11,1,2,2026/09/10
オリックス・バファローズ,西川 龍馬,外野手,右,0.284,394,327,93,64,21,0,8,33,0,46,20,0,1,2026/09/10
オリックス・バファローズ,麦谷 祐介,外野手,左,0.176,25,17,3,2,1,0,0,1,0,7,1,0,0,2026/09/10
オリックス・バファローズ,麦谷 祐介,外野手,右,0.185,80,54,10,8,0,1,1,4,0,21,3,1,1,2026/09/10
オリックス・バファローズ,杉澤 龍,外野手,左,0.200,13,10,2,1,1,0,0,1,1,3,0,0,0,2026/09/10
オリックス・バファローズ,杉澤 龍,外野手,右,0.353,73,51,18,11,4,1,2,6,1,16,4,1,1,2026/09/10
オリックス・バファローズ,来田 涼斗,外野手,左,0.238,76,63,15,10,3,0,2,9,2,10,1,1,1,2026/09/10
オリックス・バファローズ,来田 涼斗,外野手,右,0.304,247,194,59,40,10,3,6,33,1,40,9,3,1,2026/09/10
オリックス・バファローズ,池田 陵真,外野手,左,0.100,15,10,1,0,1,0,0,1,0,3,2,0,0,2026/09/10
オリックス・バファローズ,池田 陵真,外野手,右,0.000,2,1,0,0,0,0,0,0,0,1,0,0,0,2026/09/10
オリックス・バファローズ,窪田 洋祐,外野手,左,,0,0,0,0,0,0,0,0,0,0,0,0,0,2026/09/10
オリックス・バファローズ,窪田 洋祐,外野手,右,0.000,2,1,0,0,0,0,0,0,0,1,0,0,0,2026/09/10
オリックス・バファローズ,平沼 翔太,外野手,左,0.125,12,8,1,1,0,0,0,1,0,3,1,0,0,2026/09/10
オリックス・バファローズ,平沼 翔太,外野手,右,0.269,33,26,7,5,2,0,0,1,0,6,1,0,0,2026/09/10
オリックス・バファローズ,杉本 裕太郎,外野手,左,0.167,34,24,4,2,2,0,0,4,0,9,0,0,1,2026/09/10
オリックス・バファローズ,杉本 裕太郎,外野手,右,0.056,25,18,1,1,0,0,0,1,0,4,2,0,1,2026/09/10
埼玉西武ライオンズ,上田 大河,投手,左,,0,0,0,0,0,0,0,0,0,0,0,0,0,2026/09/10
埼玉西武ライオンズ,上田 大河,投手,右,,0,0,0,0,0,0,0,0,0,0,0,0,0,2026/09/10
埼玉西武ライオンズ,渡邉 勇太朗,投手,左,0.000,6,4,0,0,0,0,0,0,0,1,0,1,0,2026/09/10
埼玉西武ライオンズ,渡邉 勇太朗,投手,右,0.000,2,1,0,0,0,0,0,0,0,1,0,0,0,2026/09/10
埼玉西武ライオンズ,髙橋 光成,投手,左,,0,0,0,0,0,0,0,0,0,0,0,0,0,2026/09/10
埼玉西武ライオンズ,髙橋 光成,投手,右,0.333,5,3,1,1,0,0,0,0,0,2,0,0,0,2026/09/10
埼玉西武ライオンズ,與座 海人,投手,左,,0,0,0,0,0,0,0,0,0,0,0,0,0,2026/09/10
埼玉西武ライオンズ,與座 海人,投手,右,,0,0,0,0,0,0,0,0,0,0,0,0,0,2026/09/10
埼玉西武ライオンズ,隅田 知一郎,投手,左,0.000,2,2,0,0,0,0,0,0,0,0,0,0,0,2026/09/10
埼玉西武ライオンズ,隅田 知一郎,投手,右,0.000,2,1,0,0,0,0,0,1,0,0,0,1,0,2026/09/10
埼玉西武ライオンズ,松本 航,投手,左,,0,0,0,0,0,0,0,0,0,0,0,0,0,2026/09/10
埼玉西武ライオンズ,松本 航,投手,右,,0,0,0,0,0,0,0,0,0,0,0,0,0,2026/09/10
埼玉西武ライオンズ,佐藤 隼輔,投手,左,,0,0,0,0,0,0,0,0,0,0,0,0,0,2026/09/10
埼玉西武ライオンズ,佐藤 隼輔,投手,右,,0,0,0,0,0,0,0,0,0,0,0,0,0,2026/09/10
埼玉西武ライオンズ,岩城 颯空,投手,左,,0,0,0,0,0,0,0,0,0,0,0,0,0,2026/09/10
埼玉西武ライオンズ,岩城 颯空,投手,右,,0,0,0,0,0,0,0,0,0,0,0,0,0,2026/09/10
埼玉西武ライオンズ,武内 夏暉,投手,左,,0,0,0,0,0,0,0,0,0,0,0,0,0,2026/09/10
埼玉西武ライオンズ,武内 夏暉,投手,右,0.000,7,4,0,0,0,0,0,0,0,2,0,1,0,2026/09/10
埼玉西武ライオンズ,糸川 亮太,投手,左,,0,0,0,0,0,0,0,0,0,0,0,0,0,2026/09/10
埼玉西武ライオンズ,糸川 亮太,投手,右,,0,0,0,0,0,0,0,0,0,0,0,0,0,2026/09/10
埼玉西武ライオンズ,森脇 亮介,投手,左,,0,0,0,0,0,0,0,0,0,0,0,0,0,2026/09/10
埼玉西武ライオンズ,森脇 亮介,投手,右,,0,0,0,0,0,0,0,0,0,0,0,0,0,2026/09/10
埼玉西武ライオンズ,青山 美夏人,投手,左,,0,0,0,0,0,0,0,0,0,0,0,0,0,2026/09/10
埼玉西武ライオンズ,青山 美夏人,投手,右,,0,0,0,0,0,0,0,0,0,0,0,0,0,2026/09/10
埼玉西武ライオンズ,ワイナンス,投手,左,,0,0,0,0,0,0,0,0,0,0,0,0,0,2026/09/10
埼玉西武ライオンズ,ワイナンス,投手,右,0.000,4,2,0,0,0,0,0,0,0,1,0,1,0,2026/09/10
埼玉西武ライオンズ,甲斐野 央,投手,左,,0,0,0,0,0,0,0,0,0,0,0,0,0,2026/09/10
埼玉西武ライオンズ,甲斐野 央,投手,右,,0,0,0,0,0,0,0,0,0,0,0,0,0,2026/09/10
埼玉西武ライオンズ,山田 陽翔,投手,左,,0,0,0,0,0,0,0,0,0,0,0,0,0,2026/09/10
埼玉西武ライオンズ,山田 陽翔,投手,右,,0,0,0,0,0,0,0,0,0,0,0,0,0,2026/09/10
埼玉西武ライオンズ,堀越 啓太,投手,左,,0,0,0,0,0,0,0,0,0,0,0,0,0,2026/09/10
埼玉西武ライオンズ,堀越 啓太,投手,右,,0,0,0,0,0,0,0,0,0,0,0,0,0,2026/09/10
埼玉西武ライオンズ,成田 晴風,投手,左,,0,0,0,0,0,0,0,0,0,0,0,0,0,2026/09/10
埼玉西武ライオンズ,成田 晴風,投手,右,,0,0,0,0,0,0,0,0,0,0,0,0,0,2026/09/10
埼玉西武ライオンズ,ボー・タカハシ,投手,左,,0,0,0,0,0,0,0,0,0,0,0,0,0,2026/09/10
埼玉西武ライオンズ,ボー・タカハシ,投手,右,,0,0,0,0,0,0,0,0,0,0,0,0,0,2026/09/10
埼玉西武ライオンズ,羽田 慎之介,投手,左,,0,0,0,0,0,0,0,0,0,0,0,0,0,2026/09/10
埼玉西武ライオンズ,羽田 慎之介,投手,右,,0,0,0,0,0,0,0,0,0,0,0,0,0,2026/09/10
埼玉西武ライオンズ,ウィンゲンター,投手,左,,0,0,0,0,0,0,0,0,0,0,0,0,0,2026/09/10
埼玉西武ライオンズ,ウィンゲンター,投手,右,,0,0,0,0,0,0,0,0,0,0,0,0,0,2026/09/10
埼玉西武ライオンズ,狩生 聖真,投手,左,,0,0,0,0,0,0,0,0,0,0,0,0,0,2026/09/10
埼玉西武ライオンズ,狩生 聖真,投手,右,,0,0,0,0,0,0,0,0,0,0,0,0,0,2026/09/10
埼玉西武ライオンズ,杉山 遙希,投手,左,,0,0,0,0,0,0,0,0,0,0,0,0,0,2026/09/10
埼玉西武ライオンズ,杉山 遙希,投手,右,,0,0,0,0,0,0,0,0,0,0,0,0,0,2026/09/10
埼玉西武ライオンズ,篠原 響,投手,左,,0,0,0,0,0,0,0,0,0,0,0,0,0,2026/09/10
埼玉西武ライオンズ,篠原 響,投手,右,,0,0,0,0,0,0,0,0,0,0,0,0,0,2026/09/10
埼玉西武ライオンズ,黒木 優太,投手,左,,0,0,0,0,0,0,0,0,0,0,0,0,0,2026/09/10
埼玉西武ライオンズ,黒木 優太,投手,右,,0,0,0,0,0,0,0,0,0,0,0,0,0,2026/09/10
埼玉西武ライオンズ,Ｅ．ラミレス,投手,左,,0,0,0,0,0,0,0,0,0,0,0,0,0,2026/09/10
埼玉西武ライオンズ,Ｅ．ラミレス,投手,右,,0,0,0,0,0,0,0,0,0,0,0,0,0,2026/09/10
埼玉西武ライオンズ,黒田 将矢,投手,左,,0,0,0,0,0,0,0,0,0,0,0,0,0,2026/09/10
埼玉西武ライオンズ,黒田 将矢,投手,右,,0,0,0,0,0,0,0,0,0,0,0,0,0,2026/09/10
埼玉西武ライオンズ,中村 祐太,投手,左,,0,0,0,0,0,0,0,0,0,0,0,0,0,2026/09/10
埼玉西武ライオンズ,中村 祐太,投手,右,,0,0,0,0,0,0,0,0,0,0,0,0,0,2026/09/10
埼玉西武ライオンズ,平良 海馬,投手,左,0.000,2,1,0,0,0,0,0,0,0,1,0,0,0,2026/09/10
埼玉西武ライオンズ,平良 海馬,投手,右,0.250,7,4,1,1,0,0,0,0,0,3,0,0,0,2026/09/10
埼玉西武ライオンズ,冨士 大和,投手,左,,0,0,0,0,0,0,0,0,0,0,0,0,0,2026/09/10
埼玉西武ライオンズ,冨士 大和,投手,右,,0,0,0,0,0,0,0,0,0,0,0,0,0,2026/09/10
埼玉西武ライオンズ,豆田 泰志,投手,左,,0,0,0,0,0,0,0,0,0,0,0,0,0,2026/09/10
埼玉西武ライオンズ,豆田 泰志,投手,右,,0,0,0,0,0,0,0,0,0,0,0,0,0,2026/09/10
埼玉西武ライオンズ,菅井 信也,投手,左,,0,0,0,0,0,0,0,0,0,0,0,0,0,2026/09/10
埼玉西武ライオンズ,菅井 信也,投手,右,,0,0,0,0,0,0,0,0,0,0,0,0,0,2026/09/10
埼玉西武ライオンズ,佐藤 爽,投手,左,,0,0,0,0,0,0,0,0,0,0,0,0,0,2026/09/10
埼玉西武ライオンズ,佐藤 爽,投手,右,,0,0,0,0,0,0,0,0,0,0,0,0,0,2026/09/10
埼玉西武ライオンズ,浜屋 将太,投手,左,,0,0,0,0,0,0,0,0,0,0,0,0,0,2026/09/10
埼玉西武ライオンズ,浜屋 将太,投手,右,,0,0,0,0,0,0,0,0,0,0,0,0,0,2026/09/10
埼玉西武ライオンズ,小島 大河,捕手,左,0.210,76,62,13,11,0,0,2,6,0,6,6,1,1,2026/09/10
埼玉西武ライオンズ,小島 大河,捕手,右,0.283,250,212,60,43,10,0,7,27,0,25,12,0,1,2026/09/10
埼玉西武ライオンズ,古賀 悠斗,捕手,左,0.239,97,67,16,11,4,0,1,12,0,16,12,1,1,2026/09/10
埼玉西武ライオンズ,古賀 悠斗,捕手,右,0.289,176,128,37,30,3,1,3,15,1,28,14,6,0,2026/09/10
埼玉西武ライオンズ,炭谷 銀仁朗,捕手,左,,0,0,0,0,0,0,0,0,0,0,0,0,0,2026/09/10
埼玉西武ライオンズ,炭谷 銀仁朗,捕手,右,,0,0,0,0,0,0,0,0,0,0,0,0,0,2026/09/10
埼玉西武ライオンズ,柘植 世那,捕手,左,0.353,23,17,6,4,1,0,1,1,0,4,0,2,0,2026/09/10
埼玉西武ライオンズ,柘植 世那,捕手,右,0.333,37,30,10,9,1,0,0,1,0,5,1,1,0,2026/09/10
埼玉西武ライオンズ,牧野 翔矢,捕手,左,,0,0,0,0,0,0,0,0,0,0,0,0,0,2026/09/10
埼玉西武ライオンズ,牧野 翔矢,捕手,右,,0,0,0,0,0,0,0,0,0,0,0,0,0,2026/09/10
埼玉西武ライオンズ,龍山 暖,捕手,左,,0,0,0,0,0,0,0,0,0,0,0,0,0,2026/09/10
埼玉西武ライオンズ,龍山 暖,捕手,右,,0,0,0,0,0,0,0,0,0,0,0,0,0,2026/09/10
埼玉西武ライオンズ,是澤 涼輔,捕手,左,,0,0,0,0,0,0,0,0,0,0,0,0,0,2026/09/10
埼玉西武ライオンズ,是澤 涼輔,捕手,右,0.000,2,1,0,0,0,0,0,0,0,0,1,0,0,2026/09/10
埼玉西武ライオンズ,仲田 慶介,内野手,左,0.000,9,7,0,0,0,0,0,0,0,2,0,0,0,2026/09/10
埼玉西武ライオンズ,仲田 慶介,内野手,右,0.286,26,21,6,2,1,3,0,3,0,4,0,0,1,2026/09/10
埼玉西武ライオンズ,児玉 亮涼,内野手,左,,0,0,0,0,0,0,0,0,0,0,0,0,0,2026/09/10
埼玉西武ライオンズ,児玉 亮涼,内野手,右,0.000,4,3,0,0,0,0,0,0,0,1,0,0,0,2026/09/10
埼玉西武ライオンズ,齋藤 大翔,内野手,左,,0,0,0,0,0,0,0,0,0,0,0,0,0,2026/09/10
埼玉西武ライオンズ,齋藤 大翔,内野手,右,,0,0,0,0,0,0,0,0,0,0,0,0,0,2026/09/10
埼玉西武ライオンズ,石井 一成,内野手,左,0.306,65,49,15,10,1,1,3,5,1,13,2,0,1,2026/09/10
埼玉西武ライオンズ,石井 一成,内野手,右,0.199,222,166,33,23,7,0,3,13,1,42,11,1,2,2026/09/10
埼玉西武ライオンズ,外崎 修汰,内野手,左,0.100,37,30,3,2,0,0,1,5,1,4,2,0,1,2026/09/10
埼玉西武ライオンズ,外崎 修汰,内野手,右,0.205,54,39,8,6,2,0,0,1,1,13,2,0,0,2026/09/10
埼玉西武ライオンズ,源田 壮亮,内野手,左,0.118,108,76,9,8,1,0,0,0,0,19,7,6,0,2026/09/10
埼玉西武ライオンズ,源田 壮亮,内野手,右,0.239,222,176,42,32,8,1,1,23,0,19,18,6,3,2026/09/10
埼玉西武ライオンズ,ネビン,内野手,左,0.298,136,104,31,18,5,0,8,15,2,21,10,0,1,2026/09/10
埼玉西武ライオンズ,ネビン,内野手,右,0.257,272,210,54,31,14,0,9,25,2,31,25,0,6,2026/09/10
埼玉西武ライオンズ,山村 崇嘉,内野手,左,0.263,23,19,5,4,0,0,1,1,0,1,2,1,0,2026/09/10
埼玉西武ライオンズ,山村 崇嘉,内野手,右,0.175,81,63,11,10,1,0,0,5,0,13,4,1,0,2026/09/10
埼玉西武ライオンズ,佐藤 太陽,内野手,左,0.167,7,6,1,1,0,0,0,0,0,1,0,0,0,2026/09/10
埼玉西武ライオンズ,佐藤 太陽,内野手,右,0.294,24,17,5,2,2,0,1,2,0,7,0,0,0,2026/09/10
埼玉西武ライオンズ,平沢 大河,内野手,左,0.254,79,59,15,11,3,0,1,4,2,14,6,0,0,2026/09/10
埼玉西武ライオンズ,平沢 大河,内野手,右,0.270,232,178,48,34,13,0,1,13,0,37,15,1,1,2026/09/10
埼玉西武ライオンズ,髙松 渡,内野手,左,,0,0,0,0,0,0,0,0,0,0,0,0,0,2026/09/10
埼玉西武ライオンズ,髙松 渡,内野手,右,0.000,2,1,0,0,0,0,0,0,0,1,0,0,0,2026/09/10
埼玉西武ライオンズ,横田 蒼和,内野手,左,,0,0,0,0,0,0,0,0,0,0,0,0,0,2026/09/10
埼玉西武ライオンズ,横田 蒼和,内野手,右,,0,0,0,0,0,0,0,0,0,0,0,0,0,2026/09/10
埼玉西武ライオンズ,中村 剛也,内野手,左,0.238,27,21,5,2,2,0,1,6,0,6,0,0,0,2026/09/10
埼玉西武ライオンズ,中村 剛也,内野手,右,0.241,42,29,7,5,2,0,0,0,0,11,2,0,0,2026/09/10
埼玉西武ライオンズ,滝澤 夏央,内野手,左,0.282,143,110,31,28,1,1,1,9,2,14,13,6,0,2026/09/10
埼玉西武ライオンズ,滝澤 夏央,内野手,右,0.258,334,256,66,62,3,1,0,19,2,35,28,15,0,2026/09/10
埼玉西武ライオンズ,村田 怜音,内野手,左,0.000,7,5,0,0,0,0,0,0,0,2,0,0,0,2026/09/10
埼玉西武ライオンズ,村田 怜音,内野手,右,0.000,8,4,0,0,0,0,0,0,0,3,1,0,0,2026/09/10
埼玉西武ライオンズ,栗山 巧,外野手,左,0.250,4,4,1,1,0,0,0,0,0,0,0,0,0,2026/09/10
埼玉西武ライオンズ,栗山 巧,外野手,右,0.111,11,9,1,1,0,0,0,0,0,1,1,0,0,2026/09/10
埼玉西武ライオンズ,桑原 将志,外野手,左,0.270,77,63,17,13,2,1,1,5,2,10,3,1,0,2026/09/10
埼玉西武ライオンズ,桑原 将志,外野手,右,0.209,193,153,32,24,3,3,2,10,3,26,13,1,0,2026/09/10
埼玉西武ライオンズ,渡部 聖弥,外野手,左,0.277,137,112,31,19,7,0,5,16,1,21,4,0,0,2026/09/10
埼玉西武ライオンズ,渡部 聖弥,外野手,右,0.257,358,284,73,59,10,1,3,23,5,58,14,0,2,2026/09/10
埼玉西武ライオンズ,蛭間 拓哉,外野手,左,0.091,14,11,1,1,0,0,0,0,0,3,0,0,0,2026/09/10
埼玉西武ライオンズ,蛭間 拓哉,外野手,右,0.315,70,54,17,9,6,2,0,6,0,10,1,4,1,2026/09/10
埼玉西武ライオンズ,カナリオ,外野手,左,0.227,165,119,27,16,5,1,5,8,1,34,12,0,0,2026/09/10
埼玉西武ライオンズ,カナリオ,外野手,右,0.277,379,274,76,55,12,1,8,39,1,83,21,0,1,2026/09/10
埼玉西武ライオンズ,茶野 篤政,外野手,左,,0,0,0,0,0,0,0,0,0,0,0,0,0,2026/09/10
埼玉西武ライオンズ,茶野 篤政,外野手,右,0.125,10,8,1,1,0,0,0,0,1,2,0,0,0,2026/09/10
埼玉西武ライオンズ,古川 雄大,外野手,左,,0,0,0,0,0,0,0,0,0,0,0,0,0,2026/09/10
埼玉西武ライオンズ,古川 雄大,外野手,右,,0,0,0,0,0,0,0,0,0,0,0,0,0,2026/09/10
埼玉西武ライオンズ,秋山 俊,外野手,左,,0,0,0,0,0,0,0,0,0,0,0,0,0,2026/09/10
埼玉西武ライオンズ,秋山 俊,外野手,右,0.143,16,14,2,2,0,0,0,0,0,2,0,0,0,2026/09/10
埼玉西武ライオンズ,林 冠臣,外野手,左,,0,0,0,0,0,0,0,0,0,0,0,0,0,2026/09/10
埼玉西武ライオンズ,林 冠臣,外野手,右,,0,0,0,0,0,0,0,0,0,0,0,0,0,2026/09/10
埼玉西武ライオンズ,若林 楽人,外野手,左,0.273,30,22,6,5,1,0,0,0,0,7,1,0,0,2026/09/10
埼玉西武ライオンズ,若林 楽人,外野手,右,0.050,29,20,1,1,0,0,0,0,0,6,3,0,0,2026/09/10
埼玉西武ライオンズ,西川 愛也,外野手,左,0.304,94,79,24,17,4,2,1,11,0,10,2,2,1,2026/09/10
埼玉西武ライオンズ,西川 愛也,外野手,右,0.203,245,192,39,30,4,3,2,15,4,40,7,4,2,2026/09/10
埼玉西武ライオンズ,仲三 優太,外野手,左,0.167,9,6,1,0,0,0,1,2,0,2,1,0,0,2026/09/10
埼玉西武ライオンズ,仲三 優太,外野手,右,0.115,44,26,3,3,0,0,0,1,0,15,3,0,0,2026/09/10
埼玉西武ライオンズ,長谷川 信哉,外野手,左,0.260,96,73,19,12,2,0,5,12,0,18,4,0,1,2026/09/10
埼玉西武ライオンズ,長谷川 信哉,外野手,右,0.284,212,162,46,26,15,0,5,21,7,35,9,6,0,2026/09/10
埼玉西武ライオンズ,川田 悠慎,外野手,左,,0,0,0,0,0,0,0,0,0,0,0,0,0,2026/09/10
埼玉西武ライオンズ,川田 悠慎,外野手,右,,0,0,0,0,0,0,0,0,0,0,0,0,0,2026/09/10
埼玉西武ライオンズ,岸 潤一郎,外野手,左,0.246,75,61,15,9,4,1,1,9,1,8,3,1,2,2026/09/10
埼玉西武ライオンズ,岸 潤一郎,外野手,右,0.202,132,99,20,16,4,0,0,2,2,25,5,3,0,2026/09/10
埼玉西武ライオンズ,林 安可,外野手,左,0.145,75,55,8,6,0,0,2,4,1,18,1,0,1,2026/09/10
埼玉西武ライオンズ,林 安可,外野手,右,0.256,215,160,41,23,12,0,6,24,6,41,14,0,0,2026/09/10
東北楽天ゴールデンイーグルス,岸 孝之,投手,左,0.000,1,1,0,0,0,0,0,0,0,0,0,0,0,2026/09/10
東北楽天ゴールデンイーグルス,岸 孝之,投手,右,,0,0,0,0,0,0,0,0,0,0,0,0,0,2026/09/10
東北楽天ゴールデンイーグルス,藤原 聡大,投手,左,,0,0,0,0,0,0,0,0,0,0,0,0,0,2026/09/10
東北楽天ゴールデンイーグルス,藤原 聡大,投手,右,,0,0,0,0,0,0,0,0,0,0,0,0,0,2026/09/10
東北楽天ゴールデンイーグルス,コントレラス,投手,左,,0,0,0,0,0,0,0,0,0,0,0,0,0,2026/09/10
東北楽天ゴールデンイーグルス,コントレラス,投手,右,,0,0,0,0,0,0,0,0,0,0,0,0,0,2026/09/10
東北楽天ゴールデンイーグルス,古謝 樹,投手,左,,0,0,0,0,0,0,0,0,0,0,0,0,0,2026/09/10
東北楽天ゴールデンイーグルス,古謝 樹,投手,右,0.000,5,3,0,0,0,0,0,0,0,2,0,0,0,2026/09/10
東北楽天ゴールデンイーグルス,前田 健太,投手,左,0.000,2,1,0,0,0,0,0,0,0,1,0,0,0,2026/09/10
東北楽天ゴールデンイーグルス,前田 健太,投手,右,,0,0,0,0,0,0,0,0,0,0,0,0,0,2026/09/10
東北楽天ゴールデンイーグルス,荘司 康誠,投手,左,0.000,3,2,0,0,0,0,0,0,0,1,0,0,0,2026/09/10
東北楽天ゴールデンイーグルス,荘司 康誠,投手,右,0.000,4,2,0,0,0,0,0,0,0,1,0,1,0,2026/09/10
東北楽天ゴールデンイーグルス,伊藤 樹,投手,左,,0,0,0,0,0,0,0,0,0,0,0,0,0,2026/09/10
東北楽天ゴールデンイーグルス,伊藤 樹,投手,右,,0,0,0,0,0,0,0,0,0,0,0,0,0,2026/09/10
東北楽天ゴールデンイーグルス,早川 隆久,投手,左,,0,0,0,0,0,0,0,0,0,0,0,0,0,2026/09/10
東北楽天ゴールデンイーグルス,早川 隆久,投手,右,0.000,3,2,0,0,0,0,0,0,0,0,0,1,0,2026/09/10
東北楽天ゴールデンイーグルス,ウレーニャ,投手,左,,0,0,0,0,0,0,0,0,0,0,0,0,0,2026/09/10
東北楽天ゴールデンイーグルス,ウレーニャ,投手,右,,0,0,0,0,0,0,0,0,0,0,0,0,0,2026/09/10
東北楽天ゴールデンイーグルス,マルテ,投手,左,,0,0,0,0,0,0,0,0,0,0,0,0,0,2026/09/10
東北楽天ゴールデンイーグルス,マルテ,投手,右,,0,0,0,0,0,0,0,0,0,0,0,0,0,2026/09/10
東北楽天ゴールデンイーグルス,中込 陽翔,投手,左,,0,0,0,0,0,0,0,0,0,0,0,0,0,2026/09/10
東北楽天ゴールデンイーグルス,中込 陽翔,投手,右,,0,0,0,0,0,0,0,0,0,0,0,0,0,2026/09/10
東北楽天ゴールデンイーグルス,酒居 知史,投手,左,,0,0,0,0,0,0,0,0,0,0,0,0,0,2026/09/10
東北楽天ゴールデンイーグルス,酒居 知史,投手,右,,0,0,0,0,0,0,0,0,0,0,0,0,0,2026/09/10
東北楽天ゴールデンイーグルス,田中 千晴,投手,左,,0,0,0,0,0,0,0,0,0,0,0,0,0,2026/09/10
東北楽天ゴールデンイーグルス,田中 千晴,投手,右,,0,0,0,0,0,0,0,0,0,0,0,0,0,2026/09/10
東北楽天ゴールデンイーグルス,渡辺 翔太,投手,左,,0,0,0,0,0,0,0,0,0,0,0,0,0,2026/09/10
東北楽天ゴールデンイーグルス,渡辺 翔太,投手,右,,0,0,0,0,0,0,0,0,0,0,0,0,0,2026/09/10
東北楽天ゴールデンイーグルス,江原 雅裕,投手,左,,0,0,0,0,0,0,0,0,0,0,0,0,0,2026/09/10
東北楽天ゴールデンイーグルス,江原 雅裕,投手,右,,0,0,0,0,0,0,0,0,0,0,0,0,0,2026/09/10
東北楽天ゴールデンイーグルス,加治屋 蓮,投手,左,,0,0,0,0,0,0,0,0,0,0,0,0,0,2026/09/10
東北楽天ゴールデンイーグルス,加治屋 蓮,投手,右,,0,0,0,0,0,0,0,0,0,0,0,0,0,2026/09/10
東北楽天ゴールデンイーグルス,宋 家豪,投手,左,,0,0,0,0,0,0,0,0,0,0,0,0,0,2026/09/10
東北楽天ゴールデンイーグルス,宋 家豪,投手,右,,0,0,0,0,0,0,0,0,0,0,0,0,0,2026/09/10
東北楽天ゴールデンイーグルス,九谷 瑠,投手,左,,0,0,0,0,0,0,0,0,0,0,0,0,0,2026/09/10
東北楽天ゴールデンイーグルス,九谷 瑠,投手,右,,0,0,0,0,0,0,0,0,0,0,0,0,0,2026/09/10
東北楽天ゴールデンイーグルス,藤平 尚真,投手,左,,0,0,0,0,0,0,0,0,0,0,0,0,0,2026/09/10
東北楽天ゴールデンイーグルス,藤平 尚真,投手,右,,0,0,0,0,0,0,0,0,0,0,0,0,0,2026/09/10
東北楽天ゴールデンイーグルス,藤井 聖,投手,左,,0,0,0,0,0,0,0,0,0,0,0,0,0,2026/09/10
東北楽天ゴールデンイーグルス,藤井 聖,投手,右,,0,0,0,0,0,0,0,0,0,0,0,0,0,2026/09/10
東北楽天ゴールデンイーグルス,西垣 雅矢,投手,左,,0,0,0,0,0,0,0,0,0,0,0,0,0,2026/09/10
東北楽天ゴールデンイーグルス,西垣 雅矢,投手,右,,0,0,0,0,0,0,0,0,0,0,0,0,0,2026/09/10
東北楽天ゴールデンイーグルス,津留﨑 大成,投手,左,,0,0,0,0,0,0,0,0,0,0,0,0,0,2026/09/10
東北楽天ゴールデンイーグルス,津留﨑 大成,投手,右,,0,0,0,0,0,0,0,0,0,0,0,0,0,2026/09/10
東北楽天ゴールデンイーグルス,坂井 陽翔,投手,左,,0,0,0,0,0,0,0,0,0,0,0,0,0,2026/09/10
東北楽天ゴールデンイーグルス,坂井 陽翔,投手,右,,0,0,0,0,0,0,0,0,0,0,0,0,0,2026/09/10
東北楽天ゴールデンイーグルス,日當 直喜,投手,左,,0,0,0,0,0,0,0,0,0,0,0,0,0,2026/09/10
東北楽天ゴールデンイーグルス,日當 直喜,投手,右,,0,0,0,0,0,0,0,0,0,0,0,0,0,2026/09/10
東北楽天ゴールデンイーグルス,鈴木 翔天,投手,左,,0,0,0,0,0,0,0,0,0,0,0,0,0,2026/09/10
東北楽天ゴールデンイーグルス,鈴木 翔天,投手,右,,0,0,0,0,0,0,0,0,0,0,0,0,0,2026/09/10
東北楽天ゴールデンイーグルス,瀧中 瞭太,投手,左,0.000,7,4,0,0,0,0,0,0,0,2,1,0,0,2026/09/10
東北楽天ゴールデンイーグルス,瀧中 瞭太,投手,右,,0,0,0,0,0,0,0,0,0,0,0,0,0,2026/09/10
東北楽天ゴールデンイーグルス,辛島 航,投手,左,,0,0,0,0,0,0,0,0,0,0,0,0,0,2026/09/10
東北楽天ゴールデンイーグルス,辛島 航,投手,右,,0,0,0,0,0,0,0,0,0,0,0,0,0,2026/09/10
東北楽天ゴールデンイーグルス,泰 勝利,投手,左,,0,0,0,0,0,0,0,0,0,0,0,0,0,2026/09/10
東北楽天ゴールデンイーグルス,泰 勝利,投手,右,,0,0,0,0,0,0,0,0,0,0,0,0,0,2026/09/10
東北楽天ゴールデンイーグルス,古賀 康誠,投手,左,,0,0,0,0,0,0,0,0,0,0,0,0,0,2026/09/10
東北楽天ゴールデンイーグルス,古賀 康誠,投手,右,,0,0,0,0,0,0,0,0,0,0,0,0,0,2026/09/10
東北楽天ゴールデンイーグルス,西口 直人,投手,左,,0,0,0,0,0,0,0,0,0,0,0,0,0,2026/09/10
東北楽天ゴールデンイーグルス,西口 直人,投手,右,,0,0,0,0,0,0,0,0,0,0,0,0,0,2026/09/10
東北楽天ゴールデンイーグルス,林 優樹,投手,左,,0,0,0,0,0,0,0,0,0,0,0,0,0,2026/09/10
東北楽天ゴールデンイーグルス,林 優樹,投手,右,,0,0,0,0,0,0,0,0,0,0,0,0,0,2026/09/10
東北楽天ゴールデンイーグルス,今野 龍太,投手,左,,0,0,0,0,0,0,0,0,0,0,0,0,0,2026/09/10
東北楽天ゴールデンイーグルス,今野 龍太,投手,右,,0,0,0,0,0,0,0,0,0,0,0,0,0,2026/09/10
東北楽天ゴールデンイーグルス,大内 誠弥,投手,左,,0,0,0,0,0,0,0,0,0,0,0,0,0,2026/09/10
東北楽天ゴールデンイーグルス,大内 誠弥,投手,右,,0,0,0,0,0,0,0,0,0,0,0,0,0,2026/09/10
東北楽天ゴールデンイーグルス,内 星龍,投手,左,,0,0,0,0,0,0,0,0,0,0,0,0,0,2026/09/10
東北楽天ゴールデンイーグルス,内 星龍,投手,右,,0,0,0,0,0,0,0,0,0,0,0,0,0,2026/09/10
東北楽天ゴールデンイーグルス,柴田 大地,投手,左,,0,0,0,0,0,0,0,0,0,0,0,0,0,2026/09/10
東北楽天ゴールデンイーグルス,柴田 大地,投手,右,,0,0,0,0,0,0,0,0,0,0,0,0,0,2026/09/10
東北楽天ゴールデンイーグルス,伊藤 大晟,投手,左,,0,0,0,0,0,0,0,0,0,0,0,0,0,2026/09/10
東北楽天ゴールデンイーグルス,伊藤 大晟,投手,右,,0,0,0,0,0,0,0,0,0,0,0,0,0,2026/09/10
東北楽天ゴールデンイーグルス,太田 光,捕手,左,0.282,93,71,20,15,3,0,2,4,0,17,5,0,0,2026/09/10
東北楽天ゴールデンイーグルス,太田 光,捕手,右,0.178,215,152,27,24,2,0,1,9,0,45,12,4,2,2026/09/10
東北楽天ゴールデンイーグルス,伊藤 光,捕手,左,0.111,14,9,1,0,0,0,1,1,0,4,1,0,0,2026/09/10
東北楽天ゴールデンイーグルス,伊藤 光,捕手,右,0.130,33,23,3,3,0,0,0,1,1,6,2,2,0,2026/09/10
東北楽天ゴールデンイーグルス,田中 貴也,捕手,左,,0,0,0,0,0,0,0,0,0,0,0,0,0,2026/09/10
東北楽天ゴールデンイーグルス,田中 貴也,捕手,右,,0,0,0,0,0,0,0,0,0,0,0,0,0,2026/09/10
東北楽天ゴールデンイーグルス,YG安田,捕手,左,0.404,61,47,19,14,3,0,2,10,0,12,2,0,0,2026/09/10
東北楽天ゴールデンイーグルス,YG安田,捕手,右,0.275,148,109,30,19,7,1,3,15,0,30,9,0,0,2026/09/10
東北楽天ゴールデンイーグルス,堀内 謙伍,捕手,左,0.222,29,18,4,3,0,0,1,3,0,6,3,2,0,2026/09/10
東北楽天ゴールデンイーグルス,堀内 謙伍,捕手,右,0.173,103,75,13,9,4,0,0,2,3,20,7,0,1,2026/09/10
東北楽天ゴールデンイーグルス,石原 彪,捕手,左,0.222,10,9,2,2,0,0,0,1,0,0,1,0,0,2026/09/10
東北楽天ゴールデンイーグルス,石原 彪,捕手,右,0.000,5,3,0,0,0,0,0,0,0,0,1,1,0,2026/09/10
東北楽天ゴールデンイーグルス,大栄 利哉,捕手,左,,0,0,0,0,0,0,0,0,0,0,0,0,0,2026/09/10
東北楽天ゴールデンイーグルス,大栄 利哉,捕手,右,,0,0,0,0,0,0,0,0,0,0,0,0,0,2026/09/10
東北楽天ゴールデンイーグルス,小深田 大翔,内野手,左,0.152,44,33,5,5,0,0,0,0,0,7,3,1,0,2026/09/10
東北楽天ゴールデンイーグルス,小深田 大翔,内野手,右,0.224,118,85,19,16,1,2,0,5,1,24,5,4,0,2026/09/10
東北楽天ゴールデンイーグルス,宗山 塁,内野手,左,0.250,53,44,11,10,1,0,0,1,0,5,3,0,1,2026/09/10
東北楽天ゴールデンイーグルス,宗山 塁,内野手,右,0.284,141,116,33,19,8,0,6,20,1,13,12,0,0,2026/09/10
東北楽天ゴールデンイーグルス,浅村 栄斗,内野手,左,0.234,124,94,22,15,4,0,3,14,1,22,7,0,1,2026/09/10
東北楽天ゴールデンイーグルス,浅村 栄斗,内野手,右,0.197,289,203,40,29,5,0,6,21,2,50,33,0,3,2026/09/10
東北楽天ゴールデンイーグルス,村林 一輝,内野手,左,0.290,164,131,38,27,8,2,1,13,0,19,11,1,2,2026/09/10
東北楽天ゴールデンイーグルス,村林 一輝,内野手,右,0.256,367,285,73,62,8,0,3,37,2,51,27,2,2,2026/09/10
東北楽天ゴールデンイーグルス,鈴木 大地,内野手,左,0.000,14,9,0,0,0,0,0,0,0,2,2,1,0,2026/09/10
東北楽天ゴールデンイーグルス,鈴木 大地,内野手,右,0.186,53,43,8,6,2,0,0,3,1,8,1,1,0,2026/09/10
東北楽天ゴールデンイーグルス,ボイト,内野手,左,0.125,29,24,3,1,2,0,0,2,1,5,0,0,0,2026/09/10
東北楽天ゴールデンイーグルス,ボイト,内野手,右,0.109,65,46,5,4,1,0,0,1,1,14,4,0,1,2026/09/10
東北楽天ゴールデンイーグルス,黒川 史陽,内野手,左,0.236,143,110,26,21,5,0,0,7,0,19,13,0,1,2026/09/10
東北楽天ゴールデンイーグルス,黒川 史陽,内野手,右,0.245,350,274,67,57,6,1,3,16,1,39,29,7,1,2026/09/10
東北楽天ゴールデンイーグルス,繁永 晟,内野手,左,0.091,22,22,2,2,0,0,0,1,0,0,0,0,0,2026/09/10
東北楽天ゴールデンイーグルス,繁永 晟,内野手,右,0.250,19,16,4,3,0,1,0,1,0,1,1,1,0,2026/09/10
東北楽天ゴールデンイーグルス,渡邊 佳明,内野手,左,0.235,42,34,8,7,1,0,0,4,0,3,4,1,0,2026/09/10
東北楽天ゴールデンイーグルス,渡邊 佳明,内野手,右,0.252,140,107,27,20,6,0,1,13,0,22,7,4,0,2026/09/10
東北楽天ゴールデンイーグルス,伊藤 裕季也,内野手,左,0.182,18,11,2,1,1,0,0,1,0,5,1,0,1,2026/09/10
東北楽天ゴールデンイーグルス,伊藤 裕季也,内野手,右,0.184,53,38,7,2,2,0,3,7,0,12,3,0,0,2026/09/10
東北楽天ゴールデンイーグルス,平良 竜哉,内野手,左,0.244,113,90,22,13,3,0,6,14,0,16,7,0,0,2026/09/10
東北楽天ゴールデンイーグルス,平良 竜哉,内野手,右,0.256,164,133,34,27,4,0,3,6,5,26,3,2,0,2026/09/10
東北楽天ゴールデンイーグルス,ワォーターズ,内野手,左,0.250,6,4,1,1,0,0,0,0,0,2,0,0,0,2026/09/10
東北楽天ゴールデンイーグルス,ワォーターズ,内野手,右,0.375,11,8,3,2,1,0,0,0,0,3,0,0,0,2026/09/10
東北楽天ゴールデンイーグルス,入江 大樹,内野手,左,0.176,21,17,3,2,1,0,0,0,0,3,1,0,0,2026/09/10
東北楽天ゴールデンイーグルス,入江 大樹,内野手,右,0.286,10,7,2,2,0,0,0,0,0,2,1,0,0,2026/09/10
東北楽天ゴールデンイーグルス,青野 拓海,内野手,左,,0,0,0,0,0,0,0,0,0,0,0,0,0,2026/09/10
東北楽天ゴールデンイーグルス,青野 拓海,内野手,右,,0,0,0,0,0,0,0,0,0,0,0,0,0,2026/09/10
東北楽天ゴールデンイーグルス,小森 航大郎,内野手,左,0.000,12,7,0,0,0,0,0,1,0,4,0,0,1,2026/09/10
東北楽天ゴールデンイーグルス,小森 航大郎,内野手,右,0.000,4,3,0,0,0,0,0,0,0,1,0,0,0,2026/09/10
東北楽天ゴールデンイーグルス,陽 柏翔,内野手,左,,0,0,1,1,0,0,0,0,0,0,0,0,0,2026/09/10
東北楽天ゴールデンイーグルス,陽 柏翔,内野手,右,0.125,13,8,1,1,0,0,0,0,0,4,1,0,0,2026/09/10
東北楽天ゴールデンイーグルス,金子 京介,内野手,左,0.000,9,6,0,0,0,0,0,0,0,3,0,0,0,2026/09/10
東北楽天ゴールデンイーグルス,金子 京介,内野手,右,0.200,8,5,1,1,0,0,0,0,1,3,0,0,0,2026/09/10
東北楽天ゴールデンイーグルス,辰己 涼介,外野手,左,0.257,192,144,37,29,6,0,2,9,3,30,17,0,1,2026/09/10
東北楽天ゴールデンイーグルス,辰己 涼介,外野手,右,0.256,434,313,80,55,12,3,10,35,2,83,35,1,2,2026/09/10
東北楽天ゴールデンイーグルス,ゴンザレス,外野手,左,0.000,7,4,0,0,0,0,0,0,0,3,0,0,0,2026/09/10
東北楽天ゴールデンイーグルス,ゴンザレス,外野手,右,0.250,7,4,1,1,0,0,0,0,0,3,0,0,0,2026/09/10
東北楽天ゴールデンイーグルス,田中 和基,外野手,左,,0,0,0,0,0,0,0,0,0,0,0,0,0,2026/09/10
東北楽天ゴールデンイーグルス,田中 和基,外野手,右,,0,0,0,0,0,0,0,0,0,0,0,0,0,2026/09/10
東北楽天ゴールデンイーグルス,中島 大輔,外野手,左,0.330,108,88,29,17,9,2,1,11,2,10,7,3,0,2026/09/10
東北楽天ゴールデンイーグルス,中島 大輔,外野手,右,0.268,289,228,61,44,12,1,4,13,1,32,21,7,1,2026/09/10
東北楽天ゴールデンイーグルス,マッカスカー,外野手,左,0.294,130,85,25,12,6,1,6,21,0,33,11,0,1,2026/09/10
東北楽天ゴールデンイーグルス,マッカスカー,外野手,右,0.265,302,204,54,33,5,1,15,38,2,79,19,0,0,2026/09/10
東北楽天ゴールデンイーグルス,吉納 翼,外野手,左,0.000,4,2,0,0,0,0,0,0,0,2,0,0,0,2026/09/10
東北楽天ゴールデンイーグルス,吉納 翼,外野手,右,0.000,21,13,0,0,0,0,0,0,0,6,2,0,0,2026/09/10
東北楽天ゴールデンイーグルス,佐藤 直樹,外野手,左,0.304,98,79,24,14,6,1,3,6,0,17,1,0,1,2026/09/10
東北楽天ゴールデンイーグルス,佐藤 直樹,外野手,右,0.250,178,120,30,20,7,0,3,13,0,51,6,0,1,2026/09/10
東北楽天ゴールデンイーグルス,阪上 翔也,外野手,左,0.000,2,1,0,0,0,0,0,0,0,1,0,0,0,2026/09/10
東北楽天ゴールデンイーグルス,阪上 翔也,外野手,右,0.000,9,6,0,0,0,0,0,0,0,3,0,0,0,2026/09/10
東北楽天ゴールデンイーグルス,武藤 敦貴,外野手,左,0.000,2,2,0,0,0,0,0,0,0,0,0,0,0,2026/09/10
東北楽天ゴールデンイーグルス,武藤 敦貴,外野手,右,0.182,30,22,4,3,1,0,0,2,0,4,3,0,1,2026/09/10
東北楽天ゴールデンイーグルス,小郷 裕哉,外野手,左,0.154,36,26,4,3,1,0,0,3,0,8,2,0,0,2026/09/10
東北楽天ゴールデンイーグルス,小郷 裕哉,外野手,右,0.267,111,86,23,19,3,1,0,3,0,20,4,1,0,2026/09/10
東北楽天ゴールデンイーグルス,吉野 創士,外野手,左,0.200,15,10,2,1,1,0,0,0,0,4,0,1,0,2026/09/10
東北楽天ゴールデンイーグルス,吉野 創士,外野手,右,0.000,13,9,0,0,0,0,0,0,1,4,0,0,0,2026/09/10
千葉ロッテマリーンズ,カスティーヨ,投手,左,,0,0,0,0,0,0,0,0,0,0,0,0,0,2026/09/10
千葉ロッテマリーンズ,カスティーヨ,投手,右,,0,0,0,0,0,0,0,0,0,0,0,0,0,2026/09/10
千葉ロッテマリーンズ,毛利 海大,投手,左,0.000,3,2,0,0,0,0,0,0,0,1,0,0,0,2026/09/10
千葉ロッテマリーンズ,毛利 海大,投手,右,,0,0,0,0,0,0,0,0,0,0,0,0,0,2026/09/10
千葉ロッテマリーンズ,小島 和哉,投手,左,,0,0,0,0,0,0,0,0,0,0,0,0,0,2026/09/10
千葉ロッテマリーンズ,小島 和哉,投手,右,0.000,6,3,0,0,0,0,0,0,0,3,0,0,0,2026/09/10
千葉ロッテマリーンズ,横山 陸人,投手,左,,0,0,0,0,0,0,0,0,0,0,0,0,0,2026/09/10
千葉ロッテマリーンズ,横山 陸人,投手,右,,0,0,0,0,0,0,0,0,0,0,0,0,0,2026/09/10
千葉ロッテマリーンズ,種市 篤暉,投手,左,,0,0,0,0,0,0,0,0,0,0,0,0,0,2026/09/10
千葉ロッテマリーンズ,種市 篤暉,投手,右,,0,0,0,0,0,0,0,0,0,0,0,0,0,2026/09/10
千葉ロッテマリーンズ,石垣 元気,投手,左,,0,0,0,0,0,0,0,0,0,0,0,0,0,2026/09/10
千葉ロッテマリーンズ,石垣 元気,投手,右,,0,0,0,0,0,0,0,0,0,0,0,0,0,2026/09/10
千葉ロッテマリーンズ,唐川 侑己,投手,左,,0,0,0,0,0,0,0,0,0,0,0,0,0,2026/09/10
千葉ロッテマリーンズ,唐川 侑己,投手,右,,0,0,0,0,0,0,0,0,0,0,0,0,0,2026/09/10
千葉ロッテマリーンズ,石川 柊太,投手,左,,0,0,0,0,0,0,0,0,0,0,0,0,0,2026/09/10
千葉ロッテマリーンズ,石川 柊太,投手,右,,0,0,0,0,0,0,0,0,0,0,0,0,0,2026/09/10
千葉ロッテマリーンズ,東妻 勇輔,投手,左,,0,0,0,0,0,0,0,0,0,0,0,0,0,2026/09/10
千葉ロッテマリーンズ,東妻 勇輔,投手,右,,0,0,0,0,0,0,0,0,0,0,0,0,0,2026/09/10
千葉ロッテマリーンズ,菊地 吏玖,投手,左,,0,0,0,0,0,0,0,0,0,0,0,0,0,2026/09/10
千葉ロッテマリーンズ,菊地 吏玖,投手,右,,0,0,0,0,0,0,0,0,0,0,0,0,0,2026/09/10
千葉ロッテマリーンズ,西野 勇士,投手,左,,0,0,0,0,0,0,0,0,0,0,0,0,0,2026/09/10
千葉ロッテマリーンズ,西野 勇士,投手,右,,0,0,0,0,0,0,0,0,0,0,0,0,0,2026/09/10
千葉ロッテマリーンズ,廣畑 敦也,投手,左,,0,0,0,0,0,0,0,0,0,0,0,0,0,2026/09/10
千葉ロッテマリーンズ,廣畑 敦也,投手,右,,0,0,0,0,0,0,0,0,0,0,0,0,0,2026/09/10
千葉ロッテマリーンズ,大谷 輝龍,投手,左,,0,0,0,0,0,0,0,0,0,0,0,0,0,2026/09/10
千葉ロッテマリーンズ,大谷 輝龍,投手,右,,0,0,0,0,0,0,0,0,0,0,0,0,0,2026/09/10
千葉ロッテマリーンズ,八木 彬,投手,左,,0,0,0,0,0,0,0,0,0,0,0,0,0,2026/09/10
千葉ロッテマリーンズ,八木 彬,投手,右,,0,0,0,0,0,0,0,0,0,0,0,0,0,2026/09/10
千葉ロッテマリーンズ,高野 脩汰,投手,左,,0,0,0,0,0,0,0,0,0,0,0,0,0,2026/09/10
千葉ロッテマリーンズ,高野 脩汰,投手,右,,0,0,0,0,0,0,0,0,0,0,0,0,0,2026/09/10
千葉ロッテマリーンズ,田中 晴也,投手,左,,0,0,0,0,0,0,0,0,0,0,0,0,0,2026/09/10
千葉ロッテマリーンズ,田中 晴也,投手,右,0.000,4,2,0,0,0,0,0,0,0,2,0,0,0,2026/09/10
千葉ロッテマリーンズ,坂本 光士郎,投手,左,,0,0,0,0,0,0,0,0,0,0,0,0,0,2026/09/10
千葉ロッテマリーンズ,坂本 光士郎,投手,右,,0,0,0,0,0,0,0,0,0,0,0,0,0,2026/09/10
千葉ロッテマリーンズ,小野 郁,投手,左,,0,0,0,0,0,0,0,0,0,0,0,0,0,2026/09/10
千葉ロッテマリーンズ,小野 郁,投手,右,,0,0,0,0,0,0,0,0,0,0,0,0,0,2026/09/10
千葉ロッテマリーンズ,奥村 頼人,投手,左,,0,0,0,0,0,0,0,0,0,0,0,0,0,2026/09/10
千葉ロッテマリーンズ,奥村 頼人,投手,右,,0,0,0,0,0,0,0,0,0,0,0,0,0,2026/09/10
千葉ロッテマリーンズ,一條 力真,投手,左,,0,0,0,0,0,0,0,0,0,0,0,0,0,2026/09/10
千葉ロッテマリーンズ,一條 力真,投手,右,,0,0,0,0,0,0,0,0,0,0,0,0,0,2026/09/10
千葉ロッテマリーンズ,ジャクソン,投手,左,0.500,3,2,1,1,0,0,0,0,0,1,0,0,0,2026/09/10
千葉ロッテマリーンズ,ジャクソン,投手,右,0.000,4,3,0,0,0,0,0,0,0,1,0,0,0,2026/09/10
千葉ロッテマリーンズ,冨士 隼斗,投手,左,,0,0,0,0,0,0,0,0,0,0,0,0,0,2026/09/10
千葉ロッテマリーンズ,冨士 隼斗,投手,右,,0,0,0,0,0,0,0,0,0,0,0,0,0,2026/09/10
千葉ロッテマリーンズ,鈴木 昭汰,投手,左,,0,0,0,0,0,0,0,0,0,0,0,0,0,2026/09/10
千葉ロッテマリーンズ,鈴木 昭汰,投手,右,,0,0,0,0,0,0,0,0,0,0,0,0,0,2026/09/10
千葉ロッテマリーンズ,ルケーシー,投手,左,,0,0,0,0,0,0,0,0,0,0,0,0,0,2026/09/10
千葉ロッテマリーンズ,ルケーシー,投手,右,,0,0,0,0,0,0,0,0,0,0,0,0,0,2026/09/10
千葉ロッテマリーンズ,益田 直也,投手,左,,0,0,0,0,0,0,0,0,0,0,0,0,0,2026/09/10
千葉ロッテマリーンズ,益田 直也,投手,右,,0,0,0,0,0,0,0,0,0,0,0,0,0,2026/09/10
千葉ロッテマリーンズ,木村 優人,投手,左,,0,0,0,0,0,0,0,0,0,0,0,0,0,2026/09/10
千葉ロッテマリーンズ,木村 優人,投手,右,,0,0,0,0,0,0,0,0,0,0,0,0,0,2026/09/10
千葉ロッテマリーンズ,澤田 圭佑,投手,左,,0,0,0,0,0,0,0,0,0,0,0,0,0,2026/09/10
千葉ロッテマリーンズ,澤田 圭佑,投手,右,,0,0,0,0,0,0,0,0,0,0,0,0,0,2026/09/10
千葉ロッテマリーンズ,中森 俊介,投手,左,,0,0,0,0,0,0,0,0,0,0,0,0,0,2026/09/10
千葉ロッテマリーンズ,中森 俊介,投手,右,,0,0,0,0,0,0,0,0,0,0,0,0,0,2026/09/10
千葉ロッテマリーンズ,河村 説人,投手,左,,0,0,0,0,0,0,0,0,0,0,0,0,0,2026/09/10
千葉ロッテマリーンズ,河村 説人,投手,右,,0,0,0,0,0,0,0,0,0,0,0,0,0,2026/09/10
千葉ロッテマリーンズ,早坂 響,投手,左,,0,0,0,0,0,0,0,0,0,0,0,0,0,2026/09/10
千葉ロッテマリーンズ,早坂 響,投手,右,,0,0,0,0,0,0,0,0,0,0,0,0,0,2026/09/10
千葉ロッテマリーンズ,大聖,投手,左,,0,0,0,0,0,0,0,0,0,0,0,0,0,2026/09/10
千葉ロッテマリーンズ,大聖,投手,右,,0,0,0,0,0,0,0,0,0,0,0,0,0,2026/09/10
千葉ロッテマリーンズ,坂井 遼,投手,左,,0,0,0,0,0,0,0,0,0,0,0,0,0,2026/09/10
千葉ロッテマリーンズ,坂井 遼,投手,右,,0,0,0,0,0,0,0,0,0,0,0,0,0,2026/09/10
千葉ロッテマリーンズ,廣池 康志郎,投手,左,0.000,4,2,0,0,0,0,0,0,0,1,0,1,0,2026/09/10
千葉ロッテマリーンズ,廣池 康志郎,投手,右,0.000,3,2,0,0,0,0,0,0,0,0,0,1,0,2026/09/10
千葉ロッテマリーンズ,宮﨑 颯,投手,左,,0,0,0,0,0,0,0,0,0,0,0,0,0,2026/09/10
千葉ロッテマリーンズ,宮﨑 颯,投手,右,,0,0,0,0,0,0,0,0,0,0,0,0,0,2026/09/10
千葉ロッテマリーンズ,ロング,投手,左,,0,0,0,0,0,0,0,0,0,0,0,0,0,2026/09/10
千葉ロッテマリーンズ,ロング,投手,右,0.000,3,2,0,0,0,0,0,0,0,1,0,0,0,2026/09/10
千葉ロッテマリーンズ,吉川 悠斗,投手,左,,0,0,0,0,0,0,0,0,0,0,0,0,0,2026/09/10
千葉ロッテマリーンズ,吉川 悠斗,投手,右,,0,0,0,0,0,0,0,0,0,0,0,0,0,2026/09/10
千葉ロッテマリーンズ,森 遼大朗,投手,左,,0,0,0,0,0,0,0,0,0,0,0,0,0,2026/09/10
千葉ロッテマリーンズ,森 遼大朗,投手,右,,0,0,0,0,0,0,0,0,0,0,0,0,0,2026/09/10
千葉ロッテマリーンズ,髙橋 快秀,投手,左,,0,0,0,0,0,0,0,0,0,0,0,0,0,2026/09/10
千葉ロッテマリーンズ,髙橋 快秀,投手,右,,0,0,0,0,0,0,0,0,0,0,0,0,0,2026/09/10
千葉ロッテマリーンズ,松川 虎生,捕手,左,0.188,38,32,6,4,2,0,0,4,0,5,1,0,0,2026/09/10
千葉ロッテマリーンズ,松川 虎生,捕手,右,0.190,89,63,12,12,0,0,0,2,0,21,1,4,0,2026/09/10
千葉ロッテマリーンズ,田村 龍弘,捕手,左,0.000,5,3,0,0,0,0,0,0,0,2,0,0,0,2026/09/10
千葉ロッテマリーンズ,田村 龍弘,捕手,右,,0,0,0,0,0,0,0,0,0,0,0,0,0,2026/09/10
千葉ロッテマリーンズ,佐藤 都志也,捕手,左,0.205,161,112,23,18,3,0,2,12,2,34,12,1,2,2026/09/10
千葉ロッテマリーンズ,佐藤 都志也,捕手,右,0.243,304,230,56,32,11,0,13,38,3,44,29,0,1,2026/09/10
千葉ロッテマリーンズ,植田 将太,捕手,左,,0,0,0,0,0,0,0,0,0,0,0,0,0,2026/09/10
千葉ロッテマリーンズ,植田 将太,捕手,右,,0,0,0,0,0,0,0,0,0,0,0,0,0,2026/09/10
千葉ロッテマリーンズ,寺地 隆成,捕手,左,0.184,128,98,18,16,1,0,1,6,2,24,5,0,1,2026/09/10
千葉ロッテマリーンズ,寺地 隆成,捕手,右,0.194,227,175,34,26,5,0,3,15,0,28,21,1,2,2026/09/10
千葉ロッテマリーンズ,岡村 了樹,捕手,左,,0,0,0,0,0,0,0,0,0,0,0,0,0,2026/09/10
千葉ロッテマリーンズ,岡村 了樹,捕手,右,,0,0,0,0,0,0,0,0,0,0,0,0,0,2026/09/10
千葉ロッテマリーンズ,池田 来翔,内野手,左,0.256,53,43,11,7,3,1,0,1,0,8,1,1,0,2026/09/10
千葉ロッテマリーンズ,池田 来翔,内野手,右,0.205,49,39,8,7,1,0,0,0,0,9,0,1,0,2026/09/10
千葉ロッテマリーンズ,友杉 篤輝,内野手,左,0.204,116,93,19,14,5,0,0,5,0,14,5,4,0,2026/09/10
千葉ロッテマリーンズ,友杉 篤輝,内野手,右,0.266,192,154,41,39,1,1,0,11,0,25,9,4,0,2026/09/10
千葉ロッテマリーンズ,安田 尚憲,内野手,左,0.318,62,44,14,11,3,0,0,4,1,14,4,0,0,2026/09/10
千葉ロッテマリーンズ,安田 尚憲,内野手,右,0.254,172,126,32,16,10,0,6,21,0,36,9,0,1,2026/09/10
千葉ロッテマリーンズ,藤岡 裕大,内野手,左,0.154,20,13,2,2,0,0,0,1,0,4,2,0,1,2026/09/10
千葉ロッテマリーンズ,藤岡 裕大,内野手,右,0.083,16,12,1,1,0,0,0,0,0,3,0,1,0,2026/09/10
千葉ロッテマリーンズ,中村 奨吾,内野手,左,,0,0,0,0,0,0,0,0,0,0,0,0,0,2026/09/10
千葉ロッテマリーンズ,中村 奨吾,内野手,右,,0,0,0,0,0,0,0,0,0,0,0,0,0,2026/09/10
千葉ロッテマリーンズ,上田 希由翔,内野手,左,0.077,37,26,2,2,0,0,0,0,0,9,2,0,0,2026/09/10
千葉ロッテマリーンズ,上田 希由翔,内野手,右,0.261,154,119,31,19,5,0,7,15,0,26,9,0,0,2026/09/10
千葉ロッテマリーンズ,山﨑 剛,内野手,左,0.125,37,24,3,3,0,0,0,1,2,7,4,1,1,2026/09/10
千葉ロッテマリーンズ,山﨑 剛,内野手,右,0.241,120,87,21,18,2,0,1,5,0,29,4,0,0,2026/09/10
千葉ロッテマリーンズ,石垣 勝海,内野手,左,,0,0,0,0,0,0,0,0,0,0,0,0,0,2026/09/10
千葉ロッテマリーンズ,石垣 勝海,内野手,右,0.200,6,5,1,1,0,0,0,1,0,1,0,0,0,2026/09/10
千葉ロッテマリーンズ,宮崎 竜成,内野手,左,0.167,7,6,1,1,0,0,0,0,0,1,0,0,0,2026/09/10
千葉ロッテマリーンズ,宮崎 竜成,内野手,右,0.150,31,20,3,1,1,0,1,1,0,10,1,0,0,2026/09/10
千葉ロッテマリーンズ,立松 由宇,内野手,左,0.000,2,1,0,0,0,0,0,0,0,1,0,0,0,2026/09/10
千葉ロッテマリーンズ,立松 由宇,内野手,右,0.500,5,4,2,2,0,0,0,0,0,1,0,0,0,2026/09/10
千葉ロッテマリーンズ,櫻井 ユウヤ,内野手,左,0.000,4,2,0,0,0,0,0,0,0,2,0,0,0,2026/09/10
千葉ロッテマリーンズ,櫻井 ユウヤ,内野手,右,,0,0,0,0,0,0,0,0,0,0,0,0,0,2026/09/10
千葉ロッテマリーンズ,小川 龍成,内野手,左,0.336,174,143,48,43,3,2,0,10,1,23,5,3,0,2026/09/10
千葉ロッテマリーンズ,小川 龍成,内野手,右,0.248,300,238,59,47,8,2,2,12,3,41,12,8,1,2026/09/10
千葉ロッテマリーンズ,茶谷 健太,内野手,左,0.000,2,2,0,0,0,0,0,0,0,0,0,0,0,2026/09/10
千葉ロッテマリーンズ,茶谷 健太,内野手,右,0.222,13,9,2,2,0,0,0,0,0,3,0,1,0,2026/09/10
千葉ロッテマリーンズ,ソト,内野手,左,0.245,155,110,27,17,4,0,6,19,1,32,12,0,1,2026/09/10
千葉ロッテマリーンズ,ソト,内野手,右,0.214,267,196,42,24,9,0,9,24,5,58,12,0,1,2026/09/10
千葉ロッテマリーンズ,髙部 瑛斗,外野手,左,0.160,64,50,8,7,1,0,0,0,0,10,4,0,0,2026/09/10
千葉ロッテマリーンズ,髙部 瑛斗,外野手,右,0.286,82,63,18,17,1,0,0,2,0,15,4,0,0,2026/09/10
千葉ロッテマリーンズ,藤原 恭大,外野手,左,0.404,129,99,40,31,7,1,1,17,5,21,8,0,1,2026/09/10
千葉ロッテマリーンズ,藤原 恭大,外野手,右,0.242,289,211,51,39,5,1,6,20,5,48,30,0,0,2026/09/10
千葉ロッテマリーンズ,角中 勝也,外野手,左,0.000,4,3,0,0,0,0,0,0,0,1,0,0,0,2026/09/10
千葉ロッテマリーンズ,角中 勝也,外野手,右,0.077,19,13,1,1,0,0,0,0,1,5,1,0,0,2026/09/10
千葉ロッテマリーンズ,西川 史礁,外野手,左,0.286,185,147,42,32,8,0,2,16,3,24,14,0,0,2026/09/10
千葉ロッテマリーンズ,西川 史礁,外野手,右,0.309,360,278,86,62,18,1,5,27,3,60,22,0,0,2026/09/10
千葉ロッテマリーンズ,ポランコ,外野手,左,0.077,36,26,2,1,0,0,1,2,0,9,1,0,0,2026/09/10
千葉ロッテマリーンズ,ポランコ,外野手,右,0.211,158,109,23,11,8,0,4,12,0,34,13,0,2,2026/09/10
千葉ロッテマリーンズ,石川 慎吾,外野手,左,0.150,31,20,3,1,1,0,1,5,1,11,0,0,0,2026/09/10
千葉ロッテマリーンズ,石川 慎吾,外野手,右,0.071,23,14,1,1,0,0,0,2,0,6,3,0,0,2026/09/10
千葉ロッテマリーンズ,岡 大海,外野手,左,0.091,32,22,2,2,0,0,0,0,0,6,3,1,0,2026/09/10
千葉ロッテマリーンズ,岡 大海,外野手,右,0.174,32,23,4,3,1,0,0,0,0,8,1,0,0,2026/09/10
千葉ロッテマリーンズ,井上 広大,外野手,左,0.170,68,47,8,4,1,0,3,5,0,19,2,0,0,2026/09/10
千葉ロッテマリーンズ,井上 広大,外野手,右,0.111,41,27,3,1,1,0,1,2,0,12,1,0,1,2026/09/10
千葉ロッテマリーンズ,愛斗,外野手,左,0.292,28,24,7,6,1,0,0,1,1,4,0,0,0,2026/09/10
千葉ロッテマリーンズ,愛斗,外野手,右,0.186,78,59,11,8,1,1,1,8,0,16,1,2,0,2026/09/10
千葉ロッテマリーンズ,山口 航輝,外野手,左,0.298,122,94,28,17,4,0,7,17,1,23,5,0,0,2026/09/10
千葉ロッテマリーンズ,山口 航輝,外野手,右,0.294,274,201,59,28,10,1,20,42,4,57,14,0,2,2026/09/10
千葉ロッテマリーンズ,山本 大斗,外野手,左,0.167,63,48,8,6,1,0,1,5,1,11,3,0,1,2026/09/10
千葉ロッテマリーンズ,山本 大斗,外野手,右,0.213,82,61,13,9,3,0,1,4,2,15,6,0,0,2026/09/10
千葉ロッテマリーンズ,和田 康士朗,外野手,左,0.250,5,4,1,1,0,0,0,0,0,0,0,1,0,2026/09/10
千葉ロッテマリーンズ,和田 康士朗,外野手,右,0.167,34,24,4,4,0,0,0,1,0,5,4,1,0,2026/09/10