試合ID,試合日,曜日,リーグ区分,ホーム/ビジター,球団,対戦球団,投手フルネーム,登板順,登板区分,結果,投球数,打者,投球回,投球回(アウト),奪三振,暴投,ボーク,失点,自責点,試合防御率
20260808_M-B_19,2026-08-08,土,パ・リーグ公式戦,ビジター,オリックス・バファローズ,千葉ロッテマリーンズ,曽谷 龍平,1,先発,敗,86,21,5,15,7,1,0,4,4,7.20
20260808_M-B_19,2026-08-08,土,パ・リーグ公式戦,ビジター,オリックス・バファローズ,千葉ロッテマリーンズ,阿部 翔太,2,救援,,27,5,1,3,0,0,0,0,0,0.00
20260808_M-B_19,2026-08-08,土,パ・リーグ公式戦,ビジター,オリックス・バファローズ,千葉ロッテマリーンズ,富山 凌雅,3,救援,,10,3,1,3,0,0,0,0,0,0.00
20260808_M-B_19,2026-08-08,土,パ・リーグ公式戦,ビジター,オリックス・バファローズ,千葉ロッテマリーンズ,片山 楽生,4,救援,,15,3,1,3,2,0,0,0,0,0.00
20260808_DB-C_17,2026-08-08,土,セ・リーグ公式戦,ホーム,横浜DeNAベイスターズ,広島東洋カープ,篠木 健太郎,1,先発,,89,23,5+,15,2,0,0,2,2,3.60
20260808_DB-C_17,2026-08-08,土,セ・リーグ公式戦,ホーム,横浜DeNAベイスターズ,広島東洋カープ,松本 凌人,2,救援,,24,5,0.2,2,1,0,0,0,0,0.00
20260808_DB-C_17,2026-08-08,土,セ・リーグ公式戦,ホーム,横浜DeNAベイスターズ,広島東洋カープ,伊勢 大夢,3,救援,H,7,1,0.1,1,1,0,0,0,0,0.00
20260808_DB-C_17,2026-08-08,土,セ・リーグ公式戦,ホーム,横浜DeNAベイスターズ,広島東洋カープ,中川 虎大,4,救援,,13,4,1,3,2,0,0,1,1,9.00
20260808_DB-C_17,2026-08-08,土,セ・リーグ公式戦,ホーム,横浜DeNAベイスターズ,広島東洋カープ,浜地 真澄,5,救援,,16,3,1,3,1,0,0,0,0,0.00
20260808_DB-C_17,2026-08-08,土,セ・リーグ公式戦,ホーム,横浜DeNAベイスターズ,広島東洋カープ,Ｓ．レイノルズ,6,救援,H,9,3,1,3,1,0,0,0,0,0.00
20260808_DB-C_17,2026-08-08,土,セ・リーグ公式戦,ホーム,横浜DeNAベイスターズ,広島東洋カープ,Ｊ．ルイーズ,7,救援,H,18,5,1,3,1,0,0,0,0,0.00
20260808_DB-C_17,2026-08-08,土,セ・リーグ公式戦,ホーム,横浜DeNAベイスターズ,広島東洋カープ,馬場 皐輔,8,救援,勝,28,8,2,6,3,0,0,0,0,0.00
20260808_DB-C_17,2026-08-08,土,セ・リーグ公式戦,ビジター,広島東洋カープ,横浜DeNAベイスターズ,斉藤 優汰,1,先発,,85,22,5,15,4,0,0,2,2,3.60
20260808_DB-C_17,2026-08-08,土,セ・リーグ公式戦,ビジター,広島東洋カープ,横浜DeNAベイスターズ,辻 大雅,2,救援,H,13,4,1,3,1,0,0,0,0,0.00
20260808_DB-C_17,2026-08-08,土,セ・リーグ公式戦,ビジター,広島東洋カープ,横浜DeNAベイスターズ,遠藤 淳志,3,救援,H,24,4,1,3,1,0,0,0,0,0.00
20260808_DB-C_17,2026-08-08,土,セ・リーグ公式戦,ビジター,広島東洋カープ,横浜DeNAベイスターズ,髙 太一,4,救援,,20,4,1,3,0,0,0,1,1,9.00
20260808_DB-C_17,2026-08-08,土,セ・リーグ公式戦,ビジター,広島東洋カープ,横浜DeNAベイスターズ,森浦 大輔,5,救援,H,15,4,1,3,0,0,0,0,0,0.00
20260808_DB-C_17,2026-08-08,土,セ・リーグ公式戦,ビジター,広島東洋カープ,横浜DeNAベイスターズ,菊地 ハルン,6,救援,H,17,3,1,3,0,0,0,0,0,0.00
20260808_DB-C_17,2026-08-08,土,セ・リーグ公式戦,ビジター,広島東洋カープ,横浜DeNAベイスターズ,黒原 拓未,7,救援,H,5,2,0.1,1,0,0,0,0,0,0.00
20260808_DB-C_17,2026-08-08,土,セ・リーグ公式戦,ビジター,広島東洋カープ,横浜DeNAベイスターズ,アドゥワ 誠,8,救援,敗,21,5,0.2,2,1,0,0,1,1,13.50
20260808_T-D_18,2026-08-08,土,セ・リーグ公式戦,ホーム,阪神タイガース,中日ドラゴンズ,伊原 陵人,1,先発,敗,77,21,4.1,13,3,0,0,5,1,2.08
20260808_T-D_18,2026-08-08,土,セ・リーグ公式戦,ホーム,阪神タイガース,中日ドラゴンズ,神宮 僚介,2,救援,,15,3,0.2,2,1,0,0,0,0,0.00
20260808_T-D_18,2026-08-08,土,セ・リーグ公式戦,ホーム,阪神タイガース,中日ドラゴンズ,門別 啓人,3,救援,,41,12,2,6,2,0,0,2,2,9.00
20260808_T-D_18,2026-08-08,土,セ・リーグ公式戦,ホーム,阪神タイガース,中日ドラゴンズ,湯浅 京己,4,救援,,15,5,1,3,0,0,0,0,0,0.00
20260808_T-D_18,2026-08-08,土,セ・リーグ公式戦,ホーム,阪神タイガース,中日ドラゴンズ,Ａ．セベリーノ,5,救援,,16,4,1,3,2,0,0,0,0,0.00
20260808_L-H_19,2026-08-08,土,パ・リーグ公式戦,ホーム,埼玉西武ライオンズ,福岡ソフトバンクホークス,隅田 知一郎,1,先発,,108,29,7,21,5,0,0,1,1,1.29
20260808_L-H_19,2026-08-08,土,パ・リーグ公式戦,ホーム,埼玉西武ライオンズ,福岡ソフトバンクホークス,篠原 響,2,救援,勝,17,3,1,3,1,0,0,0,0,0.00
20260808_L-H_19,2026-08-08,土,パ・リーグ公式戦,ホーム,埼玉西武ライオンズ,福岡ソフトバンクホークス,甲斐野 央,3,救援,S,14,4,1,3,0,0,0,0,0,0.00
20260808_M-B_19,2026-08-08,土,パ・リーグ公式戦,ホーム,千葉ロッテマリーンズ,オリックス・バファローズ,Ａ．ジャクソン,1,先発,勝,111,27,7,21,3,0,0,0,0,0.00
20260808_M-B_19,2026-08-08,土,パ・リーグ公式戦,ホーム,千葉ロッテマリーンズ,オリックス・バファローズ,鈴木 昭汰,2,救援,,22,3,1,3,0,0,0,0,0,0.00
20260808_M-B_19,2026-08-08,土,パ・リーグ公式戦,ホーム,千葉ロッテマリーンズ,オリックス・バファローズ,横山 陸人,3,救援,,16,6,1,3,0,0,0,1,1,9.00
20260808_T-D_18,2026-08-08,土,セ・リーグ公式戦,ビジター,中日ドラゴンズ,阪神タイガース,Ｋ．マラー,1,先発,勝,92,29,7,21,6,0,0,1,0,0.00
20260808_T-D_18,2026-08-08,土,セ・リーグ公式戦,ビジター,中日ドラゴンズ,阪神タイガース,吉田 聖弥,2,救援,,25,6,1,3,2,0,0,0,0,0.00
20260808_T-D_18,2026-08-08,土,セ・リーグ公式戦,ビジター,中日ドラゴンズ,阪神タイガース,草加 勝,3,救援,,20,4,1,3,0,0,0,0,0,0.00
20260808_G-S_18,2026-08-08,土,セ・リーグ公式戦,ビジター,東京ヤクルトスワローズ,読売ジャイアンツ,高橋 奎二,1,先発,敗,55,16,2+,6,2,0,0,6,6,27.00
20260808_G-S_18,2026-08-08,土,セ・リーグ公式戦,ビジター,東京ヤクルトスワローズ,読売ジャイアンツ,荘司 宏太,2,救援,,33,8,2,6,1,0,0,0,0,0.00
20260808_G-S_18,2026-08-08,土,セ・リーグ公式戦,ビジター,東京ヤクルトスワローズ,読売ジャイアンツ,Ｎ．ウォルターズ,3,救援,,14,4,1,3,0,0,0,0,0,0.00
20260808_G-S_18,2026-08-08,土,セ・リーグ公式戦,ビジター,東京ヤクルトスワローズ,読売ジャイアンツ,Ｊ．リランソ,4,救援,,15,4,1,3,2,0,0,0,0,0.00
20260808_G-S_18,2026-08-08,土,セ・リーグ公式戦,ビジター,東京ヤクルトスワローズ,読売ジャイアンツ,丸山 翔大,5,救援,,17,6,1,3,0,0,0,2,2,18.00
20260808_G-S_18,2026-08-08,土,セ・リーグ公式戦,ビジター,東京ヤクルトスワローズ,読売ジャイアンツ,田口 麗斗,6,救援,,12,3,1,3,0,0,0,0,0,0.00
20260808_F-E_18,2026-08-08,土,パ・リーグ公式戦,ビジター,東北楽天ゴールデンイーグルス,北海道日本ハムファイターズ,早川 隆久,1,先発,勝,106,29,8,24,7,0,0,0,0,0.00
20260808_F-E_18,2026-08-08,土,パ・リーグ公式戦,ビジター,東北楽天ゴールデンイーグルス,北海道日本ハムファイターズ,Ｙ．マルテ,2,救援,,20,4,1,3,1,0,0,0,0,0.00
20260808_G-S_18,2026-08-08,土,セ・リーグ公式戦,ホーム,読売ジャイアンツ,東京ヤクルトスワローズ,竹丸 和幸,1,先発,勝,106,23,6,18,6,0,0,1,0,0.00
20260808_G-S_18,2026-08-08,土,セ・リーグ公式戦,ホーム,読売ジャイアンツ,東京ヤクルトスワローズ,田和 廉,2,救援,,12,3,0.1,1,0,0,0,1,1,27.00
20260808_G-S_18,2026-08-08,土,セ・リーグ公式戦,ホーム,読売ジャイアンツ,東京ヤクルトスワローズ,森田 駿哉,3,救援,,4,2,0.2,2,0,0,0,0,0,0.00
20260808_G-S_18,2026-08-08,土,セ・リーグ公式戦,ホーム,読売ジャイアンツ,東京ヤクルトスワローズ,代木 大和,4,救援,,32,9,2,6,2,0,0,0,0,0.00
20260808_L-H_19,2026-08-08,土,パ・リーグ公式戦,ビジター,福岡ソフトバンクホークス,埼玉西武ライオンズ,上茶谷 大河,1,先発,,103,25,7,21,7,0,0,0,0,0.00
20260808_L-H_19,2026-08-08,土,パ・リーグ公式戦,ビジター,福岡ソフトバンクホークス,埼玉西武ライオンズ,松本 裕樹,2,救援,敗,17,5,1,3,0,0,0,2,2,18.00
20260808_F-E_18,2026-08-08,土,パ・リーグ公式戦,ホーム,北海道日本ハムファイターズ,東北楽天ゴールデンイーグルス,加藤 貴之,1,先発,敗,105,28,6.1,19,4,0,0,4,2,2.84
20260808_F-E_18,2026-08-08,土,パ・リーグ公式戦,ホーム,北海道日本ハムファイターズ,東北楽天ゴールデンイーグルス,上原 健太,2,救援,,23,5,0.2,2,0,0,0,2,2,27.00
20260808_F-E_18,2026-08-08,土,パ・リーグ公式戦,ホーム,北海道日本ハムファイターズ,東北楽天ゴールデンイーグルス,孫 易磊,3,救援,,17,6,2,6,2,0,0,0,0,0.00
20260807_M-B_18,2026-08-07,金,パ・リーグ公式戦,ビジター,オリックス・バファローズ,千葉ロッテマリーンズ,寺西 成騎,1,先発,勝,102,25,6,18,6,0,0,2,2,3.00
20260807_M-B_18,2026-08-07,金,パ・リーグ公式戦,ビジター,オリックス・バファローズ,千葉ロッテマリーンズ,山﨑 颯一郎,2,救援,H,20,4,1,3,1,0,0,0,0,0.00
20260807_M-B_18,2026-08-07,金,パ・リーグ公式戦,ビジター,オリックス・バファローズ,千葉ロッテマリーンズ,椋木 蓮,3,救援,,17,5,1,3,0,0,0,0,0,0.00
20260807_M-B_18,2026-08-07,金,パ・リーグ公式戦,ビジター,オリックス・バファローズ,千葉ロッテマリーンズ,Ａ．マチャド,4,救援,,9,3,1,3,2,0,0,0,0,0.00
20260807_DB-C_16,2026-08-07,金,セ・リーグ公式戦,ホーム,横浜DeNAベイスターズ,広島東洋カープ,平良 拳太郎,1,先発,勝,99,27,7,21,3,0,0,1,1,1.29
20260807_DB-C_16,2026-08-07,金,セ・リーグ公式戦,ホーム,横浜DeNAベイスターズ,広島東洋カープ,Ｊ．ルイーズ,2,救援,H,14,4,1,3,0,0,0,0,0,0.00
20260807_DB-C_16,2026-08-07,金,セ・リーグ公式戦,ホーム,横浜DeNAベイスターズ,広島東洋カープ,Ｓ．レイノルズ,3,救援,S,17,4,1,3,0,0,0,0,0,0.00
20260807_DB-C_16,2026-08-07,金,セ・リーグ公式戦,ビジター,広島東洋カープ,横浜DeNAベイスターズ,森下 暢仁,1,先発,敗,112,27,7,21,7,0,0,2,2,2.57
20260807_DB-C_16,2026-08-07,金,セ・リーグ公式戦,ビジター,広島東洋カープ,横浜DeNAベイスターズ,髙 太一,2,救援,,11,3,1,3,2,0,0,0,0,0.00
20260807_T-D_17,2026-08-07,金,セ・リーグ公式戦,ホーム,阪神タイガース,中日ドラゴンズ,才木 浩人,1,先発,,114,27,8,24,8,1,0,0,0,0.00
20260807_T-D_17,2026-08-07,金,セ・リーグ公式戦,ホーム,阪神タイガース,中日ドラゴンズ,Ｒ．ドリス,2,救援,敗,30,7,1,3,1,2,0,3,3,27.00
20260807_L-H_18,2026-08-07,金,パ・リーグ公式戦,ホーム,埼玉西武ライオンズ,福岡ソフトバンクホークス,髙橋 光成,1,先発,,98,23,6,18,6,0,0,1,1,1.50
20260807_L-H_18,2026-08-07,金,パ・リーグ公式戦,ホーム,埼玉西武ライオンズ,福岡ソフトバンクホークス,森脇 亮介,2,救援,敗,22,6,1,3,1,0,0,2,2,18.00
20260807_L-H_18,2026-08-07,金,パ・リーグ公式戦,ホーム,埼玉西武ライオンズ,福岡ソフトバンクホークス,佐藤 隼輔,3,救援,,14,6,1,3,0,0,0,2,2,18.00
20260807_L-H_18,2026-08-07,金,パ・リーグ公式戦,ホーム,埼玉西武ライオンズ,福岡ソフトバンクホークス,黒木 優太,4,救援,,9,3,1,3,2,0,0,0,0,0.00
20260807_M-B_18,2026-08-07,金,パ・リーグ公式戦,ホーム,千葉ロッテマリーンズ,オリックス・バファローズ,廣池 康志郎,1,先発,敗,98,28,6,18,1,0,0,5,5,7.50
20260807_M-B_18,2026-08-07,金,パ・リーグ公式戦,ホーム,千葉ロッテマリーンズ,オリックス・バファローズ,坂本 光士郎,2,救援,,39,11,2,6,3,0,0,1,0,0.00
20260807_M-B_18,2026-08-07,金,パ・リーグ公式戦,ホーム,千葉ロッテマリーンズ,オリックス・バファローズ,髙橋 快秀,3,救援,,15,3,1,3,1,0,0,0,0,0.00
20260807_T-D_17,2026-08-07,金,セ・リーグ公式戦,ビジター,中日ドラゴンズ,阪神タイガース,髙橋 宏斗,1,先発,,80,18,5,15,9,1,0,2,2,3.60
20260807_T-D_17,2026-08-07,金,セ・リーグ公式戦,ビジター,中日ドラゴンズ,阪神タイガース,Ａ．アブレウ,2,救援,,15,3,1,3,2,0,0,0,0,0.00
20260807_T-D_17,2026-08-07,金,セ・リーグ公式戦,ビジター,中日ドラゴンズ,阪神タイガース,齋藤 綱記,3,救援,,9,3,1,3,1,0,0,0,0,0.00
20260807_T-D_17,2026-08-07,金,セ・リーグ公式戦,ビジター,中日ドラゴンズ,阪神タイガース,藤嶋 健人,4,救援,勝,15,4,1,3,1,0,0,0,0,0.00
20260807_T-D_17,2026-08-07,金,セ・リーグ公式戦,ビジター,中日ドラゴンズ,阪神タイガース,松山 晋也,5,救援,S,18,5,1,3,1,1,0,0,0,0.00
20260807_G-S_17,2026-08-07,金,セ・リーグ公式戦,ビジター,東京ヤクルトスワローズ,読売ジャイアンツ,奥川 恭伸,1,先発,勝,115,29,9,27,7,0,0,0,0,0.00
20260807_F-E_17,2026-08-07,金,パ・リーグ公式戦,ビジター,東北楽天ゴールデンイーグルス,北海道日本ハムファイターズ,Ｊ．ウレーニャ,1,先発,,72,21,5,15,5,0,0,0,0,0.00
20260807_F-E_17,2026-08-07,金,パ・リーグ公式戦,ビジター,東北楽天ゴールデンイーグルス,北海道日本ハムファイターズ,加治屋 蓮,2,救援,H,8,4,1,3,1,0,0,0,0,0.00
20260807_F-E_17,2026-08-07,金,パ・リーグ公式戦,ビジター,東北楽天ゴールデンイーグルス,北海道日本ハムファイターズ,泰 勝利,3,救援,H,12,3,1,3,2,0,0,0,0,0.00
20260807_F-E_17,2026-08-07,金,パ・リーグ公式戦,ビジター,東北楽天ゴールデンイーグルス,北海道日本ハムファイターズ,九谷 瑠,4,救援,,23,8,1,3,1,0,0,2,2,18.00
20260807_F-E_17,2026-08-07,金,パ・リーグ公式戦,ビジター,東北楽天ゴールデンイーグルス,北海道日本ハムファイターズ,中込 陽翔,5,救援,敗,17,4,0.1,1,0,0,0,1,0,0.00
20260807_G-S_17,2026-08-07,金,セ・リーグ公式戦,ホーム,読売ジャイアンツ,東京ヤクルトスワローズ,Ｓ．ハワード,1,先発,敗,109,29,7,21,8,0,0,1,1,1.29
20260807_G-S_17,2026-08-07,金,セ・リーグ公式戦,ホーム,読売ジャイアンツ,東京ヤクルトスワローズ,堀田 賢慎,2,救援,,9,3,1,3,0,0,0,0,0,0.00
20260807_G-S_17,2026-08-07,金,セ・リーグ公式戦,ホーム,読売ジャイアンツ,東京ヤクルトスワローズ,森田 駿哉,3,救援,,12,3,1,3,1,0,0,0,0,0.00
20260807_L-H_18,2026-08-07,金,パ・リーグ公式戦,ビジター,福岡ソフトバンクホークス,埼玉西武ライオンズ,松本 晴,1,先発,勝,103,26,7,21,10,0,0,1,1,1.29
20260807_L-H_18,2026-08-07,金,パ・リーグ公式戦,ビジター,福岡ソフトバンクホークス,埼玉西武ライオンズ,松本 裕樹,2,救援,,24,6,1,3,3,0,0,1,1,9.00
20260807_L-H_18,2026-08-07,金,パ・リーグ公式戦,ビジター,福岡ソフトバンクホークス,埼玉西武ライオンズ,杉山 一樹,3,救援,S,17,4,1,3,0,0,0,0,0,0.00
20260807_F-E_17,2026-08-07,金,パ・リーグ公式戦,ホーム,北海道日本ハムファイターズ,東北楽天ゴールデンイーグルス,達 孝太,1,先発,,109,29,7,21,7,0,1,2,2,2.57
20260807_F-E_17,2026-08-07,金,パ・リーグ公式戦,ホーム,北海道日本ハムファイターズ,東北楽天ゴールデンイーグルス,生田目 翼,2,救援,,11,3,1,3,1,0,0,0,0,0.00
20260807_F-E_17,2026-08-07,金,パ・リーグ公式戦,ホーム,北海道日本ハムファイターズ,東北楽天ゴールデンイーグルス,柳川 大晟,3,救援,勝,10,3,1,3,0,0,0,0,0,0.00
20260806_B-E_15,2026-08-06,木,パ・リーグ公式戦,ホーム,オリックス・バファローズ,東北楽天ゴールデンイーグルス,田嶋 大樹,1,先発,敗,72,19,5,15,3,0,0,3,3,5.40
20260806_B-E_15,2026-08-06,木,パ・リーグ公式戦,ホーム,オリックス・バファローズ,東北楽天ゴールデンイーグルス,吉田 輝星,2,救援,,9,3,1,3,0,0,0,0,0,0.00
20260806_B-E_15,2026-08-06,木,パ・リーグ公式戦,ホーム,オリックス・バファローズ,東北楽天ゴールデンイーグルス,阿部 翔太,3,救援,,20,4,1,3,2,0,0,0,0,0.00
20260806_B-E_15,2026-08-06,木,パ・リーグ公式戦,ホーム,オリックス・バファローズ,東北楽天ゴールデンイーグルス,山田 修義,4,救援,,13,3,0.1,1,0,0,0,0,0,0.00
20260806_B-E_15,2026-08-06,木,パ・リーグ公式戦,ホーム,オリックス・バファローズ,東北楽天ゴールデンイーグルス,山岡 泰輔,5,救援,,15,3,0.2,2,1,0,0,0,0,0.00
20260806_B-E_15,2026-08-06,木,パ・リーグ公式戦,ホーム,オリックス・バファローズ,東北楽天ゴールデンイーグルス,入山 海斗,6,救援,,11,3,1,3,0,0,0,0,0,0.00
20260806_DB-T_16,2026-08-06,木,セ・リーグ公式戦,ホーム,横浜DeNAベイスターズ,阪神タイガース,Ｏ．ビド,1,先発,敗,67,18,2,6,2,0,0,8,8,36.00
20260806_DB-T_16,2026-08-06,木,セ・リーグ公式戦,ホーム,横浜DeNAベイスターズ,阪神タイガース,若松 尚輝,2,救援,,66,19,4.2,14,2,0,0,1,1,1.93
20260806_DB-T_16,2026-08-06,木,セ・リーグ公式戦,ホーム,横浜DeNAベイスターズ,阪神タイガース,松本 凌人,3,救援,,1,1,0.1,1,0,0,0,0,0,0.00
20260806_DB-T_16,2026-08-06,木,セ・リーグ公式戦,ホーム,横浜DeNAベイスターズ,阪神タイガース,吉野 光樹,4,救援,,36,12,2,6,3,0,0,1,0,0.00
20260806_C-G_14,2026-08-06,木,セ・リーグ公式戦,ホーム,広島東洋カープ,読売ジャイアンツ,岡本 駿,1,先発,,55,19,4,12,3,1,0,4,4,9.00
20260806_C-G_14,2026-08-06,木,セ・リーグ公式戦,ホーム,広島東洋カープ,読売ジャイアンツ,菊地 ハルン,2,救援,H,17,4,1,3,2,0,0,0,0,0.00
20260806_C-G_14,2026-08-06,木,セ・リーグ公式戦,ホーム,広島東洋カープ,読売ジャイアンツ,遠藤 淳志,3,救援,H,13,3,1,3,2,0,0,0,0,0.00
20260806_C-G_14,2026-08-06,木,セ・リーグ公式戦,ホーム,広島東洋カープ,読売ジャイアンツ,辻 大雅,4,救援,敗,30,6,0.2,2,0,0,0,4,4,54.00
20260806_C-G_14,2026-08-06,木,セ・リーグ公式戦,ホーム,広島東洋カープ,読売ジャイアンツ,益田 武尚,5,救援,,12,3,0.1,1,1,0,0,0,0,0.00
20260806_C-G_14,2026-08-06,木,セ・リーグ公式戦,ホーム,広島東洋カープ,読売ジャイアンツ,黒原 拓未,6,救援,,44,11,1.2,5,2,0,0,3,3,16.20
20260806_C-G_14,2026-08-06,木,セ・リーグ公式戦,ホーム,広島東洋カープ,読売ジャイアンツ,赤木 晴哉,7,救援,,5,1,0.1,1,0,0,0,0,0,0.00
20260806_DB-T_16,2026-08-06,木,セ・リーグ公式戦,ビジター,阪神タイガース,横浜DeNAベイスターズ,大竹 耕太郎,1,先発,勝,76,23,6,18,1,0,0,3,3,4.50
20260806_DB-T_16,2026-08-06,木,セ・リーグ公式戦,ビジター,阪神タイガース,横浜DeNAベイスターズ,木下 里都,2,救援,,14,6,1,3,1,0,0,1,1,9.00
20260806_DB-T_16,2026-08-06,木,セ・リーグ公式戦,ビジター,阪神タイガース,横浜DeNAベイスターズ,及川 雅貴,3,救援,,17,4,1,3,0,0,0,1,1,9.00
20260806_DB-T_16,2026-08-06,木,セ・リーグ公式戦,ビジター,阪神タイガース,横浜DeNAベイスターズ,工藤 泰成,4,救援,,16,3,1,3,2,0,0,0,0,0.00
20260806_D-S_16,2026-08-06,木,セ・リーグ公式戦,ホーム,中日ドラゴンズ,東京ヤクルトスワローズ,金丸 夢斗,1,先発,,116,28,7,21,5,0,0,0,0,0.00
20260806_D-S_16,2026-08-06,木,セ・リーグ公式戦,ホーム,中日ドラゴンズ,東京ヤクルトスワローズ,橋本 侑樹,2,救援,勝,14,3,1,3,2,0,0,0,0,0.00
20260806_D-S_16,2026-08-06,木,セ・リーグ公式戦,ホーム,中日ドラゴンズ,東京ヤクルトスワローズ,草加 勝,3,救援,,15,4,1,3,1,0,0,0,0,0.00
20260806_D-S_16,2026-08-06,木,セ・リーグ公式戦,ビジター,東京ヤクルトスワローズ,中日ドラゴンズ,増居 翔太,1,先発,,87,23,6,18,2,0,0,0,0,0.00
20260806_D-S_16,2026-08-06,木,セ・リーグ公式戦,ビジター,東京ヤクルトスワローズ,中日ドラゴンズ,星 知弥,2,救援,H,13,4,1,3,1,0,0,0,0,0.00
20260806_D-S_16,2026-08-06,木,セ・リーグ公式戦,ビジター,東京ヤクルトスワローズ,中日ドラゴンズ,清水 昇,3,救援,敗,15,5,0.1,1,0,0,0,4,1,27.00
20260806_D-S_16,2026-08-06,木,セ・リーグ公式戦,ビジター,東京ヤクルトスワローズ,中日ドラゴンズ,阪口 皓亮,4,救援,,20,5,0.2,2,0,0,0,1,1,13.50
20260806_B-E_15,2026-08-06,木,パ・リーグ公式戦,ビジター,東北楽天ゴールデンイーグルス,オリックス・バファローズ,岸 孝之,1,先発,勝,102,25,7,21,3,0,0,1,1,1.29
20260806_B-E_15,2026-08-06,木,パ・リーグ公式戦,ビジター,東北楽天ゴールデンイーグルス,オリックス・バファローズ,九谷 瑠,2,救援,H,10,3,1,3,0,0,0,0,0,0.00
20260806_B-E_15,2026-08-06,木,パ・リーグ公式戦,ビジター,東北楽天ゴールデンイーグルス,オリックス・バファローズ,藤平 尚真,3,救援,S,6,3,1,3,1,0,0,0,0,0.00
20260806_C-G_14,2026-08-06,木,セ・リーグ公式戦,ビジター,読売ジャイアンツ,広島東洋カープ,又木 鉄平,1,先発,,72,18,3.2,11,2,0,0,4,4,9.82
20260806_C-G_14,2026-08-06,木,セ・リーグ公式戦,ビジター,読売ジャイアンツ,広島東洋カープ,泉 圭輔,2,救援,,32,7,1.1,4,2,0,0,2,2,13.50
20260806_C-G_14,2026-08-06,木,セ・リーグ公式戦,ビジター,読売ジャイアンツ,広島東洋カープ,船迫 大雅,3,救援,勝,12,3,1,3,1,0,0,0,0,0.00
20260806_C-G_14,2026-08-06,木,セ・リーグ公式戦,ビジター,読売ジャイアンツ,広島東洋カープ,堀田 賢慎,4,救援,H,15,3,1,3,2,0,0,0,0,0.00
20260806_C-G_14,2026-08-06,木,セ・リーグ公式戦,ビジター,読売ジャイアンツ,広島東洋カープ,田中 瑛斗,5,救援,H,16,4,1,3,0,0,0,1,0,0.00
20260806_C-G_14,2026-08-06,木,セ・リーグ公式戦,ビジター,読売ジャイアンツ,広島東洋カープ,赤星 優志,6,救援,,12,3,0.1,1,0,0,0,0,0,0.00
20260806_C-G_14,2026-08-06,木,セ・リーグ公式戦,ビジター,読売ジャイアンツ,広島東洋カープ,Ｒ．マルティネス,7,救援,S,7,2,0.2,2,0,0,0,0,0,0.00
20260806_H-F_17,2026-08-06,木,パ・リーグ公式戦,ホーム,福岡ソフトバンクホークス,北海道日本ハムファイターズ,Ｃ．スチュワート・ジュニア,1,先発,,96,24,6,18,7,0,0,2,2,3.00
20260806_H-F_17,2026-08-06,木,パ・リーグ公式戦,ホーム,福岡ソフトバンクホークス,北海道日本ハムファイターズ,Ｄ．ヘルナンデス,2,救援,H,12,4,1,3,1,0,0,0,0,0.00
20260806_H-F_17,2026-08-06,木,パ・リーグ公式戦,ホーム,福岡ソフトバンクホークス,北海道日本ハムファイターズ,Ｒ．オスナ,3,救援,敗,16,5,0.1,1,0,0,0,4,4,108.00
20260806_H-F_17,2026-08-06,木,パ・リーグ公式戦,ホーム,福岡ソフトバンクホークス,北海道日本ハムファイターズ,木村 光,4,救援,,19,3,0.2,2,2,0,0,0,0,0.00
20260806_H-F_17,2026-08-06,木,パ・リーグ公式戦,ホーム,福岡ソフトバンクホークス,北海道日本ハムファイターズ,伊藤 優輔,5,救援,,5,3,1,3,0,0,0,0,0,0.00
20260806_H-F_17,2026-08-06,木,パ・リーグ公式戦,ビジター,北海道日本ハムファイターズ,福岡ソフトバンクホークス,細野 晴希,1,先発,,103,27,6,18,7,0,0,2,2,3.00
20260806_H-F_17,2026-08-06,木,パ・リーグ公式戦,ビジター,北海道日本ハムファイターズ,福岡ソフトバンクホークス,孫 易磊,2,救援,H,11,3,0.2,2,0,0,0,0,0,0.00
20260806_H-F_17,2026-08-06,木,パ・リーグ公式戦,ビジター,北海道日本ハムファイターズ,福岡ソフトバンクホークス,堀 瑞輝,3,救援,勝,6,1,0.1,1,1,0,0,0,0,0.00
20260806_H-F_17,2026-08-06,木,パ・リーグ公式戦,ビジター,北海道日本ハムファイターズ,福岡ソフトバンクホークス,上原 健太,4,救援,,10,3,1,3,0,0,0,0,0,0.00
20260806_H-F_17,2026-08-06,木,パ・リーグ公式戦,ビジター,北海道日本ハムファイターズ,福岡ソフトバンクホークス,柳川 大晟,5,救援,,19,4,1,3,1,1,0,0,0,0.00
20260805_B-E_14,2026-08-05,水,パ・リーグ公式戦,ホーム,オリックス・バファローズ,東北楽天ゴールデンイーグルス,Ａ．エスピノーザ,1,先発,勝,111,30,7,21,4,0,0,1,1,1.29
20260805_B-E_14,2026-08-05,水,パ・リーグ公式戦,ホーム,オリックス・バファローズ,東北楽天ゴールデンイーグルス,椋木 蓮,2,救援,H,13,3,1,3,1,0,0,0,0,0.00
20260805_B-E_14,2026-08-05,水,パ・リーグ公式戦,ホーム,オリックス・バファローズ,東北楽天ゴールデンイーグルス,Ａ．マチャド,3,救援,S,6,3,1,3,0,0,0,0,0,0.00
20260805_DB-T_15,2026-08-05,水,セ・リーグ公式戦,ホーム,横浜DeNAベイスターズ,阪神タイガース,東 克樹,1,先発,勝,96,28,7,21,6,0,0,3,3,3.86
20260805_DB-T_15,2026-08-05,水,セ・リーグ公式戦,ホーム,横浜DeNAベイスターズ,阪神タイガース,Ｈ．マルセリーノ,2,救援,,13,4,0+,0,0,1,0,4,4,
20260805_DB-T_15,2026-08-05,水,セ・リーグ公式戦,ホーム,横浜DeNAベイスターズ,阪神タイガース,松本 凌人,3,救援,,7,3,1,3,0,0,0,0,0,0.00
20260805_DB-T_15,2026-08-05,水,セ・リーグ公式戦,ホーム,横浜DeNAベイスターズ,阪神タイガース,伊勢 大夢,4,救援,,15,3,1,3,2,0,0,0,0,0.00
20260805_C-G_13,2026-08-05,水,セ・リーグ公式戦,ホーム,広島東洋カープ,読売ジャイアンツ,森 翔平,1,先発,敗,111,28,7,21,8,1,0,3,3,3.86
20260805_C-G_13,2026-08-05,水,セ・リーグ公式戦,ホーム,広島東洋カープ,読売ジャイアンツ,アドゥワ 誠,2,救援,,36,8,2,6,1,0,0,1,1,4.50
20260805_DB-T_15,2026-08-05,水,セ・リーグ公式戦,ビジター,阪神タイガース,横浜DeNAベイスターズ,髙橋 遥人,1,先発,敗,64,19,4,12,2,0,0,6,4,9.00
20260805_DB-T_15,2026-08-05,水,セ・リーグ公式戦,ビジター,阪神タイガース,横浜DeNAベイスターズ,早川 太貴,2,救援,,46,16,2,6,2,0,0,5,5,22.50
20260805_DB-T_15,2026-08-05,水,セ・リーグ公式戦,ビジター,阪神タイガース,横浜DeNAベイスターズ,Ａ．セベリーノ,3,救援,,16,5,1,3,2,0,0,0,0,0.00
20260805_DB-T_15,2026-08-05,水,セ・リーグ公式戦,ビジター,阪神タイガース,横浜DeNAベイスターズ,神宮 僚介,4,救援,,14,3,1,3,1,0,0,0,0,0.00
20260805_M-L_16,2026-08-05,水,パ・リーグ公式戦,ビジター,埼玉西武ライオンズ,千葉ロッテマリーンズ,佐藤 爽,1,先発,敗,92,29,6.1,19,3,0,0,7,7,9.95
20260805_M-L_16,2026-08-05,水,パ・リーグ公式戦,ビジター,埼玉西武ライオンズ,千葉ロッテマリーンズ,中村 祐太,2,救援,,29,7,1.2,5,2,0,0,1,1,5.40
20260805_M-L_16,2026-08-05,水,パ・リーグ公式戦,ホーム,千葉ロッテマリーンズ,埼玉西武ライオンズ,毛利 海大,1,先発,勝,86,22,6,18,5,0,0,0,0,0.00
20260805_M-L_16,2026-08-05,水,パ・リーグ公式戦,ホーム,千葉ロッテマリーンズ,埼玉西武ライオンズ,中森 俊介,2,救援,,11,4,1,3,0,0,0,0,0,0.00
20260805_M-L_16,2026-08-05,水,パ・リーグ公式戦,ホーム,千葉ロッテマリーンズ,埼玉西武ライオンズ,澤田 圭佑,3,救援,,8,3,1,3,1,0,0,0,0,0.00
20260805_M-L_16,2026-08-05,水,パ・リーグ公式戦,ホーム,千葉ロッテマリーンズ,埼玉西武ライオンズ,坂本 光士郎,4,救援,,15,5,1,3,1,0,0,0,0,0.00
20260805_D-S_15,2026-08-05,水,セ・リーグ公式戦,ホーム,中日ドラゴンズ,東京ヤクルトスワローズ,涌井 秀章,1,先発,勝,76,20,6,18,3,0,0,1,1,1.50
20260805_D-S_15,2026-08-05,水,セ・リーグ公式戦,ホーム,中日ドラゴンズ,東京ヤクルトスワローズ,橋本 侑樹,2,救援,H,18,3,1,3,2,0,0,0,0,0.00
20260805_D-S_15,2026-08-05,水,セ・リーグ公式戦,ホーム,中日ドラゴンズ,東京ヤクルトスワローズ,吉田 聖弥,3,救援,H,15,3,1,3,1,0,0,0,0,0.00
20260805_D-S_15,2026-08-05,水,セ・リーグ公式戦,ホーム,中日ドラゴンズ,東京ヤクルトスワローズ,松山 晋也,4,救援,S,6,3,1,3,0,0,0,0,0,0.00
20260805_D-S_15,2026-08-05,水,セ・リーグ公式戦,ビジター,東京ヤクルトスワローズ,中日ドラゴンズ,山野 太一,1,先発,敗,100,24,5,15,6,0,0,4,3,5.40
20260805_D-S_15,2026-08-05,水,セ・リーグ公式戦,ビジター,東京ヤクルトスワローズ,中日ドラゴンズ,荘司 宏太,2,救援,,24,7,2,6,1,0,0,0,0,0.00
20260805_D-S_15,2026-08-05,水,セ・リーグ公式戦,ビジター,東京ヤクルトスワローズ,中日ドラゴンズ,田口 麗斗,3,救援,,19,5,1,3,0,0,0,0,0,0.00
20260805_B-E_14,2026-08-05,水,パ・リーグ公式戦,ビジター,東北楽天ゴールデンイーグルス,オリックス・バファローズ,瀧中 瞭太,1,先発,敗,93,27,7,21,0,0,0,3,3,3.86
20260805_B-E_14,2026-08-05,水,パ・リーグ公式戦,ビジター,東北楽天ゴールデンイーグルス,オリックス・バファローズ,柴田 大地,2,救援,,22,5,1,3,1,0,0,0,0,0.00
20260805_C-G_13,2026-08-05,水,セ・リーグ公式戦,ビジター,読売ジャイアンツ,広島東洋カープ,井上 温大,1,先発,勝,97,26,7,21,4,0,0,0,0,0.00
20260805_C-G_13,2026-08-05,水,セ・リーグ公式戦,ビジター,読売ジャイアンツ,広島東洋カープ,中川 皓太,2,救援,,10,2,0.2,2,2,0,0,0,0,0.00
20260805_C-G_13,2026-08-05,水,セ・リーグ公式戦,ビジター,読売ジャイアンツ,広島東洋カープ,田中 瑛斗,3,救援,,9,2,0.1,1,1,0,0,0,0,0.00
20260805_C-G_13,2026-08-05,水,セ・リーグ公式戦,ビジター,読売ジャイアンツ,広島東洋カープ,森田 駿哉,4,救援,,21,4,1,3,2,0,0,0,0,0.00
20260805_H-F_16,2026-08-05,水,パ・リーグ公式戦,ホーム,福岡ソフトバンクホークス,北海道日本ハムファイターズ,大津 亮介,1,先発,,67,18,5,15,5,0,0,2,2,3.60
20260805_H-F_16,2026-08-05,水,パ・リーグ公式戦,ホーム,福岡ソフトバンクホークス,北海道日本ハムファイターズ,津森 宥紀,2,救援,,30,7,0.2,2,1,0,0,3,0,0.00
20260805_H-F_16,2026-08-05,水,パ・リーグ公式戦,ホーム,福岡ソフトバンクホークス,北海道日本ハムファイターズ,鈴木 豪太,3,救援,H,2,1,0.1,1,0,0,0,0,0,0.00
20260805_H-F_16,2026-08-05,水,パ・リーグ公式戦,ホーム,福岡ソフトバンクホークス,北海道日本ハムファイターズ,Ｒ．オスナ,4,救援,H,9,3,1,3,1,0,0,0,0,0.00
20260805_H-F_16,2026-08-05,水,パ・リーグ公式戦,ホーム,福岡ソフトバンクホークス,北海道日本ハムファイターズ,松本 裕樹,5,救援,勝,12,3,1,3,3,0,0,0,0,0.00
20260805_H-F_16,2026-08-05,水,パ・リーグ公式戦,ホーム,福岡ソフトバンクホークス,北海道日本ハムファイターズ,杉山 一樹,6,救援,S,29,6,1,3,3,0,0,0,0,0.00
20260805_H-F_16,2026-08-05,水,パ・リーグ公式戦,ビジター,北海道日本ハムファイターズ,福岡ソフトバンクホークス,北山 亘基,1,先発,,52,14,2,6,2,0,0,5,3,13.50
20260805_H-F_16,2026-08-05,水,パ・リーグ公式戦,ビジター,北海道日本ハムファイターズ,福岡ソフトバンクホークス,金村 尚真,2,救援,,39,9,3,9,3,0,0,0,0,0.00
20260805_H-F_16,2026-08-05,水,パ・リーグ公式戦,ビジター,北海道日本ハムファイターズ,福岡ソフトバンクホークス,田中 正義,3,救援,H,13,3,1,3,0,0,0,0,0,0.00
20260805_H-F_16,2026-08-05,水,パ・リーグ公式戦,ビジター,北海道日本ハムファイターズ,福岡ソフトバンクホークス,福島 蓮,4,救援,H,14,5,1,3,1,0,0,0,0,0.00
20260805_H-F_16,2026-08-05,水,パ・リーグ公式戦,ビジター,北海道日本ハムファイターズ,福岡ソフトバンクホークス,島本 浩也,5,救援,敗,15,5,1,3,0,0,0,2,2,18.00
20260804_DB-T_14,2026-08-04,火,セ・リーグ公式戦,ホーム,横浜DeNAベイスターズ,阪神タイガース,尾形 崇斗,1,先発,勝,104,27,7,21,7,0,0,0,0,0.00
20260804_DB-T_14,2026-08-04,火,セ・リーグ公式戦,ホーム,横浜DeNAベイスターズ,阪神タイガース,Ｊ．ルイーズ,2,救援,H,12,4,1,3,0,0,0,0,0,0.00
20260804_DB-T_14,2026-08-04,火,セ・リーグ公式戦,ホーム,横浜DeNAベイスターズ,阪神タイガース,Ｓ．レイノルズ,3,救援,S,18,5,1,3,0,0,0,0,0,0.00
20260804_C-G_12,2026-08-04,火,セ・リーグ公式戦,ホーム,広島東洋カープ,読売ジャイアンツ,栗林 良吏,1,先発,,81,21,5,15,7,0,0,3,3,5.40
20260804_C-G_12,2026-08-04,火,セ・リーグ公式戦,ホーム,広島東洋カープ,読売ジャイアンツ,菊地 ハルン,2,救援,,18,4,1,3,0,0,0,0,0,0.00
20260804_C-G_12,2026-08-04,火,セ・リーグ公式戦,ホーム,広島東洋カープ,読売ジャイアンツ,黒原 拓未,3,救援,,9,3,1,3,1,0,0,0,0,0.00
20260804_C-G_12,2026-08-04,火,セ・リーグ公式戦,ホーム,広島東洋カープ,読売ジャイアンツ,益田 武尚,4,救援,,15,3,1,3,0,0,0,0,0,0.00
20260804_C-G_12,2026-08-04,火,セ・リーグ公式戦,ホーム,広島東洋カープ,読売ジャイアンツ,森浦 大輔,5,救援,H,9,3,1,3,1,0,0,0,0,0.00
20260804_C-G_12,2026-08-04,火,セ・リーグ公式戦,ホーム,広島東洋カープ,読売ジャイアンツ,髙 太一,6,救援,H,10,4,1,3,0,0,0,0,0,0.00
20260804_C-G_12,2026-08-04,火,セ・リーグ公式戦,ホーム,広島東洋カープ,読売ジャイアンツ,辻 大雅,7,救援,H,19,5,1,3,3,0,0,0,0,0.00
20260804_C-G_12,2026-08-04,火,セ・リーグ公式戦,ホーム,広島東洋カープ,読売ジャイアンツ,遠藤 淳志,8,救援,勝,14,3,1,3,0,0,0,0,0,0.00
20260804_DB-T_14,2026-08-04,火,セ・リーグ公式戦,ビジター,阪神タイガース,横浜DeNAベイスターズ,村上 頌樹,1,先発,敗,96,22,6,18,8,0,0,1,1,1.50
20260804_DB-T_14,2026-08-04,火,セ・リーグ公式戦,ビジター,阪神タイガース,横浜DeNAベイスターズ,及川 雅貴,2,救援,,10,3,1,3,0,0,0,0,0,0.00
20260804_DB-T_14,2026-08-04,火,セ・リーグ公式戦,ビジター,阪神タイガース,横浜DeNAベイスターズ,岩崎 優,3,救援,,15,3,1,3,1,0,0,0,0,0.00
20260804_M-L_15,2026-08-04,火,パ・リーグ公式戦,ビジター,埼玉西武ライオンズ,千葉ロッテマリーンズ,平良 海馬,1,先発,敗,82,18,3,9,3,0,0,5,5,15.00
20260804_M-L_15,2026-08-04,火,パ・リーグ公式戦,ビジター,埼玉西武ライオンズ,千葉ロッテマリーンズ,佐藤 隼輔,2,救援,,18,4,1,3,1,0,0,0,0,0.00
20260804_M-L_15,2026-08-04,火,パ・リーグ公式戦,ビジター,埼玉西武ライオンズ,千葉ロッテマリーンズ,岩城 颯空,3,救援,,11,3,1,3,2,0,0,0,0,0.00
20260804_M-L_15,2026-08-04,火,パ・リーグ公式戦,ビジター,埼玉西武ライオンズ,千葉ロッテマリーンズ,豆田 泰志,4,救援,,44,11,3,9,3,0,0,0,0,0.00
20260804_M-L_15,2026-08-04,火,パ・リーグ公式戦,ホーム,千葉ロッテマリーンズ,埼玉西武ライオンズ,小島 和哉,1,先発,勝,79,24,6,18,3,0,0,3,3,4.50
20260804_M-L_15,2026-08-04,火,パ・リーグ公式戦,ホーム,千葉ロッテマリーンズ,埼玉西武ライオンズ,中森 俊介,2,救援,H,13,4,1,3,3,0,0,0,0,0.00
20260804_M-L_15,2026-08-04,火,パ・リーグ公式戦,ホーム,千葉ロッテマリーンズ,埼玉西武ライオンズ,鈴木 昭汰,3,救援,H,10,3,1,3,0,0,0,0,0,0.00
20260804_M-L_15,2026-08-04,火,パ・リーグ公式戦,ホーム,千葉ロッテマリーンズ,埼玉西武ライオンズ,益田 直也,4,救援,S,8,3,1,3,0,0,0,0,0,0.00
20260804_D-S_14,2026-08-04,火,セ・リーグ公式戦,ホーム,中日ドラゴンズ,東京ヤクルトスワローズ,大野 雄大,1,先発,,99,27,7,21,7,0,0,3,3,3.86
20260804_D-S_14,2026-08-04,火,セ・リーグ公式戦,ホーム,中日ドラゴンズ,東京ヤクルトスワローズ,Ａ．アブレウ,2,救援,,14,4,1,3,1,0,0,0,0,0.00
20260804_D-S_14,2026-08-04,火,セ・リーグ公式戦,ホーム,中日ドラゴンズ,東京ヤクルトスワローズ,伊藤 茉央,3,救援,勝,15,5,1,3,0,0,0,0,0,0.00
20260804_D-S_14,2026-08-04,火,セ・リーグ公式戦,ビジター,東京ヤクルトスワローズ,中日ドラゴンズ,吉村 貢司郎,1,先発,,104,24,6,18,5,0,0,2,2,3.00
20260804_D-S_14,2026-08-04,火,セ・リーグ公式戦,ビジター,東京ヤクルトスワローズ,中日ドラゴンズ,星 知弥,2,救援,H,9,3,1,3,0,0,0,0,0,0.00
20260804_D-S_14,2026-08-04,火,セ・リーグ公式戦,ビジター,東京ヤクルトスワローズ,中日ドラゴンズ,清水 昇,3,救援,H,18,5,1,3,2,0,0,0,0,0.00
20260804_D-S_14,2026-08-04,火,セ・リーグ公式戦,ビジター,東京ヤクルトスワローズ,中日ドラゴンズ,Ｊ．キハダ,4,救援,敗,26,6,0.2,2,1,0,0,2,2,27.00
20260804_C-G_12,2026-08-04,火,セ・リーグ公式戦,ビジター,読売ジャイアンツ,広島東洋カープ,山﨑 伊織,1,先発,,117,29,6.2,20,2,0,0,2,2,2.70
20260804_C-G_12,2026-08-04,火,セ・リーグ公式戦,ビジター,読売ジャイアンツ,広島東洋カープ,船迫 大雅,2,救援,,1,1,0+,0,0,0,0,0,0,
20260804_C-G_12,2026-08-04,火,セ・リーグ公式戦,ビジター,読売ジャイアンツ,広島東洋カープ,中川 皓太,3,救援,H,5,1,0.1,1,1,0,0,0,0,0.00
20260804_C-G_12,2026-08-04,火,セ・リーグ公式戦,ビジター,読売ジャイアンツ,広島東洋カープ,田中 瑛斗,4,救援,,9,4,1,3,0,0,0,1,1,9.00
20260804_C-G_12,2026-08-04,火,セ・リーグ公式戦,ビジター,読売ジャイアンツ,広島東洋カープ,赤星 優志,5,救援,H,9,4,1,3,0,0,0,0,0,0.00
20260804_C-G_12,2026-08-04,火,セ・リーグ公式戦,ビジター,読売ジャイアンツ,広島東洋カープ,森田 駿哉,6,救援,H,16,3,1,3,1,0,0,0,0,0.00
20260804_C-G_12,2026-08-04,火,セ・リーグ公式戦,ビジター,読売ジャイアンツ,広島東洋カープ,堀田 賢慎,7,救援,H,12,3,1,3,1,0,0,0,0,0.00
20260804_C-G_12,2026-08-04,火,セ・リーグ公式戦,ビジター,読売ジャイアンツ,広島東洋カープ,Ｒ．マルティネス,8,救援,敗,10,3,0.2,2,0,0,0,1,1,13.50
20260804_H-F_15,2026-08-04,火,パ・リーグ公式戦,ホーム,福岡ソフトバンクホークス,北海道日本ハムファイターズ,上沢 直之,1,先発,勝,95,26,7,21,4,0,0,0,0,0.00
20260804_H-F_15,2026-08-04,火,パ・リーグ公式戦,ホーム,福岡ソフトバンクホークス,北海道日本ハムファイターズ,松本 裕樹,2,救援,H,10,3,1,3,2,0,0,0,0,0.00
20260804_H-F_15,2026-08-04,火,パ・リーグ公式戦,ホーム,福岡ソフトバンクホークス,北海道日本ハムファイターズ,杉山 一樹,3,救援,S,15,3,1,3,1,0,0,0,0,0.00
20260804_H-F_15,2026-08-04,火,パ・リーグ公式戦,ビジター,北海道日本ハムファイターズ,福岡ソフトバンクホークス,伊藤 大海,1,先発,敗,98,30,7,21,8,0,0,1,1,1.29
20260804_H-F_15,2026-08-04,火,パ・リーグ公式戦,ビジター,北海道日本ハムファイターズ,福岡ソフトバンクホークス,堀 瑞輝,2,救援,,6,3,1,3,0,0,0,0,0,0.00
20260803_B-E_13,2026-08-03,月,パ・リーグ公式戦,ホーム,オリックス・バファローズ,東北楽天ゴールデンイーグルス,九里 亜蓮,1,先発,,113,29,6,18,5,0,0,6,2,3.00
20260803_B-E_13,2026-08-03,月,パ・リーグ公式戦,ホーム,オリックス・バファローズ,東北楽天ゴールデンイーグルス,阿部 翔太,2,救援,,22,6,1,3,2,0,0,0,0,0.00
20260803_B-E_13,2026-08-03,月,パ・リーグ公式戦,ホーム,オリックス・バファローズ,東北楽天ゴールデンイーグルス,椋木 蓮,3,救援,H,10,3,1,3,1,0,0,0,0,0.00
20260803_B-E_13,2026-08-03,月,パ・リーグ公式戦,ホーム,オリックス・バファローズ,東北楽天ゴールデンイーグルス,Ａ．マチャド,4,救援,勝,10,4,1,3,0,0,0,0,0,0.00
20260803_B-E_13,2026-08-03,月,パ・リーグ公式戦,ビジター,東北楽天ゴールデンイーグルス,オリックス・バファローズ,荘司 康誠,1,先発,,112,25,6,18,5,0,0,4,4,6.00
20260803_B-E_13,2026-08-03,月,パ・リーグ公式戦,ビジター,東北楽天ゴールデンイーグルス,オリックス・バファローズ,Ｙ．マルテ,2,救援,,19,5,0.2,2,0,0,0,2,2,27.00
20260803_B-E_13,2026-08-03,月,パ・リーグ公式戦,ビジター,東北楽天ゴールデンイーグルス,オリックス・バファローズ,泰 勝利,3,救援,H,6,1,0.1,1,0,0,0,0,0,0.00
20260803_B-E_13,2026-08-03,月,パ・リーグ公式戦,ビジター,東北楽天ゴールデンイーグルス,オリックス・バファローズ,九谷 瑠,4,救援,H,22,5,1,3,0,0,0,0,0,0.00
20260803_B-E_13,2026-08-03,月,パ・リーグ公式戦,ビジター,東北楽天ゴールデンイーグルス,オリックス・バファローズ,藤平 尚真,5,救援,敗,16,4,0.1,1,0,0,0,3,3,81.00
20260802_L-B_17,2026-08-02,日,パ・リーグ公式戦,ビジター,オリックス・バファローズ,埼玉西武ライオンズ,髙島 泰都,1,先発,敗,103,26,6,18,4,1,0,3,3,4.50
20260802_L-B_17,2026-08-02,日,パ・リーグ公式戦,ビジター,オリックス・バファローズ,埼玉西武ライオンズ,吉田 輝星,2,救援,,15,3,1,3,2,0,0,0,0,0.00
20260802_L-B_17,2026-08-02,日,パ・リーグ公式戦,ビジター,オリックス・バファローズ,埼玉西武ライオンズ,宮國 凌空,3,救援,,14,4,0+,0,0,0,0,2,2,
20260802_L-B_17,2026-08-02,日,パ・リーグ公式戦,ビジター,オリックス・バファローズ,埼玉西武ライオンズ,片山 楽生,4,救援,,9,3,1,3,1,0,0,0,0,0.00
20260802_G-DB_16,2026-08-02,日,セ・リーグ公式戦,ビジター,横浜DeNAベイスターズ,読売ジャイアンツ,深沢 鳳介,1,先発,勝,87,23,5.1,16,4,0,0,1,1,1.69
20260802_G-DB_16,2026-08-02,日,セ・リーグ公式戦,ビジター,横浜DeNAベイスターズ,読売ジャイアンツ,中川 虎大,2,救援,H,10,3,0.2,2,1,0,0,0,0,0.00
20260802_G-DB_16,2026-08-02,日,セ・リーグ公式戦,ビジター,横浜DeNAベイスターズ,読売ジャイアンツ,浜地 真澄,3,救援,H,14,3,1,3,0,0,0,0,0,0.00
20260802_G-DB_16,2026-08-02,日,セ・リーグ公式戦,ビジター,横浜DeNAベイスターズ,読売ジャイアンツ,Ｊ．ルイーズ,4,救援,H,15,3,1,3,3,0,0,0,0,0.00
20260802_G-DB_16,2026-08-02,日,セ・リーグ公式戦,ビジター,横浜DeNAベイスターズ,読売ジャイアンツ,Ｓ．レイノルズ,5,救援,S,14,3,1,3,2,0,0,0,0,0.00
20260802_C-D_16,2026-08-02,日,セ・リーグ公式戦,ホーム,広島東洋カープ,中日ドラゴンズ,アドゥワ 誠,1,先発,,59,14,3,9,2,0,0,2,2,6.00
20260802_C-D_16,2026-08-02,日,セ・リーグ公式戦,ホーム,広島東洋カープ,中日ドラゴンズ,鈴木 健矢,2,救援,H,34,9,3,9,0,0,0,0,0,0.00
20260802_C-D_16,2026-08-02,日,セ・リーグ公式戦,ホーム,広島東洋カープ,中日ドラゴンズ,辻 大雅,3,救援,,15,6,1,3,0,0,0,1,1,9.00
20260802_C-D_16,2026-08-02,日,セ・リーグ公式戦,ホーム,広島東洋カープ,中日ドラゴンズ,遠藤 淳志,4,救援,勝,17,6,1,3,1,0,0,0,0,0.00
20260802_C-D_16,2026-08-02,日,セ・リーグ公式戦,ホーム,広島東洋カープ,中日ドラゴンズ,森浦 大輔,5,救援,S,18,4,1,3,1,0,0,0,0,0.00
20260802_S-T_15,2026-08-02,日,セ・リーグ公式戦,ビジター,阪神タイガース,東京ヤクルトスワローズ,下村 海翔,1,先発,,101,24,5,15,7,0,0,3,1,1.80
20260802_S-T_15,2026-08-02,日,セ・リーグ公式戦,ビジター,阪神タイガース,東京ヤクルトスワローズ,門別 啓人,2,救援,H,18,5,1,3,0,0,0,0,0,0.00
20260802_S-T_15,2026-08-02,日,セ・リーグ公式戦,ビジター,阪神タイガース,東京ヤクルトスワローズ,木下 里都,3,救援,H,18,3,1,3,2,0,0,0,0,0.00
20260802_S-T_15,2026-08-02,日,セ・リーグ公式戦,ビジター,阪神タイガース,東京ヤクルトスワローズ,及川 雅貴,4,救援,勝,14,3,1,3,1,0,0,0,0,0.00
20260802_S-T_15,2026-08-02,日,セ・リーグ公式戦,ビジター,阪神タイガース,東京ヤクルトスワローズ,工藤 泰成,5,救援,S,15,4,1,3,1,0,0,0,0,0.00
20260802_L-B_17,2026-08-02,日,パ・リーグ公式戦,ホーム,埼玉西武ライオンズ,オリックス・バファローズ,武内 夏暉,1,先発,勝,93,26,7,21,3,0,0,1,1,1.29
20260802_L-B_17,2026-08-02,日,パ・リーグ公式戦,ホーム,埼玉西武ライオンズ,オリックス・バファローズ,Ｔ．ウィンゲンター,2,救援,H,24,5,1,3,2,0,0,0,0,0.00
20260802_L-B_17,2026-08-02,日,パ・リーグ公式戦,ホーム,埼玉西武ライオンズ,オリックス・バファローズ,山田 陽翔,3,救援,,12,3,1,3,1,0,0,0,0,0.00
20260802_F-M_16,2026-08-02,日,パ・リーグ公式戦,ビジター,千葉ロッテマリーンズ,北海道日本ハムファイターズ,Ａ．ジャクソン,1,先発,敗,104,22,6,18,5,0,0,3,3,4.50
20260802_F-M_16,2026-08-02,日,パ・リーグ公式戦,ビジター,千葉ロッテマリーンズ,北海道日本ハムファイターズ,小野 郁,2,救援,,12,3,1,3,1,0,0,0,0,0.00
20260802_F-M_16,2026-08-02,日,パ・リーグ公式戦,ビジター,千葉ロッテマリーンズ,北海道日本ハムファイターズ,澤田 圭佑,3,救援,,14,3,1,3,2,0,0,0,0,0.00
20260802_C-D_16,2026-08-02,日,セ・リーグ公式戦,ビジター,中日ドラゴンズ,広島東洋カープ,柳 裕也,1,先発,,97,24,6,18,2,0,0,2,2,3.00
20260802_C-D_16,2026-08-02,日,セ・リーグ公式戦,ビジター,中日ドラゴンズ,広島東洋カープ,橋本 侑樹,2,救援,H,13,4,1,3,2,0,0,0,0,0.00
20260802_C-D_16,2026-08-02,日,セ・リーグ公式戦,ビジター,中日ドラゴンズ,広島東洋カープ,吉田 聖弥,3,救援,敗,26,6,1,3,1,0,0,2,2,18.00
20260802_S-T_15,2026-08-02,日,セ・リーグ公式戦,ホーム,東京ヤクルトスワローズ,阪神タイガース,Ｎ．ウォルターズ,1,先発,,80,19,4,12,6,0,0,3,3,6.75
20260802_S-T_15,2026-08-02,日,セ・リーグ公式戦,ホーム,東京ヤクルトスワローズ,阪神タイガース,丸山 翔大,2,救援,H,19,3,1,3,2,0,0,0,0,0.00
20260802_S-T_15,2026-08-02,日,セ・リーグ公式戦,ホーム,東京ヤクルトスワローズ,阪神タイガース,星 知弥,3,救援,H,14,3,1,3,0,0,0,0,0,0.00
20260802_S-T_15,2026-08-02,日,セ・リーグ公式戦,ホーム,東京ヤクルトスワローズ,阪神タイガース,廣澤 優,4,救援,H,7,3,1,3,0,0,0,0,0,0.00
20260802_S-T_15,2026-08-02,日,セ・リーグ公式戦,ホーム,東京ヤクルトスワローズ,阪神タイガース,清水 昇,5,救援,H,18,5,1,3,2,0,0,0,0,0.00
20260802_S-T_15,2026-08-02,日,セ・リーグ公式戦,ホーム,東京ヤクルトスワローズ,阪神タイガース,Ｊ．キハダ,6,救援,敗,25,5,1,3,2,0,0,1,1,9.00
20260802_E-H_17,2026-08-02,日,パ・リーグ公式戦,ホーム,東北楽天ゴールデンイーグルス,福岡ソフトバンクホークス,古謝 樹,1,先発,敗,93,25,5+,15,6,0,0,6,2,3.60
20260802_E-H_17,2026-08-02,日,パ・リーグ公式戦,ホーム,東北楽天ゴールデンイーグルス,福岡ソフトバンクホークス,柴田 大地,2,救援,,36,6,0.2,2,0,1,0,4,4,54.00
20260802_E-H_17,2026-08-02,日,パ・リーグ公式戦,ホーム,東北楽天ゴールデンイーグルス,福岡ソフトバンクホークス,中込 陽翔,3,救援,,20,3,0.1,1,0,1,0,0,0,0.00
20260802_E-H_17,2026-08-02,日,パ・リーグ公式戦,ホーム,東北楽天ゴールデンイーグルス,福岡ソフトバンクホークス,Ｒ．コントレラス,4,救援,,29,6,2,6,1,0,0,0,0,0.00
20260802_E-H_17,2026-08-02,日,パ・リーグ公式戦,ホーム,東北楽天ゴールデンイーグルス,福岡ソフトバンクホークス,加治屋 蓮,5,救援,,12,4,1,3,0,0,0,0,0,0.00
20260802_G-DB_16,2026-08-02,日,セ・リーグ公式戦,ホーム,読売ジャイアンツ,横浜DeNAベイスターズ,小笠原 慎之介,1,先発,敗,102,26,7,21,5,0,0,2,2,2.57
20260802_G-DB_16,2026-08-02,日,セ・リーグ公式戦,ホーム,読売ジャイアンツ,横浜DeNAベイスターズ,森田 駿哉,2,救援,,24,5,1,3,2,0,0,0,0,0.00
20260802_G-DB_16,2026-08-02,日,セ・リーグ公式戦,ホーム,読売ジャイアンツ,横浜DeNAベイスターズ,船迫 大雅,3,救援,,6,3,1,3,0,0,0,0,0,0.00
20260802_E-H_17,2026-08-02,日,パ・リーグ公式戦,ビジター,福岡ソフトバンクホークス,東北楽天ゴールデンイーグルス,前田 悠伍,1,先発,勝,99,26,6,18,0,1,0,5,5,7.50
20260802_E-H_17,2026-08-02,日,パ・リーグ公式戦,ビジター,福岡ソフトバンクホークス,東北楽天ゴールデンイーグルス,津森 宥紀,2,救援,,31,6,1,3,2,0,0,1,1,9.00
20260802_E-H_17,2026-08-02,日,パ・リーグ公式戦,ビジター,福岡ソフトバンクホークス,東北楽天ゴールデンイーグルス,松本 裕樹,3,救援,,26,5,1,3,1,0,0,0,0,0.00
20260802_E-H_17,2026-08-02,日,パ・リーグ公式戦,ビジター,福岡ソフトバンクホークス,東北楽天ゴールデンイーグルス,杉山 一樹,4,救援,,17,4,1,3,0,0,0,0,0,0.00
20260802_F-M_16,2026-08-02,日,パ・リーグ公式戦,ホーム,北海道日本ハムファイターズ,千葉ロッテマリーンズ,有原 航平,1,先発,勝,100,30,9,27,9,0,0,0,0,0.00
20260801_L-B_16,2026-08-01,土,パ・リーグ公式戦,ビジター,オリックス・バファローズ,埼玉西武ライオンズ,Ｓ．ジェリー,1,先発,,111,27,6,18,3,0,0,0,0,0.00
20260801_L-B_16,2026-08-01,土,パ・リーグ公式戦,ビジター,オリックス・バファローズ,埼玉西武ライオンズ,山﨑 颯一郎,2,救援,敗,20,6,1,3,0,0,0,2,1,9.00
20260801_L-B_16,2026-08-01,土,パ・リーグ公式戦,ビジター,オリックス・バファローズ,埼玉西武ライオンズ,山岡 泰輔,3,救援,,14,3,0+,0,0,0,0,2,1,
20260801_L-B_16,2026-08-01,土,パ・リーグ公式戦,ビジター,オリックス・バファローズ,埼玉西武ライオンズ,山田 修義,4,救援,,12,2,0.1,1,0,0,0,0,0,0.00
20260801_L-B_16,2026-08-01,土,パ・リーグ公式戦,ビジター,オリックス・バファローズ,埼玉西武ライオンズ,阿部 翔太,5,救援,,5,2,0.2,2,0,0,0,0,0,0.00
20260801_G-DB_15,2026-08-01,土,セ・リーグ公式戦,ビジター,横浜DeNAベイスターズ,読売ジャイアンツ,篠木 健太郎,1,先発,勝,68,21,5+,15,1,0,0,6,6,10.80
20260801_G-DB_15,2026-08-01,土,セ・リーグ公式戦,ビジター,横浜DeNAベイスターズ,読売ジャイアンツ,松本 凌人,2,救援,H,31,6,1,3,2,0,0,1,1,9.00
20260801_G-DB_15,2026-08-01,土,セ・リーグ公式戦,ビジター,横浜DeNAベイスターズ,読売ジャイアンツ,浜地 真澄,3,救援,H,12,3,1,3,0,0,0,0,0,0.00
20260801_G-DB_15,2026-08-01,土,セ・リーグ公式戦,ビジター,横浜DeNAベイスターズ,読売ジャイアンツ,Ｈ．マルセリーノ,4,救援,H,32,6,1,3,3,1,0,0,0,0.00
20260801_G-DB_15,2026-08-01,土,セ・リーグ公式戦,ビジター,横浜DeNAベイスターズ,読売ジャイアンツ,Ｓ．レイノルズ,5,救援,S,11,4,1,3,1,0,0,0,0,0.00
20260801_C-D_15,2026-08-01,土,セ・リーグ公式戦,ホーム,広島東洋カープ,中日ドラゴンズ,斉藤 優汰,1,先発,敗,67,18,4,12,2,0,0,5,5,11.25
20260801_C-D_15,2026-08-01,土,セ・リーグ公式戦,ホーム,広島東洋カープ,中日ドラゴンズ,菊地 ハルン,2,救援,,14,4,1,3,0,0,0,1,1,9.00
20260801_C-D_15,2026-08-01,土,セ・リーグ公式戦,ホーム,広島東洋カープ,中日ドラゴンズ,黒原 拓未,3,救援,,17,5,1,3,1,0,0,1,1,9.00
20260801_C-D_15,2026-08-01,土,セ・リーグ公式戦,ホーム,広島東洋カープ,中日ドラゴンズ,遠藤 淳志,4,救援,,10,3,1,3,1,0,0,0,0,0.00
20260801_C-D_15,2026-08-01,土,セ・リーグ公式戦,ホーム,広島東洋カープ,中日ドラゴンズ,益田 武尚,5,救援,,10,3,1,3,1,0,0,0,0,0.00
20260801_C-D_15,2026-08-01,土,セ・リーグ公式戦,ホーム,広島東洋カープ,中日ドラゴンズ,赤木 晴哉,6,救援,,17,4,1,3,0,0,0,0,0,0.00
20260801_S-T_14,2026-08-01,土,セ・リーグ公式戦,ビジター,阪神タイガース,東京ヤクルトスワローズ,伊藤 将司,1,先発,勝,87,21,5,15,4,0,0,3,3,5.40
20260801_S-T_14,2026-08-01,土,セ・リーグ公式戦,ビジター,阪神タイガース,東京ヤクルトスワローズ,木下 里都,2,救援,,16,4,0.2,2,1,0,0,0,0,0.00
20260801_S-T_14,2026-08-01,土,セ・リーグ公式戦,ビジター,阪神タイガース,東京ヤクルトスワローズ,及川 雅貴,3,救援,H,10,4,1.1,4,1,0,0,0,0,0.00
20260801_S-T_14,2026-08-01,土,セ・リーグ公式戦,ビジター,阪神タイガース,東京ヤクルトスワローズ,工藤 泰成,4,救援,,15,4,1,3,0,0,0,0,0,0.00
20260801_S-T_14,2026-08-01,土,セ・リーグ公式戦,ビジター,阪神タイガース,東京ヤクルトスワローズ,岩崎 優,5,救援,,20,4,0.1,1,1,0,0,0,0,0.00
20260801_S-T_14,2026-08-01,土,セ・リーグ公式戦,ビジター,阪神タイガース,東京ヤクルトスワローズ,Ｒ．ドリス,6,救援,S,3,2,0.2,2,0,0,0,0,0,0.00
20260801_L-B_16,2026-08-01,土,パ・リーグ公式戦,ホーム,埼玉西武ライオンズ,オリックス・バファローズ,渡邉 勇太朗,1,先発,,104,26,6,18,3,0,0,1,1,1.50
20260801_L-B_16,2026-08-01,土,パ・リーグ公式戦,ホーム,埼玉西武ライオンズ,オリックス・バファローズ,佐藤 隼輔,2,救援,勝,11,3,1,3,0,0,0,0,0,0.00
20260801_L-B_16,2026-08-01,土,パ・リーグ公式戦,ホーム,埼玉西武ライオンズ,オリックス・バファローズ,森脇 亮介,3,救援,H,17,4,1,3,0,0,0,0,0,0.00
20260801_L-B_16,2026-08-01,土,パ・リーグ公式戦,ホーム,埼玉西武ライオンズ,オリックス・バファローズ,甲斐野 央,4,救援,S,16,3,1,3,2,0,0,0,0,0.00
20260801_F-M_15,2026-08-01,土,パ・リーグ公式戦,ビジター,千葉ロッテマリーンズ,北海道日本ハムファイターズ,Ｓ．ロング,1,先発,,83,23,5,15,2,0,0,3,2,3.60
20260801_F-M_15,2026-08-01,土,パ・リーグ公式戦,ビジター,千葉ロッテマリーンズ,北海道日本ハムファイターズ,八木 彬,2,救援,H,16,4,1,3,3,0,0,0,0,0.00
20260801_F-M_15,2026-08-01,土,パ・リーグ公式戦,ビジター,千葉ロッテマリーンズ,北海道日本ハムファイターズ,鈴木 昭汰,3,救援,H,14,3,1,3,0,0,0,0,0,0.00
20260801_F-M_15,2026-08-01,土,パ・リーグ公式戦,ビジター,千葉ロッテマリーンズ,北海道日本ハムファイターズ,中森 俊介,4,救援,勝,15,4,1,3,2,0,0,0,0,0.00
20260801_F-M_15,2026-08-01,土,パ・リーグ公式戦,ビジター,千葉ロッテマリーンズ,北海道日本ハムファイターズ,横山 陸人,5,救援,S,18,5,1,3,1,0,0,0,0,0.00
20260801_C-D_15,2026-08-01,土,セ・リーグ公式戦,ビジター,中日ドラゴンズ,広島東洋カープ,Ｋ．マラー,1,先発,勝,99,24,5,15,4,0,0,1,0,0.00
20260801_C-D_15,2026-08-01,土,セ・リーグ公式戦,ビジター,中日ドラゴンズ,広島東洋カープ,Ａ．アブレウ,2,救援,,16,4,1,3,0,0,0,0,0,0.00
20260801_C-D_15,2026-08-01,土,セ・リーグ公式戦,ビジター,中日ドラゴンズ,広島東洋カープ,藤嶋 健人,3,救援,,12,3,1,3,0,0,0,0,0,0.00
20260801_C-D_15,2026-08-01,土,セ・リーグ公式戦,ビジター,中日ドラゴンズ,広島東洋カープ,吉田 聖弥,4,救援,,8,3,1,3,1,0,0,0,0,0.00
20260801_C-D_15,2026-08-01,土,セ・リーグ公式戦,ビジター,中日ドラゴンズ,広島東洋カープ,草加 勝,5,救援,,20,5,1,3,1,0,0,0,0,0.00
20260801_S-T_14,2026-08-01,土,セ・リーグ公式戦,ホーム,東京ヤクルトスワローズ,阪神タイガース,高橋 奎二,1,先発,敗,108,27,6,18,5,0,0,7,7,10.50
20260801_S-T_14,2026-08-01,土,セ・リーグ公式戦,ホーム,東京ヤクルトスワローズ,阪神タイガース,荘司 宏太,2,救援,,44,9,2,6,4,0,0,0,0,0.00
20260801_S-T_14,2026-08-01,土,セ・リーグ公式戦,ホーム,東京ヤクルトスワローズ,阪神タイガース,田口 麗斗,3,救援,,19,3,1,3,1,0,0,0,0,0.00
20260801_E-H_16,2026-08-01,土,パ・リーグ公式戦,ホーム,東北楽天ゴールデンイーグルス,福岡ソフトバンクホークス,早川 隆久,1,先発,敗,97,26,6,18,4,0,0,3,3,4.50
20260801_E-H_16,2026-08-01,土,パ・リーグ公式戦,ホーム,東北楽天ゴールデンイーグルス,福岡ソフトバンクホークス,津留﨑 大成,2,救援,,34,10,2,6,1,0,0,2,2,9.00
20260801_E-H_16,2026-08-01,土,パ・リーグ公式戦,ホーム,東北楽天ゴールデンイーグルス,福岡ソフトバンクホークス,Ｙ．マルテ,3,救援,,15,3,1,3,1,0,0,0,0,0.00
20260801_G-DB_15,2026-08-01,土,セ・リーグ公式戦,ホーム,読売ジャイアンツ,横浜DeNAベイスターズ,竹丸 和幸,1,先発,敗,62,18,3,9,5,0,0,8,7,21.00
20260801_G-DB_15,2026-08-01,土,セ・リーグ公式戦,ホーム,読売ジャイアンツ,横浜DeNAベイスターズ,代木 大和,2,救援,,51,10,3,9,2,0,0,0,0,0.00
20260801_G-DB_15,2026-08-01,土,セ・リーグ公式戦,ホーム,読売ジャイアンツ,横浜DeNAベイスターズ,堀田 賢慎,3,救援,,9,3,1,3,0,0,0,0,0,0.00
20260801_G-DB_15,2026-08-01,土,セ・リーグ公式戦,ホーム,読売ジャイアンツ,横浜DeNAベイスターズ,中川 皓太,4,救援,,16,3,1,3,1,0,0,0,0,0.00
20260801_G-DB_15,2026-08-01,土,セ・リーグ公式戦,ホーム,読売ジャイアンツ,横浜DeNAベイスターズ,赤星 優志,5,救援,,16,4,1,3,0,0,0,0,0,0.00
20260801_E-H_16,2026-08-01,土,パ・リーグ公式戦,ビジター,福岡ソフトバンクホークス,東北楽天ゴールデンイーグルス,上茶谷 大河,1,先発,勝,88,24,7,21,7,0,0,0,0,0.00
20260801_E-H_16,2026-08-01,土,パ・リーグ公式戦,ビジター,福岡ソフトバンクホークス,東北楽天ゴールデンイーグルス,津森 宥紀,2,救援,,13,3,1,3,2,0,0,0,0,0.00
20260801_E-H_16,2026-08-01,土,パ・リーグ公式戦,ビジター,福岡ソフトバンクホークス,東北楽天ゴールデンイーグルス,鈴木 豪太,3,救援,,14,4,1,3,3,0,0,0,0,0.00
20260801_F-M_15,2026-08-01,土,パ・リーグ公式戦,ホーム,北海道日本ハムファイターズ,千葉ロッテマリーンズ,加藤 貴之,1,先発,,106,24,5.1,16,3,0,0,3,2,3.38
20260801_F-M_15,2026-08-01,土,パ・リーグ公式戦,ホーム,北海道日本ハムファイターズ,千葉ロッテマリーンズ,上原 健太,2,救援,H,8,2,0.2,2,0,0,0,0,0,0.00
20260801_F-M_15,2026-08-01,土,パ・リーグ公式戦,ホーム,北海道日本ハムファイターズ,千葉ロッテマリーンズ,島本 浩也,3,救援,H,21,4,1,3,1,0,0,0,0,0.00
20260801_F-M_15,2026-08-01,土,パ・リーグ公式戦,ホーム,北海道日本ハムファイターズ,千葉ロッテマリーンズ,福島 蓮,4,救援,敗,21,6,1.1,4,1,0,0,2,2,13.50
20260801_F-M_15,2026-08-01,土,パ・リーグ公式戦,ホーム,北海道日本ハムファイターズ,千葉ロッテマリーンズ,金村 尚真,5,救援,,16,3,0.2,2,0,0,0,0,0,0.00
20260731_L-B_15,2026-07-31,金,パ・リーグ公式戦,ビジター,オリックス・バファローズ,埼玉西武ライオンズ,寺西 成騎,1,先発,,103,27,5,15,1,0,0,3,1,1.80
20260731_L-B_15,2026-07-31,金,パ・リーグ公式戦,ビジター,オリックス・バファローズ,埼玉西武ライオンズ,入山 海斗,2,救援,H,16,4,0.2,2,0,0,0,0,0,0.00
20260731_L-B_15,2026-07-31,金,パ・リーグ公式戦,ビジター,オリックス・バファローズ,埼玉西武ライオンズ,山田 修義,3,救援,H,3,1,0.1,1,0,0,0,0,0,0.00
20260731_L-B_15,2026-07-31,金,パ・リーグ公式戦,ビジター,オリックス・バファローズ,埼玉西武ライオンズ,山﨑 颯一郎,4,救援,H,15,4,1,3,1,0,0,0,0,0.00
20260731_L-B_15,2026-07-31,金,パ・リーグ公式戦,ビジター,オリックス・バファローズ,埼玉西武ライオンズ,椋木 蓮,5,救援,H,11,3,1,3,0,0,0,0,0,0.00
20260731_L-B_15,2026-07-31,金,パ・リーグ公式戦,ビジター,オリックス・バファローズ,埼玉西武ライオンズ,Ａ．マチャド,6,救援,H,23,3,1,3,1,0,0,0,0,0.00
20260731_L-B_15,2026-07-31,金,パ・リーグ公式戦,ビジター,オリックス・バファローズ,埼玉西武ライオンズ,吉田 輝星,7,救援,勝,8,3,1,3,0,0,0,0,0,0.00
20260731_L-B_15,2026-07-31,金,パ・リーグ公式戦,ビジター,オリックス・バファローズ,埼玉西武ライオンズ,片山 楽生,8,救援,H,17,6,0.2,2,0,0,0,1,1,13.50
20260731_L-B_15,2026-07-31,金,パ・リーグ公式戦,ビジター,オリックス・バファローズ,埼玉西武ライオンズ,山岡 泰輔,9,救援,S,6,1,0.1,1,1,0,0,0,0,0.00
20260731_G-DB_14,2026-07-31,金,セ・リーグ公式戦,ビジター,横浜DeNAベイスターズ,読売ジャイアンツ,平良 拳太郎,1,先発,敗,74,20,5,15,5,0,0,2,2,3.60
20260731_G-DB_14,2026-07-31,金,セ・リーグ公式戦,ビジター,横浜DeNAベイスターズ,読売ジャイアンツ,中川 颯,2,救援,,21,7,2,6,0,0,0,1,1,4.50
20260731_G-DB_14,2026-07-31,金,セ・リーグ公式戦,ビジター,横浜DeNAベイスターズ,読売ジャイアンツ,岩田 将貴,3,救援,,19,7,1,3,0,0,0,3,3,27.00
20260731_C-D_14,2026-07-31,金,セ・リーグ公式戦,ホーム,広島東洋カープ,中日ドラゴンズ,床田 寛樹,1,先発,,99,29,7,21,2,0,0,1,1,1.29
20260731_C-D_14,2026-07-31,金,セ・リーグ公式戦,ホーム,広島東洋カープ,中日ドラゴンズ,髙 太一,2,救援,勝,10,3,1,3,1,0,0,0,0,0.00
20260731_C-D_14,2026-07-31,金,セ・リーグ公式戦,ホーム,広島東洋カープ,中日ドラゴンズ,森浦 大輔,3,救援,S,20,4,1,3,2,1,0,0,0,0.00
20260731_S-T_13,2026-07-31,金,セ・リーグ公式戦,ビジター,阪神タイガース,東京ヤクルトスワローズ,才木 浩人,1,先発,,116,27,5.2,17,6,0,0,3,3,4.76
20260731_S-T_13,2026-07-31,金,セ・リーグ公式戦,ビジター,阪神タイガース,東京ヤクルトスワローズ,門別 啓人,2,救援,勝,5,1,0.1,1,0,0,0,0,0,0.00
20260731_S-T_13,2026-07-31,金,セ・リーグ公式戦,ビジター,阪神タイガース,東京ヤクルトスワローズ,木下 里都,3,救援,H,18,5,1,3,1,0,0,0,0,0.00
20260731_S-T_13,2026-07-31,金,セ・リーグ公式戦,ビジター,阪神タイガース,東京ヤクルトスワローズ,工藤 泰成,4,救援,H,25,4,1,3,1,0,0,0,0,0.00
20260731_S-T_13,2026-07-31,金,セ・リーグ公式戦,ビジター,阪神タイガース,東京ヤクルトスワローズ,Ｒ．ドリス,5,救援,S,16,3,1,3,1,0,0,0,0,0.00
20260731_L-B_15,2026-07-31,金,パ・リーグ公式戦,ホーム,埼玉西武ライオンズ,オリックス・バファローズ,隅田 知一郎,1,先発,,91,23,6,18,2,0,0,3,3,4.50
20260731_L-B_15,2026-07-31,金,パ・リーグ公式戦,ホーム,埼玉西武ライオンズ,オリックス・バファローズ,Ｔ．ウィンゲンター,2,救援,H,30,5,1,3,1,0,0,0,0,0.00
20260731_L-B_15,2026-07-31,金,パ・リーグ公式戦,ホーム,埼玉西武ライオンズ,オリックス・バファローズ,森脇 亮介,3,救援,H,10,3,1,3,0,0,0,0,0,0.00
20260731_L-B_15,2026-07-31,金,パ・リーグ公式戦,ホーム,埼玉西武ライオンズ,オリックス・バファローズ,甲斐野 央,4,救援,H,14,4,1,3,2,0,0,0,0,0.00
20260731_L-B_15,2026-07-31,金,パ・リーグ公式戦,ホーム,埼玉西武ライオンズ,オリックス・バファローズ,山田 陽翔,5,救援,H,11,4,1,3,1,0,0,0,0,0.00
20260731_L-B_15,2026-07-31,金,パ・リーグ公式戦,ホーム,埼玉西武ライオンズ,オリックス・バファローズ,中村 祐太,6,救援,敗,26,7,1,3,1,0,0,2,2,18.00
20260731_F-M_14,2026-07-31,金,パ・リーグ公式戦,ビジター,千葉ロッテマリーンズ,北海道日本ハムファイターズ,河村 説人,1,先発,敗,67,20,4,12,2,0,0,5,5,11.25
20260731_F-M_14,2026-07-31,金,パ・リーグ公式戦,ビジター,千葉ロッテマリーンズ,北海道日本ハムファイターズ,石川 柊太,2,救援,,44,11,3,9,2,0,0,0,0,0.00
20260731_F-M_14,2026-07-31,金,パ・リーグ公式戦,ビジター,千葉ロッテマリーンズ,北海道日本ハムファイターズ,坂本 光士郎,3,救援,,17,6,1,3,1,0,0,1,1,9.00
20260731_C-D_14,2026-07-31,金,セ・リーグ公式戦,ビジター,中日ドラゴンズ,広島東洋カープ,髙橋 宏斗,1,先発,,106,27,7,21,7,0,0,1,0,0.00
20260731_C-D_14,2026-07-31,金,セ・リーグ公式戦,ビジター,中日ドラゴンズ,広島東洋カープ,橋本 侑樹,2,救援,敗,21,6,1,3,0,0,0,2,2,18.00
20260731_S-T_13,2026-07-31,金,セ・リーグ公式戦,ホーム,東京ヤクルトスワローズ,阪神タイガース,奥川 恭伸,1,先発,,99,24,6,18,6,0,0,0,0,0.00
20260731_S-T_13,2026-07-31,金,セ・リーグ公式戦,ホーム,東京ヤクルトスワローズ,阪神タイガース,丸山 翔大,2,救援,敗,26,6,0.2,2,0,0,0,4,4,54.00
20260731_S-T_13,2026-07-31,金,セ・リーグ公式戦,ホーム,東京ヤクルトスワローズ,阪神タイガース,阪口 皓亮,3,救援,,5,2,0.1,1,1,0,0,0,0,0.00
20260731_S-T_13,2026-07-31,金,セ・リーグ公式戦,ホーム,東京ヤクルトスワローズ,阪神タイガース,田口 麗斗,4,救援,,8,3,0.1,1,0,0,0,0,0,0.00
20260731_S-T_13,2026-07-31,金,セ・リーグ公式戦,ホーム,東京ヤクルトスワローズ,阪神タイガース,Ｊ．リランソ,5,救援,,10,2,0.2,2,1,0,0,0,0,0.00
20260731_S-T_13,2026-07-31,金,セ・リーグ公式戦,ホーム,東京ヤクルトスワローズ,阪神タイガース,星 知弥,6,救援,,15,3,1,3,0,0,0,0,0,0.00
20260731_G-DB_14,2026-07-31,金,セ・リーグ公式戦,ホーム,読売ジャイアンツ,横浜DeNAベイスターズ,Ｓ．ハワード,1,先発,勝,91,24,7,21,6,0,0,0,0,0.00
20260731_G-DB_14,2026-07-31,金,セ・リーグ公式戦,ホーム,読売ジャイアンツ,横浜DeNAベイスターズ,田中 瑛斗,2,救援,H,12,3,1,3,1,0,0,0,0,0.00
20260731_G-DB_14,2026-07-31,金,セ・リーグ公式戦,ホーム,読売ジャイアンツ,横浜DeNAベイスターズ,泉 圭輔,3,救援,,12,4,1,3,0,0,0,0,0,0.00
20260731_F-M_14,2026-07-31,金,パ・リーグ公式戦,ホーム,北海道日本ハムファイターズ,千葉ロッテマリーンズ,達 孝太,1,先発,勝,104,23,6,18,9,0,0,0,0,0.00
20260731_F-M_14,2026-07-31,金,パ・リーグ公式戦,ホーム,北海道日本ハムファイターズ,千葉ロッテマリーンズ,福島 蓮,2,救援,,22,4,1,3,3,0,0,0,0,0.00
20260731_F-M_14,2026-07-31,金,パ・リーグ公式戦,ホーム,北海道日本ハムファイターズ,千葉ロッテマリーンズ,田中 正義,3,救援,,13,5,1,3,1,0,0,1,1,9.00
20260731_F-M_14,2026-07-31,金,パ・リーグ公式戦,ホーム,北海道日本ハムファイターズ,千葉ロッテマリーンズ,堀 瑞輝,4,救援,,10,3,1,3,1,0,0,0,0,0.00
20260726_B-M_17,2026-07-26,日,パ・リーグ公式戦,ホーム,オリックス・バファローズ,千葉ロッテマリーンズ,九里 亜蓮,1,先発,敗,127,29,6,18,10,0,0,3,3,4.50
20260726_B-M_17,2026-07-26,日,パ・リーグ公式戦,ホーム,オリックス・バファローズ,千葉ロッテマリーンズ,髙島 泰都,2,救援,,19,4,1,3,3,0,0,0,0,0.00
20260726_B-M_17,2026-07-26,日,パ・リーグ公式戦,ホーム,オリックス・バファローズ,千葉ロッテマリーンズ,山田 修義,3,救援,,8,4,0.2,2,0,0,0,0,0,0.00
20260726_B-M_17,2026-07-26,日,パ・リーグ公式戦,ホーム,オリックス・バファローズ,千葉ロッテマリーンズ,才木 海翔,4,救援,,8,1,0.1,1,0,0,0,0,0,0.00
20260726_B-M_17,2026-07-26,日,パ・リーグ公式戦,ホーム,オリックス・バファローズ,千葉ロッテマリーンズ,山﨑 颯一郎,5,救援,,14,3,1,3,2,0,0,0,0,0.00
20260726_D-DB_17,2026-07-26,日,セ・リーグ公式戦,ビジター,横浜DeNAベイスターズ,中日ドラゴンズ,尾形 崇斗,1,先発,,114,24,6,18,9,0,0,1,1,1.50
20260726_D-DB_17,2026-07-26,日,セ・リーグ公式戦,ビジター,横浜DeNAベイスターズ,中日ドラゴンズ,松本 凌人,2,救援,H,11,3,1,3,1,0,0,0,0,0.00
20260726_D-DB_17,2026-07-26,日,セ・リーグ公式戦,ビジター,横浜DeNAベイスターズ,中日ドラゴンズ,宮城 滝太,3,救援,敗,19,6,0.2,2,0,0,0,4,4,54.00
20260726_D-DB_17,2026-07-26,日,セ・リーグ公式戦,ビジター,横浜DeNAベイスターズ,中日ドラゴンズ,吉野 光樹,4,救援,,6,2,0.1,1,0,0,0,0,0,0.00
20260726_S-C_17,2026-07-26,日,セ・リーグ公式戦,ビジター,広島東洋カープ,東京ヤクルトスワローズ,森 翔平,1,先発,,93,23,6+,18,5,0,0,3,3,4.50
20260726_S-C_17,2026-07-26,日,セ・リーグ公式戦,ビジター,広島東洋カープ,東京ヤクルトスワローズ,鈴木 健矢,2,救援,,6,3,0.1,1,0,0,0,0,0,0.00
20260726_S-C_17,2026-07-26,日,セ・リーグ公式戦,ビジター,広島東洋カープ,東京ヤクルトスワローズ,辻 大雅,3,救援,H,14,2,0.2,2,1,0,0,0,0,0.00
20260726_S-C_17,2026-07-26,日,セ・リーグ公式戦,ビジター,広島東洋カープ,東京ヤクルトスワローズ,髙 太一,4,救援,勝,15,3,1,3,2,0,0,0,0,0.00
20260726_S-C_17,2026-07-26,日,セ・リーグ公式戦,ビジター,広島東洋カープ,東京ヤクルトスワローズ,森浦 大輔,5,救援,S,15,4,1,3,2,1,0,0,0,0.00
20260726_T-G_17,2026-07-26,日,セ・リーグ公式戦,ホーム,阪神タイガース,読売ジャイアンツ,村上 頌樹,1,先発,勝,117,32,9,27,6,0,0,0,0,0.00
20260726_L-H_17,2026-07-26,日,パ・リーグ公式戦,ホーム,埼玉西武ライオンズ,福岡ソフトバンクホークス,髙橋 光成,1,先発,敗,110,32,8,24,3,0,0,3,3,3.38
20260726_L-H_17,2026-07-26,日,パ・リーグ公式戦,ホーム,埼玉西武ライオンズ,福岡ソフトバンクホークス,山田 陽翔,2,救援,,13,3,1,3,1,0,0,0,0,0.00
20260726_B-M_17,2026-07-26,日,パ・リーグ公式戦,ビジター,千葉ロッテマリーンズ,オリックス・バファローズ,Ａ．ジャクソン,1,先発,勝,116,30,7.1,22,7,0,0,2,2,2.45
20260726_B-M_17,2026-07-26,日,パ・リーグ公式戦,ビジター,千葉ロッテマリーンズ,オリックス・バファローズ,益田 直也,2,救援,H,15,4,0.2,2,0,0,0,0,0,0.00
20260726_B-M_17,2026-07-26,日,パ・リーグ公式戦,ビジター,千葉ロッテマリーンズ,オリックス・バファローズ,横山 陸人,3,救援,S,11,3,1,3,0,0,0,0,0,0.00
20260726_D-DB_17,2026-07-26,日,セ・リーグ公式戦,ホーム,中日ドラゴンズ,横浜DeNAベイスターズ,金丸 夢斗,1,先発,,108,25,7,21,7,0,0,1,1,1.29
20260726_D-DB_17,2026-07-26,日,セ・リーグ公式戦,ホーム,中日ドラゴンズ,横浜DeNAベイスターズ,橋本 侑樹,2,救援,勝,11,3,1,3,1,0,0,0,0,0.00
20260726_D-DB_17,2026-07-26,日,セ・リーグ公式戦,ホーム,中日ドラゴンズ,横浜DeNAベイスターズ,松山 晋也,3,救援,,13,3,1,3,3,0,0,0,0,0.00
20260726_S-C_17,2026-07-26,日,セ・リーグ公式戦,ホーム,東京ヤクルトスワローズ,広島東洋カープ,吉村 貢司郎,1,先発,,99,27,7,21,5,0,0,3,3,3.86
20260726_S-C_17,2026-07-26,日,セ・リーグ公式戦,ホーム,東京ヤクルトスワローズ,広島東洋カープ,丸山 翔大,2,救援,H,12,3,1,3,0,0,0,0,0,0.00
20260726_S-C_17,2026-07-26,日,セ・リーグ公式戦,ホーム,東京ヤクルトスワローズ,広島東洋カープ,Ｊ．キハダ,3,救援,敗,11,3,0.1,1,0,0,0,1,1,27.00
20260726_S-C_17,2026-07-26,日,セ・リーグ公式戦,ホーム,東京ヤクルトスワローズ,広島東洋カープ,石原 勇輝,4,救援,,18,4,0.2,2,0,0,0,0,0,0.00
20260726_F-E_16,2026-07-26,日,パ・リーグ公式戦,ビジター,東北楽天ゴールデンイーグルス,北海道日本ハムファイターズ,瀧中 瞭太,1,先発,敗,91,26,5,15,1,0,0,5,5,9.00
20260726_F-E_16,2026-07-26,日,パ・リーグ公式戦,ビジター,東北楽天ゴールデンイーグルス,北海道日本ハムファイターズ,津留﨑 大成,2,救援,,12,4,1,3,0,0,0,0,0,0.00
20260726_F-E_16,2026-07-26,日,パ・リーグ公式戦,ビジター,東北楽天ゴールデンイーグルス,北海道日本ハムファイターズ,Ｒ．コントレラス,3,救援,,29,7,1,3,1,0,0,1,1,9.00
20260726_F-E_16,2026-07-26,日,パ・リーグ公式戦,ビジター,東北楽天ゴールデンイーグルス,北海道日本ハムファイターズ,中込 陽翔,4,救援,,21,5,1,3,1,0,0,0,0,0.00
20260726_T-G_17,2026-07-26,日,セ・リーグ公式戦,ビジター,読売ジャイアンツ,阪神タイガース,小笠原 慎之介,1,先発,敗,109,31,7,21,8,0,0,1,1,1.29
20260726_T-G_17,2026-07-26,日,セ・リーグ公式戦,ビジター,読売ジャイアンツ,阪神タイガース,堀田 賢慎,2,救援,,16,4,1,3,0,0,0,0,0,0.00
20260726_L-H_17,2026-07-26,日,パ・リーグ公式戦,ビジター,福岡ソフトバンクホークス,埼玉西武ライオンズ,前田 悠伍,1,先発,勝,93,24,6,18,5,0,0,0,0,0.00
20260726_L-H_17,2026-07-26,日,パ・リーグ公式戦,ビジター,福岡ソフトバンクホークス,埼玉西武ライオンズ,Ｒ．オスナ,2,救援,H,15,3,1,3,1,0,0,0,0,0.00
20260726_L-H_17,2026-07-26,日,パ・リーグ公式戦,ビジター,福岡ソフトバンクホークス,埼玉西武ライオンズ,松本 裕樹,3,救援,H,10,3,1,3,0,0,0,0,0,0.00
20260726_L-H_17,2026-07-26,日,パ・リーグ公式戦,ビジター,福岡ソフトバンクホークス,埼玉西武ライオンズ,杉山 一樹,4,救援,S,9,3,1,3,0,0,0,0,0,0.00
20260726_F-E_16,2026-07-26,日,パ・リーグ公式戦,ホーム,北海道日本ハムファイターズ,東北楽天ゴールデンイーグルス,山﨑 福也,1,先発,勝,79,21,5,15,3,0,0,1,1,1.80
20260726_F-E_16,2026-07-26,日,パ・リーグ公式戦,ホーム,北海道日本ハムファイターズ,東北楽天ゴールデンイーグルス,柴田 獅子,2,救援,,26,5,1,3,1,0,0,1,1,9.00
20260726_F-E_16,2026-07-26,日,パ・リーグ公式戦,ホーム,北海道日本ハムファイターズ,東北楽天ゴールデンイーグルス,島本 浩也,3,救援,H,11,3,1,3,0,0,0,0,0,0.00
20260726_F-E_16,2026-07-26,日,パ・リーグ公式戦,ホーム,北海道日本ハムファイターズ,東北楽天ゴールデンイーグルス,金村 尚真,4,救援,,10,3,1,3,0,0,0,0,0,0.00
20260726_F-E_16,2026-07-26,日,パ・リーグ公式戦,ホーム,北海道日本ハムファイターズ,東北楽天ゴールデンイーグルス,上原 健太,5,救援,,12,4,1,3,0,0,0,0,0,0.00
20260725_B-M_16,2026-07-25,土,パ・リーグ公式戦,ホーム,オリックス・バファローズ,千葉ロッテマリーンズ,Ｓ．ジェリー,1,先発,,84,21,5,15,6,0,0,3,3,5.40
20260725_B-M_16,2026-07-25,土,パ・リーグ公式戦,ホーム,オリックス・バファローズ,千葉ロッテマリーンズ,入山 海斗,2,救援,H,20,5,1,3,1,0,0,0,0,0.00
20260725_B-M_16,2026-07-25,土,パ・リーグ公式戦,ホーム,オリックス・バファローズ,千葉ロッテマリーンズ,山﨑 颯一郎,3,救援,勝,17,4,1,3,1,0,0,0,0,0.00
20260725_B-M_16,2026-07-25,土,パ・リーグ公式戦,ホーム,オリックス・バファローズ,千葉ロッテマリーンズ,椋木 蓮,4,救援,H,13,3,1,3,1,0,0,0,0,0.00
20260725_B-M_16,2026-07-25,土,パ・リーグ公式戦,ホーム,オリックス・バファローズ,千葉ロッテマリーンズ,Ａ．マチャド,5,救援,S,11,3,1,3,0,0,0,0,0,0.00
20260725_D-DB_16,2026-07-25,土,セ・リーグ公式戦,ビジター,横浜DeNAベイスターズ,中日ドラゴンズ,Ｏ．ビド,1,先発,勝,102,23,5,15,5,0,0,0,0,0.00
20260725_D-DB_16,2026-07-25,土,セ・リーグ公式戦,ビジター,横浜DeNAベイスターズ,中日ドラゴンズ,松本 凌人,2,救援,H,14,3,1,3,2,0,0,0,0,0.00
20260725_D-DB_16,2026-07-25,土,セ・リーグ公式戦,ビジター,横浜DeNAベイスターズ,中日ドラゴンズ,Ｈ．マルセリーノ,3,救援,,19,5,1,3,1,0,0,0,0,0.00
20260725_D-DB_16,2026-07-25,土,セ・リーグ公式戦,ビジター,横浜DeNAベイスターズ,中日ドラゴンズ,浜地 真澄,4,救援,,14,4,1,3,1,0,0,0,0,0.00
20260725_D-DB_16,2026-07-25,土,セ・リーグ公式戦,ビジター,横浜DeNAベイスターズ,中日ドラゴンズ,若松 尚輝,5,救援,,14,3,1,3,2,0,0,0,0,0.00
20260725_S-C_16,2026-07-25,土,セ・リーグ公式戦,ビジター,広島東洋カープ,東京ヤクルトスワローズ,栗林 良吏,1,先発,,101,25,7,21,3,0,0,1,0,0.00
20260725_S-C_16,2026-07-25,土,セ・リーグ公式戦,ビジター,広島東洋カープ,東京ヤクルトスワローズ,髙 太一,2,救援,,22,5,1,3,1,0,0,0,0,0.00
20260725_S-C_16,2026-07-25,土,セ・リーグ公式戦,ビジター,広島東洋カープ,東京ヤクルトスワローズ,森浦 大輔,3,救援,H,9,5,1,3,0,0,0,0,0,0.00
20260725_S-C_16,2026-07-25,土,セ・リーグ公式戦,ビジター,広島東洋カープ,東京ヤクルトスワローズ,遠藤 淳志,4,救援,敗,10,5,0.2,2,1,0,1,1,1,13.50
20260725_T-G_16,2026-07-25,土,セ・リーグ公式戦,ホーム,阪神タイガース,読売ジャイアンツ,伊原 陵人,1,先発,敗,77,20,4,12,6,0,0,4,3,6.75
20260725_T-G_16,2026-07-25,土,セ・リーグ公式戦,ホーム,阪神タイガース,読売ジャイアンツ,Ｄ．モレッタ,2,救援,,17,4,1,3,2,0,0,0,0,0.00
20260725_T-G_16,2026-07-25,土,セ・リーグ公式戦,ホーム,阪神タイガース,読売ジャイアンツ,及川 雅貴,3,救援,,20,9,2,6,1,0,0,1,1,4.50
20260725_T-G_16,2026-07-25,土,セ・リーグ公式戦,ホーム,阪神タイガース,読売ジャイアンツ,Ａ．セベリーノ,4,救援,,14,4,1,3,2,0,0,0,0,0.00
20260725_T-G_16,2026-07-25,土,セ・リーグ公式戦,ホーム,阪神タイガース,読売ジャイアンツ,門別 啓人,5,救援,,8,3,1,3,0,0,0,0,0,0.00
20260725_L-H_16,2026-07-25,土,パ・リーグ公式戦,ホーム,埼玉西武ライオンズ,福岡ソフトバンクホークス,武内 夏暉,1,先発,勝,82,26,6,18,2,0,0,6,6,9.00
20260725_L-H_16,2026-07-25,土,パ・リーグ公式戦,ホーム,埼玉西武ライオンズ,福岡ソフトバンクホークス,森脇 亮介,2,救援,H,17,4,1,3,1,0,0,0,0,0.00
20260725_L-H_16,2026-07-25,土,パ・リーグ公式戦,ホーム,埼玉西武ライオンズ,福岡ソフトバンクホークス,Ｔ．ウィンゲンター,3,救援,H,14,3,1,3,2,0,0,0,0,0.00
20260725_L-H_16,2026-07-25,土,パ・リーグ公式戦,ホーム,埼玉西武ライオンズ,福岡ソフトバンクホークス,甲斐野 央,4,救援,S,12,3,1,3,1,0,0,0,0,0.00
20260725_B-M_16,2026-07-25,土,パ・リーグ公式戦,ビジター,千葉ロッテマリーンズ,オリックス・バファローズ,廣池 康志郎,1,先発,,83,21,5,15,3,0,0,3,3,5.40
20260725_B-M_16,2026-07-25,土,パ・リーグ公式戦,ビジター,千葉ロッテマリーンズ,オリックス・バファローズ,益田 直也,2,救援,H,12,3,1,3,0,0,0,0,0,0.00
20260725_B-M_16,2026-07-25,土,パ・リーグ公式戦,ビジター,千葉ロッテマリーンズ,オリックス・バファローズ,中森 俊介,3,救援,敗,12,5,1,3,0,0,0,1,1,9.00
20260725_B-M_16,2026-07-25,土,パ・リーグ公式戦,ビジター,千葉ロッテマリーンズ,オリックス・バファローズ,鈴木 昭汰,4,救援,,9,4,1,3,0,0,0,1,1,9.00
20260725_D-DB_16,2026-07-25,土,セ・リーグ公式戦,ホーム,中日ドラゴンズ,横浜DeNAベイスターズ,涌井 秀章,1,先発,敗,94,24,5,15,7,0,0,3,3,5.40
20260725_D-DB_16,2026-07-25,土,セ・リーグ公式戦,ホーム,中日ドラゴンズ,横浜DeNAベイスターズ,草加 勝,2,救援,,15,4,1,3,2,0,0,0,0,0.00
20260725_D-DB_16,2026-07-25,土,セ・リーグ公式戦,ホーム,中日ドラゴンズ,横浜DeNAベイスターズ,清水 達也,3,救援,,9,6,1,3,1,0,0,2,2,18.00
20260725_D-DB_16,2026-07-25,土,セ・リーグ公式戦,ホーム,中日ドラゴンズ,横浜DeNAベイスターズ,伊藤 茉央,4,救援,,26,6,2,6,2,0,0,0,0,0.00
20260725_S-C_16,2026-07-25,土,セ・リーグ公式戦,ホーム,東京ヤクルトスワローズ,広島東洋カープ,西舘 昂汰,1,先発,,100,21,5,15,3,1,0,0,0,0.00
20260725_S-C_16,2026-07-25,土,セ・リーグ公式戦,ホーム,東京ヤクルトスワローズ,広島東洋カープ,阪口 皓亮,2,救援,H,7,3,1,3,0,0,0,0,0,0.00
20260725_S-C_16,2026-07-25,土,セ・リーグ公式戦,ホーム,東京ヤクルトスワローズ,広島東洋カープ,廣澤 優,3,救援,H,15,3,1,3,2,0,0,0,0,0.00
20260725_S-C_16,2026-07-25,土,セ・リーグ公式戦,ホーム,東京ヤクルトスワローズ,広島東洋カープ,清水 昇,4,救援,H,16,5,1,3,1,0,0,0,0,0.00
20260725_S-C_16,2026-07-25,土,セ・リーグ公式戦,ホーム,東京ヤクルトスワローズ,広島東洋カープ,Ｊ．キハダ,5,救援,,23,6,1,3,1,1,0,1,1,9.00
20260725_S-C_16,2026-07-25,土,セ・リーグ公式戦,ホーム,東京ヤクルトスワローズ,広島東洋カープ,Ｊ．リランソ,6,救援,勝,9,3,1,3,1,0,0,0,0,0.00
20260725_F-E_15,2026-07-25,土,パ・リーグ公式戦,ビジター,東北楽天ゴールデンイーグルス,北海道日本ハムファイターズ,荘司 康誠,1,先発,,105,28,7,21,5,0,0,2,2,2.57
20260725_F-E_15,2026-07-25,土,パ・リーグ公式戦,ビジター,東北楽天ゴールデンイーグルス,北海道日本ハムファイターズ,Ｙ．マルテ,2,救援,,24,5,1,3,0,0,0,1,1,9.00
20260725_F-E_15,2026-07-25,土,パ・リーグ公式戦,ビジター,東北楽天ゴールデンイーグルス,北海道日本ハムファイターズ,泰 勝利,3,救援,敗,11,3,0.1,1,0,0,0,1,1,27.00
20260725_T-G_16,2026-07-25,土,セ・リーグ公式戦,ビジター,読売ジャイアンツ,阪神タイガース,竹丸 和幸,1,先発,勝,99,25,6,18,5,0,0,1,1,1.50
20260725_T-G_16,2026-07-25,土,セ・リーグ公式戦,ビジター,読売ジャイアンツ,阪神タイガース,船迫 大雅,2,救援,,14,4,1,3,1,0,0,0,0,0.00
20260725_T-G_16,2026-07-25,土,セ・リーグ公式戦,ビジター,読売ジャイアンツ,阪神タイガース,赤星 優志,3,救援,,15,4,1,3,2,0,0,0,0,0.00
20260725_T-G_16,2026-07-25,土,セ・リーグ公式戦,ビジター,読売ジャイアンツ,阪神タイガース,森田 駿哉,4,救援,,8,3,1,3,0,0,0,0,0,0.00
20260725_L-H_16,2026-07-25,土,パ・リーグ公式戦,ビジター,福岡ソフトバンクホークス,埼玉西武ライオンズ,大津 亮介,1,先発,,90,26,5+,15,0,0,0,6,6,10.80
20260725_L-H_16,2026-07-25,土,パ・リーグ公式戦,ビジター,福岡ソフトバンクホークス,埼玉西武ライオンズ,Ｄ．ヘルナンデス,2,救援,敗,20,5,1,3,0,0,2,2,2,18.00
20260725_L-H_16,2026-07-25,土,パ・リーグ公式戦,ビジター,福岡ソフトバンクホークス,埼玉西武ライオンズ,木村 光,3,救援,,14,3,1,3,1,0,0,0,0,0.00
20260725_L-H_16,2026-07-25,土,パ・リーグ公式戦,ビジター,福岡ソフトバンクホークス,埼玉西武ライオンズ,大竹 風雅,4,救援,,12,3,1,3,2,0,0,0,0,0.00
20260725_F-E_15,2026-07-25,土,パ・リーグ公式戦,ホーム,北海道日本ハムファイターズ,東北楽天ゴールデンイーグルス,加藤 貴之,1,先発,,71,21,6,18,4,0,0,2,2,3.00
20260725_F-E_15,2026-07-25,土,パ・リーグ公式戦,ホーム,北海道日本ハムファイターズ,東北楽天ゴールデンイーグルス,田中 正義,2,救援,,20,4,1,3,1,0,0,0,0,0.00
20260725_F-E_15,2026-07-25,土,パ・リーグ公式戦,ホーム,北海道日本ハムファイターズ,東北楽天ゴールデンイーグルス,孫 易磊,3,救援,,20,4,0.2,2,1,0,0,1,1,13.50
20260725_F-E_15,2026-07-25,土,パ・リーグ公式戦,ホーム,北海道日本ハムファイターズ,東北楽天ゴールデンイーグルス,堀 瑞輝,4,救援,,4,1,0.1,1,0,0,0,0,0,0.00
20260725_F-E_15,2026-07-25,土,パ・リーグ公式戦,ホーム,北海道日本ハムファイターズ,東北楽天ゴールデンイーグルス,柳川 大晟,5,救援,勝,15,3,1,3,2,0,0,0,0,0.00
20260724_B-M_15,2026-07-24,金,パ・リーグ公式戦,ホーム,オリックス・バファローズ,千葉ロッテマリーンズ,寺西 成騎,1,先発,,78,17,4,12,6,1,0,2,2,4.50
20260724_B-M_15,2026-07-24,金,パ・リーグ公式戦,ホーム,オリックス・バファローズ,千葉ロッテマリーンズ,宮國 凌空,2,救援,,16,4,1,3,1,0,0,0,0,0.00
20260724_B-M_15,2026-07-24,金,パ・リーグ公式戦,ホーム,オリックス・バファローズ,千葉ロッテマリーンズ,才木 海翔,3,救援,,20,4,1,3,1,0,0,0,0,0.00
20260724_B-M_15,2026-07-24,金,パ・リーグ公式戦,ホーム,オリックス・バファローズ,千葉ロッテマリーンズ,山田 修義,4,救援,,20,3,1,3,2,0,0,0,0,0.00
20260724_B-M_15,2026-07-24,金,パ・リーグ公式戦,ホーム,オリックス・バファローズ,千葉ロッテマリーンズ,山岡 泰輔,5,救援,,13,3,1,3,0,0,0,0,0,0.00
20260724_B-M_15,2026-07-24,金,パ・リーグ公式戦,ホーム,オリックス・バファローズ,千葉ロッテマリーンズ,片山 楽生,6,救援,勝,8,3,1,3,0,0,0,0,0,0.00
20260724_D-DB_15,2026-07-24,金,セ・リーグ公式戦,ビジター,横浜DeNAベイスターズ,中日ドラゴンズ,東 克樹,1,先発,,90,22,6,18,2,0,0,1,1,1.50
20260724_D-DB_15,2026-07-24,金,セ・リーグ公式戦,ビジター,横浜DeNAベイスターズ,中日ドラゴンズ,宮城 滝太,2,救援,H,23,5,1,3,2,0,0,0,0,0.00
20260724_D-DB_15,2026-07-24,金,セ・リーグ公式戦,ビジター,横浜DeNAベイスターズ,中日ドラゴンズ,Ｓ．レイノルズ,3,救援,H,26,6,1,3,1,0,0,0,0,0.00
20260724_D-DB_15,2026-07-24,金,セ・リーグ公式戦,ビジター,横浜DeNAベイスターズ,中日ドラゴンズ,伊勢 大夢,4,救援,敗,24,5,0.1,1,1,0,0,2,2,54.00
20260724_S-C_15,2026-07-24,金,セ・リーグ公式戦,ビジター,広島東洋カープ,東京ヤクルトスワローズ,アドゥワ 誠,1,先発,,88,23,5,15,6,0,0,1,1,1.80
20260724_S-C_15,2026-07-24,金,セ・リーグ公式戦,ビジター,広島東洋カープ,東京ヤクルトスワローズ,髙 太一,2,救援,H,18,4,1,3,0,0,0,0,0,0.00
20260724_S-C_15,2026-07-24,金,セ・リーグ公式戦,ビジター,広島東洋カープ,東京ヤクルトスワローズ,Ｔ．ハーン,3,救援,H,24,6,1,3,1,0,0,1,1,9.00
20260724_S-C_15,2026-07-24,金,セ・リーグ公式戦,ビジター,広島東洋カープ,東京ヤクルトスワローズ,遠藤 淳志,4,救援,,22,5,1,3,1,0,0,1,1,9.00
20260724_S-C_15,2026-07-24,金,セ・リーグ公式戦,ビジター,広島東洋カープ,東京ヤクルトスワローズ,森浦 大輔,5,救援,H,19,3,1,3,2,0,0,0,0,0.00
20260724_S-C_15,2026-07-24,金,セ・リーグ公式戦,ビジター,広島東洋カープ,東京ヤクルトスワローズ,辻 大雅,6,救援,H,10,3,1,3,0,0,0,0,0,0.00
20260724_S-C_15,2026-07-24,金,セ・リーグ公式戦,ビジター,広島東洋カープ,東京ヤクルトスワローズ,鈴木 健矢,7,救援,H,15,4,1,3,0,0,0,0,0,0.00
20260724_S-C_15,2026-07-24,金,セ・リーグ公式戦,ビジター,広島東洋カープ,東京ヤクルトスワローズ,菊地 ハルン,8,救援,敗,14,4,0.2,2,1,0,0,2,2,27.00
20260724_T-G_15,2026-07-24,金,セ・リーグ公式戦,ホーム,阪神タイガース,読売ジャイアンツ,才木 浩人,1,先発,,130,32,9,27,13,0,0,2,2,2.00
20260724_T-G_15,2026-07-24,金,セ・リーグ公式戦,ホーム,阪神タイガース,読売ジャイアンツ,岩崎 優,2,救援,敗,14,5,1,3,0,0,0,2,2,18.00
20260724_L-H_15,2026-07-24,金,パ・リーグ公式戦,ホーム,埼玉西武ライオンズ,福岡ソフトバンクホークス,渡邉 勇太朗,1,先発,敗,93,26,6,18,7,0,0,4,4,6.00
20260724_L-H_15,2026-07-24,金,パ・リーグ公式戦,ホーム,埼玉西武ライオンズ,福岡ソフトバンクホークス,Ｅ．ラミレス,2,救援,,26,8,1,3,1,1,0,3,3,27.00
20260724_L-H_15,2026-07-24,金,パ・リーグ公式戦,ホーム,埼玉西武ライオンズ,福岡ソフトバンクホークス,佐藤 隼輔,3,救援,,23,5,1,3,2,0,0,0,0,0.00
20260724_L-H_15,2026-07-24,金,パ・リーグ公式戦,ホーム,埼玉西武ライオンズ,福岡ソフトバンクホークス,岩城 颯空,4,救援,,25,5,1,3,0,0,0,0,0,0.00
20260724_B-M_15,2026-07-24,金,パ・リーグ公式戦,ビジター,千葉ロッテマリーンズ,オリックス・バファローズ,河村 説人,1,先発,敗,117,31,8.1,25,3,1,0,3,2,2.16
20260724_D-DB_15,2026-07-24,金,セ・リーグ公式戦,ホーム,中日ドラゴンズ,横浜DeNAベイスターズ,柳 裕也,1,先発,,86,22,5,15,2,0,0,2,2,3.60
20260724_D-DB_15,2026-07-24,金,セ・リーグ公式戦,ホーム,中日ドラゴンズ,横浜DeNAベイスターズ,Ａ．アブレウ,2,救援,,23,8,2,6,3,0,0,0,0,0.00
20260724_D-DB_15,2026-07-24,金,セ・リーグ公式戦,ホーム,中日ドラゴンズ,横浜DeNAベイスターズ,橋本 侑樹,3,救援,,16,4,1,3,1,0,0,0,0,0.00
20260724_D-DB_15,2026-07-24,金,セ・リーグ公式戦,ホーム,中日ドラゴンズ,横浜DeNAベイスターズ,吉田 聖弥,4,救援,勝,29,6,1,3,2,0,0,0,0,0.00
20260724_S-C_15,2026-07-24,金,セ・リーグ公式戦,ホーム,東京ヤクルトスワローズ,広島東洋カープ,高橋 奎二,1,先発,,93,28,6,18,4,0,0,3,3,4.50
20260724_S-C_15,2026-07-24,金,セ・リーグ公式戦,ホーム,東京ヤクルトスワローズ,広島東洋カープ,阪口 皓亮,2,救援,,11,3,1,3,0,0,0,0,0,0.00
20260724_S-C_15,2026-07-24,金,セ・リーグ公式戦,ホーム,東京ヤクルトスワローズ,広島東洋カープ,Ｊ．リランソ,3,救援,,17,4,1,3,0,0,0,0,0,0.00
20260724_S-C_15,2026-07-24,金,セ・リーグ公式戦,ホーム,東京ヤクルトスワローズ,広島東洋カープ,Ｊ．キハダ,4,救援,H,18,4,1,3,2,0,0,0,0,0.00
20260724_S-C_15,2026-07-24,金,セ・リーグ公式戦,ホーム,東京ヤクルトスワローズ,広島東洋カープ,清水 昇,5,救援,H,13,3,1,3,0,0,0,0,0,0.00
20260724_S-C_15,2026-07-24,金,セ・リーグ公式戦,ホーム,東京ヤクルトスワローズ,広島東洋カープ,丸山 翔大,6,救援,H,24,5,1,3,0,0,0,0,0,0.00
20260724_S-C_15,2026-07-24,金,セ・リーグ公式戦,ホーム,東京ヤクルトスワローズ,広島東洋カープ,廣澤 優,7,救援,勝,16,3,1,3,1,0,0,0,0,0.00
20260724_T-G_15,2026-07-24,金,セ・リーグ公式戦,ビジター,読売ジャイアンツ,阪神タイガース,Ｆ．ウィットリー,1,先発,,103,27,6,18,6,0,0,1,0,0.00
20260724_T-G_15,2026-07-24,金,セ・リーグ公式戦,ビジター,読売ジャイアンツ,阪神タイガース,中川 皓太,2,救援,,8,3,1,3,0,0,0,0,0,0.00
20260724_T-G_15,2026-07-24,金,セ・リーグ公式戦,ビジター,読売ジャイアンツ,阪神タイガース,森田 駿哉,3,救援,,19,4,1,3,2,0,0,0,0,0.00
20260724_T-G_15,2026-07-24,金,セ・リーグ公式戦,ビジター,読売ジャイアンツ,阪神タイガース,Ｒ．マルティネス,4,救援,勝,26,6,1,3,1,0,0,1,1,9.00
20260724_T-G_15,2026-07-24,金,セ・リーグ公式戦,ビジター,読売ジャイアンツ,阪神タイガース,田中 瑛斗,5,救援,S,10,4,1,3,1,0,0,0,0,0.00
20260724_L-H_15,2026-07-24,金,パ・リーグ公式戦,ビジター,福岡ソフトバンクホークス,埼玉西武ライオンズ,上茶谷 大河,1,先発,勝,89,22,6,18,5,0,0,3,3,4.50
20260724_L-H_15,2026-07-24,金,パ・リーグ公式戦,ビジター,福岡ソフトバンクホークス,埼玉西武ライオンズ,Ｒ．オスナ,2,救援,,18,5,1,3,1,0,0,0,0,0.00
20260724_L-H_15,2026-07-24,金,パ・リーグ公式戦,ビジター,福岡ソフトバンクホークス,埼玉西武ライオンズ,Ｄ．ヘルナンデス,3,救援,,16,4,1,3,1,0,0,0,0,0.00
20260724_L-H_15,2026-07-24,金,パ・リーグ公式戦,ビジター,福岡ソフトバンクホークス,埼玉西武ライオンズ,鈴木 豪太,4,救援,,16,3,1,3,1,0,0,0,0,0.00
20260723_H-B_15,2026-07-23,木,パ・リーグ公式戦,ビジター,オリックス・バファローズ,福岡ソフトバンクホークス,山口 廉王,1,先発,,74,19,4+,12,5,0,0,3,3,6.75
20260723_H-B_15,2026-07-23,木,パ・リーグ公式戦,ビジター,オリックス・バファローズ,福岡ソフトバンクホークス,入山 海斗,2,救援,,21,5,1,3,1,0,0,0,0,0.00
20260723_H-B_15,2026-07-23,木,パ・リーグ公式戦,ビジター,オリックス・バファローズ,福岡ソフトバンクホークス,吉田 輝星,3,救援,,28,5,1,3,0,0,0,0,0,0.00
20260723_H-B_15,2026-07-23,木,パ・リーグ公式戦,ビジター,オリックス・バファローズ,福岡ソフトバンクホークス,山﨑 颯一郎,4,救援,,17,5,1,3,1,0,0,1,1,9.00
20260723_H-B_15,2026-07-23,木,パ・リーグ公式戦,ビジター,オリックス・バファローズ,福岡ソフトバンクホークス,山田 修義,5,救援,,30,6,1,3,3,0,0,1,1,9.00
20260723_H-B_15,2026-07-23,木,パ・リーグ公式戦,ビジター,オリックス・バファローズ,福岡ソフトバンクホークス,椋木 蓮,6,救援,敗,10,5,0.1,1,0,0,0,1,0,0.00
20260723_L-F_17,2026-07-23,木,パ・リーグ公式戦,ホーム,埼玉西武ライオンズ,北海道日本ハムファイターズ,隅田 知一郎,1,先発,敗,88,26,4,12,3,0,1,7,4,9.00
20260723_L-F_17,2026-07-23,木,パ・リーグ公式戦,ホーム,埼玉西武ライオンズ,北海道日本ハムファイターズ,山田 陽翔,2,救援,,11,3,1,3,0,0,0,0,0,0.00
20260723_L-F_17,2026-07-23,木,パ・リーグ公式戦,ホーム,埼玉西武ライオンズ,北海道日本ハムファイターズ,上田 大河,3,救援,,58,16,3,9,0,0,0,4,4,12.00
20260723_L-F_17,2026-07-23,木,パ・リーグ公式戦,ホーム,埼玉西武ライオンズ,北海道日本ハムファイターズ,中村 祐太,4,救援,,14,3,1,3,3,0,0,0,0,0.00
20260723_M-E_14,2026-07-23,木,パ・リーグ公式戦,ホーム,千葉ロッテマリーンズ,東北楽天ゴールデンイーグルス,毛利 海大,1,先発,,70,20,4+,12,2,0,0,1,1,2.25
20260723_M-E_14,2026-07-23,木,パ・リーグ公式戦,ホーム,千葉ロッテマリーンズ,東北楽天ゴールデンイーグルス,八木 彬,2,救援,H,8,2,1,3,1,0,0,0,0,0.00
20260723_M-E_14,2026-07-23,木,パ・リーグ公式戦,ホーム,千葉ロッテマリーンズ,東北楽天ゴールデンイーグルス,小野 郁,3,救援,H,32,4,1,3,2,0,0,0,0,0.00
20260723_M-E_14,2026-07-23,木,パ・リーグ公式戦,ホーム,千葉ロッテマリーンズ,東北楽天ゴールデンイーグルス,中森 俊介,4,救援,,34,8,1,3,1,0,0,2,2,18.00
20260723_M-E_14,2026-07-23,木,パ・リーグ公式戦,ホーム,千葉ロッテマリーンズ,東北楽天ゴールデンイーグルス,鈴木 昭汰,5,救援,敗,23,6,1,3,0,0,0,1,1,9.00
20260723_M-E_14,2026-07-23,木,パ・リーグ公式戦,ホーム,千葉ロッテマリーンズ,東北楽天ゴールデンイーグルス,澤田 圭佑,6,救援,,11,3,1,3,1,0,0,0,0,0.00
20260723_M-E_14,2026-07-23,木,パ・リーグ公式戦,ビジター,東北楽天ゴールデンイーグルス,千葉ロッテマリーンズ,古謝 樹,1,先発,,99,27,6,18,7,0,0,3,3,4.50
20260723_M-E_14,2026-07-23,木,パ・リーグ公式戦,ビジター,東北楽天ゴールデンイーグルス,千葉ロッテマリーンズ,九谷 瑠,2,救援,勝,11,3,1,3,2,0,0,0,0,0.00
20260723_M-E_14,2026-07-23,木,パ・リーグ公式戦,ビジター,東北楽天ゴールデンイーグルス,千葉ロッテマリーンズ,泰 勝利,3,救援,H,17,3,1,3,2,0,0,0,0,0.00
20260723_M-E_14,2026-07-23,木,パ・リーグ公式戦,ビジター,東北楽天ゴールデンイーグルス,千葉ロッテマリーンズ,藤平 尚真,4,救援,S,11,3,1,3,2,0,0,0,0,0.00
20260723_H-B_15,2026-07-23,木,パ・リーグ公式戦,ホーム,福岡ソフトバンクホークス,オリックス・バファローズ,松本 晴,1,先発,,89,20,5,15,4,0,0,2,2,3.60
20260723_H-B_15,2026-07-23,木,パ・リーグ公式戦,ホーム,福岡ソフトバンクホークス,オリックス・バファローズ,津森 宥紀,2,救援,H,12,4,1,3,1,0,0,0,0,0.00
20260723_H-B_15,2026-07-23,木,パ・リーグ公式戦,ホーム,福岡ソフトバンクホークス,オリックス・バファローズ,Ｒ．オスナ,3,救援,H,14,3,1,3,2,0,0,0,0,0.00
20260723_H-B_15,2026-07-23,木,パ・リーグ公式戦,ホーム,福岡ソフトバンクホークス,オリックス・バファローズ,松本 裕樹,4,救援,H,4,3,1,3,0,0,0,0,0,0.00
20260723_H-B_15,2026-07-23,木,パ・リーグ公式戦,ホーム,福岡ソフトバンクホークス,オリックス・バファローズ,杉山 一樹,5,救援,勝,22,6,1,3,1,0,0,3,3,27.00
20260723_L-F_17,2026-07-23,木,パ・リーグ公式戦,ビジター,北海道日本ハムファイターズ,埼玉西武ライオンズ,北山 亘基,1,先発,勝,86,24,6,18,3,0,0,1,1,1.50
20260723_L-F_17,2026-07-23,木,パ・リーグ公式戦,ビジター,北海道日本ハムファイターズ,埼玉西武ライオンズ,堀 瑞輝,2,救援,,9,3,1,3,1,0,0,0,0,0.00
20260723_L-F_17,2026-07-23,木,パ・リーグ公式戦,ビジター,北海道日本ハムファイターズ,埼玉西武ライオンズ,金村 尚真,3,救援,,7,3,1,3,0,0,0,0,0,0.00
20260723_L-F_17,2026-07-23,木,パ・リーグ公式戦,ビジター,北海道日本ハムファイターズ,埼玉西武ライオンズ,生田目 翼,4,救援,,19,5,1,3,1,0,0,1,1,9.00
20260722_H-B_14,2026-07-22,水,パ・リーグ公式戦,ビジター,オリックス・バファローズ,福岡ソフトバンクホークス,片山 楽生,1,先発,敗,13,4,0+,0,0,0,0,4,4,
20260722_H-B_14,2026-07-22,水,パ・リーグ公式戦,ビジター,オリックス・バファローズ,福岡ソフトバンクホークス,博志,2,救援,,52,13,2,6,0,0,0,3,3,13.50
20260722_H-B_14,2026-07-22,水,パ・リーグ公式戦,ビジター,オリックス・バファローズ,福岡ソフトバンクホークス,山岡 泰輔,3,救援,,29,7,1,3,1,1,0,2,2,18.00
20260722_H-B_14,2026-07-22,水,パ・リーグ公式戦,ビジター,オリックス・バファローズ,福岡ソフトバンクホークス,齋藤 響介,4,救援,,34,9,0.1,1,0,0,0,7,7,189.00
20260722_H-B_14,2026-07-22,水,パ・リーグ公式戦,ビジター,オリックス・バファローズ,福岡ソフトバンクホークス,才木 海翔,5,救援,,19,5,1.2,5,0,0,0,0,0,0.00
20260722_H-B_14,2026-07-22,水,パ・リーグ公式戦,ビジター,オリックス・バファローズ,福岡ソフトバンクホークス,田嶋 大樹,6,救援,,62,16,3,9,2,0,0,6,6,18.00
20260722_T-DB_13,2026-07-22,水,セ・リーグ公式戦,ビジター,横浜DeNAベイスターズ,阪神タイガース,藤浪 晋太郎,1,先発,,95,24,4.2,14,5,0,0,1,1,1.93
20260722_T-DB_13,2026-07-22,水,セ・リーグ公式戦,ビジター,横浜DeNAベイスターズ,阪神タイガース,岩田 将貴,2,救援,,18,5,0.2,2,0,0,0,3,1,13.50
20260722_T-DB_13,2026-07-22,水,セ・リーグ公式戦,ビジター,横浜DeNAベイスターズ,阪神タイガース,松本 凌人,3,救援,,19,4,0.2,2,2,0,0,0,0,0.00
20260722_T-DB_13,2026-07-22,水,セ・リーグ公式戦,ビジター,横浜DeNAベイスターズ,阪神タイガース,浜地 真澄,4,救援,H,12,3,1,3,1,0,0,0,0,0.00
20260722_T-DB_13,2026-07-22,水,セ・リーグ公式戦,ビジター,横浜DeNAベイスターズ,阪神タイガース,Ｈ．マルセリーノ,5,救援,敗,16,4,1,3,0,0,0,1,1,9.00
20260722_G-C_11,2026-07-22,水,セ・リーグ公式戦,ビジター,広島東洋カープ,読売ジャイアンツ,斉藤 優汰,1,先発,勝,93,22,5,15,5,0,0,1,1,1.80
20260722_G-C_11,2026-07-22,水,セ・リーグ公式戦,ビジター,広島東洋カープ,読売ジャイアンツ,髙 太一,2,救援,H,20,4,1,3,2,0,0,0,0,0.00
20260722_G-C_11,2026-07-22,水,セ・リーグ公式戦,ビジター,広島東洋カープ,読売ジャイアンツ,遠藤 淳志,3,救援,H,10,3,1,3,1,0,0,0,0,0.00
20260722_G-C_11,2026-07-22,水,セ・リーグ公式戦,ビジター,広島東洋カープ,読売ジャイアンツ,Ｔ．ハーン,4,救援,,14,3,1,3,2,0,0,0,0,0.00
20260722_G-C_11,2026-07-22,水,セ・リーグ公式戦,ビジター,広島東洋カープ,読売ジャイアンツ,森浦 大輔,5,救援,,13,3,1,3,0,0,0,0,0,0.00
20260722_T-DB_13,2026-07-22,水,セ・リーグ公式戦,ホーム,阪神タイガース,横浜DeNAベイスターズ,髙橋 遥人,1,先発,,101,24,6,18,6,0,0,2,2,3.00
20260722_T-DB_13,2026-07-22,水,セ・リーグ公式戦,ホーム,阪神タイガース,横浜DeNAベイスターズ,工藤 泰成,2,救援,,32,6,1,3,0,0,0,2,0,0.00
20260722_T-DB_13,2026-07-22,水,セ・リーグ公式戦,ホーム,阪神タイガース,横浜DeNAベイスターズ,岩崎 優,3,救援,勝,15,4,1,3,1,0,0,0,0,0.00
20260722_T-DB_13,2026-07-22,水,セ・リーグ公式戦,ホーム,阪神タイガース,横浜DeNAベイスターズ,Ｒ．ドリス,4,救援,S,9,3,1,3,0,0,0,0,0,0.00
20260722_L-F_16,2026-07-22,水,パ・リーグ公式戦,ホーム,埼玉西武ライオンズ,北海道日本ハムファイターズ,平良 海馬,1,先発,,96,23,5,15,6,0,0,3,3,5.40
20260722_L-F_16,2026-07-22,水,パ・リーグ公式戦,ホーム,埼玉西武ライオンズ,北海道日本ハムファイターズ,Ｅ．ラミレス,2,救援,H,14,3,1,3,0,0,0,0,0,0.00
20260722_L-F_16,2026-07-22,水,パ・リーグ公式戦,ホーム,埼玉西武ライオンズ,北海道日本ハムファイターズ,森脇 亮介,3,救援,H,15,4,1,3,0,0,0,0,0,0.00
20260722_L-F_16,2026-07-22,水,パ・リーグ公式戦,ホーム,埼玉西武ライオンズ,北海道日本ハムファイターズ,Ｔ．ウィンゲンター,4,救援,H,13,3,1,3,2,0,0,0,0,0.00
20260722_L-F_16,2026-07-22,水,パ・リーグ公式戦,ホーム,埼玉西武ライオンズ,北海道日本ハムファイターズ,甲斐野 央,5,救援,H,23,5,1,3,1,0,0,0,0,0.00
20260722_L-F_16,2026-07-22,水,パ・リーグ公式戦,ホーム,埼玉西武ライオンズ,北海道日本ハムファイターズ,豆田 泰志,6,救援,勝,13,4,1,3,0,0,0,0,0,0.00
20260722_M-E_13,2026-07-22,水,パ・リーグ公式戦,ホーム,千葉ロッテマリーンズ,東北楽天ゴールデンイーグルス,小島 和哉,1,先発,勝,141,35,9,27,6,0,0,2,2,2.00
20260722_S-D_13,2026-07-22,水,セ・リーグ公式戦,ビジター,中日ドラゴンズ,東京ヤクルトスワローズ,中西 聖輝,1,先発,敗,64,13,2,6,3,0,0,5,5,22.50
20260722_S-D_13,2026-07-22,水,セ・リーグ公式戦,ビジター,中日ドラゴンズ,東京ヤクルトスワローズ,三浦 瑞樹,2,救援,,32,7,2,6,3,0,0,0,0,0.00
20260722_S-D_13,2026-07-22,水,セ・リーグ公式戦,ビジター,中日ドラゴンズ,東京ヤクルトスワローズ,藤嶋 健人,3,救援,,22,6,1.1,4,0,0,0,2,2,13.50
20260722_S-D_13,2026-07-22,水,セ・リーグ公式戦,ビジター,中日ドラゴンズ,東京ヤクルトスワローズ,齋藤 綱記,4,救援,,20,4,0.2,2,2,0,0,1,1,13.50
20260722_S-D_13,2026-07-22,水,セ・リーグ公式戦,ビジター,中日ドラゴンズ,東京ヤクルトスワローズ,草加 勝,5,救援,,18,6,2,6,0,0,0,0,0,0.00
20260722_S-D_13,2026-07-22,水,セ・リーグ公式戦,ホーム,東京ヤクルトスワローズ,中日ドラゴンズ,奥川 恭伸,1,先発,勝,99,25,6,18,4,0,0,4,4,6.00
20260722_S-D_13,2026-07-22,水,セ・リーグ公式戦,ホーム,東京ヤクルトスワローズ,中日ドラゴンズ,丸山 翔大,2,救援,,20,4,1,3,1,0,0,0,0,0.00
20260722_S-D_13,2026-07-22,水,セ・リーグ公式戦,ホーム,東京ヤクルトスワローズ,中日ドラゴンズ,清水 昇,3,救援,,11,3,1,3,1,0,0,0,0,0.00
20260722_S-D_13,2026-07-22,水,セ・リーグ公式戦,ホーム,東京ヤクルトスワローズ,中日ドラゴンズ,Ｊ．キハダ,4,救援,,25,6,1,3,2,0,0,1,1,9.00
20260722_M-E_13,2026-07-22,水,パ・リーグ公式戦,ビジター,東北楽天ゴールデンイーグルス,千葉ロッテマリーンズ,早川 隆久,1,先発,敗,97,27,5,15,6,0,0,8,8,14.40
20260722_M-E_13,2026-07-22,水,パ・リーグ公式戦,ビジター,東北楽天ゴールデンイーグルス,千葉ロッテマリーンズ,日當 直喜,2,救援,,47,10,2,6,0,1,0,2,1,4.50
20260722_M-E_13,2026-07-22,水,パ・リーグ公式戦,ビジター,東北楽天ゴールデンイーグルス,千葉ロッテマリーンズ,加治屋 蓮,3,救援,,18,4,1,3,0,0,0,0,0,0.00
20260722_G-C_11,2026-07-22,水,セ・リーグ公式戦,ホーム,読売ジャイアンツ,広島東洋カープ,西舘 勇陽,1,先発,敗,100,21,5,15,4,0,0,2,2,3.60
20260722_G-C_11,2026-07-22,水,セ・リーグ公式戦,ホーム,読売ジャイアンツ,広島東洋カープ,森田 駿哉,2,救援,,18,6,1,3,0,0,0,1,1,9.00
20260722_G-C_11,2026-07-22,水,セ・リーグ公式戦,ホーム,読売ジャイアンツ,広島東洋カープ,赤星 優志,3,救援,,19,4,1,3,0,0,0,0,0,0.00
20260722_G-C_11,2026-07-22,水,セ・リーグ公式戦,ホーム,読売ジャイアンツ,広島東洋カープ,Ｅ．ルシアーノ,4,救援,,27,7,1,3,2,2,0,3,3,27.00
20260722_G-C_11,2026-07-22,水,セ・リーグ公式戦,ホーム,読売ジャイアンツ,広島東洋カープ,平内 龍太,5,救援,,17,4,1,3,0,0,0,0,0,0.00
20260722_H-B_14,2026-07-22,水,パ・リーグ公式戦,ホーム,福岡ソフトバンクホークス,オリックス・バファローズ,Ｃ．スチュワート・ジュニア,1,先発,勝,112,29,7,21,6,0,0,2,2,2.57
20260722_H-B_14,2026-07-22,水,パ・リーグ公式戦,ホーム,福岡ソフトバンクホークス,オリックス・バファローズ,岩井 俊介,2,救援,,46,10,2,6,2,1,0,0,0,0.00
20260722_L-F_16,2026-07-22,水,パ・リーグ公式戦,ビジター,北海道日本ハムファイターズ,埼玉西武ライオンズ,伊藤 大海,1,先発,,97,25,6,18,8,0,0,3,3,4.50
20260722_L-F_16,2026-07-22,水,パ・リーグ公式戦,ビジター,北海道日本ハムファイターズ,埼玉西武ライオンズ,孫 易磊,2,救援,H,19,5,1,3,0,0,0,0,0,0.00
20260722_L-F_16,2026-07-22,水,パ・リーグ公式戦,ビジター,北海道日本ハムファイターズ,埼玉西武ライオンズ,島本 浩也,3,救援,H,7,3,1,3,0,0,0,0,0,0.00
20260722_L-F_16,2026-07-22,水,パ・リーグ公式戦,ビジター,北海道日本ハムファイターズ,埼玉西武ライオンズ,柴田 獅子,4,救援,H,15,5,1,3,0,0,0,0,0,0.00
20260722_L-F_16,2026-07-22,水,パ・リーグ公式戦,ビジター,北海道日本ハムファイターズ,埼玉西武ライオンズ,田中 正義,5,救援,敗,3,2,0.1,1,0,0,0,1,1,27.00
20260721_H-B_13,2026-07-21,火,パ・リーグ公式戦,ビジター,オリックス・バファローズ,福岡ソフトバンクホークス,Ａ．エスピノーザ,1,先発,勝,116,27,7,21,8,0,0,1,1,1.29
20260721_H-B_13,2026-07-21,火,パ・リーグ公式戦,ビジター,オリックス・バファローズ,福岡ソフトバンクホークス,椋木 蓮,2,救援,H,14,3,1,3,1,0,0,0,0,0.00
20260721_H-B_13,2026-07-21,火,パ・リーグ公式戦,ビジター,オリックス・バファローズ,福岡ソフトバンクホークス,Ａ．マチャド,3,救援,S,19,4,1,3,2,0,0,0,0,0.00
20260721_T-DB_12,2026-07-21,火,セ・リーグ公式戦,ビジター,横浜DeNAベイスターズ,阪神タイガース,篠木 健太郎,1,先発,,80,20,4.2,14,5,0,0,1,1,1.93
20260721_T-DB_12,2026-07-21,火,セ・リーグ公式戦,ビジター,横浜DeNAベイスターズ,阪神タイガース,松本 凌人,2,救援,H,3,1,0.1,1,0,0,0,0,0,0.00
20260721_T-DB_12,2026-07-21,火,セ・リーグ公式戦,ビジター,横浜DeNAベイスターズ,阪神タイガース,Ｈ．マルセリーノ,3,救援,H,8,3,1,3,1,0,0,0,0,0.00
20260721_T-DB_12,2026-07-21,火,セ・リーグ公式戦,ビジター,横浜DeNAベイスターズ,阪神タイガース,浜地 真澄,4,救援,H,11,3,1,3,1,0,0,0,0,0.00
20260721_T-DB_12,2026-07-21,火,セ・リーグ公式戦,ビジター,横浜DeNAベイスターズ,阪神タイガース,伊勢 大夢,5,救援,H,20,6,1.1,4,2,1,0,0,0,0.00
20260721_T-DB_12,2026-07-21,火,セ・リーグ公式戦,ビジター,横浜DeNAベイスターズ,阪神タイガース,岩田 将貴,6,救援,H,24,7,1.1,4,3,0,0,0,0,0.00
20260721_T-DB_12,2026-07-21,火,セ・リーグ公式戦,ビジター,横浜DeNAベイスターズ,阪神タイガース,吉野 光樹,7,救援,H,4,1,0.1,1,1,0,0,0,0,0.00
20260721_T-DB_12,2026-07-21,火,セ・リーグ公式戦,ビジター,横浜DeNAベイスターズ,阪神タイガース,宮城 滝太,8,救援,敗,10,4,0.2,2,1,0,0,1,1,13.50
20260721_G-C_10,2026-07-21,火,セ・リーグ公式戦,ビジター,広島東洋カープ,読売ジャイアンツ,岡本 駿,1,先発,敗,80,24,4,12,2,0,0,9,7,15.75
20260721_G-C_10,2026-07-21,火,セ・リーグ公式戦,ビジター,広島東洋カープ,読売ジャイアンツ,益田 武尚,2,救援,,30,9,2,6,1,0,0,2,2,9.00
20260721_G-C_10,2026-07-21,火,セ・リーグ公式戦,ビジター,広島東洋カープ,読売ジャイアンツ,黒原 拓未,3,救援,,21,5,1,3,0,0,0,0,0,0.00
20260721_G-C_10,2026-07-21,火,セ・リーグ公式戦,ビジター,広島東洋カープ,読売ジャイアンツ,鈴木 健矢,4,救援,,15,3,1,3,2,0,0,0,0,0.00
20260721_T-DB_12,2026-07-21,火,セ・リーグ公式戦,ホーム,阪神タイガース,横浜DeNAベイスターズ,下村 海翔,1,先発,,92,22,6,18,7,1,0,1,1,1.50
20260721_T-DB_12,2026-07-21,火,セ・リーグ公式戦,ホーム,阪神タイガース,横浜DeNAベイスターズ,工藤 泰成,2,救援,H,25,7,2,6,1,0,0,0,0,0.00
20260721_T-DB_12,2026-07-21,火,セ・リーグ公式戦,ホーム,阪神タイガース,横浜DeNAベイスターズ,岩崎 優,3,救援,H,6,3,1,3,1,0,0,0,0,0.00
20260721_T-DB_12,2026-07-21,火,セ・リーグ公式戦,ホーム,阪神タイガース,横浜DeNAベイスターズ,Ｒ．ドリス,4,救援,H,11,3,1,3,2,0,0,0,0,0.00
20260721_T-DB_12,2026-07-21,火,セ・リーグ公式戦,ホーム,阪神タイガース,横浜DeNAベイスターズ,木下 里都,5,救援,勝,27,6,1,3,2,0,0,0,0,0.00
20260721_S-D_12,2026-07-21,火,セ・リーグ公式戦,ビジター,中日ドラゴンズ,東京ヤクルトスワローズ,松葉 貴大,1,先発,,83,22,5+,15,5,0,0,4,4,7.20
20260721_S-D_12,2026-07-21,火,セ・リーグ公式戦,ビジター,中日ドラゴンズ,東京ヤクルトスワローズ,清水 達也,2,救援,,18,6,1,3,0,0,0,0,0,0.00
20260721_S-D_12,2026-07-21,火,セ・リーグ公式戦,ビジター,中日ドラゴンズ,東京ヤクルトスワローズ,橋本 侑樹,3,救援,勝,11,3,1,3,1,0,0,0,0,0.00
20260721_S-D_12,2026-07-21,火,セ・リーグ公式戦,ビジター,中日ドラゴンズ,東京ヤクルトスワローズ,吉田 聖弥,4,救援,,20,4,1,3,1,0,0,0,0,0.00
20260721_S-D_12,2026-07-21,火,セ・リーグ公式戦,ビジター,中日ドラゴンズ,東京ヤクルトスワローズ,Ａ．アブレウ,5,救援,,12,3,1,3,1,0,0,0,0,0.00
20260721_S-D_12,2026-07-21,火,セ・リーグ公式戦,ホーム,東京ヤクルトスワローズ,中日ドラゴンズ,山野 太一,1,先発,,106,24,6,18,6,0,0,4,4,6.00
20260721_S-D_12,2026-07-21,火,セ・リーグ公式戦,ホーム,東京ヤクルトスワローズ,中日ドラゴンズ,廣澤 優,2,救援,H,20,5,1,3,0,0,0,0,0,0.00
20260721_S-D_12,2026-07-21,火,セ・リーグ公式戦,ホーム,東京ヤクルトスワローズ,中日ドラゴンズ,Ｊ．リランソ,3,救援,敗,23,4,0+,0,0,0,0,4,4,
20260721_S-D_12,2026-07-21,火,セ・リーグ公式戦,ホーム,東京ヤクルトスワローズ,中日ドラゴンズ,大西 広樹,4,救援,,23,6,1,3,1,0,0,1,1,9.00
20260721_S-D_12,2026-07-21,火,セ・リーグ公式戦,ホーム,東京ヤクルトスワローズ,中日ドラゴンズ,下川 隼佑,5,救援,,31,8,1,3,2,0,0,2,2,18.00
20260721_G-C_10,2026-07-21,火,セ・リーグ公式戦,ホーム,読売ジャイアンツ,広島東洋カープ,山﨑 伊織,1,先発,勝,114,24,5.2,17,3,0,0,2,2,3.18
20260721_G-C_10,2026-07-21,火,セ・リーグ公式戦,ホーム,読売ジャイアンツ,広島東洋カープ,泉 圭輔,2,救援,,8,2,0.1,1,0,0,0,0,0,0.00
20260721_G-C_10,2026-07-21,火,セ・リーグ公式戦,ホーム,読売ジャイアンツ,広島東洋カープ,代木 大和,3,救援,,31,8,2,6,1,0,0,1,1,4.50
20260721_G-C_10,2026-07-21,火,セ・リーグ公式戦,ホーム,読売ジャイアンツ,広島東洋カープ,Ａ．バルドナード,4,救援,,41,6,0.2,2,0,0,0,2,0,0.00
20260721_G-C_10,2026-07-21,火,セ・リーグ公式戦,ホーム,読売ジャイアンツ,広島東洋カープ,堀田 賢慎,5,救援,,3,1,0.1,1,0,0,0,0,0,0.00
20260721_H-B_13,2026-07-21,火,パ・リーグ公式戦,ホーム,福岡ソフトバンクホークス,オリックス・バファローズ,上沢 直之,1,先発,敗,108,23,6,18,8,0,0,2,2,3.00
20260721_H-B_13,2026-07-21,火,パ・リーグ公式戦,ホーム,福岡ソフトバンクホークス,オリックス・バファローズ,木村 光,2,救援,,22,4,1,3,2,0,0,0,0,0.00
20260721_H-B_13,2026-07-21,火,パ・リーグ公式戦,ホーム,福岡ソフトバンクホークス,オリックス・バファローズ,岩井 俊介,3,救援,,16,4,1,3,2,0,0,0,0,0.00
20260721_H-B_13,2026-07-21,火,パ・リーグ公式戦,ホーム,福岡ソフトバンクホークス,オリックス・バファローズ,中村 稔弥,4,救援,,12,3,1,3,0,0,0,0,0,0.00
20260720_B-F_18,2026-07-20,月,パ・リーグ公式戦,ホーム,オリックス・バファローズ,北海道日本ハムファイターズ,九里 亜蓮,1,先発,勝,106,27,7,21,5,0,0,0,0,0.00
20260720_B-F_18,2026-07-20,月,パ・リーグ公式戦,ホーム,オリックス・バファローズ,北海道日本ハムファイターズ,椋木 蓮,2,救援,H,9,3,1,3,1,0,0,0,0,0.00
20260720_B-F_18,2026-07-20,月,パ・リーグ公式戦,ホーム,オリックス・バファローズ,北海道日本ハムファイターズ,Ａ．マチャド,3,救援,S,18,4,1,3,1,0,0,0,0,0.00
20260720_T-DB_11,2026-07-20,月,セ・リーグ公式戦,ビジター,横浜DeNAベイスターズ,阪神タイガース,平良 拳太郎,1,先発,勝,110,24,6,18,7,0,0,0,0,0.00
20260720_T-DB_11,2026-07-20,月,セ・リーグ公式戦,ビジター,横浜DeNAベイスターズ,阪神タイガース,宮城 滝太,2,救援,H,11,3,1,3,0,0,0,0,0,0.00
20260720_T-DB_11,2026-07-20,月,セ・リーグ公式戦,ビジター,横浜DeNAベイスターズ,阪神タイガース,Ｓ．レイノルズ,3,救援,,13,3,1,3,1,0,0,0,0,0.00
20260720_T-DB_11,2026-07-20,月,セ・リーグ公式戦,ビジター,横浜DeNAベイスターズ,阪神タイガース,松本 凌人,4,救援,,9,3,1,3,1,0,0,0,0,0.00
20260720_G-C_09,2026-07-20,月,セ・リーグ公式戦,ビジター,広島東洋カープ,読売ジャイアンツ,床田 寛樹,1,先発,敗,93,28,6,18,4,0,0,3,3,4.50
20260720_G-C_09,2026-07-20,月,セ・リーグ公式戦,ビジター,広島東洋カープ,読売ジャイアンツ,辻 大雅,2,救援,,18,4,1,3,2,0,0,0,0,0.00
20260720_G-C_09,2026-07-20,月,セ・リーグ公式戦,ビジター,広島東洋カープ,読売ジャイアンツ,菊地 ハルン,3,救援,,18,4,1,3,3,0,0,0,0,0.00
20260720_T-DB_11,2026-07-20,月,セ・リーグ公式戦,ホーム,阪神タイガース,横浜DeNAベイスターズ,大竹 耕太郎,1,先発,敗,101,23,5.2,17,3,0,0,1,1,1.59
20260720_T-DB_11,2026-07-20,月,セ・リーグ公式戦,ホーム,阪神タイガース,横浜DeNAベイスターズ,木下 里都,2,救援,,19,5,1.1,4,1,0,0,0,0,0.00
20260720_T-DB_11,2026-07-20,月,セ・リーグ公式戦,ホーム,阪神タイガース,横浜DeNAベイスターズ,Ａ．セベリーノ,3,救援,,33,6,1,3,0,0,0,3,3,27.00
20260720_T-DB_11,2026-07-20,月,セ・リーグ公式戦,ホーム,阪神タイガース,横浜DeNAベイスターズ,津田 淳哉,4,救援,,32,8,1,3,0,0,0,3,3,27.00
20260720_E-L_16,2026-07-20,月,パ・リーグ公式戦,ビジター,埼玉西武ライオンズ,東北楽天ゴールデンイーグルス,Ｅ．ラミレス,1,先発,,26,7,2,6,2,2,0,0,0,0.00
20260720_E-L_16,2026-07-20,月,パ・リーグ公式戦,ビジター,埼玉西武ライオンズ,東北楽天ゴールデンイーグルス,中村 祐太,2,救援,勝,25,8,2,6,0,0,0,0,0,0.00
20260720_E-L_16,2026-07-20,月,パ・リーグ公式戦,ビジター,埼玉西武ライオンズ,東北楽天ゴールデンイーグルス,黒田 将矢,3,救援,,15,5,0.1,1,0,0,0,3,3,81.00
20260720_E-L_16,2026-07-20,月,パ・リーグ公式戦,ビジター,埼玉西武ライオンズ,東北楽天ゴールデンイーグルス,森脇 亮介,4,救援,H,9,2,0.2,2,1,0,0,0,0,0.00
20260720_E-L_16,2026-07-20,月,パ・リーグ公式戦,ビジター,埼玉西武ライオンズ,東北楽天ゴールデンイーグルス,篠原 響,5,救援,H,40,7,1,3,0,0,0,1,1,9.00
20260720_E-L_16,2026-07-20,月,パ・リーグ公式戦,ビジター,埼玉西武ライオンズ,東北楽天ゴールデンイーグルス,Ｔ．ウィンゲンター,6,救援,H,21,5,1,3,1,0,0,0,0,0.00
20260720_E-L_16,2026-07-20,月,パ・リーグ公式戦,ビジター,埼玉西武ライオンズ,東北楽天ゴールデンイーグルス,豆田 泰志,7,救援,H,13,4,1,3,1,0,0,0,0,0.00
20260720_E-L_16,2026-07-20,月,パ・リーグ公式戦,ビジター,埼玉西武ライオンズ,東北楽天ゴールデンイーグルス,甲斐野 央,8,救援,S,8,3,1,3,0,0,0,0,0,0.00
20260720_M-H_14,2026-07-20,月,パ・リーグ公式戦,ホーム,千葉ロッテマリーンズ,福岡ソフトバンクホークス,Ａ．ジャクソン,1,先発,,114,24,5,15,5,0,0,4,4,7.20
20260720_M-H_14,2026-07-20,月,パ・リーグ公式戦,ホーム,千葉ロッテマリーンズ,福岡ソフトバンクホークス,八木 彬,2,救援,,9,3,1,3,0,0,0,0,0,0.00
20260720_M-H_14,2026-07-20,月,パ・リーグ公式戦,ホーム,千葉ロッテマリーンズ,福岡ソフトバンクホークス,鈴木 昭汰,3,救援,,10,3,1,3,1,0,0,0,0,0.00
20260720_M-H_14,2026-07-20,月,パ・リーグ公式戦,ホーム,千葉ロッテマリーンズ,福岡ソフトバンクホークス,中森 俊介,4,救援,,13,4,1,3,1,0,0,0,0,0.00
20260720_M-H_14,2026-07-20,月,パ・リーグ公式戦,ホーム,千葉ロッテマリーンズ,福岡ソフトバンクホークス,横山 陸人,5,救援,敗,19,6,1,3,0,1,0,1,1,9.00
20260720_S-D_11,2026-07-20,月,セ・リーグ公式戦,ビジター,中日ドラゴンズ,東京ヤクルトスワローズ,髙橋 宏斗,1,先発,勝,95,27,8,24,8,0,0,2,1,1.13
20260720_S-D_11,2026-07-20,月,セ・リーグ公式戦,ビジター,中日ドラゴンズ,東京ヤクルトスワローズ,松山 晋也,2,救援,S,11,4,1,3,1,0,0,0,0,0.00
20260720_S-D_11,2026-07-20,月,セ・リーグ公式戦,ホーム,東京ヤクルトスワローズ,中日ドラゴンズ,Ｎ．ウォルターズ,1,先発,敗,99,24,5+,15,5,0,0,4,4,7.20
20260720_S-D_11,2026-07-20,月,セ・リーグ公式戦,ホーム,東京ヤクルトスワローズ,中日ドラゴンズ,石原 勇輝,2,救援,,30,8,2,6,3,0,0,0,0,0.00
20260720_S-D_11,2026-07-20,月,セ・リーグ公式戦,ホーム,東京ヤクルトスワローズ,中日ドラゴンズ,阪口 皓亮,3,救援,,18,3,1,3,2,0,0,0,0,0.00
20260720_S-D_11,2026-07-20,月,セ・リーグ公式戦,ホーム,東京ヤクルトスワローズ,中日ドラゴンズ,丸山 翔大,4,救援,,15,3,1,3,2,0,0,0,0,0.00
20260720_E-L_16,2026-07-20,月,パ・リーグ公式戦,ホーム,東北楽天ゴールデンイーグルス,埼玉西武ライオンズ,岸 孝之,1,先発,敗,91,27,6,18,2,0,0,5,5,7.50
20260720_E-L_16,2026-07-20,月,パ・リーグ公式戦,ホーム,東北楽天ゴールデンイーグルス,埼玉西武ライオンズ,柴田 大地,2,救援,,12,3,1,3,0,0,0,0,0,0.00
20260720_E-L_16,2026-07-20,月,パ・リーグ公式戦,ホーム,東北楽天ゴールデンイーグルス,埼玉西武ライオンズ,泰 勝利,3,救援,,13,3,1,3,2,0,0,0,0,0.00
20260720_E-L_16,2026-07-20,月,パ・リーグ公式戦,ホーム,東北楽天ゴールデンイーグルス,埼玉西武ライオンズ,中込 陽翔,4,救援,,29,6,1,3,1,0,0,0,0,0.00
20260720_G-C_09,2026-07-20,月,セ・リーグ公式戦,ホーム,読売ジャイアンツ,広島東洋カープ,井上 温大,1,先発,勝,97,28,7,21,8,0,0,1,1,1.29
20260720_G-C_09,2026-07-20,月,セ・リーグ公式戦,ホーム,読売ジャイアンツ,広島東洋カープ,船迫 大雅,2,救援,H,8,2,0.1,1,0,0,0,0,0,0.00
20260720_G-C_09,2026-07-20,月,セ・リーグ公式戦,ホーム,読売ジャイアンツ,広島東洋カープ,森田 駿哉,3,救援,H,6,2,0.2,2,0,0,0,0,0,0.00
20260720_G-C_09,2026-07-20,月,セ・リーグ公式戦,ホーム,読売ジャイアンツ,広島東洋カープ,Ｒ．マルティネス,4,救援,S,14,3,1,3,1,0,0,0,0,0.00
20260720_M-H_14,2026-07-20,月,パ・リーグ公式戦,ビジター,福岡ソフトバンクホークス,千葉ロッテマリーンズ,大関 友久,1,先発,,103,24,5.1,16,4,0,0,3,3,5.06
20260720_M-H_14,2026-07-20,月,パ・リーグ公式戦,ビジター,福岡ソフトバンクホークス,千葉ロッテマリーンズ,Ｄ．ヘルナンデス,2,救援,H,5,2,0.2,2,1,0,0,0,0,0.00
20260720_M-H_14,2026-07-20,月,パ・リーグ公式戦,ビジター,福岡ソフトバンクホークス,千葉ロッテマリーンズ,鈴木 豪太,3,救援,H,10,3,1,3,1,0,0,0,0,0.00
20260720_M-H_14,2026-07-20,月,パ・リーグ公式戦,ビジター,福岡ソフトバンクホークス,千葉ロッテマリーンズ,Ｒ．オスナ,4,救援,勝,19,5,1,3,1,0,0,1,1,9.00
20260720_M-H_14,2026-07-20,月,パ・リーグ公式戦,ビジター,福岡ソフトバンクホークス,千葉ロッテマリーンズ,津森 宥紀,5,救援,S,22,3,1,3,1,0,0,0,0,0.00
20260720_B-F_18,2026-07-20,月,パ・リーグ公式戦,ビジター,北海道日本ハムファイターズ,オリックス・バファローズ,有原 航平,1,先発,敗,100,27,6,18,4,0,0,3,1,1.50
20260720_B-F_18,2026-07-20,月,パ・リーグ公式戦,ビジター,北海道日本ハムファイターズ,オリックス・バファローズ,金村 尚真,2,救援,,16,3,1,3,0,0,0,0,0,0.00
20260720_B-F_18,2026-07-20,月,パ・リーグ公式戦,ビジター,北海道日本ハムファイターズ,オリックス・バファローズ,生田目 翼,3,救援,,8,3,1,3,1,0,0,0,0,0.00
20260719_B-F_17,2026-07-19,日,パ・リーグ公式戦,ホーム,オリックス・バファローズ,北海道日本ハムファイターズ,髙島 泰都,1,先発,敗,84,23,3.1,10,5,0,0,5,3,8.10
20260719_B-F_17,2026-07-19,日,パ・リーグ公式戦,ホーム,オリックス・バファローズ,北海道日本ハムファイターズ,入山 海斗,2,救援,,14,5,1.2,5,0,0,0,0,0,0.00
20260719_B-F_17,2026-07-19,日,パ・リーグ公式戦,ホーム,オリックス・バファローズ,北海道日本ハムファイターズ,吉田 輝星,3,救援,,10,3,1,3,1,0,0,0,0,0.00
20260719_B-F_17,2026-07-19,日,パ・リーグ公式戦,ホーム,オリックス・バファローズ,北海道日本ハムファイターズ,山岡 泰輔,4,救援,,20,6,2,6,0,0,0,0,0,0.00
20260719_B-F_17,2026-07-19,日,パ・リーグ公式戦,ホーム,オリックス・バファローズ,北海道日本ハムファイターズ,阿部 翔太,5,救援,,18,4,1,3,1,0,0,0,0,0.00
20260719_DB-S_16,2026-07-19,日,セ・リーグ公式戦,ホーム,横浜DeNAベイスターズ,東京ヤクルトスワローズ,片山 皓心,1,先発,勝,80,21,5,15,6,1,0,1,1,1.80
20260719_DB-S_16,2026-07-19,日,セ・リーグ公式戦,ホーム,横浜DeNAベイスターズ,東京ヤクルトスワローズ,浜地 真澄,2,救援,,14,4,1,3,1,0,0,0,0,0.00
20260719_DB-S_16,2026-07-19,日,セ・リーグ公式戦,ホーム,横浜DeNAベイスターズ,東京ヤクルトスワローズ,宮城 滝太,3,救援,,12,3,1,3,0,0,0,0,0,0.00
20260719_DB-S_16,2026-07-19,日,セ・リーグ公式戦,ホーム,横浜DeNAベイスターズ,東京ヤクルトスワローズ,Ｓ．レイノルズ,4,救援,,20,4,1,3,3,0,0,0,0,0.00
20260719_DB-S_16,2026-07-19,日,セ・リーグ公式戦,ホーム,横浜DeNAベイスターズ,東京ヤクルトスワローズ,伊勢 大夢,5,救援,,16,3,1,3,1,0,0,0,0,0.00
20260719_C-T_15,2026-07-19,日,セ・リーグ公式戦,ホーム,広島東洋カープ,阪神タイガース,森 翔平,1,先発,,90,22,6,18,6,2,0,1,1,1.50
20260719_C-T_15,2026-07-19,日,セ・リーグ公式戦,ホーム,広島東洋カープ,阪神タイガース,遠藤 淳志,2,救援,,13,4,1,3,0,0,0,1,1,9.00
20260719_C-T_15,2026-07-19,日,セ・リーグ公式戦,ホーム,広島東洋カープ,阪神タイガース,Ｔ．ハーン,3,救援,敗,21,6,0.2,2,0,0,0,2,2,27.00
20260719_C-T_15,2026-07-19,日,セ・リーグ公式戦,ホーム,広島東洋カープ,阪神タイガース,鈴木 健矢,4,救援,,5,1,0.1,1,1,0,0,0,0,0.00
20260719_C-T_15,2026-07-19,日,セ・リーグ公式戦,ホーム,広島東洋カープ,阪神タイガース,辻 大雅,5,救援,,13,3,1,3,1,0,0,0,0,0.00
20260719_C-T_15,2026-07-19,日,セ・リーグ公式戦,ビジター,阪神タイガース,広島東洋カープ,村上 頌樹,1,先発,,121,25,6,18,6,1,0,2,2,3.00
20260719_C-T_15,2026-07-19,日,セ・リーグ公式戦,ビジター,阪神タイガース,広島東洋カープ,工藤 泰成,2,救援,勝,14,3,1,3,2,0,0,0,0,0.00
20260719_C-T_15,2026-07-19,日,セ・リーグ公式戦,ビジター,阪神タイガース,広島東洋カープ,岩崎 優,3,救援,H,12,3,1,3,1,0,0,0,0,0.00
20260719_C-T_15,2026-07-19,日,セ・リーグ公式戦,ビジター,阪神タイガース,広島東洋カープ,Ｒ．ドリス,4,救援,S,20,5,1,3,1,0,0,0,0,0.00
20260719_E-L_15,2026-07-19,日,パ・リーグ公式戦,ビジター,埼玉西武ライオンズ,東北楽天ゴールデンイーグルス,髙橋 光成,1,先発,勝,100,26,6,18,5,0,0,3,3,4.50
20260719_E-L_15,2026-07-19,日,パ・リーグ公式戦,ビジター,埼玉西武ライオンズ,東北楽天ゴールデンイーグルス,篠原 響,2,救援,H,12,3,1,3,0,0,0,0,0,0.00
20260719_E-L_15,2026-07-19,日,パ・リーグ公式戦,ビジター,埼玉西武ライオンズ,東北楽天ゴールデンイーグルス,Ｔ．ウィンゲンター,3,救援,H,7,3,1,3,1,0,0,0,0,0.00
20260719_E-L_15,2026-07-19,日,パ・リーグ公式戦,ビジター,埼玉西武ライオンズ,東北楽天ゴールデンイーグルス,甲斐野 央,4,救援,S,14,3,1,3,1,0,0,0,0,0.00
20260719_M-H_13,2026-07-19,日,パ・リーグ公式戦,ホーム,千葉ロッテマリーンズ,福岡ソフトバンクホークス,Ｓ．ロング,1,先発,敗,95,25,6,18,2,0,0,3,3,4.50
20260719_M-H_13,2026-07-19,日,パ・リーグ公式戦,ホーム,千葉ロッテマリーンズ,福岡ソフトバンクホークス,澤田 圭佑,2,救援,,19,4,1,3,1,0,0,0,0,0.00
20260719_M-H_13,2026-07-19,日,パ・リーグ公式戦,ホーム,千葉ロッテマリーンズ,福岡ソフトバンクホークス,石川 柊太,3,救援,,36,8,2,6,1,0,0,0,0,0.00
20260719_G-D_17,2026-07-19,日,セ・リーグ公式戦,ビジター,中日ドラゴンズ,読売ジャイアンツ,金丸 夢斗,1,先発,敗,88,26,6.1,19,7,0,0,3,3,4.26
20260719_G-D_17,2026-07-19,日,セ・リーグ公式戦,ビジター,中日ドラゴンズ,読売ジャイアンツ,草加 勝,2,救援,,13,3,0.2,2,1,0,0,0,0,0.00
20260719_G-D_17,2026-07-19,日,セ・リーグ公式戦,ビジター,中日ドラゴンズ,読売ジャイアンツ,藤嶋 健人,3,救援,,18,3,0.1,1,0,0,0,2,2,54.00
20260719_G-D_17,2026-07-19,日,セ・リーグ公式戦,ビジター,中日ドラゴンズ,読売ジャイアンツ,牧野 憲伸,4,救援,,22,5,0.2,2,1,0,0,1,1,13.50
20260719_DB-S_16,2026-07-19,日,セ・リーグ公式戦,ビジター,東京ヤクルトスワローズ,横浜DeNAベイスターズ,吉村 貢司郎,1,先発,敗,110,24,5,15,7,0,0,5,5,9.00
20260719_DB-S_16,2026-07-19,日,セ・リーグ公式戦,ビジター,東京ヤクルトスワローズ,横浜DeNAベイスターズ,廣澤 優,2,救援,,11,3,1,3,1,0,0,0,0,0.00
20260719_DB-S_16,2026-07-19,日,セ・リーグ公式戦,ビジター,東京ヤクルトスワローズ,横浜DeNAベイスターズ,下川 隼佑,3,救援,,24,8,2,6,1,0,0,0,0,0.00
20260719_E-L_15,2026-07-19,日,パ・リーグ公式戦,ホーム,東北楽天ゴールデンイーグルス,埼玉西武ライオンズ,Ｊ．ウレーニャ,1,先発,敗,83,26,6,18,1,0,0,4,4,6.00
20260719_E-L_15,2026-07-19,日,パ・リーグ公式戦,ホーム,東北楽天ゴールデンイーグルス,埼玉西武ライオンズ,藤原 聡大,2,救援,,9,5,1,3,0,0,0,2,2,18.00
20260719_E-L_15,2026-07-19,日,パ・リーグ公式戦,ホーム,東北楽天ゴールデンイーグルス,埼玉西武ライオンズ,津留﨑 大成,3,救援,,35,8,2,6,3,0,0,0,0,0.00
20260719_G-D_17,2026-07-19,日,セ・リーグ公式戦,ホーム,読売ジャイアンツ,中日ドラゴンズ,小笠原 慎之介,1,先発,勝,87,21,6,18,6,0,0,0,0,0.00
20260719_G-D_17,2026-07-19,日,セ・リーグ公式戦,ホーム,読売ジャイアンツ,中日ドラゴンズ,田中 瑛斗,2,救援,H,12,5,1,3,1,0,0,0,0,0.00
20260719_G-D_17,2026-07-19,日,セ・リーグ公式戦,ホーム,読売ジャイアンツ,中日ドラゴンズ,赤星 優志,3,救援,,18,5,0.2,2,0,0,0,1,1,13.50
20260719_G-D_17,2026-07-19,日,セ・リーグ公式戦,ホーム,読売ジャイアンツ,中日ドラゴンズ,船迫 大雅,4,救援,,6,1,0+,0,0,0,0,0,0,
20260719_G-D_17,2026-07-19,日,セ・リーグ公式戦,ホーム,読売ジャイアンツ,中日ドラゴンズ,中川 皓太,5,救援,H,3,1,0.1,1,0,0,0,0,0,0.00
20260719_G-D_17,2026-07-19,日,セ・リーグ公式戦,ホーム,読売ジャイアンツ,中日ドラゴンズ,泉 圭輔,6,救援,,17,5,1,3,2,0,0,0,0,0.00
20260719_M-H_13,2026-07-19,日,パ・リーグ公式戦,ビジター,福岡ソフトバンクホークス,千葉ロッテマリーンズ,前田 悠伍,1,先発,勝,98,25,7,21,8,1,0,0,0,0.00
20260719_M-H_13,2026-07-19,日,パ・リーグ公式戦,ビジター,福岡ソフトバンクホークス,千葉ロッテマリーンズ,松本 裕樹,2,救援,H,16,4,1,3,2,0,0,0,0,0.00
20260719_M-H_13,2026-07-19,日,パ・リーグ公式戦,ビジター,福岡ソフトバンクホークス,千葉ロッテマリーンズ,杉山 一樹,3,救援,S,13,3,1,3,1,0,0,0,0,0.00
20260719_B-F_17,2026-07-19,日,パ・リーグ公式戦,ビジター,北海道日本ハムファイターズ,オリックス・バファローズ,山﨑 福也,1,先発,勝,67,17,5,15,0,0,0,1,1,1.80
20260719_B-F_17,2026-07-19,日,パ・リーグ公式戦,ビジター,北海道日本ハムファイターズ,オリックス・バファローズ,上原 健太,2,救援,,18,4,1,3,0,0,0,0,0,0.00
20260719_B-F_17,2026-07-19,日,パ・リーグ公式戦,ビジター,北海道日本ハムファイターズ,オリックス・バファローズ,田中 正義,3,救援,,12,3,1,3,1,0,0,0,0,0.00
20260719_B-F_17,2026-07-19,日,パ・リーグ公式戦,ビジター,北海道日本ハムファイターズ,オリックス・バファローズ,堀 瑞輝,4,救援,,32,5,1,3,1,0,0,0,0,0.00
20260719_B-F_17,2026-07-19,日,パ・リーグ公式戦,ビジター,北海道日本ハムファイターズ,オリックス・バファローズ,柳川 大晟,5,救援,,16,4,1,3,1,0,0,0,0,0.00
20260718_B-F_16,2026-07-18,土,パ・リーグ公式戦,ホーム,オリックス・バファローズ,北海道日本ハムファイターズ,Ｓ．ジェリー,1,先発,敗,81,23,5,15,4,0,0,4,3,5.40
20260718_B-F_16,2026-07-18,土,パ・リーグ公式戦,ホーム,オリックス・バファローズ,北海道日本ハムファイターズ,宮國 凌空,2,救援,,46,15,3.1,10,2,0,0,3,3,8.10
20260718_B-F_16,2026-07-18,土,パ・リーグ公式戦,ホーム,オリックス・バファローズ,北海道日本ハムファイターズ,阿部 翔太,3,救援,,8,3,0.2,2,0,0,0,0,0,0.00
20260718_DB-S_15,2026-07-18,土,セ・リーグ公式戦,ホーム,横浜DeNAベイスターズ,東京ヤクルトスワローズ,深沢 鳳介,1,先発,勝,103,29,9,27,5,0,0,0,0,0.00
20260718_C-T_14,2026-07-18,土,セ・リーグ公式戦,ホーム,広島東洋カープ,阪神タイガース,栗林 良吏,1,先発,勝,117,29,7,21,6,0,0,1,1,1.29
20260718_C-T_14,2026-07-18,土,セ・リーグ公式戦,ホーム,広島東洋カープ,阪神タイガース,Ｔ．ハーン,2,救援,H,19,4,1,3,2,0,0,0,0,0.00
20260718_C-T_14,2026-07-18,土,セ・リーグ公式戦,ホーム,広島東洋カープ,阪神タイガース,森浦 大輔,3,救援,S,17,3,1,3,3,0,0,0,0,0.00
20260718_C-T_14,2026-07-18,土,セ・リーグ公式戦,ビジター,阪神タイガース,広島東洋カープ,伊藤 将司,1,先発,敗,102,23,5.1,16,2,0,0,2,2,3.38
20260718_C-T_14,2026-07-18,土,セ・リーグ公式戦,ビジター,阪神タイガース,広島東洋カープ,木下 里都,2,救援,,3,2,0.2,2,0,0,0,0,0,0.00
20260718_C-T_14,2026-07-18,土,セ・リーグ公式戦,ビジター,阪神タイガース,広島東洋カープ,Ａ．セベリーノ,3,救援,,14,4,1,3,1,0,0,0,0,0.00
20260718_C-T_14,2026-07-18,土,セ・リーグ公式戦,ビジター,阪神タイガース,広島東洋カープ,Ｄ．モレッタ,4,救援,,16,4,1,3,2,0,0,0,0,0.00
20260718_E-L_14,2026-07-18,土,パ・リーグ公式戦,ビジター,埼玉西武ライオンズ,東北楽天ゴールデンイーグルス,武内 夏暉,1,先発,敗,107,29,8,24,0,0,0,3,3,3.38
20260718_M-H_12,2026-07-18,土,パ・リーグ公式戦,ホーム,千葉ロッテマリーンズ,福岡ソフトバンクホークス,廣池 康志郎,1,先発,敗,86,23,4,12,1,0,0,5,5,11.25
20260718_M-H_12,2026-07-18,土,パ・リーグ公式戦,ホーム,千葉ロッテマリーンズ,福岡ソフトバンクホークス,坂本 光士郎,2,救援,,32,7,2,6,4,0,0,0,0,0.00
20260718_M-H_12,2026-07-18,土,パ・リーグ公式戦,ホーム,千葉ロッテマリーンズ,福岡ソフトバンクホークス,小野 郁,3,救援,,29,7,2,6,3,0,0,0,0,0.00
20260718_M-H_12,2026-07-18,土,パ・リーグ公式戦,ホーム,千葉ロッテマリーンズ,福岡ソフトバンクホークス,益田 直也,4,救援,,24,4,1,3,0,0,0,0,0,0.00
20260718_G-D_16,2026-07-18,土,セ・リーグ公式戦,ビジター,中日ドラゴンズ,読売ジャイアンツ,涌井 秀章,1,先発,勝,106,32,6.2,20,6,0,0,1,1,1.35
20260718_G-D_16,2026-07-18,土,セ・リーグ公式戦,ビジター,中日ドラゴンズ,読売ジャイアンツ,橋本 侑樹,2,救援,H,7,1,0.1,1,1,0,0,0,0,0.00
20260718_G-D_16,2026-07-18,土,セ・リーグ公式戦,ビジター,中日ドラゴンズ,読売ジャイアンツ,吉田 聖弥,3,救援,H,13,3,1,3,0,0,0,0,0,0.00
20260718_G-D_16,2026-07-18,土,セ・リーグ公式戦,ビジター,中日ドラゴンズ,読売ジャイアンツ,松山 晋也,4,救援,,19,5,1,3,1,0,0,0,0,0.00
20260718_DB-S_15,2026-07-18,土,セ・リーグ公式戦,ビジター,東京ヤクルトスワローズ,横浜DeNAベイスターズ,松本 健吾,1,先発,敗,80,22,4.1,13,4,0,0,6,6,12.46
20260718_DB-S_15,2026-07-18,土,セ・リーグ公式戦,ビジター,東京ヤクルトスワローズ,横浜DeNAベイスターズ,石原 勇輝,2,救援,,6,2,0.2,2,0,0,0,0,0,0.00
20260718_DB-S_15,2026-07-18,土,セ・リーグ公式戦,ビジター,東京ヤクルトスワローズ,横浜DeNAベイスターズ,小澤 怜史,3,救援,,33,9,2,6,1,0,0,2,2,9.00
20260718_DB-S_15,2026-07-18,土,セ・リーグ公式戦,ビジター,東京ヤクルトスワローズ,横浜DeNAベイスターズ,阪口 皓亮,4,救援,,11,3,1,3,2,0,0,0,0,0.00
20260718_E-L_14,2026-07-18,土,パ・リーグ公式戦,ホーム,東北楽天ゴールデンイーグルス,埼玉西武ライオンズ,荘司 康誠,1,先発,勝,115,28,7,21,8,0,0,2,2,2.57
20260718_E-L_14,2026-07-18,土,パ・リーグ公式戦,ホーム,東北楽天ゴールデンイーグルス,埼玉西武ライオンズ,泰 勝利,2,救援,H,11,4,1,3,0,0,0,0,0,0.00
20260718_E-L_14,2026-07-18,土,パ・リーグ公式戦,ホーム,東北楽天ゴールデンイーグルス,埼玉西武ライオンズ,藤平 尚真,3,救援,S,13,4,1,3,2,0,0,0,0,0.00
20260718_G-D_16,2026-07-18,土,セ・リーグ公式戦,ホーム,読売ジャイアンツ,中日ドラゴンズ,竹丸 和幸,1,先発,敗,97,24,6,18,10,0,0,3,3,4.50
20260718_G-D_16,2026-07-18,土,セ・リーグ公式戦,ホーム,読売ジャイアンツ,中日ドラゴンズ,泉 圭輔,2,救援,,10,4,1,3,0,0,0,0,0,0.00
20260718_G-D_16,2026-07-18,土,セ・リーグ公式戦,ホーム,読売ジャイアンツ,中日ドラゴンズ,森田 駿哉,3,救援,,13,3,1,3,1,0,0,0,0,0.00
20260718_G-D_16,2026-07-18,土,セ・リーグ公式戦,ホーム,読売ジャイアンツ,中日ドラゴンズ,Ａ．バルドナード,4,救援,,15,5,0.2,2,1,0,0,2,2,27.00
20260718_G-D_16,2026-07-18,土,セ・リーグ公式戦,ホーム,読売ジャイアンツ,中日ドラゴンズ,堀田 賢慎,5,救援,,2,1,0.1,1,0,0,0,0,0,0.00
20260718_M-H_12,2026-07-18,土,パ・リーグ公式戦,ビジター,福岡ソフトバンクホークス,千葉ロッテマリーンズ,大津 亮介,1,先発,勝,98,24,5,15,4,0,0,3,3,5.40
20260718_M-H_12,2026-07-18,土,パ・リーグ公式戦,ビジター,福岡ソフトバンクホークス,千葉ロッテマリーンズ,津森 宥紀,2,救援,H,14,4,1,3,0,0,0,0,0,0.00
20260718_M-H_12,2026-07-18,土,パ・リーグ公式戦,ビジター,福岡ソフトバンクホークス,千葉ロッテマリーンズ,Ｒ．オスナ,3,救援,H,15,4,1,3,0,0,0,0,0,0.00
20260718_M-H_12,2026-07-18,土,パ・リーグ公式戦,ビジター,福岡ソフトバンクホークス,千葉ロッテマリーンズ,松本 裕樹,4,救援,H,13,3,1,3,0,0,0,0,0,0.00
20260718_M-H_12,2026-07-18,土,パ・リーグ公式戦,ビジター,福岡ソフトバンクホークス,千葉ロッテマリーンズ,杉山 一樹,5,救援,S,27,6,1,3,1,1,0,1,1,9.00
20260718_B-F_16,2026-07-18,土,パ・リーグ公式戦,ビジター,北海道日本ハムファイターズ,オリックス・バファローズ,細野 晴希,1,先発,勝,98,26,7,21,4,0,0,0,0,0.00
20260718_B-F_16,2026-07-18,土,パ・リーグ公式戦,ビジター,北海道日本ハムファイターズ,オリックス・バファローズ,孫 易磊,2,救援,,8,3,1,3,1,0,0,0,0,0.00
20260718_B-F_16,2026-07-18,土,パ・リーグ公式戦,ビジター,北海道日本ハムファイターズ,オリックス・バファローズ,柴田 獅子,3,救援,,16,4,1,3,1,0,0,0,0,0.00
20260717_DB-S_14,2026-07-17,金,セ・リーグ公式戦,ホーム,横浜DeNAベイスターズ,東京ヤクルトスワローズ,尾形 崇斗,1,先発,勝,76,22,6,18,7,0,0,2,2,3.00
20260717_DB-S_14,2026-07-17,金,セ・リーグ公式戦,ホーム,横浜DeNAベイスターズ,東京ヤクルトスワローズ,浜地 真澄,2,救援,,14,5,1,3,0,0,0,2,0,0.00
20260717_DB-S_14,2026-07-17,金,セ・リーグ公式戦,ホーム,横浜DeNAベイスターズ,東京ヤクルトスワローズ,Ｈ．マルセリーノ,3,救援,,7,3,1,3,1,0,0,0,0,0.00
20260717_DB-S_14,2026-07-17,金,セ・リーグ公式戦,ホーム,横浜DeNAベイスターズ,東京ヤクルトスワローズ,中川 虎大,4,救援,,15,4,1,3,1,0,0,0,0,0.00
20260717_C-T_13,2026-07-17,金,セ・リーグ公式戦,ホーム,広島東洋カープ,阪神タイガース,アドゥワ 誠,1,先発,敗,78,23,5,15,5,0,0,3,3,5.40
20260717_C-T_13,2026-07-17,金,セ・リーグ公式戦,ホーム,広島東洋カープ,阪神タイガース,益田 武尚,2,救援,,26,6,1,3,0,0,0,0,0,0.00
20260717_C-T_13,2026-07-17,金,セ・リーグ公式戦,ホーム,広島東洋カープ,阪神タイガース,島内 颯太郎,3,救援,,27,7,1,3,1,0,0,1,1,9.00
20260717_C-T_13,2026-07-17,金,セ・リーグ公式戦,ホーム,広島東洋カープ,阪神タイガース,菊地 ハルン,4,救援,,8,3,1,3,0,0,0,0,0,0.00
20260717_C-T_13,2026-07-17,金,セ・リーグ公式戦,ホーム,広島東洋カープ,阪神タイガース,鈴木 健矢,5,救援,,23,5,1,3,2,0,0,0,0,0.00
20260717_C-T_13,2026-07-17,金,セ・リーグ公式戦,ビジター,阪神タイガース,広島東洋カープ,才木 浩人,1,先発,勝,130,30,8,24,7,0,0,2,2,2.25
20260717_C-T_13,2026-07-17,金,セ・リーグ公式戦,ビジター,阪神タイガース,広島東洋カープ,岩崎 優,2,救援,S,13,4,1,3,0,0,0,0,0,0.00
20260717_G-D_15,2026-07-17,金,セ・リーグ公式戦,ビジター,中日ドラゴンズ,読売ジャイアンツ,大野 雄大,1,先発,,72,22,6,18,3,0,0,1,1,1.50
20260717_G-D_15,2026-07-17,金,セ・リーグ公式戦,ビジター,中日ドラゴンズ,読売ジャイアンツ,橋本 侑樹,2,救援,H,15,3,1,3,3,0,0,0,0,0.00
20260717_G-D_15,2026-07-17,金,セ・リーグ公式戦,ビジター,中日ドラゴンズ,読売ジャイアンツ,吉田 聖弥,3,救援,H,14,3,1,3,1,0,0,0,0,0.00
20260717_G-D_15,2026-07-17,金,セ・リーグ公式戦,ビジター,中日ドラゴンズ,読売ジャイアンツ,齋藤 綱記,4,救援,敗,11,5,0.2,2,1,0,0,3,3,40.50
20260717_DB-S_14,2026-07-17,金,セ・リーグ公式戦,ビジター,東京ヤクルトスワローズ,横浜DeNAベイスターズ,高橋 奎二,1,先発,敗,90,25,5,15,1,0,0,4,4,7.20
20260717_DB-S_14,2026-07-17,金,セ・リーグ公式戦,ビジター,東京ヤクルトスワローズ,横浜DeNAベイスターズ,長谷川 宙輝,2,救援,,30,8,1,3,0,0,0,3,3,27.00
20260717_DB-S_14,2026-07-17,金,セ・リーグ公式戦,ビジター,東京ヤクルトスワローズ,横浜DeNAベイスターズ,大西 広樹,3,救援,,34,9,1,3,1,0,0,4,4,36.00
20260717_DB-S_14,2026-07-17,金,セ・リーグ公式戦,ビジター,東京ヤクルトスワローズ,横浜DeNAベイスターズ,石原 勇輝,4,救援,,15,5,1,3,1,0,0,1,1,9.00
20260717_G-D_15,2026-07-17,金,セ・リーグ公式戦,ホーム,読売ジャイアンツ,中日ドラゴンズ,Ｆ．ウィットリー,1,先発,,107,24,6,18,11,0,0,1,1,1.50
20260717_G-D_15,2026-07-17,金,セ・リーグ公式戦,ホーム,読売ジャイアンツ,中日ドラゴンズ,赤星 優志,2,救援,H,8,3,1,3,0,0,0,0,0,0.00
20260717_G-D_15,2026-07-17,金,セ・リーグ公式戦,ホーム,読売ジャイアンツ,中日ドラゴンズ,田中 瑛斗,3,救援,H,9,3,1,3,0,0,0,0,0,0.00
20260717_G-D_15,2026-07-17,金,セ・リーグ公式戦,ホーム,読売ジャイアンツ,中日ドラゴンズ,Ｒ．マルティネス,4,救援,勝,15,4,1,3,3,0,0,0,0,0.00
20260716_E-B_12,2026-07-16,木,パ・リーグ公式戦,ビジター,オリックス・バファローズ,東北楽天ゴールデンイーグルス,博志,1,先発,,59,17,4.1,13,2,0,0,3,3,6.23
20260716_E-B_12,2026-07-16,木,パ・リーグ公式戦,ビジター,オリックス・バファローズ,東北楽天ゴールデンイーグルス,才木 海翔,2,救援,,14,3,0.2,2,0,1,0,0,0,0.00
20260716_E-B_12,2026-07-16,木,パ・リーグ公式戦,ビジター,オリックス・バファローズ,東北楽天ゴールデンイーグルス,岩嵜 翔,3,救援,敗,26,6,0.1,1,1,0,0,4,4,108.00
20260716_E-B_12,2026-07-16,木,パ・リーグ公式戦,ビジター,オリックス・バファローズ,東北楽天ゴールデンイーグルス,入山 海斗,4,救援,,6,2,0.2,2,0,0,0,0,0,0.00
20260716_E-B_12,2026-07-16,木,パ・リーグ公式戦,ビジター,オリックス・バファローズ,東北楽天ゴールデンイーグルス,山﨑 颯一郎,5,救援,,21,5,0.2,2,1,0,0,2,2,27.00
20260716_E-B_12,2026-07-16,木,パ・リーグ公式戦,ビジター,オリックス・バファローズ,東北楽天ゴールデンイーグルス,権田 琉成,6,救援,,17,4,0.1,1,1,0,0,3,1,27.00
20260716_E-B_12,2026-07-16,木,パ・リーグ公式戦,ビジター,オリックス・バファローズ,東北楽天ゴールデンイーグルス,阿部 翔太,7,救援,,19,5,1,3,1,0,0,0,0,0.00
20260716_D-T_16,2026-07-16,木,セ・リーグ公式戦,ビジター,阪神タイガース,中日ドラゴンズ,伊原 陵人,1,先発,,93,20,5,15,4,0,0,1,1,1.80
20260716_D-T_16,2026-07-16,木,セ・リーグ公式戦,ビジター,阪神タイガース,中日ドラゴンズ,木下 里都,2,救援,勝,12,4,1,3,1,0,0,0,0,0.00
20260716_D-T_16,2026-07-16,木,セ・リーグ公式戦,ビジター,阪神タイガース,中日ドラゴンズ,工藤 泰成,3,救援,H,24,5,1,3,2,0,0,0,0,0.00
20260716_D-T_16,2026-07-16,木,セ・リーグ公式戦,ビジター,阪神タイガース,中日ドラゴンズ,岩崎 優,4,救援,H,19,4,1,3,1,0,0,0,0,0.00
20260716_D-T_16,2026-07-16,木,セ・リーグ公式戦,ビジター,阪神タイガース,中日ドラゴンズ,Ｒ．ドリス,5,救援,S,18,5,1,3,2,0,0,0,0,0.00
20260716_L-M_14,2026-07-16,木,パ・リーグ公式戦,ホーム,埼玉西武ライオンズ,千葉ロッテマリーンズ,渡邉 勇太朗,1,先発,敗,103,30,7+,21,8,0,0,4,4,5.14
20260716_L-M_14,2026-07-16,木,パ・リーグ公式戦,ホーム,埼玉西武ライオンズ,千葉ロッテマリーンズ,黒田 将矢,2,救援,,14,3,1,3,0,0,0,0,0,0.00
20260716_L-M_14,2026-07-16,木,パ・リーグ公式戦,ホーム,埼玉西武ライオンズ,千葉ロッテマリーンズ,森脇 亮介,3,救援,,22,5,1,3,1,0,0,0,0,0.00
20260716_L-M_14,2026-07-16,木,パ・リーグ公式戦,ビジター,千葉ロッテマリーンズ,埼玉西武ライオンズ,毛利 海大,1,先発,,75,21,5.1,16,1,0,0,2,2,3.38
20260716_L-M_14,2026-07-16,木,パ・リーグ公式戦,ビジター,千葉ロッテマリーンズ,埼玉西武ライオンズ,八木 彬,2,救援,H,4,2,0.2,2,1,0,0,0,0,0.00
20260716_L-M_14,2026-07-16,木,パ・リーグ公式戦,ビジター,千葉ロッテマリーンズ,埼玉西武ライオンズ,中森 俊介,3,救援,勝,11,3,1,3,1,0,0,0,0,0.00
20260716_L-M_14,2026-07-16,木,パ・リーグ公式戦,ビジター,千葉ロッテマリーンズ,埼玉西武ライオンズ,鈴木 昭汰,4,救援,H,12,4,1,3,0,0,0,0,0,0.00
20260716_L-M_14,2026-07-16,木,パ・リーグ公式戦,ビジター,千葉ロッテマリーンズ,埼玉西武ライオンズ,横山 陸人,5,救援,S,19,5,1,3,0,0,0,1,1,9.00
20260716_D-T_16,2026-07-16,木,セ・リーグ公式戦,ホーム,中日ドラゴンズ,阪神タイガース,柳 裕也,1,先発,敗,102,26,7,21,4,0,0,2,2,2.57
20260716_D-T_16,2026-07-16,木,セ・リーグ公式戦,ホーム,中日ドラゴンズ,阪神タイガース,牧野 憲伸,2,救援,,18,5,1+,3,1,0,0,1,1,9.00
20260716_D-T_16,2026-07-16,木,セ・リーグ公式戦,ホーム,中日ドラゴンズ,阪神タイガース,伊藤 茉央,3,救援,,12,3,1,3,0,0,0,0,0,0.00
20260716_S-G_16,2026-07-16,木,セ・リーグ公式戦,ホーム,東京ヤクルトスワローズ,読売ジャイアンツ,増居 翔太,1,先発,,83,18,5,15,2,0,0,1,0,0.00
20260716_S-G_16,2026-07-16,木,セ・リーグ公式戦,ホーム,東京ヤクルトスワローズ,読売ジャイアンツ,廣澤 優,2,救援,H,17,3,1,3,0,0,0,0,0,0.00
20260716_S-G_16,2026-07-16,木,セ・リーグ公式戦,ホーム,東京ヤクルトスワローズ,読売ジャイアンツ,丸山 翔大,3,救援,敗,17,5,1,3,0,0,0,2,2,18.00
20260716_S-G_16,2026-07-16,木,セ・リーグ公式戦,ホーム,東京ヤクルトスワローズ,読売ジャイアンツ,小澤 怜史,4,救援,,25,5,1,3,2,0,0,0,0,0.00
20260716_S-G_16,2026-07-16,木,セ・リーグ公式戦,ホーム,東京ヤクルトスワローズ,読売ジャイアンツ,阪口 皓亮,5,救援,,13,3,1,3,0,0,0,0,0,0.00
20260716_E-B_12,2026-07-16,木,パ・リーグ公式戦,ホーム,東北楽天ゴールデンイーグルス,オリックス・バファローズ,Ｒ．コントレラス,1,先発,,100,21,5,15,1,0,0,1,1,1.80
20260716_E-B_12,2026-07-16,木,パ・リーグ公式戦,ホーム,東北楽天ゴールデンイーグルス,オリックス・バファローズ,内 星龍,2,救援,,25,7,0.2,2,1,0,0,4,4,54.00
20260716_E-B_12,2026-07-16,木,パ・リーグ公式戦,ホーム,東北楽天ゴールデンイーグルス,オリックス・バファローズ,柴田 大地,3,救援,勝,4,1,0.1,1,0,0,0,0,0,0.00
20260716_E-B_12,2026-07-16,木,パ・リーグ公式戦,ホーム,東北楽天ゴールデンイーグルス,オリックス・バファローズ,加治屋 蓮,4,救援,H,29,6,1,3,3,0,0,1,1,9.00
20260716_E-B_12,2026-07-16,木,パ・リーグ公式戦,ホーム,東北楽天ゴールデンイーグルス,オリックス・バファローズ,田中 千晴,5,救援,,15,4,0.2,2,0,0,0,1,1,13.50
20260716_E-B_12,2026-07-16,木,パ・リーグ公式戦,ホーム,東北楽天ゴールデンイーグルス,オリックス・バファローズ,中込 陽翔,6,救援,H,1,1,0.1,1,0,0,0,0,0,0.00
20260716_E-B_12,2026-07-16,木,パ・リーグ公式戦,ホーム,東北楽天ゴールデンイーグルス,オリックス・バファローズ,九谷 瑠,7,救援,,16,5,1,3,1,0,0,1,1,9.00
20260716_S-G_16,2026-07-16,木,セ・リーグ公式戦,ビジター,読売ジャイアンツ,東京ヤクルトスワローズ,Ｂ．マタ,1,先発,,95,23,5.2,17,5,0,0,1,1,1.59
20260716_S-G_16,2026-07-16,木,セ・リーグ公式戦,ビジター,読売ジャイアンツ,東京ヤクルトスワローズ,赤星 優志,2,救援,勝,5,1,0.1,1,0,0,0,0,0,0.00
20260716_S-G_16,2026-07-16,木,セ・リーグ公式戦,ビジター,読売ジャイアンツ,東京ヤクルトスワローズ,船迫 大雅,3,救援,H,7,2,0.1,1,0,0,0,0,0,0.00
20260716_S-G_16,2026-07-16,木,セ・リーグ公式戦,ビジター,読売ジャイアンツ,東京ヤクルトスワローズ,中川 皓太,4,救援,H,12,2,0.2,2,0,0,0,0,0,0.00
20260716_S-G_16,2026-07-16,木,セ・リーグ公式戦,ビジター,読売ジャイアンツ,東京ヤクルトスワローズ,田中 瑛斗,5,救援,H,13,3,1,3,1,0,0,0,0,0.00
20260716_S-G_16,2026-07-16,木,セ・リーグ公式戦,ビジター,読売ジャイアンツ,東京ヤクルトスワローズ,Ｒ．マルティネス,6,救援,S,8,3,1,3,1,0,0,0,0,0.00
20260716_F-H_14,2026-07-16,木,パ・リーグ公式戦,ビジター,福岡ソフトバンクホークス,北海道日本ハムファイターズ,上茶谷 大河,1,先発,勝,100,24,6,18,9,0,0,2,2,3.00
20260716_F-H_14,2026-07-16,木,パ・リーグ公式戦,ビジター,福岡ソフトバンクホークス,北海道日本ハムファイターズ,Ｒ．オスナ,2,救援,,11,3,1,3,2,0,0,0,0,0.00
20260716_F-H_14,2026-07-16,木,パ・リーグ公式戦,ビジター,福岡ソフトバンクホークス,北海道日本ハムファイターズ,松本 裕樹,3,救援,,16,3,1,3,1,0,0,0,0,0.00
20260716_F-H_14,2026-07-16,木,パ・リーグ公式戦,ビジター,福岡ソフトバンクホークス,北海道日本ハムファイターズ,杉山 一樹,4,救援,,20,6,1,3,3,0,0,0,0,0.00
20260716_F-H_14,2026-07-16,木,パ・リーグ公式戦,ホーム,北海道日本ハムファイターズ,福岡ソフトバンクホークス,伊藤 大海,1,先発,敗,105,30,6+,18,4,0,0,5,4,6.00
20260716_F-H_14,2026-07-16,木,パ・リーグ公式戦,ホーム,北海道日本ハムファイターズ,福岡ソフトバンクホークス,上原 健太,2,救援,,29,7,1,3,1,0,0,1,1,9.00
20260716_F-H_14,2026-07-16,木,パ・リーグ公式戦,ホーム,北海道日本ハムファイターズ,福岡ソフトバンクホークス,柳川 大晟,3,救援,,13,3,1,3,2,0,0,0,0,0.00
20260716_F-H_14,2026-07-16,木,パ・リーグ公式戦,ホーム,北海道日本ハムファイターズ,福岡ソフトバンクホークス,生田目 翼,4,救援,,10,3,1,3,0,0,0,0,0,0.00
20260715_E-B_11,2026-07-15,水,パ・リーグ公式戦,ビジター,オリックス・バファローズ,東北楽天ゴールデンイーグルス,片山 楽生,1,先発,,59,18,4.1,13,1,0,0,2,2,4.15
20260715_E-B_11,2026-07-15,水,パ・リーグ公式戦,ビジター,オリックス・バファローズ,東北楽天ゴールデンイーグルス,才木 海翔,2,救援,H,4,1,0.2,2,0,0,0,0,0,0.00
20260715_E-B_11,2026-07-15,水,パ・リーグ公式戦,ビジター,オリックス・バファローズ,東北楽天ゴールデンイーグルス,権田 琉成,3,救援,H,14,4,0.2,2,0,0,0,0,0,0.00
20260715_E-B_11,2026-07-15,水,パ・リーグ公式戦,ビジター,オリックス・バファローズ,東北楽天ゴールデンイーグルス,山﨑 颯一郎,4,救援,H,32,5,1.1,4,1,0,0,0,0,0.00
20260715_E-B_11,2026-07-15,水,パ・リーグ公式戦,ビジター,オリックス・バファローズ,東北楽天ゴールデンイーグルス,椋木 蓮,5,救援,敗,20,4,1,3,0,0,0,1,1,9.00
20260715_C-DB_15,2026-07-15,水,セ・リーグ公式戦,ビジター,横浜DeNAベイスターズ,広島東洋カープ,東 克樹,1,先発,敗,99,27,5.2,17,4,0,0,6,6,9.53
20260715_C-DB_15,2026-07-15,水,セ・リーグ公式戦,ビジター,横浜DeNAベイスターズ,広島東洋カープ,松本 凌人,2,救援,,19,4,1.1,4,1,0,0,0,0,0.00
20260715_C-DB_15,2026-07-15,水,セ・リーグ公式戦,ビジター,横浜DeNAベイスターズ,広島東洋カープ,吉野 光樹,3,救援,,7,3,1,3,1,0,0,0,0,0.00
20260715_C-DB_15,2026-07-15,水,セ・リーグ公式戦,ホーム,広島東洋カープ,横浜DeNAベイスターズ,斉藤 優汰,1,先発,,110,24,4.2,14,4,0,0,2,2,3.86
20260715_C-DB_15,2026-07-15,水,セ・リーグ公式戦,ホーム,広島東洋カープ,横浜DeNAベイスターズ,辻 大雅,2,救援,,1,1,0.1,1,0,0,0,0,0,0.00
20260715_C-DB_15,2026-07-15,水,セ・リーグ公式戦,ホーム,広島東洋カープ,横浜DeNAベイスターズ,遠藤 淳志,3,救援,勝,11,3,1,3,2,0,0,0,0,0.00
20260715_C-DB_15,2026-07-15,水,セ・リーグ公式戦,ホーム,広島東洋カープ,横浜DeNAベイスターズ,髙 太一,4,救援,,16,4,1,3,1,0,0,0,0,0.00
20260715_C-DB_15,2026-07-15,水,セ・リーグ公式戦,ホーム,広島東洋カープ,横浜DeNAベイスターズ,Ｔ．ハーン,5,救援,,12,4,1,3,0,0,0,0,0,0.00
20260715_C-DB_15,2026-07-15,水,セ・リーグ公式戦,ホーム,広島東洋カープ,横浜DeNAベイスターズ,森浦 大輔,6,救援,,28,6,1,3,3,0,0,2,2,18.00
20260715_D-T_15,2026-07-15,水,セ・リーグ公式戦,ビジター,阪神タイガース,中日ドラゴンズ,今朝丸 裕喜,1,先発,敗,75,19,4,12,1,0,0,4,4,9.00
20260715_D-T_15,2026-07-15,水,セ・リーグ公式戦,ビジター,阪神タイガース,中日ドラゴンズ,津田 淳哉,2,救援,,33,8,2,6,2,0,0,1,1,4.50
20260715_D-T_15,2026-07-15,水,セ・リーグ公式戦,ビジター,阪神タイガース,中日ドラゴンズ,石黒 佑弥,3,救援,,30,6,1,3,2,0,0,1,1,9.00
20260715_D-T_15,2026-07-15,水,セ・リーグ公式戦,ビジター,阪神タイガース,中日ドラゴンズ,Ａ．セベリーノ,4,救援,,12,3,1,3,1,0,0,0,0,0.00
20260715_L-M_13,2026-07-15,水,パ・リーグ公式戦,ホーム,埼玉西武ライオンズ,千葉ロッテマリーンズ,佐藤 爽,1,先発,,88,20,5,15,3,0,0,1,1,1.80
20260715_L-M_13,2026-07-15,水,パ・リーグ公式戦,ホーム,埼玉西武ライオンズ,千葉ロッテマリーンズ,黒田 将矢,2,救援,,15,5,1,3,1,0,0,1,1,9.00
20260715_L-M_13,2026-07-15,水,パ・リーグ公式戦,ホーム,埼玉西武ライオンズ,千葉ロッテマリーンズ,Ｅ．ラミレス,3,救援,勝,19,4,1,3,0,0,0,1,1,9.00
20260715_L-M_13,2026-07-15,水,パ・リーグ公式戦,ホーム,埼玉西武ライオンズ,千葉ロッテマリーンズ,Ｔ．ウィンゲンター,4,救援,H,15,3,1,3,0,0,0,0,0,0.00
20260715_L-M_13,2026-07-15,水,パ・リーグ公式戦,ホーム,埼玉西武ライオンズ,千葉ロッテマリーンズ,中村 祐太,5,救援,,12,3,1,3,1,0,0,0,0,0.00
20260715_L-M_13,2026-07-15,水,パ・リーグ公式戦,ビジター,千葉ロッテマリーンズ,埼玉西武ライオンズ,河村 説人,1,先発,,93,23,5,15,0,0,0,2,2,3.60
20260715_L-M_13,2026-07-15,水,パ・リーグ公式戦,ビジター,千葉ロッテマリーンズ,埼玉西武ライオンズ,八木 彬,2,救援,H,13,3,1,3,0,0,0,0,0,0.00
20260715_L-M_13,2026-07-15,水,パ・リーグ公式戦,ビジター,千葉ロッテマリーンズ,埼玉西武ライオンズ,Ｊ．カスティーヨ,3,救援,敗,12,3,0+,0,0,0,0,3,0,
20260715_L-M_13,2026-07-15,水,パ・リーグ公式戦,ビジター,千葉ロッテマリーンズ,埼玉西武ライオンズ,澤田 圭佑,4,救援,,16,4,1,3,2,0,0,0,0,0.00
20260715_L-M_13,2026-07-15,水,パ・リーグ公式戦,ビジター,千葉ロッテマリーンズ,埼玉西武ライオンズ,坂本 光士郎,5,救援,,18,5,1,3,0,0,0,2,2,18.00
20260715_D-T_15,2026-07-15,水,セ・リーグ公式戦,ホーム,中日ドラゴンズ,阪神タイガース,中西 聖輝,1,先発,勝,89,24,6,18,4,1,0,2,2,3.00
20260715_D-T_15,2026-07-15,水,セ・リーグ公式戦,ホーム,中日ドラゴンズ,阪神タイガース,橋本 侑樹,2,救援,H,16,3,1,3,1,0,0,0,0,0.00
20260715_D-T_15,2026-07-15,水,セ・リーグ公式戦,ホーム,中日ドラゴンズ,阪神タイガース,吉田 聖弥,3,救援,,14,4,0+,0,0,0,0,3,3,
20260715_D-T_15,2026-07-15,水,セ・リーグ公式戦,ホーム,中日ドラゴンズ,阪神タイガース,Ａ．アブレウ,4,救援,H,16,4,0.2,2,1,0,0,0,0,0.00
20260715_D-T_15,2026-07-15,水,セ・リーグ公式戦,ホーム,中日ドラゴンズ,阪神タイガース,齋藤 綱記,5,救援,H,5,1,0.1,1,1,0,0,0,0,0.00
20260715_D-T_15,2026-07-15,水,セ・リーグ公式戦,ホーム,中日ドラゴンズ,阪神タイガース,松山 晋也,6,救援,S,24,6,1,3,0,0,0,0,0,0.00
20260715_S-G_15,2026-07-15,水,セ・リーグ公式戦,ホーム,東京ヤクルトスワローズ,読売ジャイアンツ,奥川 恭伸,1,先発,敗,95,26,6,18,4,0,0,7,7,10.50
20260715_S-G_15,2026-07-15,水,セ・リーグ公式戦,ホーム,東京ヤクルトスワローズ,読売ジャイアンツ,石原 勇輝,2,救援,,18,5,1,3,2,0,0,1,1,9.00
20260715_S-G_15,2026-07-15,水,セ・リーグ公式戦,ホーム,東京ヤクルトスワローズ,読売ジャイアンツ,大西 広樹,3,救援,,10,4,1,3,0,0,0,0,0,0.00
20260715_S-G_15,2026-07-15,水,セ・リーグ公式戦,ホーム,東京ヤクルトスワローズ,読売ジャイアンツ,阪口 皓亮,4,救援,,19,4,1,3,1,0,0,0,0,0.00
20260715_E-B_11,2026-07-15,水,パ・リーグ公式戦,ホーム,東北楽天ゴールデンイーグルス,オリックス・バファローズ,前田 健太,1,先発,,102,26,7,21,3,0,0,2,2,2.57
20260715_E-B_11,2026-07-15,水,パ・リーグ公式戦,ホーム,東北楽天ゴールデンイーグルス,オリックス・バファローズ,泰 勝利,2,救援,勝,24,5,1,3,1,0,0,0,0,0.00
20260715_E-B_11,2026-07-15,水,パ・リーグ公式戦,ホーム,東北楽天ゴールデンイーグルス,オリックス・バファローズ,藤平 尚真,3,救援,S,19,5,1,3,1,0,0,0,0,0.00
20260715_S-G_15,2026-07-15,水,セ・リーグ公式戦,ビジター,読売ジャイアンツ,東京ヤクルトスワローズ,西舘 勇陽,1,先発,勝,106,26,7,21,5,1,0,1,1,1.29
20260715_S-G_15,2026-07-15,水,セ・リーグ公式戦,ビジター,読売ジャイアンツ,東京ヤクルトスワローズ,高梨 雄平,2,救援,,17,4,1,3,1,0,0,0,0,0.00
20260715_S-G_15,2026-07-15,水,セ・リーグ公式戦,ビジター,読売ジャイアンツ,東京ヤクルトスワローズ,泉 圭輔,3,救援,,14,4,1,3,1,0,0,1,1,9.00
20260715_F-H_13,2026-07-15,水,パ・リーグ公式戦,ビジター,福岡ソフトバンクホークス,北海道日本ハムファイターズ,Ｃ．スチュワート・ジュニア,1,先発,敗,74,16,2.1,7,0,0,0,4,4,15.43
20260715_F-H_13,2026-07-15,水,パ・リーグ公式戦,ビジター,福岡ソフトバンクホークス,北海道日本ハムファイターズ,鈴木 豪太,2,救援,,28,7,1.2,5,2,0,0,1,1,5.40
20260715_F-H_13,2026-07-15,水,パ・リーグ公式戦,ビジター,福岡ソフトバンクホークス,北海道日本ハムファイターズ,Ｄ．ヘルナンデス,3,救援,,21,4,1,3,0,0,0,0,0,0.00
20260715_F-H_13,2026-07-15,水,パ・リーグ公式戦,ビジター,福岡ソフトバンクホークス,北海道日本ハムファイターズ,津森 宥紀,4,救援,,20,5,1,3,1,0,0,0,0,0.00
20260715_F-H_13,2026-07-15,水,パ・リーグ公式戦,ビジター,福岡ソフトバンクホークス,北海道日本ハムファイターズ,伊藤 優輔,5,救援,,25,6,1,3,2,0,0,2,2,18.00
20260715_F-H_13,2026-07-15,水,パ・リーグ公式戦,ビジター,福岡ソフトバンクホークス,北海道日本ハムファイターズ,中村 稔弥,6,救援,,13,4,1,3,1,0,0,0,0,0.00
20260715_F-H_13,2026-07-15,水,パ・リーグ公式戦,ホーム,北海道日本ハムファイターズ,福岡ソフトバンクホークス,加藤 貴之,1,先発,勝,89,21,5,15,7,0,0,3,2,3.60
20260715_F-H_13,2026-07-15,水,パ・リーグ公式戦,ホーム,北海道日本ハムファイターズ,福岡ソフトバンクホークス,上原 健太,2,救援,H,16,4,1,3,1,0,0,0,0,0.00
20260715_F-H_13,2026-07-15,水,パ・リーグ公式戦,ホーム,北海道日本ハムファイターズ,福岡ソフトバンクホークス,柴田 獅子,3,救援,H,18,4,1,3,1,0,0,0,0,0.00
20260715_F-H_13,2026-07-15,水,パ・リーグ公式戦,ホーム,北海道日本ハムファイターズ,福岡ソフトバンクホークス,達 孝太,4,救援,,15,4,1,3,1,0,0,0,0,0.00
20260715_F-H_13,2026-07-15,水,パ・リーグ公式戦,ホーム,北海道日本ハムファイターズ,福岡ソフトバンクホークス,田中 正義,5,救援,,25,5,0.1,1,1,0,0,3,3,81.00
20260715_F-H_13,2026-07-15,水,パ・リーグ公式戦,ホーム,北海道日本ハムファイターズ,福岡ソフトバンクホークス,堀 瑞輝,6,救援,S,14,3,0.2,2,2,0,0,0,0,0.00
20260714_E-B_10,2026-07-14,火,パ・リーグ公式戦,ビジター,オリックス・バファローズ,東北楽天ゴールデンイーグルス,九里 亜蓮,1,先発,敗,109,24,6,18,5,0,0,2,2,3.00
20260714_E-B_10,2026-07-14,火,パ・リーグ公式戦,ビジター,オリックス・バファローズ,東北楽天ゴールデンイーグルス,入山 海斗,2,救援,,36,6,0.2,2,1,0,0,1,1,13.50
20260714_E-B_10,2026-07-14,火,パ・リーグ公式戦,ビジター,オリックス・バファローズ,東北楽天ゴールデンイーグルス,阿部 翔太,3,救援,,1,1,0.1,1,0,0,0,0,0,0.00
20260714_E-B_10,2026-07-14,火,パ・リーグ公式戦,ビジター,オリックス・バファローズ,東北楽天ゴールデンイーグルス,岩嵜 翔,4,救援,,22,5,1,3,0,0,0,0,0,0.00
20260714_C-DB_14,2026-07-14,火,セ・リーグ公式戦,ビジター,横浜DeNAベイスターズ,広島東洋カープ,石田 裕太郎,1,先発,,81,22,4,12,4,0,0,4,4,9.00
20260714_C-DB_14,2026-07-14,火,セ・リーグ公式戦,ビジター,横浜DeNAベイスターズ,広島東洋カープ,岩田 将貴,2,救援,勝,14,4,1,3,1,0,0,0,0,0.00
20260714_C-DB_14,2026-07-14,火,セ・リーグ公式戦,ビジター,横浜DeNAベイスターズ,広島東洋カープ,浜地 真澄,3,救援,H,12,4,1,3,0,0,0,0,0,0.00
20260714_C-DB_14,2026-07-14,火,セ・リーグ公式戦,ビジター,横浜DeNAベイスターズ,広島東洋カープ,宮城 滝太,4,救援,H,17,3,1,3,1,0,0,0,0,0.00
20260714_C-DB_14,2026-07-14,火,セ・リーグ公式戦,ビジター,横浜DeNAベイスターズ,広島東洋カープ,伊勢 大夢,5,救援,H,27,6,1,3,2,0,0,0,0,0.00
20260714_C-DB_14,2026-07-14,火,セ・リーグ公式戦,ビジター,横浜DeNAベイスターズ,広島東洋カープ,Ｓ．レイノルズ,6,救援,S,20,4,1,3,1,0,0,0,0,0.00
20260714_C-DB_14,2026-07-14,火,セ・リーグ公式戦,ホーム,広島東洋カープ,横浜DeNAベイスターズ,岡本 駿,1,先発,敗,82,21,4.1,13,0,0,0,5,5,10.38
20260714_C-DB_14,2026-07-14,火,セ・リーグ公式戦,ホーム,広島東洋カープ,横浜DeNAベイスターズ,島内 颯太郎,2,救援,,13,3,0.2,2,0,1,0,0,0,0.00
20260714_C-DB_14,2026-07-14,火,セ・リーグ公式戦,ホーム,広島東洋カープ,横浜DeNAベイスターズ,髙 太一,3,救援,,11,3,1,3,1,0,0,0,0,0.00
20260714_C-DB_14,2026-07-14,火,セ・リーグ公式戦,ホーム,広島東洋カープ,横浜DeNAベイスターズ,遠藤 淳志,4,救援,,13,3,1,3,0,0,0,0,0,0.00
20260714_C-DB_14,2026-07-14,火,セ・リーグ公式戦,ホーム,広島東洋カープ,横浜DeNAベイスターズ,辻 大雅,5,救援,,16,3,1,3,1,0,0,0,0,0.00
20260714_C-DB_14,2026-07-14,火,セ・リーグ公式戦,ホーム,広島東洋カープ,横浜DeNAベイスターズ,鈴木 健矢,6,救援,,11,4,1,3,0,0,0,0,0,0.00
20260714_D-T_14,2026-07-14,火,セ・リーグ公式戦,ビジター,阪神タイガース,中日ドラゴンズ,髙橋 遥人,1,先発,勝,105,31,8,24,9,0,0,2,2,2.25
20260714_D-T_14,2026-07-14,火,セ・リーグ公式戦,ビジター,阪神タイガース,中日ドラゴンズ,Ｒ．ドリス,2,救援,S,21,5,1,3,2,0,0,0,0,0.00
20260714_L-M_12,2026-07-14,火,パ・リーグ公式戦,ホーム,埼玉西武ライオンズ,千葉ロッテマリーンズ,平良 海馬,1,先発,勝,91,25,6,18,4,1,0,0,0,0.00
20260714_L-M_12,2026-07-14,火,パ・リーグ公式戦,ホーム,埼玉西武ライオンズ,千葉ロッテマリーンズ,篠原 響,2,救援,H,14,5,1,3,0,0,0,0,0,0.00
20260714_L-M_12,2026-07-14,火,パ・リーグ公式戦,ホーム,埼玉西武ライオンズ,千葉ロッテマリーンズ,Ｔ．ウィンゲンター,3,救援,H,13,3,1,3,0,0,0,0,0,0.00
20260714_L-M_12,2026-07-14,火,パ・リーグ公式戦,ホーム,埼玉西武ライオンズ,千葉ロッテマリーンズ,甲斐野 央,4,救援,S,21,5,1,3,1,1,0,1,1,9.00
20260714_L-M_12,2026-07-14,火,パ・リーグ公式戦,ビジター,千葉ロッテマリーンズ,埼玉西武ライオンズ,Ａ．ジャクソン,1,先発,敗,94,22,5.1,16,5,1,0,2,2,3.38
20260714_L-M_12,2026-07-14,火,パ・リーグ公式戦,ビジター,千葉ロッテマリーンズ,埼玉西武ライオンズ,坂本 光士郎,2,救援,,2,1,0.2,2,0,0,0,0,0,0.00
20260714_L-M_12,2026-07-14,火,パ・リーグ公式戦,ビジター,千葉ロッテマリーンズ,埼玉西武ライオンズ,小野 郁,3,救援,,15,4,1,3,1,0,0,0,0,0.00
20260714_L-M_12,2026-07-14,火,パ・リーグ公式戦,ビジター,千葉ロッテマリーンズ,埼玉西武ライオンズ,益田 直也,4,救援,,12,3,1,3,0,0,0,0,0,0.00
20260714_D-T_14,2026-07-14,火,セ・リーグ公式戦,ホーム,中日ドラゴンズ,阪神タイガース,Ｋ．マラー,1,先発,敗,120,31,7.1,22,7,0,0,5,5,6.14
20260714_D-T_14,2026-07-14,火,セ・リーグ公式戦,ホーム,中日ドラゴンズ,阪神タイガース,Ａ．アブレウ,2,救援,,15,3,0.2,2,0,0,0,0,0,0.00
20260714_D-T_14,2026-07-14,火,セ・リーグ公式戦,ホーム,中日ドラゴンズ,阪神タイガース,伊藤 茉央,3,救援,,17,5,0.2,2,0,0,0,0,0,0.00
20260714_D-T_14,2026-07-14,火,セ・リーグ公式戦,ホーム,中日ドラゴンズ,阪神タイガース,齋藤 綱記,4,救援,,3,1,0.1,1,0,0,0,0,0,0.00
20260714_S-G_14,2026-07-14,火,セ・リーグ公式戦,ホーム,東京ヤクルトスワローズ,読売ジャイアンツ,山野 太一,1,先発,勝,109,28,7,21,9,0,0,3,3,3.86
20260714_S-G_14,2026-07-14,火,セ・リーグ公式戦,ホーム,東京ヤクルトスワローズ,読売ジャイアンツ,清水 昇,2,救援,H,21,6,1,3,1,0,0,1,1,9.00
20260714_S-G_14,2026-07-14,火,セ・リーグ公式戦,ホーム,東京ヤクルトスワローズ,読売ジャイアンツ,Ｊ．キハダ,3,救援,S,14,3,1,3,1,0,0,0,0,0.00
20260714_E-B_10,2026-07-14,火,パ・リーグ公式戦,ホーム,東北楽天ゴールデンイーグルス,オリックス・バファローズ,瀧中 瞭太,1,先発,勝,100,26,6.2,20,6,0,0,1,1,1.35
20260714_E-B_10,2026-07-14,火,パ・リーグ公式戦,ホーム,東北楽天ゴールデンイーグルス,オリックス・バファローズ,柴田 大地,2,救援,H,5,1,0.1,1,1,0,0,0,0,0.00
20260714_E-B_10,2026-07-14,火,パ・リーグ公式戦,ホーム,東北楽天ゴールデンイーグルス,オリックス・バファローズ,九谷 瑠,3,救援,H,15,4,1,3,1,0,0,0,0,0.00
20260714_E-B_10,2026-07-14,火,パ・リーグ公式戦,ホーム,東北楽天ゴールデンイーグルス,オリックス・バファローズ,藤平 尚真,4,救援,S,16,4,1,3,1,0,0,0,0,0.00
20260714_S-G_14,2026-07-14,火,セ・リーグ公式戦,ビジター,読売ジャイアンツ,東京ヤクルトスワローズ,山﨑 伊織,1,先発,,96,24,5.2,17,5,0,0,3,3,4.76
20260714_S-G_14,2026-07-14,火,セ・リーグ公式戦,ビジター,読売ジャイアンツ,東京ヤクルトスワローズ,泉 圭輔,2,救援,,5,2,0.1,1,1,0,0,0,0,0.00
20260714_S-G_14,2026-07-14,火,セ・リーグ公式戦,ビジター,読売ジャイアンツ,東京ヤクルトスワローズ,中川 皓太,3,救援,敗,6,3,0.1,1,0,0,0,2,2,54.00
20260714_S-G_14,2026-07-14,火,セ・リーグ公式戦,ビジター,読売ジャイアンツ,東京ヤクルトスワローズ,船迫 大雅,4,救援,,16,4,0.2,2,0,0,0,0,0,0.00
20260714_S-G_14,2026-07-14,火,セ・リーグ公式戦,ビジター,読売ジャイアンツ,東京ヤクルトスワローズ,堀田 賢慎,5,救援,,26,6,1,3,1,0,0,0,0,0.00
20260714_F-H_12,2026-07-14,火,パ・リーグ公式戦,ビジター,福岡ソフトバンクホークス,北海道日本ハムファイターズ,上沢 直之,1,先発,,107,27,6,18,7,0,0,0,0,0.00
20260714_F-H_12,2026-07-14,火,パ・リーグ公式戦,ビジター,福岡ソフトバンクホークス,北海道日本ハムファイターズ,Ｒ．オスナ,2,救援,,9,5,1,3,0,0,0,1,0,0.00
20260714_F-H_12,2026-07-14,火,パ・リーグ公式戦,ビジター,福岡ソフトバンクホークス,北海道日本ハムファイターズ,松本 裕樹,3,救援,勝,12,4,1,3,2,0,0,0,0,0.00
20260714_F-H_12,2026-07-14,火,パ・リーグ公式戦,ビジター,福岡ソフトバンクホークス,北海道日本ハムファイターズ,杉山 一樹,4,救援,S,21,4,1,3,3,0,0,1,1,9.00
20260714_F-H_12,2026-07-14,火,パ・リーグ公式戦,ホーム,北海道日本ハムファイターズ,福岡ソフトバンクホークス,北山 亘基,1,先発,,117,26,7,21,8,0,0,1,1,1.29
20260714_F-H_12,2026-07-14,火,パ・リーグ公式戦,ホーム,北海道日本ハムファイターズ,福岡ソフトバンクホークス,達 孝太,2,救援,H,22,5,1,3,2,0,0,0,0,0.00
20260714_F-H_12,2026-07-14,火,パ・リーグ公式戦,ホーム,北海道日本ハムファイターズ,福岡ソフトバンクホークス,島本 浩也,3,救援,敗,26,6,0.1,1,0,0,0,3,2,54.00
20260714_F-H_12,2026-07-14,火,パ・リーグ公式戦,ホーム,北海道日本ハムファイターズ,福岡ソフトバンクホークス,堀 瑞輝,4,救援,,9,2,0.2,2,2,0,0,0,0,0.00
20260712_M-B_14,2026-07-12,日,パ・リーグ公式戦,ビジター,オリックス・バファローズ,千葉ロッテマリーンズ,Ａ．エスピノーザ,1,先発,勝,94,27,7,21,4,0,0,2,2,2.57
20260712_M-B_14,2026-07-12,日,パ・リーグ公式戦,ビジター,オリックス・バファローズ,千葉ロッテマリーンズ,椋木 蓮,2,救援,H,24,5,1,3,2,0,0,0,0,0.00
20260712_M-B_14,2026-07-12,日,パ・リーグ公式戦,ビジター,オリックス・バファローズ,千葉ロッテマリーンズ,才木 海翔,3,救援,,23,5,1,3,3,0,0,0,0,0.00
20260712_DB-G_13,2026-07-12,日,セ・リーグ公式戦,ホーム,横浜DeNAベイスターズ,読売ジャイアンツ,篠木 健太郎,1,先発,敗,92,21,5,15,5,0,0,4,4,7.20
20260712_DB-G_13,2026-07-12,日,セ・リーグ公式戦,ホーム,横浜DeNAベイスターズ,読売ジャイアンツ,松本 凌人,2,救援,,13,3,1,3,1,0,0,0,0,0.00
20260712_DB-G_13,2026-07-12,日,セ・リーグ公式戦,ホーム,横浜DeNAベイスターズ,読売ジャイアンツ,宮城 滝太,3,救援,,11,4,1,3,0,0,0,0,0,0.00
20260712_DB-G_13,2026-07-12,日,セ・リーグ公式戦,ホーム,横浜DeNAベイスターズ,読売ジャイアンツ,Ｓ．レイノルズ,4,救援,,17,3,1,3,3,0,0,0,0,0.00
20260712_DB-G_13,2026-07-12,日,セ・リーグ公式戦,ホーム,横浜DeNAベイスターズ,読売ジャイアンツ,伊勢 大夢,5,救援,,15,3,1,3,0,0,0,0,0,0.00
20260712_D-C_13,2026-07-12,日,セ・リーグ公式戦,ビジター,広島東洋カープ,中日ドラゴンズ,床田 寛樹,1,先発,勝,88,22,6,18,4,0,0,1,1,1.50
20260712_D-C_13,2026-07-12,日,セ・リーグ公式戦,ビジター,広島東洋カープ,中日ドラゴンズ,遠藤 淳志,2,救援,H,8,3,1,3,1,0,0,0,0,0.00
20260712_D-C_13,2026-07-12,日,セ・リーグ公式戦,ビジター,広島東洋カープ,中日ドラゴンズ,Ｔ．ハーン,3,救援,H,13,4,1,3,0,0,0,0,0,0.00
20260712_D-C_13,2026-07-12,日,セ・リーグ公式戦,ビジター,広島東洋カープ,中日ドラゴンズ,森浦 大輔,4,救援,,13,3,1,3,2,0,0,0,0,0.00
20260712_T-S_12,2026-07-12,日,セ・リーグ公式戦,ホーム,阪神タイガース,東京ヤクルトスワローズ,村上 頌樹,1,先発,,104,26,6,18,7,0,0,0,0,0.00
20260712_T-S_12,2026-07-12,日,セ・リーグ公式戦,ホーム,阪神タイガース,東京ヤクルトスワローズ,工藤 泰成,2,救援,勝,12,3,1,3,1,0,0,0,0,0.00
20260712_T-S_12,2026-07-12,日,セ・リーグ公式戦,ホーム,阪神タイガース,東京ヤクルトスワローズ,岩崎 優,3,救援,H,15,4,1,3,1,0,0,0,0,0.00
20260712_T-S_12,2026-07-12,日,セ・リーグ公式戦,ホーム,阪神タイガース,東京ヤクルトスワローズ,Ｒ．ドリス,4,救援,S,17,5,1,3,2,0,0,0,0,0.00
20260712_F-L_15,2026-07-12,日,パ・リーグ公式戦,ビジター,埼玉西武ライオンズ,北海道日本ハムファイターズ,隅田 知一郎,1,先発,勝,100,25,7,21,5,0,0,0,0,0.00
20260712_F-L_15,2026-07-12,日,パ・リーグ公式戦,ビジター,埼玉西武ライオンズ,北海道日本ハムファイターズ,森脇 亮介,2,救援,,12,3,1,3,0,0,0,0,0,0.00
20260712_F-L_15,2026-07-12,日,パ・リーグ公式戦,ビジター,埼玉西武ライオンズ,北海道日本ハムファイターズ,上田 大河,3,救援,,14,6,1,3,0,0,0,1,1,9.00
20260712_M-B_14,2026-07-12,日,パ・リーグ公式戦,ホーム,千葉ロッテマリーンズ,オリックス・バファローズ,小島 和哉,1,先発,敗,86,21,5+,15,2,0,0,3,3,5.40
20260712_M-B_14,2026-07-12,日,パ・リーグ公式戦,ホーム,千葉ロッテマリーンズ,オリックス・バファローズ,八木 彬,2,救援,,20,6,1,3,2,0,0,1,1,9.00
20260712_M-B_14,2026-07-12,日,パ・リーグ公式戦,ホーム,千葉ロッテマリーンズ,オリックス・バファローズ,Ｊ．カスティーヨ,3,救援,,17,3,1,3,0,0,0,0,0,0.00
20260712_M-B_14,2026-07-12,日,パ・リーグ公式戦,ホーム,千葉ロッテマリーンズ,オリックス・バファローズ,小野 郁,4,救援,,14,4,1,3,1,0,0,0,0,0.00
20260712_M-B_14,2026-07-12,日,パ・リーグ公式戦,ホーム,千葉ロッテマリーンズ,オリックス・バファローズ,澤田 圭佑,5,救援,,27,6,1,3,1,0,0,3,3,27.00
20260712_D-C_13,2026-07-12,日,セ・リーグ公式戦,ホーム,中日ドラゴンズ,広島東洋カープ,金丸 夢斗,1,先発,敗,116,24,5.2,17,7,0,0,3,3,4.76
20260712_D-C_13,2026-07-12,日,セ・リーグ公式戦,ホーム,中日ドラゴンズ,広島東洋カープ,伊藤 茉央,2,救援,,5,1,0.1,1,0,0,0,0,0,0.00
20260712_D-C_13,2026-07-12,日,セ・リーグ公式戦,ホーム,中日ドラゴンズ,広島東洋カープ,藤嶋 健人,3,救援,,16,3,1,3,1,0,0,0,0,0.00
20260712_D-C_13,2026-07-12,日,セ・リーグ公式戦,ホーム,中日ドラゴンズ,広島東洋カープ,Ａ．アブレウ,4,救援,,20,3,1,3,2,0,0,0,0,0.00
20260712_D-C_13,2026-07-12,日,セ・リーグ公式戦,ホーム,中日ドラゴンズ,広島東洋カープ,橋本 侑樹,5,救援,,20,5,0.1,1,1,0,0,2,2,54.00
20260712_D-C_13,2026-07-12,日,セ・リーグ公式戦,ホーム,中日ドラゴンズ,広島東洋カープ,草加 勝,6,救援,,9,2,0.2,2,0,0,0,0,0,0.00
20260712_T-S_12,2026-07-12,日,セ・リーグ公式戦,ビジター,東京ヤクルトスワローズ,阪神タイガース,吉村 貢司郎,1,先発,敗,99,26,7,21,4,0,0,3,3,3.86
20260712_T-S_12,2026-07-12,日,セ・リーグ公式戦,ビジター,東京ヤクルトスワローズ,阪神タイガース,廣澤 優,2,救援,,9,3,1,3,1,0,0,0,0,0.00
20260712_H-E_15,2026-07-12,日,パ・リーグ公式戦,ビジター,東北楽天ゴールデンイーグルス,福岡ソフトバンクホークス,古謝 樹,1,先発,敗,93,25,6,18,6,0,0,3,3,4.50
20260712_H-E_15,2026-07-12,日,パ・リーグ公式戦,ビジター,東北楽天ゴールデンイーグルス,福岡ソフトバンクホークス,内 星龍,2,救援,,9,3,1,3,1,0,0,0,0,0.00
20260712_H-E_15,2026-07-12,日,パ・リーグ公式戦,ビジター,東北楽天ゴールデンイーグルス,福岡ソフトバンクホークス,中込 陽翔,3,救援,,13,3,1,3,1,0,0,0,0,0.00
20260712_DB-G_13,2026-07-12,日,セ・リーグ公式戦,ビジター,読売ジャイアンツ,横浜DeNAベイスターズ,井上 温大,1,先発,勝,100,26,6,18,4,0,0,3,2,3.00
20260712_DB-G_13,2026-07-12,日,セ・リーグ公式戦,ビジター,読売ジャイアンツ,横浜DeNAベイスターズ,中川 皓太,2,救援,H,15,3,1,3,1,0,0,0,0,0.00
20260712_DB-G_13,2026-07-12,日,セ・リーグ公式戦,ビジター,読売ジャイアンツ,横浜DeNAベイスターズ,船迫 大雅,3,救援,H,8,3,1,3,1,0,0,0,0,0.00
20260712_DB-G_13,2026-07-12,日,セ・リーグ公式戦,ビジター,読売ジャイアンツ,横浜DeNAベイスターズ,Ｒ．マルティネス,4,救援,S,12,3,1,3,0,0,0,0,0,0.00
20260712_H-E_15,2026-07-12,日,パ・リーグ公式戦,ホーム,福岡ソフトバンクホークス,東北楽天ゴールデンイーグルス,松本 晴,1,先発,勝,92,22,6,18,9,0,0,0,0,0.00
20260712_H-E_15,2026-07-12,日,パ・リーグ公式戦,ホーム,福岡ソフトバンクホークス,東北楽天ゴールデンイーグルス,Ｒ．オスナ,2,救援,H,14,3,1,3,0,0,0,0,0,0.00
20260712_H-E_15,2026-07-12,日,パ・リーグ公式戦,ホーム,福岡ソフトバンクホークス,東北楽天ゴールデンイーグルス,松本 裕樹,3,救援,H,6,3,1,3,0,0,0,0,0,0.00
20260712_H-E_15,2026-07-12,日,パ・リーグ公式戦,ホーム,福岡ソフトバンクホークス,東北楽天ゴールデンイーグルス,杉山 一樹,4,救援,S,16,3,1,3,2,0,0,0,0,0.00
20260712_F-L_15,2026-07-12,日,パ・リーグ公式戦,ホーム,北海道日本ハムファイターズ,埼玉西武ライオンズ,福島 蓮,1,先発,敗,87,20,4+,12,4,0,0,6,6,13.50
20260712_F-L_15,2026-07-12,日,パ・リーグ公式戦,ホーム,北海道日本ハムファイターズ,埼玉西武ライオンズ,金村 尚真,2,救援,,43,12,3,9,3,0,0,0,0,0.00
20260712_F-L_15,2026-07-12,日,パ・リーグ公式戦,ホーム,北海道日本ハムファイターズ,埼玉西武ライオンズ,齋藤 友貴哉,3,救援,,31,10,1,3,0,0,0,6,6,54.00
20260712_F-L_15,2026-07-12,日,パ・リーグ公式戦,ホーム,北海道日本ハムファイターズ,埼玉西武ライオンズ,上原 健太,4,救援,,9,3,1,3,1,0,0,0,0,0.00
20260711_M-B_13,2026-07-11,土,パ・リーグ公式戦,ビジター,オリックス・バファローズ,千葉ロッテマリーンズ,髙島 泰都,1,先発,勝,114,31,7.1,22,6,0,0,2,2,2.45
20260711_M-B_13,2026-07-11,土,パ・リーグ公式戦,ビジター,オリックス・バファローズ,千葉ロッテマリーンズ,山﨑 颯一郎,2,救援,,13,3,0.2,2,0,0,0,0,0,0.00
20260711_M-B_13,2026-07-11,土,パ・リーグ公式戦,ビジター,オリックス・バファローズ,千葉ロッテマリーンズ,入山 海斗,3,救援,,19,5,1,3,1,0,0,1,1,9.00
20260711_DB-G_12,2026-07-11,土,セ・リーグ公式戦,ホーム,横浜DeNAベイスターズ,読売ジャイアンツ,藤浪 晋太郎,1,先発,,94,18,3,9,4,0,0,3,3,9.00
20260711_DB-G_12,2026-07-11,土,セ・リーグ公式戦,ホーム,横浜DeNAベイスターズ,読売ジャイアンツ,岩田 将貴,2,救援,H,16,3,1,3,0,0,0,0,0,0.00
20260711_DB-G_12,2026-07-11,土,セ・リーグ公式戦,ホーム,横浜DeNAベイスターズ,読売ジャイアンツ,浜地 真澄,3,救援,H,20,4,1,3,2,0,0,0,0,0.00
20260711_DB-G_12,2026-07-11,土,セ・リーグ公式戦,ホーム,横浜DeNAベイスターズ,読売ジャイアンツ,Ｈ．マルセリーノ,4,救援,H,12,5,1,3,1,0,0,0,0,0.00
20260711_DB-G_12,2026-07-11,土,セ・リーグ公式戦,ホーム,横浜DeNAベイスターズ,読売ジャイアンツ,中川 虎大,5,救援,敗,21,6,1,3,1,0,0,2,2,18.00
20260711_DB-G_12,2026-07-11,土,セ・リーグ公式戦,ホーム,横浜DeNAベイスターズ,読売ジャイアンツ,若松 尚輝,6,救援,,17,4,1,3,0,0,0,0,0,0.00
20260711_DB-G_12,2026-07-11,土,セ・リーグ公式戦,ホーム,横浜DeNAベイスターズ,読売ジャイアンツ,吉野 光樹,7,救援,,11,4,1,3,0,0,0,0,0,0.00
20260711_D-C_12,2026-07-11,土,セ・リーグ公式戦,ビジター,広島東洋カープ,中日ドラゴンズ,森 翔平,1,先発,敗,69,19,4,12,3,0,0,4,4,9.00
20260711_D-C_12,2026-07-11,土,セ・リーグ公式戦,ビジター,広島東洋カープ,中日ドラゴンズ,菊地 ハルン,2,救援,,29,8,1,3,2,0,0,2,2,18.00
20260711_D-C_12,2026-07-11,土,セ・リーグ公式戦,ビジター,広島東洋カープ,中日ドラゴンズ,島内 颯太郎,3,救援,,16,3,1,3,1,0,0,0,0,0.00
20260711_D-C_12,2026-07-11,土,セ・リーグ公式戦,ビジター,広島東洋カープ,中日ドラゴンズ,辻 大雅,4,救援,,21,5,1,3,0,0,0,2,2,18.00
20260711_D-C_12,2026-07-11,土,セ・リーグ公式戦,ビジター,広島東洋カープ,中日ドラゴンズ,常廣 羽也斗,5,救援,,15,4,1,3,2,0,0,0,0,0.00
20260711_T-S_11,2026-07-11,土,セ・リーグ公式戦,ホーム,阪神タイガース,東京ヤクルトスワローズ,伊藤 将司,1,先発,,92,25,7,21,6,0,0,0,0,0.00
20260711_T-S_11,2026-07-11,土,セ・リーグ公式戦,ホーム,阪神タイガース,東京ヤクルトスワローズ,工藤 泰成,2,救援,H,24,6,1,3,2,0,0,0,0,0.00
20260711_T-S_11,2026-07-11,土,セ・リーグ公式戦,ホーム,阪神タイガース,東京ヤクルトスワローズ,Ｒ．ドリス,3,救援,勝,12,4,1,3,1,0,0,1,1,9.00
20260711_F-L_14,2026-07-11,土,パ・リーグ公式戦,ビジター,埼玉西武ライオンズ,北海道日本ハムファイターズ,髙橋 光成,1,先発,敗,85,24,4.1,13,3,0,0,7,7,14.54
20260711_F-L_14,2026-07-11,土,パ・リーグ公式戦,ビジター,埼玉西武ライオンズ,北海道日本ハムファイターズ,上田 大河,2,救援,,14,5,1.2,5,0,0,0,0,0,0.00
20260711_F-L_14,2026-07-11,土,パ・リーグ公式戦,ビジター,埼玉西武ライオンズ,北海道日本ハムファイターズ,豆田 泰志,3,救援,,32,6,1,3,1,0,0,1,1,9.00
20260711_F-L_14,2026-07-11,土,パ・リーグ公式戦,ビジター,埼玉西武ライオンズ,北海道日本ハムファイターズ,中村 祐太,4,救援,,13,3,1,3,2,0,0,0,0,0.00
20260711_M-B_13,2026-07-11,土,パ・リーグ公式戦,ホーム,千葉ロッテマリーンズ,オリックス・バファローズ,Ｓ．ロング,1,先発,敗,93,22,5,15,6,0,0,6,6,10.80
20260711_M-B_13,2026-07-11,土,パ・リーグ公式戦,ホーム,千葉ロッテマリーンズ,オリックス・バファローズ,坂本 光士郎,2,救援,,43,11,3,9,2,0,0,0,0,0.00
20260711_M-B_13,2026-07-11,土,パ・リーグ公式戦,ホーム,千葉ロッテマリーンズ,オリックス・バファローズ,大聖,3,救援,,23,6,1,3,1,0,0,2,2,18.00
20260711_D-C_12,2026-07-11,土,セ・リーグ公式戦,ホーム,中日ドラゴンズ,広島東洋カープ,涌井 秀章,1,先発,勝,93,22,6,18,2,0,0,1,1,1.50
20260711_D-C_12,2026-07-11,土,セ・リーグ公式戦,ホーム,中日ドラゴンズ,広島東洋カープ,齋藤 綱記,2,救援,,14,3,1,3,0,0,0,0,0,0.00
20260711_D-C_12,2026-07-11,土,セ・リーグ公式戦,ホーム,中日ドラゴンズ,広島東洋カープ,Ａ．アブレウ,3,救援,,16,3,1,3,0,0,0,0,0,0.00
20260711_D-C_12,2026-07-11,土,セ・リーグ公式戦,ホーム,中日ドラゴンズ,広島東洋カープ,牧野 憲伸,4,救援,,10,4,1,3,1,0,0,0,0,0.00
20260711_T-S_11,2026-07-11,土,セ・リーグ公式戦,ビジター,東京ヤクルトスワローズ,阪神タイガース,松本 健吾,1,先発,,103,23,7,21,5,0,0,1,1,1.29
20260711_T-S_11,2026-07-11,土,セ・リーグ公式戦,ビジター,東京ヤクルトスワローズ,阪神タイガース,丸山 翔大,2,救援,,13,3,1,3,1,0,0,0,0,0.00
20260711_T-S_11,2026-07-11,土,セ・リーグ公式戦,ビジター,東京ヤクルトスワローズ,阪神タイガース,Ｊ．リランソ,3,救援,敗,21,4,0.1,1,0,0,0,1,0,0.00
20260711_H-E_14,2026-07-11,土,パ・リーグ公式戦,ビジター,東北楽天ゴールデンイーグルス,福岡ソフトバンクホークス,Ｊ．ウレーニャ,1,先発,敗,98,27,4,12,2,0,0,7,7,15.75
20260711_H-E_14,2026-07-11,土,パ・リーグ公式戦,ビジター,東北楽天ゴールデンイーグルス,福岡ソフトバンクホークス,藤原 聡大,2,救援,,25,8,2,6,0,0,0,1,0,0.00
20260711_H-E_14,2026-07-11,土,パ・リーグ公式戦,ビジター,東北楽天ゴールデンイーグルス,福岡ソフトバンクホークス,柴田 大地,3,救援,,16,4,1,3,2,0,0,0,0,0.00
20260711_H-E_14,2026-07-11,土,パ・リーグ公式戦,ビジター,東北楽天ゴールデンイーグルス,福岡ソフトバンクホークス,日當 直喜,4,救援,,17,5,1,3,0,0,0,1,1,9.00
20260711_DB-G_12,2026-07-11,土,セ・リーグ公式戦,ビジター,読売ジャイアンツ,横浜DeNAベイスターズ,竹丸 和幸,1,先発,勝,107,27,6,18,5,0,0,4,4,6.00
20260711_DB-G_12,2026-07-11,土,セ・リーグ公式戦,ビジター,読売ジャイアンツ,横浜DeNAベイスターズ,中川 皓太,2,救援,H,15,3,1,3,1,0,0,0,0,0.00
20260711_DB-G_12,2026-07-11,土,セ・リーグ公式戦,ビジター,読売ジャイアンツ,横浜DeNAベイスターズ,田中 瑛斗,3,救援,H,15,4,1,3,0,0,0,0,0,0.00
20260711_DB-G_12,2026-07-11,土,セ・リーグ公式戦,ビジター,読売ジャイアンツ,横浜DeNAベイスターズ,Ｒ．マルティネス,4,救援,S,21,5,1,3,2,0,0,0,0,0.00
20260711_H-E_14,2026-07-11,土,パ・リーグ公式戦,ホーム,福岡ソフトバンクホークス,東北楽天ゴールデンイーグルス,大関 友久,1,先発,勝,112,24,5,15,4,0,0,2,2,3.60
20260711_H-E_14,2026-07-11,土,パ・リーグ公式戦,ホーム,福岡ソフトバンクホークス,東北楽天ゴールデンイーグルス,伊藤 優輔,2,救援,,9,3,1,3,1,0,0,0,0,0.00
20260711_H-E_14,2026-07-11,土,パ・リーグ公式戦,ホーム,福岡ソフトバンクホークス,東北楽天ゴールデンイーグルス,鈴木 豪太,3,救援,,16,3,1,3,0,0,0,0,0,0.00
20260711_H-E_14,2026-07-11,土,パ・リーグ公式戦,ホーム,福岡ソフトバンクホークス,東北楽天ゴールデンイーグルス,岩井 俊介,4,救援,,11,4,1,3,0,0,0,0,0,0.00
20260711_H-E_14,2026-07-11,土,パ・リーグ公式戦,ホーム,福岡ソフトバンクホークス,東北楽天ゴールデンイーグルス,大竹 風雅,5,救援,,10,4,1,3,1,0,0,0,0,0.00
20260711_F-L_14,2026-07-11,土,パ・リーグ公式戦,ホーム,北海道日本ハムファイターズ,埼玉西武ライオンズ,山﨑 福也,1,先発,勝,69,23,5,15,3,0,0,2,2,3.60
20260711_F-L_14,2026-07-11,土,パ・リーグ公式戦,ホーム,北海道日本ハムファイターズ,埼玉西武ライオンズ,金村 尚真,2,救援,,18,4,1,3,2,0,0,0,0,0.00
20260711_F-L_14,2026-07-11,土,パ・リーグ公式戦,ホーム,北海道日本ハムファイターズ,埼玉西武ライオンズ,堀 瑞輝,3,救援,,16,4,1,3,3,0,0,0,0,0.00
20260711_F-L_14,2026-07-11,土,パ・リーグ公式戦,ホーム,北海道日本ハムファイターズ,埼玉西武ライオンズ,柳川 大晟,4,救援,,15,3,1,3,0,0,0,0,0,0.00
20260711_F-L_14,2026-07-11,土,パ・リーグ公式戦,ホーム,北海道日本ハムファイターズ,埼玉西武ライオンズ,達 孝太,5,救援,,13,3,1,3,3,0,0,0,0,0.00
20260710_M-B_12,2026-07-10,金,パ・リーグ公式戦,ビジター,オリックス・バファローズ,千葉ロッテマリーンズ,田嶋 大樹,1,先発,,39,11,1.1,4,1,0,0,3,3,20.25
20260710_M-B_12,2026-07-10,金,パ・リーグ公式戦,ビジター,オリックス・バファローズ,千葉ロッテマリーンズ,博志,2,救援,,37,10,3.1,10,0,0,0,0,0,0.00
20260710_M-B_12,2026-07-10,金,パ・リーグ公式戦,ビジター,オリックス・バファローズ,千葉ロッテマリーンズ,才木 海翔,3,救援,H,1,1,0.1,1,0,0,0,0,0,0.00
20260710_M-B_12,2026-07-10,金,パ・リーグ公式戦,ビジター,オリックス・バファローズ,千葉ロッテマリーンズ,岩嵜 翔,4,救援,敗,25,5,0.1,1,0,0,0,4,4,108.00
20260710_M-B_12,2026-07-10,金,パ・リーグ公式戦,ビジター,オリックス・バファローズ,千葉ロッテマリーンズ,権田 琉成,5,救援,,20,8,1.2,5,1,0,0,0,0,0.00
20260710_M-B_12,2026-07-10,金,パ・リーグ公式戦,ビジター,オリックス・バファローズ,千葉ロッテマリーンズ,川瀬 堅斗,6,救援,,24,6,1,3,0,0,0,1,1,9.00
20260710_DB-G_11,2026-07-10,金,セ・リーグ公式戦,ホーム,横浜DeNAベイスターズ,読売ジャイアンツ,尾形 崇斗,1,先発,,58,17,3,9,2,0,0,4,4,12.00
20260710_DB-G_11,2026-07-10,金,セ・リーグ公式戦,ホーム,横浜DeNAベイスターズ,読売ジャイアンツ,岩田 将貴,2,救援,,23,9,2,6,1,0,0,0,0,0.00
20260710_DB-G_11,2026-07-10,金,セ・リーグ公式戦,ホーム,横浜DeNAベイスターズ,読売ジャイアンツ,Ｈ．マルセリーノ,3,救援,勝,18,4,1,3,2,0,0,0,0,0.00
20260710_DB-G_11,2026-07-10,金,セ・リーグ公式戦,ホーム,横浜DeNAベイスターズ,読売ジャイアンツ,Ｊ．ルイーズ,4,救援,,12,4,0.1,1,0,0,0,2,2,54.00
20260710_DB-G_11,2026-07-10,金,セ・リーグ公式戦,ホーム,横浜DeNAベイスターズ,読売ジャイアンツ,宮城 滝太,5,救援,H,9,2,0.2,2,0,0,0,0,0,0.00
20260710_DB-G_11,2026-07-10,金,セ・リーグ公式戦,ホーム,横浜DeNAベイスターズ,読売ジャイアンツ,伊勢 大夢,6,救援,,13,3,1,3,0,0,0,0,0,0.00
20260710_DB-G_11,2026-07-10,金,セ・リーグ公式戦,ホーム,横浜DeNAベイスターズ,読売ジャイアンツ,若松 尚輝,7,救援,,16,5,1,3,1,0,0,0,0,0.00
20260710_D-C_11,2026-07-10,金,セ・リーグ公式戦,ビジター,広島東洋カープ,中日ドラゴンズ,森下 暢仁,1,先発,敗,113,27,5,15,6,0,0,6,5,9.00
20260710_D-C_11,2026-07-10,金,セ・リーグ公式戦,ビジター,広島東洋カープ,中日ドラゴンズ,常廣 羽也斗,2,救援,,40,12,2,6,0,0,0,4,4,18.00
20260710_D-C_11,2026-07-10,金,セ・リーグ公式戦,ビジター,広島東洋カープ,中日ドラゴンズ,菊地 ハルン,3,救援,,12,3,1,3,0,0,0,0,0,0.00
20260710_T-S_10,2026-07-10,金,セ・リーグ公式戦,ホーム,阪神タイガース,東京ヤクルトスワローズ,下村 海翔,1,先発,敗,93,26,6,18,4,1,0,2,1,1.50
20260710_T-S_10,2026-07-10,金,セ・リーグ公式戦,ホーム,阪神タイガース,東京ヤクルトスワローズ,津田 淳哉,2,救援,,10,4,1,3,0,0,0,0,0,0.00
20260710_T-S_10,2026-07-10,金,セ・リーグ公式戦,ホーム,阪神タイガース,東京ヤクルトスワローズ,木下 里都,3,救援,,21,4,1,3,2,0,0,0,0,0.00
20260710_T-S_10,2026-07-10,金,セ・リーグ公式戦,ホーム,阪神タイガース,東京ヤクルトスワローズ,及川 雅貴,4,救援,,8,4,1,3,1,0,0,0,0,0.00
20260710_F-L_13,2026-07-10,金,パ・リーグ公式戦,ビジター,埼玉西武ライオンズ,北海道日本ハムファイターズ,武内 夏暉,1,先発,勝,104,26,7,21,8,0,0,1,1,1.29
20260710_F-L_13,2026-07-10,金,パ・リーグ公式戦,ビジター,埼玉西武ライオンズ,北海道日本ハムファイターズ,Ｔ．ウィンゲンター,2,救援,H,24,5,1,3,1,0,0,0,0,0.00
20260710_F-L_13,2026-07-10,金,パ・リーグ公式戦,ビジター,埼玉西武ライオンズ,北海道日本ハムファイターズ,甲斐野 央,3,救援,S,12,3,1,3,2,0,0,0,0,0.00
20260710_M-B_12,2026-07-10,金,パ・リーグ公式戦,ホーム,千葉ロッテマリーンズ,オリックス・バファローズ,廣池 康志郎,1,先発,,71,19,3.1,10,4,0,0,4,4,10.80
20260710_M-B_12,2026-07-10,金,パ・リーグ公式戦,ホーム,千葉ロッテマリーンズ,オリックス・バファローズ,Ｊ．カスティーヨ,2,救援,,7,2,0.2,2,0,0,0,0,0,0.00
20260710_M-B_12,2026-07-10,金,パ・リーグ公式戦,ホーム,千葉ロッテマリーンズ,オリックス・バファローズ,八木 彬,3,救援,勝,22,7,2,6,1,0,0,0,0,0.00
20260710_M-B_12,2026-07-10,金,パ・リーグ公式戦,ホーム,千葉ロッテマリーンズ,オリックス・バファローズ,鈴木 昭汰,4,救援,H,23,4,1,3,1,0,0,0,0,0.00
20260710_M-B_12,2026-07-10,金,パ・リーグ公式戦,ホーム,千葉ロッテマリーンズ,オリックス・バファローズ,中森 俊介,5,救援,H,9,3,1,3,0,0,0,0,0,0.00
20260710_M-B_12,2026-07-10,金,パ・リーグ公式戦,ホーム,千葉ロッテマリーンズ,オリックス・バファローズ,横山 陸人,6,救援,,10,4,0.1,1,0,1,0,2,0,0.00
20260710_M-B_12,2026-07-10,金,パ・リーグ公式戦,ホーム,千葉ロッテマリーンズ,オリックス・バファローズ,益田 直也,7,救援,S,10,3,0.2,2,0,0,0,0,0,0.00
20260710_D-C_11,2026-07-10,金,セ・リーグ公式戦,ホーム,中日ドラゴンズ,広島東洋カープ,大野 雄大,1,先発,勝,85,23,7,21,4,0,0,1,1,1.29
20260710_D-C_11,2026-07-10,金,セ・リーグ公式戦,ホーム,中日ドラゴンズ,広島東洋カープ,草加 勝,2,救援,,18,4,1,3,2,0,0,0,0,0.00
20260710_D-C_11,2026-07-10,金,セ・リーグ公式戦,ホーム,中日ドラゴンズ,広島東洋カープ,伊藤 茉央,3,救援,,11,3,1,3,0,0,0,0,0,0.00
20260710_T-S_10,2026-07-10,金,セ・リーグ公式戦,ビジター,東京ヤクルトスワローズ,阪神タイガース,高橋 奎二,1,先発,勝,99,24,7,21,10,0,0,1,1,1.29
20260710_T-S_10,2026-07-10,金,セ・リーグ公式戦,ビジター,東京ヤクルトスワローズ,阪神タイガース,清水 昇,2,救援,H,17,4,1,3,2,0,0,0,0,0.00
20260710_T-S_10,2026-07-10,金,セ・リーグ公式戦,ビジター,東京ヤクルトスワローズ,阪神タイガース,Ｊ．キハダ,3,救援,S,24,6,1,3,2,0,0,0,0,0.00
20260710_H-E_13,2026-07-10,金,パ・リーグ公式戦,ビジター,東北楽天ゴールデンイーグルス,福岡ソフトバンクホークス,早川 隆久,1,先発,,110,28,6,18,4,0,0,3,3,4.50
20260710_H-E_13,2026-07-10,金,パ・リーグ公式戦,ビジター,東北楽天ゴールデンイーグルス,福岡ソフトバンクホークス,田中 千晴,2,救援,勝,12,5,1,3,0,0,0,0,0,0.00
20260710_H-E_13,2026-07-10,金,パ・リーグ公式戦,ビジター,東北楽天ゴールデンイーグルス,福岡ソフトバンクホークス,九谷 瑠,3,救援,H,17,4,1,3,2,0,0,0,0,0.00
20260710_H-E_13,2026-07-10,金,パ・リーグ公式戦,ビジター,東北楽天ゴールデンイーグルス,福岡ソフトバンクホークス,藤平 尚真,4,救援,S,8,3,1,3,0,0,0,0,0,0.00
20260710_DB-G_11,2026-07-10,金,セ・リーグ公式戦,ビジター,読売ジャイアンツ,横浜DeNAベイスターズ,Ｆ．ウィットリー,1,先発,,80,20,5,15,6,0,0,3,2,3.60
20260710_DB-G_11,2026-07-10,金,セ・リーグ公式戦,ビジター,読売ジャイアンツ,横浜DeNAベイスターズ,田中 瑛斗,2,救援,敗,22,5,0+,0,0,0,0,5,4,
20260710_DB-G_11,2026-07-10,金,セ・リーグ公式戦,ビジター,読売ジャイアンツ,横浜DeNAベイスターズ,森田 駿哉,3,救援,,17,6,1,3,1,0,0,0,0,0.00
20260710_DB-G_11,2026-07-10,金,セ・リーグ公式戦,ビジター,読売ジャイアンツ,横浜DeNAベイスターズ,赤星 優志,4,救援,,18,6,1,3,1,0,0,3,3,27.00
20260710_DB-G_11,2026-07-10,金,セ・リーグ公式戦,ビジター,読売ジャイアンツ,横浜DeNAベイスターズ,堀田 賢慎,5,救援,,20,4,1,3,1,0,0,0,0,0.00
20260710_H-E_13,2026-07-10,金,パ・リーグ公式戦,ホーム,福岡ソフトバンクホークス,東北楽天ゴールデンイーグルス,大津 亮介,1,先発,,106,28,7,21,2,0,0,3,3,3.86
20260710_H-E_13,2026-07-10,金,パ・リーグ公式戦,ホーム,福岡ソフトバンクホークス,東北楽天ゴールデンイーグルス,松本 裕樹,2,救援,敗,17,5,1,3,0,0,0,2,2,18.00
20260710_H-E_13,2026-07-10,金,パ・リーグ公式戦,ホーム,福岡ソフトバンクホークス,東北楽天ゴールデンイーグルス,鈴木 豪太,3,救援,,21,5,1,3,0,0,0,0,0,0.00
20260710_F-L_13,2026-07-10,金,パ・リーグ公式戦,ホーム,北海道日本ハムファイターズ,埼玉西武ライオンズ,伊藤 大海,1,先発,,103,27,7,21,7,0,0,1,1,1.29
20260710_F-L_13,2026-07-10,金,パ・リーグ公式戦,ホーム,北海道日本ハムファイターズ,埼玉西武ライオンズ,島本 浩也,2,救援,敗,21,6,1,3,0,0,0,1,0,0.00
20260710_F-L_13,2026-07-10,金,パ・リーグ公式戦,ホーム,北海道日本ハムファイターズ,埼玉西武ライオンズ,田中 正義,3,救援,,20,4,1,3,2,0,0,0,0,0.00
20260709_DB-D_14,2026-07-09,木,セ・リーグ公式戦,ホーム,横浜DeNAベイスターズ,中日ドラゴンズ,平良 拳太郎,1,先発,,95,23,5.2,17,6,0,0,2,2,3.18
20260709_DB-D_14,2026-07-09,木,セ・リーグ公式戦,ホーム,横浜DeNAベイスターズ,中日ドラゴンズ,Ｊ．ルイーズ,2,救援,,2,1,0.1,1,0,0,0,0,0,0.00
20260709_DB-D_14,2026-07-09,木,セ・リーグ公式戦,ホーム,横浜DeNAベイスターズ,中日ドラゴンズ,伊勢 大夢,3,救援,H,21,5,1,3,0,0,0,0,0,0.00
20260709_DB-D_14,2026-07-09,木,セ・リーグ公式戦,ホーム,横浜DeNAベイスターズ,中日ドラゴンズ,中川 虎大,4,救援,敗,18,5,1,3,2,0,0,2,2,18.00
20260709_DB-D_14,2026-07-09,木,セ・リーグ公式戦,ホーム,横浜DeNAベイスターズ,中日ドラゴンズ,宮城 滝太,5,救援,,13,3,1,3,2,0,0,0,0,0.00
20260709_C-S_14,2026-07-09,木,セ・リーグ公式戦,ホーム,広島東洋カープ,東京ヤクルトスワローズ,栗林 良吏,1,先発,敗,72,23,6,18,2,0,0,1,1,1.50
20260709_C-S_14,2026-07-09,木,セ・リーグ公式戦,ホーム,広島東洋カープ,東京ヤクルトスワローズ,髙 太一,2,救援,,13,4,1,3,1,0,0,0,0,0.00
20260709_C-S_14,2026-07-09,木,セ・リーグ公式戦,ホーム,広島東洋カープ,東京ヤクルトスワローズ,島内 颯太郎,3,救援,,12,3,1,3,2,0,0,0,0,0.00
20260709_C-S_14,2026-07-09,木,セ・リーグ公式戦,ホーム,広島東洋カープ,東京ヤクルトスワローズ,辻 大雅,4,救援,,14,4,1,3,1,0,0,0,0,0.00
20260709_G-T_14,2026-07-09,木,セ・リーグ公式戦,ビジター,阪神タイガース,読売ジャイアンツ,伊原 陵人,1,先発,勝,106,23,5.1,16,6,0,0,1,1,1.69
20260709_G-T_14,2026-07-09,木,セ・リーグ公式戦,ビジター,阪神タイガース,読売ジャイアンツ,木下 里都,2,救援,,12,3,0.2,2,1,0,0,0,0,0.00
20260709_G-T_14,2026-07-09,木,セ・リーグ公式戦,ビジター,阪神タイガース,読売ジャイアンツ,門別 啓人,3,救援,,14,4,1,3,0,0,0,0,0,0.00
20260709_G-T_14,2026-07-09,木,セ・リーグ公式戦,ビジター,阪神タイガース,読売ジャイアンツ,津田 淳哉,4,救援,,8,3,1,3,1,0,0,0,0,0.00
20260709_G-T_14,2026-07-09,木,セ・リーグ公式戦,ビジター,阪神タイガース,読売ジャイアンツ,今朝丸 裕喜,5,救援,,15,5,1,3,0,0,0,1,1,9.00
20260709_DB-D_14,2026-07-09,木,セ・リーグ公式戦,ビジター,中日ドラゴンズ,横浜DeNAベイスターズ,柳 裕也,1,先発,,75,21,5.1,16,4,0,0,3,3,5.06
20260709_DB-D_14,2026-07-09,木,セ・リーグ公式戦,ビジター,中日ドラゴンズ,横浜DeNAベイスターズ,藤嶋 健人,2,救援,,13,4,0.2,2,0,0,0,0,0,0.00
20260709_DB-D_14,2026-07-09,木,セ・リーグ公式戦,ビジター,中日ドラゴンズ,横浜DeNAベイスターズ,齋藤 綱記,3,救援,勝,11,3,1,3,1,0,0,0,0,0.00
20260709_DB-D_14,2026-07-09,木,セ・リーグ公式戦,ビジター,中日ドラゴンズ,横浜DeNAベイスターズ,吉田 聖弥,4,救援,H,14,3,1,3,2,0,0,0,0,0.00
20260709_DB-D_14,2026-07-09,木,セ・リーグ公式戦,ビジター,中日ドラゴンズ,横浜DeNAベイスターズ,松山 晋也,5,救援,S,14,3,1,3,2,0,0,0,0,0.00
20260709_C-S_14,2026-07-09,木,セ・リーグ公式戦,ビジター,東京ヤクルトスワローズ,広島東洋カープ,Ｎ．ウォルターズ,1,先発,勝,101,24,7,21,7,0,0,0,0,0.00
20260709_C-S_14,2026-07-09,木,セ・リーグ公式戦,ビジター,東京ヤクルトスワローズ,広島東洋カープ,Ｊ．リランソ,2,救援,H,8,3,1,3,0,0,0,0,0,0.00
20260709_C-S_14,2026-07-09,木,セ・リーグ公式戦,ビジター,東京ヤクルトスワローズ,広島東洋カープ,Ｊ．キハダ,3,救援,S,23,5,1,3,1,0,0,0,0,0.00
20260709_G-T_14,2026-07-09,木,セ・リーグ公式戦,ホーム,読売ジャイアンツ,阪神タイガース,則本 昂大,1,先発,敗,95,26,5,15,3,0,0,8,8,14.40
20260709_G-T_14,2026-07-09,木,セ・リーグ公式戦,ホーム,読売ジャイアンツ,阪神タイガース,高梨 雄平,2,救援,,27,5,1,3,1,0,0,2,2,18.00
20260709_G-T_14,2026-07-09,木,セ・リーグ公式戦,ホーム,読売ジャイアンツ,阪神タイガース,堀田 賢慎,3,救援,,12,3,1,3,0,0,0,0,0,0.00
20260709_G-T_14,2026-07-09,木,セ・リーグ公式戦,ホーム,読売ジャイアンツ,阪神タイガース,田和 廉,4,救援,,16,5,1,3,1,0,0,0,0,0.00
20260709_G-T_14,2026-07-09,木,セ・リーグ公式戦,ホーム,読売ジャイアンツ,阪神タイガース,山田 龍聖,5,救援,,21,5,1,3,1,0,0,0,0,0.00
20260708_B-H_12,2026-07-08,水,パ・リーグ公式戦,ホーム,オリックス・バファローズ,福岡ソフトバンクホークス,九里 亜蓮,1,先発,,111,29,7,21,6,0,0,2,2,2.57
20260708_B-H_12,2026-07-08,水,パ・リーグ公式戦,ホーム,オリックス・バファローズ,福岡ソフトバンクホークス,山﨑 颯一郎,2,救援,,17,4,1,3,1,0,0,0,0,0.00
20260708_B-H_12,2026-07-08,水,パ・リーグ公式戦,ホーム,オリックス・バファローズ,福岡ソフトバンクホークス,Ａ．マチャド,3,救援,H,16,3,1,3,0,0,0,0,0,0.00
20260708_B-H_12,2026-07-08,水,パ・リーグ公式戦,ホーム,オリックス・バファローズ,福岡ソフトバンクホークス,椋木 蓮,4,救援,勝,12,3,1,3,0,0,0,0,0,0.00
20260708_DB-D_13,2026-07-08,水,セ・リーグ公式戦,ホーム,横浜DeNAベイスターズ,中日ドラゴンズ,東 克樹,1,先発,勝,94,27,7,21,8,0,0,2,2,2.57
20260708_DB-D_13,2026-07-08,水,セ・リーグ公式戦,ホーム,横浜DeNAベイスターズ,中日ドラゴンズ,中川 虎大,2,救援,H,12,3,1,3,2,0,0,0,0,0.00
20260708_DB-D_13,2026-07-08,水,セ・リーグ公式戦,ホーム,横浜DeNAベイスターズ,中日ドラゴンズ,Ｓ．レイノルズ,3,救援,S,14,4,1,3,1,0,0,1,1,9.00
20260708_C-S_13,2026-07-08,水,セ・リーグ公式戦,ホーム,広島東洋カープ,東京ヤクルトスワローズ,玉村 昇悟,1,先発,,19,6,1.2,5,0,0,0,1,1,5.40
20260708_C-S_13,2026-07-08,水,セ・リーグ公式戦,ホーム,広島東洋カープ,東京ヤクルトスワローズ,鈴木 健矢,2,救援,,60,16,4.1,13,3,0,0,0,0,0.00
20260708_C-S_13,2026-07-08,水,セ・リーグ公式戦,ホーム,広島東洋カープ,東京ヤクルトスワローズ,遠藤 淳志,3,救援,,24,7,1,3,0,0,0,2,2,18.00
20260708_C-S_13,2026-07-08,水,セ・リーグ公式戦,ホーム,広島東洋カープ,東京ヤクルトスワローズ,Ｔ．ハーン,4,救援,H,10,3,1,3,2,0,0,0,0,0.00
20260708_C-S_13,2026-07-08,水,セ・リーグ公式戦,ホーム,広島東洋カープ,東京ヤクルトスワローズ,森浦 大輔,5,救援,勝,14,5,1,3,1,0,0,0,0,0.00
20260708_G-T_13,2026-07-08,水,セ・リーグ公式戦,ビジター,阪神タイガース,読売ジャイアンツ,才木 浩人,1,先発,勝,101,29,7,21,8,0,0,0,0,0.00
20260708_G-T_13,2026-07-08,水,セ・リーグ公式戦,ビジター,阪神タイガース,読売ジャイアンツ,岩崎 優,2,救援,,19,4,1,3,0,0,0,1,1,9.00
20260708_G-T_13,2026-07-08,水,セ・リーグ公式戦,ビジター,阪神タイガース,読売ジャイアンツ,Ｒ．ドリス,3,救援,S,16,3,1,3,2,0,0,0,0,0.00
20260708_L-E_13,2026-07-08,水,パ・リーグ公式戦,ホーム,埼玉西武ライオンズ,東北楽天ゴールデンイーグルス,渡邉 勇太朗,1,先発,,112,30,7,21,8,0,0,2,2,2.57
20260708_L-E_13,2026-07-08,水,パ・リーグ公式戦,ホーム,埼玉西武ライオンズ,東北楽天ゴールデンイーグルス,中村 祐太,2,救援,,11,3,1,3,2,0,0,0,0,0.00
20260708_L-E_13,2026-07-08,水,パ・リーグ公式戦,ホーム,埼玉西武ライオンズ,東北楽天ゴールデンイーグルス,甲斐野 央,3,救援,H,10,3,1,3,2,0,0,0,0,0.00
20260708_L-E_13,2026-07-08,水,パ・リーグ公式戦,ホーム,埼玉西武ライオンズ,東北楽天ゴールデンイーグルス,篠原 響,4,救援,敗,29,8,0.2,2,0,0,0,3,3,40.50
20260708_L-E_13,2026-07-08,水,パ・リーグ公式戦,ホーム,埼玉西武ライオンズ,東北楽天ゴールデンイーグルス,森脇 亮介,5,救援,,4,1,0.1,1,1,0,0,0,0,0.00
20260708_M-F_13,2026-07-08,水,パ・リーグ公式戦,ホーム,千葉ロッテマリーンズ,北海道日本ハムファイターズ,河村 説人,1,先発,,82,22,5,15,0,0,0,1,1,1.80
20260708_M-F_13,2026-07-08,水,パ・リーグ公式戦,ホーム,千葉ロッテマリーンズ,北海道日本ハムファイターズ,小野 郁,2,救援,敗,17,5,1,3,1,0,0,2,2,18.00
20260708_M-F_13,2026-07-08,水,パ・リーグ公式戦,ホーム,千葉ロッテマリーンズ,北海道日本ハムファイターズ,澤田 圭佑,3,救援,,20,7,1,3,1,0,0,4,4,36.00
20260708_M-F_13,2026-07-08,水,パ・リーグ公式戦,ホーム,千葉ロッテマリーンズ,北海道日本ハムファイターズ,中森 俊介,4,救援,,11,4,1,3,0,0,0,0,0,0.00
20260708_M-F_13,2026-07-08,水,パ・リーグ公式戦,ホーム,千葉ロッテマリーンズ,北海道日本ハムファイターズ,Ｊ．カスティーヨ,5,救援,,8,4,1,3,0,0,0,0,0,0.00
20260708_DB-D_13,2026-07-08,水,セ・リーグ公式戦,ビジター,中日ドラゴンズ,横浜DeNAベイスターズ,松葉 貴大,1,先発,敗,90,27,6,18,3,1,0,4,4,6.00
20260708_DB-D_13,2026-07-08,水,セ・リーグ公式戦,ビジター,中日ドラゴンズ,横浜DeNAベイスターズ,齋藤 綱記,2,救援,,18,5,1,3,0,0,0,0,0,0.00
20260708_DB-D_13,2026-07-08,水,セ・リーグ公式戦,ビジター,中日ドラゴンズ,横浜DeNAベイスターズ,草加 勝,3,救援,,13,4,1,3,0,0,0,0,0,0.00
20260708_C-S_13,2026-07-08,水,セ・リーグ公式戦,ビジター,東京ヤクルトスワローズ,広島東洋カープ,奥川 恭伸,1,先発,,108,30,8,24,5,0,0,3,3,3.38
20260708_C-S_13,2026-07-08,水,セ・リーグ公式戦,ビジター,東京ヤクルトスワローズ,広島東洋カープ,星 知弥,2,救援,敗,28,6,0.2,2,0,0,0,1,1,13.50
20260708_L-E_13,2026-07-08,水,パ・リーグ公式戦,ビジター,東北楽天ゴールデンイーグルス,埼玉西武ライオンズ,岸 孝之,1,先発,,89,23,6,18,7,0,0,1,0,0.00
20260708_L-E_13,2026-07-08,水,パ・リーグ公式戦,ビジター,東北楽天ゴールデンイーグルス,埼玉西武ライオンズ,九谷 瑠,2,救援,H,16,4,1,3,1,0,0,0,0,0.00
20260708_L-E_13,2026-07-08,水,パ・リーグ公式戦,ビジター,東北楽天ゴールデンイーグルス,埼玉西武ライオンズ,加治屋 蓮,3,救援,,19,5,1,3,1,1,0,1,1,9.00
20260708_L-E_13,2026-07-08,水,パ・リーグ公式戦,ビジター,東北楽天ゴールデンイーグルス,埼玉西武ライオンズ,泰 勝利,4,救援,勝,17,5,1,3,1,0,0,0,0,0.00
20260708_L-E_13,2026-07-08,水,パ・リーグ公式戦,ビジター,東北楽天ゴールデンイーグルス,埼玉西武ライオンズ,藤平 尚真,5,救援,S,8,4,1,3,0,0,0,0,0,0.00
20260708_G-T_13,2026-07-08,水,セ・リーグ公式戦,ホーム,読売ジャイアンツ,阪神タイガース,西舘 勇陽,1,先発,敗,104,22,5.1,16,6,0,0,4,4,6.75
20260708_G-T_13,2026-07-08,水,セ・リーグ公式戦,ホーム,読売ジャイアンツ,阪神タイガース,田和 廉,2,救援,,13,5,0.2,2,0,0,0,0,0,0.00
20260708_G-T_13,2026-07-08,水,セ・リーグ公式戦,ホーム,読売ジャイアンツ,阪神タイガース,山田 龍聖,3,救援,,41,9,2,6,0,0,0,0,0,0.00
20260708_G-T_13,2026-07-08,水,セ・リーグ公式戦,ホーム,読売ジャイアンツ,阪神タイガース,堀田 賢慎,4,救援,,6,3,1,3,0,0,0,0,0,0.00
20260708_B-H_12,2026-07-08,水,パ・リーグ公式戦,ビジター,福岡ソフトバンクホークス,オリックス・バファローズ,前田 悠伍,1,先発,,108,30,7,21,4,0,0,1,1,1.29
20260708_B-H_12,2026-07-08,水,パ・リーグ公式戦,ビジター,福岡ソフトバンクホークス,オリックス・バファローズ,Ｒ．オスナ,2,救援,,17,4,1,3,1,0,0,1,1,9.00
20260708_B-H_12,2026-07-08,水,パ・リーグ公式戦,ビジター,福岡ソフトバンクホークス,オリックス・バファローズ,津森 宥紀,3,救援,H,18,4,1,3,1,0,0,0,0,0.00
20260708_B-H_12,2026-07-08,水,パ・リーグ公式戦,ビジター,福岡ソフトバンクホークス,オリックス・バファローズ,杉山 一樹,4,救援,敗,13,4,0.1,1,1,0,0,1,1,27.00
20260708_M-F_13,2026-07-08,水,パ・リーグ公式戦,ビジター,北海道日本ハムファイターズ,千葉ロッテマリーンズ,加藤 貴之,1,先発,勝,77,24,5.1,16,1,0,0,2,2,3.38
20260708_M-F_13,2026-07-08,水,パ・リーグ公式戦,ビジター,北海道日本ハムファイターズ,千葉ロッテマリーンズ,上原 健太,2,救援,H,10,2,0.2,2,2,0,0,0,0,0.00
20260708_M-F_13,2026-07-08,水,パ・リーグ公式戦,ビジター,北海道日本ハムファイターズ,千葉ロッテマリーンズ,田中 正義,3,救援,,21,4,1,3,1,0,0,0,0,0.00
20260708_M-F_13,2026-07-08,水,パ・リーグ公式戦,ビジター,北海道日本ハムファイターズ,千葉ロッテマリーンズ,柳川 大晟,4,救援,,16,3,1,3,0,0,0,0,0,0.00
20260708_M-F_13,2026-07-08,水,パ・リーグ公式戦,ビジター,北海道日本ハムファイターズ,千葉ロッテマリーンズ,達 孝太,5,救援,,10,3,1,3,1,0,0,0,0,0.00
20260707_B-H_11,2026-07-07,火,パ・リーグ公式戦,ホーム,オリックス・バファローズ,福岡ソフトバンクホークス,Ｓ．ジェリー,1,先発,敗,59,13,2+,6,0,1,0,3,3,13.50
20260707_B-H_11,2026-07-07,火,パ・リーグ公式戦,ホーム,オリックス・バファローズ,福岡ソフトバンクホークス,博志,2,救援,,21,6,2,6,1,0,0,0,0,0.00
20260707_B-H_11,2026-07-07,火,パ・リーグ公式戦,ホーム,オリックス・バファローズ,福岡ソフトバンクホークス,才木 海翔,3,救援,,14,5,1,3,0,0,0,0,0,0.00
20260707_B-H_11,2026-07-07,火,パ・リーグ公式戦,ホーム,オリックス・バファローズ,福岡ソフトバンクホークス,権田 琉成,4,救援,,30,9,2,6,1,0,0,3,3,13.50
20260707_B-H_11,2026-07-07,火,パ・リーグ公式戦,ホーム,オリックス・バファローズ,福岡ソフトバンクホークス,宮國 凌空,5,救援,,16,4,1,3,1,0,0,0,0,0.00
20260707_B-H_11,2026-07-07,火,パ・リーグ公式戦,ホーム,オリックス・バファローズ,福岡ソフトバンクホークス,川瀬 堅斗,6,救援,,11,3,1,3,0,0,0,0,0,0.00
20260707_DB-D_12,2026-07-07,火,セ・リーグ公式戦,ホーム,横浜DeNAベイスターズ,中日ドラゴンズ,石田 裕太郎,1,先発,勝,120,30,9,27,7,0,0,0,0,0.00
20260707_C-S_12,2026-07-07,火,セ・リーグ公式戦,ホーム,広島東洋カープ,東京ヤクルトスワローズ,岡本 駿,1,先発,,87,20,5,15,6,0,0,3,3,5.40
20260707_C-S_12,2026-07-07,火,セ・リーグ公式戦,ホーム,広島東洋カープ,東京ヤクルトスワローズ,島内 颯太郎,2,救援,,24,5,1,3,1,0,0,0,0,0.00
20260707_C-S_12,2026-07-07,火,セ・リーグ公式戦,ホーム,広島東洋カープ,東京ヤクルトスワローズ,遠藤 淳志,3,救援,,9,3,1,3,1,0,0,0,0,0.00
20260707_C-S_12,2026-07-07,火,セ・リーグ公式戦,ホーム,広島東洋カープ,東京ヤクルトスワローズ,髙 太一,4,救援,,21,4,1,3,2,0,0,0,0,0.00
20260707_C-S_12,2026-07-07,火,セ・リーグ公式戦,ホーム,広島東洋カープ,東京ヤクルトスワローズ,辻 大雅,5,救援,勝,18,5,1,3,1,0,0,0,0,0.00
20260707_G-T_12,2026-07-07,火,セ・リーグ公式戦,ビジター,阪神タイガース,読売ジャイアンツ,髙橋 遥人,1,先発,敗,106,27,6.2,20,7,0,0,4,4,5.40
20260707_G-T_12,2026-07-07,火,セ・リーグ公式戦,ビジター,阪神タイガース,読売ジャイアンツ,工藤 泰成,2,救援,,3,1,0.1,1,0,0,0,0,0,0.00
20260707_G-T_12,2026-07-07,火,セ・リーグ公式戦,ビジター,阪神タイガース,読売ジャイアンツ,木下 里都,3,救援,,25,5,1,3,1,0,0,0,0,0.00
20260707_L-E_12,2026-07-07,火,パ・リーグ公式戦,ホーム,埼玉西武ライオンズ,東北楽天ゴールデンイーグルス,平良 海馬,1,先発,勝,102,20,5,15,7,0,0,0,0,0.00
20260707_L-E_12,2026-07-07,火,パ・リーグ公式戦,ホーム,埼玉西武ライオンズ,東北楽天ゴールデンイーグルス,黒田 将矢,2,救援,,27,6,1,3,1,0,0,1,1,9.00
20260707_L-E_12,2026-07-07,火,パ・リーグ公式戦,ホーム,埼玉西武ライオンズ,東北楽天ゴールデンイーグルス,篠原 響,3,救援,H,21,5,1,3,1,0,0,0,0,0.00
20260707_L-E_12,2026-07-07,火,パ・リーグ公式戦,ホーム,埼玉西武ライオンズ,東北楽天ゴールデンイーグルス,Ｔ．ウィンゲンター,4,救援,H,13,4,1,3,0,0,0,0,0,0.00
20260707_L-E_12,2026-07-07,火,パ・リーグ公式戦,ホーム,埼玉西武ライオンズ,東北楽天ゴールデンイーグルス,豆田 泰志,5,救援,,16,4,1,3,2,0,0,0,0,0.00
20260707_M-F_12,2026-07-07,火,パ・リーグ公式戦,ホーム,千葉ロッテマリーンズ,北海道日本ハムファイターズ,Ａ．ジャクソン,1,先発,勝,100,27,7,21,4,0,0,2,2,2.57
20260707_M-F_12,2026-07-07,火,パ・リーグ公式戦,ホーム,千葉ロッテマリーンズ,北海道日本ハムファイターズ,鈴木 昭汰,2,救援,,21,5,1,3,1,0,0,0,0,0.00
20260707_M-F_12,2026-07-07,火,パ・リーグ公式戦,ホーム,千葉ロッテマリーンズ,北海道日本ハムファイターズ,高野 脩汰,3,救援,,18,4,1,3,0,0,0,0,0,0.00
20260707_DB-D_12,2026-07-07,火,セ・リーグ公式戦,ビジター,中日ドラゴンズ,横浜DeNAベイスターズ,Ｋ．マラー,1,先発,敗,98,27,6,18,4,0,0,2,2,3.00
20260707_DB-D_12,2026-07-07,火,セ・リーグ公式戦,ビジター,中日ドラゴンズ,横浜DeNAベイスターズ,Ａ．アブレウ,2,救援,,30,5,1,3,3,0,0,0,0,0.00
20260707_DB-D_12,2026-07-07,火,セ・リーグ公式戦,ビジター,中日ドラゴンズ,横浜DeNAベイスターズ,伊藤 茉央,3,救援,,10,4,0.1,1,0,0,0,2,2,54.00
20260707_DB-D_12,2026-07-07,火,セ・リーグ公式戦,ビジター,中日ドラゴンズ,横浜DeNAベイスターズ,牧野 憲伸,4,救援,,14,3,0.2,2,0,0,0,0,0,0.00
20260707_C-S_12,2026-07-07,火,セ・リーグ公式戦,ビジター,東京ヤクルトスワローズ,広島東洋カープ,山野 太一,1,先発,,97,26,7,21,5,0,0,2,0,0.00
20260707_C-S_12,2026-07-07,火,セ・リーグ公式戦,ビジター,東京ヤクルトスワローズ,広島東洋カープ,星 知弥,2,救援,H,8,3,1,3,0,0,0,0,0,0.00
20260707_C-S_12,2026-07-07,火,セ・リーグ公式戦,ビジター,東京ヤクルトスワローズ,広島東洋カープ,Ｊ．キハダ,3,救援,敗,13,2,0+,0,0,0,0,2,2,
20260707_L-E_12,2026-07-07,火,パ・リーグ公式戦,ビジター,東北楽天ゴールデンイーグルス,埼玉西武ライオンズ,荘司 康誠,1,先発,敗,107,24,5,15,7,0,0,4,4,7.20
20260707_L-E_12,2026-07-07,火,パ・リーグ公式戦,ビジター,東北楽天ゴールデンイーグルス,埼玉西武ライオンズ,泰 勝利,2,救援,,9,3,1,3,1,0,0,0,0,0.00
20260707_L-E_12,2026-07-07,火,パ・リーグ公式戦,ビジター,東北楽天ゴールデンイーグルス,埼玉西武ライオンズ,田中 千晴,3,救援,,18,5,1,3,0,0,0,0,0,0.00
20260707_L-E_12,2026-07-07,火,パ・リーグ公式戦,ビジター,東北楽天ゴールデンイーグルス,埼玉西武ライオンズ,中込 陽翔,4,救援,,15,7,1,3,0,0,0,2,2,18.00
20260707_G-T_12,2026-07-07,火,セ・リーグ公式戦,ホーム,読売ジャイアンツ,阪神タイガース,戸郷 翔征,1,先発,,64,17,5,15,3,0,0,0,0,0.00
20260707_G-T_12,2026-07-07,火,セ・リーグ公式戦,ホーム,読売ジャイアンツ,阪神タイガース,船迫 大雅,2,救援,,14,4,0.2,2,1,0,0,2,2,27.00
20260707_G-T_12,2026-07-07,火,セ・リーグ公式戦,ホーム,読売ジャイアンツ,阪神タイガース,高梨 雄平,3,救援,,6,1,0+,0,0,0,0,0,0,
20260707_G-T_12,2026-07-07,火,セ・リーグ公式戦,ホーム,読売ジャイアンツ,阪神タイガース,赤星 優志,4,救援,勝,21,5,1.1,4,1,0,0,1,1,6.75
20260707_G-T_12,2026-07-07,火,セ・リーグ公式戦,ホーム,読売ジャイアンツ,阪神タイガース,大勢,5,救援,H,30,5,1,3,1,0,0,0,0,0.00
20260707_G-T_12,2026-07-07,火,セ・リーグ公式戦,ホーム,読売ジャイアンツ,阪神タイガース,Ｒ．マルティネス,6,救援,S,19,4,1,3,1,0,0,0,0,0.00
20260707_B-H_11,2026-07-07,火,パ・リーグ公式戦,ビジター,福岡ソフトバンクホークス,オリックス・バファローズ,上沢 直之,1,先発,勝,105,23,6,18,9,0,0,2,2,3.00
20260707_B-H_11,2026-07-07,火,パ・リーグ公式戦,ビジター,福岡ソフトバンクホークス,オリックス・バファローズ,Ｒ．オスナ,2,救援,,16,5,1,3,1,0,0,0,0,0.00
20260707_B-H_11,2026-07-07,火,パ・リーグ公式戦,ビジター,福岡ソフトバンクホークス,オリックス・バファローズ,松本 裕樹,3,救援,,29,7,1,3,1,0,0,1,1,9.00
20260707_B-H_11,2026-07-07,火,パ・リーグ公式戦,ビジター,福岡ソフトバンクホークス,オリックス・バファローズ,杉山 一樹,4,救援,S,26,6,1,3,0,0,0,0,0,0.00
20260707_M-F_12,2026-07-07,火,パ・リーグ公式戦,ビジター,北海道日本ハムファイターズ,千葉ロッテマリーンズ,北山 亘基,1,先発,敗,60,17,3+,9,3,1,0,8,3,9.00
20260707_M-F_12,2026-07-07,火,パ・リーグ公式戦,ビジター,北海道日本ハムファイターズ,千葉ロッテマリーンズ,金村 尚真,2,救援,,53,16,4,12,4,0,0,2,2,4.50
20260707_M-F_12,2026-07-07,火,パ・リーグ公式戦,ビジター,北海道日本ハムファイターズ,千葉ロッテマリーンズ,齋藤 友貴哉,3,救援,,11,3,1,3,1,0,0,0,0,0.00
20260705_B-L_14,2026-07-05,日,パ・リーグ公式戦,ホーム,オリックス・バファローズ,埼玉西武ライオンズ,Ａ．エスピノーザ,1,先発,勝,85,26,7,21,2,0,0,1,1,1.29
20260705_B-L_14,2026-07-05,日,パ・リーグ公式戦,ホーム,オリックス・バファローズ,埼玉西武ライオンズ,椋木 蓮,2,救援,H,9,3,1,3,1,0,0,0,0,0.00
20260705_B-L_14,2026-07-05,日,パ・リーグ公式戦,ホーム,オリックス・バファローズ,埼玉西武ライオンズ,Ａ．マチャド,3,救援,S,9,3,1,3,1,0,0,0,0,0.00
20260705_S-DB_13,2026-07-05,日,セ・リーグ公式戦,ビジター,横浜DeNAベイスターズ,東京ヤクルトスワローズ,深沢 鳳介,1,先発,勝,67,18,5,15,2,0,0,0,0,0.00
20260705_S-DB_13,2026-07-05,日,セ・リーグ公式戦,ビジター,横浜DeNAベイスターズ,東京ヤクルトスワローズ,Ｊ．ルイーズ,2,救援,,19,4,0+,0,0,0,0,4,4,
20260705_S-DB_13,2026-07-05,日,セ・リーグ公式戦,ビジター,横浜DeNAベイスターズ,東京ヤクルトスワローズ,伊勢 大夢,3,救援,H,25,6,2,6,3,0,0,0,0,0.00
20260705_S-DB_13,2026-07-05,日,セ・リーグ公式戦,ビジター,横浜DeNAベイスターズ,東京ヤクルトスワローズ,中川 虎大,4,救援,H,30,4,1,3,1,0,0,0,0,0.00
20260705_S-DB_13,2026-07-05,日,セ・リーグ公式戦,ビジター,横浜DeNAベイスターズ,東京ヤクルトスワローズ,Ｓ．レイノルズ,5,救援,S,18,5,1,3,2,0,0,0,0,0.00
20260705_T-C_12,2026-07-05,日,セ・リーグ公式戦,ビジター,広島東洋カープ,阪神タイガース,床田 寛樹,1,先発,敗,92,25,5,15,6,0,0,5,2,3.60
20260705_T-C_12,2026-07-05,日,セ・リーグ公式戦,ビジター,広島東洋カープ,阪神タイガース,辻 大雅,2,救援,,9,4,1,3,0,0,0,0,0,0.00
20260705_T-C_12,2026-07-05,日,セ・リーグ公式戦,ビジター,広島東洋カープ,阪神タイガース,島内 颯太郎,3,救援,,15,4,1,3,1,0,0,0,0,0.00
20260705_T-C_12,2026-07-05,日,セ・リーグ公式戦,ビジター,広島東洋カープ,阪神タイガース,中﨑 翔太,4,救援,,21,6,1,3,1,0,0,1,1,9.00
20260705_T-C_12,2026-07-05,日,セ・リーグ公式戦,ホーム,阪神タイガース,広島東洋カープ,村上 頌樹,1,先発,勝,102,24,6,18,4,0,0,1,1,1.50
20260705_T-C_12,2026-07-05,日,セ・リーグ公式戦,ホーム,阪神タイガース,広島東洋カープ,工藤 泰成,2,救援,,17,5,1,3,2,0,0,1,1,9.00
20260705_T-C_12,2026-07-05,日,セ・リーグ公式戦,ホーム,阪神タイガース,広島東洋カープ,岩崎 優,3,救援,H,25,5,1,3,1,0,0,1,1,9.00
20260705_T-C_12,2026-07-05,日,セ・リーグ公式戦,ホーム,阪神タイガース,広島東洋カープ,Ｒ．ドリス,4,救援,S,15,4,1,3,1,0,0,1,1,9.00
20260705_B-L_14,2026-07-05,日,パ・リーグ公式戦,ビジター,埼玉西武ライオンズ,オリックス・バファローズ,隅田 知一郎,1,先発,敗,90,23,6,18,4,0,0,3,3,4.50
20260705_B-L_14,2026-07-05,日,パ・リーグ公式戦,ビジター,埼玉西武ライオンズ,オリックス・バファローズ,森脇 亮介,2,救援,,12,3,1,3,0,0,0,0,0,0.00
20260705_B-L_14,2026-07-05,日,パ・リーグ公式戦,ビジター,埼玉西武ライオンズ,オリックス・バファローズ,豆田 泰志,3,救援,,7,3,1,3,1,0,0,0,0,0.00
20260705_H-M_11,2026-07-05,日,パ・リーグ公式戦,ビジター,千葉ロッテマリーンズ,福岡ソフトバンクホークス,小島 和哉,1,先発,敗,58,14,3,9,4,0,0,3,3,9.00
20260705_H-M_11,2026-07-05,日,パ・リーグ公式戦,ビジター,千葉ロッテマリーンズ,福岡ソフトバンクホークス,八木 彬,2,救援,,40,9,2,6,2,0,0,3,3,13.50
20260705_H-M_11,2026-07-05,日,パ・リーグ公式戦,ビジター,千葉ロッテマリーンズ,福岡ソフトバンクホークス,小野 郁,3,救援,,11,3,1,3,1,0,0,0,0,0.00
20260705_H-M_11,2026-07-05,日,パ・リーグ公式戦,ビジター,千葉ロッテマリーンズ,福岡ソフトバンクホークス,坂本 光士郎,4,救援,,17,3,1,3,1,0,0,0,0,0.00
20260705_H-M_11,2026-07-05,日,パ・リーグ公式戦,ビジター,千葉ロッテマリーンズ,福岡ソフトバンクホークス,益田 直也,5,救援,,14,4,1,3,1,0,0,1,1,9.00
20260705_D-G_14,2026-07-05,日,セ・リーグ公式戦,ホーム,中日ドラゴンズ,読売ジャイアンツ,金丸 夢斗,1,先発,敗,100,25,7,21,9,0,0,1,1,1.29
20260705_D-G_14,2026-07-05,日,セ・リーグ公式戦,ホーム,中日ドラゴンズ,読売ジャイアンツ,藤嶋 健人,2,救援,,16,4,1,3,0,0,0,0,0,0.00
20260705_D-G_14,2026-07-05,日,セ・リーグ公式戦,ホーム,中日ドラゴンズ,読売ジャイアンツ,吉田 聖弥,3,救援,,13,3,1,3,1,0,0,0,0,0.00
20260705_S-DB_13,2026-07-05,日,セ・リーグ公式戦,ホーム,東京ヤクルトスワローズ,横浜DeNAベイスターズ,吉村 貢司郎,1,先発,敗,111,28,6,18,5,0,0,5,5,7.50
20260705_S-DB_13,2026-07-05,日,セ・リーグ公式戦,ホーム,東京ヤクルトスワローズ,横浜DeNAベイスターズ,丸山 翔大,2,救援,,18,5,1,3,1,0,0,0,0,0.00
20260705_S-DB_13,2026-07-05,日,セ・リーグ公式戦,ホーム,東京ヤクルトスワローズ,横浜DeNAベイスターズ,Ｊ．リランソ,3,救援,,15,3,1,3,0,0,0,0,0,0.00
20260705_S-DB_13,2026-07-05,日,セ・リーグ公式戦,ホーム,東京ヤクルトスワローズ,横浜DeNAベイスターズ,清水 昇,4,救援,,16,5,1,3,0,0,0,1,1,9.00
20260705_E-F_14,2026-07-05,日,パ・リーグ公式戦,ホーム,東北楽天ゴールデンイーグルス,北海道日本ハムファイターズ,Ｒ．コントレラス,1,先発,敗,73,19,4,12,1,0,0,4,4,9.00
20260705_E-F_14,2026-07-05,日,パ・リーグ公式戦,ホーム,東北楽天ゴールデンイーグルス,北海道日本ハムファイターズ,内 星龍,2,救援,,20,8,2,6,1,0,0,1,1,4.50
20260705_E-F_14,2026-07-05,日,パ・リーグ公式戦,ホーム,東北楽天ゴールデンイーグルス,北海道日本ハムファイターズ,西垣 雅矢,3,救援,,19,5,1,3,2,0,0,1,1,9.00
20260705_E-F_14,2026-07-05,日,パ・リーグ公式戦,ホーム,東北楽天ゴールデンイーグルス,北海道日本ハムファイターズ,九谷 瑠,4,救援,,17,4,1,3,2,0,0,0,0,0.00
20260705_E-F_14,2026-07-05,日,パ・リーグ公式戦,ホーム,東北楽天ゴールデンイーグルス,北海道日本ハムファイターズ,日當 直喜,5,救援,,12,3,1,3,1,0,0,0,0,0.00
20260705_D-G_14,2026-07-05,日,セ・リーグ公式戦,ビジター,読売ジャイアンツ,中日ドラゴンズ,井上 温大,1,先発,勝,98,27,7,21,8,0,0,0,0,0.00
20260705_D-G_14,2026-07-05,日,セ・リーグ公式戦,ビジター,読売ジャイアンツ,中日ドラゴンズ,田中 瑛斗,2,救援,H,19,5,1,3,0,0,0,0,0,0.00
20260705_D-G_14,2026-07-05,日,セ・リーグ公式戦,ビジター,読売ジャイアンツ,中日ドラゴンズ,Ｒ．マルティネス,3,救援,S,6,3,1,3,0,0,0,0,0,0.00
20260705_H-M_11,2026-07-05,日,パ・リーグ公式戦,ホーム,福岡ソフトバンクホークス,千葉ロッテマリーンズ,松本 晴,1,先発,勝,92,19,5,15,5,0,0,2,2,3.60
20260705_H-M_11,2026-07-05,日,パ・リーグ公式戦,ホーム,福岡ソフトバンクホークス,千葉ロッテマリーンズ,津森 宥紀,2,救援,,21,3,1,3,1,0,0,0,0,0.00
20260705_H-M_11,2026-07-05,日,パ・リーグ公式戦,ホーム,福岡ソフトバンクホークス,千葉ロッテマリーンズ,Ｒ．オスナ,3,救援,,21,5,1,3,2,0,0,0,0,0.00
20260705_H-M_11,2026-07-05,日,パ・リーグ公式戦,ホーム,福岡ソフトバンクホークス,千葉ロッテマリーンズ,松本 裕樹,4,救援,,7,3,1,3,0,0,0,0,0,0.00
20260705_H-M_11,2026-07-05,日,パ・リーグ公式戦,ホーム,福岡ソフトバンクホークス,千葉ロッテマリーンズ,鈴木 豪太,5,救援,,9,3,1,3,0,0,0,0,0,0.00
20260705_E-F_14,2026-07-05,日,パ・リーグ公式戦,ビジター,北海道日本ハムファイターズ,東北楽天ゴールデンイーグルス,福島 蓮,1,先発,,45,13,2,6,3,1,0,3,3,13.50
20260705_E-F_14,2026-07-05,日,パ・リーグ公式戦,ビジター,北海道日本ハムファイターズ,東北楽天ゴールデンイーグルス,上原 健太,2,救援,勝,32,6,2,6,1,0,0,0,0,0.00
20260705_E-F_14,2026-07-05,日,パ・リーグ公式戦,ビジター,北海道日本ハムファイターズ,東北楽天ゴールデンイーグルス,達 孝太,3,救援,H,42,10,2,6,2,0,0,0,0,0.00
20260705_E-F_14,2026-07-05,日,パ・リーグ公式戦,ビジター,北海道日本ハムファイターズ,東北楽天ゴールデンイーグルス,島本 浩也,4,救援,H,15,3,1,3,1,0,0,0,0,0.00
20260705_E-F_14,2026-07-05,日,パ・リーグ公式戦,ビジター,北海道日本ハムファイターズ,東北楽天ゴールデンイーグルス,柳川 大晟,5,救援,H,14,3,1,3,2,0,0,0,0,0.00
20260705_E-F_14,2026-07-05,日,パ・リーグ公式戦,ビジター,北海道日本ハムファイターズ,東北楽天ゴールデンイーグルス,田中 正義,6,救援,S,24,4,1,3,0,0,0,0,0,0.00
20260704_S-DB_12,2026-07-04,土,セ・リーグ公式戦,ビジター,横浜DeNAベイスターズ,東京ヤクルトスワローズ,篠木 健太郎,1,先発,勝,130,33,9,27,6,0,0,1,1,1.00
20260704_H-M_10,2026-07-04,土,パ・リーグ公式戦,ビジター,千葉ロッテマリーンズ,福岡ソフトバンクホークス,Ｓ．ロング,1,先発,勝,104,31,7,21,6,0,0,0,0,0.00
20260704_H-M_10,2026-07-04,土,パ・リーグ公式戦,ビジター,千葉ロッテマリーンズ,福岡ソフトバンクホークス,坂本 光士郎,2,救援,,13,4,1,3,2,0,0,0,0,0.00
20260704_H-M_10,2026-07-04,土,パ・リーグ公式戦,ビジター,千葉ロッテマリーンズ,福岡ソフトバンクホークス,高野 脩汰,3,救援,,15,4,1,3,2,0,0,1,1,9.00
20260704_D-G_13,2026-07-04,土,セ・リーグ公式戦,ホーム,中日ドラゴンズ,読売ジャイアンツ,涌井 秀章,1,先発,,84,24,7,21,4,0,0,1,1,1.29
20260704_D-G_13,2026-07-04,土,セ・リーグ公式戦,ホーム,中日ドラゴンズ,読売ジャイアンツ,橋本 侑樹,2,救援,勝,11,4,1,3,0,0,0,0,0,0.00
20260704_D-G_13,2026-07-04,土,セ・リーグ公式戦,ホーム,中日ドラゴンズ,読売ジャイアンツ,松山 晋也,3,救援,S,14,3,1,3,1,0,0,0,0,0.00
20260704_S-DB_12,2026-07-04,土,セ・リーグ公式戦,ホーム,東京ヤクルトスワローズ,横浜DeNAベイスターズ,松本 健吾,1,先発,敗,98,24,5,15,3,0,0,5,5,9.00
20260704_S-DB_12,2026-07-04,土,セ・リーグ公式戦,ホーム,東京ヤクルトスワローズ,横浜DeNAベイスターズ,阪口 皓亮,2,救援,,34,9,2,6,3,0,0,3,3,13.50
20260704_S-DB_12,2026-07-04,土,セ・リーグ公式戦,ホーム,東京ヤクルトスワローズ,横浜DeNAベイスターズ,小澤 怜史,3,救援,,42,11,2,6,3,0,0,4,4,18.00
20260704_E-F_13,2026-07-04,土,パ・リーグ公式戦,ホーム,東北楽天ゴールデンイーグルス,北海道日本ハムファイターズ,前田 健太,1,先発,勝,105,29,8.2,26,5,0,0,1,1,1.04
20260704_E-F_13,2026-07-04,土,パ・リーグ公式戦,ホーム,東北楽天ゴールデンイーグルス,北海道日本ハムファイターズ,藤平 尚真,2,救援,S,6,1,0.1,1,0,0,0,0,0,0.00
20260704_D-G_13,2026-07-04,土,セ・リーグ公式戦,ビジター,読売ジャイアンツ,中日ドラゴンズ,竹丸 和幸,1,先発,,104,26,6,18,9,0,0,1,0,0.00
20260704_D-G_13,2026-07-04,土,セ・リーグ公式戦,ビジター,読売ジャイアンツ,中日ドラゴンズ,大勢,2,救援,H,14,3,1,3,1,0,0,0,0,0.00
20260704_D-G_13,2026-07-04,土,セ・リーグ公式戦,ビジター,読売ジャイアンツ,中日ドラゴンズ,田中 瑛斗,3,救援,敗,19,5,1,3,1,0,0,1,1,9.00
20260704_H-M_10,2026-07-04,土,パ・リーグ公式戦,ホーム,福岡ソフトバンクホークス,千葉ロッテマリーンズ,北斗,1,先発,敗,65,15,2,6,1,0,0,8,8,36.00
20260704_H-M_10,2026-07-04,土,パ・リーグ公式戦,ホーム,福岡ソフトバンクホークス,千葉ロッテマリーンズ,上茶谷 大河,2,救援,,67,14,3.1,10,3,0,0,0,0,0.00
20260704_H-M_10,2026-07-04,土,パ・リーグ公式戦,ホーム,福岡ソフトバンクホークス,千葉ロッテマリーンズ,岩井 俊介,3,救援,,10,2,0.2,2,1,0,0,0,0,0.00
20260704_H-M_10,2026-07-04,土,パ・リーグ公式戦,ホーム,福岡ソフトバンクホークス,千葉ロッテマリーンズ,中村 稔弥,4,救援,,30,7,2,6,2,0,0,0,0,0.00
20260704_H-M_10,2026-07-04,土,パ・リーグ公式戦,ホーム,福岡ソフトバンクホークス,千葉ロッテマリーンズ,大竹 風雅,5,救援,,15,4,1,3,2,0,0,0,0,0.00
20260704_E-F_13,2026-07-04,土,パ・リーグ公式戦,ビジター,北海道日本ハムファイターズ,東北楽天ゴールデンイーグルス,細野 晴希,1,先発,敗,99,28,6.1,19,8,0,0,3,3,4.26
20260704_E-F_13,2026-07-04,土,パ・リーグ公式戦,ビジター,北海道日本ハムファイターズ,東北楽天ゴールデンイーグルス,齋藤 友貴哉,2,救援,,2,1,0.2,2,0,0,0,0,0,0.00
20260704_E-F_13,2026-07-04,土,パ・リーグ公式戦,ビジター,北海道日本ハムファイターズ,東北楽天ゴールデンイーグルス,堀 瑞輝,3,救援,,27,6,1,3,2,0,0,1,1,9.00
20260703_B-L_13,2026-07-03,金,パ・リーグ公式戦,ホーム,オリックス・バファローズ,埼玉西武ライオンズ,髙島 泰都,1,先発,,79,22,4.2,14,2,0,0,3,3,5.79
20260703_B-L_13,2026-07-03,金,パ・リーグ公式戦,ホーム,オリックス・バファローズ,埼玉西武ライオンズ,才木 海翔,2,救援,H,2,1,0.1,1,0,0,0,0,0,0.00
20260703_B-L_13,2026-07-03,金,パ・リーグ公式戦,ホーム,オリックス・バファローズ,埼玉西武ライオンズ,岩嵜 翔,3,救援,H,15,4,1,3,1,0,0,0,0,0.00
20260703_B-L_13,2026-07-03,金,パ・リーグ公式戦,ホーム,オリックス・バファローズ,埼玉西武ライオンズ,山﨑 颯一郎,4,救援,H,19,4,1,3,1,0,0,0,0,0.00
20260703_B-L_13,2026-07-03,金,パ・リーグ公式戦,ホーム,オリックス・バファローズ,埼玉西武ライオンズ,椋木 蓮,5,救援,,23,5,1,3,0,0,0,1,1,9.00
20260703_B-L_13,2026-07-03,金,パ・リーグ公式戦,ホーム,オリックス・バファローズ,埼玉西武ライオンズ,Ａ．マチャド,6,救援,H,28,7,2,6,0,0,0,0,0,0.00
20260703_B-L_13,2026-07-03,金,パ・リーグ公式戦,ホーム,オリックス・バファローズ,埼玉西武ライオンズ,川瀬 堅斗,7,救援,H,20,4,0.1,1,0,0,0,0,0,0.00
20260703_B-L_13,2026-07-03,金,パ・リーグ公式戦,ホーム,オリックス・バファローズ,埼玉西武ライオンズ,博志,8,救援,,18,4,1.2,5,0,0,0,0,0,0.00
20260703_S-DB_11,2026-07-03,金,セ・リーグ公式戦,ビジター,横浜DeNAベイスターズ,東京ヤクルトスワローズ,尾形 崇斗,1,先発,,111,23,6,18,5,0,0,1,1,1.50
20260703_S-DB_11,2026-07-03,金,セ・リーグ公式戦,ビジター,横浜DeNAベイスターズ,東京ヤクルトスワローズ,Ｊ．ルイーズ,2,救援,H,19,4,1,3,0,0,0,0,0,0.00
20260703_S-DB_11,2026-07-03,金,セ・リーグ公式戦,ビジター,横浜DeNAベイスターズ,東京ヤクルトスワローズ,中川 虎大,3,救援,,24,5,1,3,2,0,0,1,1,9.00
20260703_S-DB_11,2026-07-03,金,セ・リーグ公式戦,ビジター,横浜DeNAベイスターズ,東京ヤクルトスワローズ,伊勢 大夢,4,救援,勝,12,3,1,3,2,0,0,0,0,0.00
20260703_S-DB_11,2026-07-03,金,セ・リーグ公式戦,ビジター,横浜DeNAベイスターズ,東京ヤクルトスワローズ,Ｓ．レイノルズ,5,救援,,15,3,1,3,2,0,0,0,0,0.00
20260703_T-C_11,2026-07-03,金,セ・リーグ公式戦,ビジター,広島東洋カープ,阪神タイガース,森 翔平,1,先発,勝,93,24,7,21,7,0,0,1,1,1.29
20260703_T-C_11,2026-07-03,金,セ・リーグ公式戦,ビジター,広島東洋カープ,阪神タイガース,遠藤 淳志,2,救援,,13,3,1,3,1,0,0,0,0,0.00
20260703_T-C_11,2026-07-03,金,セ・リーグ公式戦,ビジター,広島東洋カープ,阪神タイガース,森浦 大輔,3,救援,,17,4,1,3,2,0,0,0,0,0.00
20260703_T-C_11,2026-07-03,金,セ・リーグ公式戦,ホーム,阪神タイガース,広島東洋カープ,大竹 耕太郎,1,先発,敗,64,16,3,9,2,0,0,5,5,15.00
20260703_T-C_11,2026-07-03,金,セ・リーグ公式戦,ホーム,阪神タイガース,広島東洋カープ,今朝丸 裕喜,2,救援,,41,12,3,9,2,0,0,0,0,0.00
20260703_T-C_11,2026-07-03,金,セ・リーグ公式戦,ホーム,阪神タイガース,広島東洋カープ,石黒 佑弥,3,救援,,15,4,1,3,0,0,0,0,0,0.00
20260703_T-C_11,2026-07-03,金,セ・リーグ公式戦,ホーム,阪神タイガース,広島東洋カープ,及川 雅貴,4,救援,,15,3,1,3,0,0,0,0,0,0.00
20260703_T-C_11,2026-07-03,金,セ・リーグ公式戦,ホーム,阪神タイガース,広島東洋カープ,津田 淳哉,5,救援,,16,3,1,3,0,0,0,0,0,0.00
20260703_B-L_13,2026-07-03,金,パ・リーグ公式戦,ビジター,埼玉西武ライオンズ,オリックス・バファローズ,髙橋 光成,1,先発,,90,18,3,9,5,0,0,4,4,12.00
20260703_B-L_13,2026-07-03,金,パ・リーグ公式戦,ビジター,埼玉西武ライオンズ,オリックス・バファローズ,中村 祐太,2,救援,,24,6,2,6,2,0,0,0,0,0.00
20260703_B-L_13,2026-07-03,金,パ・リーグ公式戦,ビジター,埼玉西武ライオンズ,オリックス・バファローズ,森脇 亮介,3,救援,,23,6,1,3,1,0,0,0,0,0.00
20260703_B-L_13,2026-07-03,金,パ・リーグ公式戦,ビジター,埼玉西武ライオンズ,オリックス・バファローズ,篠原 響,4,救援,,20,4,1,3,2,0,0,0,0,0.00
20260703_B-L_13,2026-07-03,金,パ・リーグ公式戦,ビジター,埼玉西武ライオンズ,オリックス・バファローズ,Ｔ．ウィンゲンター,5,救援,H,13,5,1,3,1,0,0,0,0,0.00
20260703_B-L_13,2026-07-03,金,パ・リーグ公式戦,ビジター,埼玉西武ライオンズ,オリックス・バファローズ,甲斐野 央,6,救援,H,18,5,1,3,1,0,0,0,0,0.00
20260703_B-L_13,2026-07-03,金,パ・リーグ公式戦,ビジター,埼玉西武ライオンズ,オリックス・バファローズ,黒田 将矢,7,救援,H,20,5,1,3,1,0,0,0,0,0.00
20260703_B-L_13,2026-07-03,金,パ・リーグ公式戦,ビジター,埼玉西武ライオンズ,オリックス・バファローズ,豆田 泰志,8,救援,,27,7,2,6,1,0,0,0,0,0.00
20260703_H-M_09,2026-07-03,金,パ・リーグ公式戦,ビジター,千葉ロッテマリーンズ,福岡ソフトバンクホークス,廣池 康志郎,1,先発,敗,112,29,7,21,6,0,0,3,2,2.57
20260703_H-M_09,2026-07-03,金,パ・リーグ公式戦,ビジター,千葉ロッテマリーンズ,福岡ソフトバンクホークス,Ｊ．カスティーヨ,2,救援,,13,3,1,3,0,0,0,0,0,0.00
20260703_D-G_12,2026-07-03,金,セ・リーグ公式戦,ホーム,中日ドラゴンズ,読売ジャイアンツ,大野 雄大,1,先発,勝,102,28,8,24,7,0,0,0,0,0.00
20260703_D-G_12,2026-07-03,金,セ・リーグ公式戦,ホーム,中日ドラゴンズ,読売ジャイアンツ,松山 晋也,2,救援,S,17,5,1,3,2,0,0,0,0,0.00
20260703_S-DB_11,2026-07-03,金,セ・リーグ公式戦,ホーム,東京ヤクルトスワローズ,横浜DeNAベイスターズ,高橋 奎二,1,先発,,111,26,6.2,20,4,0,0,2,2,2.70
20260703_S-DB_11,2026-07-03,金,セ・リーグ公式戦,ホーム,東京ヤクルトスワローズ,横浜DeNAベイスターズ,清水 昇,2,救援,,2,1,0.1,1,0,0,0,0,0,0.00
20260703_S-DB_11,2026-07-03,金,セ・リーグ公式戦,ホーム,東京ヤクルトスワローズ,横浜DeNAベイスターズ,廣澤 優,3,救援,,9,3,1,3,1,0,0,0,0,0.00
20260703_S-DB_11,2026-07-03,金,セ・リーグ公式戦,ホーム,東京ヤクルトスワローズ,横浜DeNAベイスターズ,Ｊ．リランソ,4,救援,H,18,3,1,3,0,0,0,0,0,0.00
20260703_S-DB_11,2026-07-03,金,セ・リーグ公式戦,ホーム,東京ヤクルトスワローズ,横浜DeNAベイスターズ,星 知弥,5,救援,敗,16,6,0.2,2,0,1,0,4,3,40.50
20260703_S-DB_11,2026-07-03,金,セ・リーグ公式戦,ホーム,東京ヤクルトスワローズ,横浜DeNAベイスターズ,大西 広樹,6,救援,,10,3,0.1,1,0,0,0,1,0,0.00
20260703_E-F_12,2026-07-03,金,パ・リーグ公式戦,ホーム,東北楽天ゴールデンイーグルス,北海道日本ハムファイターズ,早川 隆久,1,先発,勝,117,29,8,24,12,0,0,0,0,0.00
20260703_E-F_12,2026-07-03,金,パ・リーグ公式戦,ホーム,東北楽天ゴールデンイーグルス,北海道日本ハムファイターズ,加治屋 蓮,2,救援,,15,4,1,3,1,0,0,0,0,0.00
20260703_D-G_12,2026-07-03,金,セ・リーグ公式戦,ビジター,読売ジャイアンツ,中日ドラゴンズ,Ｆ．ウィットリー,1,先発,敗,100,24,6,18,9,1,0,1,1,1.50
20260703_D-G_12,2026-07-03,金,セ・リーグ公式戦,ビジター,読売ジャイアンツ,中日ドラゴンズ,大勢,2,救援,,10,3,1,3,2,0,0,0,0,0.00
20260703_D-G_12,2026-07-03,金,セ・リーグ公式戦,ビジター,読売ジャイアンツ,中日ドラゴンズ,高梨 雄平,3,救援,,7,3,0.2,2,0,0,0,0,0,0.00
20260703_D-G_12,2026-07-03,金,セ・リーグ公式戦,ビジター,読売ジャイアンツ,中日ドラゴンズ,田和 廉,4,救援,,1,1,0.1,1,0,0,0,0,0,0.00
20260703_H-M_09,2026-07-03,金,パ・リーグ公式戦,ホーム,福岡ソフトバンクホークス,千葉ロッテマリーンズ,Ｃ．スチュワート・ジュニア,1,先発,勝,95,23,5.2,17,2,1,0,2,1,1.59
20260703_H-M_09,2026-07-03,金,パ・リーグ公式戦,ホーム,福岡ソフトバンクホークス,千葉ロッテマリーンズ,津森 宥紀,2,救援,H,3,1,0.1,1,1,0,0,0,0,0.00
20260703_H-M_09,2026-07-03,金,パ・リーグ公式戦,ホーム,福岡ソフトバンクホークス,千葉ロッテマリーンズ,Ｒ．オスナ,3,救援,H,8,3,1,3,2,0,0,0,0,0.00
20260703_H-M_09,2026-07-03,金,パ・リーグ公式戦,ホーム,福岡ソフトバンクホークス,千葉ロッテマリーンズ,松本 裕樹,4,救援,H,17,4,1,3,3,1,0,0,0,0.00
20260703_H-M_09,2026-07-03,金,パ・リーグ公式戦,ホーム,福岡ソフトバンクホークス,千葉ロッテマリーンズ,杉山 一樹,5,救援,S,7,3,1,3,0,0,0,0,0,0.00
20260703_E-F_12,2026-07-03,金,パ・リーグ公式戦,ビジター,北海道日本ハムファイターズ,東北楽天ゴールデンイーグルス,伊藤 大海,1,先発,敗,80,31,7+,21,6,0,0,6,6,7.71
20260703_E-F_12,2026-07-03,金,パ・リーグ公式戦,ビジター,北海道日本ハムファイターズ,東北楽天ゴールデンイーグルス,畔柳 亨丞,2,救援,,29,6,1,3,1,1,0,2,2,18.00
20260702_F-B_15,2026-07-02,木,パ・リーグ公式戦,ビジター,オリックス・バファローズ,北海道日本ハムファイターズ,佐藤 一磨,1,先発,敗,16,4,0+,0,0,0,0,4,4,
20260702_F-B_15,2026-07-02,木,パ・リーグ公式戦,ビジター,オリックス・バファローズ,北海道日本ハムファイターズ,権田 琉成,2,救援,,47,12,3,9,3,1,0,1,1,3.00
20260702_F-B_15,2026-07-02,木,パ・リーグ公式戦,ビジター,オリックス・バファローズ,北海道日本ハムファイターズ,片山 楽生,3,救援,,50,16,3,9,0,0,0,4,4,12.00
20260702_F-B_15,2026-07-02,木,パ・リーグ公式戦,ビジター,オリックス・バファローズ,北海道日本ハムファイターズ,宮國 凌空,4,救援,,19,6,2,6,1,0,0,0,0,0.00
20260702_DB-C_13,2026-07-02,木,セ・リーグ公式戦,ホーム,横浜DeNAベイスターズ,広島東洋カープ,平良 拳太郎,1,先発,,87,22,5,15,4,0,0,1,1,1.80
20260702_DB-C_13,2026-07-02,木,セ・リーグ公式戦,ホーム,横浜DeNAベイスターズ,広島東洋カープ,Ｊ．ルイーズ,2,救援,H,17,4,1,3,1,1,0,0,0,0.00
20260702_DB-C_13,2026-07-02,木,セ・リーグ公式戦,ホーム,横浜DeNAベイスターズ,広島東洋カープ,中川 虎大,3,救援,H,10,3,1,3,1,0,0,0,0,0.00
20260702_DB-C_13,2026-07-02,木,セ・リーグ公式戦,ホーム,横浜DeNAベイスターズ,広島東洋カープ,Ｓ．レイノルズ,4,救援,H,14,4,1,3,1,0,0,0,0,0.00
20260702_DB-C_13,2026-07-02,木,セ・リーグ公式戦,ホーム,横浜DeNAベイスターズ,広島東洋カープ,山﨑 康晃,5,救援,,9,2,0+,0,0,0,0,2,2,
20260702_DB-C_13,2026-07-02,木,セ・リーグ公式戦,ホーム,横浜DeNAベイスターズ,広島東洋カープ,宮城 滝太,6,救援,,17,5,1,3,0,1,0,0,0,0.00
20260702_DB-C_13,2026-07-02,木,セ・リーグ公式戦,ホーム,横浜DeNAベイスターズ,広島東洋カープ,Ｈ．マルセリーノ,7,救援,H,26,5,1,3,0,0,0,0,0,0.00
20260702_DB-C_13,2026-07-02,木,セ・リーグ公式戦,ホーム,横浜DeNAベイスターズ,広島東洋カープ,伊勢 大夢,8,救援,H,15,3,1,3,2,0,0,0,0,0.00
20260702_DB-C_13,2026-07-02,木,セ・リーグ公式戦,ホーム,横浜DeNAベイスターズ,広島東洋カープ,岩田 将貴,9,救援,,23,5,1,3,1,0,0,0,0,0.00
20260702_DB-C_13,2026-07-02,木,セ・リーグ公式戦,ビジター,広島東洋カープ,横浜DeNAベイスターズ,森下 暢仁,1,先発,,93,28,6,18,4,0,0,3,3,4.50
20260702_DB-C_13,2026-07-02,木,セ・リーグ公式戦,ビジター,広島東洋カープ,横浜DeNAベイスターズ,辻 大雅,2,救援,,28,5,1,3,0,0,0,0,0,0.00
20260702_DB-C_13,2026-07-02,木,セ・リーグ公式戦,ビジター,広島東洋カープ,横浜DeNAベイスターズ,島内 颯太郎,3,救援,,21,4,1,3,1,0,0,0,0,0.00
20260702_DB-C_13,2026-07-02,木,セ・リーグ公式戦,ビジター,広島東洋カープ,横浜DeNAベイスターズ,森浦 大輔,4,救援,H,24,5,1,3,1,2,0,0,0,0.00
20260702_DB-C_13,2026-07-02,木,セ・リーグ公式戦,ビジター,広島東洋カープ,横浜DeNAベイスターズ,Ｔ．ハーン,5,救援,H,13,5,1,3,2,0,0,0,0,0.00
20260702_DB-C_13,2026-07-02,木,セ・リーグ公式戦,ビジター,広島東洋カープ,横浜DeNAベイスターズ,遠藤 淳志,6,救援,H,20,4,1,3,0,0,0,0,0,0.00
20260702_DB-C_13,2026-07-02,木,セ・リーグ公式戦,ビジター,広島東洋カープ,横浜DeNAベイスターズ,髙 太一,7,救援,,19,4,1,3,1,0,0,0,0,0.00
20260702_T-D_13,2026-07-02,木,セ・リーグ公式戦,ホーム,阪神タイガース,中日ドラゴンズ,下村 海翔,1,先発,,94,22,5,15,2,0,0,2,2,3.60
20260702_T-D_13,2026-07-02,木,セ・リーグ公式戦,ホーム,阪神タイガース,中日ドラゴンズ,木下 里都,2,救援,H,34,7,2,6,3,0,0,0,0,0.00
20260702_T-D_13,2026-07-02,木,セ・リーグ公式戦,ホーム,阪神タイガース,中日ドラゴンズ,Ｒ．ドリス,3,救援,H,28,6,1,3,2,0,0,0,0,0.00
20260702_T-D_13,2026-07-02,木,セ・リーグ公式戦,ホーム,阪神タイガース,中日ドラゴンズ,岩崎 優,4,救援,H,18,4,1,3,2,0,0,0,0,0.00
20260702_T-D_13,2026-07-02,木,セ・リーグ公式戦,ホーム,阪神タイガース,中日ドラゴンズ,工藤 泰成,5,救援,H,19,4,1,3,2,0,0,0,0,0.00
20260702_T-D_13,2026-07-02,木,セ・リーグ公式戦,ホーム,阪神タイガース,中日ドラゴンズ,及川 雅貴,6,救援,敗,22,6,1,3,0,0,0,1,1,9.00
20260702_H-L_14,2026-07-02,木,パ・リーグ公式戦,ビジター,埼玉西武ライオンズ,福岡ソフトバンクホークス,武内 夏暉,1,先発,敗,96,25,6,18,7,0,0,3,3,4.50
20260702_H-L_14,2026-07-02,木,パ・リーグ公式戦,ビジター,埼玉西武ライオンズ,福岡ソフトバンクホークス,豆田 泰志,2,救援,,12,4,1,3,0,0,0,0,0,0.00
20260702_H-L_14,2026-07-02,木,パ・リーグ公式戦,ビジター,埼玉西武ライオンズ,福岡ソフトバンクホークス,黒田 将矢,3,救援,,9,3,1,3,0,0,0,0,0,0.00
20260702_T-D_13,2026-07-02,木,セ・リーグ公式戦,ビジター,中日ドラゴンズ,阪神タイガース,柳 裕也,1,先発,,109,28,7,21,4,1,0,2,2,2.57
20260702_T-D_13,2026-07-02,木,セ・リーグ公式戦,ビジター,中日ドラゴンズ,阪神タイガース,橋本 侑樹,2,救援,H,16,5,1,3,0,0,0,0,0,0.00
20260702_T-D_13,2026-07-02,木,セ・リーグ公式戦,ビジター,中日ドラゴンズ,阪神タイガース,吉田 聖弥,3,救援,H,13,3,1,3,2,0,0,0,0,0.00
20260702_T-D_13,2026-07-02,木,セ・リーグ公式戦,ビジター,中日ドラゴンズ,阪神タイガース,齋藤 綱記,4,救援,H,14,4,0.2,2,1,0,0,0,0,0.00
20260702_T-D_13,2026-07-02,木,セ・リーグ公式戦,ビジター,中日ドラゴンズ,阪神タイガース,藤嶋 健人,5,救援,勝,4,1,0.1,1,0,0,0,0,0,0.00
20260702_T-D_13,2026-07-02,木,セ・リーグ公式戦,ビジター,中日ドラゴンズ,阪神タイガース,松山 晋也,6,救援,S,18,4,1,3,2,0,0,0,0,0.00
20260702_H-L_14,2026-07-02,木,パ・リーグ公式戦,ホーム,福岡ソフトバンクホークス,埼玉西武ライオンズ,大津 亮介,1,先発,勝,92,26,7,21,4,0,0,1,1,1.29
20260702_H-L_14,2026-07-02,木,パ・リーグ公式戦,ホーム,福岡ソフトバンクホークス,埼玉西武ライオンズ,松本 裕樹,2,救援,H,18,4,1,3,0,0,0,0,0,0.00
20260702_H-L_14,2026-07-02,木,パ・リーグ公式戦,ホーム,福岡ソフトバンクホークス,埼玉西武ライオンズ,杉山 一樹,3,救援,S,15,4,1,3,2,0,0,0,0,0.00
20260702_F-B_15,2026-07-02,木,パ・リーグ公式戦,ホーム,北海道日本ハムファイターズ,オリックス・バファローズ,有原 航平,1,先発,勝,101,23,6,18,3,0,0,1,1,1.50
20260702_F-B_15,2026-07-02,木,パ・リーグ公式戦,ホーム,北海道日本ハムファイターズ,オリックス・バファローズ,金村 尚真,2,救援,,10,3,1,3,2,0,0,0,0,0.00
20260702_F-B_15,2026-07-02,木,パ・リーグ公式戦,ホーム,北海道日本ハムファイターズ,オリックス・バファローズ,齋藤 友貴哉,3,救援,,18,5,1,3,2,0,0,0,0,0.00
20260702_F-B_15,2026-07-02,木,パ・リーグ公式戦,ホーム,北海道日本ハムファイターズ,オリックス・バファローズ,上原 健太,4,救援,,13,3,1,3,2,0,0,0,0,0.00
20260701_F-B_14,2026-07-01,水,パ・リーグ公式戦,ビジター,オリックス・バファローズ,北海道日本ハムファイターズ,田嶋 大樹,1,先発,敗,104,29,7,21,6,0,0,4,4,5.14
20260701_F-B_14,2026-07-01,水,パ・リーグ公式戦,ビジター,オリックス・バファローズ,北海道日本ハムファイターズ,宮國 凌空,2,救援,,11,5,1,3,0,0,0,2,2,18.00
20260701_H-L_13,2026-07-01,水,パ・リーグ公式戦,ビジター,埼玉西武ライオンズ,福岡ソフトバンクホークス,Ａ．ワイナンス,1,先発,敗,98,24,4,12,4,0,0,7,6,13.50
20260701_H-L_13,2026-07-01,水,パ・リーグ公式戦,ビジター,埼玉西武ライオンズ,福岡ソフトバンクホークス,上田 大河,2,救援,,55,12,3,9,5,0,0,2,2,6.00
20260701_H-L_13,2026-07-01,水,パ・リーグ公式戦,ビジター,埼玉西武ライオンズ,福岡ソフトバンクホークス,成田 晴風,3,救援,,32,7,1,3,0,0,0,2,2,18.00
20260701_E-M_12,2026-07-01,水,パ・リーグ公式戦,ビジター,千葉ロッテマリーンズ,東北楽天ゴールデンイーグルス,河村 説人,1,先発,勝,113,28,7,21,3,0,0,0,0,0.00
20260701_E-M_12,2026-07-01,水,パ・リーグ公式戦,ビジター,千葉ロッテマリーンズ,東北楽天ゴールデンイーグルス,八木 彬,2,救援,,19,5,1,3,1,0,0,0,0,0.00
20260701_E-M_12,2026-07-01,水,パ・リーグ公式戦,ビジター,千葉ロッテマリーンズ,東北楽天ゴールデンイーグルス,益田 直也,3,救援,,8,3,1,3,1,0,0,0,0,0.00
20260701_G-S_13,2026-07-01,水,セ・リーグ公式戦,ビジター,東京ヤクルトスワローズ,読売ジャイアンツ,奥川 恭伸,1,先発,敗,108,30,7,21,7,0,0,2,2,2.57
20260701_G-S_13,2026-07-01,水,セ・リーグ公式戦,ビジター,東京ヤクルトスワローズ,読売ジャイアンツ,廣澤 優,2,救援,,7,4,1,3,0,0,0,0,0,0.00
20260701_E-M_12,2026-07-01,水,パ・リーグ公式戦,ホーム,東北楽天ゴールデンイーグルス,千葉ロッテマリーンズ,瀧中 瞭太,1,先発,敗,97,26,5.1,16,1,0,0,5,4,6.75
20260701_E-M_12,2026-07-01,水,パ・リーグ公式戦,ホーム,東北楽天ゴールデンイーグルス,千葉ロッテマリーンズ,藤原 聡大,2,救援,,26,6,1.2,5,0,0,0,0,0,0.00
20260701_E-M_12,2026-07-01,水,パ・リーグ公式戦,ホーム,東北楽天ゴールデンイーグルス,千葉ロッテマリーンズ,中込 陽翔,3,救援,,12,3,1,3,0,0,0,0,0,0.00
20260701_E-M_12,2026-07-01,水,パ・リーグ公式戦,ホーム,東北楽天ゴールデンイーグルス,千葉ロッテマリーンズ,日當 直喜,4,救援,,16,4,1,3,2,0,0,0,0,0.00
20260701_G-S_13,2026-07-01,水,セ・リーグ公式戦,ホーム,読売ジャイアンツ,東京ヤクルトスワローズ,西舘 勇陽,1,先発,,23,6,1+,3,0,0,0,0,0,0.00
20260701_G-S_13,2026-07-01,水,セ・リーグ公式戦,ホーム,読売ジャイアンツ,東京ヤクルトスワローズ,田和 廉,2,救援,H,14,3,1,3,0,0,0,0,0,0.00
20260701_G-S_13,2026-07-01,水,セ・リーグ公式戦,ホーム,読売ジャイアンツ,東京ヤクルトスワローズ,赤星 優志,3,救援,,55,16,4,12,5,0,0,1,1,2.25
20260701_G-S_13,2026-07-01,水,セ・リーグ公式戦,ホーム,読売ジャイアンツ,東京ヤクルトスワローズ,船迫 大雅,4,救援,勝,18,3,1,3,1,0,0,0,0,0.00
20260701_G-S_13,2026-07-01,水,セ・リーグ公式戦,ホーム,読売ジャイアンツ,東京ヤクルトスワローズ,田中 瑛斗,5,救援,H,18,5,1,3,0,0,0,0,0,0.00
20260701_G-S_13,2026-07-01,水,セ・リーグ公式戦,ホーム,読売ジャイアンツ,東京ヤクルトスワローズ,Ｒ．マルティネス,6,救援,S,21,4,1,3,2,0,0,0,0,0.00
20260701_H-L_13,2026-07-01,水,パ・リーグ公式戦,ホーム,福岡ソフトバンクホークス,埼玉西武ライオンズ,前田 悠伍,1,先発,勝,98,27,7,21,5,1,0,0,0,0.00
20260701_H-L_13,2026-07-01,水,パ・リーグ公式戦,ホーム,福岡ソフトバンクホークス,埼玉西武ライオンズ,中村 稔弥,2,救援,,11,3,1,3,1,0,0,0,0,0.00
20260701_H-L_13,2026-07-01,水,パ・リーグ公式戦,ホーム,福岡ソフトバンクホークス,埼玉西武ライオンズ,大竹 風雅,3,救援,,19,4,1,3,1,0,0,0,0,0.00
20260701_F-B_14,2026-07-01,水,パ・リーグ公式戦,ホーム,北海道日本ハムファイターズ,オリックス・バファローズ,加藤 貴之,1,先発,勝,108,29,9,27,3,0,0,0,0,0.00
20260630_F-B_13,2026-06-30,火,パ・リーグ公式戦,ビジター,オリックス・バファローズ,北海道日本ハムファイターズ,Ｓ．ジェリー,1,先発,敗,48,16,2.1,7,2,0,0,5,5,19.29
20260630_F-B_13,2026-06-30,火,パ・リーグ公式戦,ビジター,オリックス・バファローズ,北海道日本ハムファイターズ,博志,2,救援,,50,12,3.2,11,4,0,0,0,0,0.00
20260630_F-B_13,2026-06-30,火,パ・リーグ公式戦,ビジター,オリックス・バファローズ,北海道日本ハムファイターズ,吉田 輝星,3,救援,,38,7,1,3,2,0,0,2,2,18.00
20260630_F-B_13,2026-06-30,火,パ・リーグ公式戦,ビジター,オリックス・バファローズ,北海道日本ハムファイターズ,才木 海翔,4,救援,,21,5,1,3,1,0,0,2,2,18.00
20260630_DB-C_12,2026-06-30,火,セ・リーグ公式戦,ホーム,横浜DeNAベイスターズ,広島東洋カープ,東 克樹,1,先発,,83,22,6,18,5,0,0,2,2,3.00
20260630_DB-C_12,2026-06-30,火,セ・リーグ公式戦,ホーム,横浜DeNAベイスターズ,広島東洋カープ,中川 虎大,2,救援,H,5,3,1,3,0,0,0,0,0,0.00
20260630_DB-C_12,2026-06-30,火,セ・リーグ公式戦,ホーム,横浜DeNAベイスターズ,広島東洋カープ,Ｓ．レイノルズ,3,救援,H,16,4,1,3,2,0,0,0,0,0.00
20260630_DB-C_12,2026-06-30,火,セ・リーグ公式戦,ホーム,横浜DeNAベイスターズ,広島東洋カープ,山﨑 康晃,4,救援,敗,18,5,0.1,1,1,0,0,4,4,108.00
20260630_DB-C_12,2026-06-30,火,セ・リーグ公式戦,ホーム,横浜DeNAベイスターズ,広島東洋カープ,伊勢 大夢,5,救援,,14,5,0.2,2,1,0,0,1,1,13.50
20260630_DB-C_12,2026-06-30,火,セ・リーグ公式戦,ビジター,広島東洋カープ,横浜DeNAベイスターズ,玉村 昇悟,1,先発,,62,18,4,12,4,0,0,3,3,6.75
20260630_DB-C_12,2026-06-30,火,セ・リーグ公式戦,ビジター,広島東洋カープ,横浜DeNAベイスターズ,辻 大雅,2,救援,,16,5,1,3,2,0,0,0,0,0.00
20260630_DB-C_12,2026-06-30,火,セ・リーグ公式戦,ビジター,広島東洋カープ,横浜DeNAベイスターズ,遠藤 淳志,3,救援,,24,5,1,3,2,0,0,0,0,0.00
20260630_DB-C_12,2026-06-30,火,セ・リーグ公式戦,ビジター,広島東洋カープ,横浜DeNAベイスターズ,Ｔ．ハーン,4,救援,,16,3,1,3,0,0,0,0,0,0.00
20260630_DB-C_12,2026-06-30,火,セ・リーグ公式戦,ビジター,広島東洋カープ,横浜DeNAベイスターズ,森浦 大輔,5,救援,勝,23,4,1,3,3,0,0,0,0,0.00
20260630_DB-C_12,2026-06-30,火,セ・リーグ公式戦,ビジター,広島東洋カープ,横浜DeNAベイスターズ,中﨑 翔太,6,救援,,16,4,1,3,0,0,0,1,1,9.00
20260630_T-D_12,2026-06-30,火,セ・リーグ公式戦,ホーム,阪神タイガース,中日ドラゴンズ,才木 浩人,1,先発,,98,26,7,21,9,0,0,1,1,1.29
20260630_T-D_12,2026-06-30,火,セ・リーグ公式戦,ホーム,阪神タイガース,中日ドラゴンズ,工藤 泰成,2,救援,,15,6,1,3,1,0,0,1,1,9.00
20260630_T-D_12,2026-06-30,火,セ・リーグ公式戦,ホーム,阪神タイガース,中日ドラゴンズ,Ｒ．ドリス,3,救援,H,14,4,1,3,0,0,0,0,0,0.00
20260630_T-D_12,2026-06-30,火,セ・リーグ公式戦,ホーム,阪神タイガース,中日ドラゴンズ,岩崎 優,4,救援,勝,12,3,1,3,1,0,0,0,0,0.00
20260630_H-L_12,2026-06-30,火,パ・リーグ公式戦,ビジター,埼玉西武ライオンズ,福岡ソフトバンクホークス,平良 海馬,1,先発,敗,107,29,6,18,5,0,0,4,2,3.00
20260630_H-L_12,2026-06-30,火,パ・リーグ公式戦,ビジター,埼玉西武ライオンズ,福岡ソフトバンクホークス,中村 祐太,2,救援,,20,4,1,3,1,0,0,1,1,9.00
20260630_H-L_12,2026-06-30,火,パ・リーグ公式戦,ビジター,埼玉西武ライオンズ,福岡ソフトバンクホークス,上田 大河,3,救援,,20,5,1,3,1,0,0,1,0,0.00
20260630_E-M_11,2026-06-30,火,パ・リーグ公式戦,ビジター,千葉ロッテマリーンズ,東北楽天ゴールデンイーグルス,Ａ．ジャクソン,1,先発,勝,103,26,7,21,4,0,0,1,1,1.29
20260630_E-M_11,2026-06-30,火,パ・リーグ公式戦,ビジター,千葉ロッテマリーンズ,東北楽天ゴールデンイーグルス,高野 脩汰,2,救援,,13,5,1,3,0,0,0,1,1,9.00
20260630_E-M_11,2026-06-30,火,パ・リーグ公式戦,ビジター,千葉ロッテマリーンズ,東北楽天ゴールデンイーグルス,横山 陸人,3,救援,S,10,3,1,3,2,0,0,0,0,0.00
20260630_T-D_12,2026-06-30,火,セ・リーグ公式戦,ビジター,中日ドラゴンズ,阪神タイガース,Ｋ．マラー,1,先発,,109,24,6,18,5,0,0,1,1,1.50
20260630_T-D_12,2026-06-30,火,セ・リーグ公式戦,ビジター,中日ドラゴンズ,阪神タイガース,橋本 侑樹,2,救援,H,17,4,1,3,1,0,0,0,0,0.00
20260630_T-D_12,2026-06-30,火,セ・リーグ公式戦,ビジター,中日ドラゴンズ,阪神タイガース,吉田 聖弥,3,救援,,26,6,1,3,1,0,0,1,1,9.00
20260630_T-D_12,2026-06-30,火,セ・リーグ公式戦,ビジター,中日ドラゴンズ,阪神タイガース,齋藤 綱記,4,救援,H,15,3,1,3,3,0,0,0,0,0.00
20260630_T-D_12,2026-06-30,火,セ・リーグ公式戦,ビジター,中日ドラゴンズ,阪神タイガース,松山 晋也,5,救援,敗,6,2,0.1,1,1,0,0,1,1,27.00
20260630_G-S_12,2026-06-30,火,セ・リーグ公式戦,ビジター,東京ヤクルトスワローズ,読売ジャイアンツ,山野 太一,1,先発,,99,21,5,15,7,0,0,1,0,0.00
20260630_G-S_12,2026-06-30,火,セ・リーグ公式戦,ビジター,東京ヤクルトスワローズ,読売ジャイアンツ,丸山 翔大,2,救援,,19,4,1,3,1,0,0,1,1,9.00
20260630_G-S_12,2026-06-30,火,セ・リーグ公式戦,ビジター,東京ヤクルトスワローズ,読売ジャイアンツ,阪口 皓亮,3,救援,,17,5,1,3,0,0,0,1,1,9.00
20260630_G-S_12,2026-06-30,火,セ・リーグ公式戦,ビジター,東京ヤクルトスワローズ,読売ジャイアンツ,星 知弥,4,救援,勝,11,3,1,3,1,0,0,0,0,0.00
20260630_G-S_12,2026-06-30,火,セ・リーグ公式戦,ビジター,東京ヤクルトスワローズ,読売ジャイアンツ,Ｊ．キハダ,5,救援,S,20,4,1,3,3,0,0,0,0,0.00
20260630_E-M_11,2026-06-30,火,パ・リーグ公式戦,ホーム,東北楽天ゴールデンイーグルス,千葉ロッテマリーンズ,荘司 康誠,1,先発,敗,94,20,5,15,6,0,0,4,3,5.40
20260630_E-M_11,2026-06-30,火,パ・リーグ公式戦,ホーム,東北楽天ゴールデンイーグルス,千葉ロッテマリーンズ,泰 勝利,2,救援,,13,4,1,3,1,0,0,0,0,0.00
20260630_E-M_11,2026-06-30,火,パ・リーグ公式戦,ホーム,東北楽天ゴールデンイーグルス,千葉ロッテマリーンズ,内 星龍,3,救援,,48,10,2,6,3,0,0,1,1,4.50
20260630_E-M_11,2026-06-30,火,パ・リーグ公式戦,ホーム,東北楽天ゴールデンイーグルス,千葉ロッテマリーンズ,柴田 大地,4,救援,,14,4,1,3,1,0,0,0,0,0.00
20260630_G-S_12,2026-06-30,火,セ・リーグ公式戦,ホーム,読売ジャイアンツ,東京ヤクルトスワローズ,戸郷 翔征,1,先発,,118,29,7,21,7,0,0,1,1,1.29
20260630_G-S_12,2026-06-30,火,セ・リーグ公式戦,ホーム,読売ジャイアンツ,東京ヤクルトスワローズ,大勢,2,救援,,15,4,0.1,1,0,1,0,2,2,54.00
20260630_G-S_12,2026-06-30,火,セ・リーグ公式戦,ホーム,読売ジャイアンツ,東京ヤクルトスワローズ,田中 瑛斗,3,救援,H,5,2,0.2,2,0,0,0,0,0,0.00
20260630_G-S_12,2026-06-30,火,セ・リーグ公式戦,ホーム,読売ジャイアンツ,東京ヤクルトスワローズ,Ｒ．マルティネス,4,救援,敗,8,3,0.1,1,0,0,0,1,0,0.00
20260630_G-S_12,2026-06-30,火,セ・リーグ公式戦,ホーム,読売ジャイアンツ,東京ヤクルトスワローズ,堀田 賢慎,5,救援,,15,4,0.2,2,0,0,0,0,0,0.00
20260630_H-L_12,2026-06-30,火,パ・リーグ公式戦,ホーム,福岡ソフトバンクホークス,埼玉西武ライオンズ,上沢 直之,1,先発,勝,93,23,6,18,8,0,0,0,0,0.00
20260630_H-L_12,2026-06-30,火,パ・リーグ公式戦,ホーム,福岡ソフトバンクホークス,埼玉西武ライオンズ,Ｒ．オスナ,2,救援,,7,3,1,3,0,0,0,0,0,0.00
20260630_H-L_12,2026-06-30,火,パ・リーグ公式戦,ホーム,福岡ソフトバンクホークス,埼玉西武ライオンズ,津森 宥紀,3,救援,,8,3,1,3,0,0,0,0,0,0.00
20260630_H-L_12,2026-06-30,火,パ・リーグ公式戦,ホーム,福岡ソフトバンクホークス,埼玉西武ライオンズ,伊藤 優輔,4,救援,,11,4,1,3,0,0,0,0,0,0.00
20260630_F-B_13,2026-06-30,火,パ・リーグ公式戦,ホーム,北海道日本ハムファイターズ,オリックス・バファローズ,北山 亘基,1,先発,勝,97,23,6,18,5,0,0,2,2,3.00
20260630_F-B_13,2026-06-30,火,パ・リーグ公式戦,ホーム,北海道日本ハムファイターズ,オリックス・バファローズ,上原 健太,2,救援,H,6,3,1,3,0,0,0,0,0,0.00
20260630_F-B_13,2026-06-30,火,パ・リーグ公式戦,ホーム,北海道日本ハムファイターズ,オリックス・バファローズ,齋藤 友貴哉,3,救援,,12,4,1,3,1,0,0,0,0,0.00
20260630_F-B_13,2026-06-30,火,パ・リーグ公式戦,ホーム,北海道日本ハムファイターズ,オリックス・バファローズ,畔柳 亨丞,4,救援,,22,5,1,3,1,0,0,0,0,0.00
20260628_B-E_09,2026-06-28,日,パ・リーグ公式戦,ホーム,オリックス・バファローズ,東北楽天ゴールデンイーグルス,九里 亜蓮,1,先発,勝,95,27,7,21,3,0,0,2,2,2.57
20260628_B-E_09,2026-06-28,日,パ・リーグ公式戦,ホーム,オリックス・バファローズ,東北楽天ゴールデンイーグルス,椋木 蓮,2,救援,H,27,5,1,3,0,0,0,0,0,0.00
20260628_B-E_09,2026-06-28,日,パ・リーグ公式戦,ホーム,オリックス・バファローズ,東北楽天ゴールデンイーグルス,Ａ．マチャド,3,救援,S,18,3,1,3,1,0,0,0,0,0.00
20260628_DB-G_10,2026-06-28,日,セ・リーグ公式戦,ホーム,横浜DeNAベイスターズ,読売ジャイアンツ,石田 裕太郎,1,先発,敗,89,27,6,18,4,0,0,2,2,3.00
20260628_DB-G_10,2026-06-28,日,セ・リーグ公式戦,ホーム,横浜DeNAベイスターズ,読売ジャイアンツ,宮城 滝太,2,救援,,8,4,1,3,0,0,0,0,0,0.00
20260628_DB-G_10,2026-06-28,日,セ・リーグ公式戦,ホーム,横浜DeNAベイスターズ,読売ジャイアンツ,Ｈ．マルセリーノ,3,救援,,26,5,1,3,2,0,0,0,0,0.00
20260628_DB-G_10,2026-06-28,日,セ・リーグ公式戦,ホーム,横浜DeNAベイスターズ,読売ジャイアンツ,岩田 将貴,4,救援,,9,3,0.2,2,0,0,0,0,0,0.00
20260628_DB-G_10,2026-06-28,日,セ・リーグ公式戦,ホーム,横浜DeNAベイスターズ,読売ジャイアンツ,伊勢 大夢,5,救援,,4,1,0.1,1,1,0,0,0,0,0.00
20260628_C-T_10,2026-06-28,日,セ・リーグ公式戦,ホーム,広島東洋カープ,阪神タイガース,岡本 駿,1,先発,敗,107,28,6.1,19,6,0,0,5,5,7.11
20260628_C-T_10,2026-06-28,日,セ・リーグ公式戦,ホーム,広島東洋カープ,阪神タイガース,髙 太一,2,救援,,13,4,0.2,2,1,0,0,1,1,13.50
20260628_C-T_10,2026-06-28,日,セ・リーグ公式戦,ホーム,広島東洋カープ,阪神タイガース,中﨑 翔太,3,救援,,12,3,1,3,1,0,0,0,0,0.00
20260628_C-T_10,2026-06-28,日,セ・リーグ公式戦,ホーム,広島東洋カープ,阪神タイガース,黒原 拓未,4,救援,,23,5,0.1,1,1,0,0,4,4,108.00
20260628_C-T_10,2026-06-28,日,セ・リーグ公式戦,ホーム,広島東洋カープ,阪神タイガース,鈴木 健矢,5,救援,,14,5,0.2,2,0,0,0,2,2,27.00
20260628_C-T_10,2026-06-28,日,セ・リーグ公式戦,ビジター,阪神タイガース,広島東洋カープ,髙橋 遥人,1,先発,勝,97,26,6,18,6,0,1,3,3,4.50
20260628_C-T_10,2026-06-28,日,セ・リーグ公式戦,ビジター,阪神タイガース,広島東洋カープ,工藤 泰成,2,救援,H,12,4,1,3,1,0,0,0,0,0.00
20260628_C-T_10,2026-06-28,日,セ・リーグ公式戦,ビジター,阪神タイガース,広島東洋カープ,岩崎 優,3,救援,H,16,3,1,3,1,0,0,0,0,0.00
20260628_C-T_10,2026-06-28,日,セ・リーグ公式戦,ビジター,阪神タイガース,広島東洋カープ,木下 里都,4,救援,,22,6,1,3,1,0,0,0,0,0.00
20260628_L-F_12,2026-06-28,日,パ・リーグ公式戦,ホーム,埼玉西武ライオンズ,北海道日本ハムファイターズ,渡邉 勇太朗,1,先発,敗,88,24,6,18,3,0,0,3,3,4.50
20260628_L-F_12,2026-06-28,日,パ・リーグ公式戦,ホーム,埼玉西武ライオンズ,北海道日本ハムファイターズ,佐藤 隼輔,2,救援,,12,4,1,3,0,0,0,1,1,9.00
20260628_L-F_12,2026-06-28,日,パ・リーグ公式戦,ホーム,埼玉西武ライオンズ,北海道日本ハムファイターズ,豆田 泰志,3,救援,,21,5,1,3,1,0,0,0,0,0.00
20260628_L-F_12,2026-06-28,日,パ・リーグ公式戦,ホーム,埼玉西武ライオンズ,北海道日本ハムファイターズ,成田 晴風,4,救援,,18,4,1,3,0,0,0,1,1,9.00
20260628_M-H_08,2026-06-28,日,パ・リーグ公式戦,ホーム,千葉ロッテマリーンズ,福岡ソフトバンクホークス,小島 和哉,1,先発,,53,13,2,6,1,0,0,3,3,13.50
20260628_M-H_08,2026-06-28,日,パ・リーグ公式戦,ホーム,千葉ロッテマリーンズ,福岡ソフトバンクホークス,高野 脩汰,2,救援,,30,9,2,6,1,0,0,0,0,0.00
20260628_M-H_08,2026-06-28,日,パ・リーグ公式戦,ホーム,千葉ロッテマリーンズ,福岡ソフトバンクホークス,八木 彬,3,救援,,23,8,1.1,4,1,0,0,0,0,0.00
20260628_M-H_08,2026-06-28,日,パ・リーグ公式戦,ホーム,千葉ロッテマリーンズ,福岡ソフトバンクホークス,澤田 圭佑,4,救援,H,8,3,0.2,2,1,0,0,0,0,0.00
20260628_M-H_08,2026-06-28,日,パ・リーグ公式戦,ホーム,千葉ロッテマリーンズ,福岡ソフトバンクホークス,中森 俊介,5,救援,H,6,3,1,3,0,0,0,0,0,0.00
20260628_M-H_08,2026-06-28,日,パ・リーグ公式戦,ホーム,千葉ロッテマリーンズ,福岡ソフトバンクホークス,鈴木 昭汰,6,救援,H,15,3,1,3,1,0,0,0,0,0.00
20260628_M-H_08,2026-06-28,日,パ・リーグ公式戦,ホーム,千葉ロッテマリーンズ,福岡ソフトバンクホークス,横山 陸人,7,救援,H,12,3,1,3,1,0,0,0,0,0.00
20260628_M-H_08,2026-06-28,日,パ・リーグ公式戦,ホーム,千葉ロッテマリーンズ,福岡ソフトバンクホークス,小野 郁,8,救援,H,37,7,2,6,1,1,0,0,0,0.00
20260628_M-H_08,2026-06-28,日,パ・リーグ公式戦,ホーム,千葉ロッテマリーンズ,福岡ソフトバンクホークス,Ｊ．カスティーヨ,9,救援,,8,3,1,3,1,0,0,0,0,0.00
20260628_S-D_10,2026-06-28,日,セ・リーグ公式戦,ビジター,中日ドラゴンズ,東京ヤクルトスワローズ,金丸 夢斗,1,先発,,106,27,6,18,6,0,0,3,3,4.50
20260628_S-D_10,2026-06-28,日,セ・リーグ公式戦,ビジター,中日ドラゴンズ,東京ヤクルトスワローズ,橋本 侑樹,2,救援,H,25,5,1,3,1,0,0,0,0,0.00
20260628_S-D_10,2026-06-28,日,セ・リーグ公式戦,ビジター,中日ドラゴンズ,東京ヤクルトスワローズ,吉田 聖弥,3,救援,H,21,5,1,3,0,0,0,0,0,0.00
20260628_S-D_10,2026-06-28,日,セ・リーグ公式戦,ビジター,中日ドラゴンズ,東京ヤクルトスワローズ,藤嶋 健人,4,救援,敗,23,6,0.2,2,1,0,0,1,1,13.50
20260628_S-D_10,2026-06-28,日,セ・リーグ公式戦,ホーム,東京ヤクルトスワローズ,中日ドラゴンズ,吉村 貢司郎,1,先発,,93,27,6,18,3,0,0,3,3,4.50
20260628_S-D_10,2026-06-28,日,セ・リーグ公式戦,ホーム,東京ヤクルトスワローズ,中日ドラゴンズ,清水 昇,2,救援,H,14,3,1,3,0,0,0,0,0,0.00
20260628_S-D_10,2026-06-28,日,セ・リーグ公式戦,ホーム,東京ヤクルトスワローズ,中日ドラゴンズ,星 知弥,3,救援,H,25,5,1,3,1,0,0,0,0,0.00
20260628_S-D_10,2026-06-28,日,セ・リーグ公式戦,ホーム,東京ヤクルトスワローズ,中日ドラゴンズ,Ｊ．キハダ,4,救援,勝,21,4,1,3,2,0,0,0,0,0.00
20260628_B-E_09,2026-06-28,日,パ・リーグ公式戦,ビジター,東北楽天ゴールデンイーグルス,オリックス・バファローズ,藤井 聖,1,先発,,75,21,5,15,3,0,0,1,1,1.80
20260628_B-E_09,2026-06-28,日,パ・リーグ公式戦,ビジター,東北楽天ゴールデンイーグルス,オリックス・バファローズ,西垣 雅矢,2,救援,H,11,4,1,3,1,0,0,0,0,0.00
20260628_B-E_09,2026-06-28,日,パ・リーグ公式戦,ビジター,東北楽天ゴールデンイーグルス,オリックス・バファローズ,中込 陽翔,3,救援,敗,38,7,1,3,0,0,0,4,3,27.00
20260628_B-E_09,2026-06-28,日,パ・リーグ公式戦,ビジター,東北楽天ゴールデンイーグルス,オリックス・バファローズ,日當 直喜,4,救援,,26,6,1,3,1,0,0,0,0,0.00
20260628_DB-G_10,2026-06-28,日,セ・リーグ公式戦,ビジター,読売ジャイアンツ,横浜DeNAベイスターズ,井上 温大,1,先発,勝,106,22,7,21,6,0,0,0,0,0.00
20260628_DB-G_10,2026-06-28,日,セ・リーグ公式戦,ビジター,読売ジャイアンツ,横浜DeNAベイスターズ,大勢,2,救援,H,12,4,0.2,2,1,0,0,1,1,13.50
20260628_DB-G_10,2026-06-28,日,セ・リーグ公式戦,ビジター,読売ジャイアンツ,横浜DeNAベイスターズ,田中 瑛斗,3,救援,H,5,1,0.1,1,0,0,0,0,0,0.00
20260628_DB-G_10,2026-06-28,日,セ・リーグ公式戦,ビジター,読売ジャイアンツ,横浜DeNAベイスターズ,Ｒ．マルティネス,4,救援,S,11,3,1,3,0,0,0,0,0,0.00
20260628_M-H_08,2026-06-28,日,パ・リーグ公式戦,ビジター,福岡ソフトバンクホークス,千葉ロッテマリーンズ,松本 晴,1,先発,,101,24,5,15,7,0,0,3,3,5.40
20260628_M-H_08,2026-06-28,日,パ・リーグ公式戦,ビジター,福岡ソフトバンクホークス,千葉ロッテマリーンズ,津森 宥紀,2,救援,H,22,4,1,3,2,0,0,0,0,0.00
20260628_M-H_08,2026-06-28,日,パ・リーグ公式戦,ビジター,福岡ソフトバンクホークス,千葉ロッテマリーンズ,Ｒ．オスナ,3,救援,H,26,6,1,3,3,0,0,0,0,0.00
20260628_M-H_08,2026-06-28,日,パ・リーグ公式戦,ビジター,福岡ソフトバンクホークス,千葉ロッテマリーンズ,松本 裕樹,4,救援,H,12,3,1,3,2,0,0,0,0,0.00
20260628_M-H_08,2026-06-28,日,パ・リーグ公式戦,ビジター,福岡ソフトバンクホークス,千葉ロッテマリーンズ,杉山 一樹,5,救援,H,10,3,1,3,2,0,0,0,0,0.00
20260628_M-H_08,2026-06-28,日,パ・リーグ公式戦,ビジター,福岡ソフトバンクホークス,千葉ロッテマリーンズ,鈴木 豪太,6,救援,H,12,3,1,3,0,0,0,0,0,0.00
20260628_M-H_08,2026-06-28,日,パ・リーグ公式戦,ビジター,福岡ソフトバンクホークス,千葉ロッテマリーンズ,上茶谷 大河,7,救援,H,9,3,1,3,0,0,0,0,0,0.00
20260628_M-H_08,2026-06-28,日,パ・リーグ公式戦,ビジター,福岡ソフトバンクホークス,千葉ロッテマリーンズ,伊藤 優輔,8,救援,,21,4,1,3,1,0,0,0,0,0.00
20260628_L-F_12,2026-06-28,日,パ・リーグ公式戦,ビジター,北海道日本ハムファイターズ,埼玉西武ライオンズ,福島 蓮,1,先発,勝,100,23,6,18,6,0,0,1,1,1.50
20260628_L-F_12,2026-06-28,日,パ・リーグ公式戦,ビジター,北海道日本ハムファイターズ,埼玉西武ライオンズ,堀 瑞輝,2,救援,H,19,5,1,3,2,0,0,0,0,0.00
20260628_L-F_12,2026-06-28,日,パ・リーグ公式戦,ビジター,北海道日本ハムファイターズ,埼玉西武ライオンズ,島本 浩也,3,救援,H,6,3,1,3,0,0,0,0,0,0.00
20260628_L-F_12,2026-06-28,日,パ・リーグ公式戦,ビジター,北海道日本ハムファイターズ,埼玉西武ライオンズ,田中 正義,4,救援,,16,4,1,3,1,0,0,0,0,0.00
20260627_B-E_08,2026-06-27,土,パ・リーグ公式戦,ホーム,オリックス・バファローズ,東北楽天ゴールデンイーグルス,Ａ．エスピノーザ,1,先発,敗,100,25,6,18,8,0,0,2,2,3.00
20260627_B-E_08,2026-06-27,土,パ・リーグ公式戦,ホーム,オリックス・バファローズ,東北楽天ゴールデンイーグルス,岩嵜 翔,2,救援,,20,6,1,3,1,0,0,0,0,0.00
20260627_B-E_08,2026-06-27,土,パ・リーグ公式戦,ホーム,オリックス・バファローズ,東北楽天ゴールデンイーグルス,寺西 成騎,3,救援,,19,7,0.2,2,0,0,0,3,3,40.50
20260627_B-E_08,2026-06-27,土,パ・リーグ公式戦,ホーム,オリックス・バファローズ,東北楽天ゴールデンイーグルス,権田 琉成,4,救援,,3,1,0.1,1,0,0,0,0,0,0.00
20260627_B-E_08,2026-06-27,土,パ・リーグ公式戦,ホーム,オリックス・バファローズ,東北楽天ゴールデンイーグルス,入山 海斗,5,救援,,14,3,1,3,1,0,0,0,0,0.00
20260627_C-T_09,2026-06-27,土,セ・リーグ公式戦,ホーム,広島東洋カープ,阪神タイガース,床田 寛樹,1,先発,,83,21,4,12,2,0,0,2,1,2.25
20260627_C-T_09,2026-06-27,土,セ・リーグ公式戦,ホーム,広島東洋カープ,阪神タイガース,Ｆ．ターノック,2,救援,,17,3,1,3,3,0,0,0,0,0.00
20260627_C-T_09,2026-06-27,土,セ・リーグ公式戦,ホーム,広島東洋カープ,阪神タイガース,遠藤 淳志,3,救援,H,10,3,1,3,1,0,0,0,0,0.00
20260627_C-T_09,2026-06-27,土,セ・リーグ公式戦,ホーム,広島東洋カープ,阪神タイガース,髙 太一,4,救援,H,14,4,1,3,0,0,0,0,0,0.00
20260627_C-T_09,2026-06-27,土,セ・リーグ公式戦,ホーム,広島東洋カープ,阪神タイガース,Ｔ．ハーン,5,救援,勝,13,4,1,3,1,0,0,0,0,0.00
20260627_C-T_09,2026-06-27,土,セ・リーグ公式戦,ホーム,広島東洋カープ,阪神タイガース,森浦 大輔,6,救援,S,18,3,1,3,1,0,0,0,0,0.00
20260627_C-T_09,2026-06-27,土,セ・リーグ公式戦,ビジター,阪神タイガース,広島東洋カープ,村上 頌樹,1,先発,敗,109,31,7.1,22,4,0,0,3,3,3.68
20260627_C-T_09,2026-06-27,土,セ・リーグ公式戦,ビジター,阪神タイガース,広島東洋カープ,及川 雅貴,2,救援,,4,2,0.2,2,0,0,0,0,0,0.00
20260627_L-F_11,2026-06-27,土,パ・リーグ公式戦,ホーム,埼玉西武ライオンズ,北海道日本ハムファイターズ,隅田 知一郎,1,先発,敗,116,37,8.2,26,11,0,0,4,4,4.15
20260627_L-F_11,2026-06-27,土,パ・リーグ公式戦,ホーム,埼玉西武ライオンズ,北海道日本ハムファイターズ,豆田 泰志,2,救援,,12,2,0.1,1,0,0,0,0,0,0.00
20260627_B-E_08,2026-06-27,土,パ・リーグ公式戦,ビジター,東北楽天ゴールデンイーグルス,オリックス・バファローズ,岸 孝之,1,先発,勝,90,24,7,21,3,0,0,1,1,1.29
20260627_B-E_08,2026-06-27,土,パ・リーグ公式戦,ビジター,東北楽天ゴールデンイーグルス,オリックス・バファローズ,九谷 瑠,2,救援,,9,3,1,3,2,0,0,0,0,0.00
20260627_B-E_08,2026-06-27,土,パ・リーグ公式戦,ビジター,東北楽天ゴールデンイーグルス,オリックス・バファローズ,藤原 聡大,3,救援,,12,5,1,3,0,0,0,0,0,0.00
20260627_L-F_11,2026-06-27,土,パ・リーグ公式戦,ビジター,北海道日本ハムファイターズ,埼玉西武ライオンズ,山﨑 福也,1,先発,,79,21,6,18,2,0,0,1,1,1.50
20260627_L-F_11,2026-06-27,土,パ・リーグ公式戦,ビジター,北海道日本ハムファイターズ,埼玉西武ライオンズ,田中 正義,2,救援,H,13,3,1,3,1,0,0,0,0,0.00
20260627_L-F_11,2026-06-27,土,パ・リーグ公式戦,ビジター,北海道日本ハムファイターズ,埼玉西武ライオンズ,島本 浩也,3,救援,勝,12,3,1,3,0,0,0,0,0,0.00
20260627_L-F_11,2026-06-27,土,パ・リーグ公式戦,ビジター,北海道日本ハムファイターズ,埼玉西武ライオンズ,達 孝太,4,救援,S,14,5,1,3,0,0,0,1,1,9.00
20260626_L-F_10,2026-06-26,金,パ・リーグ公式戦,ホーム,埼玉西武ライオンズ,北海道日本ハムファイターズ,髙橋 光成,1,先発,,100,24,6,18,5,0,0,2,2,3.00
20260626_L-F_10,2026-06-26,金,パ・リーグ公式戦,ホーム,埼玉西武ライオンズ,北海道日本ハムファイターズ,中村 祐太,2,救援,,19,4,1,3,1,0,0,1,1,9.00
20260626_L-F_10,2026-06-26,金,パ・リーグ公式戦,ホーム,埼玉西武ライオンズ,北海道日本ハムファイターズ,Ｔ．ウィンゲンター,3,救援,H,9,3,1,3,1,0,0,0,0,0.00
20260626_L-F_10,2026-06-26,金,パ・リーグ公式戦,ホーム,埼玉西武ライオンズ,北海道日本ハムファイターズ,甲斐野 央,4,救援,勝,6,3,1,3,0,0,0,0,0,0.00
20260626_L-F_10,2026-06-26,金,パ・リーグ公式戦,ビジター,北海道日本ハムファイターズ,埼玉西武ライオンズ,伊藤 大海,1,先発,,106,32,7,21,4,0,0,3,3,3.86
20260626_L-F_10,2026-06-26,金,パ・リーグ公式戦,ビジター,北海道日本ハムファイターズ,埼玉西武ライオンズ,達 孝太,2,救援,H,16,4,1,3,0,0,0,0,0,0.00
20260626_L-F_10,2026-06-26,金,パ・リーグ公式戦,ビジター,北海道日本ハムファイターズ,埼玉西武ライオンズ,上原 健太,3,救援,敗,3,1,0+,0,0,0,0,1,1,
20260625_H-B_10,2026-06-25,木,パ・リーグ公式戦,ビジター,オリックス・バファローズ,福岡ソフトバンクホークス,髙島 泰都,1,先発,,95,21,4.2,14,5,0,0,2,2,3.86
20260625_H-B_10,2026-06-25,木,パ・リーグ公式戦,ビジター,オリックス・バファローズ,福岡ソフトバンクホークス,山﨑 颯一郎,2,救援,敗,23,6,1,3,1,0,0,3,0,0.00
20260625_H-B_10,2026-06-25,木,パ・リーグ公式戦,ビジター,オリックス・バファローズ,福岡ソフトバンクホークス,吉田 輝星,3,救援,,5,2,0.1,1,1,0,0,0,0,0.00
20260625_H-B_10,2026-06-25,木,パ・リーグ公式戦,ビジター,オリックス・バファローズ,福岡ソフトバンクホークス,博志,4,救援,,22,5,1,3,3,0,0,0,0,0.00
20260625_H-B_10,2026-06-25,木,パ・リーグ公式戦,ビジター,オリックス・バファローズ,福岡ソフトバンクホークス,権田 琉成,5,救援,,21,4,1,3,3,0,0,0,0,0.00
20260625_D-DB_11,2026-06-25,木,セ・リーグ公式戦,ビジター,横浜DeNAベイスターズ,中日ドラゴンズ,平良 拳太郎,1,先発,敗,72,18,4,12,5,0,0,3,1,2.25
20260625_D-DB_11,2026-06-25,木,セ・リーグ公式戦,ビジター,横浜DeNAベイスターズ,中日ドラゴンズ,岩田 将貴,2,救援,,14,3,1,3,1,0,0,0,0,0.00
20260625_D-DB_11,2026-06-25,木,セ・リーグ公式戦,ビジター,横浜DeNAベイスターズ,中日ドラゴンズ,Ｈ．マルセリーノ,3,救援,,29,6,1,3,3,0,0,0,0,0.00
20260625_D-DB_11,2026-06-25,木,セ・リーグ公式戦,ビジター,横浜DeNAベイスターズ,中日ドラゴンズ,Ｊ．ルイーズ,4,救援,,7,3,1,3,0,0,0,0,0,0.00
20260625_D-DB_11,2026-06-25,木,セ・リーグ公式戦,ビジター,横浜DeNAベイスターズ,中日ドラゴンズ,伊勢 大夢,5,救援,,17,5,1,3,0,0,0,0,0,0.00
20260625_E-L_11,2026-06-25,木,パ・リーグ公式戦,ビジター,埼玉西武ライオンズ,東北楽天ゴールデンイーグルス,武内 夏暉,1,先発,敗,95,28,8,24,5,0,0,2,2,2.25
20260625_D-DB_11,2026-06-25,木,セ・リーグ公式戦,ホーム,中日ドラゴンズ,横浜DeNAベイスターズ,中西 聖輝,1,先発,,82,20,4.1,13,2,0,0,1,1,2.08
20260625_D-DB_11,2026-06-25,木,セ・リーグ公式戦,ホーム,中日ドラゴンズ,横浜DeNAベイスターズ,齋藤 綱記,2,救援,勝,8,2,0.2,2,1,0,0,0,0,0.00
20260625_D-DB_11,2026-06-25,木,セ・リーグ公式戦,ホーム,中日ドラゴンズ,横浜DeNAベイスターズ,藤嶋 健人,3,救援,H,17,4,1,3,1,0,0,0,0,0.00
20260625_D-DB_11,2026-06-25,木,セ・リーグ公式戦,ホーム,中日ドラゴンズ,横浜DeNAベイスターズ,橋本 侑樹,4,救援,H,11,4,1,3,2,0,0,0,0,0.00
20260625_D-DB_11,2026-06-25,木,セ・リーグ公式戦,ホーム,中日ドラゴンズ,横浜DeNAベイスターズ,吉田 聖弥,5,救援,H,10,3,1,3,1,0,0,0,0,0.00
20260625_D-DB_11,2026-06-25,木,セ・リーグ公式戦,ホーム,中日ドラゴンズ,横浜DeNAベイスターズ,松山 晋也,6,救援,S,28,5,1,3,3,0,0,0,0,0.00
20260625_E-L_11,2026-06-25,木,パ・リーグ公式戦,ホーム,東北楽天ゴールデンイーグルス,埼玉西武ライオンズ,前田 健太,1,先発,勝,114,24,7,21,6,0,0,0,0,0.00
20260625_E-L_11,2026-06-25,木,パ・リーグ公式戦,ホーム,東北楽天ゴールデンイーグルス,埼玉西武ライオンズ,加治屋 蓮,2,救援,H,18,4,1,3,1,0,0,0,0,0.00
20260625_E-L_11,2026-06-25,木,パ・リーグ公式戦,ホーム,東北楽天ゴールデンイーグルス,埼玉西武ライオンズ,藤平 尚真,3,救援,S,15,3,1,3,1,0,0,0,0,0.00
20260625_H-B_10,2026-06-25,木,パ・リーグ公式戦,ホーム,福岡ソフトバンクホークス,オリックス・バファローズ,前田 純,1,先発,,99,26,5.1,16,4,0,0,2,2,3.38
20260625_H-B_10,2026-06-25,木,パ・リーグ公式戦,ホーム,福岡ソフトバンクホークス,オリックス・バファローズ,鈴木 豪太,2,救援,勝,1,1,0.2,2,0,0,0,0,0,0.00
20260625_H-B_10,2026-06-25,木,パ・リーグ公式戦,ホーム,福岡ソフトバンクホークス,オリックス・バファローズ,Ｒ．オスナ,3,救援,H,14,3,1,3,1,0,0,0,0,0.00
20260625_H-B_10,2026-06-25,木,パ・リーグ公式戦,ホーム,福岡ソフトバンクホークス,オリックス・バファローズ,松本 裕樹,4,救援,H,14,5,1,3,0,0,0,0,0,0.00
20260625_H-B_10,2026-06-25,木,パ・リーグ公式戦,ホーム,福岡ソフトバンクホークス,オリックス・バファローズ,杉山 一樹,5,救援,S,28,5,1,3,2,0,0,0,0,0.00
20260624_H-B_09,2026-06-24,水,パ・リーグ公式戦,ビジター,オリックス・バファローズ,福岡ソフトバンクホークス,田嶋 大樹,1,先発,敗,55,14,1.2,5,3,0,0,6,6,32.40
20260624_H-B_09,2026-06-24,水,パ・リーグ公式戦,ビジター,オリックス・バファローズ,福岡ソフトバンクホークス,片山 楽生,2,救援,,50,11,3.1,10,4,0,0,1,1,2.70
20260624_H-B_09,2026-06-24,水,パ・リーグ公式戦,ビジター,オリックス・バファローズ,福岡ソフトバンクホークス,入山 海斗,3,救援,,21,5,1,3,0,0,0,1,1,9.00
20260624_H-B_09,2026-06-24,水,パ・リーグ公式戦,ビジター,オリックス・バファローズ,福岡ソフトバンクホークス,博志,4,救援,,10,4,1,3,0,0,0,0,0,0.00
20260624_H-B_09,2026-06-24,水,パ・リーグ公式戦,ビジター,オリックス・バファローズ,福岡ソフトバンクホークス,権田 琉成,5,救援,,12,3,1,3,0,0,0,0,0,0.00
20260624_D-DB_10,2026-06-24,水,セ・リーグ公式戦,ビジター,横浜DeNAベイスターズ,中日ドラゴンズ,東 克樹,1,先発,勝,91,23,6,18,5,0,0,2,1,1.50
20260624_D-DB_10,2026-06-24,水,セ・リーグ公式戦,ビジター,横浜DeNAベイスターズ,中日ドラゴンズ,中川 虎大,2,救援,H,17,6,1,3,0,0,0,1,1,9.00
20260624_D-DB_10,2026-06-24,水,セ・リーグ公式戦,ビジター,横浜DeNAベイスターズ,中日ドラゴンズ,Ｓ．レイノルズ,3,救援,H,19,3,1,3,1,0,0,0,0,0.00
20260624_D-DB_10,2026-06-24,水,セ・リーグ公式戦,ビジター,横浜DeNAベイスターズ,中日ドラゴンズ,山﨑 康晃,4,救援,S,20,5,1,3,2,0,0,1,1,9.00
20260624_F-M_11,2026-06-24,水,パ・リーグ公式戦,ビジター,千葉ロッテマリーンズ,北海道日本ハムファイターズ,河村 説人,1,先発,敗,86,24,5,15,4,0,0,6,6,10.80
20260624_F-M_11,2026-06-24,水,パ・リーグ公式戦,ビジター,千葉ロッテマリーンズ,北海道日本ハムファイターズ,高野 脩汰,2,救援,,16,5,1,3,1,0,0,0,0,0.00
20260624_F-M_11,2026-06-24,水,パ・リーグ公式戦,ビジター,千葉ロッテマリーンズ,北海道日本ハムファイターズ,小野 郁,3,救援,,14,5,1,3,0,0,0,1,1,9.00
20260624_F-M_11,2026-06-24,水,パ・リーグ公式戦,ビジター,千葉ロッテマリーンズ,北海道日本ハムファイターズ,益田 直也,4,救援,,12,4,1,3,0,0,0,0,0,0.00
20260624_D-DB_10,2026-06-24,水,セ・リーグ公式戦,ホーム,中日ドラゴンズ,横浜DeNAベイスターズ,櫻井 頼之介,1,先発,敗,98,22,4.1,13,4,0,0,5,5,10.38
20260624_D-DB_10,2026-06-24,水,セ・リーグ公式戦,ホーム,中日ドラゴンズ,横浜DeNAベイスターズ,伊藤 茉央,2,救援,,12,2,0.2,2,0,0,0,0,0,0.00
20260624_D-DB_10,2026-06-24,水,セ・リーグ公式戦,ホーム,中日ドラゴンズ,横浜DeNAベイスターズ,草加 勝,3,救援,,28,8,2,6,3,0,0,0,0,0.00
20260624_D-DB_10,2026-06-24,水,セ・リーグ公式戦,ホーム,中日ドラゴンズ,横浜DeNAベイスターズ,Ａ．アブレウ,4,救援,,12,3,1,3,1,0,0,0,0,0.00
20260624_D-DB_10,2026-06-24,水,セ・リーグ公式戦,ホーム,中日ドラゴンズ,横浜DeNAベイスターズ,齋藤 綱記,5,救援,,12,4,1,3,1,0,0,1,1,9.00
20260624_H-B_09,2026-06-24,水,パ・リーグ公式戦,ホーム,福岡ソフトバンクホークス,オリックス・バファローズ,中村 稔弥,1,先発,,44,14,3,9,3,0,0,3,3,9.00
20260624_H-B_09,2026-06-24,水,パ・リーグ公式戦,ホーム,福岡ソフトバンクホークス,オリックス・バファローズ,上茶谷 大河,2,救援,勝,38,11,2,6,1,0,0,1,1,4.50
20260624_H-B_09,2026-06-24,水,パ・リーグ公式戦,ホーム,福岡ソフトバンクホークス,オリックス・バファローズ,津森 宥紀,3,救援,H,20,5,1,3,2,0,0,0,0,0.00
20260624_H-B_09,2026-06-24,水,パ・リーグ公式戦,ホーム,福岡ソフトバンクホークス,オリックス・バファローズ,Ｒ．オスナ,4,救援,,13,3,1,3,2,0,0,0,0,0.00
20260624_H-B_09,2026-06-24,水,パ・リーグ公式戦,ホーム,福岡ソフトバンクホークス,オリックス・バファローズ,松本 裕樹,5,救援,,18,4,1,3,0,0,0,0,0,0.00
20260624_H-B_09,2026-06-24,水,パ・リーグ公式戦,ホーム,福岡ソフトバンクホークス,オリックス・バファローズ,杉山 一樹,6,救援,,33,6,1,3,2,0,0,1,1,9.00
20260624_F-M_11,2026-06-24,水,パ・リーグ公式戦,ホーム,北海道日本ハムファイターズ,千葉ロッテマリーンズ,加藤 貴之,1,先発,勝,79,25,7,21,2,0,0,2,2,2.57
20260624_F-M_11,2026-06-24,水,パ・リーグ公式戦,ホーム,北海道日本ハムファイターズ,千葉ロッテマリーンズ,柳川 大晟,2,救援,,34,5,0.2,2,1,1,0,2,2,27.00
20260624_F-M_11,2026-06-24,水,パ・リーグ公式戦,ホーム,北海道日本ハムファイターズ,千葉ロッテマリーンズ,島本 浩也,3,救援,H,4,1,0.1,1,1,0,0,0,0,0.00
20260624_F-M_11,2026-06-24,水,パ・リーグ公式戦,ホーム,北海道日本ハムファイターズ,千葉ロッテマリーンズ,達 孝太,4,救援,S,11,3,1,3,1,0,0,0,0,0.00
20260623_H-B_08,2026-06-23,火,パ・リーグ公式戦,ビジター,オリックス・バファローズ,福岡ソフトバンクホークス,Ｓ．ジェリー,1,先発,勝,104,22,6,18,8,0,0,0,0,0.00
20260623_H-B_08,2026-06-23,火,パ・リーグ公式戦,ビジター,オリックス・バファローズ,福岡ソフトバンクホークス,寺西 成騎,2,救援,H,18,5,1,3,0,0,0,0,0,0.00
20260623_H-B_08,2026-06-23,火,パ・リーグ公式戦,ビジター,オリックス・バファローズ,福岡ソフトバンクホークス,椋木 蓮,3,救援,,16,4,1,3,0,0,0,0,0,0.00
20260623_H-B_08,2026-06-23,火,パ・リーグ公式戦,ビジター,オリックス・バファローズ,福岡ソフトバンクホークス,Ａ．マチャド,4,救援,,15,3,0.2,2,1,0,0,0,0,0.00
20260623_H-B_08,2026-06-23,火,パ・リーグ公式戦,ビジター,オリックス・バファローズ,福岡ソフトバンクホークス,山﨑 颯一郎,5,救援,,5,1,0.1,1,1,0,0,0,0,0.00
20260623_D-DB_09,2026-06-23,火,セ・リーグ公式戦,ビジター,横浜DeNAベイスターズ,中日ドラゴンズ,入江 大生,1,先発,敗,109,29,5.1,16,3,0,0,5,5,8.44
20260623_D-DB_09,2026-06-23,火,セ・リーグ公式戦,ビジター,横浜DeNAベイスターズ,中日ドラゴンズ,Ｈ．マルセリーノ,2,救援,,22,4,0.2,2,1,0,0,0,0,0.00
20260623_D-DB_09,2026-06-23,火,セ・リーグ公式戦,ビジター,横浜DeNAベイスターズ,中日ドラゴンズ,若松 尚輝,3,救援,,23,6,2,6,2,0,0,0,0,0.00
20260623_C-G_08,2026-06-23,火,セ・リーグ公式戦,ホーム,広島東洋カープ,読売ジャイアンツ,玉村 昇悟,1,先発,敗,67,21,5,15,2,0,0,3,1,1.80
20260623_C-G_08,2026-06-23,火,セ・リーグ公式戦,ホーム,広島東洋カープ,読売ジャイアンツ,遠藤 淳志,2,救援,,14,3,1,3,2,0,0,0,0,0.00
20260623_C-G_08,2026-06-23,火,セ・リーグ公式戦,ホーム,広島東洋カープ,読売ジャイアンツ,髙 太一,3,救援,,36,8,1,3,3,0,0,4,4,36.00
20260623_C-G_08,2026-06-23,火,セ・リーグ公式戦,ホーム,広島東洋カープ,読売ジャイアンツ,常廣 羽也斗,4,救援,,12,3,1,3,1,0,0,0,0,0.00
20260623_C-G_08,2026-06-23,火,セ・リーグ公式戦,ホーム,広島東洋カープ,読売ジャイアンツ,黒原 拓未,5,救援,,20,5,1,3,2,0,0,0,0,0.00
20260623_T-S_09,2026-06-23,火,セ・リーグ公式戦,ホーム,阪神タイガース,東京ヤクルトスワローズ,才木 浩人,1,先発,,100,24,6,18,8,2,0,0,0,0.00
20260623_T-S_09,2026-06-23,火,セ・リーグ公式戦,ホーム,阪神タイガース,東京ヤクルトスワローズ,工藤 泰成,2,救援,H,12,3,1,3,3,0,0,0,0,0.00
20260623_T-S_09,2026-06-23,火,セ・リーグ公式戦,ホーム,阪神タイガース,東京ヤクルトスワローズ,岩崎 優,3,救援,敗,13,7,0.1,1,0,0,0,4,4,108.00
20260623_T-S_09,2026-06-23,火,セ・リーグ公式戦,ホーム,阪神タイガース,東京ヤクルトスワローズ,石黒 佑弥,4,救援,,22,3,0.2,2,0,0,0,0,0,0.00
20260623_T-S_09,2026-06-23,火,セ・リーグ公式戦,ホーム,阪神タイガース,東京ヤクルトスワローズ,木下 里都,5,救援,,13,3,1,3,1,0,0,0,0,0.00
20260623_E-L_10,2026-06-23,火,パ・リーグ公式戦,ビジター,埼玉西武ライオンズ,東北楽天ゴールデンイーグルス,Ａ．ワイナンス,1,先発,敗,97,25,5,15,6,0,0,5,5,9.00
20260623_E-L_10,2026-06-23,火,パ・リーグ公式戦,ビジター,埼玉西武ライオンズ,東北楽天ゴールデンイーグルス,浜屋 将太,2,救援,,40,9,1,3,1,0,1,3,0,0.00
20260623_E-L_10,2026-06-23,火,パ・リーグ公式戦,ビジター,埼玉西武ライオンズ,東北楽天ゴールデンイーグルス,上田 大河,3,救援,,24,6,2,6,3,0,0,0,0,0.00
20260623_F-M_10,2026-06-23,火,パ・リーグ公式戦,ビジター,千葉ロッテマリーンズ,北海道日本ハムファイターズ,廣池 康志郎,1,先発,敗,84,25,6,18,2,0,0,3,3,4.50
20260623_F-M_10,2026-06-23,火,パ・リーグ公式戦,ビジター,千葉ロッテマリーンズ,北海道日本ハムファイターズ,Ｊ．カスティーヨ,2,救援,,14,6,1,3,1,0,0,1,1,9.00
20260623_F-M_10,2026-06-23,火,パ・リーグ公式戦,ビジター,千葉ロッテマリーンズ,北海道日本ハムファイターズ,坂本 光士郎,3,救援,,15,4,1,3,1,0,0,0,0,0.00
20260623_D-DB_09,2026-06-23,火,セ・リーグ公式戦,ホーム,中日ドラゴンズ,横浜DeNAベイスターズ,Ｋ．マラー,1,先発,勝,82,23,6,18,4,0,0,1,1,1.50
20260623_D-DB_09,2026-06-23,火,セ・リーグ公式戦,ホーム,中日ドラゴンズ,横浜DeNAベイスターズ,橋本 侑樹,2,救援,,19,6,1,3,1,0,0,1,1,9.00
20260623_D-DB_09,2026-06-23,火,セ・リーグ公式戦,ホーム,中日ドラゴンズ,横浜DeNAベイスターズ,吉田 聖弥,3,救援,H,15,3,1,3,1,0,0,0,0,0.00
20260623_D-DB_09,2026-06-23,火,セ・リーグ公式戦,ホーム,中日ドラゴンズ,横浜DeNAベイスターズ,松山 晋也,4,救援,S,10,4,1,3,0,0,0,0,0,0.00
20260623_T-S_09,2026-06-23,火,セ・リーグ公式戦,ビジター,東京ヤクルトスワローズ,阪神タイガース,山野 太一,1,先発,,114,24,6,18,2,0,0,1,0,0.00
20260623_T-S_09,2026-06-23,火,セ・リーグ公式戦,ビジター,東京ヤクルトスワローズ,阪神タイガース,Ｊ．リランソ,2,救援,勝,9,4,1,3,1,0,0,0,0,0.00
20260623_T-S_09,2026-06-23,火,セ・リーグ公式戦,ビジター,東京ヤクルトスワローズ,阪神タイガース,星 知弥,3,救援,H,20,5,1,3,0,0,0,2,2,18.00
20260623_T-S_09,2026-06-23,火,セ・リーグ公式戦,ビジター,東京ヤクルトスワローズ,阪神タイガース,Ｊ．キハダ,4,救援,S,16,3,1,3,3,0,0,0,0,0.00
20260623_E-L_10,2026-06-23,火,パ・リーグ公式戦,ホーム,東北楽天ゴールデンイーグルス,埼玉西武ライオンズ,瀧中 瞭太,1,先発,勝,116,28,6,18,4,0,0,2,2,3.00
20260623_E-L_10,2026-06-23,火,パ・リーグ公式戦,ホーム,東北楽天ゴールデンイーグルス,埼玉西武ライオンズ,西垣 雅矢,2,救援,,25,6,0.2,2,0,0,0,2,2,27.00
20260623_E-L_10,2026-06-23,火,パ・リーグ公式戦,ホーム,東北楽天ゴールデンイーグルス,埼玉西武ライオンズ,柴田 大地,3,救援,H,6,1,0.1,1,1,0,0,0,0,0.00
20260623_E-L_10,2026-06-23,火,パ・リーグ公式戦,ホーム,東北楽天ゴールデンイーグルス,埼玉西武ライオンズ,九谷 瑠,4,救援,,14,4,1,3,2,0,0,0,0,0.00
20260623_E-L_10,2026-06-23,火,パ・リーグ公式戦,ホーム,東北楽天ゴールデンイーグルス,埼玉西武ライオンズ,藤平 尚真,5,救援,,15,3,1,3,2,0,0,0,0,0.00
20260623_C-G_08,2026-06-23,火,セ・リーグ公式戦,ビジター,読売ジャイアンツ,広島東洋カープ,戸郷 翔征,1,先発,勝,120,30,6.1,19,6,0,0,3,3,4.26
20260623_C-G_08,2026-06-23,火,セ・リーグ公式戦,ビジター,読売ジャイアンツ,広島東洋カープ,高梨 雄平,2,救援,,12,3,0.1,1,0,0,0,0,0,0.00
20260623_C-G_08,2026-06-23,火,セ・リーグ公式戦,ビジター,読売ジャイアンツ,広島東洋カープ,船迫 大雅,3,救援,H,4,1,0.1,1,1,0,0,0,0,0.00
20260623_C-G_08,2026-06-23,火,セ・リーグ公式戦,ビジター,読売ジャイアンツ,広島東洋カープ,中川 皓太,4,救援,,12,4,1,3,1,0,0,0,0,0.00
20260623_C-G_08,2026-06-23,火,セ・リーグ公式戦,ビジター,読売ジャイアンツ,広島東洋カープ,田中 瑛斗,5,救援,,8,3,0.1,1,0,0,0,0,0,0.00
20260623_C-G_08,2026-06-23,火,セ・リーグ公式戦,ビジター,読売ジャイアンツ,広島東洋カープ,Ｒ．マルティネス,6,救援,S,1,1,0.2,2,0,0,0,0,0,0.00
20260623_H-B_08,2026-06-23,火,パ・リーグ公式戦,ホーム,福岡ソフトバンクホークス,オリックス・バファローズ,上沢 直之,1,先発,敗,83,21,5,15,2,1,0,3,3,5.40
20260623_H-B_08,2026-06-23,火,パ・リーグ公式戦,ホーム,福岡ソフトバンクホークス,オリックス・バファローズ,鈴木 豪太,2,救援,,12,4,1,3,2,0,0,0,0,0.00
20260623_H-B_08,2026-06-23,火,パ・リーグ公式戦,ホーム,福岡ソフトバンクホークス,オリックス・バファローズ,伊藤 優輔,3,救援,,43,10,1.2,5,3,0,0,2,2,10.80
20260623_H-B_08,2026-06-23,火,パ・リーグ公式戦,ホーム,福岡ソフトバンクホークス,オリックス・バファローズ,岩井 俊介,4,救援,,27,6,1.1,4,1,0,0,0,0,0.00
20260623_F-M_10,2026-06-23,火,パ・リーグ公式戦,ホーム,北海道日本ハムファイターズ,千葉ロッテマリーンズ,北山 亘基,1,先発,勝,105,29,9,27,9,0,0,0,0,0.00
20260622_E-L_09,2026-06-22,月,パ・リーグ公式戦,ビジター,埼玉西武ライオンズ,東北楽天ゴールデンイーグルス,平良 海馬,1,先発,,96,21,5,15,4,0,0,1,1,1.80
20260622_E-L_09,2026-06-22,月,パ・リーグ公式戦,ビジター,埼玉西武ライオンズ,東北楽天ゴールデンイーグルス,Ｔ．ウィンゲンター,2,救援,H,7,3,1,3,1,0,0,0,0,0.00
20260622_E-L_09,2026-06-22,月,パ・リーグ公式戦,ビジター,埼玉西武ライオンズ,東北楽天ゴールデンイーグルス,佐藤 隼輔,3,救援,,19,5,0.1,1,0,0,0,4,4,108.00
20260622_E-L_09,2026-06-22,月,パ・リーグ公式戦,ビジター,埼玉西武ライオンズ,東北楽天ゴールデンイーグルス,黒田 将矢,4,救援,,12,4,0.2,2,0,0,0,0,0,0.00
20260622_E-L_09,2026-06-22,月,パ・リーグ公式戦,ビジター,埼玉西武ライオンズ,東北楽天ゴールデンイーグルス,篠原 響,5,救援,H,8,3,1,3,0,0,0,0,0,0.00
20260622_E-L_09,2026-06-22,月,パ・リーグ公式戦,ビジター,埼玉西武ライオンズ,東北楽天ゴールデンイーグルス,甲斐野 央,6,救援,,25,5,1,3,0,0,0,1,1,9.00
20260622_E-L_09,2026-06-22,月,パ・リーグ公式戦,ビジター,埼玉西武ライオンズ,東北楽天ゴールデンイーグルス,豆田 泰志,7,救援,H,16,5,1,3,2,0,0,0,0,0.00
20260622_E-L_09,2026-06-22,月,パ・リーグ公式戦,ビジター,埼玉西武ライオンズ,東北楽天ゴールデンイーグルス,岩城 颯空,8,救援,,12,4,1,3,0,0,0,1,1,9.00
20260622_E-L_09,2026-06-22,月,パ・リーグ公式戦,ビジター,埼玉西武ライオンズ,東北楽天ゴールデンイーグルス,上田 大河,9,救援,敗,13,4,0.2,2,0,0,0,1,1,13.50
20260622_E-L_09,2026-06-22,月,パ・リーグ公式戦,ホーム,東北楽天ゴールデンイーグルス,埼玉西武ライオンズ,早川 隆久,1,先発,,108,28,7,21,10,0,0,4,2,2.57
20260622_E-L_09,2026-06-22,月,パ・リーグ公式戦,ホーム,東北楽天ゴールデンイーグルス,埼玉西武ライオンズ,九谷 瑠,2,救援,,19,5,1,3,1,0,0,2,2,18.00
20260622_E-L_09,2026-06-22,月,パ・リーグ公式戦,ホーム,東北楽天ゴールデンイーグルス,埼玉西武ライオンズ,西垣 雅矢,3,救援,,23,5,1,3,0,0,0,0,0,0.00
20260622_E-L_09,2026-06-22,月,パ・リーグ公式戦,ホーム,東北楽天ゴールデンイーグルス,埼玉西武ライオンズ,藤平 尚真,4,救援,H,17,3,1,3,3,0,0,0,0,0.00
20260622_E-L_09,2026-06-22,月,パ・リーグ公式戦,ホーム,東北楽天ゴールデンイーグルス,埼玉西武ライオンズ,藤原 聡大,5,救援,,19,5,0.2,2,0,0,0,1,0,0.00
20260622_E-L_09,2026-06-22,月,パ・リーグ公式戦,ホーム,東北楽天ゴールデンイーグルス,埼玉西武ライオンズ,柴田 大地,6,救援,,1,1,0.1,1,0,0,0,0,0,0.00
20260622_E-L_09,2026-06-22,月,パ・リーグ公式戦,ホーム,東北楽天ゴールデンイーグルス,埼玉西武ライオンズ,中込 陽翔,7,救援,勝,9,3,1,3,0,0,0,0,0,0.00
20260621_B-L_12,2026-06-21,日,パ・リーグ公式戦,ホーム,オリックス・バファローズ,埼玉西武ライオンズ,九里 亜蓮,1,先発,敗,97,27,6,18,5,0,0,5,5,7.50
20260621_B-L_12,2026-06-21,日,パ・リーグ公式戦,ホーム,オリックス・バファローズ,埼玉西武ライオンズ,山﨑 颯一郎,2,救援,,13,3,1,3,0,0,0,0,0,0.00
20260621_B-L_12,2026-06-21,日,パ・リーグ公式戦,ホーム,オリックス・バファローズ,埼玉西武ライオンズ,岩嵜 翔,3,救援,,20,4,1,3,3,0,0,0,0,0.00
20260621_B-L_12,2026-06-21,日,パ・リーグ公式戦,ホーム,オリックス・バファローズ,埼玉西武ライオンズ,吉田 輝星,4,救援,,12,3,1,3,0,0,0,0,0,0.00
20260621_DB-T_10,2026-06-21,日,セ・リーグ公式戦,ホーム,横浜DeNAベイスターズ,阪神タイガース,尾形 崇斗,1,先発,敗,94,23,5,15,5,0,0,2,2,3.60
20260621_DB-T_10,2026-06-21,日,セ・リーグ公式戦,ホーム,横浜DeNAベイスターズ,阪神タイガース,Ｊ．ルイーズ,2,救援,,15,3,1,3,1,0,0,0,0,0.00
20260621_DB-T_10,2026-06-21,日,セ・リーグ公式戦,ホーム,横浜DeNAベイスターズ,阪神タイガース,伊勢 大夢,3,救援,,13,3,1,3,1,0,0,0,0,0.00
20260621_DB-T_10,2026-06-21,日,セ・リーグ公式戦,ホーム,横浜DeNAベイスターズ,阪神タイガース,Ｓ．レイノルズ,4,救援,,19,5,1,3,0,0,0,0,0,0.00
20260621_DB-T_10,2026-06-21,日,セ・リーグ公式戦,ホーム,横浜DeNAベイスターズ,阪神タイガース,中川 虎大,5,救援,,14,3,1,3,1,0,0,0,0,0.00
20260621_S-C_11,2026-06-21,日,セ・リーグ公式戦,ビジター,広島東洋カープ,東京ヤクルトスワローズ,岡本 駿,1,先発,勝,97,24,6,18,6,0,0,1,1,1.50
20260621_S-C_11,2026-06-21,日,セ・リーグ公式戦,ビジター,広島東洋カープ,東京ヤクルトスワローズ,髙 太一,2,救援,H,17,5,1,3,0,0,0,0,0,0.00
20260621_S-C_11,2026-06-21,日,セ・リーグ公式戦,ビジター,広島東洋カープ,東京ヤクルトスワローズ,Ｔ．ハーン,3,救援,H,17,4,1,3,1,0,0,0,0,0.00
20260621_S-C_11,2026-06-21,日,セ・リーグ公式戦,ビジター,広島東洋カープ,東京ヤクルトスワローズ,森浦 大輔,4,救援,S,15,3,1,3,0,0,0,0,0,0.00
20260621_DB-T_10,2026-06-21,日,セ・リーグ公式戦,ビジター,阪神タイガース,横浜DeNAベイスターズ,髙橋 遥人,1,先発,勝,109,33,9,27,6,0,0,1,1,1.00
20260621_B-L_12,2026-06-21,日,パ・リーグ公式戦,ビジター,埼玉西武ライオンズ,オリックス・バファローズ,渡邉 勇太朗,1,先発,勝,85,27,6,18,1,0,0,3,3,4.50
20260621_B-L_12,2026-06-21,日,パ・リーグ公式戦,ビジター,埼玉西武ライオンズ,オリックス・バファローズ,Ｔ．ウィンゲンター,2,救援,H,13,4,1,3,2,0,0,0,0,0.00
20260621_B-L_12,2026-06-21,日,パ・リーグ公式戦,ビジター,埼玉西武ライオンズ,オリックス・バファローズ,篠原 響,3,救援,H,11,3,1,3,1,0,0,0,0,0.00
20260621_B-L_12,2026-06-21,日,パ・リーグ公式戦,ビジター,埼玉西武ライオンズ,オリックス・バファローズ,甲斐野 央,4,救援,S,21,5,1,3,0,0,0,0,0,0.00
20260621_M-E_10,2026-06-21,日,パ・リーグ公式戦,ホーム,千葉ロッテマリーンズ,東北楽天ゴールデンイーグルス,小島 和哉,1,先発,,112,27,7,21,7,0,0,2,2,2.57
20260621_M-E_10,2026-06-21,日,パ・リーグ公式戦,ホーム,千葉ロッテマリーンズ,東北楽天ゴールデンイーグルス,鈴木 昭汰,2,救援,,33,7,0.2,2,1,0,0,2,2,27.00
20260621_M-E_10,2026-06-21,日,パ・リーグ公式戦,ホーム,千葉ロッテマリーンズ,東北楽天ゴールデンイーグルス,八木 彬,3,救援,勝,2,1,0.1,1,0,0,0,0,0,0.00
20260621_M-E_10,2026-06-21,日,パ・リーグ公式戦,ホーム,千葉ロッテマリーンズ,東北楽天ゴールデンイーグルス,横山 陸人,4,救援,S,6,3,1,3,0,0,0,0,0,0.00
20260621_G-D_11,2026-06-21,日,セ・リーグ公式戦,ビジター,中日ドラゴンズ,読売ジャイアンツ,柳 裕也,1,先発,,101,24,5.2,17,8,1,0,3,3,4.76
20260621_G-D_11,2026-06-21,日,セ・リーグ公式戦,ビジター,中日ドラゴンズ,読売ジャイアンツ,齋藤 綱記,2,救援,,5,1,0.1,1,1,0,0,0,0,0.00
20260621_G-D_11,2026-06-21,日,セ・リーグ公式戦,ビジター,中日ドラゴンズ,読売ジャイアンツ,Ａ．アブレウ,3,救援,勝,18,4,1,3,0,0,0,0,0,0.00
20260621_G-D_11,2026-06-21,日,セ・リーグ公式戦,ビジター,中日ドラゴンズ,読売ジャイアンツ,吉田 聖弥,4,救援,H,20,4,1,3,1,0,0,0,0,0.00
20260621_G-D_11,2026-06-21,日,セ・リーグ公式戦,ビジター,中日ドラゴンズ,読売ジャイアンツ,松山 晋也,5,救援,S,18,6,1,3,0,0,0,0,0,0.00
20260621_S-C_11,2026-06-21,日,セ・リーグ公式戦,ホーム,東京ヤクルトスワローズ,広島東洋カープ,高橋 奎二,1,先発,敗,97,24,5,15,8,0,0,2,2,3.60
20260621_S-C_11,2026-06-21,日,セ・リーグ公式戦,ホーム,東京ヤクルトスワローズ,広島東洋カープ,丸山 翔大,2,救援,,16,4,1,3,0,0,0,0,0,0.00
20260621_S-C_11,2026-06-21,日,セ・リーグ公式戦,ホーム,東京ヤクルトスワローズ,広島東洋カープ,Ｊ．リランソ,3,救援,,14,3,1,3,2,0,0,0,0,0.00
20260621_S-C_11,2026-06-21,日,セ・リーグ公式戦,ホーム,東京ヤクルトスワローズ,広島東洋カープ,星 知弥,4,救援,,23,5,1,3,3,0,0,0,0,0.00
20260621_S-C_11,2026-06-21,日,セ・リーグ公式戦,ホーム,東京ヤクルトスワローズ,広島東洋カープ,Ｊ．キハダ,5,救援,,18,4,1,3,2,0,0,0,0,0.00
20260621_M-E_10,2026-06-21,日,パ・リーグ公式戦,ビジター,東北楽天ゴールデンイーグルス,千葉ロッテマリーンズ,藤井 聖,1,先発,,30,8,1,3,0,0,0,3,3,27.00
20260621_M-E_10,2026-06-21,日,パ・リーグ公式戦,ビジター,東北楽天ゴールデンイーグルス,千葉ロッテマリーンズ,内 星龍,2,救援,,38,11,3,9,2,0,0,1,1,3.00
20260621_M-E_10,2026-06-21,日,パ・リーグ公式戦,ビジター,東北楽天ゴールデンイーグルス,千葉ロッテマリーンズ,藤原 聡大,3,救援,,20,4,1,3,0,0,0,0,0,0.00
20260621_M-E_10,2026-06-21,日,パ・リーグ公式戦,ビジター,東北楽天ゴールデンイーグルス,千葉ロッテマリーンズ,鈴木 翔天,4,救援,,15,5,1,3,0,0,0,0,0,0.00
20260621_M-E_10,2026-06-21,日,パ・リーグ公式戦,ビジター,東北楽天ゴールデンイーグルス,千葉ロッテマリーンズ,中込 陽翔,5,救援,,16,3,1,3,2,0,0,0,0,0.00
20260621_M-E_10,2026-06-21,日,パ・リーグ公式戦,ビジター,東北楽天ゴールデンイーグルス,千葉ロッテマリーンズ,加治屋 蓮,6,救援,敗,17,8,1,3,0,0,0,3,3,27.00
20260621_G-D_11,2026-06-21,日,セ・リーグ公式戦,ホーム,読売ジャイアンツ,中日ドラゴンズ,井上 温大,1,先発,,96,22,5.2,17,7,0,0,0,0,0.00
20260621_G-D_11,2026-06-21,日,セ・リーグ公式戦,ホーム,読売ジャイアンツ,中日ドラゴンズ,船迫 大雅,2,救援,H,3,1,0.1,1,0,0,0,0,0,0.00
20260621_G-D_11,2026-06-21,日,セ・リーグ公式戦,ホーム,読売ジャイアンツ,中日ドラゴンズ,田中 瑛斗,3,救援,H,12,4,1,3,0,0,0,0,0,0.00
20260621_G-D_11,2026-06-21,日,セ・リーグ公式戦,ホーム,読売ジャイアンツ,中日ドラゴンズ,大勢,4,救援,敗,27,8,0.2,2,1,0,0,4,0,0.00
20260621_G-D_11,2026-06-21,日,セ・リーグ公式戦,ホーム,読売ジャイアンツ,中日ドラゴンズ,中川 皓太,5,救援,,6,1,0.1,1,1,0,0,0,0,0.00
20260621_G-D_11,2026-06-21,日,セ・リーグ公式戦,ホーム,読売ジャイアンツ,中日ドラゴンズ,田和 廉,6,救援,,21,5,0.1,1,1,0,0,1,1,27.00
20260621_G-D_11,2026-06-21,日,セ・リーグ公式戦,ホーム,読売ジャイアンツ,中日ドラゴンズ,高梨 雄平,7,救援,,9,2,0.2,2,1,0,0,0,0,0.00
20260621_F-H_11,2026-06-21,日,パ・リーグ公式戦,ビジター,福岡ソフトバンクホークス,北海道日本ハムファイターズ,前田 悠伍,1,先発,勝,99,26,7,21,6,0,0,0,0,0.00
20260621_F-H_11,2026-06-21,日,パ・リーグ公式戦,ビジター,福岡ソフトバンクホークス,北海道日本ハムファイターズ,鈴木 豪太,2,救援,,12,4,1,3,0,0,0,0,0,0.00
20260621_F-H_11,2026-06-21,日,パ・リーグ公式戦,ビジター,福岡ソフトバンクホークス,北海道日本ハムファイターズ,伊藤 優輔,3,救援,,13,3,1,3,1,0,0,0,0,0.00
20260621_F-H_11,2026-06-21,日,パ・リーグ公式戦,ホーム,北海道日本ハムファイターズ,福岡ソフトバンクホークス,柴田 獅子,1,先発,敗,45,10,2.1,7,4,0,0,1,1,3.86
20260621_F-H_11,2026-06-21,日,パ・リーグ公式戦,ホーム,北海道日本ハムファイターズ,福岡ソフトバンクホークス,堀 瑞輝,2,救援,,9,2,0.2,2,1,0,0,0,0,0.00
20260621_F-H_11,2026-06-21,日,パ・リーグ公式戦,ホーム,北海道日本ハムファイターズ,福岡ソフトバンクホークス,金村 尚真,3,救援,,94,20,3,9,2,0,0,5,2,6.00
20260621_F-H_11,2026-06-21,日,パ・リーグ公式戦,ホーム,北海道日本ハムファイターズ,福岡ソフトバンクホークス,田中 正義,4,救援,,27,6,1,3,2,0,0,2,2,18.00
20260621_F-H_11,2026-06-21,日,パ・リーグ公式戦,ホーム,北海道日本ハムファイターズ,福岡ソフトバンクホークス,齋藤 友貴哉,5,救援,,28,6,2,6,2,0,0,0,0,0.00
20260620_B-L_11,2026-06-20,土,パ・リーグ公式戦,ホーム,オリックス・バファローズ,埼玉西武ライオンズ,Ｌ．ペルドモ,1,先発,敗,94,24,4.2,14,4,0,0,4,4,7.71
20260620_B-L_11,2026-06-20,土,パ・リーグ公式戦,ホーム,オリックス・バファローズ,埼玉西武ライオンズ,権田 琉成,2,救援,,37,11,2.1,7,2,0,0,0,0,0.00
20260620_B-L_11,2026-06-20,土,パ・リーグ公式戦,ホーム,オリックス・バファローズ,埼玉西武ライオンズ,片山 楽生,3,救援,,34,7,2,6,2,0,0,0,0,0.00
20260620_S-C_10,2026-06-20,土,セ・リーグ公式戦,ビジター,広島東洋カープ,東京ヤクルトスワローズ,森下 暢仁,1,先発,,71,18,4,12,3,0,0,4,4,9.00
20260620_S-C_10,2026-06-20,土,セ・リーグ公式戦,ビジター,広島東洋カープ,東京ヤクルトスワローズ,辻 大雅,2,救援,勝,12,3,1,3,1,0,0,0,0,0.00
20260620_S-C_10,2026-06-20,土,セ・リーグ公式戦,ビジター,広島東洋カープ,東京ヤクルトスワローズ,遠藤 淳志,3,救援,,35,6,1,3,1,0,0,2,2,18.00
20260620_B-L_11,2026-06-20,土,パ・リーグ公式戦,ビジター,埼玉西武ライオンズ,オリックス・バファローズ,隅田 知一郎,1,先発,勝,115,30,9,27,8,0,0,0,0,0.00
20260620_G-D_10,2026-06-20,土,セ・リーグ公式戦,ビジター,中日ドラゴンズ,読売ジャイアンツ,大野 雄大,1,先発,敗,84,26,7,21,6,0,0,1,1,1.29
20260620_G-D_10,2026-06-20,土,セ・リーグ公式戦,ビジター,中日ドラゴンズ,読売ジャイアンツ,藤嶋 健人,2,救援,,13,3,1,3,0,0,0,0,0,0.00
20260620_S-C_10,2026-06-20,土,セ・リーグ公式戦,ホーム,東京ヤクルトスワローズ,広島東洋カープ,松本 健吾,1,先発,,96,23,4.2,14,3,0,0,4,4,7.71
20260620_S-C_10,2026-06-20,土,セ・リーグ公式戦,ホーム,東京ヤクルトスワローズ,広島東洋カープ,阪口 皓亮,2,救援,H,4,1,0.1,1,0,0,0,0,0,0.00
20260620_S-C_10,2026-06-20,土,セ・リーグ公式戦,ホーム,東京ヤクルトスワローズ,広島東洋カープ,廣澤 優,3,救援,敗,40,8,1,3,1,0,0,4,4,36.00
20260620_S-C_10,2026-06-20,土,セ・リーグ公式戦,ホーム,東京ヤクルトスワローズ,広島東洋カープ,清水 昇,4,救援,,5,1,0+,0,0,0,0,0,0,
20260620_G-D_10,2026-06-20,土,セ・リーグ公式戦,ホーム,読売ジャイアンツ,中日ドラゴンズ,Ｆ．ウィットリー,1,先発,勝,109,26,7.2,23,10,0,0,0,0,0.00
20260620_G-D_10,2026-06-20,土,セ・リーグ公式戦,ホーム,読売ジャイアンツ,中日ドラゴンズ,大勢,2,救援,H,4,1,0.1,1,0,0,0,0,0,0.00
20260620_G-D_10,2026-06-20,土,セ・リーグ公式戦,ホーム,読売ジャイアンツ,中日ドラゴンズ,Ｒ．マルティネス,3,救援,S,18,4,1,3,2,0,0,0,0,0.00
20260620_F-H_10,2026-06-20,土,パ・リーグ公式戦,ビジター,福岡ソフトバンクホークス,北海道日本ハムファイターズ,Ｃ．スチュワート・ジュニア,1,先発,,100,22,4.1,13,7,0,0,3,3,6.23
20260620_F-H_10,2026-06-20,土,パ・リーグ公式戦,ビジター,福岡ソフトバンクホークス,北海道日本ハムファイターズ,津森 宥紀,2,救援,勝,12,3,0.2,2,1,0,0,0,0,0.00
20260620_F-H_10,2026-06-20,土,パ・リーグ公式戦,ビジター,福岡ソフトバンクホークス,北海道日本ハムファイターズ,木村 光,3,救援,,24,6,1,3,0,0,0,1,1,9.00
20260620_F-H_10,2026-06-20,土,パ・リーグ公式戦,ビジター,福岡ソフトバンクホークス,北海道日本ハムファイターズ,Ｒ．オスナ,4,救援,,20,3,1,3,1,0,0,0,0,0.00
20260620_F-H_10,2026-06-20,土,パ・リーグ公式戦,ビジター,福岡ソフトバンクホークス,北海道日本ハムファイターズ,上茶谷 大河,5,救援,,14,6,1,3,0,0,0,3,1,9.00
20260620_F-H_10,2026-06-20,土,パ・リーグ公式戦,ビジター,福岡ソフトバンクホークス,北海道日本ハムファイターズ,杉山 一樹,6,救援,S,15,4,1,3,1,0,0,0,0,0.00
20260620_F-H_10,2026-06-20,土,パ・リーグ公式戦,ホーム,北海道日本ハムファイターズ,福岡ソフトバンクホークス,孫 易磊,1,先発,敗,96,20,4+,12,4,0,0,5,4,9.00
20260620_F-H_10,2026-06-20,土,パ・リーグ公式戦,ホーム,北海道日本ハムファイターズ,福岡ソフトバンクホークス,菊地 大稀,2,救援,,18,4,1,3,1,0,0,1,1,9.00
20260620_F-H_10,2026-06-20,土,パ・リーグ公式戦,ホーム,北海道日本ハムファイターズ,福岡ソフトバンクホークス,山本 拓実,3,救援,,27,7,1,3,1,0,0,4,4,36.00
20260620_F-H_10,2026-06-20,土,パ・リーグ公式戦,ホーム,北海道日本ハムファイターズ,福岡ソフトバンクホークス,上原 健太,4,救援,,17,4,1,3,1,0,0,0,0,0.00
20260620_F-H_10,2026-06-20,土,パ・リーグ公式戦,ホーム,北海道日本ハムファイターズ,福岡ソフトバンクホークス,畔柳 亨丞,5,救援,,35,9,2,6,1,1,0,0,0,0.00
20260619_B-L_10,2026-06-19,金,パ・リーグ公式戦,ホーム,オリックス・バファローズ,埼玉西武ライオンズ,Ａ．エスピノーザ,1,先発,,98,26,6,18,3,0,0,5,5,7.50
20260619_B-L_10,2026-06-19,金,パ・リーグ公式戦,ホーム,オリックス・バファローズ,埼玉西武ライオンズ,入山 海斗,2,救援,,27,4,0.2,2,1,0,0,0,0,0.00
20260619_B-L_10,2026-06-19,金,パ・リーグ公式戦,ホーム,オリックス・バファローズ,埼玉西武ライオンズ,権田 琉成,3,救援,,6,1,0.1,1,1,0,0,0,0,0.00
20260619_B-L_10,2026-06-19,金,パ・リーグ公式戦,ホーム,オリックス・バファローズ,埼玉西武ライオンズ,岩嵜 翔,4,救援,,10,3,1,3,0,0,0,0,0,0.00
20260619_B-L_10,2026-06-19,金,パ・リーグ公式戦,ホーム,オリックス・バファローズ,埼玉西武ライオンズ,髙島 泰都,5,救援,,16,3,1,3,2,0,0,0,0,0.00
20260619_B-L_10,2026-06-19,金,パ・リーグ公式戦,ホーム,オリックス・バファローズ,埼玉西武ライオンズ,Ａ．マチャド,6,救援,勝,10,4,1,3,1,0,0,0,0,0.00
20260619_DB-T_09,2026-06-19,金,セ・リーグ公式戦,ホーム,横浜DeNAベイスターズ,阪神タイガース,石田 裕太郎,1,先発,敗,83,23,5,15,7,0,0,7,7,12.60
20260619_DB-T_09,2026-06-19,金,セ・リーグ公式戦,ホーム,横浜DeNAベイスターズ,阪神タイガース,Ｈ．マルセリーノ,2,救援,,28,8,2,6,2,0,0,0,0,0.00
20260619_DB-T_09,2026-06-19,金,セ・リーグ公式戦,ホーム,横浜DeNAベイスターズ,阪神タイガース,宮城 滝太,3,救援,,24,6,1,3,3,0,0,1,1,9.00
20260619_DB-T_09,2026-06-19,金,セ・リーグ公式戦,ホーム,横浜DeNAベイスターズ,阪神タイガース,坂本 裕哉,4,救援,,24,6,1,3,2,1,0,3,3,27.00
20260619_S-C_09,2026-06-19,金,セ・リーグ公式戦,ビジター,広島東洋カープ,東京ヤクルトスワローズ,Ｆ．ターノック,1,先発,敗,82,22,4,12,1,0,0,5,4,9.00
20260619_S-C_09,2026-06-19,金,セ・リーグ公式戦,ビジター,広島東洋カープ,東京ヤクルトスワローズ,黒原 拓未,2,救援,,18,5,1,3,2,0,0,1,1,9.00
20260619_S-C_09,2026-06-19,金,セ・リーグ公式戦,ビジター,広島東洋カープ,東京ヤクルトスワローズ,益田 武尚,3,救援,,39,11,2,6,1,1,0,3,3,13.50
20260619_S-C_09,2026-06-19,金,セ・リーグ公式戦,ビジター,広島東洋カープ,東京ヤクルトスワローズ,鈴木 健矢,4,救援,,15,4,1,3,0,0,0,0,0,0.00
20260619_DB-T_09,2026-06-19,金,セ・リーグ公式戦,ビジター,阪神タイガース,横浜DeNAベイスターズ,村上 頌樹,1,先発,勝,110,28,7,21,8,0,0,3,3,3.86
20260619_DB-T_09,2026-06-19,金,セ・リーグ公式戦,ビジター,阪神タイガース,横浜DeNAベイスターズ,工藤 泰成,2,救援,,9,3,1,3,1,0,0,0,0,0.00
20260619_DB-T_09,2026-06-19,金,セ・リーグ公式戦,ビジター,阪神タイガース,横浜DeNAベイスターズ,石黒 佑弥,3,救援,,8,3,1,3,0,0,0,0,0,0.00
20260619_B-L_10,2026-06-19,金,パ・リーグ公式戦,ビジター,埼玉西武ライオンズ,オリックス・バファローズ,髙橋 光成,1,先発,,102,23,5,15,3,1,0,2,2,3.60
20260619_B-L_10,2026-06-19,金,パ・リーグ公式戦,ビジター,埼玉西武ライオンズ,オリックス・バファローズ,佐藤 隼輔,2,救援,,22,6,0.2,2,1,0,0,2,2,27.00
20260619_B-L_10,2026-06-19,金,パ・リーグ公式戦,ビジター,埼玉西武ライオンズ,オリックス・バファローズ,黒田 将矢,3,救援,H,6,1,0.1,1,1,0,0,0,0,0.00
20260619_B-L_10,2026-06-19,金,パ・リーグ公式戦,ビジター,埼玉西武ライオンズ,オリックス・バファローズ,Ｔ．ウィンゲンター,4,救援,H,11,3,1,3,1,0,0,0,0,0.00
20260619_B-L_10,2026-06-19,金,パ・リーグ公式戦,ビジター,埼玉西武ライオンズ,オリックス・バファローズ,篠原 響,5,救援,H,20,4,1,3,1,0,0,0,0,0.00
20260619_B-L_10,2026-06-19,金,パ・リーグ公式戦,ビジター,埼玉西武ライオンズ,オリックス・バファローズ,岩城 颯空,6,救援,,25,7,1,3,1,0,0,1,1,9.00
20260619_B-L_10,2026-06-19,金,パ・リーグ公式戦,ビジター,埼玉西武ライオンズ,オリックス・バファローズ,浜屋 将太,7,救援,敗,14,4,0.1,1,0,0,0,1,0,0.00
20260619_M-E_09,2026-06-19,金,パ・リーグ公式戦,ホーム,千葉ロッテマリーンズ,東北楽天ゴールデンイーグルス,Ａ．ジャクソン,1,先発,,95,20,4,12,3,0,0,4,2,4.50
20260619_M-E_09,2026-06-19,金,パ・リーグ公式戦,ホーム,千葉ロッテマリーンズ,東北楽天ゴールデンイーグルス,八木 彬,2,救援,勝,34,7,2,6,3,0,0,0,0,0.00
20260619_M-E_09,2026-06-19,金,パ・リーグ公式戦,ホーム,千葉ロッテマリーンズ,東北楽天ゴールデンイーグルス,中森 俊介,3,救援,,15,5,1,3,2,0,0,0,0,0.00
20260619_M-E_09,2026-06-19,金,パ・リーグ公式戦,ホーム,千葉ロッテマリーンズ,東北楽天ゴールデンイーグルス,澤田 圭佑,4,救援,,6,4,1,3,0,0,0,0,0,0.00
20260619_M-E_09,2026-06-19,金,パ・リーグ公式戦,ホーム,千葉ロッテマリーンズ,東北楽天ゴールデンイーグルス,益田 直也,5,救援,,17,4,1,3,1,0,0,1,1,9.00
20260619_G-D_09,2026-06-19,金,セ・リーグ公式戦,ビジター,中日ドラゴンズ,読売ジャイアンツ,金丸 夢斗,1,先発,勝,100,28,6,18,7,0,0,2,2,3.00
20260619_G-D_09,2026-06-19,金,セ・リーグ公式戦,ビジター,中日ドラゴンズ,読売ジャイアンツ,橋本 侑樹,2,救援,H,11,3,1,3,1,0,0,0,0,0.00
20260619_G-D_09,2026-06-19,金,セ・リーグ公式戦,ビジター,中日ドラゴンズ,読売ジャイアンツ,吉田 聖弥,3,救援,H,23,4,1,3,0,0,0,0,0,0.00
20260619_G-D_09,2026-06-19,金,セ・リーグ公式戦,ビジター,中日ドラゴンズ,読売ジャイアンツ,松山 晋也,4,救援,S,16,3,1,3,0,0,0,0,0,0.00
20260619_S-C_09,2026-06-19,金,セ・リーグ公式戦,ホーム,東京ヤクルトスワローズ,広島東洋カープ,吉村 貢司郎,1,先発,勝,83,24,7,21,3,1,0,2,2,2.57
20260619_S-C_09,2026-06-19,金,セ・リーグ公式戦,ホーム,東京ヤクルトスワローズ,広島東洋カープ,丸山 翔大,2,救援,,20,5,1,3,1,0,0,0,0,0.00
20260619_S-C_09,2026-06-19,金,セ・リーグ公式戦,ホーム,東京ヤクルトスワローズ,広島東洋カープ,Ｊ．リランソ,3,救援,,23,4,1,3,1,0,0,0,0,0.00
20260619_M-E_09,2026-06-19,金,パ・リーグ公式戦,ビジター,東北楽天ゴールデンイーグルス,千葉ロッテマリーンズ,荘司 康誠,1,先発,,92,21,5,15,5,0,0,4,4,7.20
20260619_M-E_09,2026-06-19,金,パ・リーグ公式戦,ビジター,東北楽天ゴールデンイーグルス,千葉ロッテマリーンズ,鈴木 翔天,2,救援,敗,25,5,0.2,2,1,0,0,3,3,40.50
20260619_M-E_09,2026-06-19,金,パ・リーグ公式戦,ビジター,東北楽天ゴールデンイーグルス,千葉ロッテマリーンズ,柴田 大地,3,救援,,9,2,0.1,1,0,0,0,1,1,27.00
20260619_M-E_09,2026-06-19,金,パ・リーグ公式戦,ビジター,東北楽天ゴールデンイーグルス,千葉ロッテマリーンズ,泰 勝利,4,救援,,41,10,2,6,3,0,0,0,0,0.00
20260619_G-D_09,2026-06-19,金,セ・リーグ公式戦,ホーム,読売ジャイアンツ,中日ドラゴンズ,竹丸 和幸,1,先発,敗,88,23,5,15,4,0,0,3,3,5.40
20260619_G-D_09,2026-06-19,金,セ・リーグ公式戦,ホーム,読売ジャイアンツ,中日ドラゴンズ,赤星 優志,2,救援,,10,3,1,3,1,0,0,0,0,0.00
20260619_G-D_09,2026-06-19,金,セ・リーグ公式戦,ホーム,読売ジャイアンツ,中日ドラゴンズ,中川 皓太,3,救援,,10,3,1,3,0,0,0,0,0,0.00
20260619_G-D_09,2026-06-19,金,セ・リーグ公式戦,ホーム,読売ジャイアンツ,中日ドラゴンズ,田和 廉,4,救援,,11,3,1,3,1,0,0,0,0,0.00
20260619_G-D_09,2026-06-19,金,セ・リーグ公式戦,ホーム,読売ジャイアンツ,中日ドラゴンズ,堀田 賢慎,5,救援,,12,3,1,3,1,0,0,0,0,0.00
20260619_F-H_09,2026-06-19,金,パ・リーグ公式戦,ビジター,福岡ソフトバンクホークス,北海道日本ハムファイターズ,大津 亮介,1,先発,敗,97,27,7,21,5,0,0,4,4,5.14
20260619_F-H_09,2026-06-19,金,パ・リーグ公式戦,ビジター,福岡ソフトバンクホークス,北海道日本ハムファイターズ,上茶谷 大河,2,救援,,14,3,1,3,1,0,0,0,0,0.00
20260619_F-H_09,2026-06-19,金,パ・リーグ公式戦,ホーム,北海道日本ハムファイターズ,福岡ソフトバンクホークス,伊藤 大海,1,先発,勝,100,24,6,18,10,0,0,2,2,3.00
20260619_F-H_09,2026-06-19,金,パ・リーグ公式戦,ホーム,北海道日本ハムファイターズ,福岡ソフトバンクホークス,達 孝太,2,救援,H,21,6,2,6,0,0,0,0,0,0.00
20260619_F-H_09,2026-06-19,金,パ・リーグ公式戦,ホーム,北海道日本ハムファイターズ,福岡ソフトバンクホークス,柳川 大晟,3,救援,S,29,6,1,3,1,0,0,1,1,9.00
20260617_T-E_03,2026-06-17,水,セ・パ交流戦,ホーム,阪神タイガース,東北楽天ゴールデンイーグルス,大竹 耕太郎,1,先発,勝,60,19,6,18,5,0,0,0,0,0.00
20260617_T-E_03,2026-06-17,水,セ・パ交流戦,ホーム,阪神タイガース,東北楽天ゴールデンイーグルス,工藤 泰成,2,救援,,10,3,1,3,2,0,0,0,0,0.00
20260617_T-E_03,2026-06-17,水,セ・パ交流戦,ホーム,阪神タイガース,東北楽天ゴールデンイーグルス,及川 雅貴,3,救援,,25,5,0.2,2,0,0,0,3,1,13.50
20260617_T-E_03,2026-06-17,水,セ・パ交流戦,ホーム,阪神タイガース,東北楽天ゴールデンイーグルス,Ｒ．ドリス,4,救援,,4,2,0.1,1,0,0,0,0,0,0.00
20260617_T-E_03,2026-06-17,水,セ・パ交流戦,ホーム,阪神タイガース,東北楽天ゴールデンイーグルス,石黒 佑弥,5,救援,,25,4,1,3,1,0,0,0,0,0.00
20260617_T-E_03,2026-06-17,水,セ・パ交流戦,ビジター,東北楽天ゴールデンイーグルス,阪神タイガース,前田 健太,1,先発,敗,75,19,5,15,6,0,0,2,2,3.60
20260617_T-E_03,2026-06-17,水,セ・パ交流戦,ビジター,東北楽天ゴールデンイーグルス,阪神タイガース,藤原 聡大,2,救援,,19,6,1,3,0,0,0,2,2,18.00
20260617_T-E_03,2026-06-17,水,セ・パ交流戦,ビジター,東北楽天ゴールデンイーグルス,阪神タイガース,宋 家豪,3,救援,,15,6,1,3,1,0,0,2,2,18.00
20260617_T-E_03,2026-06-17,水,セ・パ交流戦,ビジター,東北楽天ゴールデンイーグルス,阪神タイガース,九谷 瑠,4,救援,,27,8,1,3,0,0,0,4,0,0.00
20260616_C-F_03,2026-06-16,火,セ・パ交流戦,ホーム,広島東洋カープ,北海道日本ハムファイターズ,斉藤 優汰,1,先発,敗,64,19,5,15,5,0,0,1,1,1.80
20260616_C-F_03,2026-06-16,火,セ・パ交流戦,ホーム,広島東洋カープ,北海道日本ハムファイターズ,遠藤 淳志,2,救援,,12,3,1,3,1,0,0,0,0,0.00
20260616_C-F_03,2026-06-16,火,セ・パ交流戦,ホーム,広島東洋カープ,北海道日本ハムファイターズ,髙 太一,3,救援,,16,3,1,3,1,0,0,0,0,0.00
20260616_C-F_03,2026-06-16,火,セ・パ交流戦,ホーム,広島東洋カープ,北海道日本ハムファイターズ,中﨑 翔太,4,救援,,25,6,1,3,1,0,0,0,0,0.00
20260616_C-F_03,2026-06-16,火,セ・パ交流戦,ホーム,広島東洋カープ,北海道日本ハムファイターズ,辻 大雅,5,救援,,22,6,1,3,0,0,0,1,1,9.00
20260616_T-L_03,2026-06-16,火,セ・パ交流戦,ホーム,阪神タイガース,埼玉西武ライオンズ,才木 浩人,1,先発,敗,97,25,6,18,6,1,0,1,1,1.50
20260616_T-L_03,2026-06-16,火,セ・パ交流戦,ホーム,阪神タイガース,埼玉西武ライオンズ,工藤 泰成,2,救援,,9,3,1,3,3,0,0,0,0,0.00
20260616_T-L_03,2026-06-16,火,セ・パ交流戦,ホーム,阪神タイガース,埼玉西武ライオンズ,木下 里都,3,救援,,17,5,1,3,0,0,0,0,0,0.00
20260616_T-L_03,2026-06-16,火,セ・パ交流戦,ホーム,阪神タイガース,埼玉西武ライオンズ,及川 雅貴,4,救援,,27,5,1,3,1,0,0,0,0,0.00
20260616_T-L_03,2026-06-16,火,セ・パ交流戦,ビジター,埼玉西武ライオンズ,阪神タイガース,武内 夏暉,1,先発,勝,95,21,6,18,10,0,0,0,0,0.00
20260616_T-L_03,2026-06-16,火,セ・パ交流戦,ビジター,埼玉西武ライオンズ,阪神タイガース,Ｔ．ウィンゲンター,2,救援,H,21,5,1,3,1,0,0,0,0,0.00
20260616_T-L_03,2026-06-16,火,セ・パ交流戦,ビジター,埼玉西武ライオンズ,阪神タイガース,篠原 響,3,救援,H,17,4,1,3,1,0,0,0,0,0.00
20260616_T-L_03,2026-06-16,火,セ・パ交流戦,ビジター,埼玉西武ライオンズ,阪神タイガース,甲斐野 央,4,救援,S,21,4,1,3,2,0,0,0,0,0.00
20260616_C-F_03,2026-06-16,火,セ・パ交流戦,ビジター,北海道日本ハムファイターズ,広島東洋カープ,北山 亘基,1,先発,勝,116,25,5.2,17,9,0,0,0,0,0.00
20260616_C-F_03,2026-06-16,火,セ・パ交流戦,ビジター,北海道日本ハムファイターズ,広島東洋カープ,堀 瑞輝,2,救援,H,3,1,0.1,1,0,0,0,0,0,0.00
20260616_C-F_03,2026-06-16,火,セ・パ交流戦,ビジター,北海道日本ハムファイターズ,広島東洋カープ,達 孝太,3,救援,H,9,3,1,3,2,0,0,0,0,0.00
20260616_C-F_03,2026-06-16,火,セ・パ交流戦,ビジター,北海道日本ハムファイターズ,広島東洋カープ,島本 浩也,4,救援,H,8,4,1,3,1,0,0,0,0,0.00
20260616_C-F_03,2026-06-16,火,セ・パ交流戦,ビジター,北海道日本ハムファイターズ,広島東洋カープ,柳川 大晟,5,救援,S,20,3,1,3,2,0,0,0,0,0.00
20260614_B-T_03,2026-06-14,日,セ・パ交流戦,ホーム,オリックス・バファローズ,阪神タイガース,九里 亜蓮,1,先発,,91,24,5,15,5,0,0,2,2,3.60
20260614_B-T_03,2026-06-14,日,セ・パ交流戦,ホーム,オリックス・バファローズ,阪神タイガース,入山 海斗,2,救援,,14,4,1,3,1,0,0,0,0,0.00
20260614_B-T_03,2026-06-14,日,セ・パ交流戦,ホーム,オリックス・バファローズ,阪神タイガース,寺西 成騎,3,救援,,22,5,1,3,1,0,0,0,0,0.00
20260614_B-T_03,2026-06-14,日,セ・パ交流戦,ホーム,オリックス・バファローズ,阪神タイガース,椋木 蓮,4,救援,H,12,4,1,3,0,0,0,0,0,0.00
20260614_B-T_03,2026-06-14,日,セ・パ交流戦,ホーム,オリックス・バファローズ,阪神タイガース,Ａ．マチャド,5,救援,H,11,4,1,3,0,0,0,0,0,0.00
20260614_B-T_03,2026-06-14,日,セ・パ交流戦,ホーム,オリックス・バファローズ,阪神タイガース,吉田 輝星,6,救援,勝,10,3,1,3,1,0,0,0,0,0.00
20260614_M-DB_03,2026-06-14,日,セ・パ交流戦,ビジター,横浜DeNAベイスターズ,千葉ロッテマリーンズ,尾形 崇斗,1,先発,敗,96,22,4.2,14,5,0,0,4,4,7.71
20260614_M-DB_03,2026-06-14,日,セ・パ交流戦,ビジター,横浜DeNAベイスターズ,千葉ロッテマリーンズ,坂本 裕哉,2,救援,,9,3,0.1,1,0,0,0,0,0,0.00
20260614_M-DB_03,2026-06-14,日,セ・パ交流戦,ビジター,横浜DeNAベイスターズ,千葉ロッテマリーンズ,Ｊ．ルイーズ,3,救援,,20,3,1,3,0,0,0,0,0,0.00
20260614_M-DB_03,2026-06-14,日,セ・パ交流戦,ビジター,横浜DeNAベイスターズ,千葉ロッテマリーンズ,伊勢 大夢,4,救援,,30,6,1,3,2,0,0,2,2,18.00
20260614_M-DB_03,2026-06-14,日,セ・パ交流戦,ビジター,横浜DeNAベイスターズ,千葉ロッテマリーンズ,山﨑 康晃,5,救援,,10,3,1,3,0,0,0,0,0,0.00
20260614_E-C_03,2026-06-14,日,セ・パ交流戦,ビジター,広島東洋カープ,東北楽天ゴールデンイーグルス,岡本 駿,1,先発,勝,107,23,7,21,8,0,0,0,0,0.00
20260614_E-C_03,2026-06-14,日,セ・パ交流戦,ビジター,広島東洋カープ,東北楽天ゴールデンイーグルス,Ｔ．ハーン,2,救援,H,18,4,1,3,2,0,0,0,0,0.00
20260614_E-C_03,2026-06-14,日,セ・パ交流戦,ビジター,広島東洋カープ,東北楽天ゴールデンイーグルス,森浦 大輔,3,救援,S,9,4,1,3,1,0,0,0,0,0.00
20260614_B-T_03,2026-06-14,日,セ・パ交流戦,ビジター,阪神タイガース,オリックス・バファローズ,西 勇輝,1,先発,,65,17,4,12,1,0,0,1,1,2.25
20260614_B-T_03,2026-06-14,日,セ・パ交流戦,ビジター,阪神タイガース,オリックス・バファローズ,工藤 泰成,2,救援,H,28,7,2,6,0,0,0,0,0,0.00
20260614_B-T_03,2026-06-14,日,セ・パ交流戦,ビジター,阪神タイガース,オリックス・バファローズ,木下 里都,3,救援,,26,7,2,6,1,0,0,1,1,4.50
20260614_B-T_03,2026-06-14,日,セ・パ交流戦,ビジター,阪神タイガース,オリックス・バファローズ,岩崎 優,4,救援,H,9,3,1,3,1,0,0,0,0,0.00
20260614_B-T_03,2026-06-14,日,セ・パ交流戦,ビジター,阪神タイガース,オリックス・バファローズ,Ｒ．ドリス,5,救援,敗,12,5,0.2,2,1,0,0,1,1,13.50
20260614_L-G_03,2026-06-14,日,セ・パ交流戦,ホーム,埼玉西武ライオンズ,読売ジャイアンツ,Ａ．ワイナンス,1,先発,勝,98,24,6.2,20,7,0,0,0,0,0.00
20260614_L-G_03,2026-06-14,日,セ・パ交流戦,ホーム,埼玉西武ライオンズ,読売ジャイアンツ,Ｔ．ウィンゲンター,2,救援,H,7,2,0.1,1,1,0,0,0,0,0.00
20260614_L-G_03,2026-06-14,日,セ・パ交流戦,ホーム,埼玉西武ライオンズ,読売ジャイアンツ,篠原 響,3,救援,H,13,4,1,3,0,0,0,0,0,0.00
20260614_L-G_03,2026-06-14,日,セ・パ交流戦,ホーム,埼玉西武ライオンズ,読売ジャイアンツ,甲斐野 央,4,救援,S,9,3,1,3,1,0,0,0,0,0.00
20260614_M-DB_03,2026-06-14,日,セ・パ交流戦,ホーム,千葉ロッテマリーンズ,横浜DeNAベイスターズ,Ｓ．ロング,1,先発,,70,19,4,12,1,0,0,1,1,2.25
20260614_M-DB_03,2026-06-14,日,セ・パ交流戦,ホーム,千葉ロッテマリーンズ,横浜DeNAベイスターズ,小野 郁,2,救援,勝,28,5,1,3,0,0,0,1,1,9.00
20260614_M-DB_03,2026-06-14,日,セ・パ交流戦,ホーム,千葉ロッテマリーンズ,横浜DeNAベイスターズ,八木 彬,3,救援,H,18,4,1,3,1,0,0,0,0,0.00
20260614_M-DB_03,2026-06-14,日,セ・パ交流戦,ホーム,千葉ロッテマリーンズ,横浜DeNAベイスターズ,中森 俊介,4,救援,H,8,3,1,3,0,0,0,0,0,0.00
20260614_M-DB_03,2026-06-14,日,セ・パ交流戦,ホーム,千葉ロッテマリーンズ,横浜DeNAベイスターズ,鈴木 昭汰,5,救援,,11,5,1,3,0,0,0,2,2,18.00
20260614_M-DB_03,2026-06-14,日,セ・パ交流戦,ホーム,千葉ロッテマリーンズ,横浜DeNAベイスターズ,横山 陸人,6,救援,S,7,3,1,3,1,0,0,0,0,0.00
20260614_F-D_03,2026-06-14,日,セ・パ交流戦,ビジター,中日ドラゴンズ,北海道日本ハムファイターズ,涌井 秀章,1,先発,,89,25,5+,15,5,0,0,5,5,9.00
20260614_F-D_03,2026-06-14,日,セ・パ交流戦,ビジター,中日ドラゴンズ,北海道日本ハムファイターズ,藤嶋 健人,2,救援,勝,9,3,1,3,1,0,0,0,0,0.00
20260614_F-D_03,2026-06-14,日,セ・パ交流戦,ビジター,中日ドラゴンズ,北海道日本ハムファイターズ,橋本 侑樹,3,救援,H,16,4,1,3,1,0,0,0,0,0.00
20260614_F-D_03,2026-06-14,日,セ・パ交流戦,ビジター,中日ドラゴンズ,北海道日本ハムファイターズ,吉田 聖弥,4,救援,,17,3,1,3,2,0,0,0,0,0.00
20260614_F-D_03,2026-06-14,日,セ・パ交流戦,ビジター,中日ドラゴンズ,北海道日本ハムファイターズ,松山 晋也,5,救援,,18,5,1,3,2,0,0,0,0,0.00
20260614_H-S_03,2026-06-14,日,セ・パ交流戦,ビジター,東京ヤクルトスワローズ,福岡ソフトバンクホークス,奥川 恭伸,1,先発,勝,111,32,9,27,9,0,0,0,0,0.00
20260614_E-C_03,2026-06-14,日,セ・パ交流戦,ホーム,東北楽天ゴールデンイーグルス,広島東洋カープ,藤井 聖,1,先発,敗,111,30,7.1,22,2,0,0,3,3,3.68
20260614_E-C_03,2026-06-14,日,セ・パ交流戦,ホーム,東北楽天ゴールデンイーグルス,広島東洋カープ,中込 陽翔,2,救援,,7,2,0.2,2,1,0,0,0,0,0.00
20260614_E-C_03,2026-06-14,日,セ・パ交流戦,ホーム,東北楽天ゴールデンイーグルス,広島東洋カープ,内 星龍,3,救援,,17,4,1,3,0,1,0,0,0,0.00
20260614_L-G_03,2026-06-14,日,セ・パ交流戦,ビジター,読売ジャイアンツ,埼玉西武ライオンズ,井上 温大,1,先発,敗,98,24,5.2,17,8,0,0,1,1,1.59
20260614_L-G_03,2026-06-14,日,セ・パ交流戦,ビジター,読売ジャイアンツ,埼玉西武ライオンズ,船迫 大雅,2,救援,,4,1,0.1,1,0,0,0,0,0,0.00
20260614_L-G_03,2026-06-14,日,セ・パ交流戦,ビジター,読売ジャイアンツ,埼玉西武ライオンズ,赤星 優志,3,救援,,22,6,2,6,1,0,0,0,0,0.00
20260614_H-S_03,2026-06-14,日,セ・パ交流戦,ホーム,福岡ソフトバンクホークス,東京ヤクルトスワローズ,Ａ．アルメンタ,1,先発,敗,49,13,2.1,7,3,0,0,2,2,7.71
20260614_H-S_03,2026-06-14,日,セ・パ交流戦,ホーム,福岡ソフトバンクホークス,東京ヤクルトスワローズ,鈴木 豪太,2,救援,,19,6,1.2,5,0,0,0,0,0,0.00
20260614_H-S_03,2026-06-14,日,セ・パ交流戦,ホーム,福岡ソフトバンクホークス,東京ヤクルトスワローズ,上茶谷 大河,3,救援,,26,9,2,6,2,0,0,2,2,9.00
20260614_H-S_03,2026-06-14,日,セ・パ交流戦,ホーム,福岡ソフトバンクホークス,東京ヤクルトスワローズ,木村 光,4,救援,,13,3,1,3,0,0,0,0,0,0.00
20260614_H-S_03,2026-06-14,日,セ・パ交流戦,ホーム,福岡ソフトバンクホークス,東京ヤクルトスワローズ,津森 宥紀,5,救援,,15,3,1,3,0,0,0,0,0,0.00
20260614_H-S_03,2026-06-14,日,セ・パ交流戦,ホーム,福岡ソフトバンクホークス,東京ヤクルトスワローズ,中村 稔弥,6,救援,,8,3,1,3,0,0,0,0,0,0.00
20260614_F-D_03,2026-06-14,日,セ・パ交流戦,ホーム,北海道日本ハムファイターズ,中日ドラゴンズ,古林 睿煬,1,先発,,74,20,3.2,11,2,0,0,5,5,12.27
20260614_F-D_03,2026-06-14,日,セ・パ交流戦,ホーム,北海道日本ハムファイターズ,中日ドラゴンズ,河野 竜生,2,救援,,12,2,0.1,1,0,0,0,0,0,0.00
20260614_F-D_03,2026-06-14,日,セ・パ交流戦,ホーム,北海道日本ハムファイターズ,中日ドラゴンズ,菊地 大稀,3,救援,,14,4,1,3,1,0,0,0,0,0.00
20260614_F-D_03,2026-06-14,日,セ・パ交流戦,ホーム,北海道日本ハムファイターズ,中日ドラゴンズ,福谷 浩司,4,救援,敗,19,7,1.1,4,0,0,0,3,3,20.25
20260614_F-D_03,2026-06-14,日,セ・パ交流戦,ホーム,北海道日本ハムファイターズ,中日ドラゴンズ,畔柳 亨丞,5,救援,,30,7,1.2,5,2,0,0,1,1,5.40
20260614_F-D_03,2026-06-14,日,セ・パ交流戦,ホーム,北海道日本ハムファイターズ,中日ドラゴンズ,山本 拓実,6,救援,,12,4,1,3,1,0,0,0,0,0.00
20260613_B-T_02,2026-06-13,土,セ・パ交流戦,ホーム,オリックス・バファローズ,阪神タイガース,Ｓ．ジェリー,1,先発,敗,98,27,6,18,6,0,0,4,2,3.00
20260613_B-T_02,2026-06-13,土,セ・パ交流戦,ホーム,オリックス・バファローズ,阪神タイガース,寺西 成騎,2,救援,,14,3,1,3,1,0,0,0,0,0.00
20260613_B-T_02,2026-06-13,土,セ・パ交流戦,ホーム,オリックス・バファローズ,阪神タイガース,山﨑 颯一郎,3,救援,,9,3,1,3,1,0,0,0,0,0.00
20260613_B-T_02,2026-06-13,土,セ・パ交流戦,ホーム,オリックス・バファローズ,阪神タイガース,岩嵜 翔,4,救援,,28,5,0.2,2,0,0,0,2,2,27.00
20260613_B-T_02,2026-06-13,土,セ・パ交流戦,ホーム,オリックス・バファローズ,阪神タイガース,片山 楽生,5,救援,,1,1,0.1,1,0,0,0,0,0,0.00
20260613_M-DB_02,2026-06-13,土,セ・パ交流戦,ビジター,横浜DeNAベイスターズ,千葉ロッテマリーンズ,篠木 健太郎,1,先発,勝,82,24,5,15,3,0,0,5,5,9.00
20260613_M-DB_02,2026-06-13,土,セ・パ交流戦,ビジター,横浜DeNAベイスターズ,千葉ロッテマリーンズ,Ｊ．ルイーズ,2,救援,,14,3,1,3,1,0,0,0,0,0.00
20260613_M-DB_02,2026-06-13,土,セ・パ交流戦,ビジター,横浜DeNAベイスターズ,千葉ロッテマリーンズ,若松 尚輝,3,救援,,32,9,2,6,1,0,0,1,1,4.50
20260613_M-DB_02,2026-06-13,土,セ・パ交流戦,ビジター,横浜DeNAベイスターズ,千葉ロッテマリーンズ,Ｈ．マルセリーノ,4,救援,,9,3,1,3,1,0,0,0,0,0.00
20260613_E-C_02,2026-06-13,土,セ・パ交流戦,ビジター,広島東洋カープ,東北楽天ゴールデンイーグルス,森下 暢仁,1,先発,勝,107,30,9,27,7,0,0,0,0,0.00
20260613_B-T_02,2026-06-13,土,セ・パ交流戦,ビジター,阪神タイガース,オリックス・バファローズ,髙橋 遥人,1,先発,勝,93,26,6,18,5,0,0,3,2,3.00
20260613_B-T_02,2026-06-13,土,セ・パ交流戦,ビジター,阪神タイガース,オリックス・バファローズ,畠 世周,2,救援,H,15,4,0.2,2,0,0,0,0,0,0.00
20260613_B-T_02,2026-06-13,土,セ・パ交流戦,ビジター,阪神タイガース,オリックス・バファローズ,木下 里都,3,救援,H,3,1,0.1,1,1,0,0,0,0,0.00
20260613_B-T_02,2026-06-13,土,セ・パ交流戦,ビジター,阪神タイガース,オリックス・バファローズ,岩崎 優,4,救援,H,9,3,1,3,1,0,0,0,0,0.00
20260613_B-T_02,2026-06-13,土,セ・パ交流戦,ビジター,阪神タイガース,オリックス・バファローズ,Ｒ．ドリス,5,救援,S,15,3,1,3,3,0,0,0,0,0.00
20260613_L-G_02,2026-06-13,土,セ・パ交流戦,ホーム,埼玉西武ライオンズ,読売ジャイアンツ,隅田 知一郎,1,先発,敗,115,31,9,27,13,0,0,2,2,2.00
20260613_M-DB_02,2026-06-13,土,セ・パ交流戦,ホーム,千葉ロッテマリーンズ,横浜DeNAベイスターズ,田中 晴也,1,先発,敗,60,12,1.1,4,0,0,0,7,7,47.25
20260613_M-DB_02,2026-06-13,土,セ・パ交流戦,ホーム,千葉ロッテマリーンズ,横浜DeNAベイスターズ,坂本 光士郎,2,救援,,32,9,1.2,5,1,0,0,3,3,16.20
20260613_M-DB_02,2026-06-13,土,セ・パ交流戦,ホーム,千葉ロッテマリーンズ,横浜DeNAベイスターズ,廣畑 敦也,3,救援,,82,21,4,12,1,0,0,5,5,11.25
20260613_M-DB_02,2026-06-13,土,セ・パ交流戦,ホーム,千葉ロッテマリーンズ,横浜DeNAベイスターズ,益田 直也,4,救援,,15,4,1,3,2,0,0,0,0,0.00
20260613_M-DB_02,2026-06-13,土,セ・パ交流戦,ホーム,千葉ロッテマリーンズ,横浜DeNAベイスターズ,高野 脩汰,5,救援,,24,6,1,3,1,0,0,1,1,9.00
20260613_F-D_02,2026-06-13,土,セ・パ交流戦,ビジター,中日ドラゴンズ,北海道日本ハムファイターズ,松葉 貴大,1,先発,,76,22,5,15,1,0,0,2,2,3.60
20260613_F-D_02,2026-06-13,土,セ・パ交流戦,ビジター,中日ドラゴンズ,北海道日本ハムファイターズ,藤嶋 健人,2,救援,,17,3,1,3,1,0,0,0,0,0.00
20260613_F-D_02,2026-06-13,土,セ・パ交流戦,ビジター,中日ドラゴンズ,北海道日本ハムファイターズ,吉田 聖弥,3,救援,,18,6,1,3,1,0,0,0,0,0.00
20260613_F-D_02,2026-06-13,土,セ・パ交流戦,ビジター,中日ドラゴンズ,北海道日本ハムファイターズ,橋本 侑樹,4,救援,,14,5,1,3,1,0,0,1,1,9.00
20260613_F-D_02,2026-06-13,土,セ・パ交流戦,ビジター,中日ドラゴンズ,北海道日本ハムファイターズ,草加 勝,5,救援,敗,12,2,0.1,1,0,0,0,1,1,27.00
20260613_H-S_02,2026-06-13,土,セ・パ交流戦,ビジター,東京ヤクルトスワローズ,福岡ソフトバンクホークス,山野 太一,1,先発,敗,111,24,5.2,17,7,0,0,5,5,7.94
20260613_H-S_02,2026-06-13,土,セ・パ交流戦,ビジター,東京ヤクルトスワローズ,福岡ソフトバンクホークス,廣澤 優,2,救援,,11,2,0.1,1,1,0,0,0,0,0.00
20260613_H-S_02,2026-06-13,土,セ・パ交流戦,ビジター,東京ヤクルトスワローズ,福岡ソフトバンクホークス,小澤 怜史,3,救援,,27,5,1,3,2,0,0,2,2,18.00
20260613_H-S_02,2026-06-13,土,セ・パ交流戦,ビジター,東京ヤクルトスワローズ,福岡ソフトバンクホークス,拓也,4,救援,,42,7,1,3,1,0,0,1,1,9.00
20260613_E-C_02,2026-06-13,土,セ・パ交流戦,ホーム,東北楽天ゴールデンイーグルス,広島東洋カープ,早川 隆久,1,先発,敗,101,24,5,15,5,0,0,2,2,3.60
20260613_E-C_02,2026-06-13,土,セ・パ交流戦,ホーム,東北楽天ゴールデンイーグルス,広島東洋カープ,藤原 聡大,2,救援,,10,3,1,3,2,0,0,0,0,0.00
20260613_E-C_02,2026-06-13,土,セ・パ交流戦,ホーム,東北楽天ゴールデンイーグルス,広島東洋カープ,中込 陽翔,3,救援,,16,4,1,3,1,0,0,0,0,0.00
20260613_E-C_02,2026-06-13,土,セ・パ交流戦,ホーム,東北楽天ゴールデンイーグルス,広島東洋カープ,宋 家豪,4,救援,,23,6,1,3,0,0,0,0,0,0.00
20260613_E-C_02,2026-06-13,土,セ・パ交流戦,ホーム,東北楽天ゴールデンイーグルス,広島東洋カープ,泰 勝利,5,救援,,12,3,0.1,1,1,0,0,0,0,0.00
20260613_E-C_02,2026-06-13,土,セ・パ交流戦,ホーム,東北楽天ゴールデンイーグルス,広島東洋カープ,柴田 大地,6,救援,,5,2,0.2,2,1,0,0,0,0,0.00
20260613_L-G_02,2026-06-13,土,セ・パ交流戦,ビジター,読売ジャイアンツ,埼玉西武ライオンズ,Ｆ．ウィットリー,1,先発,勝,73,20,6,18,4,0,0,1,1,1.50
20260613_L-G_02,2026-06-13,土,セ・パ交流戦,ビジター,読売ジャイアンツ,埼玉西武ライオンズ,田中 瑛斗,2,救援,H,17,5,1,3,0,0,0,0,0,0.00
20260613_L-G_02,2026-06-13,土,セ・パ交流戦,ビジター,読売ジャイアンツ,埼玉西武ライオンズ,大勢,3,救援,H,13,3,1,3,3,0,0,0,0,0.00
20260613_L-G_02,2026-06-13,土,セ・パ交流戦,ビジター,読売ジャイアンツ,埼玉西武ライオンズ,Ｒ．マルティネス,4,救援,S,18,5,1,3,2,0,0,0,0,0.00
20260613_H-S_02,2026-06-13,土,セ・パ交流戦,ホーム,福岡ソフトバンクホークス,東京ヤクルトスワローズ,前田 悠伍,1,先発,勝,101,26,7,21,7,0,0,1,1,1.29
20260613_H-S_02,2026-06-13,土,セ・パ交流戦,ホーム,福岡ソフトバンクホークス,東京ヤクルトスワローズ,津森 宥紀,2,救援,,13,4,1,3,0,0,0,0,0,0.00
20260613_H-S_02,2026-06-13,土,セ・パ交流戦,ホーム,福岡ソフトバンクホークス,東京ヤクルトスワローズ,伊藤 優輔,3,救援,,15,4,1,3,1,0,0,0,0,0.00
20260613_F-D_02,2026-06-13,土,セ・パ交流戦,ホーム,北海道日本ハムファイターズ,中日ドラゴンズ,福島 蓮,1,先発,,93,26,7,21,8,1,0,1,1,1.29
20260613_F-D_02,2026-06-13,土,セ・パ交流戦,ホーム,北海道日本ハムファイターズ,中日ドラゴンズ,田中 正義,2,救援,H,18,4,1,3,2,0,0,0,0,0.00
20260613_F-D_02,2026-06-13,土,セ・パ交流戦,ホーム,北海道日本ハムファイターズ,中日ドラゴンズ,柳川 大晟,3,救援,,28,6,0.2,2,0,0,0,2,2,27.00
20260613_F-D_02,2026-06-13,土,セ・パ交流戦,ホーム,北海道日本ハムファイターズ,中日ドラゴンズ,堀 瑞輝,4,救援,勝,8,2,0.1,1,1,0,0,0,0,0.00
20260612_B-T_01,2026-06-12,金,セ・パ交流戦,ホーム,オリックス・バファローズ,阪神タイガース,Ｌ．ペルドモ,1,先発,,60,14,3,9,2,0,0,0,0,0.00
20260612_B-T_01,2026-06-12,金,セ・パ交流戦,ホーム,オリックス・バファローズ,阪神タイガース,入山 海斗,2,救援,勝,14,3,1,3,0,0,0,0,0,0.00
20260612_B-T_01,2026-06-12,金,セ・パ交流戦,ホーム,オリックス・バファローズ,阪神タイガース,髙島 泰都,3,救援,H,23,5,0.2,2,1,0,0,1,1,13.50
20260612_B-T_01,2026-06-12,金,セ・パ交流戦,ホーム,オリックス・バファローズ,阪神タイガース,吉田 輝星,4,救援,H,9,2,0.1,1,0,0,0,0,0,0.00
20260612_B-T_01,2026-06-12,金,セ・パ交流戦,ホーム,オリックス・バファローズ,阪神タイガース,岩嵜 翔,5,救援,H,15,4,1,3,1,0,0,0,0,0.00
20260612_B-T_01,2026-06-12,金,セ・パ交流戦,ホーム,オリックス・バファローズ,阪神タイガース,山﨑 颯一郎,6,救援,H,15,3,1,3,2,0,0,0,0,0.00
20260612_B-T_01,2026-06-12,金,セ・パ交流戦,ホーム,オリックス・バファローズ,阪神タイガース,椋木 蓮,7,救援,H,10,3,1,3,0,0,0,0,0,0.00
20260612_B-T_01,2026-06-12,金,セ・パ交流戦,ホーム,オリックス・バファローズ,阪神タイガース,Ａ．マチャド,8,救援,S,13,3,1,3,1,0,0,0,0,0.00
20260612_M-DB_01,2026-06-12,金,セ・パ交流戦,ビジター,横浜DeNAベイスターズ,千葉ロッテマリーンズ,入江 大生,1,先発,,71,19,5,15,3,0,0,2,2,3.60
20260612_M-DB_01,2026-06-12,金,セ・パ交流戦,ビジター,横浜DeNAベイスターズ,千葉ロッテマリーンズ,伊勢 大夢,2,救援,H,12,3,1,3,1,0,0,0,0,0.00
20260612_M-DB_01,2026-06-12,金,セ・パ交流戦,ビジター,横浜DeNAベイスターズ,千葉ロッテマリーンズ,中川 虎大,3,救援,H,11,3,1,3,1,0,0,0,0,0.00
20260612_M-DB_01,2026-06-12,金,セ・パ交流戦,ビジター,横浜DeNAベイスターズ,千葉ロッテマリーンズ,Ｓ．レイノルズ,4,救援,H,15,3,1,3,1,0,0,0,0,0.00
20260612_M-DB_01,2026-06-12,金,セ・パ交流戦,ビジター,横浜DeNAベイスターズ,千葉ロッテマリーンズ,宮城 滝太,5,救援,敗,14,5,0.2,2,0,0,0,1,1,13.50
20260612_E-C_01,2026-06-12,金,セ・パ交流戦,ビジター,広島東洋カープ,東北楽天ゴールデンイーグルス,玉村 昇悟,1,先発,敗,102,26,7,21,3,0,0,2,2,2.57
20260612_E-C_01,2026-06-12,金,セ・パ交流戦,ビジター,広島東洋カープ,東北楽天ゴールデンイーグルス,遠藤 淳志,2,救援,,19,5,1,3,0,0,0,0,0,0.00
20260612_B-T_01,2026-06-12,金,セ・パ交流戦,ビジター,阪神タイガース,オリックス・バファローズ,村上 頌樹,1,先発,敗,111,27,7,21,5,0,0,2,2,2.57
20260612_B-T_01,2026-06-12,金,セ・パ交流戦,ビジター,阪神タイガース,オリックス・バファローズ,木下 里都,2,救援,,14,3,1,3,1,0,0,0,0,0.00
20260612_L-G_01,2026-06-12,金,セ・パ交流戦,ホーム,埼玉西武ライオンズ,読売ジャイアンツ,髙橋 光成,1,先発,勝,105,24,7,21,10,0,0,0,0,0.00
20260612_L-G_01,2026-06-12,金,セ・パ交流戦,ホーム,埼玉西武ライオンズ,読売ジャイアンツ,佐藤 隼輔,2,救援,H,15,3,1,3,2,0,0,0,0,0.00
20260612_L-G_01,2026-06-12,金,セ・パ交流戦,ホーム,埼玉西武ライオンズ,読売ジャイアンツ,甲斐野 央,3,救援,S,18,5,1,3,1,0,0,0,0,0.00
20260612_M-DB_01,2026-06-12,金,セ・パ交流戦,ホーム,千葉ロッテマリーンズ,横浜DeNAベイスターズ,廣池 康志郎,1,先発,,113,32,8,24,5,0,0,2,2,2.25
20260612_M-DB_01,2026-06-12,金,セ・パ交流戦,ホーム,千葉ロッテマリーンズ,横浜DeNAベイスターズ,鈴木 昭汰,2,救援,勝,12,3,1,3,1,0,0,0,0,0.00
20260612_F-D_01,2026-06-12,金,セ・パ交流戦,ビジター,中日ドラゴンズ,北海道日本ハムファイターズ,柳 裕也,1,先発,敗,116,25,5,15,5,0,0,3,3,5.40
20260612_F-D_01,2026-06-12,金,セ・パ交流戦,ビジター,中日ドラゴンズ,北海道日本ハムファイターズ,齋藤 綱記,2,救援,,7,3,1,3,1,0,0,0,0,0.00
20260612_F-D_01,2026-06-12,金,セ・パ交流戦,ビジター,中日ドラゴンズ,北海道日本ハムファイターズ,草加 勝,3,救援,,14,4,1,3,1,0,0,0,0,0.00
20260612_F-D_01,2026-06-12,金,セ・パ交流戦,ビジター,中日ドラゴンズ,北海道日本ハムファイターズ,篠﨑 国忠,4,救援,,14,3,1,3,1,0,0,0,0,0.00
20260612_H-S_01,2026-06-12,金,セ・パ交流戦,ビジター,東京ヤクルトスワローズ,福岡ソフトバンクホークス,吉村 貢司郎,1,先発,勝,85,24,5.2,17,2,1,0,2,2,3.18
20260612_H-S_01,2026-06-12,金,セ・パ交流戦,ビジター,東京ヤクルトスワローズ,福岡ソフトバンクホークス,丸山 翔大,2,救援,H,10,2,0.1,1,1,0,0,0,0,0.00
20260612_H-S_01,2026-06-12,金,セ・パ交流戦,ビジター,東京ヤクルトスワローズ,福岡ソフトバンクホークス,清水 昇,3,救援,H,17,3,1,3,3,0,0,0,0,0.00
20260612_H-S_01,2026-06-12,金,セ・パ交流戦,ビジター,東京ヤクルトスワローズ,福岡ソフトバンクホークス,星 知弥,4,救援,H,7,3,1,3,0,0,0,0,0,0.00
20260612_H-S_01,2026-06-12,金,セ・パ交流戦,ビジター,東京ヤクルトスワローズ,福岡ソフトバンクホークス,Ｊ．キハダ,5,救援,S,15,4,1,3,1,0,0,0,0,0.00
20260612_E-C_01,2026-06-12,金,セ・パ交流戦,ホーム,東北楽天ゴールデンイーグルス,広島東洋カープ,岸 孝之,1,先発,勝,109,29,7,21,5,0,0,1,1,1.29
20260612_E-C_01,2026-06-12,金,セ・パ交流戦,ホーム,東北楽天ゴールデンイーグルス,広島東洋カープ,九谷 瑠,2,救援,H,12,4,1,3,2,0,0,0,0,0.00
20260612_E-C_01,2026-06-12,金,セ・パ交流戦,ホーム,東北楽天ゴールデンイーグルス,広島東洋カープ,藤平 尚真,3,救援,S,29,6,1,3,1,0,0,0,0,0.00
20260612_L-G_01,2026-06-12,金,セ・パ交流戦,ビジター,読売ジャイアンツ,埼玉西武ライオンズ,竹丸 和幸,1,先発,敗,105,29,7.2,23,12,0,0,3,1,1.17
20260612_L-G_01,2026-06-12,金,セ・パ交流戦,ビジター,読売ジャイアンツ,埼玉西武ライオンズ,堀田 賢慎,2,救援,,2,1,0.1,1,0,0,0,0,0,0.00
20260612_H-S_01,2026-06-12,金,セ・パ交流戦,ホーム,福岡ソフトバンクホークス,東京ヤクルトスワローズ,前田 純,1,先発,敗,82,20,5.1,16,6,0,0,4,4,6.75
20260612_H-S_01,2026-06-12,金,セ・パ交流戦,ホーム,福岡ソフトバンクホークス,東京ヤクルトスワローズ,上茶谷 大河,2,救援,,10,4,0.2,2,1,0,0,0,0,0.00
20260612_H-S_01,2026-06-12,金,セ・パ交流戦,ホーム,福岡ソフトバンクホークス,東京ヤクルトスワローズ,鈴木 豪太,3,救援,,13,3,1,3,1,0,0,0,0,0.00
20260612_H-S_01,2026-06-12,金,セ・パ交流戦,ホーム,福岡ソフトバンクホークス,東京ヤクルトスワローズ,中村 稔弥,4,救援,,14,4,1,3,1,0,0,0,0,0.00
20260612_H-S_01,2026-06-12,金,セ・パ交流戦,ホーム,福岡ソフトバンクホークス,東京ヤクルトスワローズ,伊藤 優輔,5,救援,,13,4,1,3,0,0,0,0,0,0.00
20260612_F-D_01,2026-06-12,金,セ・パ交流戦,ホーム,北海道日本ハムファイターズ,中日ドラゴンズ,細野 晴希,1,先発,勝,111,28,6.2,20,11,1,0,1,0,0.00
20260612_F-D_01,2026-06-12,金,セ・パ交流戦,ホーム,北海道日本ハムファイターズ,中日ドラゴンズ,山本 拓実,2,救援,H,4,1,0.1,1,0,0,0,0,0,0.00
20260612_F-D_01,2026-06-12,金,セ・パ交流戦,ホーム,北海道日本ハムファイターズ,中日ドラゴンズ,畔柳 亨丞,3,救援,H,18,3,1,3,2,0,0,0,0,0.00
20260612_F-D_01,2026-06-12,金,セ・パ交流戦,ホーム,北海道日本ハムファイターズ,中日ドラゴンズ,島本 浩也,4,救援,S,15,4,1,3,0,0,0,0,0,0.00
20260611_B-S_03,2026-06-11,木,セ・パ交流戦,ホーム,オリックス・バファローズ,東京ヤクルトスワローズ,Ａ．エスピノーザ,1,先発,勝,96,25,7,21,5,0,0,1,0,0.00
20260611_B-S_03,2026-06-11,木,セ・パ交流戦,ホーム,オリックス・バファローズ,東京ヤクルトスワローズ,椋木 蓮,2,救援,H,12,4,1,3,1,0,0,0,0,0.00
20260611_B-S_03,2026-06-11,木,セ・パ交流戦,ホーム,オリックス・バファローズ,東京ヤクルトスワローズ,Ａ．マチャド,3,救援,S,10,4,1,3,2,0,0,1,1,9.00
20260611_F-DB_03,2026-06-11,木,セ・パ交流戦,ビジター,横浜DeNAベイスターズ,北海道日本ハムファイターズ,東 克樹,1,先発,敗,105,30,7.1,22,5,0,0,3,3,3.68
20260611_F-DB_03,2026-06-11,木,セ・パ交流戦,ビジター,横浜DeNAベイスターズ,北海道日本ハムファイターズ,坂本 裕哉,2,救援,,12,2,0.2,2,2,0,0,0,0,0.00
20260611_L-C_03,2026-06-11,木,セ・パ交流戦,ビジター,広島東洋カープ,埼玉西武ライオンズ,Ｆ．ターノック,1,先発,敗,85,22,4.2,14,5,0,0,3,3,5.79
20260611_L-C_03,2026-06-11,木,セ・パ交流戦,ビジター,広島東洋カープ,埼玉西武ライオンズ,辻 大雅,2,救援,,12,2,0.1,1,0,0,0,0,0,0.00
20260611_L-C_03,2026-06-11,木,セ・パ交流戦,ビジター,広島東洋カープ,埼玉西武ライオンズ,中﨑 翔太,3,救援,,18,3,1,3,1,0,0,0,0,0.00
20260611_L-C_03,2026-06-11,木,セ・パ交流戦,ビジター,広島東洋カープ,埼玉西武ライオンズ,鈴木 健矢,4,救援,,24,4,1,3,1,0,0,0,0,0.00
20260611_L-C_03,2026-06-11,木,セ・パ交流戦,ビジター,広島東洋カープ,埼玉西武ライオンズ,塹江 敦哉,5,救援,,18,5,1,3,1,0,0,1,1,9.00
20260611_H-T_03,2026-06-11,木,セ・パ交流戦,ビジター,阪神タイガース,福岡ソフトバンクホークス,伊藤 将司,1,先発,,77,18,5,15,7,0,0,2,2,3.60
20260611_H-T_03,2026-06-11,木,セ・パ交流戦,ビジター,阪神タイガース,福岡ソフトバンクホークス,湯浅 京己,2,救援,H,22,5,1,3,0,0,0,0,0,0.00
20260611_H-T_03,2026-06-11,木,セ・パ交流戦,ビジター,阪神タイガース,福岡ソフトバンクホークス,畠 世周,3,救援,敗,15,5,1,3,1,0,0,1,1,9.00
20260611_H-T_03,2026-06-11,木,セ・パ交流戦,ビジター,阪神タイガース,福岡ソフトバンクホークス,及川 雅貴,4,救援,,13,4,1,3,0,0,0,0,0,0.00
20260611_L-C_03,2026-06-11,木,セ・パ交流戦,ホーム,埼玉西武ライオンズ,広島東洋カープ,平良 海馬,1,先発,勝,91,23,6,18,6,1,0,1,1,1.50
20260611_L-C_03,2026-06-11,木,セ・パ交流戦,ホーム,埼玉西武ライオンズ,広島東洋カープ,Ｔ．ウィンゲンター,2,救援,H,16,4,1,3,1,0,0,0,0,0.00
20260611_L-C_03,2026-06-11,木,セ・パ交流戦,ホーム,埼玉西武ライオンズ,広島東洋カープ,黒田 将矢,3,救援,H,22,5,1,3,3,0,0,0,0,0.00
20260611_L-C_03,2026-06-11,木,セ・パ交流戦,ホーム,埼玉西武ライオンズ,広島東洋カープ,甲斐野 央,4,救援,S,12,3,1,3,0,0,0,0,0,0.00
20260611_M-D_03,2026-06-11,木,セ・パ交流戦,ホーム,千葉ロッテマリーンズ,中日ドラゴンズ,小島 和哉,1,先発,,91,23,5.2,17,7,0,0,1,1,1.59
20260611_M-D_03,2026-06-11,木,セ・パ交流戦,ホーム,千葉ロッテマリーンズ,中日ドラゴンズ,小野 郁,2,救援,H,5,1,0.1,1,1,0,0,0,0,0.00
20260611_M-D_03,2026-06-11,木,セ・パ交流戦,ホーム,千葉ロッテマリーンズ,中日ドラゴンズ,中森 俊介,3,救援,H,22,5,1,3,0,0,0,0,0,0.00
20260611_M-D_03,2026-06-11,木,セ・パ交流戦,ホーム,千葉ロッテマリーンズ,中日ドラゴンズ,鈴木 昭汰,4,救援,,12,4,1,3,0,0,0,1,1,9.00
20260611_M-D_03,2026-06-11,木,セ・パ交流戦,ホーム,千葉ロッテマリーンズ,中日ドラゴンズ,横山 陸人,5,救援,H,24,5,1,3,0,0,0,0,0,0.00
20260611_M-D_03,2026-06-11,木,セ・パ交流戦,ホーム,千葉ロッテマリーンズ,中日ドラゴンズ,澤田 圭佑,6,救援,勝,11,3,1,3,1,0,0,0,0,0.00
20260611_M-D_03,2026-06-11,木,セ・パ交流戦,ビジター,中日ドラゴンズ,千葉ロッテマリーンズ,金丸 夢斗,1,先発,,114,27,6,18,5,1,0,2,2,3.00
20260611_M-D_03,2026-06-11,木,セ・パ交流戦,ビジター,中日ドラゴンズ,千葉ロッテマリーンズ,橋本 侑樹,2,救援,,12,3,1,3,1,0,0,0,0,0.00
20260611_M-D_03,2026-06-11,木,セ・パ交流戦,ビジター,中日ドラゴンズ,千葉ロッテマリーンズ,吉田 聖弥,3,救援,H,10,3,1,3,1,0,0,0,0,0.00
20260611_M-D_03,2026-06-11,木,セ・パ交流戦,ビジター,中日ドラゴンズ,千葉ロッテマリーンズ,藤嶋 健人,4,救援,H,14,3,1,3,1,0,0,0,0,0.00
20260611_M-D_03,2026-06-11,木,セ・パ交流戦,ビジター,中日ドラゴンズ,千葉ロッテマリーンズ,伊藤 茉央,5,救援,敗,12,5,0.2,2,0,0,0,1,1,13.50
20260611_B-S_03,2026-06-11,木,セ・パ交流戦,ビジター,東京ヤクルトスワローズ,オリックス・バファローズ,下川 隼佑,1,先発,敗,76,19,4.1,13,2,0,0,3,3,6.23
20260611_B-S_03,2026-06-11,木,セ・パ交流戦,ビジター,東京ヤクルトスワローズ,オリックス・バファローズ,廣澤 優,2,救援,,22,5,1.2,5,2,0,0,0,0,0.00
20260611_B-S_03,2026-06-11,木,セ・パ交流戦,ビジター,東京ヤクルトスワローズ,オリックス・バファローズ,Ｊ．リランソ,3,救援,,17,6,1,3,0,0,0,1,0,0.00
20260611_B-S_03,2026-06-11,木,セ・パ交流戦,ビジター,東京ヤクルトスワローズ,オリックス・バファローズ,阪口 皓亮,4,救援,,17,5,1,3,1,0,0,0,0,0.00
20260611_E-G_03,2026-06-11,木,セ・パ交流戦,ホーム,東北楽天ゴールデンイーグルス,読売ジャイアンツ,瀧中 瞭太,1,先発,勝,109,30,8,24,6,0,0,2,2,2.25
20260611_E-G_03,2026-06-11,木,セ・パ交流戦,ホーム,東北楽天ゴールデンイーグルス,読売ジャイアンツ,藤平 尚真,2,救援,,11,3,1,3,1,0,0,0,0,0.00
20260611_E-G_03,2026-06-11,木,セ・パ交流戦,ビジター,読売ジャイアンツ,東北楽天ゴールデンイーグルス,田中 将大,1,先発,敗,50,14,2,6,0,0,0,5,5,22.50
20260611_E-G_03,2026-06-11,木,セ・パ交流戦,ビジター,読売ジャイアンツ,東北楽天ゴールデンイーグルス,森田 駿哉,2,救援,,86,23,4.1,13,1,0,0,3,3,6.23
20260611_E-G_03,2026-06-11,木,セ・パ交流戦,ビジター,読売ジャイアンツ,東北楽天ゴールデンイーグルス,田和 廉,3,救援,,28,6,1.2,5,2,0,0,0,0,0.00
20260611_H-T_03,2026-06-11,木,セ・パ交流戦,ホーム,福岡ソフトバンクホークス,阪神タイガース,Ｃ．スチュワート・ジュニア,1,先発,,88,25,5.2,17,8,0,0,2,2,3.18
20260611_H-T_03,2026-06-11,木,セ・パ交流戦,ホーム,福岡ソフトバンクホークス,阪神タイガース,津森 宥紀,2,救援,H,4,1,0.1,1,0,0,0,0,0,0.00
20260611_H-T_03,2026-06-11,木,セ・パ交流戦,ホーム,福岡ソフトバンクホークス,阪神タイガース,木村 光,3,救援,勝,25,6,1,3,1,0,0,0,0,0.00
20260611_H-T_03,2026-06-11,木,セ・パ交流戦,ホーム,福岡ソフトバンクホークス,阪神タイガース,松本 裕樹,4,救援,H,14,3,1,3,2,0,0,0,0,0.00
20260611_H-T_03,2026-06-11,木,セ・パ交流戦,ホーム,福岡ソフトバンクホークス,阪神タイガース,杉山 一樹,5,救援,S,15,4,1,3,1,0,0,0,0,0.00
20260611_F-DB_03,2026-06-11,木,セ・パ交流戦,ホーム,北海道日本ハムファイターズ,横浜DeNAベイスターズ,孫 易磊,1,先発,勝,95,21,6,18,8,0,0,0,0,0.00
20260611_F-DB_03,2026-06-11,木,セ・パ交流戦,ホーム,北海道日本ハムファイターズ,横浜DeNAベイスターズ,島本 浩也,2,救援,H,16,4,1,3,1,0,0,0,0,0.00
20260611_F-DB_03,2026-06-11,木,セ・パ交流戦,ホーム,北海道日本ハムファイターズ,横浜DeNAベイスターズ,田中 正義,3,救援,H,13,3,1,3,2,0,0,0,0,0.00
20260611_F-DB_03,2026-06-11,木,セ・パ交流戦,ホーム,北海道日本ハムファイターズ,横浜DeNAベイスターズ,柳川 大晟,4,救援,S,7,3,1,3,1,0,0,0,0,0.00
20260610_B-S_02,2026-06-10,水,セ・パ交流戦,ホーム,オリックス・バファローズ,東京ヤクルトスワローズ,曽谷 龍平,1,先発,勝,125,33,9,27,4,0,0,4,4,4.00
20260610_F-DB_02,2026-06-10,水,セ・パ交流戦,ビジター,横浜DeNAベイスターズ,北海道日本ハムファイターズ,石田 裕太郎,1,先発,敗,95,27,6.1,19,4,0,0,4,4,5.68
20260610_F-DB_02,2026-06-10,水,セ・パ交流戦,ビジター,横浜DeNAベイスターズ,北海道日本ハムファイターズ,中川 虎大,2,救援,,19,5,0.2,2,2,0,0,0,0,0.00
20260610_F-DB_02,2026-06-10,水,セ・パ交流戦,ビジター,横浜DeNAベイスターズ,北海道日本ハムファイターズ,宮城 滝太,3,救援,,13,3,1,3,1,0,0,0,0,0.00
20260610_L-C_02,2026-06-10,水,セ・パ交流戦,ビジター,広島東洋カープ,埼玉西武ライオンズ,森 翔平,1,先発,,79,20,4.1,13,3,0,0,3,3,6.23
20260610_L-C_02,2026-06-10,水,セ・パ交流戦,ビジター,広島東洋カープ,埼玉西武ライオンズ,鈴木 健矢,2,救援,,26,7,1.2,5,1,0,0,0,0,0.00
20260610_L-C_02,2026-06-10,水,セ・パ交流戦,ビジター,広島東洋カープ,埼玉西武ライオンズ,益田 武尚,3,救援,,28,6,1,3,1,0,0,1,1,9.00
20260610_L-C_02,2026-06-10,水,セ・パ交流戦,ビジター,広島東洋カープ,埼玉西武ライオンズ,塹江 敦哉,4,救援,,19,5,1,3,0,1,0,0,0,0.00
20260610_L-C_02,2026-06-10,水,セ・パ交流戦,ビジター,広島東洋カープ,埼玉西武ライオンズ,Ｔ．ハーン,5,救援,H,29,6,1,3,3,0,0,0,0,0.00
20260610_L-C_02,2026-06-10,水,セ・パ交流戦,ビジター,広島東洋カープ,埼玉西武ライオンズ,髙 太一,6,救援,敗,9,4,0.2,2,0,0,0,1,1,13.50
20260610_H-T_02,2026-06-10,水,セ・パ交流戦,ビジター,阪神タイガース,福岡ソフトバンクホークス,大竹 耕太郎,1,先発,敗,92,23,5,15,2,0,0,3,2,3.60
20260610_H-T_02,2026-06-10,水,セ・パ交流戦,ビジター,阪神タイガース,福岡ソフトバンクホークス,畠 世周,2,救援,,18,4,1,3,2,0,0,0,0,0.00
20260610_H-T_02,2026-06-10,水,セ・パ交流戦,ビジター,阪神タイガース,福岡ソフトバンクホークス,及川 雅貴,3,救援,,27,7,0.2,2,0,0,0,3,3,40.50
20260610_H-T_02,2026-06-10,水,セ・パ交流戦,ビジター,阪神タイガース,福岡ソフトバンクホークス,津田 淳哉,4,救援,,29,6,1.1,4,2,0,0,0,0,0.00
20260610_L-C_02,2026-06-10,水,セ・パ交流戦,ホーム,埼玉西武ライオンズ,広島東洋カープ,渡邉 勇太朗,1,先発,,108,28,7,21,4,0,0,2,2,2.57
20260610_L-C_02,2026-06-10,水,セ・パ交流戦,ホーム,埼玉西武ライオンズ,広島東洋カープ,篠原 響,2,救援,H,9,4,1,3,0,0,0,0,0,0.00
20260610_L-C_02,2026-06-10,水,セ・パ交流戦,ホーム,埼玉西武ライオンズ,広島東洋カープ,岩城 颯空,3,救援,,19,5,1,3,1,0,0,2,2,18.00
20260610_L-C_02,2026-06-10,水,セ・パ交流戦,ホーム,埼玉西武ライオンズ,広島東洋カープ,佐藤 隼輔,4,救援,勝,16,4,1,3,1,0,0,0,0,0.00
20260610_M-D_02,2026-06-10,水,セ・パ交流戦,ホーム,千葉ロッテマリーンズ,中日ドラゴンズ,毛利 海大,1,先発,敗,98,22,3,9,1,0,0,10,10,30.00
20260610_M-D_02,2026-06-10,水,セ・パ交流戦,ホーム,千葉ロッテマリーンズ,中日ドラゴンズ,八木 彬,2,救援,,31,7,2,6,0,0,0,0,0,0.00
20260610_M-D_02,2026-06-10,水,セ・パ交流戦,ホーム,千葉ロッテマリーンズ,中日ドラゴンズ,坂本 光士郎,3,救援,,29,8,2,6,4,0,0,1,1,4.50
20260610_M-D_02,2026-06-10,水,セ・パ交流戦,ホーム,千葉ロッテマリーンズ,中日ドラゴンズ,益田 直也,4,救援,,26,7,2,6,2,0,0,0,0,0.00
20260610_M-D_02,2026-06-10,水,セ・パ交流戦,ビジター,中日ドラゴンズ,千葉ロッテマリーンズ,櫻井 頼之介,1,先発,勝,123,34,8,24,6,0,0,3,3,3.38
20260610_M-D_02,2026-06-10,水,セ・パ交流戦,ビジター,中日ドラゴンズ,千葉ロッテマリーンズ,篠﨑 国忠,2,救援,,29,6,1,3,1,0,0,1,1,9.00
20260610_B-S_02,2026-06-10,水,セ・パ交流戦,ビジター,東京ヤクルトスワローズ,オリックス・バファローズ,高橋 奎二,1,先発,敗,117,26,4.2,14,4,0,0,4,4,7.71
20260610_B-S_02,2026-06-10,水,セ・パ交流戦,ビジター,東京ヤクルトスワローズ,オリックス・バファローズ,荘司 宏太,2,救援,,27,6,0.1,1,0,0,0,4,4,108.00
20260610_B-S_02,2026-06-10,水,セ・パ交流戦,ビジター,東京ヤクルトスワローズ,オリックス・バファローズ,小澤 怜史,3,救援,,29,8,2,6,2,0,0,0,0,0.00
20260610_B-S_02,2026-06-10,水,セ・パ交流戦,ビジター,東京ヤクルトスワローズ,オリックス・バファローズ,阪口 皓亮,4,救援,,8,3,1,3,1,0,0,0,0,0.00
20260610_E-G_02,2026-06-10,水,セ・パ交流戦,ホーム,東北楽天ゴールデンイーグルス,読売ジャイアンツ,古謝 樹,1,先発,敗,20,4,1,3,1,0,0,1,1,9.00
20260610_E-G_02,2026-06-10,水,セ・パ交流戦,ホーム,東北楽天ゴールデンイーグルス,読売ジャイアンツ,藤原 聡大,2,救援,,32,8,2,6,4,0,0,1,1,4.50
20260610_E-G_02,2026-06-10,水,セ・パ交流戦,ホーム,東北楽天ゴールデンイーグルス,読売ジャイアンツ,柴田 大地,3,救援,,23,5,1,3,0,0,0,1,0,0.00
20260610_E-G_02,2026-06-10,水,セ・パ交流戦,ホーム,東北楽天ゴールデンイーグルス,読売ジャイアンツ,西垣 雅矢,4,救援,,11,3,1,3,1,0,0,0,0,0.00
20260610_E-G_02,2026-06-10,水,セ・パ交流戦,ホーム,東北楽天ゴールデンイーグルス,読売ジャイアンツ,加治屋 蓮,5,救援,,16,3,1,3,2,0,0,0,0,0.00
20260610_E-G_02,2026-06-10,水,セ・パ交流戦,ホーム,東北楽天ゴールデンイーグルス,読売ジャイアンツ,鈴木 翔天,6,救援,,38,7,1,3,1,0,0,3,1,9.00
20260610_E-G_02,2026-06-10,水,セ・パ交流戦,ホーム,東北楽天ゴールデンイーグルス,読売ジャイアンツ,宋 家豪,7,救援,,18,5,1,3,2,0,0,1,1,9.00
20260610_E-G_02,2026-06-10,水,セ・パ交流戦,ホーム,東北楽天ゴールデンイーグルス,読売ジャイアンツ,津留﨑 大成,8,救援,,14,3,1,3,3,0,0,0,0,0.00
20260610_E-G_02,2026-06-10,水,セ・パ交流戦,ビジター,読売ジャイアンツ,東北楽天ゴールデンイーグルス,戸郷 翔征,1,先発,勝,134,34,9,27,14,0,0,0,0,0.00
20260610_H-T_02,2026-06-10,水,セ・パ交流戦,ホーム,福岡ソフトバンクホークス,阪神タイガース,松本 晴,1,先発,勝,81,21,5,15,7,0,0,2,2,3.60
20260610_H-T_02,2026-06-10,水,セ・パ交流戦,ホーム,福岡ソフトバンクホークス,阪神タイガース,木村 光,2,救援,H,16,4,1,3,0,0,0,0,0,0.00
20260610_H-T_02,2026-06-10,水,セ・パ交流戦,ホーム,福岡ソフトバンクホークス,阪神タイガース,Ｒ．オスナ,3,救援,H,13,3,1,3,0,0,0,0,0,0.00
20260610_H-T_02,2026-06-10,水,セ・パ交流戦,ホーム,福岡ソフトバンクホークス,阪神タイガース,松本 裕樹,4,救援,,14,4,1,3,0,0,0,0,0,0.00
20260610_H-T_02,2026-06-10,水,セ・パ交流戦,ホーム,福岡ソフトバンクホークス,阪神タイガース,杉山 一樹,5,救援,,17,3,1,3,1,0,0,0,0,0.00
20260610_F-DB_02,2026-06-10,水,セ・パ交流戦,ホーム,北海道日本ハムファイターズ,横浜DeNAベイスターズ,加藤 貴之,1,先発,勝,103,25,7,21,4,0,0,2,2,2.57
20260610_F-DB_02,2026-06-10,水,セ・パ交流戦,ホーム,北海道日本ハムファイターズ,横浜DeNAベイスターズ,田中 正義,2,救援,H,17,4,1,3,2,0,0,0,0,0.00
20260610_F-DB_02,2026-06-10,水,セ・パ交流戦,ホーム,北海道日本ハムファイターズ,横浜DeNAベイスターズ,柳川 大晟,3,救援,S,20,4,1,3,1,0,0,0,0,0.00
20260609_B-S_01,2026-06-09,火,セ・パ交流戦,ホーム,オリックス・バファローズ,東京ヤクルトスワローズ,九里 亜蓮,1,先発,,114,25,6,18,8,0,0,1,1,1.50
20260609_B-S_01,2026-06-09,火,セ・パ交流戦,ホーム,オリックス・バファローズ,東京ヤクルトスワローズ,寺西 成騎,2,救援,,6,4,0.2,2,0,0,0,2,2,27.00
20260609_B-S_01,2026-06-09,火,セ・パ交流戦,ホーム,オリックス・バファローズ,東京ヤクルトスワローズ,吉田 輝星,3,救援,,10,3,0.1,1,0,0,0,0,0,0.00
20260609_B-S_01,2026-06-09,火,セ・パ交流戦,ホーム,オリックス・バファローズ,東京ヤクルトスワローズ,権田 琉成,4,救援,勝,25,6,2,6,2,0,0,0,0,0.00
20260609_F-DB_01,2026-06-09,火,セ・パ交流戦,ビジター,横浜DeNAベイスターズ,北海道日本ハムファイターズ,平良 拳太郎,1,先発,敗,97,24,5,15,4,0,0,4,4,7.20
20260609_F-DB_01,2026-06-09,火,セ・パ交流戦,ビジター,横浜DeNAベイスターズ,北海道日本ハムファイターズ,岩田 将貴,2,救援,,21,7,2,6,0,0,0,0,0,0.00
20260609_F-DB_01,2026-06-09,火,セ・パ交流戦,ビジター,横浜DeNAベイスターズ,北海道日本ハムファイターズ,若松 尚輝,3,救援,,12,3,1,3,1,0,0,0,0,0.00
20260609_L-C_01,2026-06-09,火,セ・パ交流戦,ビジター,広島東洋カープ,埼玉西武ライオンズ,床田 寛樹,1,先発,,101,26,5,15,2,0,0,3,3,5.40
20260609_L-C_01,2026-06-09,火,セ・パ交流戦,ビジター,広島東洋カープ,埼玉西武ライオンズ,辻 大雅,2,救援,H,11,3,1,3,1,0,0,0,0,0.00
20260609_L-C_01,2026-06-09,火,セ・パ交流戦,ビジター,広島東洋カープ,埼玉西武ライオンズ,遠藤 淳志,3,救援,H,14,4,1,3,1,0,0,0,0,0.00
20260609_L-C_01,2026-06-09,火,セ・パ交流戦,ビジター,広島東洋カープ,埼玉西武ライオンズ,髙 太一,4,救援,H,17,3,1,3,1,0,0,0,0,0.00
20260609_L-C_01,2026-06-09,火,セ・パ交流戦,ビジター,広島東洋カープ,埼玉西武ライオンズ,中﨑 翔太,5,救援,敗,16,5,0.1,1,0,0,0,1,1,27.00
20260609_H-T_01,2026-06-09,火,セ・パ交流戦,ビジター,阪神タイガース,福岡ソフトバンクホークス,才木 浩人,1,先発,敗,50,14,3,9,4,0,0,5,5,15.00
20260609_H-T_01,2026-06-09,火,セ・パ交流戦,ビジター,阪神タイガース,福岡ソフトバンクホークス,椎葉 剛,2,救援,,30,12,2,6,1,0,0,5,5,22.50
20260609_H-T_01,2026-06-09,火,セ・パ交流戦,ビジター,阪神タイガース,福岡ソフトバンクホークス,門別 啓人,3,救援,,36,8,2,6,2,1,0,0,0,0.00
20260609_H-T_01,2026-06-09,火,セ・パ交流戦,ビジター,阪神タイガース,福岡ソフトバンクホークス,工藤 泰成,4,救援,,9,4,1,3,1,0,0,0,0,0.00
20260609_L-C_01,2026-06-09,火,セ・パ交流戦,ホーム,埼玉西武ライオンズ,広島東洋カープ,武内 夏暉,1,先発,,88,26,7,21,4,0,0,3,3,3.86
20260609_L-C_01,2026-06-09,火,セ・パ交流戦,ホーム,埼玉西武ライオンズ,広島東洋カープ,甲斐野 央,2,救援,H,13,3,1,3,2,0,0,0,0,0.00
20260609_L-C_01,2026-06-09,火,セ・パ交流戦,ホーム,埼玉西武ライオンズ,広島東洋カープ,岩城 颯空,3,救援,勝,9,3,1,3,1,0,0,0,0,0.00
20260609_M-D_01,2026-06-09,火,セ・パ交流戦,ホーム,千葉ロッテマリーンズ,中日ドラゴンズ,Ａ．ジャクソン,1,先発,勝,111,24,6,18,5,0,0,1,1,1.50
20260609_M-D_01,2026-06-09,火,セ・パ交流戦,ホーム,千葉ロッテマリーンズ,中日ドラゴンズ,澤田 圭佑,2,救援,H,10,3,1,3,1,0,0,0,0,0.00
20260609_M-D_01,2026-06-09,火,セ・パ交流戦,ホーム,千葉ロッテマリーンズ,中日ドラゴンズ,鈴木 昭汰,3,救援,H,23,6,1,3,1,0,0,0,0,0.00
20260609_M-D_01,2026-06-09,火,セ・パ交流戦,ホーム,千葉ロッテマリーンズ,中日ドラゴンズ,横山 陸人,4,救援,S,10,3,1,3,1,0,0,0,0,0.00
20260609_M-D_01,2026-06-09,火,セ・パ交流戦,ビジター,中日ドラゴンズ,千葉ロッテマリーンズ,Ｋ．マラー,1,先発,敗,80,23,5.2,17,3,0,0,3,3,4.76
20260609_M-D_01,2026-06-09,火,セ・パ交流戦,ビジター,中日ドラゴンズ,千葉ロッテマリーンズ,伊藤 茉央,2,救援,,2,1,0.1,1,0,0,0,0,0,0.00
20260609_M-D_01,2026-06-09,火,セ・パ交流戦,ビジター,中日ドラゴンズ,千葉ロッテマリーンズ,藤嶋 健人,3,救援,,10,3,1,3,1,0,0,0,0,0.00
20260609_M-D_01,2026-06-09,火,セ・パ交流戦,ビジター,中日ドラゴンズ,千葉ロッテマリーンズ,草加 勝,4,救援,,13,3,1,3,1,0,0,0,0,0.00
20260609_B-S_01,2026-06-09,火,セ・パ交流戦,ビジター,東京ヤクルトスワローズ,オリックス・バファローズ,松本 健吾,1,先発,,111,26,5.1,16,5,0,0,1,1,1.69
20260609_B-S_01,2026-06-09,火,セ・パ交流戦,ビジター,東京ヤクルトスワローズ,オリックス・バファローズ,丸山 翔大,2,救援,H,14,3,0.2,2,0,0,0,0,0,0.00
20260609_B-S_01,2026-06-09,火,セ・パ交流戦,ビジター,東京ヤクルトスワローズ,オリックス・バファローズ,Ｊ．リランソ,3,救援,H,28,5,0.2,2,1,0,0,0,0,0.00
20260609_B-S_01,2026-06-09,火,セ・パ交流戦,ビジター,東京ヤクルトスワローズ,オリックス・バファローズ,清水 昇,4,救援,H,3,1,0.1,1,0,0,0,0,0,0.00
20260609_B-S_01,2026-06-09,火,セ・パ交流戦,ビジター,東京ヤクルトスワローズ,オリックス・バファローズ,星 知弥,5,救援,H,12,3,1,3,1,0,0,0,0,0.00
20260609_B-S_01,2026-06-09,火,セ・パ交流戦,ビジター,東京ヤクルトスワローズ,オリックス・バファローズ,Ｊ．キハダ,6,救援,敗,22,5,0.1,1,0,0,0,3,3,81.00
20260609_E-G_01,2026-06-09,火,セ・パ交流戦,ホーム,東北楽天ゴールデンイーグルス,読売ジャイアンツ,荘司 康誠,1,先発,敗,115,34,7,21,6,1,0,6,6,7.71
20260609_E-G_01,2026-06-09,火,セ・パ交流戦,ホーム,東北楽天ゴールデンイーグルス,読売ジャイアンツ,津留﨑 大成,2,救援,,15,5,1,3,0,1,0,1,1,9.00
20260609_E-G_01,2026-06-09,火,セ・パ交流戦,ホーム,東北楽天ゴールデンイーグルス,読売ジャイアンツ,西垣 雅矢,3,救援,,9,4,1,3,0,0,0,1,1,9.00
20260609_E-G_01,2026-06-09,火,セ・パ交流戦,ビジター,読売ジャイアンツ,東北楽天ゴールデンイーグルス,則本 昂大,1,先発,勝,126,28,6.1,19,5,0,0,2,2,2.84
20260609_E-G_01,2026-06-09,火,セ・パ交流戦,ビジター,読売ジャイアンツ,東北楽天ゴールデンイーグルス,高梨 雄平,2,救援,,6,1,0.1,1,1,0,0,0,0,0.00
20260609_E-G_01,2026-06-09,火,セ・パ交流戦,ビジター,読売ジャイアンツ,東北楽天ゴールデンイーグルス,船迫 大雅,3,救援,,2,1,0.1,1,0,0,0,0,0,0.00
20260609_E-G_01,2026-06-09,火,セ・パ交流戦,ビジター,読売ジャイアンツ,東北楽天ゴールデンイーグルス,赤星 優志,4,救援,,10,3,1,3,0,0,0,0,0,0.00
20260609_E-G_01,2026-06-09,火,セ・パ交流戦,ビジター,読売ジャイアンツ,東北楽天ゴールデンイーグルス,堀田 賢慎,5,救援,,16,3,1,3,0,0,0,0,0,0.00
20260609_H-T_01,2026-06-09,火,セ・パ交流戦,ホーム,福岡ソフトバンクホークス,阪神タイガース,大津 亮介,1,先発,勝,85,24,6,18,7,0,0,3,3,4.50
20260609_H-T_01,2026-06-09,火,セ・パ交流戦,ホーム,福岡ソフトバンクホークス,阪神タイガース,津森 宥紀,2,救援,,16,3,1,3,2,0,0,0,0,0.00
20260609_H-T_01,2026-06-09,火,セ・パ交流戦,ホーム,福岡ソフトバンクホークス,阪神タイガース,伊藤 優輔,3,救援,,22,5,1,3,1,0,0,1,1,9.00
20260609_H-T_01,2026-06-09,火,セ・パ交流戦,ホーム,福岡ソフトバンクホークス,阪神タイガース,鈴木 豪太,4,救援,,20,4,1,3,2,0,0,0,0,0.00
20260609_F-DB_01,2026-06-09,火,セ・パ交流戦,ホーム,北海道日本ハムファイターズ,横浜DeNAベイスターズ,伊藤 大海,1,先発,勝,120,34,9,27,7,0,0,1,1,1.00
20260607_C-B_03,2026-06-07,日,セ・パ交流戦,ビジター,オリックス・バファローズ,広島東洋カープ,宮國 凌空,1,先発,敗,41,11,1.2,5,0,0,0,4,4,21.60
20260607_C-B_03,2026-06-07,日,セ・パ交流戦,ビジター,オリックス・バファローズ,広島東洋カープ,片山 楽生,2,救援,,42,9,2,6,2,0,0,0,0,0.00
20260607_C-B_03,2026-06-07,日,セ・パ交流戦,ビジター,オリックス・バファローズ,広島東洋カープ,吉田 輝星,3,救援,,6,2,0.1,1,1,0,0,0,0,0.00
20260607_C-B_03,2026-06-07,日,セ・パ交流戦,ビジター,オリックス・バファローズ,広島東洋カープ,岩嵜 翔,4,救援,,15,3,1,3,1,0,0,0,0,0.00
20260607_C-B_03,2026-06-07,日,セ・パ交流戦,ビジター,オリックス・バファローズ,広島東洋カープ,山﨑 颯一郎,5,救援,,14,3,1,3,1,0,0,0,0,0.00
20260607_C-B_03,2026-06-07,日,セ・パ交流戦,ビジター,オリックス・バファローズ,広島東洋カープ,寺西 成騎,6,救援,,26,5,1,3,2,0,0,0,0,0.00
20260607_C-B_03,2026-06-07,日,セ・パ交流戦,ビジター,オリックス・バファローズ,広島東洋カープ,博志,7,救援,,19,4,1,3,0,0,0,1,1,9.00
20260607_DB-H_03,2026-06-07,日,セ・パ交流戦,ホーム,横浜DeNAベイスターズ,福岡ソフトバンクホークス,尾形 崇斗,1,先発,,79,20,5,15,7,0,0,1,1,1.80
20260607_DB-H_03,2026-06-07,日,セ・パ交流戦,ホーム,横浜DeNAベイスターズ,福岡ソフトバンクホークス,伊勢 大夢,2,救援,H,9,4,1,3,1,0,0,0,0,0.00
20260607_DB-H_03,2026-06-07,日,セ・パ交流戦,ホーム,横浜DeNAベイスターズ,福岡ソフトバンクホークス,Ｊ．ルイーズ,3,救援,,33,6,0.2,2,0,0,0,1,1,13.50
20260607_DB-H_03,2026-06-07,日,セ・パ交流戦,ホーム,横浜DeNAベイスターズ,福岡ソフトバンクホークス,宮城 滝太,4,救援,H,1,1,0.1,1,0,0,0,0,0,0.00
20260607_DB-H_03,2026-06-07,日,セ・パ交流戦,ホーム,横浜DeNAベイスターズ,福岡ソフトバンクホークス,Ｓ．レイノルズ,5,救援,H,35,7,2,6,1,0,0,0,0,0.00
20260607_DB-H_03,2026-06-07,日,セ・パ交流戦,ホーム,横浜DeNAベイスターズ,福岡ソフトバンクホークス,坂本 裕哉,6,救援,H,14,6,1,3,0,0,0,0,0,0.00
20260607_DB-H_03,2026-06-07,日,セ・パ交流戦,ホーム,横浜DeNAベイスターズ,福岡ソフトバンクホークス,中川 虎大,7,救援,H,27,5,1,3,2,0,0,0,0,0.00
20260607_DB-H_03,2026-06-07,日,セ・パ交流戦,ホーム,横浜DeNAベイスターズ,福岡ソフトバンクホークス,山﨑 康晃,8,救援,敗,17,6,1,3,2,0,0,2,2,18.00
20260607_C-B_03,2026-06-07,日,セ・パ交流戦,ホーム,広島東洋カープ,オリックス・バファローズ,岡本 駿,1,先発,勝,90,28,7,21,4,1,0,2,2,2.57
20260607_C-B_03,2026-06-07,日,セ・パ交流戦,ホーム,広島東洋カープ,オリックス・バファローズ,Ｔ．ハーン,2,救援,H,8,3,1,3,1,0,0,0,0,0.00
20260607_C-B_03,2026-06-07,日,セ・パ交流戦,ホーム,広島東洋カープ,オリックス・バファローズ,森浦 大輔,3,救援,S,9,4,1,3,0,0,0,0,0,0.00
20260607_D-L_03,2026-06-07,日,セ・パ交流戦,ビジター,埼玉西武ライオンズ,中日ドラゴンズ,Ａ．ワイナンス,1,先発,,109,25,7,21,8,0,0,0,0,0.00
20260607_D-L_03,2026-06-07,日,セ・パ交流戦,ビジター,埼玉西武ライオンズ,中日ドラゴンズ,佐藤 隼輔,2,救援,,14,4,1,3,0,0,0,1,1,9.00
20260607_D-L_03,2026-06-07,日,セ・パ交流戦,ビジター,埼玉西武ライオンズ,中日ドラゴンズ,甲斐野 央,3,救援,H,11,3,1,3,2,0,0,0,0,0.00
20260607_D-L_03,2026-06-07,日,セ・パ交流戦,ビジター,埼玉西武ライオンズ,中日ドラゴンズ,黒田 将矢,4,救援,H,12,3,1,3,0,0,0,0,0,0.00
20260607_D-L_03,2026-06-07,日,セ・パ交流戦,ビジター,埼玉西武ライオンズ,中日ドラゴンズ,浜屋 将太,5,救援,H,6,4,0.2,2,0,0,0,0,0,0.00
20260607_D-L_03,2026-06-07,日,セ・パ交流戦,ビジター,埼玉西武ライオンズ,中日ドラゴンズ,上田 大河,6,救援,勝,5,1,0.1,1,0,0,0,0,0,0.00
20260607_D-L_03,2026-06-07,日,セ・パ交流戦,ビジター,埼玉西武ライオンズ,中日ドラゴンズ,豆田 泰志,7,救援,S,12,3,1,3,2,0,0,0,0,0.00
20260607_G-M_03,2026-06-07,日,セ・パ交流戦,ビジター,千葉ロッテマリーンズ,読売ジャイアンツ,Ｓ．ロング,1,先発,,89,21,5,15,8,0,0,1,1,1.80
20260607_G-M_03,2026-06-07,日,セ・パ交流戦,ビジター,千葉ロッテマリーンズ,読売ジャイアンツ,八木 彬,2,救援,H,14,4,1,3,1,0,0,0,0,0.00
20260607_G-M_03,2026-06-07,日,セ・パ交流戦,ビジター,千葉ロッテマリーンズ,読売ジャイアンツ,中森 俊介,3,救援,,23,5,1,3,1,0,0,1,1,9.00
20260607_G-M_03,2026-06-07,日,セ・パ交流戦,ビジター,千葉ロッテマリーンズ,読売ジャイアンツ,坂本 光士郎,4,救援,,13,4,1,3,1,0,0,0,0,0.00
20260607_G-M_03,2026-06-07,日,セ・パ交流戦,ビジター,千葉ロッテマリーンズ,読売ジャイアンツ,横山 陸人,5,救援,H,14,4,1,3,0,0,0,0,0,0.00
20260607_G-M_03,2026-06-07,日,セ・パ交流戦,ビジター,千葉ロッテマリーンズ,読売ジャイアンツ,鈴木 昭汰,6,救援,H,11,3,1,3,1,0,0,0,0,0.00
20260607_G-M_03,2026-06-07,日,セ・パ交流戦,ビジター,千葉ロッテマリーンズ,読売ジャイアンツ,小野 郁,7,救援,H,16,3,1,3,3,0,0,0,0,0.00
20260607_G-M_03,2026-06-07,日,セ・パ交流戦,ビジター,千葉ロッテマリーンズ,読売ジャイアンツ,澤田 圭佑,8,救援,,10,3,1,3,0,0,0,0,0,0.00
20260607_D-L_03,2026-06-07,日,セ・パ交流戦,ホーム,中日ドラゴンズ,埼玉西武ライオンズ,涌井 秀章,1,先発,,68,20,5,15,3,0,0,1,1,1.80
20260607_D-L_03,2026-06-07,日,セ・パ交流戦,ホーム,中日ドラゴンズ,埼玉西武ライオンズ,伊藤 茉央,2,救援,,12,3,1,3,2,0,0,0,0,0.00
20260607_D-L_03,2026-06-07,日,セ・パ交流戦,ホーム,中日ドラゴンズ,埼玉西武ライオンズ,藤嶋 健人,3,救援,,19,3,1,3,1,0,0,0,0,0.00
20260607_D-L_03,2026-06-07,日,セ・パ交流戦,ホーム,中日ドラゴンズ,埼玉西武ライオンズ,橋本 侑樹,4,救援,,22,5,1,3,0,0,0,0,0,0.00
20260607_D-L_03,2026-06-07,日,セ・パ交流戦,ホーム,中日ドラゴンズ,埼玉西武ライオンズ,松山 晋也,5,救援,H,10,3,1,3,0,0,0,0,0,0.00
20260607_D-L_03,2026-06-07,日,セ・パ交流戦,ホーム,中日ドラゴンズ,埼玉西武ライオンズ,吉田 聖弥,6,救援,H,18,4,1,3,1,0,0,0,0,0.00
20260607_D-L_03,2026-06-07,日,セ・パ交流戦,ホーム,中日ドラゴンズ,埼玉西武ライオンズ,草加 勝,7,救援,H,13,3,1,3,1,0,0,0,0,0.00
20260607_D-L_03,2026-06-07,日,セ・パ交流戦,ホーム,中日ドラゴンズ,埼玉西武ライオンズ,齋藤 綱記,8,救援,敗,23,7,1,3,2,0,0,3,3,27.00
20260607_S-F_03,2026-06-07,日,セ・パ交流戦,ホーム,東京ヤクルトスワローズ,北海道日本ハムファイターズ,奥川 恭伸,1,先発,敗,87,23,5,15,4,0,0,6,3,5.40
20260607_S-F_03,2026-06-07,日,セ・パ交流戦,ホーム,東京ヤクルトスワローズ,北海道日本ハムファイターズ,飯田 琉斗,2,救援,,18,5,1,3,0,0,0,1,1,9.00
20260607_S-F_03,2026-06-07,日,セ・パ交流戦,ホーム,東京ヤクルトスワローズ,北海道日本ハムファイターズ,小澤 怜史,3,救援,,26,6,2,6,3,0,0,0,0,0.00
20260607_S-F_03,2026-06-07,日,セ・パ交流戦,ホーム,東京ヤクルトスワローズ,北海道日本ハムファイターズ,荘司 宏太,4,救援,,12,3,1,3,2,0,0,0,0,0.00
20260607_G-M_03,2026-06-07,日,セ・パ交流戦,ホーム,読売ジャイアンツ,千葉ロッテマリーンズ,西舘 勇陽,1,先発,,111,29,7,21,7,0,0,1,1,1.29
20260607_G-M_03,2026-06-07,日,セ・パ交流戦,ホーム,読売ジャイアンツ,千葉ロッテマリーンズ,大勢,2,救援,H,15,3,1,3,1,0,0,0,0,0.00
20260607_G-M_03,2026-06-07,日,セ・パ交流戦,ホーム,読売ジャイアンツ,千葉ロッテマリーンズ,Ｒ．マルティネス,3,救援,,16,4,1,3,0,0,0,1,1,9.00
20260607_G-M_03,2026-06-07,日,セ・パ交流戦,ホーム,読売ジャイアンツ,千葉ロッテマリーンズ,中川 皓太,4,救援,H,9,3,1,3,1,0,0,0,0,0.00
20260607_G-M_03,2026-06-07,日,セ・パ交流戦,ホーム,読売ジャイアンツ,千葉ロッテマリーンズ,田中 瑛斗,5,救援,H,11,3,1,3,0,0,0,0,0,0.00
20260607_G-M_03,2026-06-07,日,セ・パ交流戦,ホーム,読売ジャイアンツ,千葉ロッテマリーンズ,赤星 優志,6,救援,,8,3,1,3,0,0,0,0,0,0.00
20260607_DB-H_03,2026-06-07,日,セ・パ交流戦,ビジター,福岡ソフトバンクホークス,横浜DeNAベイスターズ,徐 若熙,1,先発,,93,25,6,18,4,0,0,2,2,3.00
20260607_DB-H_03,2026-06-07,日,セ・パ交流戦,ビジター,福岡ソフトバンクホークス,横浜DeNAベイスターズ,Ｒ．オスナ,2,救援,H,10,3,1,3,1,0,0,0,0,0.00
20260607_DB-H_03,2026-06-07,日,セ・パ交流戦,ビジター,福岡ソフトバンクホークス,横浜DeNAベイスターズ,松本 裕樹,3,救援,H,15,3,1,3,3,0,0,0,0,0.00
20260607_DB-H_03,2026-06-07,日,セ・パ交流戦,ビジター,福岡ソフトバンクホークス,横浜DeNAベイスターズ,Ｄ．ヘルナンデス,4,救援,H,14,3,1,3,0,0,0,0,0,0.00
20260607_DB-H_03,2026-06-07,日,セ・パ交流戦,ビジター,福岡ソフトバンクホークス,横浜DeNAベイスターズ,上茶谷 大河,5,救援,H,12,3,1,3,0,0,0,0,0,0.00
20260607_DB-H_03,2026-06-07,日,セ・パ交流戦,ビジター,福岡ソフトバンクホークス,横浜DeNAベイスターズ,伊藤 優輔,6,救援,勝,19,4,1,3,2,0,0,0,0,0.00
20260607_DB-H_03,2026-06-07,日,セ・パ交流戦,ビジター,福岡ソフトバンクホークス,横浜DeNAベイスターズ,杉山 一樹,7,救援,S,31,5,1,3,2,0,0,0,0,0.00
20260607_S-F_03,2026-06-07,日,セ・パ交流戦,ビジター,北海道日本ハムファイターズ,東京ヤクルトスワローズ,北山 亘基,1,先発,勝,113,31,9,27,6,0,0,1,1,1.00
20260606_C-B_02,2026-06-06,土,セ・パ交流戦,ビジター,オリックス・バファローズ,広島東洋カープ,田嶋 大樹,1,先発,敗,63,19,4,12,1,0,0,5,5,11.25
20260606_C-B_02,2026-06-06,土,セ・パ交流戦,ビジター,オリックス・バファローズ,広島東洋カープ,博志,2,救援,,31,9,2,6,2,0,0,0,0,0.00
20260606_C-B_02,2026-06-06,土,セ・パ交流戦,ビジター,オリックス・バファローズ,広島東洋カープ,権田 琉成,3,救援,,17,4,1,3,2,0,0,0,0,0.00
20260606_C-B_02,2026-06-06,土,セ・パ交流戦,ビジター,オリックス・バファローズ,広島東洋カープ,入山 海斗,4,救援,,22,6,1,3,0,0,0,2,2,18.00
20260606_DB-H_02,2026-06-06,土,セ・パ交流戦,ホーム,横浜DeNAベイスターズ,福岡ソフトバンクホークス,庄司 陽斗,1,先発,敗,69,20,5,15,3,0,0,4,4,7.20
20260606_DB-H_02,2026-06-06,土,セ・パ交流戦,ホーム,横浜DeNAベイスターズ,福岡ソフトバンクホークス,岩田 将貴,2,救援,,22,5,1,3,1,0,0,0,0,0.00
20260606_DB-H_02,2026-06-06,土,セ・パ交流戦,ホーム,横浜DeNAベイスターズ,福岡ソフトバンクホークス,坂本 裕哉,3,救援,,12,4,1,3,0,0,0,0,0,0.00
20260606_DB-H_02,2026-06-06,土,セ・パ交流戦,ホーム,横浜DeNAベイスターズ,福岡ソフトバンクホークス,若松 尚輝,4,救援,,44,11,2,6,3,0,0,2,2,9.00
20260606_C-B_02,2026-06-06,土,セ・パ交流戦,ホーム,広島東洋カープ,オリックス・バファローズ,森下 暢仁,1,先発,勝,113,33,7.1,22,5,0,0,4,4,4.91
20260606_C-B_02,2026-06-06,土,セ・パ交流戦,ホーム,広島東洋カープ,オリックス・バファローズ,髙 太一,2,救援,H,13,3,0.2,2,0,0,0,0,0,0.00
20260606_C-B_02,2026-06-06,土,セ・パ交流戦,ホーム,広島東洋カープ,オリックス・バファローズ,中﨑 翔太,3,救援,S,7,3,1,3,0,0,0,0,0,0.00
20260606_T-E_02,2026-06-06,土,セ・パ交流戦,ホーム,阪神タイガース,東北楽天ゴールデンイーグルス,村上 頌樹,1,先発,勝,98,23,6,18,7,0,0,0,0,0.00
20260606_T-E_02,2026-06-06,土,セ・パ交流戦,ホーム,阪神タイガース,東北楽天ゴールデンイーグルス,畠 世周,2,救援,H,14,3,1,3,1,0,0,0,0,0.00
20260606_T-E_02,2026-06-06,土,セ・パ交流戦,ホーム,阪神タイガース,東北楽天ゴールデンイーグルス,岩崎 優,3,救援,H,18,5,1,3,1,0,0,0,0,0.00
20260606_T-E_02,2026-06-06,土,セ・パ交流戦,ホーム,阪神タイガース,東北楽天ゴールデンイーグルス,Ｒ．ドリス,4,救援,S,20,4,1,3,1,0,0,0,0,0.00
20260606_D-L_02,2026-06-06,土,セ・パ交流戦,ビジター,埼玉西武ライオンズ,中日ドラゴンズ,隅田 知一郎,1,先発,勝,97,27,8,24,7,0,0,2,2,2.25
20260606_D-L_02,2026-06-06,土,セ・パ交流戦,ビジター,埼玉西武ライオンズ,中日ドラゴンズ,篠原 響,2,救援,S,9,4,1,3,0,0,0,0,0,0.00
20260606_G-M_02,2026-06-06,土,セ・パ交流戦,ビジター,千葉ロッテマリーンズ,読売ジャイアンツ,田中 晴也,1,先発,,66,20,5,15,2,0,0,0,0,0.00
20260606_G-M_02,2026-06-06,土,セ・パ交流戦,ビジター,千葉ロッテマリーンズ,読売ジャイアンツ,澤田 圭佑,2,救援,,20,5,1,3,1,0,0,1,1,9.00
20260606_G-M_02,2026-06-06,土,セ・パ交流戦,ビジター,千葉ロッテマリーンズ,読売ジャイアンツ,中森 俊介,3,救援,H,7,3,1,3,0,0,0,0,0,0.00
20260606_G-M_02,2026-06-06,土,セ・パ交流戦,ビジター,千葉ロッテマリーンズ,読売ジャイアンツ,鈴木 昭汰,4,救援,H,16,3,1,3,2,0,0,0,0,0.00
20260606_G-M_02,2026-06-06,土,セ・パ交流戦,ビジター,千葉ロッテマリーンズ,読売ジャイアンツ,横山 陸人,5,救援,H,21,6,1,3,0,0,0,0,0,0.00
20260606_G-M_02,2026-06-06,土,セ・パ交流戦,ビジター,千葉ロッテマリーンズ,読売ジャイアンツ,小野 郁,6,救援,H,16,6,2,6,1,0,0,0,0,0.00
20260606_G-M_02,2026-06-06,土,セ・パ交流戦,ビジター,千葉ロッテマリーンズ,読売ジャイアンツ,高野 脩汰,7,救援,,13,4,1,3,1,0,0,0,0,0.00
20260606_D-L_02,2026-06-06,土,セ・パ交流戦,ホーム,中日ドラゴンズ,埼玉西武ライオンズ,大野 雄大,1,先発,敗,85,23,6,18,2,0,0,4,4,6.00
20260606_D-L_02,2026-06-06,土,セ・パ交流戦,ホーム,中日ドラゴンズ,埼玉西武ライオンズ,勝野 昌慶,2,救援,,22,6,0.2,2,0,0,0,1,1,13.50
20260606_D-L_02,2026-06-06,土,セ・パ交流戦,ホーム,中日ドラゴンズ,埼玉西武ライオンズ,伊藤 茉央,3,救援,,14,4,1.1,4,1,0,0,0,0,0.00
20260606_D-L_02,2026-06-06,土,セ・パ交流戦,ホーム,中日ドラゴンズ,埼玉西武ライオンズ,草加 勝,4,救援,,20,4,1,3,1,0,0,0,0,0.00
20260606_S-F_02,2026-06-06,土,セ・パ交流戦,ホーム,東京ヤクルトスワローズ,北海道日本ハムファイターズ,高梨 裕稔,1,先発,敗,62,13,3.1,10,4,0,0,1,1,2.70
20260606_S-F_02,2026-06-06,土,セ・パ交流戦,ホーム,東京ヤクルトスワローズ,北海道日本ハムファイターズ,廣澤 優,2,救援,,31,9,1.2,5,1,1,0,1,0,0.00
20260606_S-F_02,2026-06-06,土,セ・パ交流戦,ホーム,東京ヤクルトスワローズ,北海道日本ハムファイターズ,丸山 翔大,3,救援,,9,3,1,3,0,0,0,0,0,0.00
20260606_S-F_02,2026-06-06,土,セ・パ交流戦,ホーム,東京ヤクルトスワローズ,北海道日本ハムファイターズ,Ｊ．リランソ,4,救援,,9,3,1,3,2,0,0,0,0,0.00
20260606_S-F_02,2026-06-06,土,セ・パ交流戦,ホーム,東京ヤクルトスワローズ,北海道日本ハムファイターズ,星 知弥,5,救援,,18,4,1,3,2,0,0,0,0,0.00
20260606_S-F_02,2026-06-06,土,セ・パ交流戦,ホーム,東京ヤクルトスワローズ,北海道日本ハムファイターズ,阪口 皓亮,6,救援,,15,4,1,3,1,0,0,0,0,0.00
20260606_T-E_02,2026-06-06,土,セ・パ交流戦,ビジター,東北楽天ゴールデンイーグルス,阪神タイガース,早川 隆久,1,先発,敗,107,24,6,18,8,0,0,1,1,1.50
20260606_T-E_02,2026-06-06,土,セ・パ交流戦,ビジター,東北楽天ゴールデンイーグルス,阪神タイガース,鈴木 翔天,2,救援,,18,3,1,3,2,0,0,0,0,0.00
20260606_T-E_02,2026-06-06,土,セ・パ交流戦,ビジター,東北楽天ゴールデンイーグルス,阪神タイガース,九谷 瑠,3,救援,,11,3,1,3,0,0,0,0,0,0.00
20260606_G-M_02,2026-06-06,土,セ・パ交流戦,ホーム,読売ジャイアンツ,千葉ロッテマリーンズ,Ｆ．ウィットリー,1,先発,,100,27,6.1,19,7,1,0,1,1,1.42
20260606_G-M_02,2026-06-06,土,セ・パ交流戦,ホーム,読売ジャイアンツ,千葉ロッテマリーンズ,高梨 雄平,2,救援,H,14,2,0.1,1,0,0,0,0,0,0.00
20260606_G-M_02,2026-06-06,土,セ・パ交流戦,ホーム,読売ジャイアンツ,千葉ロッテマリーンズ,船迫 大雅,3,救援,H,5,1,0.1,1,0,0,0,0,0,0.00
20260606_G-M_02,2026-06-06,土,セ・パ交流戦,ホーム,読売ジャイアンツ,千葉ロッテマリーンズ,大勢,4,救援,H,18,3,1,3,1,0,0,0,0,0.00
20260606_G-M_02,2026-06-06,土,セ・パ交流戦,ホーム,読売ジャイアンツ,千葉ロッテマリーンズ,Ｒ．マルティネス,5,救援,H,10,3,1,3,1,0,0,0,0,0.00
20260606_G-M_02,2026-06-06,土,セ・パ交流戦,ホーム,読売ジャイアンツ,千葉ロッテマリーンズ,中川 皓太,6,救援,H,14,3,1,3,1,0,0,0,0,0.00
20260606_G-M_02,2026-06-06,土,セ・パ交流戦,ホーム,読売ジャイアンツ,千葉ロッテマリーンズ,田中 瑛斗,7,救援,H,11,3,1,3,1,0,0,0,0,0.00
20260606_G-M_02,2026-06-06,土,セ・パ交流戦,ホーム,読売ジャイアンツ,千葉ロッテマリーンズ,赤星 優志,8,救援,,17,4,1,3,1,0,0,0,0,0.00
20260606_DB-H_02,2026-06-06,土,セ・パ交流戦,ビジター,福岡ソフトバンクホークス,横浜DeNAベイスターズ,前田 悠伍,1,先発,勝,93,19,5,15,7,0,0,1,1,1.80
20260606_DB-H_02,2026-06-06,土,セ・パ交流戦,ビジター,福岡ソフトバンクホークス,横浜DeNAベイスターズ,Ｄ．ヘルナンデス,2,救援,H,11,3,1,3,2,0,0,0,0,0.00
20260606_DB-H_02,2026-06-06,土,セ・パ交流戦,ビジター,福岡ソフトバンクホークス,横浜DeNAベイスターズ,Ｒ．オスナ,3,救援,H,11,4,1,3,0,0,0,0,0,0.00
20260606_DB-H_02,2026-06-06,土,セ・パ交流戦,ビジター,福岡ソフトバンクホークス,横浜DeNAベイスターズ,松本 裕樹,4,救援,H,10,3,1,3,0,0,0,0,0,0.00
20260606_DB-H_02,2026-06-06,土,セ・パ交流戦,ビジター,福岡ソフトバンクホークス,横浜DeNAベイスターズ,木村 光,5,救援,,14,4,0.1,1,0,0,0,2,2,54.00
20260606_DB-H_02,2026-06-06,土,セ・パ交流戦,ビジター,福岡ソフトバンクホークス,横浜DeNAベイスターズ,杉山 一樹,6,救援,S,5,2,0.2,2,1,0,0,0,0,0.00
20260606_S-F_02,2026-06-06,土,セ・パ交流戦,ビジター,北海道日本ハムファイターズ,東京ヤクルトスワローズ,山﨑 福也,1,先発,勝,89,21,5.2,17,2,0,0,0,0,0.00
20260606_S-F_02,2026-06-06,土,セ・パ交流戦,ビジター,北海道日本ハムファイターズ,東京ヤクルトスワローズ,畔柳 亨丞,2,救援,H,3,0,0.1,1,0,0,0,0,0,0.00
20260606_S-F_02,2026-06-06,土,セ・パ交流戦,ビジター,北海道日本ハムファイターズ,東京ヤクルトスワローズ,山本 拓実,3,救援,H,11,3,1,3,1,0,0,0,0,0.00
20260606_S-F_02,2026-06-06,土,セ・パ交流戦,ビジター,北海道日本ハムファイターズ,東京ヤクルトスワローズ,田中 正義,4,救援,H,8,3,1,3,0,0,0,0,0,0.00
20260606_S-F_02,2026-06-06,土,セ・パ交流戦,ビジター,北海道日本ハムファイターズ,東京ヤクルトスワローズ,柳川 大晟,5,救援,S,17,4,1,3,1,0,0,0,0,0.00
20260605_C-B_01,2026-06-05,金,セ・パ交流戦,ビジター,オリックス・バファローズ,広島東洋カープ,Ｓ．ジェリー,1,先発,,73,20,5,15,3,0,0,0,0,0.00
20260605_C-B_01,2026-06-05,金,セ・パ交流戦,ビジター,オリックス・バファローズ,広島東洋カープ,山﨑 颯一郎,2,救援,H,19,4,1,3,2,0,0,0,0,0.00
20260605_C-B_01,2026-06-05,金,セ・パ交流戦,ビジター,オリックス・バファローズ,広島東洋カープ,寺西 成騎,3,救援,,23,5,0.2,2,1,0,0,2,0,0.00
20260605_C-B_01,2026-06-05,金,セ・パ交流戦,ビジター,オリックス・バファローズ,広島東洋カープ,入山 海斗,4,救援,,6,1,0.1,1,1,0,0,0,0,0.00
20260605_C-B_01,2026-06-05,金,セ・パ交流戦,ビジター,オリックス・バファローズ,広島東洋カープ,岩嵜 翔,5,救援,,10,3,1,3,1,0,0,0,0,0.00
20260605_C-B_01,2026-06-05,金,セ・パ交流戦,ビジター,オリックス・バファローズ,広島東洋カープ,椋木 蓮,6,救援,H,16,3,1,3,1,0,0,0,0,0.00
20260605_C-B_01,2026-06-05,金,セ・パ交流戦,ビジター,オリックス・バファローズ,広島東洋カープ,Ａ．マチャド,7,救援,H,23,8,2,6,1,0,0,0,0,0.00
20260605_C-B_01,2026-06-05,金,セ・パ交流戦,ビジター,オリックス・バファローズ,広島東洋カープ,吉田 輝星,8,救援,,9,3,1,3,0,0,0,0,0,0.00
20260605_DB-H_01,2026-06-05,金,セ・パ交流戦,ホーム,横浜DeNAベイスターズ,福岡ソフトバンクホークス,篠木 健太郎,1,先発,勝,107,29,7,21,6,0,0,1,1,1.29
20260605_DB-H_01,2026-06-05,金,セ・パ交流戦,ホーム,横浜DeNAベイスターズ,福岡ソフトバンクホークス,Ｊ．ルイーズ,2,救援,,17,6,1,3,0,0,0,1,1,9.00
20260605_DB-H_01,2026-06-05,金,セ・パ交流戦,ホーム,横浜DeNAベイスターズ,福岡ソフトバンクホークス,宮城 滝太,3,救援,,16,4,1,3,1,0,0,1,1,9.00
20260605_C-B_01,2026-06-05,金,セ・パ交流戦,ホーム,広島東洋カープ,オリックス・バファローズ,玉村 昇悟,1,先発,,78,22,7,21,5,0,0,1,1,1.29
20260605_C-B_01,2026-06-05,金,セ・パ交流戦,ホーム,広島東洋カープ,オリックス・バファローズ,Ｔ．ハーン,2,救援,H,18,4,1,3,2,0,0,0,0,0.00
20260605_C-B_01,2026-06-05,金,セ・パ交流戦,ホーム,広島東洋カープ,オリックス・バファローズ,森浦 大輔,3,救援,,26,6,1,3,0,1,0,1,1,9.00
20260605_C-B_01,2026-06-05,金,セ・パ交流戦,ホーム,広島東洋カープ,オリックス・バファローズ,髙 太一,4,救援,H,15,4,1,3,1,0,0,0,0,0.00
20260605_C-B_01,2026-06-05,金,セ・パ交流戦,ホーム,広島東洋カープ,オリックス・バファローズ,遠藤 淳志,5,救援,H,25,5,1,3,0,0,0,0,0,0.00
20260605_C-B_01,2026-06-05,金,セ・パ交流戦,ホーム,広島東洋カープ,オリックス・バファローズ,辻 大雅,6,救援,,15,3,1,3,2,0,0,0,0,0.00
20260605_T-E_01,2026-06-05,金,セ・パ交流戦,ホーム,阪神タイガース,東北楽天ゴールデンイーグルス,髙橋 遥人,1,先発,勝,104,27,7,21,10,0,0,1,1,1.29
20260605_T-E_01,2026-06-05,金,セ・パ交流戦,ホーム,阪神タイガース,東北楽天ゴールデンイーグルス,畠 世周,2,救援,,22,3,1,3,1,0,0,0,0,0.00
20260605_T-E_01,2026-06-05,金,セ・パ交流戦,ホーム,阪神タイガース,東北楽天ゴールデンイーグルス,湯浅 京己,3,救援,,10,3,1,3,1,0,0,0,0,0.00
20260605_D-L_01,2026-06-05,金,セ・パ交流戦,ビジター,埼玉西武ライオンズ,中日ドラゴンズ,髙橋 光成,1,先発,敗,121,33,8.2,26,4,0,0,1,1,1.04
20260605_G-M_01,2026-06-05,金,セ・パ交流戦,ビジター,千葉ロッテマリーンズ,読売ジャイアンツ,廣池 康志郎,1,先発,敗,83,21,5+,15,3,0,0,4,4,7.20
20260605_G-M_01,2026-06-05,金,セ・パ交流戦,ビジター,千葉ロッテマリーンズ,読売ジャイアンツ,八木 彬,2,救援,,24,6,1,3,3,0,0,2,2,18.00
20260605_G-M_01,2026-06-05,金,セ・パ交流戦,ビジター,千葉ロッテマリーンズ,読売ジャイアンツ,坂本 光士郎,3,救援,,25,4,1,3,1,0,0,0,0,0.00
20260605_G-M_01,2026-06-05,金,セ・パ交流戦,ビジター,千葉ロッテマリーンズ,読売ジャイアンツ,益田 直也,4,救援,,20,6,1,3,1,0,0,2,2,18.00
20260605_D-L_01,2026-06-05,金,セ・パ交流戦,ホーム,中日ドラゴンズ,埼玉西武ライオンズ,柳 裕也,1,先発,,116,27,7,21,5,0,0,0,0,0.00
20260605_D-L_01,2026-06-05,金,セ・パ交流戦,ホーム,中日ドラゴンズ,埼玉西武ライオンズ,吉田 聖弥,2,救援,H,18,4,1,3,3,0,0,0,0,0.00
20260605_D-L_01,2026-06-05,金,セ・パ交流戦,ホーム,中日ドラゴンズ,埼玉西武ライオンズ,松山 晋也,3,救援,勝,24,4,1,3,1,0,0,0,0,0.00
20260605_S-F_01,2026-06-05,金,セ・パ交流戦,ホーム,東京ヤクルトスワローズ,北海道日本ハムファイターズ,山野 太一,1,先発,,100,31,9,27,7,0,0,1,1,1.00
20260605_S-F_01,2026-06-05,金,セ・パ交流戦,ホーム,東京ヤクルトスワローズ,北海道日本ハムファイターズ,清水 昇,2,救援,H,19,5,1,3,1,0,0,0,0,0.00
20260605_S-F_01,2026-06-05,金,セ・パ交流戦,ホーム,東京ヤクルトスワローズ,北海道日本ハムファイターズ,Ｊ．キハダ,3,救援,敗,15,3,0.1,1,1,0,0,2,2,54.00
20260605_S-F_01,2026-06-05,金,セ・パ交流戦,ホーム,東京ヤクルトスワローズ,北海道日本ハムファイターズ,小澤 怜史,4,救援,,11,3,0.2,2,2,0,0,0,0,0.00
20260605_T-E_01,2026-06-05,金,セ・パ交流戦,ビジター,東北楽天ゴールデンイーグルス,阪神タイガース,岸 孝之,1,先発,敗,102,23,5,15,3,0,0,2,2,3.60
20260605_T-E_01,2026-06-05,金,セ・パ交流戦,ビジター,東北楽天ゴールデンイーグルス,阪神タイガース,渡辺 翔太,2,救援,,20,7,1,3,0,0,0,2,2,18.00
20260605_T-E_01,2026-06-05,金,セ・パ交流戦,ビジター,東北楽天ゴールデンイーグルス,阪神タイガース,伊藤 樹,3,救援,,42,11,2,6,3,0,0,4,4,18.00
20260605_G-M_01,2026-06-05,金,セ・パ交流戦,ホーム,読売ジャイアンツ,千葉ロッテマリーンズ,井上 温大,1,先発,勝,111,33,9,27,7,0,0,2,2,2.00
20260605_DB-H_01,2026-06-05,金,セ・パ交流戦,ビジター,福岡ソフトバンクホークス,横浜DeNAベイスターズ,大関 友久,1,先発,敗,111,27,5,15,3,0,0,8,8,14.40
20260605_DB-H_01,2026-06-05,金,セ・パ交流戦,ビジター,福岡ソフトバンクホークス,横浜DeNAベイスターズ,鈴木 豪太,2,救援,,27,5,1,3,2,0,0,0,0,0.00
20260605_DB-H_01,2026-06-05,金,セ・パ交流戦,ビジター,福岡ソフトバンクホークス,横浜DeNAベイスターズ,伊藤 優輔,3,救援,,12,5,1,3,0,0,0,0,0,0.00
20260605_DB-H_01,2026-06-05,金,セ・パ交流戦,ビジター,福岡ソフトバンクホークス,横浜DeNAベイスターズ,津森 宥紀,4,救援,,17,4,1,3,1,0,0,0,0,0.00
20260605_S-F_01,2026-06-05,金,セ・パ交流戦,ビジター,北海道日本ハムファイターズ,東京ヤクルトスワローズ,福島 蓮,1,先発,,112,30,7,21,10,0,0,1,1,1.29
20260605_S-F_01,2026-06-05,金,セ・パ交流戦,ビジター,北海道日本ハムファイターズ,東京ヤクルトスワローズ,田中 正義,2,救援,H,12,4,1,3,2,0,0,0,0,0.00
20260605_S-F_01,2026-06-05,金,セ・パ交流戦,ビジター,北海道日本ハムファイターズ,東京ヤクルトスワローズ,島本 浩也,3,救援,H,14,3,1,3,0,0,0,0,0,0.00
20260605_S-F_01,2026-06-05,金,セ・パ交流戦,ビジター,北海道日本ハムファイターズ,東京ヤクルトスワローズ,堀 瑞輝,4,救援,H,8,4,0.1,1,1,0,0,0,0,0.00
20260605_S-F_01,2026-06-05,金,セ・パ交流戦,ビジター,北海道日本ハムファイターズ,東京ヤクルトスワローズ,柳川 大晟,5,救援,勝,6,2,0.2,2,1,0,0,0,0,0.00
20260605_S-F_01,2026-06-05,金,セ・パ交流戦,ビジター,北海道日本ハムファイターズ,東京ヤクルトスワローズ,山本 拓実,6,救援,S,13,4,1,3,0,0,0,0,0,0.00
20260604_G-B_03,2026-06-04,木,セ・パ交流戦,ビジター,オリックス・バファローズ,読売ジャイアンツ,Ａ．エスピノーザ,1,先発,敗,105,28,7.1,22,9,0,0,2,2,2.45
20260604_G-B_03,2026-06-04,木,セ・パ交流戦,ビジター,オリックス・バファローズ,読売ジャイアンツ,寺西 成騎,2,救援,,17,4,0.2,2,1,0,0,0,0,0.00
20260604_DB-E_03,2026-06-04,木,セ・パ交流戦,ホーム,横浜DeNAベイスターズ,東北楽天ゴールデンイーグルス,東 克樹,1,先発,,90,22,5,15,2,0,0,4,4,7.20
20260604_DB-E_03,2026-06-04,木,セ・パ交流戦,ホーム,横浜DeNAベイスターズ,東北楽天ゴールデンイーグルス,宮城 滝太,2,救援,,16,4,1,3,0,0,0,0,0,0.00
20260604_DB-E_03,2026-06-04,木,セ・パ交流戦,ホーム,横浜DeNAベイスターズ,東北楽天ゴールデンイーグルス,坂本 裕哉,3,救援,,25,6,1,3,0,0,0,0,0,0.00
20260604_DB-E_03,2026-06-04,木,セ・パ交流戦,ホーム,横浜DeNAベイスターズ,東北楽天ゴールデンイーグルス,堀岡 隼人,4,救援,,21,7,1,3,0,0,0,3,3,27.00
20260604_DB-E_03,2026-06-04,木,セ・パ交流戦,ホーム,横浜DeNAベイスターズ,東北楽天ゴールデンイーグルス,伊勢 大夢,5,救援,勝,18,3,1,3,2,0,0,0,0,0.00
20260604_C-F_02,2026-06-04,木,セ・パ交流戦,ホーム,広島東洋カープ,北海道日本ハムファイターズ,森 翔平,1,先発,,83,24,6,18,5,0,0,1,1,1.50
20260604_C-F_02,2026-06-04,木,セ・パ交流戦,ホーム,広島東洋カープ,北海道日本ハムファイターズ,中﨑 翔太,2,救援,H,16,3,1,3,2,0,0,0,0,0.00
20260604_C-F_02,2026-06-04,木,セ・パ交流戦,ホーム,広島東洋カープ,北海道日本ハムファイターズ,Ｔ．ハーン,3,救援,,18,5,1,3,1,0,0,1,1,9.00
20260604_C-F_02,2026-06-04,木,セ・パ交流戦,ホーム,広島東洋カープ,北海道日本ハムファイターズ,髙 太一,4,救援,,22,6,1,3,2,0,0,0,0,0.00
20260604_C-F_02,2026-06-04,木,セ・パ交流戦,ホーム,広島東洋カープ,北海道日本ハムファイターズ,森浦 大輔,5,救援,H,9,3,1,3,2,0,0,0,0,0.00
20260604_C-F_02,2026-06-04,木,セ・パ交流戦,ホーム,広島東洋カープ,北海道日本ハムファイターズ,辻 大雅,6,救援,H,18,3,1,3,3,0,0,0,0,0.00
20260604_C-F_02,2026-06-04,木,セ・パ交流戦,ホーム,広島東洋カープ,北海道日本ハムファイターズ,塹江 敦哉,7,救援,敗,19,4,0.2,2,1,0,0,2,2,27.00
20260604_C-F_02,2026-06-04,木,セ・パ交流戦,ホーム,広島東洋カープ,北海道日本ハムファイターズ,益田 武尚,8,救援,,11,3,0.1,1,1,0,0,1,1,27.00
20260604_T-L_02,2026-06-04,木,セ・パ交流戦,ホーム,阪神タイガース,埼玉西武ライオンズ,西 勇輝,1,先発,敗,88,18,4,12,3,0,0,3,2,4.50
20260604_T-L_02,2026-06-04,木,セ・パ交流戦,ホーム,阪神タイガース,埼玉西武ライオンズ,木下 里都,2,救援,,15,3,1,3,2,0,0,0,0,0.00
20260604_T-L_02,2026-06-04,木,セ・パ交流戦,ホーム,阪神タイガース,埼玉西武ライオンズ,門別 啓人,3,救援,,24,8,2,6,2,0,0,1,1,4.50
20260604_T-L_02,2026-06-04,木,セ・パ交流戦,ホーム,阪神タイガース,埼玉西武ライオンズ,工藤 泰成,4,救援,,11,3,1,3,0,0,0,0,0,0.00
20260604_T-L_02,2026-06-04,木,セ・パ交流戦,ホーム,阪神タイガース,埼玉西武ライオンズ,及川 雅貴,5,救援,,17,3,1,3,1,0,0,0,0,0.00
20260604_T-L_02,2026-06-04,木,セ・パ交流戦,ビジター,埼玉西武ライオンズ,阪神タイガース,平良 海馬,1,先発,勝,101,25,7,21,4,0,0,1,1,1.29
20260604_T-L_02,2026-06-04,木,セ・パ交流戦,ビジター,埼玉西武ライオンズ,阪神タイガース,篠原 響,2,救援,H,11,3,1,3,2,0,0,0,0,0.00
20260604_T-L_02,2026-06-04,木,セ・パ交流戦,ビジター,埼玉西武ライオンズ,阪神タイガース,岩城 颯空,3,救援,S,34,6,1,3,1,0,0,1,0,0.00
20260604_S-M_03,2026-06-04,木,セ・パ交流戦,ビジター,千葉ロッテマリーンズ,東京ヤクルトスワローズ,小島 和哉,1,先発,勝,114,27,7,21,8,1,0,1,1,1.29
20260604_S-M_03,2026-06-04,木,セ・パ交流戦,ビジター,千葉ロッテマリーンズ,東京ヤクルトスワローズ,澤田 圭佑,2,救援,,26,6,1,3,1,0,0,1,1,9.00
20260604_S-M_03,2026-06-04,木,セ・パ交流戦,ビジター,千葉ロッテマリーンズ,東京ヤクルトスワローズ,横山 陸人,3,救援,S,4,3,1,3,0,0,0,0,0,0.00
20260604_D-H_03,2026-06-04,木,セ・パ交流戦,ホーム,中日ドラゴンズ,福岡ソフトバンクホークス,金丸 夢斗,1,先発,敗,98,29,7,21,5,0,0,2,0,0.00
20260604_D-H_03,2026-06-04,木,セ・パ交流戦,ホーム,中日ドラゴンズ,福岡ソフトバンクホークス,橋本 侑樹,2,救援,,7,3,1,3,1,0,0,0,0,0.00
20260604_D-H_03,2026-06-04,木,セ・パ交流戦,ホーム,中日ドラゴンズ,福岡ソフトバンクホークス,藤嶋 健人,3,救援,,21,6,1,3,1,0,0,0,0,0.00
20260604_S-M_03,2026-06-04,木,セ・パ交流戦,ホーム,東京ヤクルトスワローズ,千葉ロッテマリーンズ,小川 泰弘,1,先発,敗,97,24,5,15,6,0,0,5,5,9.00
20260604_S-M_03,2026-06-04,木,セ・パ交流戦,ホーム,東京ヤクルトスワローズ,千葉ロッテマリーンズ,阪口 皓亮,2,救援,,25,6,2,6,2,0,0,0,0,0.00
20260604_S-M_03,2026-06-04,木,セ・パ交流戦,ホーム,東京ヤクルトスワローズ,千葉ロッテマリーンズ,Ｊ．リランソ,3,救援,,14,4,1,3,2,0,0,0,0,0.00
20260604_S-M_03,2026-06-04,木,セ・パ交流戦,ホーム,東京ヤクルトスワローズ,千葉ロッテマリーンズ,荘司 宏太,4,救援,,22,5,1,3,1,0,0,0,0,0.00
20260604_DB-E_03,2026-06-04,木,セ・パ交流戦,ビジター,東北楽天ゴールデンイーグルス,横浜DeNAベイスターズ,瀧中 瞭太,1,先発,,102,24,6,18,5,0,0,0,0,0.00
20260604_DB-E_03,2026-06-04,木,セ・パ交流戦,ビジター,東北楽天ゴールデンイーグルス,横浜DeNAベイスターズ,九谷 瑠,2,救援,,14,3,1,3,0,0,0,0,0,0.00
20260604_DB-E_03,2026-06-04,木,セ・パ交流戦,ビジター,東北楽天ゴールデンイーグルス,横浜DeNAベイスターズ,柴田 大地,3,救援,,19,4,0+,0,0,0,0,4,4,
20260604_DB-E_03,2026-06-04,木,セ・パ交流戦,ビジター,東北楽天ゴールデンイーグルス,横浜DeNAベイスターズ,加治屋 蓮,4,救援,,22,6,0.2,2,1,0,0,3,3,40.50
20260604_DB-E_03,2026-06-04,木,セ・パ交流戦,ビジター,東北楽天ゴールデンイーグルス,横浜DeNAベイスターズ,津留﨑 大成,5,救援,,10,3,0.1,1,0,0,0,0,0,0.00
20260604_DB-E_03,2026-06-04,木,セ・パ交流戦,ビジター,東北楽天ゴールデンイーグルス,横浜DeNAベイスターズ,西垣 雅矢,6,救援,敗,15,4,0.2,2,0,1,0,1,1,13.50
20260604_G-B_03,2026-06-04,木,セ・パ交流戦,ホーム,読売ジャイアンツ,オリックス・バファローズ,田中 将大,1,先発,,112,28,7,21,6,0,0,1,1,1.29
20260604_G-B_03,2026-06-04,木,セ・パ交流戦,ホーム,読売ジャイアンツ,オリックス・バファローズ,中川 皓太,2,救援,勝,16,4,1,3,3,0,0,0,0,0.00
20260604_G-B_03,2026-06-04,木,セ・パ交流戦,ホーム,読売ジャイアンツ,オリックス・バファローズ,Ｒ．マルティネス,3,救援,S,18,4,1,3,2,0,0,0,0,0.00
20260604_D-H_03,2026-06-04,木,セ・パ交流戦,ビジター,福岡ソフトバンクホークス,中日ドラゴンズ,Ｃ．スチュワート・ジュニア,1,先発,勝,98,22,5.1,16,6,1,0,1,1,1.69
20260604_D-H_03,2026-06-04,木,セ・パ交流戦,ビジター,福岡ソフトバンクホークス,中日ドラゴンズ,木村 光,2,救援,H,10,3,0.2,2,2,0,0,0,0,0.00
20260604_D-H_03,2026-06-04,木,セ・パ交流戦,ビジター,福岡ソフトバンクホークス,中日ドラゴンズ,Ｄ．ヘルナンデス,3,救援,H,18,3,1,3,1,0,0,0,0,0.00
20260604_D-H_03,2026-06-04,木,セ・パ交流戦,ビジター,福岡ソフトバンクホークス,中日ドラゴンズ,Ｒ．オスナ,4,救援,H,18,3,1,3,2,0,0,0,0,0.00
20260604_D-H_03,2026-06-04,木,セ・パ交流戦,ビジター,福岡ソフトバンクホークス,中日ドラゴンズ,杉山 一樹,5,救援,S,13,3,1,3,2,0,0,0,0,0.00
20260604_C-F_02,2026-06-04,木,セ・パ交流戦,ビジター,北海道日本ハムファイターズ,広島東洋カープ,柴田 獅子,1,先発,,88,19,4,12,4,0,0,1,1,2.25
20260604_C-F_02,2026-06-04,木,セ・パ交流戦,ビジター,北海道日本ハムファイターズ,広島東洋カープ,畔柳 亨丞,2,救援,,25,5,1,3,1,0,0,0,0,0.00
20260604_C-F_02,2026-06-04,木,セ・パ交流戦,ビジター,北海道日本ハムファイターズ,広島東洋カープ,堀 瑞輝,3,救援,H,12,3,1,3,1,0,0,0,0,0.00
20260604_C-F_02,2026-06-04,木,セ・パ交流戦,ビジター,北海道日本ハムファイターズ,広島東洋カープ,島本 浩也,4,救援,H,7,4,1,3,0,0,0,0,0,0.00
20260604_C-F_02,2026-06-04,木,セ・パ交流戦,ビジター,北海道日本ハムファイターズ,広島東洋カープ,田中 正義,5,救援,H,9,3,1,3,1,0,0,0,0,0.00
20260604_C-F_02,2026-06-04,木,セ・パ交流戦,ビジター,北海道日本ハムファイターズ,広島東洋カープ,柳川 大晟,6,救援,,11,5,1,3,0,0,0,1,0,0.00
20260604_C-F_02,2026-06-04,木,セ・パ交流戦,ビジター,北海道日本ハムファイターズ,広島東洋カープ,福谷 浩司,7,救援,H,18,5,1,3,0,0,0,0,0,0.00
20260604_C-F_02,2026-06-04,木,セ・パ交流戦,ビジター,北海道日本ハムファイターズ,広島東洋カープ,山本 拓実,8,救援,勝,28,6,1,3,2,0,0,0,0,0.00
20260604_C-F_02,2026-06-04,木,セ・パ交流戦,ビジター,北海道日本ハムファイターズ,広島東洋カープ,菊地 大稀,9,救援,S,22,4,1,3,1,0,0,0,0,0.00
20260603_G-B_02,2026-06-03,水,セ・パ交流戦,ビジター,オリックス・バファローズ,読売ジャイアンツ,曽谷 龍平,1,先発,,99,24,7,21,10,0,0,1,1,1.29
20260603_G-B_02,2026-06-03,水,セ・パ交流戦,ビジター,オリックス・バファローズ,読売ジャイアンツ,椋木 蓮,2,救援,敗,15,5,0.1,1,0,0,0,4,4,108.00
20260603_G-B_02,2026-06-03,水,セ・パ交流戦,ビジター,オリックス・バファローズ,読売ジャイアンツ,入山 海斗,3,救援,,10,2,0.2,2,2,0,0,0,0,0.00
20260603_DB-E_02,2026-06-03,水,セ・パ交流戦,ホーム,横浜DeNAベイスターズ,東北楽天ゴールデンイーグルス,石田 裕太郎,1,先発,,109,24,6,18,7,0,0,0,0,0.00
20260603_DB-E_02,2026-06-03,水,セ・パ交流戦,ホーム,横浜DeNAベイスターズ,東北楽天ゴールデンイーグルス,伊勢 大夢,2,救援,H,21,4,1,3,1,0,0,0,0,0.00
20260603_DB-E_02,2026-06-03,水,セ・パ交流戦,ホーム,横浜DeNAベイスターズ,東北楽天ゴールデンイーグルス,Ｓ．レイノルズ,3,救援,H,14,3,1,3,2,0,0,0,0,0.00
20260603_DB-E_02,2026-06-03,水,セ・パ交流戦,ホーム,横浜DeNAベイスターズ,東北楽天ゴールデンイーグルス,山﨑 康晃,4,救援,敗,29,5,1,3,1,1,0,2,2,18.00
20260603_C-F_01,2026-06-03,水,セ・パ交流戦,ホーム,広島東洋カープ,北海道日本ハムファイターズ,床田 寛樹,1,先発,勝,89,27,6,18,4,2,0,1,1,1.50
20260603_C-F_01,2026-06-03,水,セ・パ交流戦,ホーム,広島東洋カープ,北海道日本ハムファイターズ,遠藤 淳志,2,救援,H,30,5,1,3,0,0,0,0,0,0.00
20260603_C-F_01,2026-06-03,水,セ・パ交流戦,ホーム,広島東洋カープ,北海道日本ハムファイターズ,Ｔ．ハーン,3,救援,H,20,4,1,3,2,0,0,0,0,0.00
20260603_C-F_01,2026-06-03,水,セ・パ交流戦,ホーム,広島東洋カープ,北海道日本ハムファイターズ,森浦 大輔,4,救援,S,8,3,1,3,0,0,0,0,0,0.00
20260603_T-L_01,2026-06-03,水,セ・パ交流戦,ホーム,阪神タイガース,埼玉西武ライオンズ,大竹 耕太郎,1,先発,敗,91,26,7,21,5,0,0,3,1,1.29
20260603_T-L_01,2026-06-03,水,セ・パ交流戦,ホーム,阪神タイガース,埼玉西武ライオンズ,湯浅 京己,2,救援,,13,3,1,3,1,0,0,0,0,0.00
20260603_T-L_01,2026-06-03,水,セ・パ交流戦,ホーム,阪神タイガース,埼玉西武ライオンズ,工藤 泰成,3,救援,,19,3,1,3,1,0,0,0,0,0.00
20260603_T-L_01,2026-06-03,水,セ・パ交流戦,ビジター,埼玉西武ライオンズ,阪神タイガース,渡邉 勇太朗,1,先発,勝,112,24,7,21,6,0,0,0,0,0.00
20260603_T-L_01,2026-06-03,水,セ・パ交流戦,ビジター,埼玉西武ライオンズ,阪神タイガース,甲斐野 央,2,救援,H,24,5,1,3,2,0,0,0,0,0.00
20260603_T-L_01,2026-06-03,水,セ・パ交流戦,ビジター,埼玉西武ライオンズ,阪神タイガース,岩城 颯空,3,救援,S,14,5,1,3,1,0,0,2,2,18.00
20260603_S-M_02,2026-06-03,水,セ・パ交流戦,ビジター,千葉ロッテマリーンズ,東京ヤクルトスワローズ,毛利 海大,1,先発,,89,22,5,15,4,0,0,0,0,0.00
20260603_S-M_02,2026-06-03,水,セ・パ交流戦,ビジター,千葉ロッテマリーンズ,東京ヤクルトスワローズ,高野 脩汰,2,救援,敗,22,6,1,3,1,0,0,1,1,9.00
20260603_S-M_02,2026-06-03,水,セ・パ交流戦,ビジター,千葉ロッテマリーンズ,東京ヤクルトスワローズ,中森 俊介,3,救援,,18,4,1,3,1,0,0,0,0,0.00
20260603_S-M_02,2026-06-03,水,セ・パ交流戦,ビジター,千葉ロッテマリーンズ,東京ヤクルトスワローズ,小野 郁,4,救援,,14,4,1,3,0,0,0,0,0,0.00
20260603_D-H_02,2026-06-03,水,セ・パ交流戦,ホーム,中日ドラゴンズ,福岡ソフトバンクホークス,櫻井 頼之介,1,先発,,78,23,5+,15,5,0,0,3,3,5.40
20260603_D-H_02,2026-06-03,水,セ・パ交流戦,ホーム,中日ドラゴンズ,福岡ソフトバンクホークス,齋藤 綱記,2,救援,,21,6,1,3,1,1,0,2,2,18.00
20260603_D-H_02,2026-06-03,水,セ・パ交流戦,ホーム,中日ドラゴンズ,福岡ソフトバンクホークス,橋本 侑樹,3,救援,H,16,3,1,3,2,0,0,0,0,0.00
20260603_D-H_02,2026-06-03,水,セ・パ交流戦,ホーム,中日ドラゴンズ,福岡ソフトバンクホークス,吉田 聖弥,4,救援,H,28,6,1,3,0,0,0,0,0,0.00
20260603_D-H_02,2026-06-03,水,セ・パ交流戦,ホーム,中日ドラゴンズ,福岡ソフトバンクホークス,松山 晋也,5,救援,H,14,4,1,3,2,0,0,0,0,0.00
20260603_D-H_02,2026-06-03,水,セ・パ交流戦,ホーム,中日ドラゴンズ,福岡ソフトバンクホークス,藤嶋 健人,6,救援,H,16,5,1,3,1,0,0,0,0,0.00
20260603_D-H_02,2026-06-03,水,セ・パ交流戦,ホーム,中日ドラゴンズ,福岡ソフトバンクホークス,勝野 昌慶,7,救援,敗,18,6,0.1,1,0,0,0,3,2,54.00
20260603_D-H_02,2026-06-03,水,セ・パ交流戦,ホーム,中日ドラゴンズ,福岡ソフトバンクホークス,篠﨑 国忠,8,救援,,15,3,0.2,2,1,0,0,0,0,0.00
20260603_S-M_02,2026-06-03,水,セ・パ交流戦,ホーム,東京ヤクルトスワローズ,千葉ロッテマリーンズ,高橋 奎二,1,先発,勝,101,23,7,21,6,0,0,0,0,0.00
20260603_S-M_02,2026-06-03,水,セ・パ交流戦,ホーム,東京ヤクルトスワローズ,千葉ロッテマリーンズ,星 知弥,2,救援,H,14,5,1,3,0,0,0,0,0,0.00
20260603_S-M_02,2026-06-03,水,セ・パ交流戦,ホーム,東京ヤクルトスワローズ,千葉ロッテマリーンズ,Ｊ．キハダ,3,救援,S,19,4,1,3,1,0,0,0,0,0.00
20260603_DB-E_02,2026-06-03,水,セ・パ交流戦,ビジター,東北楽天ゴールデンイーグルス,横浜DeNAベイスターズ,古謝 樹,1,先発,,102,21,6,18,5,0,0,0,0,0.00
20260603_DB-E_02,2026-06-03,水,セ・パ交流戦,ビジター,東北楽天ゴールデンイーグルス,横浜DeNAベイスターズ,鈴木 翔天,2,救援,H,15,4,1,3,1,0,0,0,0,0.00
20260603_DB-E_02,2026-06-03,水,セ・パ交流戦,ビジター,東北楽天ゴールデンイーグルス,横浜DeNAベイスターズ,西垣 雅矢,3,救援,勝,11,3,1,3,1,0,0,0,0,0.00
20260603_DB-E_02,2026-06-03,水,セ・パ交流戦,ビジター,東北楽天ゴールデンイーグルス,横浜DeNAベイスターズ,藤平 尚真,4,救援,S,13,4,1,3,2,0,0,0,0,0.00
20260603_G-B_02,2026-06-03,水,セ・パ交流戦,ホーム,読売ジャイアンツ,オリックス・バファローズ,戸郷 翔征,1,先発,,14,4,1+,3,1,0,0,0,0,0.00
20260603_G-B_02,2026-06-03,水,セ・パ交流戦,ホーム,読売ジャイアンツ,オリックス・バファローズ,森田 駿哉,2,救援,,72,19,4.1,13,4,0,0,3,3,6.23
20260603_G-B_02,2026-06-03,水,セ・パ交流戦,ホーム,読売ジャイアンツ,オリックス・バファローズ,高梨 雄平,3,救援,,9,4,0.2,2,0,0,0,0,0,0.00
20260603_G-B_02,2026-06-03,水,セ・パ交流戦,ホーム,読売ジャイアンツ,オリックス・バファローズ,堀田 賢慎,4,救援,勝,29,8,2,6,2,0,0,1,1,4.50
20260603_G-B_02,2026-06-03,水,セ・パ交流戦,ホーム,読売ジャイアンツ,オリックス・バファローズ,Ｒ．マルティネス,5,救援,S,9,4,1,3,1,0,0,0,0,0.00
20260603_D-H_02,2026-06-03,水,セ・パ交流戦,ビジター,福岡ソフトバンクホークス,中日ドラゴンズ,松本 晴,1,先発,,81,23,5,15,5,0,0,4,4,7.20
20260603_D-H_02,2026-06-03,水,セ・パ交流戦,ビジター,福岡ソフトバンクホークス,中日ドラゴンズ,津森 宥紀,2,救援,,9,3,0.1,1,0,0,0,1,1,27.00
20260603_D-H_02,2026-06-03,水,セ・パ交流戦,ビジター,福岡ソフトバンクホークス,中日ドラゴンズ,Ｄ．ヘルナンデス,3,救援,,9,3,0.2,2,2,0,0,0,0,0.00
20260603_D-H_02,2026-06-03,水,セ・パ交流戦,ビジター,福岡ソフトバンクホークス,中日ドラゴンズ,Ｒ．オスナ,4,救援,H,16,3,1,3,3,0,0,0,0,0.00
20260603_D-H_02,2026-06-03,水,セ・パ交流戦,ビジター,福岡ソフトバンクホークス,中日ドラゴンズ,松本 裕樹,5,救援,H,19,5,1,3,2,0,0,0,0,0.00
20260603_D-H_02,2026-06-03,水,セ・パ交流戦,ビジター,福岡ソフトバンクホークス,中日ドラゴンズ,杉山 一樹,6,救援,H,16,3,1,3,3,0,0,0,0,0.00
20260603_D-H_02,2026-06-03,水,セ・パ交流戦,ビジター,福岡ソフトバンクホークス,中日ドラゴンズ,木村 光,7,救援,勝,10,3,1,3,2,0,0,0,0,0.00
20260603_D-H_02,2026-06-03,水,セ・パ交流戦,ビジター,福岡ソフトバンクホークス,中日ドラゴンズ,上茶谷 大河,8,救援,S,24,5,1,3,1,0,0,0,0,0.00
20260603_C-F_01,2026-06-03,水,セ・パ交流戦,ビジター,北海道日本ハムファイターズ,広島東洋カープ,伊藤 大海,1,先発,敗,103,23,5,15,4,0,0,3,3,5.40
20260603_C-F_01,2026-06-03,水,セ・パ交流戦,ビジター,北海道日本ハムファイターズ,広島東洋カープ,加藤 貴之,2,救援,,29,8,2,6,0,0,0,0,0,0.00
20260603_C-F_01,2026-06-03,水,セ・パ交流戦,ビジター,北海道日本ハムファイターズ,広島東洋カープ,河野 竜生,3,救援,,21,4,1,3,1,0,0,0,0,0.00
20260602_G-B_01,2026-06-02,火,セ・パ交流戦,ビジター,オリックス・バファローズ,読売ジャイアンツ,九里 亜蓮,1,先発,敗,97,25,5.2,17,10,0,0,3,3,4.76
20260602_G-B_01,2026-06-02,火,セ・パ交流戦,ビジター,オリックス・バファローズ,読売ジャイアンツ,入山 海斗,2,救援,,4,1,0.1,1,0,0,0,0,0,0.00
20260602_G-B_01,2026-06-02,火,セ・パ交流戦,ビジター,オリックス・バファローズ,読売ジャイアンツ,吉田 輝星,3,救援,,17,4,1,3,1,0,0,0,0,0.00
20260602_G-B_01,2026-06-02,火,セ・パ交流戦,ビジター,オリックス・バファローズ,読売ジャイアンツ,岩嵜 翔,4,救援,,12,4,1,3,0,0,0,0,0,0.00
20260602_DB-E_01,2026-06-02,火,セ・パ交流戦,ホーム,横浜DeNAベイスターズ,東北楽天ゴールデンイーグルス,平良 拳太郎,1,先発,,98,20,5,15,8,0,0,2,2,3.60
20260602_DB-E_01,2026-06-02,火,セ・パ交流戦,ホーム,横浜DeNAベイスターズ,東北楽天ゴールデンイーグルス,Ｊ．ルイーズ,2,救援,H,15,3,1,3,2,0,0,0,0,0.00
20260602_DB-E_01,2026-06-02,火,セ・パ交流戦,ホーム,横浜DeNAベイスターズ,東北楽天ゴールデンイーグルス,Ｓ．レイノルズ,3,救援,H,20,5,1,3,2,0,0,0,0,0.00
20260602_DB-E_01,2026-06-02,火,セ・パ交流戦,ホーム,横浜DeNAベイスターズ,東北楽天ゴールデンイーグルス,中川 虎大,4,救援,敗,30,7,1,3,2,0,0,2,2,18.00
20260602_DB-E_01,2026-06-02,火,セ・パ交流戦,ホーム,横浜DeNAベイスターズ,東北楽天ゴールデンイーグルス,坂本 裕哉,5,救援,,28,7,1,3,1,0,0,3,3,27.00
20260602_S-M_01,2026-06-02,火,セ・パ交流戦,ビジター,千葉ロッテマリーンズ,東京ヤクルトスワローズ,Ａ．ジャクソン,1,先発,勝,132,28,7,21,7,0,0,0,0,0.00
20260602_S-M_01,2026-06-02,火,セ・パ交流戦,ビジター,千葉ロッテマリーンズ,東京ヤクルトスワローズ,澤田 圭佑,2,救援,,11,3,1,3,1,0,0,0,0,0.00
20260602_S-M_01,2026-06-02,火,セ・パ交流戦,ビジター,千葉ロッテマリーンズ,東京ヤクルトスワローズ,益田 直也,3,救援,,22,4,1,3,1,0,0,0,0,0.00
20260602_D-H_01,2026-06-02,火,セ・パ交流戦,ホーム,中日ドラゴンズ,福岡ソフトバンクホークス,Ｋ．マラー,1,先発,敗,104,27,6,18,7,0,0,3,3,4.50
20260602_D-H_01,2026-06-02,火,セ・パ交流戦,ホーム,中日ドラゴンズ,福岡ソフトバンクホークス,勝野 昌慶,2,救援,,9,3,1,3,2,0,0,0,0,0.00
20260602_D-H_01,2026-06-02,火,セ・パ交流戦,ホーム,中日ドラゴンズ,福岡ソフトバンクホークス,齋藤 綱記,3,救援,,8,3,1,3,1,0,0,0,0,0.00
20260602_D-H_01,2026-06-02,火,セ・パ交流戦,ホーム,中日ドラゴンズ,福岡ソフトバンクホークス,伊藤 茉央,4,救援,,10,4,1,3,0,0,0,0,0,0.00
20260602_S-M_01,2026-06-02,火,セ・パ交流戦,ホーム,東京ヤクルトスワローズ,千葉ロッテマリーンズ,松本 健吾,1,先発,敗,94,25,4.2,14,4,0,0,3,3,5.79
20260602_S-M_01,2026-06-02,火,セ・パ交流戦,ホーム,東京ヤクルトスワローズ,千葉ロッテマリーンズ,阪口 皓亮,2,救援,,6,2,0.1,1,0,0,0,0,0,0.00
20260602_S-M_01,2026-06-02,火,セ・パ交流戦,ホーム,東京ヤクルトスワローズ,千葉ロッテマリーンズ,小澤 怜史,3,救援,,20,7,2,6,0,0,0,0,0,0.00
20260602_S-M_01,2026-06-02,火,セ・パ交流戦,ホーム,東京ヤクルトスワローズ,千葉ロッテマリーンズ,荘司 宏太,4,救援,,25,7,1,3,1,0,0,2,2,18.00
20260602_S-M_01,2026-06-02,火,セ・パ交流戦,ホーム,東京ヤクルトスワローズ,千葉ロッテマリーンズ,廣澤 優,5,救援,,11,4,1,3,0,0,0,0,0,0.00
20260602_DB-E_01,2026-06-02,火,セ・パ交流戦,ビジター,東北楽天ゴールデンイーグルス,横浜DeNAベイスターズ,荘司 康誠,1,先発,,95,25,6,18,7,0,0,3,2,3.00
20260602_DB-E_01,2026-06-02,火,セ・パ交流戦,ビジター,東北楽天ゴールデンイーグルス,横浜DeNAベイスターズ,柴田 大地,2,救援,勝,31,5,1,3,2,0,0,0,0,0.00
20260602_DB-E_01,2026-06-02,火,セ・パ交流戦,ビジター,東北楽天ゴールデンイーグルス,横浜DeNAベイスターズ,加治屋 蓮,3,救援,H,12,4,1,3,0,0,0,0,0,0.00
20260602_DB-E_01,2026-06-02,火,セ・パ交流戦,ビジター,東北楽天ゴールデンイーグルス,横浜DeNAベイスターズ,藤平 尚真,4,救援,,8,3,1,3,1,0,0,0,0,0.00
20260602_G-B_01,2026-06-02,火,セ・パ交流戦,ホーム,読売ジャイアンツ,オリックス・バファローズ,則本 昂大,1,先発,勝,97,21,5.2,17,2,0,0,2,2,3.18
20260602_G-B_01,2026-06-02,火,セ・パ交流戦,ホーム,読売ジャイアンツ,オリックス・バファローズ,高梨 雄平,2,救援,H,4,1,0.1,1,0,0,0,0,0,0.00
20260602_G-B_01,2026-06-02,火,セ・パ交流戦,ホーム,読売ジャイアンツ,オリックス・バファローズ,中川 皓太,3,救援,H,14,4,1,3,1,0,0,0,0,0.00
20260602_G-B_01,2026-06-02,火,セ・パ交流戦,ホーム,読売ジャイアンツ,オリックス・バファローズ,大勢,4,救援,H,9,3,1,3,1,0,0,0,0,0.00
20260602_G-B_01,2026-06-02,火,セ・パ交流戦,ホーム,読売ジャイアンツ,オリックス・バファローズ,Ｒ．マルティネス,5,救援,S,20,3,1,3,1,0,0,0,0,0.00
20260602_D-H_01,2026-06-02,火,セ・パ交流戦,ビジター,福岡ソフトバンクホークス,中日ドラゴンズ,大津 亮介,1,先発,勝,118,29,9,27,11,0,0,0,0,0.00
20260531_B-D_03,2026-05-31,日,セ・パ交流戦,ホーム,オリックス・バファローズ,中日ドラゴンズ,髙島 泰都,1,先発,,28,9,1.1,4,1,0,0,4,4,27.00
20260531_B-D_03,2026-05-31,日,セ・パ交流戦,ホーム,オリックス・バファローズ,中日ドラゴンズ,博志,2,救援,勝,32,10,2.2,8,1,0,0,1,1,3.38
20260531_B-D_03,2026-05-31,日,セ・パ交流戦,ホーム,オリックス・バファローズ,中日ドラゴンズ,山﨑 颯一郎,3,救援,H,38,11,3,9,2,0,0,0,0,0.00
20260531_B-D_03,2026-05-31,日,セ・パ交流戦,ホーム,オリックス・バファローズ,中日ドラゴンズ,椋木 蓮,4,救援,H,5,3,1,3,0,0,0,0,0,0.00
20260531_B-D_03,2026-05-31,日,セ・パ交流戦,ホーム,オリックス・バファローズ,中日ドラゴンズ,Ａ．マチャド,5,救援,S,14,4,1,3,1,0,0,0,0,0.00
20260531_L-DB_03,2026-05-31,日,セ・パ交流戦,ビジター,横浜DeNAベイスターズ,埼玉西武ライオンズ,尾形 崇斗,1,先発,勝,75,20,5,15,7,0,0,0,0,0.00
20260531_L-DB_03,2026-05-31,日,セ・パ交流戦,ビジター,横浜DeNAベイスターズ,埼玉西武ライオンズ,中川 虎大,2,救援,,14,3,1,3,2,0,0,0,0,0.00
20260531_L-DB_03,2026-05-31,日,セ・パ交流戦,ビジター,横浜DeNAベイスターズ,埼玉西武ライオンズ,Ｊ．ルイーズ,3,救援,,21,4,1,3,1,0,0,0,0,0.00
20260531_L-DB_03,2026-05-31,日,セ・パ交流戦,ビジター,横浜DeNAベイスターズ,埼玉西武ライオンズ,Ｓ．レイノルズ,4,救援,,14,3,1,3,1,0,0,0,0,0.00
20260531_L-DB_03,2026-05-31,日,セ・パ交流戦,ビジター,横浜DeNAベイスターズ,埼玉西武ライオンズ,伊勢 大夢,5,救援,,12,3,1,3,0,0,0,0,0,0.00
20260531_H-C_03,2026-05-31,日,セ・パ交流戦,ビジター,広島東洋カープ,福岡ソフトバンクホークス,岡本 駿,1,先発,敗,91,24,6,18,6,0,0,3,3,4.50
20260531_H-C_03,2026-05-31,日,セ・パ交流戦,ビジター,広島東洋カープ,福岡ソフトバンクホークス,遠藤 淳志,2,救援,,9,3,1,3,1,0,0,0,0,0.00
20260531_H-C_03,2026-05-31,日,セ・パ交流戦,ビジター,広島東洋カープ,福岡ソフトバンクホークス,髙 太一,3,救援,,13,4,1,3,1,0,0,0,0,0.00
20260531_M-T_03,2026-05-31,日,セ・パ交流戦,ビジター,阪神タイガース,千葉ロッテマリーンズ,才木 浩人,1,先発,,101,24,6,18,6,0,0,2,2,3.00
20260531_M-T_03,2026-05-31,日,セ・パ交流戦,ビジター,阪神タイガース,千葉ロッテマリーンズ,畠 世周,2,救援,H,15,3,1,3,0,0,0,0,0,0.00
20260531_M-T_03,2026-05-31,日,セ・パ交流戦,ビジター,阪神タイガース,千葉ロッテマリーンズ,Ｄ．モレッタ,3,救援,敗,25,4,0.1,1,0,0,0,2,2,54.00
20260531_M-T_03,2026-05-31,日,セ・パ交流戦,ビジター,阪神タイガース,千葉ロッテマリーンズ,及川 雅貴,4,救援,,11,2,0.2,2,1,0,0,0,0,0.00
20260531_L-DB_03,2026-05-31,日,セ・パ交流戦,ホーム,埼玉西武ライオンズ,横浜DeNAベイスターズ,Ａ．ワイナンス,1,先発,敗,85,23,5,15,1,0,0,4,4,7.20
20260531_L-DB_03,2026-05-31,日,セ・パ交流戦,ホーム,埼玉西武ライオンズ,横浜DeNAベイスターズ,浜屋 将太,2,救援,,9,3,1,3,0,0,0,0,0,0.00
20260531_L-DB_03,2026-05-31,日,セ・パ交流戦,ホーム,埼玉西武ライオンズ,横浜DeNAベイスターズ,青山 美夏人,3,救援,,30,7,1,3,1,0,0,2,2,18.00
20260531_L-DB_03,2026-05-31,日,セ・パ交流戦,ホーム,埼玉西武ライオンズ,横浜DeNAベイスターズ,豆田 泰志,4,救援,,12,3,1,3,0,0,0,0,0,0.00
20260531_L-DB_03,2026-05-31,日,セ・パ交流戦,ホーム,埼玉西武ライオンズ,横浜DeNAベイスターズ,上田 大河,5,救援,,14,3,1,3,0,0,0,0,0,0.00
20260531_M-T_03,2026-05-31,日,セ・パ交流戦,ホーム,千葉ロッテマリーンズ,阪神タイガース,Ｓ．ロング,1,先発,,65,16,4,12,3,0,0,1,0,0.00
20260531_M-T_03,2026-05-31,日,セ・パ交流戦,ホーム,千葉ロッテマリーンズ,阪神タイガース,小野 郁,2,救援,,14,5,1,3,0,0,0,1,1,9.00
20260531_M-T_03,2026-05-31,日,セ・パ交流戦,ホーム,千葉ロッテマリーンズ,阪神タイガース,澤田 圭佑,3,救援,H,16,3,1,3,2,0,0,0,0,0.00
20260531_M-T_03,2026-05-31,日,セ・パ交流戦,ホーム,千葉ロッテマリーンズ,阪神タイガース,中森 俊介,4,救援,H,13,3,1,3,1,0,0,0,0,0.00
20260531_M-T_03,2026-05-31,日,セ・パ交流戦,ホーム,千葉ロッテマリーンズ,阪神タイガース,鈴木 昭汰,5,救援,勝,14,3,1,3,2,0,0,0,0,0.00
20260531_M-T_03,2026-05-31,日,セ・パ交流戦,ホーム,千葉ロッテマリーンズ,阪神タイガース,横山 陸人,6,救援,S,33,6,1,3,3,0,0,0,0,0.00
20260531_B-D_03,2026-05-31,日,セ・パ交流戦,ビジター,中日ドラゴンズ,オリックス・バファローズ,髙橋 宏斗,1,先発,,66,18,3.2,11,2,0,0,5,5,12.27
20260531_B-D_03,2026-05-31,日,セ・パ交流戦,ビジター,中日ドラゴンズ,オリックス・バファローズ,牧野 憲伸,2,救援,敗,14,3,0+,0,0,0,0,2,2,
20260531_B-D_03,2026-05-31,日,セ・パ交流戦,ビジター,中日ドラゴンズ,オリックス・バファローズ,Ｈ．メヒア,3,救援,,32,8,1.1,4,2,0,0,0,0,0.00
20260531_B-D_03,2026-05-31,日,セ・パ交流戦,ビジター,中日ドラゴンズ,オリックス・バファローズ,藤嶋 健人,4,救援,,28,7,2,6,3,0,0,0,0,0.00
20260531_B-D_03,2026-05-31,日,セ・パ交流戦,ビジター,中日ドラゴンズ,オリックス・バファローズ,齋藤 綱記,5,救援,,13,3,1,3,0,0,0,0,0,0.00
20260531_E-S_03,2026-05-31,日,セ・パ交流戦,ビジター,東京ヤクルトスワローズ,東北楽天ゴールデンイーグルス,奥川 恭伸,1,先発,勝,100,26,7,21,6,0,0,1,1,1.29
20260531_E-S_03,2026-05-31,日,セ・パ交流戦,ビジター,東京ヤクルトスワローズ,東北楽天ゴールデンイーグルス,星 知弥,2,救援,H,10,3,1,3,0,0,0,0,0,0.00
20260531_E-S_03,2026-05-31,日,セ・パ交流戦,ビジター,東京ヤクルトスワローズ,東北楽天ゴールデンイーグルス,清水 昇,3,救援,S,7,3,1,3,0,0,0,0,0,0.00
20260531_E-S_03,2026-05-31,日,セ・パ交流戦,ホーム,東北楽天ゴールデンイーグルス,東京ヤクルトスワローズ,藤井 聖,1,先発,敗,77,19,4.1,13,3,1,0,2,2,4.15
20260531_E-S_03,2026-05-31,日,セ・パ交流戦,ホーム,東北楽天ゴールデンイーグルス,東京ヤクルトスワローズ,西垣 雅矢,2,救援,,8,2,0.2,2,1,0,0,0,0,0.00
20260531_E-S_03,2026-05-31,日,セ・パ交流戦,ホーム,東北楽天ゴールデンイーグルス,東京ヤクルトスワローズ,九谷 瑠,3,救援,,10,3,1,3,0,0,0,0,0,0.00
20260531_E-S_03,2026-05-31,日,セ・パ交流戦,ホーム,東北楽天ゴールデンイーグルス,東京ヤクルトスワローズ,柴田 大地,4,救援,,27,5,1,3,1,0,0,0,0,0.00
20260531_E-S_03,2026-05-31,日,セ・パ交流戦,ホーム,東北楽天ゴールデンイーグルス,東京ヤクルトスワローズ,加治屋 蓮,5,救援,,11,3,1,3,2,0,0,0,0,0.00
20260531_E-S_03,2026-05-31,日,セ・パ交流戦,ホーム,東北楽天ゴールデンイーグルス,東京ヤクルトスワローズ,藤平 尚真,6,救援,,14,3,1,3,0,0,0,0,0,0.00
20260531_F-G_03,2026-05-31,日,セ・パ交流戦,ビジター,読売ジャイアンツ,北海道日本ハムファイターズ,竹丸 和幸,1,先発,敗,111,29,8,24,10,0,0,3,3,3.38
20260531_H-C_03,2026-05-31,日,セ・パ交流戦,ホーム,福岡ソフトバンクホークス,広島東洋カープ,徐 若熙,1,先発,勝,82,20,6,18,7,0,0,0,0,0.00
20260531_H-C_03,2026-05-31,日,セ・パ交流戦,ホーム,福岡ソフトバンクホークス,広島東洋カープ,Ｒ．オスナ,2,救援,H,12,3,1,3,1,0,0,0,0,0.00
20260531_H-C_03,2026-05-31,日,セ・パ交流戦,ホーム,福岡ソフトバンクホークス,広島東洋カープ,松本 裕樹,3,救援,H,19,6,1,3,0,0,0,1,1,9.00
20260531_H-C_03,2026-05-31,日,セ・パ交流戦,ホーム,福岡ソフトバンクホークス,広島東洋カープ,杉山 一樹,4,救援,S,10,3,1,3,2,0,0,0,0,0.00
20260531_F-G_03,2026-05-31,日,セ・パ交流戦,ホーム,北海道日本ハムファイターズ,読売ジャイアンツ,北山 亘基,1,先発,勝,91,25,6,18,4,0,0,0,0,0.00
20260531_F-G_03,2026-05-31,日,セ・パ交流戦,ホーム,北海道日本ハムファイターズ,読売ジャイアンツ,島本 浩也,2,救援,H,15,3,1,3,1,0,0,0,0,0.00
20260531_F-G_03,2026-05-31,日,セ・パ交流戦,ホーム,北海道日本ハムファイターズ,読売ジャイアンツ,田中 正義,3,救援,H,26,5,1,3,2,0,0,0,0,0.00
20260531_F-G_03,2026-05-31,日,セ・パ交流戦,ホーム,北海道日本ハムファイターズ,読売ジャイアンツ,柳川 大晟,4,救援,S,11,3,1,3,1,0,0,0,0,0.00
20260530_B-D_02,2026-05-30,土,セ・パ交流戦,ホーム,オリックス・バファローズ,中日ドラゴンズ,田嶋 大樹,1,先発,勝,79,22,6,18,4,0,0,1,1,1.50
20260530_B-D_02,2026-05-30,土,セ・パ交流戦,ホーム,オリックス・バファローズ,中日ドラゴンズ,寺西 成騎,2,救援,H,11,3,1,3,0,0,0,0,0,0.00
20260530_B-D_02,2026-05-30,土,セ・パ交流戦,ホーム,オリックス・バファローズ,中日ドラゴンズ,椋木 蓮,3,救援,H,13,3,1,3,2,0,0,0,0,0.00
20260530_B-D_02,2026-05-30,土,セ・パ交流戦,ホーム,オリックス・バファローズ,中日ドラゴンズ,Ａ．マチャド,4,救援,S,17,3,1,3,3,0,0,0,0,0.00
20260530_L-DB_02,2026-05-30,土,セ・パ交流戦,ビジター,横浜DeNAベイスターズ,埼玉西武ライオンズ,武田 陸玖,1,先発,敗,73,13,2,6,1,0,0,2,1,4.50
20260530_L-DB_02,2026-05-30,土,セ・パ交流戦,ビジター,横浜DeNAベイスターズ,埼玉西武ライオンズ,若松 尚輝,2,救援,,57,16,3,9,1,0,0,3,3,9.00
20260530_L-DB_02,2026-05-30,土,セ・パ交流戦,ビジター,横浜DeNAベイスターズ,埼玉西武ライオンズ,Ｊ．ルイーズ,3,救援,,16,5,1,3,0,0,0,1,1,9.00
20260530_L-DB_02,2026-05-30,土,セ・パ交流戦,ビジター,横浜DeNAベイスターズ,埼玉西武ライオンズ,岩田 将貴,4,救援,,13,4,1,3,0,0,0,0,0,0.00
20260530_L-DB_02,2026-05-30,土,セ・パ交流戦,ビジター,横浜DeNAベイスターズ,埼玉西武ライオンズ,宮城 滝太,5,救援,,20,5,1,3,1,0,0,0,0,0.00
20260530_H-C_02,2026-05-30,土,セ・パ交流戦,ビジター,広島東洋カープ,福岡ソフトバンクホークス,森下 暢仁,1,先発,,110,26,5,15,8,0,0,2,2,3.60
20260530_H-C_02,2026-05-30,土,セ・パ交流戦,ビジター,広島東洋カープ,福岡ソフトバンクホークス,塹江 敦哉,2,救援,敗,21,6,1,3,0,0,0,2,2,18.00
20260530_H-C_02,2026-05-30,土,セ・パ交流戦,ビジター,広島東洋カープ,福岡ソフトバンクホークス,益田 武尚,3,救援,,20,4,1,3,2,0,0,0,0,0.00
20260530_H-C_02,2026-05-30,土,セ・パ交流戦,ビジター,広島東洋カープ,福岡ソフトバンクホークス,辻 大雅,4,救援,,16,3,1,3,2,0,0,0,0,0.00
20260530_M-T_02,2026-05-30,土,セ・パ交流戦,ビジター,阪神タイガース,千葉ロッテマリーンズ,村上 頌樹,1,先発,勝,117,32,7.1,22,6,0,0,3,2,2.45
20260530_M-T_02,2026-05-30,土,セ・パ交流戦,ビジター,阪神タイガース,千葉ロッテマリーンズ,岩崎 優,2,救援,H,10,2,0.2,2,2,0,0,0,0,0.00
20260530_M-T_02,2026-05-30,土,セ・パ交流戦,ビジター,阪神タイガース,千葉ロッテマリーンズ,Ｒ．ドリス,3,救援,S,11,3,1,3,0,0,0,0,0,0.00
20260530_L-DB_02,2026-05-30,土,セ・パ交流戦,ホーム,埼玉西武ライオンズ,横浜DeNAベイスターズ,隅田 知一郎,1,先発,勝,113,34,9,27,9,0,0,0,0,0.00
20260530_M-T_02,2026-05-30,土,セ・パ交流戦,ホーム,千葉ロッテマリーンズ,阪神タイガース,唐川 侑己,1,先発,敗,74,21,5,15,4,0,0,4,4,7.20
20260530_M-T_02,2026-05-30,土,セ・パ交流戦,ホーム,千葉ロッテマリーンズ,阪神タイガース,八木 彬,2,救援,,37,8,2.1,7,3,0,0,0,0,0.00
20260530_M-T_02,2026-05-30,土,セ・パ交流戦,ホーム,千葉ロッテマリーンズ,阪神タイガース,高野 脩汰,3,救援,,20,7,1.2,5,0,0,0,0,0,0.00
20260530_B-D_02,2026-05-30,土,セ・パ交流戦,ビジター,中日ドラゴンズ,オリックス・バファローズ,大野 雄大,1,先発,敗,103,34,8,24,3,0,0,3,3,3.38
20260530_E-S_02,2026-05-30,土,セ・パ交流戦,ビジター,東京ヤクルトスワローズ,東北楽天ゴールデンイーグルス,高梨 裕稔,1,先発,勝,114,27,7,21,7,0,0,4,4,5.14
20260530_E-S_02,2026-05-30,土,セ・パ交流戦,ビジター,東京ヤクルトスワローズ,東北楽天ゴールデンイーグルス,丸山 翔大,2,救援,,16,3,1,3,0,0,0,0,0,0.00
20260530_E-S_02,2026-05-30,土,セ・パ交流戦,ビジター,東京ヤクルトスワローズ,東北楽天ゴールデンイーグルス,Ｊ．キハダ,3,救援,,34,9,1,3,2,0,0,3,1,9.00
20260530_E-S_02,2026-05-30,土,セ・パ交流戦,ホーム,東北楽天ゴールデンイーグルス,東京ヤクルトスワローズ,早川 隆久,1,先発,敗,82,24,5,15,4,0,0,5,5,9.00
20260530_E-S_02,2026-05-30,土,セ・パ交流戦,ホーム,東北楽天ゴールデンイーグルス,東京ヤクルトスワローズ,西垣 雅矢,2,救援,,11,3,1,3,2,0,0,0,0,0.00
20260530_E-S_02,2026-05-30,土,セ・パ交流戦,ホーム,東北楽天ゴールデンイーグルス,東京ヤクルトスワローズ,鈴木 翔天,3,救援,,19,5,1,3,1,0,0,2,2,18.00
20260530_E-S_02,2026-05-30,土,セ・パ交流戦,ホーム,東北楽天ゴールデンイーグルス,東京ヤクルトスワローズ,加治屋 蓮,4,救援,,14,5,1,3,1,1,0,1,1,9.00
20260530_E-S_02,2026-05-30,土,セ・パ交流戦,ホーム,東北楽天ゴールデンイーグルス,東京ヤクルトスワローズ,九谷 瑠,5,救援,,21,5,1,3,2,0,0,0,0,0.00
20260530_F-G_02,2026-05-30,土,セ・パ交流戦,ビジター,読売ジャイアンツ,北海道日本ハムファイターズ,西舘 勇陽,1,先発,勝,105,25,6,18,8,0,0,0,0,0.00
20260530_F-G_02,2026-05-30,土,セ・パ交流戦,ビジター,読売ジャイアンツ,北海道日本ハムファイターズ,高梨 雄平,2,救援,,13,3,0.1,1,0,0,0,1,1,27.00
20260530_F-G_02,2026-05-30,土,セ・パ交流戦,ビジター,読売ジャイアンツ,北海道日本ハムファイターズ,田中 瑛斗,3,救援,H,11,3,0.2,2,1,0,0,0,0,0.00
20260530_F-G_02,2026-05-30,土,セ・パ交流戦,ビジター,読売ジャイアンツ,北海道日本ハムファイターズ,大勢,4,救援,H,10,4,1,3,1,0,0,1,1,9.00
20260530_F-G_02,2026-05-30,土,セ・パ交流戦,ビジター,読売ジャイアンツ,北海道日本ハムファイターズ,Ｒ．マルティネス,5,救援,S,26,6,1,3,0,0,0,1,1,9.00
20260530_H-C_02,2026-05-30,土,セ・パ交流戦,ホーム,福岡ソフトバンクホークス,広島東洋カープ,前田 純,1,先発,,94,20,5,15,4,0,0,2,2,3.60
20260530_H-C_02,2026-05-30,土,セ・パ交流戦,ホーム,福岡ソフトバンクホークス,広島東洋カープ,木村 光,2,救援,勝,15,3,1,3,0,0,0,0,0,0.00
20260530_H-C_02,2026-05-30,土,セ・パ交流戦,ホーム,福岡ソフトバンクホークス,広島東洋カープ,Ｒ．オスナ,3,救援,H,13,4,1,3,2,0,0,0,0,0.00
20260530_H-C_02,2026-05-30,土,セ・パ交流戦,ホーム,福岡ソフトバンクホークス,広島東洋カープ,松本 裕樹,4,救援,H,9,3,1,3,0,0,0,0,0,0.00
20260530_H-C_02,2026-05-30,土,セ・パ交流戦,ホーム,福岡ソフトバンクホークス,広島東洋カープ,杉山 一樹,5,救援,S,9,3,1,3,2,0,0,0,0,0.00
20260530_F-G_02,2026-05-30,土,セ・パ交流戦,ホーム,北海道日本ハムファイターズ,読売ジャイアンツ,有原 航平,1,先発,敗,98,27,7,21,7,0,0,4,3,3.86
20260530_F-G_02,2026-05-30,土,セ・パ交流戦,ホーム,北海道日本ハムファイターズ,読売ジャイアンツ,清水 大暉,2,救援,,30,6,1,3,1,0,0,0,0,0.00
20260530_F-G_02,2026-05-30,土,セ・パ交流戦,ホーム,北海道日本ハムファイターズ,読売ジャイアンツ,菊地 大稀,3,救援,,21,5,1,3,0,0,0,1,1,9.00
20260529_B-D_01,2026-05-29,金,セ・パ交流戦,ホーム,オリックス・バファローズ,中日ドラゴンズ,Ｓ．ジェリー,1,先発,,94,24,5.2,17,9,0,0,1,1,1.59
20260529_B-D_01,2026-05-29,金,セ・パ交流戦,ホーム,オリックス・バファローズ,中日ドラゴンズ,山﨑 颯一郎,2,救援,H,5,1,0.1,1,0,0,0,0,0,0.00
20260529_B-D_01,2026-05-29,金,セ・パ交流戦,ホーム,オリックス・バファローズ,中日ドラゴンズ,寺西 成騎,3,救援,敗,25,6,0.2,2,1,0,0,2,2,27.00
20260529_B-D_01,2026-05-29,金,セ・パ交流戦,ホーム,オリックス・バファローズ,中日ドラゴンズ,入山 海斗,4,救援,,3,1,0.1,1,0,0,0,0,0,0.00
20260529_B-D_01,2026-05-29,金,セ・パ交流戦,ホーム,オリックス・バファローズ,中日ドラゴンズ,阿部 翔太,5,救援,,22,5,0.2,2,0,0,0,2,2,27.00
20260529_B-D_01,2026-05-29,金,セ・パ交流戦,ホーム,オリックス・バファローズ,中日ドラゴンズ,片山 楽生,6,救援,,6,2,0.1,1,0,0,0,0,0,0.00
20260529_B-D_01,2026-05-29,金,セ・パ交流戦,ホーム,オリックス・バファローズ,中日ドラゴンズ,権田 琉成,7,救援,,19,3,1,3,2,0,0,0,0,0.00
20260529_L-DB_01,2026-05-29,金,セ・パ交流戦,ビジター,横浜DeNAベイスターズ,埼玉西武ライオンズ,島田 舜也,1,先発,敗,70,23,4,12,1,0,0,7,7,15.75
20260529_L-DB_01,2026-05-29,金,セ・パ交流戦,ビジター,横浜DeNAベイスターズ,埼玉西武ライオンズ,坂本 裕哉,2,救援,,23,6,2,6,2,0,0,0,0,0.00
20260529_L-DB_01,2026-05-29,金,セ・パ交流戦,ビジター,横浜DeNAベイスターズ,埼玉西武ライオンズ,吉野 光樹,3,救援,,37,10,1,3,0,0,0,5,5,45.00
20260529_L-DB_01,2026-05-29,金,セ・パ交流戦,ビジター,横浜DeNAベイスターズ,埼玉西武ライオンズ,岩田 将貴,4,救援,,21,5,1,3,0,0,0,1,1,9.00
20260529_H-C_01,2026-05-29,金,セ・パ交流戦,ビジター,広島東洋カープ,福岡ソフトバンクホークス,玉村 昇悟,1,先発,敗,109,30,7,21,4,0,0,2,2,2.57
20260529_H-C_01,2026-05-29,金,セ・パ交流戦,ビジター,広島東洋カープ,福岡ソフトバンクホークス,辻 大雅,2,救援,,13,3,1,3,0,0,0,0,0,0.00
20260529_M-T_01,2026-05-29,金,セ・パ交流戦,ビジター,阪神タイガース,千葉ロッテマリーンズ,髙橋 遥人,1,先発,勝,106,28,8,24,6,0,0,0,0,0.00
20260529_M-T_01,2026-05-29,金,セ・パ交流戦,ビジター,阪神タイガース,千葉ロッテマリーンズ,Ｒ．ドリス,2,救援,S,19,5,1,3,0,0,0,0,0,0.00
20260529_L-DB_01,2026-05-29,金,セ・パ交流戦,ホーム,埼玉西武ライオンズ,横浜DeNAベイスターズ,髙橋 光成,1,先発,勝,120,32,7.2,23,6,0,0,4,3,3.52
20260529_L-DB_01,2026-05-29,金,セ・パ交流戦,ホーム,埼玉西武ライオンズ,横浜DeNAベイスターズ,上田 大河,2,救援,,24,6,1.1,4,1,0,0,0,0,0.00
20260529_M-T_01,2026-05-29,金,セ・パ交流戦,ホーム,千葉ロッテマリーンズ,阪神タイガース,田中 晴也,1,先発,敗,115,23,6,18,3,0,0,1,1,1.50
20260529_M-T_01,2026-05-29,金,セ・パ交流戦,ホーム,千葉ロッテマリーンズ,阪神タイガース,小野 郁,2,救援,,28,8,2,6,1,0,0,0,0,0.00
20260529_M-T_01,2026-05-29,金,セ・パ交流戦,ホーム,千葉ロッテマリーンズ,阪神タイガース,益田 直也,3,救援,,11,4,1,3,1,0,0,0,0,0.00
20260529_B-D_01,2026-05-29,金,セ・パ交流戦,ビジター,中日ドラゴンズ,オリックス・バファローズ,柳 裕也,1,先発,勝,113,23,6,18,4,0,0,1,1,1.50
20260529_B-D_01,2026-05-29,金,セ・パ交流戦,ビジター,中日ドラゴンズ,オリックス・バファローズ,橋本 侑樹,2,救援,H,7,3,1,3,0,0,0,0,0,0.00
20260529_B-D_01,2026-05-29,金,セ・パ交流戦,ビジター,中日ドラゴンズ,オリックス・バファローズ,吉田 聖弥,3,救援,,18,3,1,3,1,0,0,0,0,0.00
20260529_B-D_01,2026-05-29,金,セ・パ交流戦,ビジター,中日ドラゴンズ,オリックス・バファローズ,藤嶋 健人,4,救援,,13,4,1,3,0,0,0,0,0,0.00
20260529_E-S_01,2026-05-29,金,セ・パ交流戦,ビジター,東京ヤクルトスワローズ,東北楽天ゴールデンイーグルス,山野 太一,1,先発,勝,100,27,6+,18,6,0,0,1,1,1.50
20260529_E-S_01,2026-05-29,金,セ・パ交流戦,ビジター,東京ヤクルトスワローズ,東北楽天ゴールデンイーグルス,清水 昇,2,救援,,11,3,1,3,2,0,0,0,0,0.00
20260529_E-S_01,2026-05-29,金,セ・パ交流戦,ビジター,東京ヤクルトスワローズ,東北楽天ゴールデンイーグルス,星 知弥,3,救援,,14,3,1,3,0,0,0,0,0,0.00
20260529_E-S_01,2026-05-29,金,セ・パ交流戦,ビジター,東京ヤクルトスワローズ,東北楽天ゴールデンイーグルス,廣澤 優,4,救援,,19,4,1,3,2,0,0,1,1,9.00
20260529_E-S_01,2026-05-29,金,セ・パ交流戦,ホーム,東北楽天ゴールデンイーグルス,東京ヤクルトスワローズ,岸 孝之,1,先発,敗,86,22,5,15,7,0,0,3,3,5.40
20260529_E-S_01,2026-05-29,金,セ・パ交流戦,ホーム,東北楽天ゴールデンイーグルス,東京ヤクルトスワローズ,柴田 大地,2,救援,,10,3,1,3,1,0,0,0,0,0.00
20260529_E-S_01,2026-05-29,金,セ・パ交流戦,ホーム,東北楽天ゴールデンイーグルス,東京ヤクルトスワローズ,津留﨑 大成,3,救援,,23,6,0.2,2,1,0,0,2,2,27.00
20260529_E-S_01,2026-05-29,金,セ・パ交流戦,ホーム,東北楽天ゴールデンイーグルス,東京ヤクルトスワローズ,渡辺 翔太,4,救援,,11,4,1.1,4,0,0,0,0,0,0.00
20260529_E-S_01,2026-05-29,金,セ・パ交流戦,ホーム,東北楽天ゴールデンイーグルス,東京ヤクルトスワローズ,古賀 康誠,5,救援,,27,6,1,3,1,0,0,2,2,18.00
20260529_F-G_01,2026-05-29,金,セ・パ交流戦,ビジター,読売ジャイアンツ,北海道日本ハムファイターズ,井上 温大,1,先発,勝,86,20,5,15,3,0,0,2,2,3.60
20260529_F-G_01,2026-05-29,金,セ・パ交流戦,ビジター,読売ジャイアンツ,北海道日本ハムファイターズ,田中 瑛斗,2,救援,H,20,3,1,3,1,0,0,0,0,0.00
20260529_F-G_01,2026-05-29,金,セ・パ交流戦,ビジター,読売ジャイアンツ,北海道日本ハムファイターズ,船迫 大雅,3,救援,H,17,3,1,3,0,0,0,0,0,0.00
20260529_F-G_01,2026-05-29,金,セ・パ交流戦,ビジター,読売ジャイアンツ,北海道日本ハムファイターズ,大勢,4,救援,H,12,3,1,3,2,0,0,0,0,0.00
20260529_F-G_01,2026-05-29,金,セ・パ交流戦,ビジター,読売ジャイアンツ,北海道日本ハムファイターズ,Ｒ．マルティネス,5,救援,S,15,4,1,3,2,0,0,0,0,0.00
20260529_H-C_01,2026-05-29,金,セ・パ交流戦,ホーム,福岡ソフトバンクホークス,広島東洋カープ,大関 友久,1,先発,勝,112,30,9,27,5,0,0,0,0,0.00
20260529_F-G_01,2026-05-29,金,セ・パ交流戦,ホーム,北海道日本ハムファイターズ,読売ジャイアンツ,達 孝太,1,先発,敗,109,27,5.2,17,3,0,0,4,4,6.35
20260529_F-G_01,2026-05-29,金,セ・パ交流戦,ホーム,北海道日本ハムファイターズ,読売ジャイアンツ,河野 竜生,2,救援,,7,1,0.1,1,1,0,1,0,0,0.00
20260529_F-G_01,2026-05-29,金,セ・パ交流戦,ホーム,北海道日本ハムファイターズ,読売ジャイアンツ,菊地 大稀,3,救援,,13,3,1,3,1,0,0,0,0,0.00
20260529_F-G_01,2026-05-29,金,セ・パ交流戦,ホーム,北海道日本ハムファイターズ,読売ジャイアンツ,福谷 浩司,4,救援,,12,3,1,3,1,0,0,0,0,0.00
20260529_F-G_01,2026-05-29,金,セ・パ交流戦,ホーム,北海道日本ハムファイターズ,読売ジャイアンツ,山本 拓実,5,救援,,16,3,1,3,1,0,0,0,0,0.00
20260528_DB-B_03,2026-05-28,木,セ・パ交流戦,ビジター,オリックス・バファローズ,横浜DeNAベイスターズ,Ａ．エスピノーザ,1,先発,,97,23,6,18,7,0,0,0,0,0.00
20260528_DB-B_03,2026-05-28,木,セ・パ交流戦,ビジター,オリックス・バファローズ,横浜DeNAベイスターズ,吉田 輝星,2,救援,敗,21,6,1,3,1,0,0,3,3,27.00
20260528_DB-B_03,2026-05-28,木,セ・パ交流戦,ビジター,オリックス・バファローズ,横浜DeNAベイスターズ,博志,3,救援,,15,4,1,3,0,0,0,0,0,0.00
20260528_DB-B_03,2026-05-28,木,セ・パ交流戦,ホーム,横浜DeNAベイスターズ,オリックス・バファローズ,東 克樹,1,先発,勝,87,25,7,21,4,1,0,1,1,1.29
20260528_DB-B_03,2026-05-28,木,セ・パ交流戦,ホーム,横浜DeNAベイスターズ,オリックス・バファローズ,Ｓ．レイノルズ,2,救援,H,16,5,1,3,2,0,0,0,0,0.00
20260528_DB-B_03,2026-05-28,木,セ・パ交流戦,ホーム,横浜DeNAベイスターズ,オリックス・バファローズ,山﨑 康晃,3,救援,S,25,4,1,3,0,0,0,0,0,0.00
20260528_C-M_03,2026-05-28,木,セ・パ交流戦,ホーム,広島東洋カープ,千葉ロッテマリーンズ,鈴木 健矢,1,先発,敗,47,16,4,12,1,0,0,3,3,6.75
20260528_C-M_03,2026-05-28,木,セ・パ交流戦,ホーム,広島東洋カープ,千葉ロッテマリーンズ,益田 武尚,2,救援,,14,5,1,3,0,0,0,1,1,9.00
20260528_C-M_03,2026-05-28,木,セ・パ交流戦,ホーム,広島東洋カープ,千葉ロッテマリーンズ,塹江 敦哉,3,救援,,28,7,2,6,3,0,0,0,0,0.00
20260528_C-M_03,2026-05-28,木,セ・パ交流戦,ホーム,広島東洋カープ,千葉ロッテマリーンズ,中﨑 翔太,4,救援,,15,4,1,3,0,0,0,0,0,0.00
20260528_C-M_03,2026-05-28,木,セ・パ交流戦,ホーム,広島東洋カープ,千葉ロッテマリーンズ,森浦 大輔,5,救援,,21,5,0.2,2,0,0,0,2,2,27.00
20260528_C-M_03,2026-05-28,木,セ・パ交流戦,ホーム,広島東洋カープ,千葉ロッテマリーンズ,赤木 晴哉,6,救援,,4,2,0.1,1,0,0,0,0,0,0.00
20260528_T-F_03,2026-05-28,木,セ・パ交流戦,ホーム,阪神タイガース,北海道日本ハムファイターズ,木下 里都,1,先発,敗,90,19,4,12,2,0,0,3,3,6.75
20260528_T-F_03,2026-05-28,木,セ・パ交流戦,ホーム,阪神タイガース,北海道日本ハムファイターズ,湯浅 京己,2,救援,,14,3,1,3,0,0,0,0,0,0.00
20260528_T-F_03,2026-05-28,木,セ・パ交流戦,ホーム,阪神タイガース,北海道日本ハムファイターズ,門別 啓人,3,救援,,24,7,2,6,1,0,0,0,0,0.00
20260528_T-F_03,2026-05-28,木,セ・パ交流戦,ホーム,阪神タイガース,北海道日本ハムファイターズ,Ｄ．モレッタ,4,救援,,10,3,1,3,2,0,0,0,0,0.00
20260528_T-F_03,2026-05-28,木,セ・パ交流戦,ホーム,阪神タイガース,北海道日本ハムファイターズ,工藤 泰成,5,救援,,18,5,1,3,0,0,0,1,1,9.00
20260528_S-L_03,2026-05-28,木,セ・パ交流戦,ビジター,埼玉西武ライオンズ,東京ヤクルトスワローズ,武内 夏暉,1,先発,勝,100,23,6,18,6,1,0,0,0,0.00
20260528_S-L_03,2026-05-28,木,セ・パ交流戦,ビジター,埼玉西武ライオンズ,東京ヤクルトスワローズ,佐藤 隼輔,2,救援,H,12,4,1,3,0,0,0,0,0,0.00
20260528_S-L_03,2026-05-28,木,セ・パ交流戦,ビジター,埼玉西武ライオンズ,東京ヤクルトスワローズ,甲斐野 央,3,救援,H,8,3,1,3,0,0,0,0,0,0.00
20260528_S-L_03,2026-05-28,木,セ・パ交流戦,ビジター,埼玉西武ライオンズ,東京ヤクルトスワローズ,豆田 泰志,4,救援,,16,4,1,3,1,0,0,0,0,0.00
20260528_C-M_03,2026-05-28,木,セ・パ交流戦,ビジター,千葉ロッテマリーンズ,広島東洋カープ,廣池 康志郎,1,先発,勝,85,24,6,18,6,0,0,2,1,1.50
20260528_C-M_03,2026-05-28,木,セ・パ交流戦,ビジター,千葉ロッテマリーンズ,広島東洋カープ,八木 彬,2,救援,H,24,5,0.1,1,0,0,0,1,1,27.00
20260528_C-M_03,2026-05-28,木,セ・パ交流戦,ビジター,千葉ロッテマリーンズ,広島東洋カープ,澤田 圭佑,3,救援,H,2,2,0.2,2,0,0,0,0,0,0.00
20260528_C-M_03,2026-05-28,木,セ・パ交流戦,ビジター,千葉ロッテマリーンズ,広島東洋カープ,中森 俊介,4,救援,H,14,3,1,3,2,0,0,0,0,0.00
20260528_C-M_03,2026-05-28,木,セ・パ交流戦,ビジター,千葉ロッテマリーンズ,広島東洋カープ,横山 陸人,5,救援,S,18,4,1,3,0,0,0,0,0,0.00
20260528_D-E_03,2026-05-28,木,セ・パ交流戦,ホーム,中日ドラゴンズ,東北楽天ゴールデンイーグルス,金丸 夢斗,1,先発,勝,114,31,8,24,7,0,0,1,1,1.13
20260528_D-E_03,2026-05-28,木,セ・パ交流戦,ホーム,中日ドラゴンズ,東北楽天ゴールデンイーグルス,松山 晋也,2,救援,S,15,3,1,3,2,0,0,0,0,0.00
20260528_S-L_03,2026-05-28,木,セ・パ交流戦,ホーム,東京ヤクルトスワローズ,埼玉西武ライオンズ,小川 泰弘,1,先発,敗,103,27,7,21,6,0,0,3,3,3.86
20260528_S-L_03,2026-05-28,木,セ・パ交流戦,ホーム,東京ヤクルトスワローズ,埼玉西武ライオンズ,大道 温貴,2,救援,,42,12,1.2,5,1,1,0,5,3,16.20
20260528_S-L_03,2026-05-28,木,セ・パ交流戦,ホーム,東京ヤクルトスワローズ,埼玉西武ライオンズ,阪口 皓亮,3,救援,,11,3,0.1,1,0,0,0,0,0,0.00
20260528_D-E_03,2026-05-28,木,セ・パ交流戦,ビジター,東北楽天ゴールデンイーグルス,中日ドラゴンズ,瀧中 瞭太,1,先発,,90,22,6,18,8,0,0,0,0,0.00
20260528_D-E_03,2026-05-28,木,セ・パ交流戦,ビジター,東北楽天ゴールデンイーグルス,中日ドラゴンズ,加治屋 蓮,2,救援,H,9,3,1,3,0,0,0,0,0,0.00
20260528_D-E_03,2026-05-28,木,セ・パ交流戦,ビジター,東北楽天ゴールデンイーグルス,中日ドラゴンズ,鈴木 翔天,3,救援,敗,15,3,0.1,1,0,0,0,2,2,54.00
20260528_D-E_03,2026-05-28,木,セ・パ交流戦,ビジター,東北楽天ゴールデンイーグルス,中日ドラゴンズ,西垣 雅矢,4,救援,,14,3,0.2,2,1,0,0,0,0,0.00
20260528_G-H_03,2026-05-28,木,セ・パ交流戦,ホーム,読売ジャイアンツ,福岡ソフトバンクホークス,田中 将大,1,先発,,83,22,5,15,5,0,0,3,3,5.40
20260528_G-H_03,2026-05-28,木,セ・パ交流戦,ホーム,読売ジャイアンツ,福岡ソフトバンクホークス,赤星 優志,2,救援,敗,23,6,1,3,2,0,0,2,2,18.00
20260528_G-H_03,2026-05-28,木,セ・パ交流戦,ホーム,読売ジャイアンツ,福岡ソフトバンクホークス,中川 皓太,3,救援,,33,7,0.2,2,0,0,0,3,3,40.50
20260528_G-H_03,2026-05-28,木,セ・パ交流戦,ホーム,読売ジャイアンツ,福岡ソフトバンクホークス,田和 廉,4,救援,,17,4,1.1,4,1,0,0,0,0,0.00
20260528_G-H_03,2026-05-28,木,セ・パ交流戦,ホーム,読売ジャイアンツ,福岡ソフトバンクホークス,宮原 駿介,5,救援,,13,4,1,3,1,0,0,0,0,0.00
20260528_G-H_03,2026-05-28,木,セ・パ交流戦,ビジター,福岡ソフトバンクホークス,読売ジャイアンツ,Ｃ．スチュワート・ジュニア,1,先発,勝,85,23,5,15,3,1,0,4,4,7.20
20260528_G-H_03,2026-05-28,木,セ・パ交流戦,ビジター,福岡ソフトバンクホークス,読売ジャイアンツ,Ｄ．ヘルナンデス,2,救援,H,6,4,1,3,0,0,0,0,0,0.00
20260528_G-H_03,2026-05-28,木,セ・パ交流戦,ビジター,福岡ソフトバンクホークス,読売ジャイアンツ,Ｒ．オスナ,3,救援,,10,3,1,3,0,0,0,0,0,0.00
20260528_G-H_03,2026-05-28,木,セ・パ交流戦,ビジター,福岡ソフトバンクホークス,読売ジャイアンツ,松本 裕樹,4,救援,,12,3,1,3,2,0,0,0,0,0.00
20260528_G-H_03,2026-05-28,木,セ・パ交流戦,ビジター,福岡ソフトバンクホークス,読売ジャイアンツ,杉山 一樹,5,救援,,14,3,1,3,3,0,0,0,0,0.00
20260528_T-F_03,2026-05-28,木,セ・パ交流戦,ビジター,北海道日本ハムファイターズ,阪神タイガース,福島 蓮,1,先発,勝,100,26,7,21,7,0,0,1,1,1.29
20260528_T-F_03,2026-05-28,木,セ・パ交流戦,ビジター,北海道日本ハムファイターズ,阪神タイガース,島本 浩也,2,救援,H,10,3,1,3,1,0,0,0,0,0.00
20260528_T-F_03,2026-05-28,木,セ・パ交流戦,ビジター,北海道日本ハムファイターズ,阪神タイガース,柳川 大晟,3,救援,S,16,4,1,3,2,0,0,1,1,9.00
20260527_DB-B_02,2026-05-27,水,セ・パ交流戦,ビジター,オリックス・バファローズ,横浜DeNAベイスターズ,曽谷 龍平,1,先発,勝,96,22,5,15,7,0,0,2,2,3.60
20260527_DB-B_02,2026-05-27,水,セ・パ交流戦,ビジター,オリックス・バファローズ,横浜DeNAベイスターズ,吉田 輝星,2,救援,H,14,3,1,3,3,0,0,0,0,0.00
20260527_DB-B_02,2026-05-27,水,セ・パ交流戦,ビジター,オリックス・バファローズ,横浜DeNAベイスターズ,寺西 成騎,3,救援,H,8,3,1,3,0,0,0,0,0,0.00
20260527_DB-B_02,2026-05-27,水,セ・パ交流戦,ビジター,オリックス・バファローズ,横浜DeNAベイスターズ,椋木 蓮,4,救援,H,14,3,1,3,1,0,0,0,0,0.00
20260527_DB-B_02,2026-05-27,水,セ・パ交流戦,ビジター,オリックス・バファローズ,横浜DeNAベイスターズ,Ａ．マチャド,5,救援,S,12,5,1,3,1,0,0,0,0,0.00
20260527_DB-B_02,2026-05-27,水,セ・パ交流戦,ホーム,横浜DeNAベイスターズ,オリックス・バファローズ,篠木 健太郎,1,先発,敗,98,25,5,15,3,0,0,5,5,9.00
20260527_DB-B_02,2026-05-27,水,セ・パ交流戦,ホーム,横浜DeNAベイスターズ,オリックス・バファローズ,岩田 将貴,2,救援,,38,9,2,6,3,0,0,0,0,0.00
20260527_DB-B_02,2026-05-27,水,セ・パ交流戦,ホーム,横浜DeNAベイスターズ,オリックス・バファローズ,若松 尚輝,3,救援,,25,4,1,3,1,0,0,0,0,0.00
20260527_DB-B_02,2026-05-27,水,セ・パ交流戦,ホーム,横浜DeNAベイスターズ,オリックス・バファローズ,吉野 光樹,4,救援,,5,3,1,3,0,0,0,0,0,0.00
20260527_C-M_02,2026-05-27,水,セ・パ交流戦,ホーム,広島東洋カープ,千葉ロッテマリーンズ,森 翔平,1,先発,,99,25,6,18,4,2,0,1,1,1.50
20260527_C-M_02,2026-05-27,水,セ・パ交流戦,ホーム,広島東洋カープ,千葉ロッテマリーンズ,髙 太一,2,救援,敗,16,4,0.1,1,0,0,0,3,1,27.00
20260527_C-M_02,2026-05-27,水,セ・パ交流戦,ホーム,広島東洋カープ,千葉ロッテマリーンズ,遠藤 淳志,3,救援,,21,4,0.2,2,0,1,0,1,1,13.50
20260527_C-M_02,2026-05-27,水,セ・パ交流戦,ホーム,広島東洋カープ,千葉ロッテマリーンズ,益田 武尚,4,救援,,10,3,1,3,0,0,0,0,0,0.00
20260527_C-M_02,2026-05-27,水,セ・パ交流戦,ホーム,広島東洋カープ,千葉ロッテマリーンズ,中﨑 翔太,5,救援,,21,6,1,3,0,0,0,0,0,0.00
20260527_T-F_02,2026-05-27,水,セ・パ交流戦,ホーム,阪神タイガース,北海道日本ハムファイターズ,大竹 耕太郎,1,先発,敗,72,20,5,15,4,0,0,3,1,1.80
20260527_T-F_02,2026-05-27,水,セ・パ交流戦,ホーム,阪神タイガース,北海道日本ハムファイターズ,工藤 泰成,2,救援,,20,4,1,3,1,0,0,0,0,0.00
20260527_T-F_02,2026-05-27,水,セ・パ交流戦,ホーム,阪神タイガース,北海道日本ハムファイターズ,及川 雅貴,3,救援,,20,7,1,3,0,0,0,2,2,18.00
20260527_T-F_02,2026-05-27,水,セ・パ交流戦,ホーム,阪神タイガース,北海道日本ハムファイターズ,畠 世周,4,救援,,9,3,1,3,0,0,0,0,0,0.00
20260527_T-F_02,2026-05-27,水,セ・パ交流戦,ホーム,阪神タイガース,北海道日本ハムファイターズ,門別 啓人,5,救援,,16,3,1,3,1,0,0,0,0,0.00
20260527_S-L_02,2026-05-27,水,セ・パ交流戦,ビジター,埼玉西武ライオンズ,東京ヤクルトスワローズ,渡邉 勇太朗,1,先発,,108,26,7,21,7,0,0,0,0,0.00
20260527_S-L_02,2026-05-27,水,セ・パ交流戦,ビジター,埼玉西武ライオンズ,東京ヤクルトスワローズ,篠原 響,2,救援,,19,5,1,3,2,0,0,2,2,18.00
20260527_S-L_02,2026-05-27,水,セ・パ交流戦,ビジター,埼玉西武ライオンズ,東京ヤクルトスワローズ,豆田 泰志,3,救援,H,16,5,1,3,0,0,0,0,0,0.00
20260527_S-L_02,2026-05-27,水,セ・パ交流戦,ビジター,埼玉西武ライオンズ,東京ヤクルトスワローズ,岩城 颯空,4,救援,H,23,5,1,3,2,0,0,0,0,0.00
20260527_S-L_02,2026-05-27,水,セ・パ交流戦,ビジター,埼玉西武ライオンズ,東京ヤクルトスワローズ,黒田 将矢,5,救援,H,11,3,1,3,0,0,0,0,0,0.00
20260527_S-L_02,2026-05-27,水,セ・パ交流戦,ビジター,埼玉西武ライオンズ,東京ヤクルトスワローズ,青山 美夏人,6,救援,,17,3,1,3,1,0,0,0,0,0.00
20260527_C-M_02,2026-05-27,水,セ・パ交流戦,ビジター,千葉ロッテマリーンズ,広島東洋カープ,毛利 海大,1,先発,,46,12,3,9,1,0,0,2,2,6.00
20260527_C-M_02,2026-05-27,水,セ・パ交流戦,ビジター,千葉ロッテマリーンズ,広島東洋カープ,高野 脩汰,2,救援,,24,6,2,6,2,0,0,0,0,0.00
20260527_C-M_02,2026-05-27,水,セ・パ交流戦,ビジター,千葉ロッテマリーンズ,広島東洋カープ,坂本 光士郎,3,救援,勝,20,4,1,3,1,0,0,1,1,9.00
20260527_C-M_02,2026-05-27,水,セ・パ交流戦,ビジター,千葉ロッテマリーンズ,広島東洋カープ,中森 俊介,4,救援,H,21,5,1,3,0,0,0,0,0,0.00
20260527_C-M_02,2026-05-27,水,セ・パ交流戦,ビジター,千葉ロッテマリーンズ,広島東洋カープ,鈴木 昭汰,5,救援,H,13,4,1,3,2,0,0,1,1,9.00
20260527_C-M_02,2026-05-27,水,セ・パ交流戦,ビジター,千葉ロッテマリーンズ,広島東洋カープ,横山 陸人,6,救援,S,19,4,1,3,2,0,0,0,0,0.00
20260527_D-E_02,2026-05-27,水,セ・パ交流戦,ホーム,中日ドラゴンズ,東北楽天ゴールデンイーグルス,櫻井 頼之介,1,先発,勝,104,25,6,18,8,0,0,2,2,3.00
20260527_D-E_02,2026-05-27,水,セ・パ交流戦,ホーム,中日ドラゴンズ,東北楽天ゴールデンイーグルス,齋藤 綱記,2,救援,,8,3,1,3,1,0,0,0,0,0.00
20260527_D-E_02,2026-05-27,水,セ・パ交流戦,ホーム,中日ドラゴンズ,東北楽天ゴールデンイーグルス,藤嶋 健人,3,救援,,17,4,1,3,1,0,0,0,0,0.00
20260527_D-E_02,2026-05-27,水,セ・パ交流戦,ホーム,中日ドラゴンズ,東北楽天ゴールデンイーグルス,橋本 侑樹,4,救援,,13,4,1,3,1,0,0,0,0,0.00
20260527_S-L_02,2026-05-27,水,セ・パ交流戦,ホーム,東京ヤクルトスワローズ,埼玉西武ライオンズ,高橋 奎二,1,先発,,96,26,6,18,4,0,0,2,2,3.00
20260527_S-L_02,2026-05-27,水,セ・パ交流戦,ホーム,東京ヤクルトスワローズ,埼玉西武ライオンズ,小澤 怜史,2,救援,,11,3,1,3,1,0,0,0,0,0.00
20260527_S-L_02,2026-05-27,水,セ・パ交流戦,ホーム,東京ヤクルトスワローズ,埼玉西武ライオンズ,阪口 皓亮,3,救援,,12,3,1,3,1,0,0,0,0,0.00
20260527_S-L_02,2026-05-27,水,セ・パ交流戦,ホーム,東京ヤクルトスワローズ,埼玉西武ライオンズ,Ｊ．キハダ,4,救援,H,14,4,1,3,1,0,0,0,0,0.00
20260527_S-L_02,2026-05-27,水,セ・パ交流戦,ホーム,東京ヤクルトスワローズ,埼玉西武ライオンズ,清水 昇,5,救援,H,12,4,1,3,1,0,0,0,0,0.00
20260527_S-L_02,2026-05-27,水,セ・パ交流戦,ホーム,東京ヤクルトスワローズ,埼玉西武ライオンズ,廣澤 優,6,救援,H,17,6,1,3,0,0,0,0,0,0.00
20260527_S-L_02,2026-05-27,水,セ・パ交流戦,ホーム,東京ヤクルトスワローズ,埼玉西武ライオンズ,丸山 翔大,7,救援,,14,3,1,3,2,0,0,0,0,0.00
20260527_D-E_02,2026-05-27,水,セ・パ交流戦,ビジター,東北楽天ゴールデンイーグルス,中日ドラゴンズ,古謝 樹,1,先発,敗,73,18,4,12,5,0,0,4,4,9.00
20260527_D-E_02,2026-05-27,水,セ・パ交流戦,ビジター,東北楽天ゴールデンイーグルス,中日ドラゴンズ,内 星龍,2,救援,,23,7,1,3,1,0,0,3,3,27.00
20260527_D-E_02,2026-05-27,水,セ・パ交流戦,ビジター,東北楽天ゴールデンイーグルス,中日ドラゴンズ,渡辺 翔太,3,救援,,16,3,1,3,1,0,0,0,0,0.00
20260527_D-E_02,2026-05-27,水,セ・パ交流戦,ビジター,東北楽天ゴールデンイーグルス,中日ドラゴンズ,九谷 瑠,4,救援,,36,7,2,6,1,0,0,0,0,0.00
20260527_G-H_02,2026-05-27,水,セ・パ交流戦,ホーム,読売ジャイアンツ,福岡ソフトバンクホークス,戸郷 翔征,1,先発,勝,117,30,7,21,6,1,0,1,1,1.29
20260527_G-H_02,2026-05-27,水,セ・パ交流戦,ホーム,読売ジャイアンツ,福岡ソフトバンクホークス,大勢,2,救援,,19,4,1,3,1,0,0,0,0,0.00
20260527_G-H_02,2026-05-27,水,セ・パ交流戦,ホーム,読売ジャイアンツ,福岡ソフトバンクホークス,田中 瑛斗,3,救援,,18,4,1,3,1,0,0,0,0,0.00
20260527_G-H_02,2026-05-27,水,セ・パ交流戦,ビジター,福岡ソフトバンクホークス,読売ジャイアンツ,Ａ．アルメンタ,1,先発,敗,61,15,2.1,7,2,0,0,5,5,19.29
20260527_G-H_02,2026-05-27,水,セ・パ交流戦,ビジター,福岡ソフトバンクホークス,読売ジャイアンツ,上茶谷 大河,2,救援,,13,5,0.2,2,0,0,0,0,0,0.00
20260527_G-H_02,2026-05-27,水,セ・パ交流戦,ビジター,福岡ソフトバンクホークス,読売ジャイアンツ,鈴木 豪太,3,救援,,28,6,2,6,3,0,0,0,0,0.00
20260527_G-H_02,2026-05-27,水,セ・パ交流戦,ビジター,福岡ソフトバンクホークス,読売ジャイアンツ,Ｄ．ヘルナンデス,4,救援,,13,4,1,3,2,0,0,0,0,0.00
20260527_G-H_02,2026-05-27,水,セ・パ交流戦,ビジター,福岡ソフトバンクホークス,読売ジャイアンツ,木村 光,5,救援,,12,4,1,3,1,0,0,0,0,0.00
20260527_G-H_02,2026-05-27,水,セ・パ交流戦,ビジター,福岡ソフトバンクホークス,読売ジャイアンツ,津森 宥紀,6,救援,,13,4,1,3,0,0,0,0,0,0.00
20260527_T-F_02,2026-05-27,水,セ・パ交流戦,ビジター,北海道日本ハムファイターズ,阪神タイガース,加藤 貴之,1,先発,勝,77,23,5,15,1,0,0,2,2,3.60
20260527_T-F_02,2026-05-27,水,セ・パ交流戦,ビジター,北海道日本ハムファイターズ,阪神タイガース,堀 瑞輝,2,救援,H,17,5,1,3,0,0,0,0,0,0.00
20260527_T-F_02,2026-05-27,水,セ・パ交流戦,ビジター,北海道日本ハムファイターズ,阪神タイガース,島本 浩也,3,救援,H,14,4,1,3,0,0,0,0,0,0.00
20260527_T-F_02,2026-05-27,水,セ・パ交流戦,ビジター,北海道日本ハムファイターズ,阪神タイガース,田中 正義,4,救援,H,14,3,1,3,1,0,0,0,0,0.00
20260527_T-F_02,2026-05-27,水,セ・パ交流戦,ビジター,北海道日本ハムファイターズ,阪神タイガース,柳川 大晟,5,救援,S,20,5,1,3,2,0,0,0,0,0.00
20260526_DB-B_01,2026-05-26,火,セ・パ交流戦,ビジター,オリックス・バファローズ,横浜DeNAベイスターズ,九里 亜蓮,1,先発,勝,115,29,8,24,7,0,0,1,1,1.13
20260526_DB-B_01,2026-05-26,火,セ・パ交流戦,ビジター,オリックス・バファローズ,横浜DeNAベイスターズ,入山 海斗,2,救援,,10,3,1,3,0,0,0,0,0,0.00
20260526_DB-B_01,2026-05-26,火,セ・パ交流戦,ホーム,横浜DeNAベイスターズ,オリックス・バファローズ,平良 拳太郎,1,先発,敗,80,23,5,15,4,0,0,4,4,7.20
20260526_DB-B_01,2026-05-26,火,セ・パ交流戦,ホーム,横浜DeNAベイスターズ,オリックス・バファローズ,Ｊ．ルイーズ,2,救援,,21,5,1,3,1,0,0,1,1,9.00
20260526_DB-B_01,2026-05-26,火,セ・パ交流戦,ホーム,横浜DeNAベイスターズ,オリックス・バファローズ,坂本 裕哉,3,救援,,24,7,1,3,1,0,0,2,0,0.00
20260526_DB-B_01,2026-05-26,火,セ・パ交流戦,ホーム,横浜DeNAベイスターズ,オリックス・バファローズ,岩田 将貴,4,救援,,13,4,1,3,2,0,0,0,0,0.00
20260526_DB-B_01,2026-05-26,火,セ・パ交流戦,ホーム,横浜DeNAベイスターズ,オリックス・バファローズ,宮城 滝太,5,救援,,9,3,1,3,2,0,0,0,0,0.00
20260526_C-M_01,2026-05-26,火,セ・パ交流戦,ホーム,広島東洋カープ,千葉ロッテマリーンズ,床田 寛樹,1,先発,,96,28,7,21,8,0,0,0,0,0.00
20260526_C-M_01,2026-05-26,火,セ・パ交流戦,ホーム,広島東洋カープ,千葉ロッテマリーンズ,Ｔ．ハーン,2,救援,敗,27,6,0.2,2,1,1,0,3,1,13.50
20260526_C-M_01,2026-05-26,火,セ・パ交流戦,ホーム,広島東洋カープ,千葉ロッテマリーンズ,遠藤 淳志,3,救援,,5,1,0.1,1,1,0,0,0,0,0.00
20260526_C-M_01,2026-05-26,火,セ・パ交流戦,ホーム,広島東洋カープ,千葉ロッテマリーンズ,塹江 敦哉,4,救援,,9,3,1,3,0,0,0,0,0,0.00
20260526_T-F_01,2026-05-26,火,セ・パ交流戦,ホーム,阪神タイガース,北海道日本ハムファイターズ,西 勇輝,1,先発,敗,84,24,6,18,2,0,0,1,1,1.50
20260526_T-F_01,2026-05-26,火,セ・パ交流戦,ホーム,阪神タイガース,北海道日本ハムファイターズ,工藤 泰成,2,救援,,12,3,0.1,1,1,0,0,2,2,54.00
20260526_T-F_01,2026-05-26,火,セ・パ交流戦,ホーム,阪神タイガース,北海道日本ハムファイターズ,桐敷 拓馬,3,救援,,20,5,0.2,2,0,1,0,1,1,13.50
20260526_T-F_01,2026-05-26,火,セ・パ交流戦,ホーム,阪神タイガース,北海道日本ハムファイターズ,湯浅 京己,4,救援,,20,4,1,3,1,0,0,0,0,0.00
20260526_T-F_01,2026-05-26,火,セ・パ交流戦,ホーム,阪神タイガース,北海道日本ハムファイターズ,畠 世周,5,救援,,15,3,1,3,1,0,0,0,0,0.00
20260526_S-L_01,2026-05-26,火,セ・パ交流戦,ビジター,埼玉西武ライオンズ,東京ヤクルトスワローズ,平良 海馬,1,先発,,106,28,8,24,9,0,0,0,0,0.00
20260526_S-L_01,2026-05-26,火,セ・パ交流戦,ビジター,埼玉西武ライオンズ,東京ヤクルトスワローズ,甲斐野 央,2,救援,,22,5,1,3,2,0,0,1,1,9.00
20260526_S-L_01,2026-05-26,火,セ・パ交流戦,ビジター,埼玉西武ライオンズ,東京ヤクルトスワローズ,浜屋 将太,3,救援,H,21,4,0.2,2,2,0,0,0,0,0.00
20260526_S-L_01,2026-05-26,火,セ・パ交流戦,ビジター,埼玉西武ライオンズ,東京ヤクルトスワローズ,黒田 将矢,4,救援,勝,6,2,0.1,1,0,0,0,0,0,0.00
20260526_S-L_01,2026-05-26,火,セ・パ交流戦,ビジター,埼玉西武ライオンズ,東京ヤクルトスワローズ,上田 大河,5,救援,H,14,4,0.2,2,1,0,0,0,0,0.00
20260526_S-L_01,2026-05-26,火,セ・パ交流戦,ビジター,埼玉西武ライオンズ,東京ヤクルトスワローズ,佐藤 隼輔,6,救援,S,4,1,0.1,1,0,0,0,0,0,0.00
20260526_C-M_01,2026-05-26,火,セ・パ交流戦,ビジター,千葉ロッテマリーンズ,広島東洋カープ,Ａ．ジャクソン,1,先発,,102,22,6,18,6,0,0,1,1,1.50
20260526_C-M_01,2026-05-26,火,セ・パ交流戦,ビジター,千葉ロッテマリーンズ,広島東洋カープ,八木 彬,2,救援,勝,12,3,1,3,0,0,0,0,0,0.00
20260526_C-M_01,2026-05-26,火,セ・パ交流戦,ビジター,千葉ロッテマリーンズ,広島東洋カープ,鈴木 昭汰,3,救援,H,11,3,1,3,0,0,0,0,0,0.00
20260526_C-M_01,2026-05-26,火,セ・パ交流戦,ビジター,千葉ロッテマリーンズ,広島東洋カープ,横山 陸人,4,救援,S,22,4,1,3,1,0,0,0,0,0.00
20260526_D-E_01,2026-05-26,火,セ・パ交流戦,ホーム,中日ドラゴンズ,東北楽天ゴールデンイーグルス,Ｋ．マラー,1,先発,勝,95,29,8,24,3,0,0,0,0,0.00
20260526_D-E_01,2026-05-26,火,セ・パ交流戦,ホーム,中日ドラゴンズ,東北楽天ゴールデンイーグルス,松山 晋也,2,救援,S,14,4,1,3,0,0,0,0,0,0.00
20260526_S-L_01,2026-05-26,火,セ・パ交流戦,ホーム,東京ヤクルトスワローズ,埼玉西武ライオンズ,松本 健吾,1,先発,,92,26,7,21,8,0,0,1,0,0.00
20260526_S-L_01,2026-05-26,火,セ・パ交流戦,ホーム,東京ヤクルトスワローズ,埼玉西武ライオンズ,丸山 翔大,2,救援,,17,3,1,3,2,0,0,0,0,0.00
20260526_S-L_01,2026-05-26,火,セ・パ交流戦,ホーム,東京ヤクルトスワローズ,埼玉西武ライオンズ,荘司 宏太,3,救援,,21,5,1,3,1,0,0,0,0,0.00
20260526_S-L_01,2026-05-26,火,セ・パ交流戦,ホーム,東京ヤクルトスワローズ,埼玉西武ライオンズ,星 知弥,4,救援,H,30,6,1,3,1,0,0,0,0,0.00
20260526_S-L_01,2026-05-26,火,セ・パ交流戦,ホーム,東京ヤクルトスワローズ,埼玉西武ライオンズ,Ｊ．キハダ,5,救援,敗,17,5,1,3,0,0,0,1,1,9.00
20260526_D-E_01,2026-05-26,火,セ・パ交流戦,ビジター,東北楽天ゴールデンイーグルス,中日ドラゴンズ,荘司 康誠,1,先発,敗,97,28,7,21,5,0,0,1,1,1.29
20260526_D-E_01,2026-05-26,火,セ・パ交流戦,ビジター,東北楽天ゴールデンイーグルス,中日ドラゴンズ,津留﨑 大成,2,救援,,10,3,1,3,0,0,0,0,0,0.00
20260526_G-H_01,2026-05-26,火,セ・パ交流戦,ホーム,読売ジャイアンツ,福岡ソフトバンクホークス,則本 昂大,1,先発,敗,101,22,4,12,3,0,0,7,7,15.75
20260526_G-H_01,2026-05-26,火,セ・パ交流戦,ホーム,読売ジャイアンツ,福岡ソフトバンクホークス,高梨 雄平,2,救援,,11,3,1,3,2,0,0,0,0,0.00
20260526_G-H_01,2026-05-26,火,セ・パ交流戦,ホーム,読売ジャイアンツ,福岡ソフトバンクホークス,堀田 賢慎,3,救援,,28,7,2,6,2,0,0,0,0,0.00
20260526_G-H_01,2026-05-26,火,セ・パ交流戦,ホーム,読売ジャイアンツ,福岡ソフトバンクホークス,宮原 駿介,4,救援,,20,5,1,3,1,0,1,1,1,9.00
20260526_G-H_01,2026-05-26,火,セ・パ交流戦,ホーム,読売ジャイアンツ,福岡ソフトバンクホークス,田和 廉,5,救援,,8,3,1,3,0,0,0,0,0,0.00
20260526_G-H_01,2026-05-26,火,セ・パ交流戦,ビジター,福岡ソフトバンクホークス,読売ジャイアンツ,大津 亮介,1,先発,勝,101,30,7,21,6,0,0,1,0,0.00
20260526_G-H_01,2026-05-26,火,セ・パ交流戦,ビジター,福岡ソフトバンクホークス,読売ジャイアンツ,大山 凌,2,救援,,6,3,0+,0,0,0,0,2,2,
20260526_G-H_01,2026-05-26,火,セ・パ交流戦,ビジター,福岡ソフトバンクホークス,読売ジャイアンツ,木村 光,3,救援,,10,3,1,3,0,0,0,0,0,0.00
20260526_G-H_01,2026-05-26,火,セ・パ交流戦,ビジター,福岡ソフトバンクホークス,読売ジャイアンツ,津森 宥紀,4,救援,,15,3,1,3,1,0,0,0,0,0.00
20260526_T-F_01,2026-05-26,火,セ・パ交流戦,ビジター,北海道日本ハムファイターズ,阪神タイガース,伊藤 大海,1,先発,勝,130,35,9,27,13,0,0,0,0,0.00
20260524_L-B_09,2026-05-24,日,パ・リーグ公式戦,ビジター,オリックス・バファローズ,埼玉西武ライオンズ,山岡 泰輔,1,先発,,20,6,0.2,2,0,0,0,2,2,27.00
20260524_L-B_09,2026-05-24,日,パ・リーグ公式戦,ビジター,オリックス・バファローズ,埼玉西武ライオンズ,山﨑 颯一郎,2,救援,,48,10,2.1,7,4,0,0,0,0,0.00
20260524_L-B_09,2026-05-24,日,パ・リーグ公式戦,ビジター,オリックス・バファローズ,埼玉西武ライオンズ,入山 海斗,3,救援,,24,6,1.2,5,2,1,0,0,0,0.00
20260524_L-B_09,2026-05-24,日,パ・リーグ公式戦,ビジター,オリックス・バファローズ,埼玉西武ライオンズ,吉田 輝星,4,救援,敗,23,7,1.1,4,2,0,0,2,2,13.50
20260524_L-B_09,2026-05-24,日,パ・リーグ公式戦,ビジター,オリックス・バファローズ,埼玉西武ライオンズ,博志,5,救援,,16,6,2,6,0,0,0,0,0,0.00
20260524_DB-S_10,2026-05-24,日,セ・リーグ公式戦,ホーム,横浜DeNAベイスターズ,東京ヤクルトスワローズ,石田 裕太郎,1,先発,勝,88,22,6,18,6,1,0,0,0,0.00
20260524_DB-S_10,2026-05-24,日,セ・リーグ公式戦,ホーム,横浜DeNAベイスターズ,東京ヤクルトスワローズ,中川 虎大,2,救援,H,15,4,1,3,2,0,0,0,0,0.00
20260524_DB-S_10,2026-05-24,日,セ・リーグ公式戦,ホーム,横浜DeNAベイスターズ,東京ヤクルトスワローズ,Ｓ．レイノルズ,3,救援,H,27,4,1,3,1,0,0,0,0,0.00
20260524_DB-S_10,2026-05-24,日,セ・リーグ公式戦,ホーム,横浜DeNAベイスターズ,東京ヤクルトスワローズ,山﨑 康晃,4,救援,S,11,3,1,3,1,0,0,0,0,0.00
20260524_D-C_10,2026-05-24,日,セ・リーグ公式戦,ビジター,広島東洋カープ,中日ドラゴンズ,岡本 駿,1,先発,勝,100,22,5,15,4,0,0,3,3,5.40
20260524_D-C_10,2026-05-24,日,セ・リーグ公式戦,ビジター,広島東洋カープ,中日ドラゴンズ,遠藤 淳志,2,救援,H,21,5,1,3,2,0,0,0,0,0.00
20260524_D-C_10,2026-05-24,日,セ・リーグ公式戦,ビジター,広島東洋カープ,中日ドラゴンズ,中﨑 翔太,3,救援,H,16,4,1,3,1,0,0,0,0,0.00
20260524_D-C_10,2026-05-24,日,セ・リーグ公式戦,ビジター,広島東洋カープ,中日ドラゴンズ,Ｔ．ハーン,4,救援,H,18,6,1,3,1,0,0,0,0,0.00
20260524_D-C_10,2026-05-24,日,セ・リーグ公式戦,ビジター,広島東洋カープ,中日ドラゴンズ,森浦 大輔,5,救援,S,9,3,1,3,1,0,0,0,0,0.00
20260524_G-T_11,2026-05-24,日,セ・リーグ公式戦,ビジター,阪神タイガース,読売ジャイアンツ,才木 浩人,1,先発,勝,100,25,6.1,19,6,0,0,3,3,4.26
20260524_G-T_11,2026-05-24,日,セ・リーグ公式戦,ビジター,阪神タイガース,読売ジャイアンツ,及川 雅貴,2,救援,,5,2,0.2,2,1,0,0,0,0,0.00
20260524_G-T_11,2026-05-24,日,セ・リーグ公式戦,ビジター,阪神タイガース,読売ジャイアンツ,Ｒ．ドリス,3,救援,H,8,3,1,3,1,0,0,0,0,0.00
20260524_G-T_11,2026-05-24,日,セ・リーグ公式戦,ビジター,阪神タイガース,読売ジャイアンツ,岩崎 優,4,救援,S,20,3,1,3,2,0,0,0,0,0.00
20260524_L-B_09,2026-05-24,日,パ・リーグ公式戦,ホーム,埼玉西武ライオンズ,オリックス・バファローズ,Ａ．ワイナンス,1,先発,,89,19,5,15,3,0,0,1,1,1.80
20260524_L-B_09,2026-05-24,日,パ・リーグ公式戦,ホーム,埼玉西武ライオンズ,オリックス・バファローズ,佐藤 隼輔,2,救援,勝,12,6,1,3,1,0,0,1,1,9.00
20260524_L-B_09,2026-05-24,日,パ・リーグ公式戦,ホーム,埼玉西武ライオンズ,オリックス・バファローズ,篠原 響,3,救援,H,26,6,1,3,1,0,0,0,0,0.00
20260524_L-B_09,2026-05-24,日,パ・リーグ公式戦,ホーム,埼玉西武ライオンズ,オリックス・バファローズ,甲斐野 央,4,救援,H,14,3,1,3,3,0,0,0,0,0.00
20260524_L-B_09,2026-05-24,日,パ・リーグ公式戦,ホーム,埼玉西武ライオンズ,オリックス・バファローズ,岩城 颯空,5,救援,S,36,6,1,3,1,0,1,1,1,9.00
20260524_E-M_08,2026-05-24,日,パ・リーグ公式戦,ビジター,千葉ロッテマリーンズ,東北楽天ゴールデンイーグルス,Ｓ．ロング,1,先発,敗,37,11,1,3,0,0,0,8,8,72.00
20260524_E-M_08,2026-05-24,日,パ・リーグ公式戦,ビジター,千葉ロッテマリーンズ,東北楽天ゴールデンイーグルス,坂本 光士郎,2,救援,,29,9,2,6,1,0,0,0,0,0.00
20260524_E-M_08,2026-05-24,日,パ・リーグ公式戦,ビジター,千葉ロッテマリーンズ,東北楽天ゴールデンイーグルス,高野 脩汰,3,救援,,31,7,2,6,1,0,0,0,0,0.00
20260524_E-M_08,2026-05-24,日,パ・リーグ公式戦,ビジター,千葉ロッテマリーンズ,東北楽天ゴールデンイーグルス,八木 彬,4,救援,,25,9,2,6,2,0,0,0,0,0.00
20260524_E-M_08,2026-05-24,日,パ・リーグ公式戦,ビジター,千葉ロッテマリーンズ,東北楽天ゴールデンイーグルス,小野 郁,5,救援,,8,3,1,3,0,0,0,0,0,0.00
20260524_D-C_10,2026-05-24,日,セ・リーグ公式戦,ホーム,中日ドラゴンズ,広島東洋カープ,髙橋 宏斗,1,先発,敗,103,25,5.2,17,6,1,0,5,5,7.94
20260524_D-C_10,2026-05-24,日,セ・リーグ公式戦,ホーム,中日ドラゴンズ,広島東洋カープ,牧野 憲伸,2,救援,,2,1,0.1,1,0,0,0,0,0,0.00
20260524_D-C_10,2026-05-24,日,セ・リーグ公式戦,ホーム,中日ドラゴンズ,広島東洋カープ,Ｈ．メヒア,3,救援,,24,5,1,3,0,0,0,0,0,0.00
20260524_D-C_10,2026-05-24,日,セ・リーグ公式戦,ホーム,中日ドラゴンズ,広島東洋カープ,齋藤 綱記,4,救援,,11,3,1,3,1,0,0,0,0,0.00
20260524_D-C_10,2026-05-24,日,セ・リーグ公式戦,ホーム,中日ドラゴンズ,広島東洋カープ,藤嶋 健人,5,救援,,21,4,1,3,0,0,0,0,0,0.00
20260524_DB-S_10,2026-05-24,日,セ・リーグ公式戦,ビジター,東京ヤクルトスワローズ,横浜DeNAベイスターズ,奥川 恭伸,1,先発,敗,97,30,8,24,6,0,0,1,1,1.13
20260524_E-M_08,2026-05-24,日,パ・リーグ公式戦,ホーム,東北楽天ゴールデンイーグルス,千葉ロッテマリーンズ,藤井 聖,1,先発,勝,112,31,6.1,19,6,0,0,3,2,2.84
20260524_E-M_08,2026-05-24,日,パ・リーグ公式戦,ホーム,東北楽天ゴールデンイーグルス,千葉ロッテマリーンズ,西垣 雅矢,2,救援,,8,2,0.2,2,2,0,0,0,0,0.00
20260524_E-M_08,2026-05-24,日,パ・リーグ公式戦,ホーム,東北楽天ゴールデンイーグルス,千葉ロッテマリーンズ,加治屋 蓮,3,救援,,23,6,1,3,1,0,0,1,0,0.00
20260524_E-M_08,2026-05-24,日,パ・リーグ公式戦,ホーム,東北楽天ゴールデンイーグルス,千葉ロッテマリーンズ,藤平 尚真,4,救援,,16,4,1,3,2,0,0,1,1,9.00
20260524_G-T_11,2026-05-24,日,セ・リーグ公式戦,ホーム,読売ジャイアンツ,阪神タイガース,竹丸 和幸,1,先発,敗,99,26,6,18,5,0,0,4,4,6.00
20260524_G-T_11,2026-05-24,日,セ・リーグ公式戦,ホーム,読売ジャイアンツ,阪神タイガース,田和 廉,2,救援,,22,7,1,3,1,0,0,2,2,18.00
20260524_G-T_11,2026-05-24,日,セ・リーグ公式戦,ホーム,読売ジャイアンツ,阪神タイガース,赤星 優志,3,救援,,15,3,1,3,0,0,0,0,0,0.00
20260524_G-T_11,2026-05-24,日,セ・リーグ公式戦,ホーム,読売ジャイアンツ,阪神タイガース,堀田 賢慎,4,救援,,24,5,1,3,1,0,0,0,0,0.00
20260524_H-F_08,2026-05-24,日,パ・リーグ公式戦,ホーム,福岡ソフトバンクホークス,北海道日本ハムファイターズ,前田 悠伍,1,先発,,77,17,3+,9,4,0,0,4,4,12.00
20260524_H-F_08,2026-05-24,日,パ・リーグ公式戦,ホーム,福岡ソフトバンクホークス,北海道日本ハムファイターズ,津森 宥紀,2,救援,H,11,3,1,3,1,0,0,0,0,0.00
20260524_H-F_08,2026-05-24,日,パ・リーグ公式戦,ホーム,福岡ソフトバンクホークス,北海道日本ハムファイターズ,上茶谷 大河,3,救援,H,18,4,1,3,1,0,0,1,1,9.00
20260524_H-F_08,2026-05-24,日,パ・リーグ公式戦,ホーム,福岡ソフトバンクホークス,北海道日本ハムファイターズ,Ｄ．ヘルナンデス,4,救援,H,15,4,1,3,2,0,0,0,0,0.00
20260524_H-F_08,2026-05-24,日,パ・リーグ公式戦,ホーム,福岡ソフトバンクホークス,北海道日本ハムファイターズ,木村 光,5,救援,,16,5,1,3,1,0,0,1,1,9.00
20260524_H-F_08,2026-05-24,日,パ・リーグ公式戦,ホーム,福岡ソフトバンクホークス,北海道日本ハムファイターズ,松本 裕樹,6,救援,勝,14,5,1,3,1,0,0,0,0,0.00
20260524_H-F_08,2026-05-24,日,パ・リーグ公式戦,ホーム,福岡ソフトバンクホークス,北海道日本ハムファイターズ,杉山 一樹,7,救援,S,16,4,1,3,2,0,0,0,0,0.00
20260524_H-F_08,2026-05-24,日,パ・リーグ公式戦,ビジター,北海道日本ハムファイターズ,福岡ソフトバンクホークス,北山 亘基,1,先発,,95,23,4,12,5,0,0,6,6,13.50
20260524_H-F_08,2026-05-24,日,パ・リーグ公式戦,ビジター,北海道日本ハムファイターズ,福岡ソフトバンクホークス,河野 竜生,2,救援,,22,5,1,3,1,0,0,0,0,0.00
20260524_H-F_08,2026-05-24,日,パ・リーグ公式戦,ビジター,北海道日本ハムファイターズ,福岡ソフトバンクホークス,堀 瑞輝,3,救援,,17,4,1,3,1,0,0,0,0,0.00
20260524_H-F_08,2026-05-24,日,パ・リーグ公式戦,ビジター,北海道日本ハムファイターズ,福岡ソフトバンクホークス,島本 浩也,4,救援,H,19,5,1,3,0,0,0,0,0,0.00
20260524_H-F_08,2026-05-24,日,パ・リーグ公式戦,ビジター,北海道日本ハムファイターズ,福岡ソフトバンクホークス,田中 正義,5,救援,敗,25,5,1,3,1,0,0,1,1,9.00
20260523_L-B_08,2026-05-23,土,パ・リーグ公式戦,ビジター,オリックス・バファローズ,埼玉西武ライオンズ,髙島 泰都,1,先発,敗,74,21,3.2,11,4,0,0,2,1,2.45
20260523_L-B_08,2026-05-23,土,パ・リーグ公式戦,ビジター,オリックス・バファローズ,埼玉西武ライオンズ,博志,2,救援,,4,1,0.1,1,0,0,0,0,0,0.00
20260523_L-B_08,2026-05-23,土,パ・リーグ公式戦,ビジター,オリックス・バファローズ,埼玉西武ライオンズ,川瀬 堅斗,3,救援,,25,6,1,3,1,1,0,2,2,18.00
20260523_L-B_08,2026-05-23,土,パ・リーグ公式戦,ビジター,オリックス・バファローズ,埼玉西武ライオンズ,片山 楽生,4,救援,,30,7,2,6,2,0,0,0,0,0.00
20260523_L-B_08,2026-05-23,土,パ・リーグ公式戦,ビジター,オリックス・バファローズ,埼玉西武ライオンズ,権田 琉成,5,救援,,13,3,1,3,1,0,0,0,0,0.00
20260523_DB-S_09,2026-05-23,土,セ・リーグ公式戦,ホーム,横浜DeNAベイスターズ,東京ヤクルトスワローズ,入江 大生,1,先発,敗,60,10,1,3,1,0,0,6,6,54.00
20260523_DB-S_09,2026-05-23,土,セ・リーグ公式戦,ホーム,横浜DeNAベイスターズ,東京ヤクルトスワローズ,若松 尚輝,2,救援,,71,17,4,12,5,0,0,0,0,0.00
20260523_DB-S_09,2026-05-23,土,セ・リーグ公式戦,ホーム,横浜DeNAベイスターズ,東京ヤクルトスワローズ,宮城 滝太,3,救援,,34,7,2,6,0,0,0,0,0,0.00
20260523_DB-S_09,2026-05-23,土,セ・リーグ公式戦,ホーム,横浜DeNAベイスターズ,東京ヤクルトスワローズ,坂本 裕哉,4,救援,,11,3,1,3,1,0,0,0,0,0.00
20260523_DB-S_09,2026-05-23,土,セ・リーグ公式戦,ホーム,横浜DeNAベイスターズ,東京ヤクルトスワローズ,吉野 光樹,5,救援,,16,4,1,3,1,0,0,0,0,0.00
20260523_D-C_09,2026-05-23,土,セ・リーグ公式戦,ビジター,広島東洋カープ,中日ドラゴンズ,森下 暢仁,1,先発,勝,98,26,6,18,7,0,0,3,3,4.50
20260523_D-C_09,2026-05-23,土,セ・リーグ公式戦,ビジター,広島東洋カープ,中日ドラゴンズ,髙 太一,2,救援,H,22,6,1,3,1,0,0,0,0,0.00
20260523_D-C_09,2026-05-23,土,セ・リーグ公式戦,ビジター,広島東洋カープ,中日ドラゴンズ,Ｔ．ハーン,3,救援,H,17,3,1,3,1,0,0,0,0,0.00
20260523_D-C_09,2026-05-23,土,セ・リーグ公式戦,ビジター,広島東洋カープ,中日ドラゴンズ,森浦 大輔,4,救援,S,13,3,1,3,3,0,0,0,0,0.00
20260523_G-T_10,2026-05-23,土,セ・リーグ公式戦,ビジター,阪神タイガース,読売ジャイアンツ,村上 頌樹,1,先発,勝,110,30,9,27,8,0,0,0,0,0.00
20260523_L-B_08,2026-05-23,土,パ・リーグ公式戦,ホーム,埼玉西武ライオンズ,オリックス・バファローズ,佐藤 爽,1,先発,,82,16,4.1,13,3,0,0,1,1,2.08
20260523_L-B_08,2026-05-23,土,パ・リーグ公式戦,ホーム,埼玉西武ライオンズ,オリックス・バファローズ,上田 大河,2,救援,勝,13,3,0.2,2,0,0,0,0,0,0.00
20260523_L-B_08,2026-05-23,土,パ・リーグ公式戦,ホーム,埼玉西武ライオンズ,オリックス・バファローズ,佐藤 隼輔,3,救援,H,7,3,1,3,0,0,0,0,0,0.00
20260523_L-B_08,2026-05-23,土,パ・リーグ公式戦,ホーム,埼玉西武ライオンズ,オリックス・バファローズ,篠原 響,4,救援,H,15,3,1,3,2,0,0,0,0,0.00
20260523_L-B_08,2026-05-23,土,パ・リーグ公式戦,ホーム,埼玉西武ライオンズ,オリックス・バファローズ,甲斐野 央,5,救援,H,6,3,1,3,0,0,0,0,0,0.00
20260523_L-B_08,2026-05-23,土,パ・リーグ公式戦,ホーム,埼玉西武ライオンズ,オリックス・バファローズ,岩城 颯空,6,救援,S,15,5,1,3,1,0,0,0,0,0.00
20260523_E-M_07,2026-05-23,土,パ・リーグ公式戦,ビジター,千葉ロッテマリーンズ,東北楽天ゴールデンイーグルス,西野 勇士,1,先発,,80,24,5.1,16,1,0,0,6,5,8.44
20260523_E-M_07,2026-05-23,土,パ・リーグ公式戦,ビジター,千葉ロッテマリーンズ,東北楽天ゴールデンイーグルス,小野 郁,2,救援,,22,5,0.2,2,1,0,0,0,0,0.00
20260523_E-M_07,2026-05-23,土,パ・リーグ公式戦,ビジター,千葉ロッテマリーンズ,東北楽天ゴールデンイーグルス,澤田 圭佑,3,救援,,24,6,1,3,0,0,0,0,0,0.00
20260523_E-M_07,2026-05-23,土,パ・リーグ公式戦,ビジター,千葉ロッテマリーンズ,東北楽天ゴールデンイーグルス,益田 直也,4,救援,勝,17,4,1,3,2,0,0,0,0,0.00
20260523_E-M_07,2026-05-23,土,パ・リーグ公式戦,ビジター,千葉ロッテマリーンズ,東北楽天ゴールデンイーグルス,横山 陸人,5,救援,S,10,5,1,3,0,0,0,0,0,0.00
20260523_D-C_09,2026-05-23,土,セ・リーグ公式戦,ホーム,中日ドラゴンズ,広島東洋カープ,大野 雄大,1,先発,,103,28,6,18,5,0,0,3,3,4.50
20260523_D-C_09,2026-05-23,土,セ・リーグ公式戦,ホーム,中日ドラゴンズ,広島東洋カープ,吉田 聖弥,2,救援,敗,14,5,1,3,0,0,0,1,1,9.00
20260523_D-C_09,2026-05-23,土,セ・リーグ公式戦,ホーム,中日ドラゴンズ,広島東洋カープ,藤嶋 健人,3,救援,,12,3,1,3,1,0,0,0,0,0.00
20260523_D-C_09,2026-05-23,土,セ・リーグ公式戦,ホーム,中日ドラゴンズ,広島東洋カープ,清水 達也,4,救援,,20,6,1,3,1,0,0,1,0,0.00
20260523_DB-S_09,2026-05-23,土,セ・リーグ公式戦,ビジター,東京ヤクルトスワローズ,横浜DeNAベイスターズ,高梨 裕稔,1,先発,勝,104,25,7,21,5,0,0,0,0,0.00
20260523_DB-S_09,2026-05-23,土,セ・リーグ公式戦,ビジター,東京ヤクルトスワローズ,横浜DeNAベイスターズ,丸山 翔大,2,救援,,15,3,1,3,1,0,0,0,0,0.00
20260523_DB-S_09,2026-05-23,土,セ・リーグ公式戦,ビジター,東京ヤクルトスワローズ,横浜DeNAベイスターズ,廣澤 優,3,救援,,17,3,1,3,2,0,0,0,0,0.00
20260523_E-M_07,2026-05-23,土,パ・リーグ公式戦,ホーム,東北楽天ゴールデンイーグルス,千葉ロッテマリーンズ,早川 隆久,1,先発,,89,28,7,21,7,0,0,2,2,2.57
20260523_E-M_07,2026-05-23,土,パ・リーグ公式戦,ホーム,東北楽天ゴールデンイーグルス,千葉ロッテマリーンズ,加治屋 蓮,2,救援,,17,4,1,3,0,0,0,0,0,0.00
20260523_E-M_07,2026-05-23,土,パ・リーグ公式戦,ホーム,東北楽天ゴールデンイーグルス,千葉ロッテマリーンズ,藤平 尚真,3,救援,敗,28,7,0.1,1,1,1,0,5,5,135.00
20260523_E-M_07,2026-05-23,土,パ・リーグ公式戦,ホーム,東北楽天ゴールデンイーグルス,千葉ロッテマリーンズ,津留﨑 大成,4,救援,,9,3,0.2,2,1,0,0,0,0,0.00
20260523_G-T_10,2026-05-23,土,セ・リーグ公式戦,ホーム,読売ジャイアンツ,阪神タイガース,Ｆ．ウィットリー,1,先発,敗,91,23,5.1,16,8,0,0,3,3,5.06
20260523_G-T_10,2026-05-23,土,セ・リーグ公式戦,ホーム,読売ジャイアンツ,阪神タイガース,高梨 雄平,2,救援,,13,4,0.1,1,1,0,0,0,0,0.00
20260523_G-T_10,2026-05-23,土,セ・リーグ公式戦,ホーム,読売ジャイアンツ,阪神タイガース,船迫 大雅,3,救援,,2,1,0.1,1,0,0,0,0,0,0.00
20260523_G-T_10,2026-05-23,土,セ・リーグ公式戦,ホーム,読売ジャイアンツ,阪神タイガース,中川 皓太,4,救援,,10,3,1,3,1,0,0,0,0,0.00
20260523_G-T_10,2026-05-23,土,セ・リーグ公式戦,ホーム,読売ジャイアンツ,阪神タイガース,赤星 優志,5,救援,,13,3,1,3,0,0,0,0,0,0.00
20260523_G-T_10,2026-05-23,土,セ・リーグ公式戦,ホーム,読売ジャイアンツ,阪神タイガース,田中 瑛斗,6,救援,,13,3,1,3,2,0,0,0,0,0.00
20260523_H-F_07,2026-05-23,土,パ・リーグ公式戦,ホーム,福岡ソフトバンクホークス,北海道日本ハムファイターズ,松本 晴,1,先発,勝,89,21,5,15,6,0,0,1,1,1.80
20260523_H-F_07,2026-05-23,土,パ・リーグ公式戦,ホーム,福岡ソフトバンクホークス,北海道日本ハムファイターズ,上茶谷 大河,2,救援,H,4,3,1,3,0,0,0,0,0,0.00
20260523_H-F_07,2026-05-23,土,パ・リーグ公式戦,ホーム,福岡ソフトバンクホークス,北海道日本ハムファイターズ,Ｒ．オスナ,3,救援,,21,5,1,3,1,0,0,0,0,0.00
20260523_H-F_07,2026-05-23,土,パ・リーグ公式戦,ホーム,福岡ソフトバンクホークス,北海道日本ハムファイターズ,Ｄ．ヘルナンデス,4,救援,,19,4,1,3,2,0,0,0,0,0.00
20260523_H-F_07,2026-05-23,土,パ・リーグ公式戦,ホーム,福岡ソフトバンクホークス,北海道日本ハムファイターズ,大江 竜聖,5,救援,,12,4,1,3,1,0,0,0,0,0.00
20260523_H-F_07,2026-05-23,土,パ・リーグ公式戦,ビジター,北海道日本ハムファイターズ,福岡ソフトバンクホークス,細野 晴希,1,先発,敗,62,16,3,9,2,0,0,4,4,12.00
20260523_H-F_07,2026-05-23,土,パ・リーグ公式戦,ビジター,北海道日本ハムファイターズ,福岡ソフトバンクホークス,山本 拓実,2,救援,,23,5,1,3,1,0,0,0,0,0.00
20260523_H-F_07,2026-05-23,土,パ・リーグ公式戦,ビジター,北海道日本ハムファイターズ,福岡ソフトバンクホークス,河野 竜生,3,救援,,24,5,1,3,0,0,0,0,0,0.00
20260523_H-F_07,2026-05-23,土,パ・リーグ公式戦,ビジター,北海道日本ハムファイターズ,福岡ソフトバンクホークス,生田目 翼,4,救援,,41,14,2,6,1,0,0,5,5,22.50
20260523_H-F_07,2026-05-23,土,パ・リーグ公式戦,ビジター,北海道日本ハムファイターズ,福岡ソフトバンクホークス,清水 大暉,5,救援,,28,5,0.2,2,0,0,0,2,2,27.00
20260523_H-F_07,2026-05-23,土,パ・リーグ公式戦,ビジター,北海道日本ハムファイターズ,福岡ソフトバンクホークス,矢澤 宏太,6,救援,,17,3,0.1,1,0,0,0,0,0,0.00
20260522_L-B_07,2026-05-22,金,パ・リーグ公式戦,ビジター,オリックス・バファローズ,埼玉西武ライオンズ,Ｓ．ジェリー,1,先発,勝,81,23,6,18,2,0,0,0,0,0.00
20260522_L-B_07,2026-05-22,金,パ・リーグ公式戦,ビジター,オリックス・バファローズ,埼玉西武ライオンズ,寺西 成騎,2,救援,H,15,3,1,3,1,0,0,0,0,0.00
20260522_L-B_07,2026-05-22,金,パ・リーグ公式戦,ビジター,オリックス・バファローズ,埼玉西武ライオンズ,椋木 蓮,3,救援,H,15,3,1,3,0,0,0,0,0,0.00
20260522_L-B_07,2026-05-22,金,パ・リーグ公式戦,ビジター,オリックス・バファローズ,埼玉西武ライオンズ,入山 海斗,4,救援,,18,5,1,3,0,0,0,1,1,9.00
20260522_D-C_08,2026-05-22,金,セ・リーグ公式戦,ビジター,広島東洋カープ,中日ドラゴンズ,栗林 良吏,1,先発,敗,17,6,0.2,2,0,0,0,4,2,27.00
20260522_D-C_08,2026-05-22,金,セ・リーグ公式戦,ビジター,広島東洋カープ,中日ドラゴンズ,鈴木 健矢,2,救援,,53,15,3.1,10,4,0,0,0,0,0.00
20260522_D-C_08,2026-05-22,金,セ・リーグ公式戦,ビジター,広島東洋カープ,中日ドラゴンズ,益田 武尚,3,救援,,31,8,2,6,2,0,0,0,0,0.00
20260522_D-C_08,2026-05-22,金,セ・リーグ公式戦,ビジター,広島東洋カープ,中日ドラゴンズ,塹江 敦哉,4,救援,,39,10,2,6,3,0,0,2,2,9.00
20260522_G-T_09,2026-05-22,金,セ・リーグ公式戦,ビジター,阪神タイガース,読売ジャイアンツ,髙橋 遥人,1,先発,勝,89,29,6.2,20,4,0,0,4,4,5.40
20260522_G-T_09,2026-05-22,金,セ・リーグ公式戦,ビジター,阪神タイガース,読売ジャイアンツ,及川 雅貴,2,救援,,3,1,0.1,1,0,0,0,0,0,0.00
20260522_G-T_09,2026-05-22,金,セ・リーグ公式戦,ビジター,阪神タイガース,読売ジャイアンツ,Ｒ．ドリス,3,救援,H,26,5,1,3,2,0,0,0,0,0.00
20260522_G-T_09,2026-05-22,金,セ・リーグ公式戦,ビジター,阪神タイガース,読売ジャイアンツ,岩崎 優,4,救援,S,18,3,1,3,1,0,0,0,0,0.00
20260522_L-B_07,2026-05-22,金,パ・リーグ公式戦,ホーム,埼玉西武ライオンズ,オリックス・バファローズ,隅田 知一郎,1,先発,敗,110,28,7,21,5,0,0,1,1,1.29
20260522_L-B_07,2026-05-22,金,パ・リーグ公式戦,ホーム,埼玉西武ライオンズ,オリックス・バファローズ,浜屋 将太,2,救援,,18,4,1,3,1,0,0,0,0,0.00
20260522_L-B_07,2026-05-22,金,パ・リーグ公式戦,ホーム,埼玉西武ライオンズ,オリックス・バファローズ,黒田 将矢,3,救援,,32,8,1,3,1,0,0,4,4,36.00
20260522_E-M_06,2026-05-22,金,パ・リーグ公式戦,ビジター,千葉ロッテマリーンズ,東北楽天ゴールデンイーグルス,小島 和哉,1,先発,勝,103,28,7,21,6,0,0,1,1,1.29
20260522_E-M_06,2026-05-22,金,パ・リーグ公式戦,ビジター,千葉ロッテマリーンズ,東北楽天ゴールデンイーグルス,中森 俊介,2,救援,H,20,4,1,3,1,0,0,0,0,0.00
20260522_E-M_06,2026-05-22,金,パ・リーグ公式戦,ビジター,千葉ロッテマリーンズ,東北楽天ゴールデンイーグルス,横山 陸人,3,救援,S,12,3,1,3,3,0,0,0,0,0.00
20260522_D-C_08,2026-05-22,金,セ・リーグ公式戦,ホーム,中日ドラゴンズ,広島東洋カープ,柳 裕也,1,先発,勝,109,27,6.2,20,9,0,0,2,2,2.70
20260522_D-C_08,2026-05-22,金,セ・リーグ公式戦,ホーム,中日ドラゴンズ,広島東洋カープ,齋藤 綱記,2,救援,H,18,3,0.1,1,0,0,0,0,0,0.00
20260522_D-C_08,2026-05-22,金,セ・リーグ公式戦,ホーム,中日ドラゴンズ,広島東洋カープ,吉田 聖弥,3,救援,,9,3,1,3,1,0,0,0,0,0.00
20260522_D-C_08,2026-05-22,金,セ・リーグ公式戦,ホーム,中日ドラゴンズ,広島東洋カープ,松山 晋也,4,救援,,12,4,1,3,2,0,0,0,0,0.00
20260522_E-M_06,2026-05-22,金,パ・リーグ公式戦,ホーム,東北楽天ゴールデンイーグルス,千葉ロッテマリーンズ,Ｊ．ウレーニャ,1,先発,,22,4,1,3,1,0,0,1,1,9.00
20260522_E-M_06,2026-05-22,金,パ・リーグ公式戦,ホーム,東北楽天ゴールデンイーグルス,千葉ロッテマリーンズ,九谷 瑠,2,救援,,34,10,3,9,3,0,0,0,0,0.00
20260522_E-M_06,2026-05-22,金,パ・リーグ公式戦,ホーム,東北楽天ゴールデンイーグルス,千葉ロッテマリーンズ,柴田 大地,3,救援,敗,12,5,1,3,1,0,0,1,1,9.00
20260522_E-M_06,2026-05-22,金,パ・リーグ公式戦,ホーム,東北楽天ゴールデンイーグルス,千葉ロッテマリーンズ,津留﨑 大成,4,救援,,15,3,1,3,1,0,0,0,0,0.00
20260522_E-M_06,2026-05-22,金,パ・リーグ公式戦,ホーム,東北楽天ゴールデンイーグルス,千葉ロッテマリーンズ,鈴木 翔天,5,救援,,22,4,1,3,3,0,0,0,0,0.00
20260522_E-M_06,2026-05-22,金,パ・リーグ公式戦,ホーム,東北楽天ゴールデンイーグルス,千葉ロッテマリーンズ,内 星龍,6,救援,,36,9,2,6,1,0,0,0,0,0.00
20260522_G-T_09,2026-05-22,金,セ・リーグ公式戦,ホーム,読売ジャイアンツ,阪神タイガース,井上 温大,1,先発,敗,73,21,4,12,2,0,0,7,7,15.75
20260522_G-T_09,2026-05-22,金,セ・リーグ公式戦,ホーム,読売ジャイアンツ,阪神タイガース,堀田 賢慎,2,救援,,19,7,2,6,2,0,0,0,0,0.00
20260522_G-T_09,2026-05-22,金,セ・リーグ公式戦,ホーム,読売ジャイアンツ,阪神タイガース,宮原 駿介,3,救援,,15,5,1,3,1,0,0,0,0,0.00
20260522_G-T_09,2026-05-22,金,セ・リーグ公式戦,ホーム,読売ジャイアンツ,阪神タイガース,船迫 大雅,4,救援,,12,3,1,3,2,0,0,0,0,0.00
20260522_G-T_09,2026-05-22,金,セ・リーグ公式戦,ホーム,読売ジャイアンツ,阪神タイガース,田和 廉,5,救援,,14,3,1,3,0,0,0,0,0,0.00
20260522_H-F_06,2026-05-22,金,パ・リーグ公式戦,ホーム,福岡ソフトバンクホークス,北海道日本ハムファイターズ,前田 純,1,先発,勝,63,16,5,15,6,0,0,0,0,0.00
20260522_H-F_06,2026-05-22,金,パ・リーグ公式戦,ホーム,福岡ソフトバンクホークス,北海道日本ハムファイターズ,上茶谷 大河,2,救援,H,12,3,1,3,1,0,0,0,0,0.00
20260522_H-F_06,2026-05-22,金,パ・リーグ公式戦,ホーム,福岡ソフトバンクホークス,北海道日本ハムファイターズ,Ｒ．オスナ,3,救援,H,7,3,1,3,0,0,0,0,0,0.00
20260522_H-F_06,2026-05-22,金,パ・リーグ公式戦,ホーム,福岡ソフトバンクホークス,北海道日本ハムファイターズ,津森 宥紀,4,救援,,11,3,1,3,1,0,0,0,0,0.00
20260522_H-F_06,2026-05-22,金,パ・リーグ公式戦,ホーム,福岡ソフトバンクホークス,北海道日本ハムファイターズ,大山 凌,5,救援,,11,3,1,3,1,0,0,0,0,0.00
20260522_H-F_06,2026-05-22,金,パ・リーグ公式戦,ビジター,北海道日本ハムファイターズ,福岡ソフトバンクホークス,達 孝太,1,先発,敗,91,28,6.2,20,6,0,0,5,5,6.75
20260522_H-F_06,2026-05-22,金,パ・リーグ公式戦,ビジター,北海道日本ハムファイターズ,福岡ソフトバンクホークス,齋藤 友貴哉,2,救援,,21,4,0+,0,0,0,0,4,4,
20260522_H-F_06,2026-05-22,金,パ・リーグ公式戦,ビジター,北海道日本ハムファイターズ,福岡ソフトバンクホークス,菊地 大稀,3,救援,,37,8,1.1,4,2,0,0,1,1,6.75
20260521_C-DB_11,2026-05-21,木,セ・リーグ公式戦,ビジター,横浜DeNAベイスターズ,広島東洋カープ,東 克樹,1,先発,敗,103,34,8,24,4,0,0,3,2,2.25
20260521_C-DB_11,2026-05-21,木,セ・リーグ公式戦,ホーム,広島東洋カープ,横浜DeNAベイスターズ,玉村 昇悟,1,先発,勝,101,23,6,18,4,0,0,1,1,1.50
20260521_C-DB_11,2026-05-21,木,セ・リーグ公式戦,ホーム,広島東洋カープ,横浜DeNAベイスターズ,遠藤 淳志,2,救援,H,17,4,1,3,2,0,0,0,0,0.00
20260521_C-DB_11,2026-05-21,木,セ・リーグ公式戦,ホーム,広島東洋カープ,横浜DeNAベイスターズ,Ｔ．ハーン,3,救援,H,11,3,1,3,1,0,0,0,0,0.00
20260521_C-DB_11,2026-05-21,木,セ・リーグ公式戦,ホーム,広島東洋カープ,横浜DeNAベイスターズ,森浦 大輔,4,救援,S,17,4,1,3,1,0,0,0,0,0.00
20260521_S-G_11,2026-05-21,木,セ・リーグ公式戦,ホーム,東京ヤクルトスワローズ,読売ジャイアンツ,山野 太一,1,先発,勝,103,29,7,21,4,0,0,1,1,1.29
20260521_S-G_11,2026-05-21,木,セ・リーグ公式戦,ホーム,東京ヤクルトスワローズ,読売ジャイアンツ,星 知弥,2,救援,H,10,4,1,3,1,0,0,0,0,0.00
20260521_S-G_11,2026-05-21,木,セ・リーグ公式戦,ホーム,東京ヤクルトスワローズ,読売ジャイアンツ,Ｊ．キハダ,3,救援,S,23,5,1,3,2,0,0,0,0,0.00
20260521_S-G_11,2026-05-21,木,セ・リーグ公式戦,ビジター,読売ジャイアンツ,東京ヤクルトスワローズ,田中 将大,1,先発,敗,54,17,4,12,2,0,0,3,3,6.75
20260521_S-G_11,2026-05-21,木,セ・リーグ公式戦,ビジター,読売ジャイアンツ,東京ヤクルトスワローズ,赤星 優志,2,救援,,34,8,2,6,1,0,0,0,0,0.00
20260521_S-G_11,2026-05-21,木,セ・リーグ公式戦,ビジター,読売ジャイアンツ,東京ヤクルトスワローズ,田和 廉,3,救援,,15,4,1,3,2,0,0,0,0,0.00
20260521_S-G_11,2026-05-21,木,セ・リーグ公式戦,ビジター,読売ジャイアンツ,東京ヤクルトスワローズ,堀田 賢慎,4,救援,,11,4,1,3,0,0,0,0,0,0.00
20260520_B-H_07,2026-05-20,水,パ・リーグ公式戦,ホーム,オリックス・バファローズ,福岡ソフトバンクホークス,Ａ．エスピノーザ,1,先発,勝,95,24,6,18,5,0,0,2,2,3.00
20260520_B-H_07,2026-05-20,水,パ・リーグ公式戦,ホーム,オリックス・バファローズ,福岡ソフトバンクホークス,入山 海斗,2,救援,,10,4,1,3,1,1,0,0,0,0.00
20260520_B-H_07,2026-05-20,水,パ・リーグ公式戦,ホーム,オリックス・バファローズ,福岡ソフトバンクホークス,山﨑 颯一郎,3,救援,,15,3,1,3,0,0,0,0,0,0.00
20260520_B-H_07,2026-05-20,水,パ・リーグ公式戦,ホーム,オリックス・バファローズ,福岡ソフトバンクホークス,川瀬 堅斗,4,救援,,21,5,1,3,0,0,0,1,1,9.00
20260520_C-DB_10,2026-05-20,水,セ・リーグ公式戦,ビジター,横浜DeNAベイスターズ,広島東洋カープ,島田 舜也,1,先発,,83,21,4.2,14,5,0,0,2,2,3.86
20260520_C-DB_10,2026-05-20,水,セ・リーグ公式戦,ビジター,横浜DeNAベイスターズ,広島東洋カープ,吉野 光樹,2,救援,H,6,1,0.1,1,1,0,0,0,0,0.00
20260520_C-DB_10,2026-05-20,水,セ・リーグ公式戦,ビジター,横浜DeNAベイスターズ,広島東洋カープ,Ｊ．ルイーズ,3,救援,,25,5,1,3,2,0,0,1,1,9.00
20260520_C-DB_10,2026-05-20,水,セ・リーグ公式戦,ビジター,横浜DeNAベイスターズ,広島東洋カープ,中川 虎大,4,救援,勝,24,4,1,3,3,0,0,0,0,0.00
20260520_C-DB_10,2026-05-20,水,セ・リーグ公式戦,ビジター,横浜DeNAベイスターズ,広島東洋カープ,Ｓ．レイノルズ,5,救援,H,11,3,1,3,1,0,0,0,0,0.00
20260520_C-DB_10,2026-05-20,水,セ・リーグ公式戦,ビジター,横浜DeNAベイスターズ,広島東洋カープ,山﨑 康晃,6,救援,S,14,4,1,3,0,0,0,0,0,0.00
20260520_C-DB_10,2026-05-20,水,セ・リーグ公式戦,ホーム,広島東洋カープ,横浜DeNAベイスターズ,森 翔平,1,先発,,87,21,4,12,4,0,0,3,2,4.50
20260520_C-DB_10,2026-05-20,水,セ・リーグ公式戦,ホーム,広島東洋カープ,横浜DeNAベイスターズ,塹江 敦哉,2,救援,,31,7,2,6,2,0,0,0,0,0.00
20260520_C-DB_10,2026-05-20,水,セ・リーグ公式戦,ホーム,広島東洋カープ,横浜DeNAベイスターズ,髙 太一,3,救援,H,13,3,1,3,1,0,0,0,0,0.00
20260520_C-DB_10,2026-05-20,水,セ・リーグ公式戦,ホーム,広島東洋カープ,横浜DeNAベイスターズ,中﨑 翔太,4,救援,敗,22,6,1,3,2,0,0,1,1,9.00
20260520_C-DB_10,2026-05-20,水,セ・リーグ公式戦,ホーム,広島東洋カープ,横浜DeNAベイスターズ,遠藤 淳志,5,救援,,10,3,1,3,0,0,0,0,0,0.00
20260520_T-D_11,2026-05-20,水,セ・リーグ公式戦,ホーム,阪神タイガース,中日ドラゴンズ,茨木 秀俊,1,先発,,52,12,2,6,2,0,0,4,4,18.00
20260520_T-D_11,2026-05-20,水,セ・リーグ公式戦,ホーム,阪神タイガース,中日ドラゴンズ,椎葉 剛,2,救援,,37,8,2,6,1,0,0,0,0,0.00
20260520_T-D_11,2026-05-20,水,セ・リーグ公式戦,ホーム,阪神タイガース,中日ドラゴンズ,畠 世周,3,救援,,9,3,1,3,0,0,0,0,0,0.00
20260520_T-D_11,2026-05-20,水,セ・リーグ公式戦,ホーム,阪神タイガース,中日ドラゴンズ,石黒 佑弥,4,救援,,45,12,2,6,1,0,0,3,3,13.50
20260520_T-D_11,2026-05-20,水,セ・リーグ公式戦,ホーム,阪神タイガース,中日ドラゴンズ,桐敷 拓馬,5,救援,,24,6,1,3,1,0,0,0,0,0.00
20260520_T-D_11,2026-05-20,水,セ・リーグ公式戦,ホーム,阪神タイガース,中日ドラゴンズ,Ｒ．ドリス,6,救援,勝,15,4,1,3,2,0,0,0,0,0.00
20260520_L-M_11,2026-05-20,水,パ・リーグ公式戦,ホーム,埼玉西武ライオンズ,千葉ロッテマリーンズ,菅井 信也,1,先発,,103,29,7,21,3,0,0,1,1,1.29
20260520_L-M_11,2026-05-20,水,パ・リーグ公式戦,ホーム,埼玉西武ライオンズ,千葉ロッテマリーンズ,甲斐野 央,2,救援,H,11,3,1,3,0,0,0,0,0,0.00
20260520_L-M_11,2026-05-20,水,パ・リーグ公式戦,ホーム,埼玉西武ライオンズ,千葉ロッテマリーンズ,佐藤 隼輔,3,救援,敗,21,6,0.2,2,0,1,0,2,0,0.00
20260520_L-M_11,2026-05-20,水,パ・リーグ公式戦,ホーム,埼玉西武ライオンズ,千葉ロッテマリーンズ,黒田 将矢,4,救援,,6,1,0.1,1,1,0,0,0,0,0.00
20260520_L-M_11,2026-05-20,水,パ・リーグ公式戦,ビジター,千葉ロッテマリーンズ,埼玉西武ライオンズ,毛利 海大,1,先発,,84,23,6,18,3,1,0,1,1,1.50
20260520_L-M_11,2026-05-20,水,パ・リーグ公式戦,ビジター,千葉ロッテマリーンズ,埼玉西武ライオンズ,中森 俊介,2,救援,H,24,4,1,3,1,0,0,0,0,0.00
20260520_L-M_11,2026-05-20,水,パ・リーグ公式戦,ビジター,千葉ロッテマリーンズ,埼玉西武ライオンズ,鈴木 昭汰,3,救援,勝,15,4,1,3,2,0,0,0,0,0.00
20260520_L-M_11,2026-05-20,水,パ・リーグ公式戦,ビジター,千葉ロッテマリーンズ,埼玉西武ライオンズ,横山 陸人,4,救援,S,11,4,1,3,0,0,0,0,0,0.00
20260520_T-D_11,2026-05-20,水,セ・リーグ公式戦,ビジター,中日ドラゴンズ,阪神タイガース,Ｋ．マラー,1,先発,,92,27,6.2,20,9,0,0,4,4,5.40
20260520_T-D_11,2026-05-20,水,セ・リーグ公式戦,ビジター,中日ドラゴンズ,阪神タイガース,藤嶋 健人,2,救援,,2,1,0+,0,0,0,0,0,0,
20260520_T-D_11,2026-05-20,水,セ・リーグ公式戦,ビジター,中日ドラゴンズ,阪神タイガース,齋藤 綱記,3,救援,H,7,2,0.1,1,0,0,0,0,0,0.00
20260520_T-D_11,2026-05-20,水,セ・リーグ公式戦,ビジター,中日ドラゴンズ,阪神タイガース,清水 達也,4,救援,,21,7,0.2,2,0,0,0,3,3,40.50
20260520_T-D_11,2026-05-20,水,セ・リーグ公式戦,ビジター,中日ドラゴンズ,阪神タイガース,吉田 聖弥,5,救援,H,7,1,0.1,1,0,0,0,0,0,0.00
20260520_T-D_11,2026-05-20,水,セ・リーグ公式戦,ビジター,中日ドラゴンズ,阪神タイガース,牧野 憲伸,6,救援,敗,6,1,0+,0,0,0,0,1,1,
20260520_F-E_11,2026-05-20,水,パ・リーグ公式戦,ビジター,東北楽天ゴールデンイーグルス,北海道日本ハムファイターズ,前田 健太,1,先発,,72,14,2.1,7,1,0,0,2,2,7.71
20260520_F-E_11,2026-05-20,水,パ・リーグ公式戦,ビジター,東北楽天ゴールデンイーグルス,北海道日本ハムファイターズ,柴田 大地,2,救援,,4,2,0.2,2,0,0,0,0,0,0.00
20260520_F-E_11,2026-05-20,水,パ・リーグ公式戦,ビジター,東北楽天ゴールデンイーグルス,北海道日本ハムファイターズ,内 星龍,3,救援,,30,7,2,6,1,0,0,0,0,0.00
20260520_F-E_11,2026-05-20,水,パ・リーグ公式戦,ビジター,東北楽天ゴールデンイーグルス,北海道日本ハムファイターズ,鈴木 翔天,4,救援,敗,20,6,1,3,0,0,0,2,2,18.00
20260520_F-E_11,2026-05-20,水,パ・リーグ公式戦,ビジター,東北楽天ゴールデンイーグルス,北海道日本ハムファイターズ,加治屋 蓮,5,救援,,19,4,1,3,2,0,0,0,0,0.00
20260520_F-E_11,2026-05-20,水,パ・リーグ公式戦,ビジター,東北楽天ゴールデンイーグルス,北海道日本ハムファイターズ,西垣 雅矢,6,救援,,19,5,0.1,1,0,0,0,1,1,27.00
20260520_F-E_11,2026-05-20,水,パ・リーグ公式戦,ビジター,東北楽天ゴールデンイーグルス,北海道日本ハムファイターズ,津留﨑 大成,7,救援,,7,2,0.2,2,0,0,0,0,0,0.00
20260520_B-H_07,2026-05-20,水,パ・リーグ公式戦,ビジター,福岡ソフトバンクホークス,オリックス・バファローズ,藤原 大翔,1,先発,敗,69,17,2.2,8,3,0,0,5,5,16.88
20260520_B-H_07,2026-05-20,水,パ・リーグ公式戦,ビジター,福岡ソフトバンクホークス,オリックス・バファローズ,大野 稼頭央,2,救援,,65,15,3.1,10,3,1,0,3,3,8.10
20260520_B-H_07,2026-05-20,水,パ・リーグ公式戦,ビジター,福岡ソフトバンクホークス,オリックス・バファローズ,鈴木 豪太,3,救援,,21,7,2,6,0,0,0,0,0,0.00
20260520_F-E_11,2026-05-20,水,パ・リーグ公式戦,ホーム,北海道日本ハムファイターズ,東北楽天ゴールデンイーグルス,福島 蓮,1,先発,,101,24,5.1,16,6,0,0,2,2,3.38
20260520_F-E_11,2026-05-20,水,パ・リーグ公式戦,ホーム,北海道日本ハムファイターズ,東北楽天ゴールデンイーグルス,玉井 大翔,2,救援,,7,2,0+,0,0,0,0,0,0,
20260520_F-E_11,2026-05-20,水,パ・リーグ公式戦,ホーム,北海道日本ハムファイターズ,東北楽天ゴールデンイーグルス,堀 瑞輝,3,救援,勝,1,1,0.2,2,0,0,0,0,0,0.00
20260520_F-E_11,2026-05-20,水,パ・リーグ公式戦,ホーム,北海道日本ハムファイターズ,東北楽天ゴールデンイーグルス,上原 健太,4,救援,H,9,2,0.2,2,1,0,0,0,0,0.00
20260520_F-E_11,2026-05-20,水,パ・リーグ公式戦,ホーム,北海道日本ハムファイターズ,東北楽天ゴールデンイーグルス,田中 正義,5,救援,H,30,7,1.1,4,2,0,0,1,1,6.75
20260520_F-E_11,2026-05-20,水,パ・リーグ公式戦,ホーム,北海道日本ハムファイターズ,東北楽天ゴールデンイーグルス,柳川 大晟,6,救援,S,12,4,1,3,1,0,0,0,0,0.00
20260519_B-H_06,2026-05-19,火,パ・リーグ公式戦,ホーム,オリックス・バファローズ,福岡ソフトバンクホークス,九里 亜蓮,1,先発,勝,88,19,5,15,3,0,0,1,1,1.80
20260519_B-H_06,2026-05-19,火,パ・リーグ公式戦,ホーム,オリックス・バファローズ,福岡ソフトバンクホークス,寺西 成騎,2,救援,H,13,3,1,3,3,0,0,0,0,0.00
20260519_B-H_06,2026-05-19,火,パ・リーグ公式戦,ホーム,オリックス・バファローズ,福岡ソフトバンクホークス,吉田 輝星,3,救援,H,18,4,1,3,2,0,0,0,0,0.00
20260519_B-H_06,2026-05-19,火,パ・リーグ公式戦,ホーム,オリックス・バファローズ,福岡ソフトバンクホークス,椋木 蓮,4,救援,H,14,3,1,3,2,0,0,0,0,0.00
20260519_B-H_06,2026-05-19,火,パ・リーグ公式戦,ホーム,オリックス・バファローズ,福岡ソフトバンクホークス,Ａ．マチャド,5,救援,S,20,4,1,3,1,0,0,0,0,0.00
20260519_C-DB_09,2026-05-19,火,セ・リーグ公式戦,ビジター,横浜DeNAベイスターズ,広島東洋カープ,竹田 祐,1,先発,敗,72,15,4,12,4,0,0,2,2,4.50
20260519_C-DB_09,2026-05-19,火,セ・リーグ公式戦,ビジター,横浜DeNAベイスターズ,広島東洋カープ,若松 尚輝,2,救援,,32,9,2,6,0,0,0,1,1,4.50
20260519_C-DB_09,2026-05-19,火,セ・リーグ公式戦,ビジター,横浜DeNAベイスターズ,広島東洋カープ,坂本 裕哉,3,救援,,5,3,1,3,1,0,0,0,0,0.00
20260519_C-DB_09,2026-05-19,火,セ・リーグ公式戦,ビジター,横浜DeNAベイスターズ,広島東洋カープ,岩田 将貴,4,救援,,15,3,1,3,0,0,0,0,0,0.00
20260519_C-DB_09,2026-05-19,火,セ・リーグ公式戦,ホーム,広島東洋カープ,横浜DeNAベイスターズ,床田 寛樹,1,先発,勝,95,22,6,18,3,0,0,0,0,0.00
20260519_C-DB_09,2026-05-19,火,セ・リーグ公式戦,ホーム,広島東洋カープ,横浜DeNAベイスターズ,森浦 大輔,2,救援,H,15,3,1,3,0,0,0,0,0,0.00
20260519_C-DB_09,2026-05-19,火,セ・リーグ公式戦,ホーム,広島東洋カープ,横浜DeNAベイスターズ,中﨑 翔太,3,救援,H,9,3,1,3,1,0,0,0,0,0.00
20260519_C-DB_09,2026-05-19,火,セ・リーグ公式戦,ホーム,広島東洋カープ,横浜DeNAベイスターズ,Ｔ．ハーン,4,救援,S,17,5,1,3,1,1,0,1,1,9.00
20260519_T-D_10,2026-05-19,火,セ・リーグ公式戦,ホーム,阪神タイガース,中日ドラゴンズ,西 勇輝,1,先発,勝,87,24,5,15,3,0,0,2,2,3.60
20260519_T-D_10,2026-05-19,火,セ・リーグ公式戦,ホーム,阪神タイガース,中日ドラゴンズ,工藤 泰成,2,救援,H,16,4,1,3,1,0,0,0,0,0.00
20260519_T-D_10,2026-05-19,火,セ・リーグ公式戦,ホーム,阪神タイガース,中日ドラゴンズ,及川 雅貴,3,救援,H,11,3,1,3,0,0,0,0,0,0.00
20260519_T-D_10,2026-05-19,火,セ・リーグ公式戦,ホーム,阪神タイガース,中日ドラゴンズ,Ｒ．ドリス,4,救援,H,19,4,1,3,2,0,0,0,0,0.00
20260519_T-D_10,2026-05-19,火,セ・リーグ公式戦,ホーム,阪神タイガース,中日ドラゴンズ,岩崎 優,5,救援,S,13,3,1,3,2,0,0,0,0,0.00
20260519_L-M_10,2026-05-19,火,パ・リーグ公式戦,ホーム,埼玉西武ライオンズ,千葉ロッテマリーンズ,武内 夏暉,1,先発,勝,106,28,7,21,7,0,0,1,1,1.29
20260519_L-M_10,2026-05-19,火,パ・リーグ公式戦,ホーム,埼玉西武ライオンズ,千葉ロッテマリーンズ,篠原 響,2,救援,H,11,3,1,3,2,0,0,0,0,0.00
20260519_L-M_10,2026-05-19,火,パ・リーグ公式戦,ホーム,埼玉西武ライオンズ,千葉ロッテマリーンズ,岩城 颯空,3,救援,S,14,4,1,3,3,0,0,1,1,9.00
20260519_L-M_10,2026-05-19,火,パ・リーグ公式戦,ビジター,千葉ロッテマリーンズ,埼玉西武ライオンズ,Ａ．ジャクソン,1,先発,敗,103,26,6,18,6,0,0,3,3,4.50
20260519_L-M_10,2026-05-19,火,パ・リーグ公式戦,ビジター,千葉ロッテマリーンズ,埼玉西武ライオンズ,小野 郁,2,救援,,13,3,1,3,2,0,0,0,0,0.00
20260519_L-M_10,2026-05-19,火,パ・リーグ公式戦,ビジター,千葉ロッテマリーンズ,埼玉西武ライオンズ,八木 彬,3,救援,,21,5,1,3,0,0,0,0,0,0.00
20260519_T-D_10,2026-05-19,火,セ・リーグ公式戦,ビジター,中日ドラゴンズ,阪神タイガース,金丸 夢斗,1,先発,敗,84,24,5,15,3,0,0,4,4,7.20
20260519_T-D_10,2026-05-19,火,セ・リーグ公式戦,ビジター,中日ドラゴンズ,阪神タイガース,藤嶋 健人,2,救援,,13,3,1,3,1,0,0,0,0,0.00
20260519_T-D_10,2026-05-19,火,セ・リーグ公式戦,ビジター,中日ドラゴンズ,阪神タイガース,杉浦 稔大,3,救援,,27,5,0.2,2,1,0,0,0,0,0.00
20260519_T-D_10,2026-05-19,火,セ・リーグ公式戦,ビジター,中日ドラゴンズ,阪神タイガース,伊藤 茉央,4,救援,,2,1,0.1,1,0,0,0,0,0,0.00
20260519_T-D_10,2026-05-19,火,セ・リーグ公式戦,ビジター,中日ドラゴンズ,阪神タイガース,牧野 憲伸,5,救援,,12,3,1,3,1,0,0,0,0,0.00
20260519_S-G_10,2026-05-19,火,セ・リーグ公式戦,ホーム,東京ヤクルトスワローズ,読売ジャイアンツ,高橋 奎二,1,先発,敗,88,21,5,15,6,0,0,2,2,3.60
20260519_S-G_10,2026-05-19,火,セ・リーグ公式戦,ホーム,東京ヤクルトスワローズ,読売ジャイアンツ,廣澤 優,2,救援,,13,3,1,3,2,0,0,0,0,0.00
20260519_S-G_10,2026-05-19,火,セ・リーグ公式戦,ホーム,東京ヤクルトスワローズ,読売ジャイアンツ,丸山 翔大,3,救援,,15,4,1,3,0,0,0,0,0,0.00
20260519_S-G_10,2026-05-19,火,セ・リーグ公式戦,ホーム,東京ヤクルトスワローズ,読売ジャイアンツ,荘司 宏太,4,救援,,17,4,1,3,2,0,0,0,0,0.00
20260519_S-G_10,2026-05-19,火,セ・リーグ公式戦,ホーム,東京ヤクルトスワローズ,読売ジャイアンツ,清水 昇,5,救援,,12,3,1,3,1,0,0,0,0,0.00
20260519_F-E_10,2026-05-19,火,パ・リーグ公式戦,ビジター,東北楽天ゴールデンイーグルス,北海道日本ハムファイターズ,荘司 康誠,1,先発,敗,72,19,3,9,3,0,0,6,6,18.00
20260519_F-E_10,2026-05-19,火,パ・リーグ公式戦,ビジター,東北楽天ゴールデンイーグルス,北海道日本ハムファイターズ,津留﨑 大成,2,救援,,21,6,2,6,3,0,0,0,0,0.00
20260519_F-E_10,2026-05-19,火,パ・リーグ公式戦,ビジター,東北楽天ゴールデンイーグルス,北海道日本ハムファイターズ,西垣 雅矢,3,救援,,23,5,1,3,2,0,0,0,0,0.00
20260519_F-E_10,2026-05-19,火,パ・リーグ公式戦,ビジター,東北楽天ゴールデンイーグルス,北海道日本ハムファイターズ,九谷 瑠,4,救援,,13,3,1,3,0,0,0,0,0,0.00
20260519_F-E_10,2026-05-19,火,パ・リーグ公式戦,ビジター,東北楽天ゴールデンイーグルス,北海道日本ハムファイターズ,柴田 大地,5,救援,,17,3,1,3,1,0,0,0,0,0.00
20260519_S-G_10,2026-05-19,火,セ・リーグ公式戦,ビジター,読売ジャイアンツ,東京ヤクルトスワローズ,戸郷 翔征,1,先発,勝,115,26,7,21,5,0,0,0,0,0.00
20260519_S-G_10,2026-05-19,火,セ・リーグ公式戦,ビジター,読売ジャイアンツ,東京ヤクルトスワローズ,中川 皓太,2,救援,H,9,2,0.2,2,0,0,0,0,0,0.00
20260519_S-G_10,2026-05-19,火,セ・リーグ公式戦,ビジター,読売ジャイアンツ,東京ヤクルトスワローズ,田中 瑛斗,3,救援,H,4,2,0.1,1,0,0,0,0,0,0.00
20260519_S-G_10,2026-05-19,火,セ・リーグ公式戦,ビジター,読売ジャイアンツ,東京ヤクルトスワローズ,大勢,4,救援,S,13,4,1,3,1,0,0,0,0,0.00
20260519_B-H_06,2026-05-19,火,パ・リーグ公式戦,ビジター,福岡ソフトバンクホークス,オリックス・バファローズ,大津 亮介,1,先発,敗,99,24,6,18,2,0,0,2,1,1.50
20260519_B-H_06,2026-05-19,火,パ・リーグ公式戦,ビジター,福岡ソフトバンクホークス,オリックス・バファローズ,津森 宥紀,2,救援,,17,3,1,3,1,0,0,0,0,0.00
20260519_B-H_06,2026-05-19,火,パ・リーグ公式戦,ビジター,福岡ソフトバンクホークス,オリックス・バファローズ,Ｄ．ヘルナンデス,3,救援,,15,4,1,3,2,0,0,0,0,0.00
20260519_F-E_10,2026-05-19,火,パ・リーグ公式戦,ホーム,北海道日本ハムファイターズ,東北楽天ゴールデンイーグルス,伊藤 大海,1,先発,勝,112,30,6,18,9,0,0,2,2,3.00
20260519_F-E_10,2026-05-19,火,パ・リーグ公式戦,ホーム,北海道日本ハムファイターズ,東北楽天ゴールデンイーグルス,島本 浩也,2,救援,,12,3,1,3,0,0,0,0,0,0.00
20260519_F-E_10,2026-05-19,火,パ・リーグ公式戦,ホーム,北海道日本ハムファイターズ,東北楽天ゴールデンイーグルス,田中 正義,3,救援,,12,4,1,3,1,0,0,0,0,0.00
20260519_F-E_10,2026-05-19,火,パ・リーグ公式戦,ホーム,北海道日本ハムファイターズ,東北楽天ゴールデンイーグルス,柳川 大晟,4,救援,,10,3,1,3,0,0,0,0,0,0.00
20260517_M-B_11,2026-05-17,日,パ・リーグ公式戦,ビジター,オリックス・バファローズ,千葉ロッテマリーンズ,曽谷 龍平,1,先発,敗,88,26,6,18,2,0,0,3,3,4.50
20260517_M-B_11,2026-05-17,日,パ・リーグ公式戦,ビジター,オリックス・バファローズ,千葉ロッテマリーンズ,吉田 輝星,2,救援,,19,5,1,3,1,0,0,0,0,0.00
20260517_M-B_11,2026-05-17,日,パ・リーグ公式戦,ビジター,オリックス・バファローズ,千葉ロッテマリーンズ,寺西 成騎,3,救援,,14,4,1,3,1,1,0,0,0,0.00
20260517_G-DB_09,2026-05-17,日,セ・リーグ公式戦,ビジター,横浜DeNAベイスターズ,読売ジャイアンツ,石田 裕太郎,1,先発,敗,91,25,6,18,8,0,0,1,1,1.50
20260517_G-DB_09,2026-05-17,日,セ・リーグ公式戦,ビジター,横浜DeNAベイスターズ,読売ジャイアンツ,宮城 滝太,2,救援,,15,3,1,3,1,0,0,0,0,0.00
20260517_G-DB_09,2026-05-17,日,セ・リーグ公式戦,ビジター,横浜DeNAベイスターズ,読売ジャイアンツ,吉野 光樹,3,救援,,25,5,1,3,0,0,0,0,0,0.00
20260517_T-C_08,2026-05-17,日,セ・リーグ公式戦,ビジター,広島東洋カープ,阪神タイガース,岡本 駿,1,先発,勝,104,26,6.1,19,4,0,0,0,0,0.00
20260517_T-C_08,2026-05-17,日,セ・リーグ公式戦,ビジター,広島東洋カープ,阪神タイガース,髙 太一,2,救援,H,9,2,0.2,2,1,0,0,0,0,0.00
20260517_T-C_08,2026-05-17,日,セ・リーグ公式戦,ビジター,広島東洋カープ,阪神タイガース,Ｔ．ハーン,3,救援,H,10,3,1,3,0,0,0,0,0,0.00
20260517_T-C_08,2026-05-17,日,セ・リーグ公式戦,ビジター,広島東洋カープ,阪神タイガース,中﨑 翔太,4,救援,S,17,4,1,3,0,0,0,0,0,0.00
20260517_T-C_08,2026-05-17,日,セ・リーグ公式戦,ホーム,阪神タイガース,広島東洋カープ,才木 浩人,1,先発,敗,110,25,7,21,9,0,0,1,1,1.29
20260517_T-C_08,2026-05-17,日,セ・リーグ公式戦,ホーム,阪神タイガース,広島東洋カープ,及川 雅貴,2,救援,,13,3,1,3,0,0,0,0,0,0.00
20260517_T-C_08,2026-05-17,日,セ・リーグ公式戦,ホーム,阪神タイガース,広島東洋カープ,岩崎 優,3,救援,,18,3,1,3,1,0,0,0,0,0.00
20260517_F-L_09,2026-05-17,日,パ・リーグ公式戦,ビジター,埼玉西武ライオンズ,北海道日本ハムファイターズ,Ａ．ワイナンス,1,先発,勝,99,25,6,18,6,0,0,2,2,3.00
20260517_F-L_09,2026-05-17,日,パ・リーグ公式戦,ビジター,埼玉西武ライオンズ,北海道日本ハムファイターズ,佐藤 隼輔,2,救援,,16,4,0.2,2,1,0,0,1,0,0.00
20260517_F-L_09,2026-05-17,日,パ・リーグ公式戦,ビジター,埼玉西武ライオンズ,北海道日本ハムファイターズ,甲斐野 央,3,救援,H,4,1,0.1,1,0,0,0,0,0,0.00
20260517_F-L_09,2026-05-17,日,パ・リーグ公式戦,ビジター,埼玉西武ライオンズ,北海道日本ハムファイターズ,篠原 響,4,救援,H,12,3,1,3,2,0,0,0,0,0.00
20260517_F-L_09,2026-05-17,日,パ・リーグ公式戦,ビジター,埼玉西武ライオンズ,北海道日本ハムファイターズ,岩城 颯空,5,救援,S,23,4,1,3,2,0,0,0,0,0.00
20260517_M-B_11,2026-05-17,日,パ・リーグ公式戦,ホーム,千葉ロッテマリーンズ,オリックス・バファローズ,廣池 康志郎,1,先発,勝,105,29,7,21,5,0,0,1,1,1.29
20260517_M-B_11,2026-05-17,日,パ・リーグ公式戦,ホーム,千葉ロッテマリーンズ,オリックス・バファローズ,高野 脩汰,2,救援,H,16,5,0.2,2,1,0,0,1,1,13.50
20260517_M-B_11,2026-05-17,日,パ・リーグ公式戦,ホーム,千葉ロッテマリーンズ,オリックス・バファローズ,八木 彬,3,救援,H,3,1,0.1,1,0,0,0,0,0,0.00
20260517_M-B_11,2026-05-17,日,パ・リーグ公式戦,ホーム,千葉ロッテマリーンズ,オリックス・バファローズ,中森 俊介,4,救援,S,13,4,1,3,0,0,0,0,0,0.00
20260517_D-S_09,2026-05-17,日,セ・リーグ公式戦,ホーム,中日ドラゴンズ,東京ヤクルトスワローズ,髙橋 宏斗,1,先発,敗,89,23,5,15,5,1,0,5,5,9.00
20260517_D-S_09,2026-05-17,日,セ・リーグ公式戦,ホーム,中日ドラゴンズ,東京ヤクルトスワローズ,清水 達也,2,救援,,13,3,1,3,1,0,0,0,0,0.00
20260517_D-S_09,2026-05-17,日,セ・リーグ公式戦,ホーム,中日ドラゴンズ,東京ヤクルトスワローズ,吉田 聖弥,3,救援,,20,4,1,3,3,0,0,0,0,0.00
20260517_D-S_09,2026-05-17,日,セ・リーグ公式戦,ホーム,中日ドラゴンズ,東京ヤクルトスワローズ,伊藤 茉央,4,救援,,15,3,1,3,1,0,0,0,0,0.00
20260517_D-S_09,2026-05-17,日,セ・リーグ公式戦,ホーム,中日ドラゴンズ,東京ヤクルトスワローズ,Ｈ．メヒア,5,救援,,15,5,1,3,0,0,0,0,0,0.00
20260517_D-S_09,2026-05-17,日,セ・リーグ公式戦,ビジター,東京ヤクルトスワローズ,中日ドラゴンズ,松本 健吾,1,先発,勝,98,24,7,21,2,0,0,1,1,1.29
20260517_D-S_09,2026-05-17,日,セ・リーグ公式戦,ビジター,東京ヤクルトスワローズ,中日ドラゴンズ,星 知弥,2,救援,,9,4,1,3,0,0,0,0,0,0.00
20260517_D-S_09,2026-05-17,日,セ・リーグ公式戦,ビジター,東京ヤクルトスワローズ,中日ドラゴンズ,Ｊ．キハダ,3,救援,,10,3,1,3,2,0,0,0,0,0.00
20260517_E-H_12,2026-05-17,日,パ・リーグ公式戦,ホーム,東北楽天ゴールデンイーグルス,福岡ソフトバンクホークス,藤井 聖,1,先発,敗,89,22,6,18,5,0,0,2,2,3.00
20260517_E-H_12,2026-05-17,日,パ・リーグ公式戦,ホーム,東北楽天ゴールデンイーグルス,福岡ソフトバンクホークス,内 星龍,2,救援,,17,6,1,3,1,0,0,2,2,18.00
20260517_E-H_12,2026-05-17,日,パ・リーグ公式戦,ホーム,東北楽天ゴールデンイーグルス,福岡ソフトバンクホークス,田中 千晴,3,救援,,25,5,1,3,3,2,0,1,1,9.00
20260517_E-H_12,2026-05-17,日,パ・リーグ公式戦,ホーム,東北楽天ゴールデンイーグルス,福岡ソフトバンクホークス,宋 家豪,4,救援,,18,5,1,3,0,0,0,0,0,0.00
20260517_G-DB_09,2026-05-17,日,セ・リーグ公式戦,ホーム,読売ジャイアンツ,横浜DeNAベイスターズ,竹丸 和幸,1,先発,勝,87,24,6,18,4,0,0,0,0,0.00
20260517_G-DB_09,2026-05-17,日,セ・リーグ公式戦,ホーム,読売ジャイアンツ,横浜DeNAベイスターズ,田中 瑛斗,2,救援,H,14,3,1,3,1,0,0,0,0,0.00
20260517_G-DB_09,2026-05-17,日,セ・リーグ公式戦,ホーム,読売ジャイアンツ,横浜DeNAベイスターズ,大勢,3,救援,H,16,3,1,3,1,0,0,0,0,0.00
20260517_G-DB_09,2026-05-17,日,セ・リーグ公式戦,ホーム,読売ジャイアンツ,横浜DeNAベイスターズ,Ｒ．マルティネス,4,救援,S,23,4,1,3,2,0,0,0,0,0.00
20260517_E-H_12,2026-05-17,日,パ・リーグ公式戦,ビジター,福岡ソフトバンクホークス,東北楽天ゴールデンイーグルス,前田 悠伍,1,先発,勝,71,21,5,15,1,0,0,1,1,1.80
20260517_E-H_12,2026-05-17,日,パ・リーグ公式戦,ビジター,福岡ソフトバンクホークス,東北楽天ゴールデンイーグルス,上茶谷 大河,2,救援,H,12,4,1,3,0,0,0,0,0,0.00
20260517_E-H_12,2026-05-17,日,パ・リーグ公式戦,ビジター,福岡ソフトバンクホークス,東北楽天ゴールデンイーグルス,Ｒ．オスナ,3,救援,H,16,4,1,3,1,0,0,0,0,0.00
20260517_E-H_12,2026-05-17,日,パ・リーグ公式戦,ビジター,福岡ソフトバンクホークス,東北楽天ゴールデンイーグルス,松本 裕樹,4,救援,,12,3,1,3,0,0,0,0,0,0.00
20260517_E-H_12,2026-05-17,日,パ・リーグ公式戦,ビジター,福岡ソフトバンクホークス,東北楽天ゴールデンイーグルス,杉山 一樹,5,救援,,17,4,1,3,2,1,0,0,0,0.00
20260517_F-L_09,2026-05-17,日,パ・リーグ公式戦,ホーム,北海道日本ハムファイターズ,埼玉西武ライオンズ,北山 亘基,1,先発,,94,21,5,15,4,0,0,1,1,1.80
20260517_F-L_09,2026-05-17,日,パ・リーグ公式戦,ホーム,北海道日本ハムファイターズ,埼玉西武ライオンズ,島本 浩也,2,救援,H,21,4,1,3,1,0,0,0,0,0.00
20260517_F-L_09,2026-05-17,日,パ・リーグ公式戦,ホーム,北海道日本ハムファイターズ,埼玉西武ライオンズ,上原 健太,3,救援,敗,31,6,0.2,2,1,0,0,4,4,54.00
20260517_F-L_09,2026-05-17,日,パ・リーグ公式戦,ホーム,北海道日本ハムファイターズ,埼玉西武ライオンズ,生田目 翼,4,救援,,11,3,0.1,1,0,0,0,0,0,0.00
20260517_F-L_09,2026-05-17,日,パ・リーグ公式戦,ホーム,北海道日本ハムファイターズ,埼玉西武ライオンズ,堀 瑞輝,5,救援,,20,5,1,3,1,0,0,1,1,9.00
20260517_F-L_09,2026-05-17,日,パ・リーグ公式戦,ホーム,北海道日本ハムファイターズ,埼玉西武ライオンズ,山本 拓実,6,救援,,10,3,1,3,0,0,0,0,0,0.00
20260516_M-B_10,2026-05-16,土,パ・リーグ公式戦,ビジター,オリックス・バファローズ,千葉ロッテマリーンズ,田嶋 大樹,1,先発,敗,91,23,5.1,16,4,0,0,2,2,3.38
20260516_M-B_10,2026-05-16,土,パ・リーグ公式戦,ビジター,オリックス・バファローズ,千葉ロッテマリーンズ,入山 海斗,2,救援,,22,4,0.2,2,1,0,0,0,0,0.00
20260516_M-B_10,2026-05-16,土,パ・リーグ公式戦,ビジター,オリックス・バファローズ,千葉ロッテマリーンズ,川瀬 堅斗,3,救援,,30,9,2,6,1,0,0,0,0,0.00
20260516_G-DB_08,2026-05-16,土,セ・リーグ公式戦,ビジター,横浜DeNAベイスターズ,読売ジャイアンツ,篠木 健太郎,1,先発,,93,23,5,15,7,0,0,3,3,5.40
20260516_G-DB_08,2026-05-16,土,セ・リーグ公式戦,ビジター,横浜DeNAベイスターズ,読売ジャイアンツ,Ｊ．ルイーズ,2,救援,H,10,4,1,3,1,0,0,0,0,0.00
20260516_G-DB_08,2026-05-16,土,セ・リーグ公式戦,ビジター,横浜DeNAベイスターズ,読売ジャイアンツ,中川 虎大,3,救援,敗,26,7,1,3,2,0,0,1,1,9.00
20260516_G-DB_08,2026-05-16,土,セ・リーグ公式戦,ビジター,横浜DeNAベイスターズ,読売ジャイアンツ,坂本 裕哉,4,救援,,12,4,1,3,1,0,0,0,0,0.00
20260516_T-C_07,2026-05-16,土,セ・リーグ公式戦,ビジター,広島東洋カープ,阪神タイガース,森下 暢仁,1,先発,敗,91,22,5,15,4,0,0,3,3,5.40
20260516_T-C_07,2026-05-16,土,セ・リーグ公式戦,ビジター,広島東洋カープ,阪神タイガース,鈴木 健矢,2,救援,,11,3,1,3,1,0,0,0,0,0.00
20260516_T-C_07,2026-05-16,土,セ・リーグ公式戦,ビジター,広島東洋カープ,阪神タイガース,塹江 敦哉,3,救援,,17,4,1,3,1,0,0,0,0,0.00
20260516_T-C_07,2026-05-16,土,セ・リーグ公式戦,ビジター,広島東洋カープ,阪神タイガース,益田 武尚,4,救援,,9,4,1,3,0,0,0,0,0,0.00
20260516_T-C_07,2026-05-16,土,セ・リーグ公式戦,ホーム,阪神タイガース,広島東洋カープ,村上 頌樹,1,先発,勝,123,31,8.2,26,9,0,0,1,1,1.04
20260516_T-C_07,2026-05-16,土,セ・リーグ公式戦,ホーム,阪神タイガース,広島東洋カープ,Ｒ．ドリス,2,救援,S,5,1,0.1,1,0,0,0,0,0,0.00
20260516_F-L_08,2026-05-16,土,パ・リーグ公式戦,ビジター,埼玉西武ライオンズ,北海道日本ハムファイターズ,佐藤 爽,1,先発,,87,20,4.2,14,3,0,0,4,4,7.71
20260516_F-L_08,2026-05-16,土,パ・リーグ公式戦,ビジター,埼玉西武ライオンズ,北海道日本ハムファイターズ,黒田 将矢,2,救援,H,9,2,0.1,1,0,0,0,0,0,0.00
20260516_F-L_08,2026-05-16,土,パ・リーグ公式戦,ビジター,埼玉西武ライオンズ,北海道日本ハムファイターズ,佐藤 隼輔,3,救援,H,11,3,1,3,1,0,0,0,0,0.00
20260516_F-L_08,2026-05-16,土,パ・リーグ公式戦,ビジター,埼玉西武ライオンズ,北海道日本ハムファイターズ,浜屋 将太,4,救援,H,9,4,1,3,0,0,0,0,0,0.00
20260516_F-L_08,2026-05-16,土,パ・リーグ公式戦,ビジター,埼玉西武ライオンズ,北海道日本ハムファイターズ,甲斐野 央,5,救援,敗,16,4,1,3,3,0,0,1,1,9.00
20260516_M-B_10,2026-05-16,土,パ・リーグ公式戦,ホーム,千葉ロッテマリーンズ,オリックス・バファローズ,田中 晴也,1,先発,,91,23,5,15,7,0,0,0,0,0.00
20260516_M-B_10,2026-05-16,土,パ・リーグ公式戦,ホーム,千葉ロッテマリーンズ,オリックス・バファローズ,小野 郁,2,救援,勝,13,4,1,3,1,0,0,0,0,0.00
20260516_M-B_10,2026-05-16,土,パ・リーグ公式戦,ホーム,千葉ロッテマリーンズ,オリックス・バファローズ,澤田 圭佑,3,救援,H,15,4,1,3,0,0,0,0,0,0.00
20260516_M-B_10,2026-05-16,土,パ・リーグ公式戦,ホーム,千葉ロッテマリーンズ,オリックス・バファローズ,鈴木 昭汰,4,救援,H,12,3,1,3,2,0,0,0,0,0.00
20260516_M-B_10,2026-05-16,土,パ・リーグ公式戦,ホーム,千葉ロッテマリーンズ,オリックス・バファローズ,横山 陸人,5,救援,S,7,3,1,3,0,0,0,0,0,0.00
20260516_D-S_08,2026-05-16,土,セ・リーグ公式戦,ホーム,中日ドラゴンズ,東京ヤクルトスワローズ,大野 雄大,1,先発,勝,100,25,7,21,4,0,0,0,0,0.00
20260516_D-S_08,2026-05-16,土,セ・リーグ公式戦,ホーム,中日ドラゴンズ,東京ヤクルトスワローズ,牧野 憲伸,2,救援,,12,3,1,3,0,0,0,0,0,0.00
20260516_D-S_08,2026-05-16,土,セ・リーグ公式戦,ホーム,中日ドラゴンズ,東京ヤクルトスワローズ,伊藤 茉央,3,救援,,9,3,1,3,1,0,0,0,0,0.00
20260516_D-S_08,2026-05-16,土,セ・リーグ公式戦,ビジター,東京ヤクルトスワローズ,中日ドラゴンズ,奥川 恭伸,1,先発,敗,103,31,6.1,19,3,0,0,7,7,9.95
20260516_D-S_08,2026-05-16,土,セ・リーグ公式戦,ビジター,東京ヤクルトスワローズ,中日ドラゴンズ,阪口 皓亮,2,救援,,6,2,0.2,2,1,0,0,0,0,0.00
20260516_D-S_08,2026-05-16,土,セ・リーグ公式戦,ビジター,東京ヤクルトスワローズ,中日ドラゴンズ,木澤 尚文,3,救援,,33,7,1,3,1,0,0,1,1,9.00
20260516_E-H_11,2026-05-16,土,パ・リーグ公式戦,ホーム,東北楽天ゴールデンイーグルス,福岡ソフトバンクホークス,古謝 樹,1,先発,勝,105,26,6,18,6,0,0,2,2,3.00
20260516_E-H_11,2026-05-16,土,パ・リーグ公式戦,ホーム,東北楽天ゴールデンイーグルス,福岡ソフトバンクホークス,内 星龍,2,救援,H,6,3,1,3,1,0,0,0,0,0.00
20260516_E-H_11,2026-05-16,土,パ・リーグ公式戦,ホーム,東北楽天ゴールデンイーグルス,福岡ソフトバンクホークス,鈴木 翔天,3,救援,H,12,3,1,3,1,0,0,0,0,0.00
20260516_E-H_11,2026-05-16,土,パ・リーグ公式戦,ホーム,東北楽天ゴールデンイーグルス,福岡ソフトバンクホークス,加治屋 蓮,4,救援,H,26,6,0.2,2,0,0,0,1,1,13.50
20260516_E-H_11,2026-05-16,土,パ・リーグ公式戦,ホーム,東北楽天ゴールデンイーグルス,福岡ソフトバンクホークス,柴田 大地,5,救援,S,3,1,0.1,1,0,0,0,0,0,0.00
20260516_G-DB_08,2026-05-16,土,セ・リーグ公式戦,ホーム,読売ジャイアンツ,横浜DeNAベイスターズ,Ｆ．ウィットリー,1,先発,,86,21,5,15,5,0,0,3,3,5.40
20260516_G-DB_08,2026-05-16,土,セ・リーグ公式戦,ホーム,読売ジャイアンツ,横浜DeNAベイスターズ,赤星 優志,2,救援,H,18,4,1,3,1,0,0,0,0,0.00
20260516_G-DB_08,2026-05-16,土,セ・リーグ公式戦,ホーム,読売ジャイアンツ,横浜DeNAベイスターズ,田中 瑛斗,3,救援,H,14,3,0.2,2,1,0,0,0,0,0.00
20260516_G-DB_08,2026-05-16,土,セ・リーグ公式戦,ホーム,読売ジャイアンツ,横浜DeNAベイスターズ,高梨 雄平,4,救援,勝,11,2,0.1,1,1,0,0,0,0,0.00
20260516_G-DB_08,2026-05-16,土,セ・リーグ公式戦,ホーム,読売ジャイアンツ,横浜DeNAベイスターズ,大勢,5,救援,H,11,3,1,3,1,0,0,0,0,0.00
20260516_G-DB_08,2026-05-16,土,セ・リーグ公式戦,ホーム,読売ジャイアンツ,横浜DeNAベイスターズ,Ｒ．マルティネス,6,救援,S,10,3,1,3,2,0,0,0,0,0.00
20260516_E-H_11,2026-05-16,土,パ・リーグ公式戦,ビジター,福岡ソフトバンクホークス,東北楽天ゴールデンイーグルス,Ｃ．スチュワート・ジュニア,1,先発,敗,94,20,4.1,13,1,1,0,3,3,6.23
20260516_E-H_11,2026-05-16,土,パ・リーグ公式戦,ビジター,福岡ソフトバンクホークス,東北楽天ゴールデンイーグルス,上茶谷 大河,2,救援,,22,7,1.2,5,1,0,0,0,0,0.00
20260516_E-H_11,2026-05-16,土,パ・リーグ公式戦,ビジター,福岡ソフトバンクホークス,東北楽天ゴールデンイーグルス,Ｄ．ヘルナンデス,3,救援,,31,7,1,3,2,0,0,1,1,9.00
20260516_E-H_11,2026-05-16,土,パ・リーグ公式戦,ビジター,福岡ソフトバンクホークス,東北楽天ゴールデンイーグルス,大江 竜聖,4,救援,,15,4,1,3,2,0,0,0,0,0.00
20260516_F-L_08,2026-05-16,土,パ・リーグ公式戦,ホーム,北海道日本ハムファイターズ,埼玉西武ライオンズ,加藤 貴之,1,先発,,62,19,5,15,2,0,0,4,4,7.20
20260516_F-L_08,2026-05-16,土,パ・リーグ公式戦,ホーム,北海道日本ハムファイターズ,埼玉西武ライオンズ,島本 浩也,2,救援,H,13,3,1,3,0,0,0,0,0,0.00
20260516_F-L_08,2026-05-16,土,パ・リーグ公式戦,ホーム,北海道日本ハムファイターズ,埼玉西武ライオンズ,上原 健太,3,救援,H,15,3,1,3,1,1,0,0,0,0.00
20260516_F-L_08,2026-05-16,土,パ・リーグ公式戦,ホーム,北海道日本ハムファイターズ,埼玉西武ライオンズ,田中 正義,4,救援,勝,20,4,1,3,0,0,0,0,0,0.00
20260516_F-L_08,2026-05-16,土,パ・リーグ公式戦,ホーム,北海道日本ハムファイターズ,埼玉西武ライオンズ,柳川 大晟,5,救援,S,22,4,1,3,2,0,0,0,0,0.00
20260515_M-B_09,2026-05-15,金,パ・リーグ公式戦,ビジター,オリックス・バファローズ,千葉ロッテマリーンズ,髙島 泰都,1,先発,,83,22,5,15,5,0,0,3,3,5.40
20260515_M-B_09,2026-05-15,金,パ・リーグ公式戦,ビジター,オリックス・バファローズ,千葉ロッテマリーンズ,寺西 成騎,2,救援,H,9,3,1,3,1,0,0,0,0,0.00
20260515_M-B_09,2026-05-15,金,パ・リーグ公式戦,ビジター,オリックス・バファローズ,千葉ロッテマリーンズ,山﨑 颯一郎,3,救援,敗,18,6,1,3,2,0,0,3,3,27.00
20260515_M-B_09,2026-05-15,金,パ・リーグ公式戦,ビジター,オリックス・バファローズ,千葉ロッテマリーンズ,権田 琉成,4,救援,,15,3,1,3,0,0,0,0,0,0.00
20260515_G-DB_07,2026-05-15,金,セ・リーグ公式戦,ビジター,横浜DeNAベイスターズ,読売ジャイアンツ,平良 拳太郎,1,先発,敗,84,19,5,15,4,1,0,2,2,3.60
20260515_G-DB_07,2026-05-15,金,セ・リーグ公式戦,ビジター,横浜DeNAベイスターズ,読売ジャイアンツ,岩田 将貴,2,救援,,30,8,2,6,0,0,0,0,0,0.00
20260515_G-DB_07,2026-05-15,金,セ・リーグ公式戦,ビジター,横浜DeNAベイスターズ,読売ジャイアンツ,吉野 光樹,3,救援,,13,4,1,3,1,0,0,0,0,0.00
20260515_T-C_06,2026-05-15,金,セ・リーグ公式戦,ビジター,広島東洋カープ,阪神タイガース,栗林 良吏,1,先発,勝,120,30,9,27,9,0,0,0,0,0.00
20260515_T-C_06,2026-05-15,金,セ・リーグ公式戦,ホーム,阪神タイガース,広島東洋カープ,大竹 耕太郎,1,先発,敗,76,22,6,18,3,0,0,2,1,1.50
20260515_T-C_06,2026-05-15,金,セ・リーグ公式戦,ホーム,阪神タイガース,広島東洋カープ,石黒 佑弥,2,救援,,16,5,1,3,2,0,0,0,0,0.00
20260515_T-C_06,2026-05-15,金,セ・リーグ公式戦,ホーム,阪神タイガース,広島東洋カープ,及川 雅貴,3,救援,,16,4,1,3,1,0,0,0,0,0.00
20260515_T-C_06,2026-05-15,金,セ・リーグ公式戦,ホーム,阪神タイガース,広島東洋カープ,椎葉 剛,4,救援,,11,5,1,3,0,0,0,0,0,0.00
20260515_F-L_07,2026-05-15,金,パ・リーグ公式戦,ビジター,埼玉西武ライオンズ,北海道日本ハムファイターズ,平良 海馬,1,先発,勝,103,26,7,21,6,0,0,0,0,0.00
20260515_F-L_07,2026-05-15,金,パ・リーグ公式戦,ビジター,埼玉西武ライオンズ,北海道日本ハムファイターズ,篠原 響,2,救援,H,13,3,1,3,2,0,0,0,0,0.00
20260515_F-L_07,2026-05-15,金,パ・リーグ公式戦,ビジター,埼玉西武ライオンズ,北海道日本ハムファイターズ,岩城 颯空,3,救援,S,12,3,1,3,0,0,0,0,0,0.00
20260515_M-B_09,2026-05-15,金,パ・リーグ公式戦,ホーム,千葉ロッテマリーンズ,オリックス・バファローズ,Ｓ．ロング,1,先発,,80,19,5+,15,2,0,0,2,2,3.60
20260515_M-B_09,2026-05-15,金,パ・リーグ公式戦,ホーム,千葉ロッテマリーンズ,オリックス・バファローズ,八木 彬,2,救援,,18,5,1,3,0,0,0,1,1,9.00
20260515_M-B_09,2026-05-15,金,パ・リーグ公式戦,ホーム,千葉ロッテマリーンズ,オリックス・バファローズ,中森 俊介,3,救援,勝,14,4,1,3,1,0,0,0,0,0.00
20260515_M-B_09,2026-05-15,金,パ・リーグ公式戦,ホーム,千葉ロッテマリーンズ,オリックス・バファローズ,鈴木 昭汰,4,救援,H,14,4,1,3,1,0,0,0,0,0.00
20260515_M-B_09,2026-05-15,金,パ・リーグ公式戦,ホーム,千葉ロッテマリーンズ,オリックス・バファローズ,横山 陸人,5,救援,S,20,3,1,3,0,0,0,0,0,0.00
20260515_D-S_07,2026-05-15,金,セ・リーグ公式戦,ホーム,中日ドラゴンズ,東京ヤクルトスワローズ,柳 裕也,1,先発,,105,25,6,18,4,0,0,3,2,3.00
20260515_D-S_07,2026-05-15,金,セ・リーグ公式戦,ホーム,中日ドラゴンズ,東京ヤクルトスワローズ,吉田 聖弥,2,救援,,19,5,1,3,1,0,0,0,0,0.00
20260515_D-S_07,2026-05-15,金,セ・リーグ公式戦,ホーム,中日ドラゴンズ,東京ヤクルトスワローズ,杉浦 稔大,3,救援,敗,25,6,0.2,2,0,0,0,3,3,40.50
20260515_D-S_07,2026-05-15,金,セ・リーグ公式戦,ホーム,中日ドラゴンズ,東京ヤクルトスワローズ,齋藤 綱記,4,救援,,3,1,0.1,1,1,0,0,0,0,0.00
20260515_D-S_07,2026-05-15,金,セ・リーグ公式戦,ホーム,中日ドラゴンズ,東京ヤクルトスワローズ,清水 達也,5,救援,,25,7,0.2,2,1,0,0,2,2,27.00
20260515_D-S_07,2026-05-15,金,セ・リーグ公式戦,ホーム,中日ドラゴンズ,東京ヤクルトスワローズ,福 敬登,6,救援,,7,1,0.1,1,1,0,0,0,0,0.00
20260515_D-S_07,2026-05-15,金,セ・リーグ公式戦,ビジター,東京ヤクルトスワローズ,中日ドラゴンズ,高梨 裕稔,1,先発,,99,28,6,18,7,0,0,1,1,1.50
20260515_D-S_07,2026-05-15,金,セ・リーグ公式戦,ビジター,東京ヤクルトスワローズ,中日ドラゴンズ,荘司 宏太,2,救援,勝,24,7,1,3,0,0,0,4,4,36.00
20260515_D-S_07,2026-05-15,金,セ・リーグ公式戦,ビジター,東京ヤクルトスワローズ,中日ドラゴンズ,星 知弥,3,救援,H,8,3,1,3,1,0,0,0,0,0.00
20260515_D-S_07,2026-05-15,金,セ・リーグ公式戦,ビジター,東京ヤクルトスワローズ,中日ドラゴンズ,Ｊ．キハダ,4,救援,S,21,5,1,3,3,0,0,0,0,0.00
20260515_E-H_10,2026-05-15,金,パ・リーグ公式戦,ホーム,東北楽天ゴールデンイーグルス,福岡ソフトバンクホークス,早川 隆久,1,先発,勝,108,30,8,24,6,0,0,2,2,2.25
20260515_E-H_10,2026-05-15,金,パ・リーグ公式戦,ホーム,東北楽天ゴールデンイーグルス,福岡ソフトバンクホークス,西垣 雅矢,2,救援,,10,1,0+,0,0,0,0,1,1,
20260515_E-H_10,2026-05-15,金,パ・リーグ公式戦,ホーム,東北楽天ゴールデンイーグルス,福岡ソフトバンクホークス,藤平 尚真,3,救援,S,13,4,1,3,2,0,0,0,0,0.00
20260515_G-DB_07,2026-05-15,金,セ・リーグ公式戦,ホーム,読売ジャイアンツ,横浜DeNAベイスターズ,井上 温大,1,先発,勝,109,27,8,24,9,0,0,0,0,0.00
20260515_G-DB_07,2026-05-15,金,セ・リーグ公式戦,ホーム,読売ジャイアンツ,横浜DeNAベイスターズ,Ｒ．マルティネス,2,救援,S,30,4,1,3,1,0,0,0,0,0.00
20260515_E-H_10,2026-05-15,金,パ・リーグ公式戦,ビジター,福岡ソフトバンクホークス,東北楽天ゴールデンイーグルス,上沢 直之,1,先発,敗,72,18,3,9,1,0,0,4,0,0.00
20260515_E-H_10,2026-05-15,金,パ・リーグ公式戦,ビジター,福岡ソフトバンクホークス,東北楽天ゴールデンイーグルス,鈴木 豪太,2,救援,,47,13,3,9,2,0,0,2,1,3.00
20260515_E-H_10,2026-05-15,金,パ・リーグ公式戦,ビジター,福岡ソフトバンクホークス,東北楽天ゴールデンイーグルス,津森 宥紀,3,救援,,17,4,1,3,1,0,0,0,0,0.00
20260515_E-H_10,2026-05-15,金,パ・リーグ公式戦,ビジター,福岡ソフトバンクホークス,東北楽天ゴールデンイーグルス,大江 竜聖,4,救援,,8,4,1,3,0,0,0,0,0,0.00
20260515_F-L_07,2026-05-15,金,パ・リーグ公式戦,ホーム,北海道日本ハムファイターズ,埼玉西武ライオンズ,達 孝太,1,先発,敗,98,28,7,21,6,0,0,3,3,3.86
20260515_F-L_07,2026-05-15,金,パ・リーグ公式戦,ホーム,北海道日本ハムファイターズ,埼玉西武ライオンズ,堀 瑞輝,2,救援,,21,5,1,3,2,0,0,0,0,0.00
20260515_F-L_07,2026-05-15,金,パ・リーグ公式戦,ホーム,北海道日本ハムファイターズ,埼玉西武ライオンズ,玉井 大翔,3,救援,,19,4,1,3,0,0,0,0,0,0.00
20260514_E-B_07,2026-05-14,木,パ・リーグ公式戦,ビジター,オリックス・バファローズ,東北楽天ゴールデンイーグルス,Ｓ．ジェリー,1,先発,敗,60,16,3,9,1,0,0,3,3,9.00
20260514_E-B_07,2026-05-14,木,パ・リーグ公式戦,ビジター,オリックス・バファローズ,東北楽天ゴールデンイーグルス,川瀬 堅斗,2,救援,,24,9,2,6,1,1,0,0,0,0.00
20260514_E-B_07,2026-05-14,木,パ・リーグ公式戦,ビジター,オリックス・バファローズ,東北楽天ゴールデンイーグルス,入山 海斗,3,救援,,16,3,1,3,1,0,0,0,0,0.00
20260514_E-B_07,2026-05-14,木,パ・リーグ公式戦,ビジター,オリックス・バファローズ,東北楽天ゴールデンイーグルス,片山 楽生,4,救援,,23,6,2,6,2,0,0,0,0,0.00
20260514_DB-D_08,2026-05-14,木,セ・リーグ公式戦,ホーム,横浜DeNAベイスターズ,中日ドラゴンズ,入江 大生,1,先発,,81,22,6,18,9,0,0,0,0,0.00
20260514_DB-D_08,2026-05-14,木,セ・リーグ公式戦,ホーム,横浜DeNAベイスターズ,中日ドラゴンズ,Ｊ．ルイーズ,2,救援,H,13,3,0.2,2,0,0,0,0,0,0.00
20260514_DB-D_08,2026-05-14,木,セ・リーグ公式戦,ホーム,横浜DeNAベイスターズ,中日ドラゴンズ,坂本 裕哉,3,救援,H,3,1,0.1,1,0,0,0,0,0,0.00
20260514_DB-D_08,2026-05-14,木,セ・リーグ公式戦,ホーム,横浜DeNAベイスターズ,中日ドラゴンズ,中川 虎大,4,救援,H,20,4,1,3,1,0,0,0,0,0.00
20260514_DB-D_08,2026-05-14,木,セ・リーグ公式戦,ホーム,横浜DeNAベイスターズ,中日ドラゴンズ,Ｓ．レイノルズ,5,救援,H,14,3,1,3,2,0,0,0,0,0.00
20260514_DB-D_08,2026-05-14,木,セ・リーグ公式戦,ホーム,横浜DeNAベイスターズ,中日ドラゴンズ,山﨑 康晃,6,救援,H,20,4,1,3,1,0,0,0,0,0.00
20260514_DB-D_08,2026-05-14,木,セ・リーグ公式戦,ホーム,横浜DeNAベイスターズ,中日ドラゴンズ,若松 尚輝,7,救援,H,16,4,1,3,0,0,0,0,0,0.00
20260514_DB-D_08,2026-05-14,木,セ・リーグ公式戦,ホーム,横浜DeNAベイスターズ,中日ドラゴンズ,宮城 滝太,8,救援,,12,3,1,3,3,0,0,0,0,0.00
20260514_M-F_09,2026-05-14,木,パ・リーグ公式戦,ホーム,千葉ロッテマリーンズ,北海道日本ハムファイターズ,西野 勇士,1,先発,勝,78,29,8+,24,3,0,0,2,1,1.13
20260514_M-F_09,2026-05-14,木,パ・リーグ公式戦,ホーム,千葉ロッテマリーンズ,北海道日本ハムファイターズ,横山 陸人,2,救援,S,21,6,1,3,1,0,0,1,1,9.00
20260514_DB-D_08,2026-05-14,木,セ・リーグ公式戦,ビジター,中日ドラゴンズ,横浜DeNAベイスターズ,Ｋ．マラー,1,先発,,87,25,7,21,4,0,0,0,0,0.00
20260514_DB-D_08,2026-05-14,木,セ・リーグ公式戦,ビジター,中日ドラゴンズ,横浜DeNAベイスターズ,杉浦 稔大,2,救援,H,10,3,1,3,2,0,0,0,0,0.00
20260514_DB-D_08,2026-05-14,木,セ・リーグ公式戦,ビジター,中日ドラゴンズ,横浜DeNAベイスターズ,齋藤 綱記,3,救援,H,16,4,1,3,2,0,0,0,0,0.00
20260514_DB-D_08,2026-05-14,木,セ・リーグ公式戦,ビジター,中日ドラゴンズ,横浜DeNAベイスターズ,藤嶋 健人,4,救援,H,16,4,1,3,0,0,0,0,0,0.00
20260514_DB-D_08,2026-05-14,木,セ・リーグ公式戦,ビジター,中日ドラゴンズ,横浜DeNAベイスターズ,牧野 憲伸,5,救援,H,9,3,1,3,1,0,0,0,0,0.00
20260514_DB-D_08,2026-05-14,木,セ・リーグ公式戦,ビジター,中日ドラゴンズ,横浜DeNAベイスターズ,松山 晋也,6,救援,,8,3,1,3,1,0,0,0,0,0.00
20260514_E-B_07,2026-05-14,木,パ・リーグ公式戦,ホーム,東北楽天ゴールデンイーグルス,オリックス・バファローズ,Ｊ．ウレーニャ,1,先発,勝,114,27,6.2,20,6,0,0,0,0,0.00
20260514_E-B_07,2026-05-14,木,パ・リーグ公式戦,ホーム,東北楽天ゴールデンイーグルス,オリックス・バファローズ,鈴木 翔天,2,救援,H,2,1,0.1,1,0,0,0,0,0,0.00
20260514_E-B_07,2026-05-14,木,パ・リーグ公式戦,ホーム,東北楽天ゴールデンイーグルス,オリックス・バファローズ,加治屋 蓮,3,救援,H,19,4,1,3,0,0,0,0,0,0.00
20260514_E-B_07,2026-05-14,木,パ・リーグ公式戦,ホーム,東北楽天ゴールデンイーグルス,オリックス・バファローズ,藤平 尚真,4,救援,S,7,3,1,3,1,0,0,0,0,0.00
20260514_M-F_09,2026-05-14,木,パ・リーグ公式戦,ビジター,北海道日本ハムファイターズ,千葉ロッテマリーンズ,細野 晴希,1,先発,敗,82,23,5.2,17,7,0,0,4,4,6.35
20260514_M-F_09,2026-05-14,木,パ・リーグ公式戦,ビジター,北海道日本ハムファイターズ,千葉ロッテマリーンズ,山本 拓実,2,救援,,6,1,0.1,1,1,0,0,0,0,0.00
20260514_M-F_09,2026-05-14,木,パ・リーグ公式戦,ビジター,北海道日本ハムファイターズ,千葉ロッテマリーンズ,齋藤 友貴哉,3,救援,,16,6,1,3,1,0,0,1,1,9.00
20260514_M-F_09,2026-05-14,木,パ・リーグ公式戦,ビジター,北海道日本ハムファイターズ,千葉ロッテマリーンズ,堀 瑞輝,4,救援,,14,3,1,3,0,0,0,0,0,0.00
20260513_DB-D_07,2026-05-13,水,セ・リーグ公式戦,ホーム,横浜DeNAベイスターズ,中日ドラゴンズ,島田 舜也,1,先発,勝,68,21,6,18,9,0,0,0,0,0.00
20260513_DB-D_07,2026-05-13,水,セ・リーグ公式戦,ホーム,横浜DeNAベイスターズ,中日ドラゴンズ,坂本 裕哉,2,救援,,11,3,1,3,1,0,0,0,0,0.00
20260513_DB-D_07,2026-05-13,水,セ・リーグ公式戦,ホーム,横浜DeNAベイスターズ,中日ドラゴンズ,吉野 光樹,3,救援,,12,3,1,3,2,0,0,0,0,0.00
20260513_DB-D_07,2026-05-13,水,セ・リーグ公式戦,ホーム,横浜DeNAベイスターズ,中日ドラゴンズ,若松 尚輝,4,救援,,16,4,1,3,2,0,0,0,0,0.00
20260513_G-C_07,2026-05-13,水,セ・リーグ公式戦,ビジター,広島東洋カープ,読売ジャイアンツ,玉村 昇悟,1,先発,,79,23,6,18,4,0,0,1,1,1.50
20260513_G-C_07,2026-05-13,水,セ・リーグ公式戦,ビジター,広島東洋カープ,読売ジャイアンツ,森浦 大輔,2,救援,,16,4,1,3,2,0,0,0,0,0.00
20260513_G-C_07,2026-05-13,水,セ・リーグ公式戦,ビジター,広島東洋カープ,読売ジャイアンツ,Ｔ．ハーン,3,救援,H,19,4,1,3,2,0,0,0,0,0.00
20260513_G-C_07,2026-05-13,水,セ・リーグ公式戦,ビジター,広島東洋カープ,読売ジャイアンツ,中﨑 翔太,4,救援,H,17,4,1,3,1,0,0,0,0,0.00
20260513_G-C_07,2026-05-13,水,セ・リーグ公式戦,ビジター,広島東洋カープ,読売ジャイアンツ,髙 太一,5,救援,H,30,6,1,3,1,0,0,0,0,0.00
20260513_G-C_07,2026-05-13,水,セ・リーグ公式戦,ビジター,広島東洋カープ,読売ジャイアンツ,遠藤 淳志,6,救援,敗,34,9,1.1,4,3,0,0,3,3,20.25
20260513_S-T_08,2026-05-13,水,セ・リーグ公式戦,ビジター,阪神タイガース,東京ヤクルトスワローズ,髙橋 遥人,1,先発,,97,20,6,18,11,1,0,1,1,1.50
20260513_S-T_08,2026-05-13,水,セ・リーグ公式戦,ビジター,阪神タイガース,東京ヤクルトスワローズ,湯浅 京己,2,救援,H,11,3,1,3,0,0,0,0,0,0.00
20260513_S-T_08,2026-05-13,水,セ・リーグ公式戦,ビジター,阪神タイガース,東京ヤクルトスワローズ,桐敷 拓馬,3,救援,敗,19,5,0.1,1,1,0,0,3,3,81.00
20260513_S-T_08,2026-05-13,水,セ・リーグ公式戦,ビジター,阪神タイガース,東京ヤクルトスワローズ,Ｄ．モレッタ,4,救援,,13,3,0.2,2,0,0,0,0,0,0.00
20260513_H-L_11,2026-05-13,水,パ・リーグ公式戦,ビジター,埼玉西武ライオンズ,福岡ソフトバンクホークス,髙橋 光成,1,先発,勝,129,32,9,27,4,0,0,1,1,1.00
20260513_M-F_08,2026-05-13,水,パ・リーグ公式戦,ホーム,千葉ロッテマリーンズ,北海道日本ハムファイターズ,小島 和哉,1,先発,敗,116,30,7,21,5,0,0,4,3,3.86
20260513_M-F_08,2026-05-13,水,パ・リーグ公式戦,ホーム,千葉ロッテマリーンズ,北海道日本ハムファイターズ,小野 郁,2,救援,,12,3,1,3,1,0,0,0,0,0.00
20260513_M-F_08,2026-05-13,水,パ・リーグ公式戦,ホーム,千葉ロッテマリーンズ,北海道日本ハムファイターズ,澤田 圭佑,3,救援,,11,5,1,3,0,0,0,2,2,18.00
20260513_DB-D_07,2026-05-13,水,セ・リーグ公式戦,ビジター,中日ドラゴンズ,横浜DeNAベイスターズ,中西 聖輝,1,先発,敗,81,22,5,15,6,1,0,5,5,9.00
20260513_DB-D_07,2026-05-13,水,セ・リーグ公式戦,ビジター,中日ドラゴンズ,横浜DeNAベイスターズ,吉田 聖弥,2,救援,,14,4,1,3,2,0,0,0,0,0.00
20260513_DB-D_07,2026-05-13,水,セ・リーグ公式戦,ビジター,中日ドラゴンズ,横浜DeNAベイスターズ,伊藤 茉央,3,救援,,19,5,1,3,1,0,0,0,0,0.00
20260513_DB-D_07,2026-05-13,水,セ・リーグ公式戦,ビジター,中日ドラゴンズ,横浜DeNAベイスターズ,牧野 憲伸,4,救援,,13,3,1,3,2,0,0,0,0,0.00
20260513_S-T_08,2026-05-13,水,セ・リーグ公式戦,ホーム,東京ヤクルトスワローズ,阪神タイガース,山野 太一,1,先発,,105,24,6,18,4,0,0,2,2,3.00
20260513_S-T_08,2026-05-13,水,セ・リーグ公式戦,ホーム,東京ヤクルトスワローズ,阪神タイガース,清水 昇,2,救援,,22,5,1,3,1,0,0,0,0,0.00
20260513_S-T_08,2026-05-13,水,セ・リーグ公式戦,ホーム,東京ヤクルトスワローズ,阪神タイガース,荘司 宏太,3,救援,勝,18,4,1,3,3,0,0,0,0,0.00
20260513_S-T_08,2026-05-13,水,セ・リーグ公式戦,ホーム,東京ヤクルトスワローズ,阪神タイガース,Ｊ．キハダ,4,救援,S,26,5,1,3,0,0,0,0,0,0.00
20260513_G-C_07,2026-05-13,水,セ・リーグ公式戦,ホーム,読売ジャイアンツ,広島東洋カープ,則本 昂大,1,先発,,99,26,7,21,7,0,0,0,0,0.00
20260513_G-C_07,2026-05-13,水,セ・リーグ公式戦,ホーム,読売ジャイアンツ,広島東洋カープ,大勢,2,救援,,15,4,1,3,2,0,0,1,1,9.00
20260513_G-C_07,2026-05-13,水,セ・リーグ公式戦,ホーム,読売ジャイアンツ,広島東洋カープ,Ｒ．マルティネス,3,救援,H,12,3,1,3,2,0,0,0,0,0.00
20260513_G-C_07,2026-05-13,水,セ・リーグ公式戦,ホーム,読売ジャイアンツ,広島東洋カープ,田中 瑛斗,4,救援,H,16,5,1,3,0,0,0,0,0,0.00
20260513_G-C_07,2026-05-13,水,セ・リーグ公式戦,ホーム,読売ジャイアンツ,広島東洋カープ,高梨 雄平,5,救援,H,17,4,0.2,2,1,0,0,0,0,0.00
20260513_G-C_07,2026-05-13,水,セ・リーグ公式戦,ホーム,読売ジャイアンツ,広島東洋カープ,船迫 大雅,6,救援,H,5,1,0.1,1,1,0,0,0,0,0.00
20260513_G-C_07,2026-05-13,水,セ・リーグ公式戦,ホーム,読売ジャイアンツ,広島東洋カープ,田和 廉,7,救援,,17,4,0.2,2,0,0,0,1,1,13.50
20260513_G-C_07,2026-05-13,水,セ・リーグ公式戦,ホーム,読売ジャイアンツ,広島東洋カープ,宮原 駿介,8,救援,勝,4,2,0.1,1,0,0,0,0,0,0.00
20260513_H-L_11,2026-05-13,水,パ・リーグ公式戦,ホーム,福岡ソフトバンクホークス,埼玉西武ライオンズ,藤原 大翔,1,先発,敗,67,17,4,12,2,1,0,2,2,4.50
20260513_H-L_11,2026-05-13,水,パ・リーグ公式戦,ホーム,福岡ソフトバンクホークス,埼玉西武ライオンズ,木村 光,2,救援,,18,4,1,3,0,0,0,0,0,0.00
20260513_H-L_11,2026-05-13,水,パ・リーグ公式戦,ホーム,福岡ソフトバンクホークス,埼玉西武ライオンズ,Ｄ．ヘルナンデス,3,救援,,17,3,1,3,2,0,0,0,0,0.00
20260513_H-L_11,2026-05-13,水,パ・リーグ公式戦,ホーム,福岡ソフトバンクホークス,埼玉西武ライオンズ,Ｒ．オスナ,4,救援,,17,4,1,3,3,0,0,0,0,0.00
20260513_H-L_11,2026-05-13,水,パ・リーグ公式戦,ホーム,福岡ソフトバンクホークス,埼玉西武ライオンズ,松本 裕樹,5,救援,,6,3,1,3,0,0,0,0,0,0.00
20260513_H-L_11,2026-05-13,水,パ・リーグ公式戦,ホーム,福岡ソフトバンクホークス,埼玉西武ライオンズ,杉山 一樹,6,救援,,14,3,1,3,3,0,0,0,0,0.00
20260513_M-F_08,2026-05-13,水,パ・リーグ公式戦,ビジター,北海道日本ハムファイターズ,千葉ロッテマリーンズ,福島 蓮,1,先発,勝,94,26,6.2,20,3,0,0,2,2,2.70
20260513_M-F_08,2026-05-13,水,パ・リーグ公式戦,ビジター,北海道日本ハムファイターズ,千葉ロッテマリーンズ,島本 浩也,2,救援,H,3,1,0.1,1,0,0,0,0,0,0.00
20260513_M-F_08,2026-05-13,水,パ・リーグ公式戦,ビジター,北海道日本ハムファイターズ,千葉ロッテマリーンズ,上原 健太,3,救援,H,12,3,1,3,2,0,0,0,0,0.00
20260513_M-F_08,2026-05-13,水,パ・リーグ公式戦,ビジター,北海道日本ハムファイターズ,千葉ロッテマリーンズ,生田目 翼,4,救援,,13,3,1,3,0,0,0,0,0,0.00
20260512_E-B_06,2026-05-12,火,パ・リーグ公式戦,ビジター,オリックス・バファローズ,東北楽天ゴールデンイーグルス,九里 亜蓮,1,先発,勝,121,29,6.2,20,7,1,0,0,0,0.00
20260512_E-B_06,2026-05-12,火,パ・リーグ公式戦,ビジター,オリックス・バファローズ,東北楽天ゴールデンイーグルス,吉田 輝星,2,救援,H,5,1,0.1,1,0,0,0,0,0,0.00
20260512_E-B_06,2026-05-12,火,パ・リーグ公式戦,ビジター,オリックス・バファローズ,東北楽天ゴールデンイーグルス,椋木 蓮,3,救援,H,16,3,1,3,0,0,0,0,0,0.00
20260512_E-B_06,2026-05-12,火,パ・リーグ公式戦,ビジター,オリックス・バファローズ,東北楽天ゴールデンイーグルス,Ａ．マチャド,4,救援,S,9,3,1,3,2,0,0,0,0,0.00
20260512_DB-D_06,2026-05-12,火,セ・リーグ公式戦,ホーム,横浜DeNAベイスターズ,中日ドラゴンズ,東 克樹,1,先発,勝,81,20,6,18,5,0,0,0,0,0.00
20260512_DB-D_06,2026-05-12,火,セ・リーグ公式戦,ホーム,横浜DeNAベイスターズ,中日ドラゴンズ,Ｓ．レイノルズ,2,救援,H,13,3,1,3,2,0,0,0,0,0.00
20260512_DB-D_06,2026-05-12,火,セ・リーグ公式戦,ホーム,横浜DeNAベイスターズ,中日ドラゴンズ,中川 虎大,3,救援,H,14,3,1,3,1,0,0,0,0,0.00
20260512_DB-D_06,2026-05-12,火,セ・リーグ公式戦,ホーム,横浜DeNAベイスターズ,中日ドラゴンズ,山﨑 康晃,4,救援,S,32,7,1,3,2,0,0,1,1,9.00
20260512_G-C_06,2026-05-12,火,セ・リーグ公式戦,ビジター,広島東洋カープ,読売ジャイアンツ,床田 寛樹,1,先発,,104,27,6.2,20,3,0,0,3,3,4.05
20260512_G-C_06,2026-05-12,火,セ・リーグ公式戦,ビジター,広島東洋カープ,読売ジャイアンツ,髙 太一,2,救援,,8,2,0.1,1,0,0,0,0,0,0.00
20260512_G-C_06,2026-05-12,火,セ・リーグ公式戦,ビジター,広島東洋カープ,読売ジャイアンツ,Ｔ．ハーン,3,救援,H,19,4,1,3,1,0,0,0,0,0.00
20260512_G-C_06,2026-05-12,火,セ・リーグ公式戦,ビジター,広島東洋カープ,読売ジャイアンツ,中﨑 翔太,4,救援,敗,5,2,0+,0,0,0,0,2,2,
20260512_S-T_07,2026-05-12,火,セ・リーグ公式戦,ビジター,阪神タイガース,東京ヤクルトスワローズ,西 勇輝,1,先発,勝,74,22,6,18,5,0,0,0,0,0.00
20260512_S-T_07,2026-05-12,火,セ・リーグ公式戦,ビジター,阪神タイガース,東京ヤクルトスワローズ,桐敷 拓馬,2,救援,,17,4,1,3,1,0,0,0,0,0.00
20260512_S-T_07,2026-05-12,火,セ・リーグ公式戦,ビジター,阪神タイガース,東京ヤクルトスワローズ,工藤 泰成,3,救援,,21,5,1,3,0,0,0,0,0,0.00
20260512_S-T_07,2026-05-12,火,セ・リーグ公式戦,ビジター,阪神タイガース,東京ヤクルトスワローズ,湯浅 京己,4,救援,,9,3,1,3,0,0,0,0,0,0.00
20260512_H-L_10,2026-05-12,火,パ・リーグ公式戦,ビジター,埼玉西武ライオンズ,福岡ソフトバンクホークス,渡邉 勇太朗,1,先発,勝,109,27,6.2,20,4,0,0,0,0,0.00
20260512_H-L_10,2026-05-12,火,パ・リーグ公式戦,ビジター,埼玉西武ライオンズ,福岡ソフトバンクホークス,佐藤 隼輔,2,救援,H,1,1,0.1,1,0,0,0,0,0,0.00
20260512_H-L_10,2026-05-12,火,パ・リーグ公式戦,ビジター,埼玉西武ライオンズ,福岡ソフトバンクホークス,甲斐野 央,3,救援,H,15,4,1,3,2,0,0,0,0,0.00
20260512_H-L_10,2026-05-12,火,パ・リーグ公式戦,ビジター,埼玉西武ライオンズ,福岡ソフトバンクホークス,岩城 颯空,4,救援,S,20,3,1,3,2,0,0,0,0,0.00
20260512_M-F_07,2026-05-12,火,パ・リーグ公式戦,ホーム,千葉ロッテマリーンズ,北海道日本ハムファイターズ,Ａ．ジャクソン,1,先発,敗,113,28,7.2,23,8,1,0,3,3,3.52
20260512_M-F_07,2026-05-12,火,パ・リーグ公式戦,ホーム,千葉ロッテマリーンズ,北海道日本ハムファイターズ,鈴木 昭汰,2,救援,,19,4,0.1,1,0,0,0,0,0,0.00
20260512_M-F_07,2026-05-12,火,パ・リーグ公式戦,ホーム,千葉ロッテマリーンズ,北海道日本ハムファイターズ,中森 俊介,3,救援,,17,4,1,3,1,0,0,0,0,0.00
20260512_DB-D_06,2026-05-12,火,セ・リーグ公式戦,ビジター,中日ドラゴンズ,横浜DeNAベイスターズ,金丸 夢斗,1,先発,敗,106,27,5,15,3,0,0,2,2,3.60
20260512_DB-D_06,2026-05-12,火,セ・リーグ公式戦,ビジター,中日ドラゴンズ,横浜DeNAベイスターズ,吉田 聖弥,2,救援,,18,4,1,3,0,0,0,0,0,0.00
20260512_DB-D_06,2026-05-12,火,セ・リーグ公式戦,ビジター,中日ドラゴンズ,横浜DeNAベイスターズ,Ｈ．メヒア,3,救援,,18,5,1,3,2,0,0,1,1,9.00
20260512_DB-D_06,2026-05-12,火,セ・リーグ公式戦,ビジター,中日ドラゴンズ,横浜DeNAベイスターズ,福 敬登,4,救援,,14,4,1,3,0,1,0,0,0,0.00
20260512_S-T_07,2026-05-12,火,セ・リーグ公式戦,ホーム,東京ヤクルトスワローズ,阪神タイガース,吉村 貢司郎,1,先発,敗,6,3,0.1,1,0,0,0,2,2,54.00
20260512_S-T_07,2026-05-12,火,セ・リーグ公式戦,ホーム,東京ヤクルトスワローズ,阪神タイガース,小澤 怜史,2,救援,,63,13,3.2,11,5,0,0,0,0,0.00
20260512_S-T_07,2026-05-12,火,セ・リーグ公式戦,ホーム,東京ヤクルトスワローズ,阪神タイガース,木澤 尚文,3,救援,,11,3,1,3,0,0,0,0,0,0.00
20260512_S-T_07,2026-05-12,火,セ・リーグ公式戦,ホーム,東京ヤクルトスワローズ,阪神タイガース,丸山 翔大,4,救援,,17,4,1,3,2,0,0,0,0,0.00
20260512_S-T_07,2026-05-12,火,セ・リーグ公式戦,ホーム,東京ヤクルトスワローズ,阪神タイガース,廣澤 優,5,救援,,14,5,1,3,1,0,0,2,2,18.00
20260512_S-T_07,2026-05-12,火,セ・リーグ公式戦,ホーム,東京ヤクルトスワローズ,阪神タイガース,拓也,6,救援,,37,10,1.1,4,2,0,0,6,6,40.50
20260512_S-T_07,2026-05-12,火,セ・リーグ公式戦,ホーム,東京ヤクルトスワローズ,阪神タイガース,Ｊ．オスナ,7,救援,,11,2,0.2,2,0,0,0,0,0,0.00
20260512_E-B_06,2026-05-12,火,パ・リーグ公式戦,ホーム,東北楽天ゴールデンイーグルス,オリックス・バファローズ,荘司 康誠,1,先発,敗,95,22,6,18,9,0,0,2,2,3.00
20260512_E-B_06,2026-05-12,火,パ・リーグ公式戦,ホーム,東北楽天ゴールデンイーグルス,オリックス・バファローズ,西垣 雅矢,2,救援,,14,3,1,3,2,0,0,0,0,0.00
20260512_E-B_06,2026-05-12,火,パ・リーグ公式戦,ホーム,東北楽天ゴールデンイーグルス,オリックス・バファローズ,加治屋 蓮,3,救援,,14,4,1,3,0,0,0,0,0,0.00
20260512_E-B_06,2026-05-12,火,パ・リーグ公式戦,ホーム,東北楽天ゴールデンイーグルス,オリックス・バファローズ,内 星龍,4,救援,,9,3,1,3,1,0,0,0,0,0.00
20260512_G-C_06,2026-05-12,火,セ・リーグ公式戦,ホーム,読売ジャイアンツ,広島東洋カープ,戸郷 翔征,1,先発,,110,23,5,15,6,0,0,3,3,5.40
20260512_G-C_06,2026-05-12,火,セ・リーグ公式戦,ホーム,読売ジャイアンツ,広島東洋カープ,中川 皓太,2,救援,,15,3,1,3,0,0,0,0,0,0.00
20260512_G-C_06,2026-05-12,火,セ・リーグ公式戦,ホーム,読売ジャイアンツ,広島東洋カープ,田和 廉,3,救援,,8,3,1,3,0,0,0,0,0,0.00
20260512_G-C_06,2026-05-12,火,セ・リーグ公式戦,ホーム,読売ジャイアンツ,広島東洋カープ,大勢,4,救援,H,12,3,1,3,1,0,0,0,0,0.00
20260512_G-C_06,2026-05-12,火,セ・リーグ公式戦,ホーム,読売ジャイアンツ,広島東洋カープ,Ｒ．マルティネス,5,救援,勝,13,4,1,3,1,0,0,0,0,0.00
20260512_H-L_10,2026-05-12,火,パ・リーグ公式戦,ホーム,福岡ソフトバンクホークス,埼玉西武ライオンズ,松本 晴,1,先発,敗,106,28,6,18,7,0,0,2,2,3.00
20260512_H-L_10,2026-05-12,火,パ・リーグ公式戦,ホーム,福岡ソフトバンクホークス,埼玉西武ライオンズ,上茶谷 大河,2,救援,,25,6,1,3,2,1,0,1,1,9.00
20260512_H-L_10,2026-05-12,火,パ・リーグ公式戦,ホーム,福岡ソフトバンクホークス,埼玉西武ライオンズ,津森 宥紀,3,救援,,14,3,1,3,2,0,0,0,0,0.00
20260512_H-L_10,2026-05-12,火,パ・リーグ公式戦,ホーム,福岡ソフトバンクホークス,埼玉西武ライオンズ,鈴木 豪太,4,救援,,13,3,1,3,1,0,0,0,0,0.00
20260512_M-F_07,2026-05-12,火,パ・リーグ公式戦,ビジター,北海道日本ハムファイターズ,千葉ロッテマリーンズ,伊藤 大海,1,先発,勝,103,29,7,21,6,0,0,2,1,1.29
20260512_M-F_07,2026-05-12,火,パ・リーグ公式戦,ビジター,北海道日本ハムファイターズ,千葉ロッテマリーンズ,田中 正義,2,救援,H,15,3,1,3,0,0,0,0,0,0.00
20260512_M-F_07,2026-05-12,火,パ・リーグ公式戦,ビジター,北海道日本ハムファイターズ,千葉ロッテマリーンズ,柳川 大晟,3,救援,S,12,3,1,3,2,0,0,0,0,0.00
20260510_B-F_12,2026-05-10,日,パ・リーグ公式戦,ホーム,オリックス・バファローズ,北海道日本ハムファイターズ,Ａ．エスピノーザ,1,先発,敗,97,27,6,18,5,1,0,2,2,3.00
20260510_B-F_12,2026-05-10,日,パ・リーグ公式戦,ホーム,オリックス・バファローズ,北海道日本ハムファイターズ,山﨑 颯一郎,2,救援,,16,4,1,3,0,0,0,0,0,0.00
20260510_B-F_12,2026-05-10,日,パ・リーグ公式戦,ホーム,オリックス・バファローズ,北海道日本ハムファイターズ,入山 海斗,3,救援,,8,3,1,3,0,0,0,0,0,0.00
20260510_B-F_12,2026-05-10,日,パ・リーグ公式戦,ホーム,オリックス・バファローズ,北海道日本ハムファイターズ,博志,4,救援,,14,3,0.1,1,1,0,0,0,0,0.00
20260510_B-F_12,2026-05-10,日,パ・リーグ公式戦,ホーム,オリックス・バファローズ,北海道日本ハムファイターズ,片山 楽生,5,救援,,11,3,0.2,2,0,0,0,0,0,0.00
20260510_T-DB_08,2026-05-10,日,セ・リーグ公式戦,ビジター,横浜DeNAベイスターズ,阪神タイガース,石田 裕太郎,1,先発,敗,96,24,6,18,9,0,0,2,2,3.00
20260510_T-DB_08,2026-05-10,日,セ・リーグ公式戦,ビジター,横浜DeNAベイスターズ,阪神タイガース,宮城 滝太,2,救援,,20,5,1,3,2,0,0,1,1,9.00
20260510_T-DB_08,2026-05-10,日,セ・リーグ公式戦,ビジター,横浜DeNAベイスターズ,阪神タイガース,若松 尚輝,3,救援,,15,3,1,3,0,0,0,0,0,0.00
20260510_C-S_08,2026-05-10,日,セ・リーグ公式戦,ホーム,広島東洋カープ,東京ヤクルトスワローズ,赤木 晴哉,1,先発,,21,7,2,6,1,0,0,0,0,0.00
20260510_C-S_08,2026-05-10,日,セ・リーグ公式戦,ホーム,広島東洋カープ,東京ヤクルトスワローズ,塹江 敦哉,2,救援,勝,21,7,2,6,2,0,0,0,0,0.00
20260510_C-S_08,2026-05-10,日,セ・リーグ公式戦,ホーム,広島東洋カープ,東京ヤクルトスワローズ,遠藤 淳志,3,救援,H,17,4,1,3,1,0,0,0,0,0.00
20260510_C-S_08,2026-05-10,日,セ・リーグ公式戦,ホーム,広島東洋カープ,東京ヤクルトスワローズ,森浦 大輔,4,救援,H,16,3,1,3,0,0,0,0,0,0.00
20260510_C-S_08,2026-05-10,日,セ・リーグ公式戦,ホーム,広島東洋カープ,東京ヤクルトスワローズ,髙 太一,5,救援,H,7,3,1,3,0,0,0,0,0,0.00
20260510_C-S_08,2026-05-10,日,セ・リーグ公式戦,ホーム,広島東洋カープ,東京ヤクルトスワローズ,Ｔ．ハーン,6,救援,,10,3,1,3,1,0,0,0,0,0.00
20260510_C-S_08,2026-05-10,日,セ・リーグ公式戦,ホーム,広島東洋カープ,東京ヤクルトスワローズ,中﨑 翔太,7,救援,,17,3,1,3,1,0,0,0,0,0.00
20260510_T-DB_08,2026-05-10,日,セ・リーグ公式戦,ホーム,阪神タイガース,横浜DeNAベイスターズ,才木 浩人,1,先発,勝,112,25,7,21,10,0,0,0,0,0.00
20260510_T-DB_08,2026-05-10,日,セ・リーグ公式戦,ホーム,阪神タイガース,横浜DeNAベイスターズ,岩崎 優,2,救援,H,6,3,1,3,0,0,0,0,0,0.00
20260510_T-DB_08,2026-05-10,日,セ・リーグ公式戦,ホーム,阪神タイガース,横浜DeNAベイスターズ,Ｒ．ドリス,3,救援,S,18,5,1,3,1,0,0,0,0,0.00
20260510_L-E_08,2026-05-10,日,パ・リーグ公式戦,ホーム,埼玉西武ライオンズ,東北楽天ゴールデンイーグルス,菅井 信也,1,先発,勝,90,19,5,15,2,0,0,1,1,1.80
20260510_L-E_08,2026-05-10,日,パ・リーグ公式戦,ホーム,埼玉西武ライオンズ,東北楽天ゴールデンイーグルス,篠原 響,2,救援,,12,4,1,3,2,0,0,0,0,0.00
20260510_L-E_08,2026-05-10,日,パ・リーグ公式戦,ホーム,埼玉西武ライオンズ,東北楽天ゴールデンイーグルス,浜屋 将太,3,救援,,14,3,1,3,0,0,0,0,0,0.00
20260510_L-E_08,2026-05-10,日,パ・リーグ公式戦,ホーム,埼玉西武ライオンズ,東北楽天ゴールデンイーグルス,黒田 将矢,4,救援,,6,4,1,3,0,0,0,0,0,0.00
20260510_L-E_08,2026-05-10,日,パ・リーグ公式戦,ホーム,埼玉西武ライオンズ,東北楽天ゴールデンイーグルス,堀越 啓太,5,救援,,12,4,1,3,1,0,0,0,0,0.00
20260510_H-M_07,2026-05-10,日,パ・リーグ公式戦,ビジター,千葉ロッテマリーンズ,福岡ソフトバンクホークス,毛利 海大,1,先発,敗,90,19,4.1,13,5,0,0,5,5,10.38
20260510_H-M_07,2026-05-10,日,パ・リーグ公式戦,ビジター,千葉ロッテマリーンズ,福岡ソフトバンクホークス,高野 脩汰,2,救援,,24,4,0.2,2,2,0,0,0,0,0.00
20260510_H-M_07,2026-05-10,日,パ・リーグ公式戦,ビジター,千葉ロッテマリーンズ,福岡ソフトバンクホークス,小野 郁,3,救援,,12,4,1,3,1,0,0,0,0,0.00
20260510_H-M_07,2026-05-10,日,パ・リーグ公式戦,ビジター,千葉ロッテマリーンズ,福岡ソフトバンクホークス,益田 直也,4,救援,,17,6,1,3,1,0,0,3,3,27.00
20260510_H-M_07,2026-05-10,日,パ・リーグ公式戦,ビジター,千葉ロッテマリーンズ,福岡ソフトバンクホークス,廣畑 敦也,5,救援,,13,5,1,3,0,0,0,0,0,0.00
20260510_D-G_08,2026-05-10,日,セ・リーグ公式戦,ホーム,中日ドラゴンズ,読売ジャイアンツ,櫻井 頼之介,1,先発,,79,21,5,15,6,0,0,3,3,5.40
20260510_D-G_08,2026-05-10,日,セ・リーグ公式戦,ホーム,中日ドラゴンズ,読売ジャイアンツ,Ｈ．メヒア,2,救援,敗,22,6,1,3,2,0,0,2,2,18.00
20260510_D-G_08,2026-05-10,日,セ・リーグ公式戦,ホーム,中日ドラゴンズ,読売ジャイアンツ,齋藤 綱記,3,救援,,19,5,1,3,2,0,0,0,0,0.00
20260510_D-G_08,2026-05-10,日,セ・リーグ公式戦,ホーム,中日ドラゴンズ,読売ジャイアンツ,藤嶋 健人,4,救援,,25,6,1,3,0,0,0,1,1,9.00
20260510_D-G_08,2026-05-10,日,セ・リーグ公式戦,ホーム,中日ドラゴンズ,読売ジャイアンツ,仲地 礼亜,5,救援,,25,7,1,3,1,1,0,3,3,27.00
20260510_C-S_08,2026-05-10,日,セ・リーグ公式戦,ビジター,東京ヤクルトスワローズ,広島東洋カープ,石原 勇輝,1,先発,敗,56,14,3,9,1,0,0,1,1,3.00
20260510_C-S_08,2026-05-10,日,セ・リーグ公式戦,ビジター,東京ヤクルトスワローズ,広島東洋カープ,拓也,2,救援,,21,5,1,3,0,0,0,1,1,9.00
20260510_C-S_08,2026-05-10,日,セ・リーグ公式戦,ビジター,東京ヤクルトスワローズ,広島東洋カープ,丸山 翔大,3,救援,,13,3,1,3,2,0,0,0,0,0.00
20260510_C-S_08,2026-05-10,日,セ・リーグ公式戦,ビジター,東京ヤクルトスワローズ,広島東洋カープ,廣澤 優,4,救援,,19,4,1,3,0,0,0,0,0,0.00
20260510_C-S_08,2026-05-10,日,セ・リーグ公式戦,ビジター,東京ヤクルトスワローズ,広島東洋カープ,清水 昇,5,救援,,25,7,1,3,2,0,0,2,2,18.00
20260510_C-S_08,2026-05-10,日,セ・リーグ公式戦,ビジター,東京ヤクルトスワローズ,広島東洋カープ,小澤 怜史,6,救援,,30,6,1,3,0,0,0,0,0,0.00
20260510_L-E_08,2026-05-10,日,パ・リーグ公式戦,ビジター,東北楽天ゴールデンイーグルス,埼玉西武ライオンズ,瀧中 瞭太,1,先発,敗,38,11,1.2,5,1,0,0,2,2,10.80
20260510_L-E_08,2026-05-10,日,パ・リーグ公式戦,ビジター,東北楽天ゴールデンイーグルス,埼玉西武ライオンズ,津留﨑 大成,2,救援,,4,1,0.1,1,0,1,0,0,0,0.00
20260510_L-E_08,2026-05-10,日,パ・リーグ公式戦,ビジター,東北楽天ゴールデンイーグルス,埼玉西武ライオンズ,藤井 聖,3,救援,,50,14,3,9,1,0,0,3,3,9.00
20260510_L-E_08,2026-05-10,日,パ・リーグ公式戦,ビジター,東北楽天ゴールデンイーグルス,埼玉西武ライオンズ,田中 千晴,4,救援,,15,5,1,3,0,0,0,1,1,9.00
20260510_L-E_08,2026-05-10,日,パ・リーグ公式戦,ビジター,東北楽天ゴールデンイーグルス,埼玉西武ライオンズ,内 星龍,5,救援,,20,6,2,6,2,0,0,0,0,0.00
20260510_D-G_08,2026-05-10,日,セ・リーグ公式戦,ビジター,読売ジャイアンツ,中日ドラゴンズ,森田 駿哉,1,先発,,80,21,4.1,13,3,0,0,4,4,8.31
20260510_D-G_08,2026-05-10,日,セ・リーグ公式戦,ビジター,読売ジャイアンツ,中日ドラゴンズ,船迫 大雅,2,救援,勝,7,2,0.2,2,0,0,0,0,0,0.00
20260510_D-G_08,2026-05-10,日,セ・リーグ公式戦,ビジター,読売ジャイアンツ,中日ドラゴンズ,田和 廉,3,救援,H,10,3,1,3,1,0,0,0,0,0.00
20260510_D-G_08,2026-05-10,日,セ・リーグ公式戦,ビジター,読売ジャイアンツ,中日ドラゴンズ,田中 瑛斗,4,救援,H,13,3,1,3,1,0,0,0,0,0.00
20260510_D-G_08,2026-05-10,日,セ・リーグ公式戦,ビジター,読売ジャイアンツ,中日ドラゴンズ,大勢,5,救援,H,8,3,1,3,0,0,0,0,0,0.00
20260510_D-G_08,2026-05-10,日,セ・リーグ公式戦,ビジター,読売ジャイアンツ,中日ドラゴンズ,中川 皓太,6,救援,,18,5,1,3,2,0,0,0,0,0.00
20260510_H-M_07,2026-05-10,日,パ・リーグ公式戦,ホーム,福岡ソフトバンクホークス,千葉ロッテマリーンズ,前田 悠伍,1,先発,勝,94,23,5,15,5,0,0,2,2,3.60
20260510_H-M_07,2026-05-10,日,パ・リーグ公式戦,ホーム,福岡ソフトバンクホークス,千葉ロッテマリーンズ,上茶谷 大河,2,救援,H,23,5,1,3,3,0,0,0,0,0.00
20260510_H-M_07,2026-05-10,日,パ・リーグ公式戦,ホーム,福岡ソフトバンクホークス,千葉ロッテマリーンズ,Ｄ．ヘルナンデス,3,救援,H,11,3,1,3,0,0,0,0,0,0.00
20260510_H-M_07,2026-05-10,日,パ・リーグ公式戦,ホーム,福岡ソフトバンクホークス,千葉ロッテマリーンズ,Ｒ．オスナ,4,救援,,8,3,1,3,0,0,0,0,0,0.00
20260510_H-M_07,2026-05-10,日,パ・リーグ公式戦,ホーム,福岡ソフトバンクホークス,千葉ロッテマリーンズ,津森 宥紀,5,救援,,15,4,1,3,1,0,0,1,1,9.00
20260510_B-F_12,2026-05-10,日,パ・リーグ公式戦,ビジター,北海道日本ハムファイターズ,オリックス・バファローズ,北山 亘基,1,先発,勝,110,32,8,24,7,0,0,0,0,0.00
20260510_B-F_12,2026-05-10,日,パ・リーグ公式戦,ビジター,北海道日本ハムファイターズ,オリックス・バファローズ,柳川 大晟,2,救援,S,15,3,1,3,2,0,0,0,0,0.00
20260509_B-F_11,2026-05-09,土,パ・リーグ公式戦,ホーム,オリックス・バファローズ,北海道日本ハムファイターズ,曽谷 龍平,1,先発,敗,79,25,4.2,14,3,0,0,3,3,5.79
20260509_B-F_11,2026-05-09,土,パ・リーグ公式戦,ホーム,オリックス・バファローズ,北海道日本ハムファイターズ,入山 海斗,2,救援,,7,1,0.1,1,0,0,0,0,0,0.00
20260509_B-F_11,2026-05-09,土,パ・リーグ公式戦,ホーム,オリックス・バファローズ,北海道日本ハムファイターズ,川瀬 堅斗,3,救援,,38,7,2,6,1,0,0,0,0,0.00
20260509_B-F_11,2026-05-09,土,パ・リーグ公式戦,ホーム,オリックス・バファローズ,北海道日本ハムファイターズ,山田 修義,4,救援,,18,4,0.2,2,0,0,0,0,0,0.00
20260509_B-F_11,2026-05-09,土,パ・リーグ公式戦,ホーム,オリックス・バファローズ,北海道日本ハムファイターズ,片山 楽生,5,救援,,18,5,1.1,4,1,0,0,0,0,0.00
20260509_T-DB_07,2026-05-09,土,セ・リーグ公式戦,ビジター,横浜DeNAベイスターズ,阪神タイガース,篠木 健太郎,1,先発,,111,25,6,18,6,0,0,1,1,1.50
20260509_T-DB_07,2026-05-09,土,セ・リーグ公式戦,ビジター,横浜DeNAベイスターズ,阪神タイガース,Ｊ．ルイーズ,2,救援,勝,14,4,1,3,2,0,0,0,0,0.00
20260509_T-DB_07,2026-05-09,土,セ・リーグ公式戦,ビジター,横浜DeNAベイスターズ,阪神タイガース,中川 虎大,3,救援,H,15,3,1,3,2,0,0,0,0,0.00
20260509_T-DB_07,2026-05-09,土,セ・リーグ公式戦,ビジター,横浜DeNAベイスターズ,阪神タイガース,山﨑 康晃,4,救援,S,18,3,1,3,2,0,0,0,0,0.00
20260509_C-S_07,2026-05-09,土,セ・リーグ公式戦,ホーム,広島東洋カープ,東京ヤクルトスワローズ,岡本 駿,1,先発,敗,104,26,6,18,6,0,0,4,4,6.00
20260509_C-S_07,2026-05-09,土,セ・リーグ公式戦,ホーム,広島東洋カープ,東京ヤクルトスワローズ,塹江 敦哉,2,救援,,12,3,1,3,1,0,0,0,0,0.00
20260509_C-S_07,2026-05-09,土,セ・リーグ公式戦,ホーム,広島東洋カープ,東京ヤクルトスワローズ,益田 武尚,3,救援,,15,4,1,3,0,0,0,0,0,0.00
20260509_C-S_07,2026-05-09,土,セ・リーグ公式戦,ホーム,広島東洋カープ,東京ヤクルトスワローズ,常廣 羽也斗,4,救援,,29,6,1,3,1,0,0,0,0,0.00
20260509_T-DB_07,2026-05-09,土,セ・リーグ公式戦,ホーム,阪神タイガース,横浜DeNAベイスターズ,大竹 耕太郎,1,先発,敗,93,32,8,24,3,0,0,3,3,3.38
20260509_T-DB_07,2026-05-09,土,セ・リーグ公式戦,ホーム,阪神タイガース,横浜DeNAベイスターズ,及川 雅貴,2,救援,,8,3,1,3,0,0,0,0,0,0.00
20260509_L-E_07,2026-05-09,土,パ・リーグ公式戦,ホーム,埼玉西武ライオンズ,東北楽天ゴールデンイーグルス,佐藤 爽,1,先発,,79,21,5+,15,1,0,0,2,2,3.60
20260509_L-E_07,2026-05-09,土,パ・リーグ公式戦,ホーム,埼玉西武ライオンズ,東北楽天ゴールデンイーグルス,黒田 将矢,2,救援,勝,7,2,1,3,1,0,0,0,0,0.00
20260509_L-E_07,2026-05-09,土,パ・リーグ公式戦,ホーム,埼玉西武ライオンズ,東北楽天ゴールデンイーグルス,篠原 響,3,救援,H,12,3,1,3,2,0,0,0,0,0.00
20260509_L-E_07,2026-05-09,土,パ・リーグ公式戦,ホーム,埼玉西武ライオンズ,東北楽天ゴールデンイーグルス,甲斐野 央,4,救援,,12,4,1,3,2,0,0,0,0,0.00
20260509_L-E_07,2026-05-09,土,パ・リーグ公式戦,ホーム,埼玉西武ライオンズ,東北楽天ゴールデンイーグルス,佐藤 隼輔,5,救援,,8,3,1,3,0,0,0,0,0,0.00
20260509_H-M_06,2026-05-09,土,パ・リーグ公式戦,ビジター,千葉ロッテマリーンズ,福岡ソフトバンクホークス,田中 晴也,1,先発,,81,18,4,12,5,0,0,4,4,9.00
20260509_H-M_06,2026-05-09,土,パ・リーグ公式戦,ビジター,千葉ロッテマリーンズ,福岡ソフトバンクホークス,八木 彬,2,救援,,20,6,2,6,3,0,0,0,0,0.00
20260509_H-M_06,2026-05-09,土,パ・リーグ公式戦,ビジター,千葉ロッテマリーンズ,福岡ソフトバンクホークス,中森 俊介,3,救援,,12,3,1,3,1,0,0,0,0,0.00
20260509_H-M_06,2026-05-09,土,パ・リーグ公式戦,ビジター,千葉ロッテマリーンズ,福岡ソフトバンクホークス,鈴木 昭汰,4,救援,勝,16,4,1,3,0,0,0,0,0,0.00
20260509_H-M_06,2026-05-09,土,パ・リーグ公式戦,ビジター,千葉ロッテマリーンズ,福岡ソフトバンクホークス,横山 陸人,5,救援,S,17,4,1,3,0,0,0,0,0,0.00
20260509_D-G_07,2026-05-09,土,セ・リーグ公式戦,ホーム,中日ドラゴンズ,読売ジャイアンツ,大野 雄大,1,先発,勝,85,24,7,21,5,0,0,0,0,0.00
20260509_D-G_07,2026-05-09,土,セ・リーグ公式戦,ホーム,中日ドラゴンズ,読売ジャイアンツ,杉浦 稔大,2,救援,,21,5,1,3,2,0,0,2,2,18.00
20260509_D-G_07,2026-05-09,土,セ・リーグ公式戦,ホーム,中日ドラゴンズ,読売ジャイアンツ,松山 晋也,3,救援,S,14,4,1,3,2,0,0,0,0,0.00
20260509_C-S_07,2026-05-09,土,セ・リーグ公式戦,ビジター,東京ヤクルトスワローズ,広島東洋カープ,松本 健吾,1,先発,勝,102,25,8,24,7,0,0,0,0,0.00
20260509_C-S_07,2026-05-09,土,セ・リーグ公式戦,ビジター,東京ヤクルトスワローズ,広島東洋カープ,清水 昇,2,救援,,15,4,1,3,2,0,0,0,0,0.00
20260509_L-E_07,2026-05-09,土,パ・リーグ公式戦,ビジター,東北楽天ゴールデンイーグルス,埼玉西武ライオンズ,古謝 樹,1,先発,敗,109,33,7,21,5,0,0,6,6,7.71
20260509_L-E_07,2026-05-09,土,パ・リーグ公式戦,ビジター,東北楽天ゴールデンイーグルス,埼玉西武ライオンズ,九谷 瑠,2,救援,,13,3,1,3,0,0,0,0,0,0.00
20260509_D-G_07,2026-05-09,土,セ・リーグ公式戦,ビジター,読売ジャイアンツ,中日ドラゴンズ,田中 将大,1,先発,敗,85,22,5,15,3,0,0,4,1,1.80
20260509_D-G_07,2026-05-09,土,セ・リーグ公式戦,ビジター,読売ジャイアンツ,中日ドラゴンズ,中川 皓太,2,救援,,15,5,1,3,0,0,0,0,0,0.00
20260509_D-G_07,2026-05-09,土,セ・リーグ公式戦,ビジター,読売ジャイアンツ,中日ドラゴンズ,田和 廉,3,救援,,20,4,1,3,1,0,0,0,0,0.00
20260509_D-G_07,2026-05-09,土,セ・リーグ公式戦,ビジター,読売ジャイアンツ,中日ドラゴンズ,高梨 雄平,4,救援,,12,4,1,3,2,0,0,0,0,0.00
20260509_H-M_06,2026-05-09,土,パ・リーグ公式戦,ホーム,福岡ソフトバンクホークス,千葉ロッテマリーンズ,大津 亮介,1,先発,,105,29,6.1,19,7,0,0,3,3,4.26
20260509_H-M_06,2026-05-09,土,パ・リーグ公式戦,ホーム,福岡ソフトバンクホークス,千葉ロッテマリーンズ,上茶谷 大河,2,救援,H,13,4,0.2,2,0,0,0,0,0,0.00
20260509_H-M_06,2026-05-09,土,パ・リーグ公式戦,ホーム,福岡ソフトバンクホークス,千葉ロッテマリーンズ,木村 光,3,救援,,17,4,1,3,0,0,0,1,1,9.00
20260509_H-M_06,2026-05-09,土,パ・リーグ公式戦,ホーム,福岡ソフトバンクホークス,千葉ロッテマリーンズ,松本 裕樹,4,救援,敗,34,7,1,3,0,0,0,1,1,9.00
20260509_B-F_11,2026-05-09,土,パ・リーグ公式戦,ビジター,北海道日本ハムファイターズ,オリックス・バファローズ,加藤 貴之,1,先発,勝,90,27,8,24,3,0,0,0,0,0.00
20260509_B-F_11,2026-05-09,土,パ・リーグ公式戦,ビジター,北海道日本ハムファイターズ,オリックス・バファローズ,柳川 大晟,2,救援,S,10,3,1,3,1,0,0,0,0,0.00
20260508_B-F_10,2026-05-08,金,パ・リーグ公式戦,ホーム,オリックス・バファローズ,北海道日本ハムファイターズ,宮國 凌空,1,先発,,58,14,3,9,3,0,0,2,2,6.00
20260508_B-F_10,2026-05-08,金,パ・リーグ公式戦,ホーム,オリックス・バファローズ,北海道日本ハムファイターズ,博志,2,救援,勝,28,7,2,6,2,0,0,0,0,0.00
20260508_B-F_10,2026-05-08,金,パ・リーグ公式戦,ホーム,オリックス・バファローズ,北海道日本ハムファイターズ,吉田 輝星,3,救援,H,12,4,1,3,1,0,0,0,0,0.00
20260508_B-F_10,2026-05-08,金,パ・リーグ公式戦,ホーム,オリックス・バファローズ,北海道日本ハムファイターズ,寺西 成騎,4,救援,H,16,4,1,3,0,0,0,0,0,0.00
20260508_B-F_10,2026-05-08,金,パ・リーグ公式戦,ホーム,オリックス・バファローズ,北海道日本ハムファイターズ,椋木 蓮,5,救援,H,15,4,1,3,1,0,0,0,0,0.00
20260508_B-F_10,2026-05-08,金,パ・リーグ公式戦,ホーム,オリックス・バファローズ,北海道日本ハムファイターズ,Ａ．マチャド,6,救援,S,14,5,1,3,1,0,0,1,1,9.00
20260508_T-DB_06,2026-05-08,金,セ・リーグ公式戦,ビジター,横浜DeNAベイスターズ,阪神タイガース,平良 拳太郎,1,先発,勝,110,24,5.1,16,9,0,0,1,1,1.69
20260508_T-DB_06,2026-05-08,金,セ・リーグ公式戦,ビジター,横浜DeNAベイスターズ,阪神タイガース,Ｊ．ルイーズ,2,救援,H,6,2,0.2,2,2,0,0,0,0,0.00
20260508_T-DB_06,2026-05-08,金,セ・リーグ公式戦,ビジター,横浜DeNAベイスターズ,阪神タイガース,Ｓ．レイノルズ,3,救援,H,18,4,1,3,2,0,0,0,0,0.00
20260508_T-DB_06,2026-05-08,金,セ・リーグ公式戦,ビジター,横浜DeNAベイスターズ,阪神タイガース,中川 虎大,4,救援,H,10,3,1,3,1,0,0,0,0,0.00
20260508_T-DB_06,2026-05-08,金,セ・リーグ公式戦,ビジター,横浜DeNAベイスターズ,阪神タイガース,岩田 将貴,5,救援,,21,4,1,3,2,0,0,0,0,0.00
20260508_C-S_06,2026-05-08,金,セ・リーグ公式戦,ホーム,広島東洋カープ,東京ヤクルトスワローズ,森下 暢仁,1,先発,敗,94,25,5,15,5,1,0,3,2,3.60
20260508_C-S_06,2026-05-08,金,セ・リーグ公式戦,ホーム,広島東洋カープ,東京ヤクルトスワローズ,辻 大雅,2,救援,,11,3,1,3,2,0,0,0,0,0.00
20260508_C-S_06,2026-05-08,金,セ・リーグ公式戦,ホーム,広島東洋カープ,東京ヤクルトスワローズ,遠藤 淳志,3,救援,,37,7,2,6,2,0,0,0,0,0.00
20260508_C-S_06,2026-05-08,金,セ・リーグ公式戦,ホーム,広島東洋カープ,東京ヤクルトスワローズ,鈴木 健矢,4,救援,,24,5,1,3,0,0,0,1,1,9.00
20260508_T-DB_06,2026-05-08,金,セ・リーグ公式戦,ホーム,阪神タイガース,横浜DeNAベイスターズ,村上 頌樹,1,先発,敗,117,27,7,21,6,0,0,2,0,0.00
20260508_T-DB_06,2026-05-08,金,セ・リーグ公式戦,ホーム,阪神タイガース,横浜DeNAベイスターズ,工藤 泰成,2,救援,,17,5,1,3,1,0,0,0,0,0.00
20260508_T-DB_06,2026-05-08,金,セ・リーグ公式戦,ホーム,阪神タイガース,横浜DeNAベイスターズ,桐敷 拓馬,3,救援,,21,6,0+,0,0,0,0,6,6,
20260508_T-DB_06,2026-05-08,金,セ・リーグ公式戦,ホーム,阪神タイガース,横浜DeNAベイスターズ,畠 世周,4,救援,,22,5,1,3,0,0,0,2,2,18.00
20260508_L-E_06,2026-05-08,金,パ・リーグ公式戦,ホーム,埼玉西武ライオンズ,東北楽天ゴールデンイーグルス,隅田 知一郎,1,先発,勝,94,29,8,24,3,0,0,2,2,2.25
20260508_L-E_06,2026-05-08,金,パ・リーグ公式戦,ホーム,埼玉西武ライオンズ,東北楽天ゴールデンイーグルス,岩城 颯空,2,救援,S,18,3,1,3,0,0,0,0,0,0.00
20260508_H-M_05,2026-05-08,金,パ・リーグ公式戦,ビジター,千葉ロッテマリーンズ,福岡ソフトバンクホークス,廣池 康志郎,1,先発,,91,23,6,18,4,0,0,3,3,4.50
20260508_H-M_05,2026-05-08,金,パ・リーグ公式戦,ビジター,千葉ロッテマリーンズ,福岡ソフトバンクホークス,澤田 圭佑,2,救援,H,13,4,1,3,1,0,0,0,0,0.00
20260508_H-M_05,2026-05-08,金,パ・リーグ公式戦,ビジター,千葉ロッテマリーンズ,福岡ソフトバンクホークス,鈴木 昭汰,3,救援,H,10,3,1,3,0,0,0,0,0,0.00
20260508_H-M_05,2026-05-08,金,パ・リーグ公式戦,ビジター,千葉ロッテマリーンズ,福岡ソフトバンクホークス,横山 陸人,4,救援,敗,13,6,0.2,2,0,0,0,3,3,40.50
20260508_D-G_06,2026-05-08,金,セ・リーグ公式戦,ホーム,中日ドラゴンズ,読売ジャイアンツ,柳 裕也,1,先発,勝,110,27,6.1,19,10,0,0,2,2,2.84
20260508_D-G_06,2026-05-08,金,セ・リーグ公式戦,ホーム,中日ドラゴンズ,読売ジャイアンツ,齋藤 綱記,2,救援,,11,3,0.2,2,1,0,0,0,0,0.00
20260508_D-G_06,2026-05-08,金,セ・リーグ公式戦,ホーム,中日ドラゴンズ,読売ジャイアンツ,Ｈ．メヒア,3,救援,,17,4,1,3,2,0,0,0,0,0.00
20260508_D-G_06,2026-05-08,金,セ・リーグ公式戦,ホーム,中日ドラゴンズ,読売ジャイアンツ,吉田 聖弥,4,救援,,17,4,1,3,2,0,0,0,0,0.00
20260508_C-S_06,2026-05-08,金,セ・リーグ公式戦,ビジター,東京ヤクルトスワローズ,広島東洋カープ,高梨 裕稔,1,先発,勝,97,23,6,18,4,0,0,1,1,1.50
20260508_C-S_06,2026-05-08,金,セ・リーグ公式戦,ビジター,東京ヤクルトスワローズ,広島東洋カープ,荘司 宏太,2,救援,H,15,3,1,3,2,0,0,0,0,0.00
20260508_C-S_06,2026-05-08,金,セ・リーグ公式戦,ビジター,東京ヤクルトスワローズ,広島東洋カープ,星 知弥,3,救援,H,25,6,1,3,0,0,0,0,0,0.00
20260508_C-S_06,2026-05-08,金,セ・リーグ公式戦,ビジター,東京ヤクルトスワローズ,広島東洋カープ,Ｊ．キハダ,4,救援,S,19,4,1,3,1,0,0,0,0,0.00
20260508_L-E_06,2026-05-08,金,パ・リーグ公式戦,ビジター,東北楽天ゴールデンイーグルス,埼玉西武ライオンズ,Ｊ．ウレーニャ,1,先発,敗,90,26,6,18,2,0,0,3,3,4.50
20260508_L-E_06,2026-05-08,金,パ・リーグ公式戦,ビジター,東北楽天ゴールデンイーグルス,埼玉西武ライオンズ,田中 千晴,2,救援,,15,5,1,3,0,0,0,0,0,0.00
20260508_L-E_06,2026-05-08,金,パ・リーグ公式戦,ビジター,東北楽天ゴールデンイーグルス,埼玉西武ライオンズ,鈴木 翔天,3,救援,,24,7,1,3,0,0,0,1,1,9.00
20260508_D-G_06,2026-05-08,金,セ・リーグ公式戦,ビジター,読売ジャイアンツ,中日ドラゴンズ,Ｆ．ウィットリー,1,先発,敗,81,21,4.1,13,6,0,0,5,3,6.23
20260508_D-G_06,2026-05-08,金,セ・リーグ公式戦,ビジター,読売ジャイアンツ,中日ドラゴンズ,堀田 賢慎,2,救援,,20,6,1.2,5,2,0,0,0,0,0.00
20260508_D-G_06,2026-05-08,金,セ・リーグ公式戦,ビジター,読売ジャイアンツ,中日ドラゴンズ,石川 達也,3,救援,,20,7,1,3,1,0,0,4,4,36.00
20260508_D-G_06,2026-05-08,金,セ・リーグ公式戦,ビジター,読売ジャイアンツ,中日ドラゴンズ,船迫 大雅,4,救援,,22,5,1,3,2,0,0,0,0,0.00
20260508_H-M_05,2026-05-08,金,パ・リーグ公式戦,ホーム,福岡ソフトバンクホークス,千葉ロッテマリーンズ,上沢 直之,1,先発,,110,26,5+,15,2,0,0,5,5,9.00
20260508_H-M_05,2026-05-08,金,パ・リーグ公式戦,ホーム,福岡ソフトバンクホークス,千葉ロッテマリーンズ,Ｄ．ヘルナンデス,2,救援,,9,3,1,3,1,0,0,0,0,0.00
20260508_H-M_05,2026-05-08,金,パ・リーグ公式戦,ホーム,福岡ソフトバンクホークス,千葉ロッテマリーンズ,杉山 一樹,3,救援,,18,5,1,3,1,0,0,0,0,0.00
20260508_H-M_05,2026-05-08,金,パ・リーグ公式戦,ホーム,福岡ソフトバンクホークス,千葉ロッテマリーンズ,尾形 崇斗,4,救援,,16,4,1,3,0,0,1,0,0,0.00
20260508_H-M_05,2026-05-08,金,パ・リーグ公式戦,ホーム,福岡ソフトバンクホークス,千葉ロッテマリーンズ,津森 宥紀,5,救援,勝,12,3,1,3,0,0,0,0,0,0.00
20260508_B-F_10,2026-05-08,金,パ・リーグ公式戦,ビジター,北海道日本ハムファイターズ,オリックス・バファローズ,達 孝太,1,先発,敗,103,26,6,18,5,0,0,3,3,4.50
20260508_B-F_10,2026-05-08,金,パ・リーグ公式戦,ビジター,北海道日本ハムファイターズ,オリックス・バファローズ,上原 健太,2,救援,,9,3,1,3,0,0,0,0,0,0.00
20260508_B-F_10,2026-05-08,金,パ・リーグ公式戦,ビジター,北海道日本ハムファイターズ,オリックス・バファローズ,玉井 大翔,3,救援,,19,4,1,3,0,0,0,1,1,9.00
20260506_B-M_08,2026-05-06,水,パ・リーグ公式戦,ホーム,オリックス・バファローズ,千葉ロッテマリーンズ,田嶋 大樹,1,先発,勝,69,22,6,18,1,0,0,0,0,0.00
20260506_B-M_08,2026-05-06,水,パ・リーグ公式戦,ホーム,オリックス・バファローズ,千葉ロッテマリーンズ,寺西 成騎,2,救援,H,6,3,1,3,0,0,0,0,0,0.00
20260506_B-M_08,2026-05-06,水,パ・リーグ公式戦,ホーム,オリックス・バファローズ,千葉ロッテマリーンズ,山﨑 颯一郎,3,救援,H,11,3,1,3,0,0,0,0,0,0.00
20260506_B-M_08,2026-05-06,水,パ・リーグ公式戦,ホーム,オリックス・バファローズ,千葉ロッテマリーンズ,Ａ．マチャド,4,救援,S,12,4,1,3,2,0,0,0,0,0.00
20260506_DB-C_08,2026-05-06,水,セ・リーグ公式戦,ホーム,横浜DeNAベイスターズ,広島東洋カープ,深沢 鳳介,1,先発,敗,98,24,4.2,14,2,0,0,8,3,5.79
20260506_DB-C_08,2026-05-06,水,セ・リーグ公式戦,ホーム,横浜DeNAベイスターズ,広島東洋カープ,石田 健大,2,救援,,15,5,1.1,4,2,0,0,1,1,6.75
20260506_DB-C_08,2026-05-06,水,セ・リーグ公式戦,ホーム,横浜DeNAベイスターズ,広島東洋カープ,Ｈ．マルセリーノ,3,救援,,35,10,2,6,0,0,0,1,1,4.50
20260506_DB-C_08,2026-05-06,水,セ・リーグ公式戦,ホーム,横浜DeNAベイスターズ,広島東洋カープ,宮城 滝太,4,救援,,14,4,1,3,3,1,0,0,0,0.00
20260506_DB-C_08,2026-05-06,水,セ・リーグ公式戦,ビジター,広島東洋カープ,横浜DeNAベイスターズ,栗林 良吏,1,先発,勝,82,24,7,21,6,0,0,0,0,0.00
20260506_DB-C_08,2026-05-06,水,セ・リーグ公式戦,ビジター,広島東洋カープ,横浜DeNAベイスターズ,塹江 敦哉,2,救援,,14,3,1,3,2,0,0,0,0,0.00
20260506_DB-C_08,2026-05-06,水,セ・リーグ公式戦,ビジター,広島東洋カープ,横浜DeNAベイスターズ,益田 武尚,3,救援,,19,5,1,3,1,0,0,0,0,0.00
20260506_D-T_09,2026-05-06,水,セ・リーグ公式戦,ビジター,阪神タイガース,中日ドラゴンズ,髙橋 遥人,1,先発,勝,108,29,9,27,10,0,0,0,0,0.00
20260506_L-H_09,2026-05-06,水,パ・リーグ公式戦,ホーム,埼玉西武ライオンズ,福岡ソフトバンクホークス,髙橋 光成,1,先発,勝,73,19,6,18,5,0,0,0,0,0.00
20260506_L-H_09,2026-05-06,水,パ・リーグ公式戦,ホーム,埼玉西武ライオンズ,福岡ソフトバンクホークス,浜屋 将太,2,救援,,15,4,1,3,2,0,0,0,0,0.00
20260506_L-H_09,2026-05-06,水,パ・リーグ公式戦,ホーム,埼玉西武ライオンズ,福岡ソフトバンクホークス,上田 大河,3,救援,,31,7,1,3,3,0,0,1,0,0.00
20260506_L-H_09,2026-05-06,水,パ・リーグ公式戦,ホーム,埼玉西武ライオンズ,福岡ソフトバンクホークス,堀越 啓太,4,救援,,21,5,1,3,0,0,0,1,1,9.00
20260506_B-M_08,2026-05-06,水,パ・リーグ公式戦,ビジター,千葉ロッテマリーンズ,オリックス・バファローズ,西野 勇士,1,先発,敗,75,23,6,18,3,0,0,2,2,3.00
20260506_B-M_08,2026-05-06,水,パ・リーグ公式戦,ビジター,千葉ロッテマリーンズ,オリックス・バファローズ,高野 脩汰,2,救援,,15,5,0.2,2,1,0,0,1,0,0.00
20260506_B-M_08,2026-05-06,水,パ・リーグ公式戦,ビジター,千葉ロッテマリーンズ,オリックス・バファローズ,八木 彬,3,救援,,14,4,1.1,4,0,0,0,0,0,0.00
20260506_D-T_09,2026-05-06,水,セ・リーグ公式戦,ホーム,中日ドラゴンズ,阪神タイガース,髙橋 宏斗,1,先発,敗,131,32,8,24,15,0,0,2,2,2.25
20260506_D-T_09,2026-05-06,水,セ・リーグ公式戦,ホーム,中日ドラゴンズ,阪神タイガース,齋藤 綱記,2,救援,,14,3,1,3,2,0,0,0,0,0.00
20260506_G-S_09,2026-05-06,水,セ・リーグ公式戦,ビジター,東京ヤクルトスワローズ,読売ジャイアンツ,山野 太一,1,先発,勝,92,23,6,18,5,0,0,0,0,0.00
20260506_G-S_09,2026-05-06,水,セ・リーグ公式戦,ビジター,東京ヤクルトスワローズ,読売ジャイアンツ,荘司 宏太,2,救援,,8,3,1,3,1,0,0,0,0,0.00
20260506_G-S_09,2026-05-06,水,セ・リーグ公式戦,ビジター,東京ヤクルトスワローズ,読売ジャイアンツ,廣澤 優,3,救援,,13,3,1,3,1,0,0,0,0,0.00
20260506_G-S_09,2026-05-06,水,セ・リーグ公式戦,ビジター,東京ヤクルトスワローズ,読売ジャイアンツ,星 知弥,4,救援,,13,3,1,3,2,0,0,0,0,0.00
20260506_E-F_09,2026-05-06,水,パ・リーグ公式戦,ホーム,東北楽天ゴールデンイーグルス,北海道日本ハムファイターズ,前田 健太,1,先発,,82,17,5,15,2,0,0,1,1,1.80
20260506_E-F_09,2026-05-06,水,パ・リーグ公式戦,ホーム,東北楽天ゴールデンイーグルス,北海道日本ハムファイターズ,内 星龍,2,救援,敗,14,3,0.2,2,1,0,0,1,1,13.50
20260506_E-F_09,2026-05-06,水,パ・リーグ公式戦,ホーム,東北楽天ゴールデンイーグルス,北海道日本ハムファイターズ,宋 家豪,3,救援,,10,4,0.1,1,0,0,0,1,1,27.00
20260506_E-F_09,2026-05-06,水,パ・リーグ公式戦,ホーム,東北楽天ゴールデンイーグルス,北海道日本ハムファイターズ,田中 千晴,4,救援,,18,5,1,3,0,0,0,0,0,0.00
20260506_E-F_09,2026-05-06,水,パ・リーグ公式戦,ホーム,東北楽天ゴールデンイーグルス,北海道日本ハムファイターズ,渡辺 翔太,5,救援,,27,7,0.2,2,0,0,0,5,5,67.50
20260506_E-F_09,2026-05-06,水,パ・リーグ公式戦,ホーム,東北楽天ゴールデンイーグルス,北海道日本ハムファイターズ,中込 陽翔,6,救援,,45,10,1.1,4,1,0,0,4,4,27.00
20260506_G-S_09,2026-05-06,水,セ・リーグ公式戦,ホーム,読売ジャイアンツ,東京ヤクルトスワローズ,竹丸 和幸,1,先発,敗,111,30,6.2,20,6,0,0,5,5,6.75
20260506_G-S_09,2026-05-06,水,セ・リーグ公式戦,ホーム,読売ジャイアンツ,東京ヤクルトスワローズ,田和 廉,2,救援,,5,1,0.1,1,0,0,0,0,0,0.00
20260506_G-S_09,2026-05-06,水,セ・リーグ公式戦,ホーム,読売ジャイアンツ,東京ヤクルトスワローズ,宮原 駿介,3,救援,,16,4,1,3,0,0,0,0,0,0.00
20260506_G-S_09,2026-05-06,水,セ・リーグ公式戦,ホーム,読売ジャイアンツ,東京ヤクルトスワローズ,石川 達也,4,救援,,10,3,1,3,1,0,0,0,0,0.00
20260506_L-H_09,2026-05-06,水,パ・リーグ公式戦,ビジター,福岡ソフトバンクホークス,埼玉西武ライオンズ,大関 友久,1,先発,敗,92,26,5,15,3,0,0,8,8,14.40
20260506_L-H_09,2026-05-06,水,パ・リーグ公式戦,ビジター,福岡ソフトバンクホークス,埼玉西武ライオンズ,尾形 崇斗,2,救援,,22,5,1,3,2,0,0,0,0,0.00
20260506_L-H_09,2026-05-06,水,パ・リーグ公式戦,ビジター,福岡ソフトバンクホークス,埼玉西武ライオンズ,鈴木 豪太,3,救援,,46,11,2,6,2,0,0,2,2,9.00
20260506_E-F_09,2026-05-06,水,パ・リーグ公式戦,ビジター,北海道日本ハムファイターズ,東北楽天ゴールデンイーグルス,伊藤 大海,1,先発,勝,97,26,7,21,3,0,0,1,1,1.29
20260506_E-F_09,2026-05-06,水,パ・リーグ公式戦,ビジター,北海道日本ハムファイターズ,東北楽天ゴールデンイーグルス,齋藤 友貴哉,2,救援,,14,5,1,3,0,0,0,0,0,0.00
20260506_E-F_09,2026-05-06,水,パ・リーグ公式戦,ビジター,北海道日本ハムファイターズ,東北楽天ゴールデンイーグルス,堀 瑞輝,3,救援,,16,6,1,3,2,0,0,1,1,9.00
20260505_B-M_07,2026-05-05,火,パ・リーグ公式戦,ホーム,オリックス・バファローズ,千葉ロッテマリーンズ,Ｓ．ジェリー,1,先発,勝,91,23,7,21,5,0,0,0,0,0.00
20260505_B-M_07,2026-05-05,火,パ・リーグ公式戦,ホーム,オリックス・バファローズ,千葉ロッテマリーンズ,山﨑 颯一郎,2,救援,,16,4,1,3,2,0,0,0,0,0.00
20260505_B-M_07,2026-05-05,火,パ・リーグ公式戦,ホーム,オリックス・バファローズ,千葉ロッテマリーンズ,入山 海斗,3,救援,,16,3,0.1,1,0,0,1,1,1,27.00
20260505_B-M_07,2026-05-05,火,パ・リーグ公式戦,ホーム,オリックス・バファローズ,千葉ロッテマリーンズ,吉田 輝星,4,救援,,1,1,0.2,2,0,0,0,0,0,0.00
20260505_DB-C_07,2026-05-05,火,セ・リーグ公式戦,ホーム,横浜DeNAベイスターズ,広島東洋カープ,東 克樹,1,先発,,100,25,6,18,4,0,0,2,0,0.00
20260505_DB-C_07,2026-05-05,火,セ・リーグ公式戦,ホーム,横浜DeNAベイスターズ,広島東洋カープ,中川 虎大,2,救援,H,8,3,1,3,0,0,0,0,0,0.00
20260505_DB-C_07,2026-05-05,火,セ・リーグ公式戦,ホーム,横浜DeNAベイスターズ,広島東洋カープ,Ｓ．レイノルズ,3,救援,H,26,6,1,3,2,0,0,2,2,18.00
20260505_DB-C_07,2026-05-05,火,セ・リーグ公式戦,ホーム,横浜DeNAベイスターズ,広島東洋カープ,山﨑 康晃,4,救援,,15,4,1,3,1,0,0,1,1,9.00
20260505_DB-C_07,2026-05-05,火,セ・リーグ公式戦,ホーム,横浜DeNAベイスターズ,広島東洋カープ,Ｊ．ルイーズ,5,救援,H,12,4,1,3,0,0,0,0,0,0.00
20260505_DB-C_07,2026-05-05,火,セ・リーグ公式戦,ホーム,横浜DeNAベイスターズ,広島東洋カープ,坂本 裕哉,6,救援,H,24,6,1,3,1,0,0,0,0,0.00
20260505_DB-C_07,2026-05-05,火,セ・リーグ公式戦,ホーム,横浜DeNAベイスターズ,広島東洋カープ,吉野 光樹,7,救援,,17,3,1,3,3,0,0,0,0,0.00
20260505_DB-C_07,2026-05-05,火,セ・リーグ公式戦,ビジター,広島東洋カープ,横浜DeNAベイスターズ,床田 寛樹,1,先発,,96,27,6,18,5,0,0,5,2,3.00
20260505_DB-C_07,2026-05-05,火,セ・リーグ公式戦,ビジター,広島東洋カープ,横浜DeNAベイスターズ,鈴木 健矢,2,救援,,8,3,1,3,0,0,0,0,0,0.00
20260505_DB-C_07,2026-05-05,火,セ・リーグ公式戦,ビジター,広島東洋カープ,横浜DeNAベイスターズ,遠藤 淳志,3,救援,,12,3,1,3,0,0,0,0,0,0.00
20260505_DB-C_07,2026-05-05,火,セ・リーグ公式戦,ビジター,広島東洋カープ,横浜DeNAベイスターズ,Ｔ．ハーン,4,救援,H,16,3,1,3,2,0,0,0,0,0.00
20260505_DB-C_07,2026-05-05,火,セ・リーグ公式戦,ビジター,広島東洋カープ,横浜DeNAベイスターズ,中﨑 翔太,5,救援,H,10,3,1,3,0,0,0,0,0,0.00
20260505_DB-C_07,2026-05-05,火,セ・リーグ公式戦,ビジター,広島東洋カープ,横浜DeNAベイスターズ,髙 太一,6,救援,H,17,4,1,3,1,0,0,0,0,0.00
20260505_DB-C_07,2026-05-05,火,セ・リーグ公式戦,ビジター,広島東洋カープ,横浜DeNAベイスターズ,森浦 大輔,7,救援,,11,3,1,3,2,0,0,0,0,0.00
20260505_D-T_08,2026-05-05,火,セ・リーグ公式戦,ビジター,阪神タイガース,中日ドラゴンズ,早川 太貴,1,先発,敗,63,17,3+,9,6,0,0,6,5,15.00
20260505_D-T_08,2026-05-05,火,セ・リーグ公式戦,ビジター,阪神タイガース,中日ドラゴンズ,椎葉 剛,2,救援,,43,9,2,6,2,0,0,0,0,0.00
20260505_D-T_08,2026-05-05,火,セ・リーグ公式戦,ビジター,阪神タイガース,中日ドラゴンズ,畠 世周,3,救援,,16,3,1,3,1,0,0,0,0,0.00
20260505_D-T_08,2026-05-05,火,セ・リーグ公式戦,ビジター,阪神タイガース,中日ドラゴンズ,及川 雅貴,4,救援,,20,5,1,3,1,0,0,1,1,9.00
20260505_D-T_08,2026-05-05,火,セ・リーグ公式戦,ビジター,阪神タイガース,中日ドラゴンズ,Ｄ．モレッタ,5,救援,,6,3,1,3,0,0,0,0,0,0.00
20260505_L-H_08,2026-05-05,火,パ・リーグ公式戦,ホーム,埼玉西武ライオンズ,福岡ソフトバンクホークス,渡邉 勇太朗,1,先発,敗,92,25,5,15,6,0,0,6,6,10.80
20260505_L-H_08,2026-05-05,火,パ・リーグ公式戦,ホーム,埼玉西武ライオンズ,福岡ソフトバンクホークス,中村 祐太,2,救援,,24,5,1,3,2,0,0,0,0,0.00
20260505_L-H_08,2026-05-05,火,パ・リーグ公式戦,ホーム,埼玉西武ライオンズ,福岡ソフトバンクホークス,浜屋 将太,3,救援,,12,3,1,3,1,0,0,0,0,0.00
20260505_L-H_08,2026-05-05,火,パ・リーグ公式戦,ホーム,埼玉西武ライオンズ,福岡ソフトバンクホークス,黒田 将矢,4,救援,,18,5,1,3,2,0,0,0,0,0.00
20260505_L-H_08,2026-05-05,火,パ・リーグ公式戦,ホーム,埼玉西武ライオンズ,福岡ソフトバンクホークス,佐藤 隼輔,5,救援,,11,4,1,3,0,0,0,0,0,0.00
20260505_B-M_07,2026-05-05,火,パ・リーグ公式戦,ビジター,千葉ロッテマリーンズ,オリックス・バファローズ,Ａ．ジャクソン,1,先発,敗,108,28,6,18,4,2,1,5,5,7.50
20260505_B-M_07,2026-05-05,火,パ・リーグ公式戦,ビジター,千葉ロッテマリーンズ,オリックス・バファローズ,小野 郁,2,救援,,10,3,1,3,2,0,0,0,0,0.00
20260505_B-M_07,2026-05-05,火,パ・リーグ公式戦,ビジター,千葉ロッテマリーンズ,オリックス・バファローズ,益田 直也,3,救援,,21,5,1,3,0,0,0,1,1,9.00
20260505_D-T_08,2026-05-05,火,セ・リーグ公式戦,ホーム,中日ドラゴンズ,阪神タイガース,金丸 夢斗,1,先発,勝,102,25,7,21,6,0,0,2,2,2.57
20260505_D-T_08,2026-05-05,火,セ・リーグ公式戦,ホーム,中日ドラゴンズ,阪神タイガース,牧野 憲伸,2,救援,,18,4,0.1,1,0,0,0,0,0,0.00
20260505_D-T_08,2026-05-05,火,セ・リーグ公式戦,ホーム,中日ドラゴンズ,阪神タイガース,杉浦 稔大,3,救援,H,5,1,0.2,2,0,0,0,0,0,0.00
20260505_D-T_08,2026-05-05,火,セ・リーグ公式戦,ホーム,中日ドラゴンズ,阪神タイガース,福 敬登,4,救援,,20,4,1,3,1,0,0,1,1,9.00
20260505_G-S_08,2026-05-05,火,セ・リーグ公式戦,ビジター,東京ヤクルトスワローズ,読売ジャイアンツ,吉村 貢司郎,1,先発,敗,100,30,8,24,4,0,0,3,3,3.38
20260505_E-F_08,2026-05-05,火,パ・リーグ公式戦,ホーム,東北楽天ゴールデンイーグルス,北海道日本ハムファイターズ,荘司 康誠,1,先発,勝,123,26,7,21,4,0,0,2,2,2.57
20260505_E-F_08,2026-05-05,火,パ・リーグ公式戦,ホーム,東北楽天ゴールデンイーグルス,北海道日本ハムファイターズ,加治屋 蓮,2,救援,H,13,3,1,3,2,0,0,0,0,0.00
20260505_E-F_08,2026-05-05,火,パ・リーグ公式戦,ホーム,東北楽天ゴールデンイーグルス,北海道日本ハムファイターズ,藤平 尚真,3,救援,S,7,3,1,3,0,0,0,0,0,0.00
20260505_G-S_08,2026-05-05,火,セ・リーグ公式戦,ホーム,読売ジャイアンツ,東京ヤクルトスワローズ,赤星 優志,1,先発,勝,63,19,5,15,3,0,0,0,0,0.00
20260505_G-S_08,2026-05-05,火,セ・リーグ公式戦,ホーム,読売ジャイアンツ,東京ヤクルトスワローズ,船迫 大雅,2,救援,,21,5,0.2,2,0,0,0,2,2,27.00
20260505_G-S_08,2026-05-05,火,セ・リーグ公式戦,ホーム,読売ジャイアンツ,東京ヤクルトスワローズ,高梨 雄平,3,救援,H,5,2,0.1,1,0,0,0,0,0,0.00
20260505_G-S_08,2026-05-05,火,セ・リーグ公式戦,ホーム,読売ジャイアンツ,東京ヤクルトスワローズ,田中 瑛斗,4,救援,H,12,3,1,3,0,0,0,0,0,0.00
20260505_G-S_08,2026-05-05,火,セ・リーグ公式戦,ホーム,読売ジャイアンツ,東京ヤクルトスワローズ,大勢,5,救援,H,11,3,1,3,2,0,0,0,0,0.00
20260505_G-S_08,2026-05-05,火,セ・リーグ公式戦,ホーム,読売ジャイアンツ,東京ヤクルトスワローズ,Ｒ．マルティネス,6,救援,S,13,3,1,3,1,0,0,0,0,0.00
20260505_L-H_08,2026-05-05,火,パ・リーグ公式戦,ビジター,福岡ソフトバンクホークス,埼玉西武ライオンズ,松本 晴,1,先発,,76,21,4.1,13,4,0,0,4,3,6.23
20260505_L-H_08,2026-05-05,火,パ・リーグ公式戦,ビジター,福岡ソフトバンクホークス,埼玉西武ライオンズ,上茶谷 大河,2,救援,勝,12,3,0.2,2,1,0,0,0,0,0.00
20260505_L-H_08,2026-05-05,火,パ・リーグ公式戦,ビジター,福岡ソフトバンクホークス,埼玉西武ライオンズ,Ｄ．ヘルナンデス,3,救援,H,8,3,1,3,1,0,0,0,0,0.00
20260505_L-H_08,2026-05-05,火,パ・リーグ公式戦,ビジター,福岡ソフトバンクホークス,埼玉西武ライオンズ,Ｒ．オスナ,4,救援,H,15,4,1,3,1,0,0,0,0,0.00
20260505_L-H_08,2026-05-05,火,パ・リーグ公式戦,ビジター,福岡ソフトバンクホークス,埼玉西武ライオンズ,木村 光,5,救援,H,12,3,1,3,0,0,0,0,0,0.00
20260505_L-H_08,2026-05-05,火,パ・リーグ公式戦,ビジター,福岡ソフトバンクホークス,埼玉西武ライオンズ,松本 裕樹,6,救援,S,16,3,1,3,2,0,0,0,0,0.00
20260505_E-F_08,2026-05-05,火,パ・リーグ公式戦,ビジター,北海道日本ハムファイターズ,東北楽天ゴールデンイーグルス,細野 晴希,1,先発,敗,102,28,8,24,11,0,0,3,3,3.38
20260504_B-M_06,2026-05-04,月,パ・リーグ公式戦,ホーム,オリックス・バファローズ,千葉ロッテマリーンズ,髙島 泰都,1,先発,勝,81,26,7,21,1,0,0,0,0,0.00
20260504_B-M_06,2026-05-04,月,パ・リーグ公式戦,ホーム,オリックス・バファローズ,千葉ロッテマリーンズ,椋木 蓮,2,救援,H,17,4,1,3,1,0,0,0,0,0.00
20260504_B-M_06,2026-05-04,月,パ・リーグ公式戦,ホーム,オリックス・バファローズ,千葉ロッテマリーンズ,Ａ．マチャド,3,救援,S,10,5,1,3,0,0,0,0,0,0.00
20260504_DB-C_06,2026-05-04,月,セ・リーグ公式戦,ホーム,横浜DeNAベイスターズ,広島東洋カープ,竹田 祐,1,先発,勝,96,24,6,18,4,0,0,5,5,7.50
20260504_DB-C_06,2026-05-04,月,セ・リーグ公式戦,ホーム,横浜DeNAベイスターズ,広島東洋カープ,坂本 裕哉,2,救援,,11,3,1,3,1,0,0,0,0,0.00
20260504_DB-C_06,2026-05-04,月,セ・リーグ公式戦,ホーム,横浜DeNAベイスターズ,広島東洋カープ,Ｈ．マルセリーノ,3,救援,,29,7,1,3,1,0,0,1,1,9.00
20260504_DB-C_06,2026-05-04,月,セ・リーグ公式戦,ホーム,横浜DeNAベイスターズ,広島東洋カープ,宮城 滝太,4,救援,,17,5,0.2,2,0,0,0,2,2,27.00
20260504_DB-C_06,2026-05-04,月,セ・リーグ公式戦,ホーム,横浜DeNAベイスターズ,広島東洋カープ,山﨑 康晃,5,救援,S,7,1,0.1,1,1,0,0,0,0,0.00
20260504_DB-C_06,2026-05-04,月,セ・リーグ公式戦,ビジター,広島東洋カープ,横浜DeNAベイスターズ,大瀬良 大地,1,先発,敗,60,16,2.1,7,0,0,0,6,6,23.14
20260504_DB-C_06,2026-05-04,月,セ・リーグ公式戦,ビジター,広島東洋カープ,横浜DeNAベイスターズ,辻 大雅,2,救援,,39,11,1.2,5,3,0,0,5,5,27.00
20260504_DB-C_06,2026-05-04,月,セ・リーグ公式戦,ビジター,広島東洋カープ,横浜DeNAベイスターズ,塹江 敦哉,3,救援,,36,8,2,6,2,0,0,0,0,0.00
20260504_DB-C_06,2026-05-04,月,セ・リーグ公式戦,ビジター,広島東洋カープ,横浜DeNAベイスターズ,常廣 羽也斗,4,救援,,15,4,1,3,0,0,0,0,0,0.00
20260504_DB-C_06,2026-05-04,月,セ・リーグ公式戦,ビジター,広島東洋カープ,横浜DeNAベイスターズ,鈴木 健矢,5,救援,,10,3,1,3,0,0,0,0,0,0.00
20260504_D-T_07,2026-05-04,月,セ・リーグ公式戦,ビジター,阪神タイガース,中日ドラゴンズ,門別 啓人,1,先発,敗,92,26,5,15,3,0,0,5,5,9.00
20260504_D-T_07,2026-05-04,月,セ・リーグ公式戦,ビジター,阪神タイガース,中日ドラゴンズ,工藤 泰成,2,救援,,28,5,1,3,2,0,0,0,0,0.00
20260504_D-T_07,2026-05-04,月,セ・リーグ公式戦,ビジター,阪神タイガース,中日ドラゴンズ,石黒 佑弥,3,救援,,40,10,2,6,1,0,0,2,2,9.00
20260504_L-H_07,2026-05-04,月,パ・リーグ公式戦,ホーム,埼玉西武ライオンズ,福岡ソフトバンクホークス,菅井 信也,1,先発,勝,100,24,6,18,4,0,0,2,2,3.00
20260504_L-H_07,2026-05-04,月,パ・リーグ公式戦,ホーム,埼玉西武ライオンズ,福岡ソフトバンクホークス,佐藤 隼輔,2,救援,,8,3,1,3,1,0,0,0,0,0.00
20260504_L-H_07,2026-05-04,月,パ・リーグ公式戦,ホーム,埼玉西武ライオンズ,福岡ソフトバンクホークス,上田 大河,3,救援,,25,6,2,6,2,0,0,0,0,0.00
20260504_B-M_06,2026-05-04,月,パ・リーグ公式戦,ビジター,千葉ロッテマリーンズ,オリックス・バファローズ,小島 和哉,1,先発,敗,107,27,7,21,1,0,0,3,1,1.29
20260504_B-M_06,2026-05-04,月,パ・リーグ公式戦,ビジター,千葉ロッテマリーンズ,オリックス・バファローズ,中森 俊介,2,救援,,12,3,1,3,1,0,0,0,0,0.00
20260504_D-T_07,2026-05-04,月,セ・リーグ公式戦,ホーム,中日ドラゴンズ,阪神タイガース,中西 聖輝,1,先発,勝,112,31,7,21,9,1,0,3,3,3.86
20260504_D-T_07,2026-05-04,月,セ・リーグ公式戦,ホーム,中日ドラゴンズ,阪神タイガース,藤嶋 健人,2,救援,,17,4,1,3,2,0,0,0,0,0.00
20260504_D-T_07,2026-05-04,月,セ・リーグ公式戦,ホーム,中日ドラゴンズ,阪神タイガース,齋藤 綱記,3,救援,,17,4,1,3,0,0,0,0,0,0.00
20260504_G-S_07,2026-05-04,月,セ・リーグ公式戦,ビジター,東京ヤクルトスワローズ,読売ジャイアンツ,奥川 恭伸,1,先発,勝,99,25,6,18,5,0,0,1,1,1.50
20260504_G-S_07,2026-05-04,月,セ・リーグ公式戦,ビジター,東京ヤクルトスワローズ,読売ジャイアンツ,清水 昇,2,救援,,9,3,1,3,0,0,0,0,0,0.00
20260504_G-S_07,2026-05-04,月,セ・リーグ公式戦,ビジター,東京ヤクルトスワローズ,読売ジャイアンツ,星 知弥,3,救援,,9,3,1,3,0,0,0,0,0,0.00
20260504_G-S_07,2026-05-04,月,セ・リーグ公式戦,ビジター,東京ヤクルトスワローズ,読売ジャイアンツ,Ｊ．キハダ,4,救援,,14,3,1,3,2,0,0,0,0,0.00
20260504_E-F_07,2026-05-04,月,パ・リーグ公式戦,ホーム,東北楽天ゴールデンイーグルス,北海道日本ハムファイターズ,瀧中 瞭太,1,先発,,111,25,5.2,17,3,0,0,0,0,0.00
20260504_E-F_07,2026-05-04,月,パ・リーグ公式戦,ホーム,東北楽天ゴールデンイーグルス,北海道日本ハムファイターズ,内 星龍,2,救援,H,5,1,0.1,1,0,0,0,0,0,0.00
20260504_E-F_07,2026-05-04,月,パ・リーグ公式戦,ホーム,東北楽天ゴールデンイーグルス,北海道日本ハムファイターズ,鈴木 翔天,3,救援,,11,4,1,3,0,0,0,1,1,9.00
20260504_E-F_07,2026-05-04,月,パ・リーグ公式戦,ホーム,東北楽天ゴールデンイーグルス,北海道日本ハムファイターズ,西垣 雅矢,4,救援,勝,27,4,1,3,3,0,0,0,0,0.00
20260504_E-F_07,2026-05-04,月,パ・リーグ公式戦,ホーム,東北楽天ゴールデンイーグルス,北海道日本ハムファイターズ,藤平 尚真,5,救援,S,19,4,1,3,1,0,0,0,0,0.00
20260504_G-S_07,2026-05-04,月,セ・リーグ公式戦,ホーム,読売ジャイアンツ,東京ヤクルトスワローズ,戸郷 翔征,1,先発,敗,100,23,5,15,5,0,0,5,5,9.00
20260504_G-S_07,2026-05-04,月,セ・リーグ公式戦,ホーム,読売ジャイアンツ,東京ヤクルトスワローズ,堀田 賢慎,2,救援,,22,6,2,6,1,0,0,0,0,0.00
20260504_G-S_07,2026-05-04,月,セ・リーグ公式戦,ホーム,読売ジャイアンツ,東京ヤクルトスワローズ,Ｅ．ルシアーノ,3,救援,,24,5,1,3,1,0,0,0,0,0.00
20260504_G-S_07,2026-05-04,月,セ・リーグ公式戦,ホーム,読売ジャイアンツ,東京ヤクルトスワローズ,石川 達也,4,救援,,14,3,1,3,1,0,0,0,0,0.00
20260504_L-H_07,2026-05-04,月,パ・リーグ公式戦,ビジター,福岡ソフトバンクホークス,埼玉西武ライオンズ,徐 若熙,1,先発,敗,92,26,4,12,5,0,0,7,7,15.75
20260504_L-H_07,2026-05-04,月,パ・リーグ公式戦,ビジター,福岡ソフトバンクホークス,埼玉西武ライオンズ,伊藤 優輔,2,救援,,56,15,3,9,0,0,0,3,0,0.00
20260504_L-H_07,2026-05-04,月,パ・リーグ公式戦,ビジター,福岡ソフトバンクホークス,埼玉西武ライオンズ,津森 宥紀,3,救援,,19,4,1,3,0,0,0,0,0,0.00
20260504_E-F_07,2026-05-04,月,パ・リーグ公式戦,ビジター,北海道日本ハムファイターズ,東北楽天ゴールデンイーグルス,福島 蓮,1,先発,敗,111,29,7.1,22,7,0,0,2,2,2.45
20260504_E-F_07,2026-05-04,月,パ・リーグ公式戦,ビジター,北海道日本ハムファイターズ,東北楽天ゴールデンイーグルス,島本 浩也,2,救援,,21,5,0.2,2,1,0,0,1,1,13.50
20260503_F-B_09,2026-05-03,日,パ・リーグ公式戦,ビジター,オリックス・バファローズ,北海道日本ハムファイターズ,九里 亜蓮,1,先発,敗,113,26,6,18,10,0,0,3,1,1.50
20260503_F-B_09,2026-05-03,日,パ・リーグ公式戦,ビジター,オリックス・バファローズ,北海道日本ハムファイターズ,山田 修義,2,救援,,8,3,0.2,2,0,0,0,0,0,0.00
20260503_F-B_09,2026-05-03,日,パ・リーグ公式戦,ビジター,オリックス・バファローズ,北海道日本ハムファイターズ,入山 海斗,3,救援,,11,4,1.1,4,1,0,0,0,0,0.00
20260503_S-DB_08,2026-05-03,日,セ・リーグ公式戦,ビジター,横浜DeNAベイスターズ,東京ヤクルトスワローズ,石田 裕太郎,1,先発,勝,92,25,6,18,5,0,0,0,0,0.00
20260503_S-DB_08,2026-05-03,日,セ・リーグ公式戦,ビジター,横浜DeNAベイスターズ,東京ヤクルトスワローズ,Ｊ．ルイーズ,2,救援,,10,3,1,3,1,0,0,0,0,0.00
20260503_S-DB_08,2026-05-03,日,セ・リーグ公式戦,ビジター,横浜DeNAベイスターズ,東京ヤクルトスワローズ,宮城 滝太,3,救援,,24,4,1,3,1,0,0,0,0,0.00
20260503_S-DB_08,2026-05-03,日,セ・リーグ公式戦,ビジター,横浜DeNAベイスターズ,東京ヤクルトスワローズ,石田 健大,4,救援,,27,7,1,3,1,0,0,2,1,9.00
20260503_T-G_08,2026-05-03,日,セ・リーグ公式戦,ホーム,阪神タイガース,読売ジャイアンツ,才木 浩人,1,先発,勝,103,28,7,21,11,0,0,0,0,0.00
20260503_M-L_09,2026-05-03,日,パ・リーグ公式戦,ビジター,埼玉西武ライオンズ,千葉ロッテマリーンズ,平良 海馬,1,先発,敗,36,7,1,3,1,0,0,2,2,18.00
20260503_M-L_09,2026-05-03,日,パ・リーグ公式戦,ビジター,埼玉西武ライオンズ,千葉ロッテマリーンズ,糸川 亮太,2,救援,,77,19,4,12,0,0,0,4,4,9.00
20260503_M-L_09,2026-05-03,日,パ・リーグ公式戦,ビジター,埼玉西武ライオンズ,千葉ロッテマリーンズ,浜屋 将太,3,救援,,12,3,1,3,0,0,0,0,0,0.00
20260503_M-L_09,2026-05-03,日,パ・リーグ公式戦,ビジター,埼玉西武ライオンズ,千葉ロッテマリーンズ,羽田 慎之介,4,救援,,38,12,2,6,2,1,0,4,4,18.00
20260503_M-L_09,2026-05-03,日,パ・リーグ公式戦,ホーム,千葉ロッテマリーンズ,埼玉西武ライオンズ,毛利 海大,1,先発,勝,103,27,7,21,3,0,0,0,0,0.00
20260503_M-L_09,2026-05-03,日,パ・リーグ公式戦,ホーム,千葉ロッテマリーンズ,埼玉西武ライオンズ,澤田 圭佑,2,救援,,10,4,1,3,0,0,0,0,0,0.00
20260503_M-L_09,2026-05-03,日,パ・リーグ公式戦,ホーム,千葉ロッテマリーンズ,埼玉西武ライオンズ,益田 直也,3,救援,,11,3,1,3,0,0,0,0,0,0.00
20260503_S-DB_08,2026-05-03,日,セ・リーグ公式戦,ホーム,東京ヤクルトスワローズ,横浜DeNAベイスターズ,Ｎ．ウォルターズ,1,先発,敗,88,27,5.2,17,3,0,0,3,3,4.76
20260503_S-DB_08,2026-05-03,日,セ・リーグ公式戦,ホーム,東京ヤクルトスワローズ,横浜DeNAベイスターズ,木澤 尚文,2,救援,,3,1,0.1,1,0,0,0,0,0,0.00
20260503_S-DB_08,2026-05-03,日,セ・リーグ公式戦,ホーム,東京ヤクルトスワローズ,横浜DeNAベイスターズ,拓也,3,救援,,20,6,1,3,0,0,0,2,2,18.00
20260503_S-DB_08,2026-05-03,日,セ・リーグ公式戦,ホーム,東京ヤクルトスワローズ,横浜DeNAベイスターズ,田口 麗斗,4,救援,,35,8,1,3,1,0,0,3,3,27.00
20260503_S-DB_08,2026-05-03,日,セ・リーグ公式戦,ホーム,東京ヤクルトスワローズ,横浜DeNAベイスターズ,丸山 翔大,5,救援,,36,9,1,3,0,0,0,4,4,36.00
20260503_H-E_09,2026-05-03,日,パ・リーグ公式戦,ビジター,東北楽天ゴールデンイーグルス,福岡ソフトバンクホークス,早川 隆久,1,先発,勝,120,27,7,21,9,1,0,0,0,0.00
20260503_H-E_09,2026-05-03,日,パ・リーグ公式戦,ビジター,東北楽天ゴールデンイーグルス,福岡ソフトバンクホークス,鈴木 翔天,2,救援,H,17,4,1,3,1,0,0,0,0,0.00
20260503_H-E_09,2026-05-03,日,パ・リーグ公式戦,ビジター,東北楽天ゴールデンイーグルス,福岡ソフトバンクホークス,加治屋 蓮,3,救援,,11,3,1,3,0,0,0,0,0,0.00
20260503_T-G_08,2026-05-03,日,セ・リーグ公式戦,ビジター,読売ジャイアンツ,阪神タイガース,井上 温大,1,先発,敗,87,25,6,18,8,1,0,3,2,3.00
20260503_T-G_08,2026-05-03,日,セ・リーグ公式戦,ビジター,読売ジャイアンツ,阪神タイガース,田和 廉,2,救援,,19,5,0.2,2,0,0,0,0,0,0.00
20260503_H-E_09,2026-05-03,日,パ・リーグ公式戦,ホーム,福岡ソフトバンクホークス,東北楽天ゴールデンイーグルス,前田 悠伍,1,先発,,64,19,5,15,1,0,0,0,0,0.00
20260503_H-E_09,2026-05-03,日,パ・リーグ公式戦,ホーム,福岡ソフトバンクホークス,東北楽天ゴールデンイーグルス,Ｄ．ヘルナンデス,2,救援,H,15,3,1,3,1,0,0,0,0,0.00
20260503_H-E_09,2026-05-03,日,パ・リーグ公式戦,ホーム,福岡ソフトバンクホークス,東北楽天ゴールデンイーグルス,尾形 崇斗,3,救援,敗,15,5,1,3,1,0,0,1,1,9.00
20260503_H-E_09,2026-05-03,日,パ・リーグ公式戦,ホーム,福岡ソフトバンクホークス,東北楽天ゴールデンイーグルス,津森 宥紀,4,救援,,22,7,1,3,0,0,0,2,2,18.00
20260503_H-E_09,2026-05-03,日,パ・リーグ公式戦,ホーム,福岡ソフトバンクホークス,東北楽天ゴールデンイーグルス,大竹 風雅,5,救援,,30,8,1,3,0,0,0,4,0,0.00
20260503_F-B_09,2026-05-03,日,パ・リーグ公式戦,ホーム,北海道日本ハムファイターズ,オリックス・バファローズ,北山 亘基,1,先発,勝,121,30,9,27,7,0,0,0,0,0.00
20260502_F-B_08,2026-05-02,土,パ・リーグ公式戦,ビジター,オリックス・バファローズ,北海道日本ハムファイターズ,Ａ．エスピノーザ,1,先発,,64,16,2.2,8,3,0,0,6,6,20.25
20260502_F-B_08,2026-05-02,土,パ・リーグ公式戦,ビジター,オリックス・バファローズ,北海道日本ハムファイターズ,片山 楽生,2,救援,,46,11,2.1,7,2,0,0,1,1,3.86
20260502_F-B_08,2026-05-02,土,パ・リーグ公式戦,ビジター,オリックス・バファローズ,北海道日本ハムファイターズ,吉田 輝星,3,救援,H,15,4,1,3,1,0,0,0,0,0.00
20260502_F-B_08,2026-05-02,土,パ・リーグ公式戦,ビジター,オリックス・バファローズ,北海道日本ハムファイターズ,寺西 成騎,4,救援,勝,18,5,1,3,2,0,0,1,1,9.00
20260502_F-B_08,2026-05-02,土,パ・リーグ公式戦,ビジター,オリックス・バファローズ,北海道日本ハムファイターズ,椋木 蓮,5,救援,H,12,5,1,3,0,0,0,0,0,0.00
20260502_F-B_08,2026-05-02,土,パ・リーグ公式戦,ビジター,オリックス・バファローズ,北海道日本ハムファイターズ,Ａ．マチャド,6,救援,S,16,4,1,3,1,0,0,1,1,9.00
20260502_S-DB_07,2026-05-02,土,セ・リーグ公式戦,ビジター,横浜DeNAベイスターズ,東京ヤクルトスワローズ,入江 大生,1,先発,,90,23,4.2,14,7,0,0,4,2,3.86
20260502_S-DB_07,2026-05-02,土,セ・リーグ公式戦,ビジター,横浜DeNAベイスターズ,東京ヤクルトスワローズ,坂本 裕哉,2,救援,,10,2,0.1,1,0,0,0,0,0,0.00
20260502_S-DB_07,2026-05-02,土,セ・リーグ公式戦,ビジター,横浜DeNAベイスターズ,東京ヤクルトスワローズ,Ｊ．ルイーズ,3,救援,H,16,4,1,3,2,0,0,0,0,0.00
20260502_S-DB_07,2026-05-02,土,セ・リーグ公式戦,ビジター,横浜DeNAベイスターズ,東京ヤクルトスワローズ,中川 虎大,4,救援,H,20,4,1,3,3,0,0,0,0,0.00
20260502_S-DB_07,2026-05-02,土,セ・リーグ公式戦,ビジター,横浜DeNAベイスターズ,東京ヤクルトスワローズ,Ｓ．レイノルズ,5,救援,,19,5,1,3,1,0,0,1,1,9.00
20260502_S-DB_07,2026-05-02,土,セ・リーグ公式戦,ビジター,横浜DeNAベイスターズ,東京ヤクルトスワローズ,伊勢 大夢,6,救援,敗,17,4,0.1,1,1,0,0,1,1,27.00
20260502_C-D_07,2026-05-02,土,セ・リーグ公式戦,ホーム,広島東洋カープ,中日ドラゴンズ,Ｆ．ターノック,1,先発,,103,21,5,15,5,1,0,0,0,0.00
20260502_C-D_07,2026-05-02,土,セ・リーグ公式戦,ホーム,広島東洋カープ,中日ドラゴンズ,遠藤 淳志,2,救援,H,10,3,1,3,1,0,0,0,0,0.00
20260502_C-D_07,2026-05-02,土,セ・リーグ公式戦,ホーム,広島東洋カープ,中日ドラゴンズ,齊藤 汰直,3,救援,敗,20,7,0.2,2,1,1,0,4,4,54.00
20260502_C-D_07,2026-05-02,土,セ・リーグ公式戦,ホーム,広島東洋カープ,中日ドラゴンズ,塹江 敦哉,4,救援,,15,2,0.1,1,0,0,0,0,0,0.00
20260502_C-D_07,2026-05-02,土,セ・リーグ公式戦,ホーム,広島東洋カープ,中日ドラゴンズ,常廣 羽也斗,5,救援,,25,6,1,3,0,0,0,0,0,0.00
20260502_C-D_07,2026-05-02,土,セ・リーグ公式戦,ホーム,広島東洋カープ,中日ドラゴンズ,鈴木 健矢,6,救援,,14,5,1,3,0,0,0,0,0,0.00
20260502_T-G_07,2026-05-02,土,セ・リーグ公式戦,ホーム,阪神タイガース,読売ジャイアンツ,大竹 耕太郎,1,先発,勝,88,26,7,21,5,0,0,1,1,1.29
20260502_T-G_07,2026-05-02,土,セ・リーグ公式戦,ホーム,阪神タイガース,読売ジャイアンツ,桐敷 拓馬,2,救援,,11,3,1,3,0,0,0,0,0,0.00
20260502_T-G_07,2026-05-02,土,セ・リーグ公式戦,ホーム,阪神タイガース,読売ジャイアンツ,Ｄ．モレッタ,3,救援,,18,4,0+,0,0,0,0,4,4,
20260502_T-G_07,2026-05-02,土,セ・リーグ公式戦,ホーム,阪神タイガース,読売ジャイアンツ,Ｒ．ドリス,4,救援,S,10,3,1,3,1,0,0,0,0,0.00
20260502_M-L_08,2026-05-02,土,パ・リーグ公式戦,ビジター,埼玉西武ライオンズ,千葉ロッテマリーンズ,武内 夏暉,1,先発,勝,109,28,6.2,20,6,0,0,4,4,5.40
20260502_M-L_08,2026-05-02,土,パ・リーグ公式戦,ビジター,埼玉西武ライオンズ,千葉ロッテマリーンズ,甲斐野 央,2,救援,H,7,1,0.1,1,1,0,0,0,0,0.00
20260502_M-L_08,2026-05-02,土,パ・リーグ公式戦,ビジター,埼玉西武ライオンズ,千葉ロッテマリーンズ,篠原 響,3,救援,H,14,4,1,3,1,0,0,0,0,0.00
20260502_M-L_08,2026-05-02,土,パ・リーグ公式戦,ビジター,埼玉西武ライオンズ,千葉ロッテマリーンズ,岩城 颯空,4,救援,S,17,4,1,3,3,0,0,0,0,0.00
20260502_M-L_08,2026-05-02,土,パ・リーグ公式戦,ホーム,千葉ロッテマリーンズ,埼玉西武ライオンズ,田中 晴也,1,先発,敗,110,28,6,18,4,0,0,5,3,4.50
20260502_M-L_08,2026-05-02,土,パ・リーグ公式戦,ホーム,千葉ロッテマリーンズ,埼玉西武ライオンズ,高野 脩汰,2,救援,,12,3,1,3,1,0,0,0,0,0.00
20260502_M-L_08,2026-05-02,土,パ・リーグ公式戦,ホーム,千葉ロッテマリーンズ,埼玉西武ライオンズ,Ｓ．ロング,3,救援,,25,7,2,6,0,0,0,0,0,0.00
20260502_C-D_07,2026-05-02,土,セ・リーグ公式戦,ビジター,中日ドラゴンズ,広島東洋カープ,大野 雄大,1,先発,勝,99,23,6,18,4,0,0,0,0,0.00
20260502_C-D_07,2026-05-02,土,セ・リーグ公式戦,ビジター,中日ドラゴンズ,広島東洋カープ,Ｈ．メヒア,2,救援,,8,4,1,3,0,0,0,0,0,0.00
20260502_C-D_07,2026-05-02,土,セ・リーグ公式戦,ビジター,中日ドラゴンズ,広島東洋カープ,杉浦 稔大,3,救援,,15,5,1,3,0,0,0,0,0,0.00
20260502_C-D_07,2026-05-02,土,セ・リーグ公式戦,ビジター,中日ドラゴンズ,広島東洋カープ,藤嶋 健人,4,救援,,12,3,1,3,1,0,0,0,0,0.00
20260502_S-DB_07,2026-05-02,土,セ・リーグ公式戦,ホーム,東京ヤクルトスワローズ,横浜DeNAベイスターズ,小川 泰弘,1,先発,,85,22,5.1,16,4,0,0,4,4,6.75
20260502_S-DB_07,2026-05-02,土,セ・リーグ公式戦,ホーム,東京ヤクルトスワローズ,横浜DeNAベイスターズ,田口 麗斗,2,救援,,12,3,0.2,2,0,0,0,1,1,13.50
20260502_S-DB_07,2026-05-02,土,セ・リーグ公式戦,ホーム,東京ヤクルトスワローズ,横浜DeNAベイスターズ,拓也,3,救援,,9,3,1,3,1,0,0,0,0,0.00
20260502_S-DB_07,2026-05-02,土,セ・リーグ公式戦,ホーム,東京ヤクルトスワローズ,横浜DeNAベイスターズ,廣澤 優,4,救援,,11,3,1,3,0,0,0,0,0,0.00
20260502_S-DB_07,2026-05-02,土,セ・リーグ公式戦,ホーム,東京ヤクルトスワローズ,横浜DeNAベイスターズ,Ｊ．キハダ,5,救援,勝,20,4,1,3,0,0,0,0,0,0.00
20260502_H-E_08,2026-05-02,土,パ・リーグ公式戦,ビジター,東北楽天ゴールデンイーグルス,福岡ソフトバンクホークス,Ｊ．ウレーニャ,1,先発,敗,96,25,5,15,5,0,0,5,5,9.00
20260502_H-E_08,2026-05-02,土,パ・リーグ公式戦,ビジター,東北楽天ゴールデンイーグルス,福岡ソフトバンクホークス,柴田 大地,2,救援,,29,5,1,3,0,0,0,0,0,0.00
20260502_H-E_08,2026-05-02,土,パ・リーグ公式戦,ビジター,東北楽天ゴールデンイーグルス,福岡ソフトバンクホークス,津留﨑 大成,3,救援,,33,8,2,6,2,0,0,0,0,0.00
20260502_T-G_07,2026-05-02,土,セ・リーグ公式戦,ビジター,読売ジャイアンツ,阪神タイガース,又木 鉄平,1,先発,敗,109,27,5,15,3,0,0,2,2,3.60
20260502_T-G_07,2026-05-02,土,セ・リーグ公式戦,ビジター,読売ジャイアンツ,阪神タイガース,石川 達也,2,救援,,43,12,2,6,1,0,0,4,4,18.00
20260502_T-G_07,2026-05-02,土,セ・リーグ公式戦,ビジター,読売ジャイアンツ,阪神タイガース,Ｅ．ルシアーノ,3,救援,,17,4,1,3,0,0,0,1,1,9.00
20260502_H-E_08,2026-05-02,土,パ・リーグ公式戦,ホーム,福岡ソフトバンクホークス,東北楽天ゴールデンイーグルス,大津 亮介,1,先発,勝,106,29,7,21,7,0,0,0,0,0.00
20260502_H-E_08,2026-05-02,土,パ・リーグ公式戦,ホーム,福岡ソフトバンクホークス,東北楽天ゴールデンイーグルス,Ｒ．オスナ,2,救援,,15,3,1,3,1,0,0,0,0,0.00
20260502_H-E_08,2026-05-02,土,パ・リーグ公式戦,ホーム,福岡ソフトバンクホークス,東北楽天ゴールデンイーグルス,上茶谷 大河,3,救援,,12,3,1,3,1,0,0,0,0,0.00
20260502_F-B_08,2026-05-02,土,パ・リーグ公式戦,ホーム,北海道日本ハムファイターズ,オリックス・バファローズ,古林 睿煬,1,先発,,78,20,4,12,6,0,0,2,2,4.50
20260502_F-B_08,2026-05-02,土,パ・リーグ公式戦,ホーム,北海道日本ハムファイターズ,オリックス・バファローズ,福谷 浩司,2,救援,,13,5,1,3,0,0,0,2,2,18.00
20260502_F-B_08,2026-05-02,土,パ・リーグ公式戦,ホーム,北海道日本ハムファイターズ,オリックス・バファローズ,齋藤 友貴哉,3,救援,,18,7,1,3,0,0,0,3,3,27.00
20260502_F-B_08,2026-05-02,土,パ・リーグ公式戦,ホーム,北海道日本ハムファイターズ,オリックス・バファローズ,島本 浩也,4,救援,H,14,3,1,3,1,0,0,0,0,0.00
20260502_F-B_08,2026-05-02,土,パ・リーグ公式戦,ホーム,北海道日本ハムファイターズ,オリックス・バファローズ,田中 正義,5,救援,敗,19,4,0.2,2,1,0,0,2,2,27.00
20260502_F-B_08,2026-05-02,土,パ・リーグ公式戦,ホーム,北海道日本ハムファイターズ,オリックス・バファローズ,玉井 大翔,6,救援,,6,3,0.1,1,0,0,0,1,1,27.00
20260502_F-B_08,2026-05-02,土,パ・リーグ公式戦,ホーム,北海道日本ハムファイターズ,オリックス・バファローズ,生田目 翼,7,救援,,8,3,1,3,2,0,0,0,0,0.00
20260501_F-B_07,2026-05-01,金,パ・リーグ公式戦,ビジター,オリックス・バファローズ,北海道日本ハムファイターズ,曽谷 龍平,1,先発,敗,103,26,6,18,6,0,0,5,2,3.00
20260501_F-B_07,2026-05-01,金,パ・リーグ公式戦,ビジター,オリックス・バファローズ,北海道日本ハムファイターズ,入山 海斗,2,救援,,14,3,1,3,0,0,0,0,0,0.00
20260501_F-B_07,2026-05-01,金,パ・リーグ公式戦,ビジター,オリックス・バファローズ,北海道日本ハムファイターズ,博志,3,救援,,6,3,1,3,0,0,0,0,0,0.00
20260501_S-DB_06,2026-05-01,金,セ・リーグ公式戦,ビジター,横浜DeNAベイスターズ,東京ヤクルトスワローズ,平良 拳太郎,1,先発,敗,58,14,2,6,3,0,0,6,6,27.00
20260501_S-DB_06,2026-05-01,金,セ・リーグ公式戦,ビジター,横浜DeNAベイスターズ,東京ヤクルトスワローズ,中川 颯,2,救援,,47,11,2,6,1,0,0,3,3,13.50
20260501_S-DB_06,2026-05-01,金,セ・リーグ公式戦,ビジター,横浜DeNAベイスターズ,東京ヤクルトスワローズ,堀岡 隼人,3,救援,,37,10,2,6,2,1,0,3,3,13.50
20260501_S-DB_06,2026-05-01,金,セ・リーグ公式戦,ビジター,横浜DeNAベイスターズ,東京ヤクルトスワローズ,Ｈ．マルセリーノ,4,救援,,51,12,1.2,5,1,0,0,4,4,21.60
20260501_S-DB_06,2026-05-01,金,セ・リーグ公式戦,ビジター,横浜DeNAベイスターズ,東京ヤクルトスワローズ,柴田 竜拓,5,救援,,6,1,0.1,1,0,0,0,0,0,0.00
20260501_C-D_06,2026-05-01,金,セ・リーグ公式戦,ホーム,広島東洋カープ,中日ドラゴンズ,岡本 駿,1,先発,勝,93,27,5.1,16,4,1,0,1,1,1.69
20260501_C-D_06,2026-05-01,金,セ・リーグ公式戦,ホーム,広島東洋カープ,中日ドラゴンズ,髙 太一,2,救援,H,9,1,0.2,2,0,0,0,0,0,0.00
20260501_C-D_06,2026-05-01,金,セ・リーグ公式戦,ホーム,広島東洋カープ,中日ドラゴンズ,森浦 大輔,3,救援,H,17,4,1,3,2,0,0,0,0,0.00
20260501_C-D_06,2026-05-01,金,セ・リーグ公式戦,ホーム,広島東洋カープ,中日ドラゴンズ,齊藤 汰直,4,救援,,24,5,1,3,1,0,0,2,2,18.00
20260501_C-D_06,2026-05-01,金,セ・リーグ公式戦,ホーム,広島東洋カープ,中日ドラゴンズ,遠藤 淳志,5,救援,,13,3,1,3,1,0,0,0,0,0.00
20260501_T-G_06,2026-05-01,金,セ・リーグ公式戦,ホーム,阪神タイガース,読売ジャイアンツ,村上 頌樹,1,先発,敗,98,24,5,15,5,0,0,5,5,9.00
20260501_T-G_06,2026-05-01,金,セ・リーグ公式戦,ホーム,阪神タイガース,読売ジャイアンツ,湯浅 京己,2,救援,,14,3,1,3,2,0,0,0,0,0.00
20260501_T-G_06,2026-05-01,金,セ・リーグ公式戦,ホーム,阪神タイガース,読売ジャイアンツ,及川 雅貴,3,救援,,8,3,1,3,1,0,0,0,0,0.00
20260501_T-G_06,2026-05-01,金,セ・リーグ公式戦,ホーム,阪神タイガース,読売ジャイアンツ,工藤 泰成,4,救援,,11,4,1,3,0,0,0,0,0,0.00
20260501_T-G_06,2026-05-01,金,セ・リーグ公式戦,ホーム,阪神タイガース,読売ジャイアンツ,津田 淳哉,5,救援,,13,3,1,3,0,0,0,0,0,0.00
20260501_M-L_07,2026-05-01,金,パ・リーグ公式戦,ビジター,埼玉西武ライオンズ,千葉ロッテマリーンズ,佐藤 爽,1,先発,勝,102,24,7,21,9,0,0,0,0,0.00
20260501_M-L_07,2026-05-01,金,パ・リーグ公式戦,ビジター,埼玉西武ライオンズ,千葉ロッテマリーンズ,黒田 将矢,2,救援,,11,4,1,3,1,0,0,0,0,0.00
20260501_M-L_07,2026-05-01,金,パ・リーグ公式戦,ビジター,埼玉西武ライオンズ,千葉ロッテマリーンズ,糸川 亮太,3,救援,,24,5,1,3,2,0,0,0,0,0.00
20260501_M-L_07,2026-05-01,金,パ・リーグ公式戦,ホーム,千葉ロッテマリーンズ,埼玉西武ライオンズ,廣池 康志郎,1,先発,敗,78,21,4,12,5,0,0,4,4,9.00
20260501_M-L_07,2026-05-01,金,パ・リーグ公式戦,ホーム,千葉ロッテマリーンズ,埼玉西武ライオンズ,東妻 勇輔,2,救援,,51,14,2,6,0,0,0,5,2,9.00
20260501_M-L_07,2026-05-01,金,パ・リーグ公式戦,ホーム,千葉ロッテマリーンズ,埼玉西武ライオンズ,小野 郁,3,救援,,32,10,2,6,2,1,0,1,1,4.50
20260501_M-L_07,2026-05-01,金,パ・リーグ公式戦,ホーム,千葉ロッテマリーンズ,埼玉西武ライオンズ,益田 直也,4,救援,,15,4,1,3,0,0,0,0,0,0.00
20260501_C-D_06,2026-05-01,金,セ・リーグ公式戦,ビジター,中日ドラゴンズ,広島東洋カープ,柳 裕也,1,先発,敗,100,23,5,15,4,0,0,2,2,3.60
20260501_C-D_06,2026-05-01,金,セ・リーグ公式戦,ビジター,中日ドラゴンズ,広島東洋カープ,藤嶋 健人,2,救援,,16,4,1,3,2,0,0,0,0,0.00
20260501_C-D_06,2026-05-01,金,セ・リーグ公式戦,ビジター,中日ドラゴンズ,広島東洋カープ,齋藤 綱記,3,救援,,23,5,0.1,1,0,0,0,4,0,0.00
20260501_C-D_06,2026-05-01,金,セ・リーグ公式戦,ビジター,中日ドラゴンズ,広島東洋カープ,牧野 憲伸,4,救援,,10,3,0.2,2,0,0,0,0,0,0.00
20260501_C-D_06,2026-05-01,金,セ・リーグ公式戦,ビジター,中日ドラゴンズ,広島東洋カープ,根尾 昂,5,救援,,31,6,1,3,1,0,0,1,1,9.00
20260501_S-DB_06,2026-05-01,金,セ・リーグ公式戦,ホーム,東京ヤクルトスワローズ,横浜DeNAベイスターズ,松本 健吾,1,先発,勝,94,26,6,18,7,0,0,5,3,4.50
20260501_S-DB_06,2026-05-01,金,セ・リーグ公式戦,ホーム,東京ヤクルトスワローズ,横浜DeNAベイスターズ,荘司 宏太,2,救援,,21,4,1,3,3,0,0,0,0,0.00
20260501_S-DB_06,2026-05-01,金,セ・リーグ公式戦,ホーム,東京ヤクルトスワローズ,横浜DeNAベイスターズ,清水 昇,3,救援,,14,3,1,3,1,0,0,0,0,0.00
20260501_S-DB_06,2026-05-01,金,セ・リーグ公式戦,ホーム,東京ヤクルトスワローズ,横浜DeNAベイスターズ,丸山 翔大,4,救援,,30,4,1,3,3,0,0,0,0,0.00
20260501_H-E_07,2026-05-01,金,パ・リーグ公式戦,ビジター,東北楽天ゴールデンイーグルス,福岡ソフトバンクホークス,古謝 樹,1,先発,,95,23,5.1,16,3,0,0,1,1,1.69
20260501_H-E_07,2026-05-01,金,パ・リーグ公式戦,ビジター,東北楽天ゴールデンイーグルス,福岡ソフトバンクホークス,加治屋 蓮,2,救援,H,10,2,0.2,2,1,0,0,0,0,0.00
20260501_H-E_07,2026-05-01,金,パ・リーグ公式戦,ビジター,東北楽天ゴールデンイーグルス,福岡ソフトバンクホークス,西垣 雅矢,3,救援,敗,18,5,0.2,2,1,0,0,3,3,40.50
20260501_H-E_07,2026-05-01,金,パ・リーグ公式戦,ビジター,東北楽天ゴールデンイーグルス,福岡ソフトバンクホークス,宋 家豪,4,救援,,11,3,0.1,1,0,0,0,0,0,0.00
20260501_H-E_07,2026-05-01,金,パ・リーグ公式戦,ビジター,東北楽天ゴールデンイーグルス,福岡ソフトバンクホークス,中込 陽翔,5,救援,,12,3,1,3,0,0,0,0,0,0.00
20260501_T-G_06,2026-05-01,金,セ・リーグ公式戦,ビジター,読売ジャイアンツ,阪神タイガース,田中 将大,1,先発,勝,104,27,5.1,16,8,0,0,3,3,5.06
20260501_T-G_06,2026-05-01,金,セ・リーグ公式戦,ビジター,読売ジャイアンツ,阪神タイガース,船迫 大雅,2,救援,H,11,2,0.2,2,0,0,0,0,0,0.00
20260501_T-G_06,2026-05-01,金,セ・リーグ公式戦,ビジター,読売ジャイアンツ,阪神タイガース,田中 瑛斗,3,救援,H,13,4,1,3,0,0,0,0,0,0.00
20260501_T-G_06,2026-05-01,金,セ・リーグ公式戦,ビジター,読売ジャイアンツ,阪神タイガース,田和 廉,4,救援,H,14,3,0.1,1,0,0,0,0,0,0.00
20260501_T-G_06,2026-05-01,金,セ・リーグ公式戦,ビジター,読売ジャイアンツ,阪神タイガース,高梨 雄平,5,救援,H,12,2,0.2,2,2,0,0,0,0,0.00
20260501_T-G_06,2026-05-01,金,セ・リーグ公式戦,ビジター,読売ジャイアンツ,阪神タイガース,Ｒ．マルティネス,6,救援,S,11,3,1,3,2,0,0,0,0,0.00
20260501_H-E_07,2026-05-01,金,パ・リーグ公式戦,ホーム,福岡ソフトバンクホークス,東北楽天ゴールデンイーグルス,上沢 直之,1,先発,勝,118,30,7,21,7,0,0,1,0,0.00
20260501_H-E_07,2026-05-01,金,パ・リーグ公式戦,ホーム,福岡ソフトバンクホークス,東北楽天ゴールデンイーグルス,木村 光,2,救援,H,25,6,1,3,0,0,0,0,0,0.00
20260501_H-E_07,2026-05-01,金,パ・リーグ公式戦,ホーム,福岡ソフトバンクホークス,東北楽天ゴールデンイーグルス,松本 裕樹,3,救援,S,18,3,1,3,1,0,0,0,0,0.00
20260501_F-B_07,2026-05-01,金,パ・リーグ公式戦,ホーム,北海道日本ハムファイターズ,オリックス・バファローズ,加藤 貴之,1,先発,勝,85,25,5.2,17,1,0,0,1,1,1.59
20260501_F-B_07,2026-05-01,金,パ・リーグ公式戦,ホーム,北海道日本ハムファイターズ,オリックス・バファローズ,齋藤 友貴哉,2,救援,H,3,1,0.1,1,0,0,0,0,0,0.00
20260501_F-B_07,2026-05-01,金,パ・リーグ公式戦,ホーム,北海道日本ハムファイターズ,オリックス・バファローズ,上原 健太,3,救援,,15,4,1,3,2,0,0,0,0,0.00
20260501_F-B_07,2026-05-01,金,パ・リーグ公式戦,ホーム,北海道日本ハムファイターズ,オリックス・バファローズ,玉井 大翔,4,救援,,9,3,1,3,1,0,0,0,0,0.00
20260501_F-B_07,2026-05-01,金,パ・リーグ公式戦,ホーム,北海道日本ハムファイターズ,オリックス・バファローズ,田中 正義,5,救援,,9,3,1,3,2,0,0,0,0,0.00
20260430_D-DB_05,2026-04-30,木,セ・リーグ公式戦,ビジター,横浜DeNAベイスターズ,中日ドラゴンズ,篠木 健太郎,1,先発,勝,87,22,6,18,6,0,0,2,2,3.00
20260430_D-DB_05,2026-04-30,木,セ・リーグ公式戦,ビジター,横浜DeNAベイスターズ,中日ドラゴンズ,伊勢 大夢,2,救援,H,13,3,1,3,0,0,0,0,0,0.00
20260430_D-DB_05,2026-04-30,木,セ・リーグ公式戦,ビジター,横浜DeNAベイスターズ,中日ドラゴンズ,Ｓ．レイノルズ,3,救援,H,17,3,1,3,2,0,0,0,0,0.00
20260430_D-DB_05,2026-04-30,木,セ・リーグ公式戦,ビジター,横浜DeNAベイスターズ,中日ドラゴンズ,宮城 滝太,4,救援,,6,3,1,3,0,0,0,0,0,0.00
20260430_G-C_05,2026-04-30,木,セ・リーグ公式戦,ビジター,広島東洋カープ,読売ジャイアンツ,玉村 昇悟,1,先発,,87,21,5,15,5,0,1,1,1,1.80
20260430_G-C_05,2026-04-30,木,セ・リーグ公式戦,ビジター,広島東洋カープ,読売ジャイアンツ,髙 太一,2,救援,,15,3,1,3,1,0,0,0,0,0.00
20260430_G-C_05,2026-04-30,木,セ・リーグ公式戦,ビジター,広島東洋カープ,読売ジャイアンツ,森浦 大輔,3,救援,勝,17,4,1,3,0,0,0,1,1,9.00
20260430_G-C_05,2026-04-30,木,セ・リーグ公式戦,ビジター,広島東洋カープ,読売ジャイアンツ,Ｔ．ハーン,4,救援,H,12,3,1,3,2,0,0,0,0,0.00
20260430_G-C_05,2026-04-30,木,セ・リーグ公式戦,ビジター,広島東洋カープ,読売ジャイアンツ,中﨑 翔太,5,救援,S,14,4,1,3,0,0,0,0,0,0.00
20260430_S-T_06,2026-04-30,木,セ・リーグ公式戦,ビジター,阪神タイガース,東京ヤクルトスワローズ,西 勇輝,1,先発,勝,62,19,5,15,3,0,0,2,2,3.60
20260430_S-T_06,2026-04-30,木,セ・リーグ公式戦,ビジター,阪神タイガース,東京ヤクルトスワローズ,湯浅 京己,2,救援,,24,5,1,3,1,0,0,0,0,0.00
20260430_S-T_06,2026-04-30,木,セ・リーグ公式戦,ビジター,阪神タイガース,東京ヤクルトスワローズ,工藤 泰成,3,救援,,18,4,1,3,2,0,0,0,0,0.00
20260430_S-T_06,2026-04-30,木,セ・リーグ公式戦,ビジター,阪神タイガース,東京ヤクルトスワローズ,早川 太貴,4,救援,,12,4,1,3,0,0,0,0,0,0.00
20260430_S-T_06,2026-04-30,木,セ・リーグ公式戦,ビジター,阪神タイガース,東京ヤクルトスワローズ,石黒 佑弥,5,救援,,26,5,1,3,3,0,0,0,0,0.00
20260430_L-F_06,2026-04-30,木,パ・リーグ公式戦,ホーム,埼玉西武ライオンズ,北海道日本ハムファイターズ,隅田 知一郎,1,先発,,112,30,7.1,22,9,0,0,2,1,1.23
20260430_L-F_06,2026-04-30,木,パ・リーグ公式戦,ホーム,埼玉西武ライオンズ,北海道日本ハムファイターズ,甲斐野 央,2,救援,,7,2,0.2,2,1,0,0,0,0,0.00
20260430_L-F_06,2026-04-30,木,パ・リーグ公式戦,ホーム,埼玉西武ライオンズ,北海道日本ハムファイターズ,中村 祐太,3,救援,H,11,3,1,3,2,0,0,0,0,0.00
20260430_L-F_06,2026-04-30,木,パ・リーグ公式戦,ホーム,埼玉西武ライオンズ,北海道日本ハムファイターズ,浜屋 将太,4,救援,H,18,3,1,3,1,0,0,0,0,0.00
20260430_L-F_06,2026-04-30,木,パ・リーグ公式戦,ホーム,埼玉西武ライオンズ,北海道日本ハムファイターズ,羽田 慎之介,5,救援,敗,21,7,1,3,2,0,1,1,1,9.00
20260430_D-DB_05,2026-04-30,木,セ・リーグ公式戦,ホーム,中日ドラゴンズ,横浜DeNAベイスターズ,Ｋ．マラー,1,先発,敗,86,23,6.1,19,5,0,0,4,4,5.68
20260430_D-DB_05,2026-04-30,木,セ・リーグ公式戦,ホーム,中日ドラゴンズ,横浜DeNAベイスターズ,Ｈ．メヒア,2,救援,,23,4,0.2,2,1,1,0,0,0,0.00
20260430_D-DB_05,2026-04-30,木,セ・リーグ公式戦,ホーム,中日ドラゴンズ,横浜DeNAベイスターズ,齋藤 綱記,3,救援,,18,4,1,3,1,0,0,0,0,0.00
20260430_D-DB_05,2026-04-30,木,セ・リーグ公式戦,ホーム,中日ドラゴンズ,横浜DeNAベイスターズ,仲地 礼亜,4,救援,,18,6,1,3,1,0,0,2,2,18.00
20260430_S-T_06,2026-04-30,木,セ・リーグ公式戦,ホーム,東京ヤクルトスワローズ,阪神タイガース,高梨 裕稔,1,先発,敗,116,32,6.1,19,4,0,0,8,8,11.37
20260430_S-T_06,2026-04-30,木,セ・リーグ公式戦,ホーム,東京ヤクルトスワローズ,阪神タイガース,木澤 尚文,2,救援,,28,7,1,3,0,1,0,2,2,18.00
20260430_S-T_06,2026-04-30,木,セ・リーグ公式戦,ホーム,東京ヤクルトスワローズ,阪神タイガース,荘司 宏太,3,救援,,10,3,0.2,2,0,0,0,0,0,0.00
20260430_S-T_06,2026-04-30,木,セ・リーグ公式戦,ホーム,東京ヤクルトスワローズ,阪神タイガース,田口 麗斗,4,救援,,12,4,1,3,0,0,0,0,0,0.00
20260430_G-C_05,2026-04-30,木,セ・リーグ公式戦,ホーム,読売ジャイアンツ,広島東洋カープ,Ｆ．ウィットリー,1,先発,,92,21,6,18,10,0,0,0,0,0.00
20260430_G-C_05,2026-04-30,木,セ・リーグ公式戦,ホーム,読売ジャイアンツ,広島東洋カープ,中川 皓太,2,救援,H,9,4,0.2,2,0,0,0,0,0,0.00
20260430_G-C_05,2026-04-30,木,セ・リーグ公式戦,ホーム,読売ジャイアンツ,広島東洋カープ,船迫 大雅,3,救援,H,3,1,0.1,1,0,0,0,0,0,0.00
20260430_G-C_05,2026-04-30,木,セ・リーグ公式戦,ホーム,読売ジャイアンツ,広島東洋カープ,Ｅ．ルシアーノ,4,救援,敗,16,5,0.2,2,0,0,0,3,3,40.50
20260430_G-C_05,2026-04-30,木,セ・リーグ公式戦,ホーム,読売ジャイアンツ,広島東洋カープ,石川 達也,5,救援,,2,1,0.1,1,0,0,0,0,0,0.00
20260430_G-C_05,2026-04-30,木,セ・リーグ公式戦,ホーム,読売ジャイアンツ,広島東洋カープ,田和 廉,6,救援,,13,4,1,3,0,0,0,0,0,0.00
20260430_L-F_06,2026-04-30,木,パ・リーグ公式戦,ビジター,北海道日本ハムファイターズ,埼玉西武ライオンズ,伊藤 大海,1,先発,,112,28,7,21,7,0,1,2,1,1.29
20260430_L-F_06,2026-04-30,木,パ・リーグ公式戦,ビジター,北海道日本ハムファイターズ,埼玉西武ライオンズ,上原 健太,2,救援,H,10,3,1,3,0,0,0,0,0,0.00
20260430_L-F_06,2026-04-30,木,パ・リーグ公式戦,ビジター,北海道日本ハムファイターズ,埼玉西武ライオンズ,田中 正義,3,救援,H,7,3,1,3,1,0,0,0,0,0.00
20260430_L-F_06,2026-04-30,木,パ・リーグ公式戦,ビジター,北海道日本ハムファイターズ,埼玉西武ライオンズ,柳川 大晟,4,救援,勝,19,4,1,3,1,0,0,0,0,0.00
20260430_L-F_06,2026-04-30,木,パ・リーグ公式戦,ビジター,北海道日本ハムファイターズ,埼玉西武ライオンズ,島本 浩也,5,救援,S,21,5,1,3,0,0,0,0,0,0.00
20260429_B-H_05,2026-04-29,水,パ・リーグ公式戦,ホーム,オリックス・バファローズ,福岡ソフトバンクホークス,田嶋 大樹,1,先発,,95,21,5.2,17,6,0,0,3,3,4.76
20260429_B-H_05,2026-04-29,水,パ・リーグ公式戦,ホーム,オリックス・バファローズ,福岡ソフトバンクホークス,吉田 輝星,2,救援,H,10,2,0.1,1,0,0,0,0,0,0.00
20260429_B-H_05,2026-04-29,水,パ・リーグ公式戦,ホーム,オリックス・バファローズ,福岡ソフトバンクホークス,山﨑 颯一郎,3,救援,,9,2,0.1,1,0,0,0,1,1,27.00
20260429_B-H_05,2026-04-29,水,パ・リーグ公式戦,ホーム,オリックス・バファローズ,福岡ソフトバンクホークス,山田 修義,4,救援,,13,3,0.2,2,0,0,0,0,0,0.00
20260429_B-H_05,2026-04-29,水,パ・リーグ公式戦,ホーム,オリックス・バファローズ,福岡ソフトバンクホークス,寺西 成騎,5,救援,勝,17,4,1,3,2,0,0,0,0,0.00
20260429_B-H_05,2026-04-29,水,パ・リーグ公式戦,ホーム,オリックス・バファローズ,福岡ソフトバンクホークス,Ａ．マチャド,6,救援,S,13,3,1,3,1,0,0,0,0,0.00
20260429_D-DB_04,2026-04-29,水,セ・リーグ公式戦,ビジター,横浜DeNAベイスターズ,中日ドラゴンズ,島田 舜也,1,先発,,73,20,5,15,1,1,0,2,2,3.60
20260429_D-DB_04,2026-04-29,水,セ・リーグ公式戦,ビジター,横浜DeNAベイスターズ,中日ドラゴンズ,中川 虎大,2,救援,勝,10,3,1,3,1,0,0,0,0,0.00
20260429_D-DB_04,2026-04-29,水,セ・リーグ公式戦,ビジター,横浜DeNAベイスターズ,中日ドラゴンズ,Ｊ．ルイーズ,3,救援,H,8,4,1,3,0,0,0,0,0,0.00
20260429_D-DB_04,2026-04-29,水,セ・リーグ公式戦,ビジター,横浜DeNAベイスターズ,中日ドラゴンズ,Ｓ．レイノルズ,4,救援,H,13,3,1,3,2,0,0,0,0,0.00
20260429_D-DB_04,2026-04-29,水,セ・リーグ公式戦,ビジター,横浜DeNAベイスターズ,中日ドラゴンズ,山﨑 康晃,5,救援,S,15,4,1,3,0,0,0,0,0,0.00
20260429_G-C_04,2026-04-29,水,セ・リーグ公式戦,ビジター,広島東洋カープ,読売ジャイアンツ,森下 暢仁,1,先発,敗,67,18,4,12,3,0,0,4,4,9.00
20260429_G-C_04,2026-04-29,水,セ・リーグ公式戦,ビジター,広島東洋カープ,読売ジャイアンツ,遠藤 淳志,2,救援,,38,7,1.2,5,3,0,0,0,0,0.00
20260429_G-C_04,2026-04-29,水,セ・リーグ公式戦,ビジター,広島東洋カープ,読売ジャイアンツ,塹江 敦哉,3,救援,,28,7,1.1,4,3,0,0,0,0,0.00
20260429_G-C_04,2026-04-29,水,セ・リーグ公式戦,ビジター,広島東洋カープ,読売ジャイアンツ,常廣 羽也斗,4,救援,,27,4,1,3,2,0,0,0,0,0.00
20260429_S-T_05,2026-04-29,水,セ・リーグ公式戦,ビジター,阪神タイガース,東京ヤクルトスワローズ,髙橋 遥人,1,先発,勝,110,28,9,27,7,0,0,0,0,0.00
20260429_L-F_05,2026-04-29,水,パ・リーグ公式戦,ホーム,埼玉西武ライオンズ,北海道日本ハムファイターズ,髙橋 光成,1,先発,勝,100,25,7,21,4,0,0,0,0,0.00
20260429_L-F_05,2026-04-29,水,パ・リーグ公式戦,ホーム,埼玉西武ライオンズ,北海道日本ハムファイターズ,篠原 響,2,救援,H,11,3,1,3,0,0,0,0,0,0.00
20260429_L-F_05,2026-04-29,水,パ・リーグ公式戦,ホーム,埼玉西武ライオンズ,北海道日本ハムファイターズ,甲斐野 央,3,救援,S,19,5,1,3,1,0,0,0,0,0.00
20260429_M-E_05,2026-04-29,水,パ・リーグ公式戦,ホーム,千葉ロッテマリーンズ,東北楽天ゴールデンイーグルス,西野 勇士,1,先発,,68,20,4.1,13,3,0,0,2,2,4.15
20260429_M-E_05,2026-04-29,水,パ・リーグ公式戦,ホーム,千葉ロッテマリーンズ,東北楽天ゴールデンイーグルス,八木 彬,2,救援,勝,1,1,0.2,2,0,0,0,0,0,0.00
20260429_M-E_05,2026-04-29,水,パ・リーグ公式戦,ホーム,千葉ロッテマリーンズ,東北楽天ゴールデンイーグルス,澤田 圭佑,3,救援,H,8,3,1,3,1,0,0,0,0,0.00
20260429_M-E_05,2026-04-29,水,パ・リーグ公式戦,ホーム,千葉ロッテマリーンズ,東北楽天ゴールデンイーグルス,Ｓ．ロング,4,救援,H,17,4,1,3,1,0,0,1,1,9.00
20260429_M-E_05,2026-04-29,水,パ・リーグ公式戦,ホーム,千葉ロッテマリーンズ,東北楽天ゴールデンイーグルス,鈴木 昭汰,5,救援,H,10,3,1,3,1,0,0,0,0,0.00
20260429_M-E_05,2026-04-29,水,パ・リーグ公式戦,ホーム,千葉ロッテマリーンズ,東北楽天ゴールデンイーグルス,横山 陸人,6,救援,S,3,3,1,3,0,0,0,0,0,0.00
20260429_D-DB_04,2026-04-29,水,セ・リーグ公式戦,ホーム,中日ドラゴンズ,横浜DeNAベイスターズ,櫻井 頼之介,1,先発,敗,102,27,6.2,20,9,0,0,4,4,5.40
20260429_D-DB_04,2026-04-29,水,セ・リーグ公式戦,ホーム,中日ドラゴンズ,横浜DeNAベイスターズ,吉田 聖弥,2,救援,,14,3,0.1,1,0,0,0,0,0,0.00
20260429_D-DB_04,2026-04-29,水,セ・リーグ公式戦,ホーム,中日ドラゴンズ,横浜DeNAベイスターズ,藤嶋 健人,3,救援,,11,3,1,3,1,0,0,0,0,0.00
20260429_D-DB_04,2026-04-29,水,セ・リーグ公式戦,ホーム,中日ドラゴンズ,横浜DeNAベイスターズ,牧野 憲伸,4,救援,,13,3,1,3,1,0,0,0,0,0.00
20260429_S-T_05,2026-04-29,水,セ・リーグ公式戦,ホーム,東京ヤクルトスワローズ,阪神タイガース,山野 太一,1,先発,敗,107,24,5.2,17,11,0,0,2,1,1.59
20260429_S-T_05,2026-04-29,水,セ・リーグ公式戦,ホーム,東京ヤクルトスワローズ,阪神タイガース,拓也,2,救援,,4,1,0.1,1,1,0,0,0,0,0.00
20260429_S-T_05,2026-04-29,水,セ・リーグ公式戦,ホーム,東京ヤクルトスワローズ,阪神タイガース,丸山 翔大,3,救援,,19,4,1,3,2,0,0,0,0,0.00
20260429_S-T_05,2026-04-29,水,セ・リーグ公式戦,ホーム,東京ヤクルトスワローズ,阪神タイガース,廣澤 優,4,救援,,9,3,1,3,1,0,0,0,0,0.00
20260429_S-T_05,2026-04-29,水,セ・リーグ公式戦,ホーム,東京ヤクルトスワローズ,阪神タイガース,星 知弥,5,救援,,16,5,1,3,1,0,0,0,0,0.00
20260429_M-E_05,2026-04-29,水,パ・リーグ公式戦,ビジター,東北楽天ゴールデンイーグルス,千葉ロッテマリーンズ,前田 健太,1,先発,敗,88,20,4+,12,3,0,0,5,5,11.25
20260429_M-E_05,2026-04-29,水,パ・リーグ公式戦,ビジター,東北楽天ゴールデンイーグルス,千葉ロッテマリーンズ,柴田 大地,2,救援,,16,4,1,3,0,0,0,0,0,0.00
20260429_M-E_05,2026-04-29,水,パ・リーグ公式戦,ビジター,東北楽天ゴールデンイーグルス,千葉ロッテマリーンズ,宋 家豪,3,救援,,19,4,1,3,0,0,0,0,0,0.00
20260429_M-E_05,2026-04-29,水,パ・リーグ公式戦,ビジター,東北楽天ゴールデンイーグルス,千葉ロッテマリーンズ,加治屋 蓮,4,救援,,12,3,1,3,2,0,0,0,0,0.00
20260429_M-E_05,2026-04-29,水,パ・リーグ公式戦,ビジター,東北楽天ゴールデンイーグルス,千葉ロッテマリーンズ,内 星龍,5,救援,,13,3,1,3,1,0,0,0,0,0.00
20260429_G-C_04,2026-04-29,水,セ・リーグ公式戦,ホーム,読売ジャイアンツ,広島東洋カープ,竹丸 和幸,1,先発,勝,94,25,6,18,3,1,0,2,2,3.00
20260429_G-C_04,2026-04-29,水,セ・リーグ公式戦,ホーム,読売ジャイアンツ,広島東洋カープ,中川 皓太,2,救援,H,13,3,0.2,2,1,0,0,0,0,0.00
20260429_G-C_04,2026-04-29,水,セ・リーグ公式戦,ホーム,読売ジャイアンツ,広島東洋カープ,田中 瑛斗,3,救援,H,5,1,0.1,1,0,0,0,0,0,0.00
20260429_G-C_04,2026-04-29,水,セ・リーグ公式戦,ホーム,読売ジャイアンツ,広島東洋カープ,Ｅ．ルシアーノ,4,救援,H,13,3,1,3,1,0,0,0,0,0.00
20260429_G-C_04,2026-04-29,水,セ・リーグ公式戦,ホーム,読売ジャイアンツ,広島東洋カープ,Ｒ．マルティネス,5,救援,S,19,3,1,3,1,0,0,0,0,0.00
20260429_B-H_05,2026-04-29,水,パ・リーグ公式戦,ビジター,福岡ソフトバンクホークス,オリックス・バファローズ,大関 友久,1,先発,,88,21,4,12,3,0,0,3,2,4.50
20260429_B-H_05,2026-04-29,水,パ・リーグ公式戦,ビジター,福岡ソフトバンクホークス,オリックス・バファローズ,尾形 崇斗,2,救援,,28,7,2,6,6,1,0,0,0,0.00
20260429_B-H_05,2026-04-29,水,パ・リーグ公式戦,ビジター,福岡ソフトバンクホークス,オリックス・バファローズ,木村 光,3,救援,H,20,3,1,3,1,0,0,0,0,0.00
20260429_B-H_05,2026-04-29,水,パ・リーグ公式戦,ビジター,福岡ソフトバンクホークス,オリックス・バファローズ,Ｒ．オスナ,4,救援,敗,19,5,1,3,0,0,0,2,2,18.00
20260429_L-F_05,2026-04-29,水,パ・リーグ公式戦,ビジター,北海道日本ハムファイターズ,埼玉西武ライオンズ,達 孝太,1,先発,敗,105,28,7,21,6,0,0,3,2,2.57
20260429_L-F_05,2026-04-29,水,パ・リーグ公式戦,ビジター,北海道日本ハムファイターズ,埼玉西武ライオンズ,齋藤 友貴哉,2,救援,,13,3,1,3,0,0,0,0,0,0.00
20260428_B-H_04,2026-04-28,火,パ・リーグ公式戦,ホーム,オリックス・バファローズ,福岡ソフトバンクホークス,Ｓ．ジェリー,1,先発,,85,22,6,18,5,1,0,0,0,0.00
20260428_B-H_04,2026-04-28,火,パ・リーグ公式戦,ホーム,オリックス・バファローズ,福岡ソフトバンクホークス,山﨑 颯一郎,2,救援,,21,6,1,3,2,0,0,1,1,9.00
20260428_B-H_04,2026-04-28,火,パ・リーグ公式戦,ホーム,オリックス・バファローズ,福岡ソフトバンクホークス,椋木 蓮,3,救援,敗,16,6,0.2,2,0,0,0,3,3,40.50
20260428_B-H_04,2026-04-28,火,パ・リーグ公式戦,ホーム,オリックス・バファローズ,福岡ソフトバンクホークス,山田 修義,4,救援,,3,1,0.1,1,1,0,0,0,0,0.00
20260428_B-H_04,2026-04-28,火,パ・リーグ公式戦,ホーム,オリックス・バファローズ,福岡ソフトバンクホークス,権田 琉成,5,救援,,30,4,0.1,1,0,0,0,3,3,81.00
20260428_B-H_04,2026-04-28,火,パ・リーグ公式戦,ホーム,オリックス・バファローズ,福岡ソフトバンクホークス,片山 楽生,6,救援,,12,3,0.2,2,0,0,0,0,0,0.00
20260428_D-DB_03,2026-04-28,火,セ・リーグ公式戦,ビジター,横浜DeNAベイスターズ,中日ドラゴンズ,東 克樹,1,先発,敗,91,24,6,18,3,0,0,3,3,4.50
20260428_D-DB_03,2026-04-28,火,セ・リーグ公式戦,ビジター,横浜DeNAベイスターズ,中日ドラゴンズ,伊勢 大夢,2,救援,,13,4,1,3,0,0,0,0,0,0.00
20260428_D-DB_03,2026-04-28,火,セ・リーグ公式戦,ビジター,横浜DeNAベイスターズ,中日ドラゴンズ,Ｈ．マルセリーノ,3,救援,,20,4,1,3,2,0,0,0,0,0.00
20260428_G-C_03,2026-04-28,火,セ・リーグ公式戦,ビジター,広島東洋カープ,読売ジャイアンツ,床田 寛樹,1,先発,勝,118,28,8,24,5,0,0,1,1,1.13
20260428_G-C_03,2026-04-28,火,セ・リーグ公式戦,ビジター,広島東洋カープ,読売ジャイアンツ,鈴木 健矢,2,救援,,19,4,1,3,0,0,0,0,0,0.00
20260428_S-T_04,2026-04-28,火,セ・リーグ公式戦,ビジター,阪神タイガース,東京ヤクルトスワローズ,才木 浩人,1,先発,敗,52,14,2,6,3,0,0,6,5,22.50
20260428_S-T_04,2026-04-28,火,セ・リーグ公式戦,ビジター,阪神タイガース,東京ヤクルトスワローズ,早川 太貴,2,救援,,20,6,2,6,0,0,0,0,0,0.00
20260428_S-T_04,2026-04-28,火,セ・リーグ公式戦,ビジター,阪神タイガース,東京ヤクルトスワローズ,石黒 佑弥,3,救援,,36,8,2,6,5,0,0,1,1,4.50
20260428_S-T_04,2026-04-28,火,セ・リーグ公式戦,ビジター,阪神タイガース,東京ヤクルトスワローズ,富田 蓮,4,救援,,43,10,2,6,2,0,0,3,3,13.50
20260428_L-F_04,2026-04-28,火,パ・リーグ公式戦,ホーム,埼玉西武ライオンズ,北海道日本ハムファイターズ,渡邉 勇太朗,1,先発,,117,30,8,24,6,0,0,1,1,1.13
20260428_L-F_04,2026-04-28,火,パ・リーグ公式戦,ホーム,埼玉西武ライオンズ,北海道日本ハムファイターズ,岩城 颯空,2,救援,敗,19,4,1,3,1,0,0,1,1,9.00
20260428_M-E_04,2026-04-28,火,パ・リーグ公式戦,ホーム,千葉ロッテマリーンズ,東北楽天ゴールデンイーグルス,Ａ．ジャクソン,1,先発,勝,116,26,7,21,12,0,0,0,0,0.00
20260428_M-E_04,2026-04-28,火,パ・リーグ公式戦,ホーム,千葉ロッテマリーンズ,東北楽天ゴールデンイーグルス,鈴木 昭汰,2,救援,H,9,3,1,3,0,0,0,0,0,0.00
20260428_M-E_04,2026-04-28,火,パ・リーグ公式戦,ホーム,千葉ロッテマリーンズ,東北楽天ゴールデンイーグルス,横山 陸人,3,救援,S,25,5,1,3,1,0,0,1,1,9.00
20260428_D-DB_03,2026-04-28,火,セ・リーグ公式戦,ホーム,中日ドラゴンズ,横浜DeNAベイスターズ,金丸 夢斗,1,先発,勝,98,24,7,21,4,0,0,0,0,0.00
20260428_D-DB_03,2026-04-28,火,セ・リーグ公式戦,ホーム,中日ドラゴンズ,横浜DeNAベイスターズ,杉浦 稔大,2,救援,H,17,4,1,3,0,0,0,0,0,0.00
20260428_D-DB_03,2026-04-28,火,セ・リーグ公式戦,ホーム,中日ドラゴンズ,横浜DeNAベイスターズ,松山 晋也,3,救援,S,25,6,1,3,0,0,0,0,0,0.00
20260428_S-T_04,2026-04-28,火,セ・リーグ公式戦,ホーム,東京ヤクルトスワローズ,阪神タイガース,吉村 貢司郎,1,先発,勝,90,21,5,15,2,0,0,4,4,7.20
20260428_S-T_04,2026-04-28,火,セ・リーグ公式戦,ホーム,東京ヤクルトスワローズ,阪神タイガース,荘司 宏太,2,救援,H,14,3,1,3,0,0,0,0,0,0.00
20260428_S-T_04,2026-04-28,火,セ・リーグ公式戦,ホーム,東京ヤクルトスワローズ,阪神タイガース,清水 昇,3,救援,H,22,5,1,3,1,0,0,0,0,0.00
20260428_S-T_04,2026-04-28,火,セ・リーグ公式戦,ホーム,東京ヤクルトスワローズ,阪神タイガース,木澤 尚文,4,救援,,13,4,1,3,0,0,0,0,0,0.00
20260428_S-T_04,2026-04-28,火,セ・リーグ公式戦,ホーム,東京ヤクルトスワローズ,阪神タイガース,田口 麗斗,5,救援,,29,7,1,3,1,0,0,1,1,9.00
20260428_M-E_04,2026-04-28,火,パ・リーグ公式戦,ビジター,東北楽天ゴールデンイーグルス,千葉ロッテマリーンズ,荘司 康誠,1,先発,敗,106,26,6,18,9,0,0,3,3,4.50
20260428_M-E_04,2026-04-28,火,パ・リーグ公式戦,ビジター,東北楽天ゴールデンイーグルス,千葉ロッテマリーンズ,宋 家豪,2,救援,,14,3,1,3,0,0,0,0,0,0.00
20260428_M-E_04,2026-04-28,火,パ・リーグ公式戦,ビジター,東北楽天ゴールデンイーグルス,千葉ロッテマリーンズ,渡辺 翔太,3,救援,,13,4,1,3,0,0,0,0,0,0.00
20260428_G-C_03,2026-04-28,火,セ・リーグ公式戦,ホーム,読売ジャイアンツ,広島東洋カープ,則本 昂大,1,先発,敗,98,27,5,15,3,0,0,6,6,10.80
20260428_G-C_03,2026-04-28,火,セ・リーグ公式戦,ホーム,読売ジャイアンツ,広島東洋カープ,赤星 優志,2,救援,,33,9,2,6,3,0,0,1,1,4.50
20260428_G-C_03,2026-04-28,火,セ・リーグ公式戦,ホーム,読売ジャイアンツ,広島東洋カープ,田和 廉,3,救援,,22,4,1,3,0,0,0,0,0,0.00
20260428_G-C_03,2026-04-28,火,セ・リーグ公式戦,ホーム,読売ジャイアンツ,広島東洋カープ,北浦 竜次,4,救援,,20,7,1,3,0,0,0,4,4,36.00
20260428_B-H_04,2026-04-28,火,パ・リーグ公式戦,ビジター,福岡ソフトバンクホークス,オリックス・バファローズ,松本 晴,1,先発,,101,23,6,18,8,1,1,1,1,1.50
20260428_B-H_04,2026-04-28,火,パ・リーグ公式戦,ビジター,福岡ソフトバンクホークス,オリックス・バファローズ,上茶谷 大河,2,救援,勝,6,3,1,3,0,0,0,0,0,0.00
20260428_B-H_04,2026-04-28,火,パ・リーグ公式戦,ビジター,福岡ソフトバンクホークス,オリックス・バファローズ,Ｄ．ヘルナンデス,3,救援,,21,4,0.1,1,1,0,0,0,0,0.00
20260428_B-H_04,2026-04-28,火,パ・リーグ公式戦,ビジター,福岡ソフトバンクホークス,オリックス・バファローズ,木村 光,4,救援,H,3,1,0.2,2,0,0,0,0,0,0.00
20260428_B-H_04,2026-04-28,火,パ・リーグ公式戦,ビジター,福岡ソフトバンクホークス,オリックス・バファローズ,津森 宥紀,5,救援,,9,3,1,3,0,0,0,0,0,0.00
20260428_L-F_04,2026-04-28,火,パ・リーグ公式戦,ビジター,北海道日本ハムファイターズ,埼玉西武ライオンズ,細野 晴希,1,先発,,94,28,7.2,23,6,0,0,1,1,1.17
20260428_L-F_04,2026-04-28,火,パ・リーグ公式戦,ビジター,北海道日本ハムファイターズ,埼玉西武ライオンズ,玉井 大翔,2,救援,勝,4,1,0.1,1,0,0,0,0,0,0.00
20260428_L-F_04,2026-04-28,火,パ・リーグ公式戦,ビジター,北海道日本ハムファイターズ,埼玉西武ライオンズ,柳川 大晟,3,救援,S,18,4,1,3,0,0,0,0,0,0.00
20260426_B-F_06,2026-04-26,日,パ・リーグ公式戦,ホーム,オリックス・バファローズ,北海道日本ハムファイターズ,九里 亜蓮,1,先発,勝,113,32,8,24,6,0,0,4,4,4.50
20260426_B-F_06,2026-04-26,日,パ・リーグ公式戦,ホーム,オリックス・バファローズ,北海道日本ハムファイターズ,入山 海斗,2,救援,,7,3,1,3,0,0,0,0,0,0.00
20260426_DB-G_06,2026-04-26,日,セ・リーグ公式戦,ホーム,横浜DeNAベイスターズ,読売ジャイアンツ,石田 裕太郎,1,先発,敗,103,23,6,18,6,0,0,2,2,3.00
20260426_DB-G_06,2026-04-26,日,セ・リーグ公式戦,ホーム,横浜DeNAベイスターズ,読売ジャイアンツ,Ｊ．ルイーズ,2,救援,,6,4,1,3,0,0,0,0,0,0.00
20260426_DB-G_06,2026-04-26,日,セ・リーグ公式戦,ホーム,横浜DeNAベイスターズ,読売ジャイアンツ,坂本 裕哉,3,救援,,36,8,1,3,0,0,0,2,0,0.00
20260426_DB-G_06,2026-04-26,日,セ・リーグ公式戦,ホーム,横浜DeNAベイスターズ,読売ジャイアンツ,宮城 滝太,4,救援,,16,4,1,3,1,0,0,0,0,0.00
20260426_T-C_05,2026-04-26,日,セ・リーグ公式戦,ビジター,広島東洋カープ,阪神タイガース,栗林 良吏,1,先発,敗,86,25,7,21,4,0,0,1,1,1.29
20260426_T-C_05,2026-04-26,日,セ・リーグ公式戦,ビジター,広島東洋カープ,阪神タイガース,髙 太一,2,救援,,16,4,1,3,2,0,0,0,0,0.00
20260426_T-C_05,2026-04-26,日,セ・リーグ公式戦,ホーム,阪神タイガース,広島東洋カープ,大竹 耕太郎,1,先発,勝,105,25,7,21,6,0,0,0,0,0.00
20260426_T-C_05,2026-04-26,日,セ・リーグ公式戦,ホーム,阪神タイガース,広島東洋カープ,桐敷 拓馬,2,救援,H,16,4,1,3,0,0,0,0,0,0.00
20260426_T-C_05,2026-04-26,日,セ・リーグ公式戦,ホーム,阪神タイガース,広島東洋カープ,Ｒ．ドリス,3,救援,S,17,4,1,3,1,0,0,0,0,0.00
20260426_E-L_05,2026-04-26,日,パ・リーグ公式戦,ビジター,埼玉西武ライオンズ,東北楽天ゴールデンイーグルス,平良 海馬,1,先発,,116,25,7,21,10,0,0,0,0,0.00
20260426_E-L_05,2026-04-26,日,パ・リーグ公式戦,ビジター,埼玉西武ライオンズ,東北楽天ゴールデンイーグルス,篠原 響,2,救援,H,12,5,1,3,1,0,0,0,0,0.00
20260426_E-L_05,2026-04-26,日,パ・リーグ公式戦,ビジター,埼玉西武ライオンズ,東北楽天ゴールデンイーグルス,甲斐野 央,3,救援,勝,13,3,1,3,0,0,0,0,0,0.00
20260426_E-L_05,2026-04-26,日,パ・リーグ公式戦,ビジター,埼玉西武ライオンズ,東北楽天ゴールデンイーグルス,岩城 颯空,4,救援,S,17,4,1,3,1,0,0,0,0,0.00
20260426_H-M_05,2026-04-26,日,パ・リーグ公式戦,ビジター,千葉ロッテマリーンズ,福岡ソフトバンクホークス,田中 晴也,1,先発,,13,3,1+,3,2,0,0,0,0,0.00
20260426_D-S_06,2026-04-26,日,セ・リーグ公式戦,ホーム,中日ドラゴンズ,東京ヤクルトスワローズ,髙橋 宏斗,1,先発,勝,125,27,7,21,7,0,0,0,0,0.00
20260426_D-S_06,2026-04-26,日,セ・リーグ公式戦,ホーム,中日ドラゴンズ,東京ヤクルトスワローズ,杉浦 稔大,2,救援,H,11,3,1,3,0,0,0,0,0,0.00
20260426_D-S_06,2026-04-26,日,セ・リーグ公式戦,ホーム,中日ドラゴンズ,東京ヤクルトスワローズ,松山 晋也,3,救援,S,12,3,1,3,0,0,0,0,0,0.00
20260426_D-S_06,2026-04-26,日,セ・リーグ公式戦,ビジター,東京ヤクルトスワローズ,中日ドラゴンズ,奥川 恭伸,1,先発,敗,96,24,6,18,2,0,0,1,1,1.50
20260426_D-S_06,2026-04-26,日,セ・リーグ公式戦,ビジター,東京ヤクルトスワローズ,中日ドラゴンズ,田口 麗斗,2,救援,,14,4,1,3,0,0,0,0,0,0.00
20260426_D-S_06,2026-04-26,日,セ・リーグ公式戦,ビジター,東京ヤクルトスワローズ,中日ドラゴンズ,廣澤 優,3,救援,,28,6,1,3,2,0,0,2,2,18.00
20260426_E-L_05,2026-04-26,日,パ・リーグ公式戦,ホーム,東北楽天ゴールデンイーグルス,埼玉西武ライオンズ,早川 隆久,1,先発,,103,29,8,24,9,0,0,0,0,0.00
20260426_E-L_05,2026-04-26,日,パ・リーグ公式戦,ホーム,東北楽天ゴールデンイーグルス,埼玉西武ライオンズ,藤平 尚真,2,救援,H,25,5,1,3,0,0,0,0,0,0.00
20260426_E-L_05,2026-04-26,日,パ・リーグ公式戦,ホーム,東北楽天ゴールデンイーグルス,埼玉西武ライオンズ,加治屋 蓮,3,救援,敗,21,6,0.2,2,0,0,0,3,2,27.00
20260426_E-L_05,2026-04-26,日,パ・リーグ公式戦,ホーム,東北楽天ゴールデンイーグルス,埼玉西武ライオンズ,柴田 大地,4,救援,,9,3,0.1,1,0,0,0,0,0,0.00
20260426_DB-G_06,2026-04-26,日,セ・リーグ公式戦,ビジター,読売ジャイアンツ,横浜DeNAベイスターズ,井上 温大,1,先発,勝,86,21,6,18,3,0,0,1,0,0.00
20260426_DB-G_06,2026-04-26,日,セ・リーグ公式戦,ビジター,読売ジャイアンツ,横浜DeNAベイスターズ,田中 瑛斗,2,救援,H,9,3,1,3,1,0,0,0,0,0.00
20260426_DB-G_06,2026-04-26,日,セ・リーグ公式戦,ビジター,読売ジャイアンツ,横浜DeNAベイスターズ,大勢,3,救援,H,12,3,1,3,1,0,0,0,0,0.00
20260426_DB-G_06,2026-04-26,日,セ・リーグ公式戦,ビジター,読売ジャイアンツ,横浜DeNAベイスターズ,Ｒ．マルティネス,4,救援,S,10,3,1,3,1,0,0,0,0,0.00
20260426_H-M_05,2026-04-26,日,パ・リーグ公式戦,ホーム,福岡ソフトバンクホークス,千葉ロッテマリーンズ,前田 悠伍,1,先発,,31,7,2,6,2,0,0,1,1,4.50
20260426_B-F_06,2026-04-26,日,パ・リーグ公式戦,ビジター,北海道日本ハムファイターズ,オリックス・バファローズ,有原 航平,1,先発,敗,71,19,3.1,10,4,0,0,8,8,21.60
20260426_B-F_06,2026-04-26,日,パ・リーグ公式戦,ビジター,北海道日本ハムファイターズ,オリックス・バファローズ,生田目 翼,2,救援,,20,7,1.2,5,1,0,0,1,1,5.40
20260426_B-F_06,2026-04-26,日,パ・リーグ公式戦,ビジター,北海道日本ハムファイターズ,オリックス・バファローズ,齋藤 友貴哉,3,救援,,11,3,1,3,0,0,0,0,0,0.00
20260426_B-F_06,2026-04-26,日,パ・リーグ公式戦,ビジター,北海道日本ハムファイターズ,オリックス・バファローズ,山本 拓実,4,救援,,29,7,2,6,3,0,0,0,0,0.00
20260425_B-F_05,2026-04-25,土,パ・リーグ公式戦,ホーム,オリックス・バファローズ,北海道日本ハムファイターズ,髙島 泰都,1,先発,勝,82,20,5,15,6,0,0,1,1,1.80
20260425_B-F_05,2026-04-25,土,パ・リーグ公式戦,ホーム,オリックス・バファローズ,北海道日本ハムファイターズ,寺西 成騎,2,救援,H,32,7,1.1,4,2,0,0,1,1,6.75
20260425_B-F_05,2026-04-25,土,パ・リーグ公式戦,ホーム,オリックス・バファローズ,北海道日本ハムファイターズ,山田 修義,3,救援,H,12,2,0.1,1,0,0,0,0,0,0.00
20260425_B-F_05,2026-04-25,土,パ・リーグ公式戦,ホーム,オリックス・バファローズ,北海道日本ハムファイターズ,吉田 輝星,4,救援,H,1,1,0.1,1,0,0,0,0,0,0.00
20260425_B-F_05,2026-04-25,土,パ・リーグ公式戦,ホーム,オリックス・バファローズ,北海道日本ハムファイターズ,山﨑 颯一郎,5,救援,H,12,4,1,3,2,0,0,0,0,0.00
20260425_B-F_05,2026-04-25,土,パ・リーグ公式戦,ホーム,オリックス・バファローズ,北海道日本ハムファイターズ,Ａ．マチャド,6,救援,S,13,3,1,3,1,0,0,0,0,0.00
20260425_DB-G_05,2026-04-25,土,セ・リーグ公式戦,ホーム,横浜DeNAベイスターズ,読売ジャイアンツ,片山 皓心,1,先発,敗,70,20,2.2,8,2,0,0,7,7,23.63
20260425_DB-G_05,2026-04-25,土,セ・リーグ公式戦,ホーム,横浜DeNAベイスターズ,読売ジャイアンツ,中川 颯,2,救援,,36,9,2.1,7,1,0,0,0,0,0.00
20260425_DB-G_05,2026-04-25,土,セ・リーグ公式戦,ホーム,横浜DeNAベイスターズ,読売ジャイアンツ,Ｈ．マルセリーノ,3,救援,,11,4,1,3,0,0,0,0,0,0.00
20260425_DB-G_05,2026-04-25,土,セ・リーグ公式戦,ホーム,横浜DeNAベイスターズ,読売ジャイアンツ,堀岡 隼人,4,救援,,26,7,2,6,1,0,0,0,0,0.00
20260425_DB-G_05,2026-04-25,土,セ・リーグ公式戦,ホーム,横浜DeNAベイスターズ,読売ジャイアンツ,宮城 滝太,5,救援,,9,3,1,3,1,0,0,0,0,0.00
20260425_T-C_04,2026-04-25,土,セ・リーグ公式戦,ビジター,広島東洋カープ,阪神タイガース,Ｆ．ターノック,1,先発,,106,25,6,18,6,0,0,1,1,1.50
20260425_T-C_04,2026-04-25,土,セ・リーグ公式戦,ビジター,広島東洋カープ,阪神タイガース,髙 太一,2,救援,H,17,4,1,3,0,0,0,0,0,0.00
20260425_T-C_04,2026-04-25,土,セ・リーグ公式戦,ビジター,広島東洋カープ,阪神タイガース,中﨑 翔太,3,救援,,26,7,1,3,1,0,0,1,1,9.00
20260425_T-C_04,2026-04-25,土,セ・リーグ公式戦,ビジター,広島東洋カープ,阪神タイガース,Ｔ．ハーン,4,救援,H,23,5,1,3,1,0,0,0,0,0.00
20260425_T-C_04,2026-04-25,土,セ・リーグ公式戦,ビジター,広島東洋カープ,阪神タイガース,森浦 大輔,5,救援,H,15,4,1,3,1,0,0,0,0,0.00
20260425_T-C_04,2026-04-25,土,セ・リーグ公式戦,ビジター,広島東洋カープ,阪神タイガース,齊藤 汰直,6,救援,,33,8,2,6,1,0,0,0,0,0.00
20260425_T-C_04,2026-04-25,土,セ・リーグ公式戦,ホーム,阪神タイガース,広島東洋カープ,村上 頌樹,1,先発,,121,28,7,21,2,0,0,1,1,1.29
20260425_T-C_04,2026-04-25,土,セ・リーグ公式戦,ホーム,阪神タイガース,広島東洋カープ,桐敷 拓馬,2,救援,H,8,3,1,3,0,0,0,0,0,0.00
20260425_T-C_04,2026-04-25,土,セ・リーグ公式戦,ホーム,阪神タイガース,広島東洋カープ,岩崎 優,3,救援,,22,5,1,3,1,0,0,1,1,9.00
20260425_T-C_04,2026-04-25,土,セ・リーグ公式戦,ホーム,阪神タイガース,広島東洋カープ,Ｒ．ドリス,4,救援,H,27,5,1,3,3,0,0,0,0,0.00
20260425_T-C_04,2026-04-25,土,セ・リーグ公式戦,ホーム,阪神タイガース,広島東洋カープ,Ｄ．モレッタ,5,救援,H,15,3,1,3,1,0,0,0,0,0.00
20260425_T-C_04,2026-04-25,土,セ・リーグ公式戦,ホーム,阪神タイガース,広島東洋カープ,工藤 泰成,6,救援,,18,4,1,3,0,0,0,0,0,0.00
20260425_E-L_04,2026-04-25,土,パ・リーグ公式戦,ビジター,埼玉西武ライオンズ,東北楽天ゴールデンイーグルス,武内 夏暉,1,先発,,93,20,4,12,4,1,0,5,5,11.25
20260425_E-L_04,2026-04-25,土,パ・リーグ公式戦,ビジター,埼玉西武ライオンズ,東北楽天ゴールデンイーグルス,中村 祐太,2,救援,H,13,3,1,3,2,0,0,0,0,0.00
20260425_E-L_04,2026-04-25,土,パ・リーグ公式戦,ビジター,埼玉西武ライオンズ,東北楽天ゴールデンイーグルス,羽田 慎之介,3,救援,H,21,4,1,3,2,1,0,0,0,0.00
20260425_E-L_04,2026-04-25,土,パ・リーグ公式戦,ビジター,埼玉西武ライオンズ,東北楽天ゴールデンイーグルス,篠原 響,4,救援,勝,13,3,1,3,0,0,0,0,0,0.00
20260425_E-L_04,2026-04-25,土,パ・リーグ公式戦,ビジター,埼玉西武ライオンズ,東北楽天ゴールデンイーグルス,甲斐野 央,5,救援,,28,5,1,3,1,0,0,2,2,18.00
20260425_E-L_04,2026-04-25,土,パ・リーグ公式戦,ビジター,埼玉西武ライオンズ,東北楽天ゴールデンイーグルス,岩城 颯空,6,救援,S,12,3,1,3,1,0,0,0,0,0.00
20260425_H-M_04,2026-04-25,土,パ・リーグ公式戦,ビジター,千葉ロッテマリーンズ,福岡ソフトバンクホークス,種市 篤暉,1,先発,,15,3,0.2,2,1,0,0,0,0,0.00
20260425_H-M_04,2026-04-25,土,パ・リーグ公式戦,ビジター,千葉ロッテマリーンズ,福岡ソフトバンクホークス,八木 彬,2,救援,勝,35,9,2.1,7,0,0,0,0,0,0.00
20260425_H-M_04,2026-04-25,土,パ・リーグ公式戦,ビジター,千葉ロッテマリーンズ,福岡ソフトバンクホークス,高野 脩汰,3,救援,,23,6,2,6,2,0,0,0,0,0.00
20260425_H-M_04,2026-04-25,土,パ・リーグ公式戦,ビジター,千葉ロッテマリーンズ,福岡ソフトバンクホークス,Ｓ．ロング,4,救援,,15,5,1,3,0,0,0,0,0,0.00
20260425_H-M_04,2026-04-25,土,パ・リーグ公式戦,ビジター,千葉ロッテマリーンズ,福岡ソフトバンクホークス,澤田 圭佑,5,救援,,20,4,1,3,2,0,0,0,0,0.00
20260425_H-M_04,2026-04-25,土,パ・リーグ公式戦,ビジター,千葉ロッテマリーンズ,福岡ソフトバンクホークス,鈴木 昭汰,6,救援,,21,5,1,3,0,0,0,0,0,0.00
20260425_H-M_04,2026-04-25,土,パ・リーグ公式戦,ビジター,千葉ロッテマリーンズ,福岡ソフトバンクホークス,横山 陸人,7,救援,,13,3,1,3,0,0,0,0,0,0.00
20260425_D-S_05,2026-04-25,土,セ・リーグ公式戦,ホーム,中日ドラゴンズ,東京ヤクルトスワローズ,大野 雄大,1,先発,勝,96,26,7,21,6,0,0,0,0,0.00
20260425_D-S_05,2026-04-25,土,セ・リーグ公式戦,ホーム,中日ドラゴンズ,東京ヤクルトスワローズ,根尾 昂,2,救援,,20,6,0.2,2,1,0,0,2,2,27.00
20260425_D-S_05,2026-04-25,土,セ・リーグ公式戦,ホーム,中日ドラゴンズ,東京ヤクルトスワローズ,Ｈ．メヒア,3,救援,H,3,1,0.1,1,0,0,0,0,0,0.00
20260425_D-S_05,2026-04-25,土,セ・リーグ公式戦,ホーム,中日ドラゴンズ,東京ヤクルトスワローズ,松山 晋也,4,救援,S,8,3,1,3,0,0,0,0,0,0.00
20260425_D-S_05,2026-04-25,土,セ・リーグ公式戦,ビジター,東京ヤクルトスワローズ,中日ドラゴンズ,小川 泰弘,1,先発,敗,80,24,6,18,2,0,0,5,5,7.50
20260425_D-S_05,2026-04-25,土,セ・リーグ公式戦,ビジター,東京ヤクルトスワローズ,中日ドラゴンズ,拓也,2,救援,,19,4,1,3,1,1,0,0,0,0.00
20260425_D-S_05,2026-04-25,土,セ・リーグ公式戦,ビジター,東京ヤクルトスワローズ,中日ドラゴンズ,荘司 宏太,3,救援,,20,3,1,3,2,0,0,0,0,0.00
20260425_E-L_04,2026-04-25,土,パ・リーグ公式戦,ホーム,東北楽天ゴールデンイーグルス,埼玉西武ライオンズ,Ｊ．ウレーニャ,1,先発,,79,22,4,12,1,1,0,4,3,6.75
20260425_E-L_04,2026-04-25,土,パ・リーグ公式戦,ホーム,東北楽天ゴールデンイーグルス,埼玉西武ライオンズ,津留﨑 大成,2,救援,,22,6,1,3,1,0,0,1,1,9.00
20260425_E-L_04,2026-04-25,土,パ・リーグ公式戦,ホーム,東北楽天ゴールデンイーグルス,埼玉西武ライオンズ,加治屋 蓮,3,救援,H,9,3,1,3,1,0,0,0,0,0.00
20260425_E-L_04,2026-04-25,土,パ・リーグ公式戦,ホーム,東北楽天ゴールデンイーグルス,埼玉西武ライオンズ,鈴木 翔天,4,救援,H,17,4,1,3,2,0,0,0,0,0.00
20260425_E-L_04,2026-04-25,土,パ・リーグ公式戦,ホーム,東北楽天ゴールデンイーグルス,埼玉西武ライオンズ,西垣 雅矢,5,救援,敗,19,7,0.2,2,1,0,0,4,4,54.00
20260425_E-L_04,2026-04-25,土,パ・リーグ公式戦,ホーム,東北楽天ゴールデンイーグルス,埼玉西武ライオンズ,内 星龍,6,救援,,13,4,1.1,4,0,0,0,0,0,0.00
20260425_DB-G_05,2026-04-25,土,セ・リーグ公式戦,ビジター,読売ジャイアンツ,横浜DeNAベイスターズ,Ｂ．マタ,1,先発,,63,15,2.2,8,3,0,0,2,2,6.75
20260425_DB-G_05,2026-04-25,土,セ・リーグ公式戦,ビジター,読売ジャイアンツ,横浜DeNAベイスターズ,又木 鉄平,2,救援,勝,46,13,3.1,10,3,0,0,0,0,0.00
20260425_DB-G_05,2026-04-25,土,セ・リーグ公式戦,ビジター,読売ジャイアンツ,横浜DeNAベイスターズ,田和 廉,3,救援,,12,3,1,3,1,0,0,0,0,0.00
20260425_DB-G_05,2026-04-25,土,セ・リーグ公式戦,ビジター,読売ジャイアンツ,横浜DeNAベイスターズ,船迫 大雅,4,救援,,11,3,1,3,1,0,0,0,0,0.00
20260425_DB-G_05,2026-04-25,土,セ・リーグ公式戦,ビジター,読売ジャイアンツ,横浜DeNAベイスターズ,田中 瑛斗,5,救援,,13,4,1,3,2,0,0,0,0,0.00
20260425_H-M_04,2026-04-25,土,パ・リーグ公式戦,ホーム,福岡ソフトバンクホークス,千葉ロッテマリーンズ,上沢 直之,1,先発,敗,78,24,6,18,2,0,0,5,5,7.50
20260425_H-M_04,2026-04-25,土,パ・リーグ公式戦,ホーム,福岡ソフトバンクホークス,千葉ロッテマリーンズ,津森 宥紀,2,救援,,17,3,1,3,0,0,0,0,0,0.00
20260425_H-M_04,2026-04-25,土,パ・リーグ公式戦,ホーム,福岡ソフトバンクホークス,千葉ロッテマリーンズ,鈴木 豪太,3,救援,,9,4,1,3,1,0,0,0,0,0.00
20260425_H-M_04,2026-04-25,土,パ・リーグ公式戦,ホーム,福岡ソフトバンクホークス,千葉ロッテマリーンズ,伊藤 優輔,4,救援,,20,5,1,3,2,0,0,0,0,0.00
20260425_B-F_05,2026-04-25,土,パ・リーグ公式戦,ビジター,北海道日本ハムファイターズ,オリックス・バファローズ,北山 亘基,1,先発,敗,99,23,5,15,7,0,0,3,3,5.40
20260425_B-F_05,2026-04-25,土,パ・リーグ公式戦,ビジター,北海道日本ハムファイターズ,オリックス・バファローズ,山本 拓実,2,救援,,12,5,1,3,1,0,0,1,1,9.00
20260425_B-F_05,2026-04-25,土,パ・リーグ公式戦,ビジター,北海道日本ハムファイターズ,オリックス・バファローズ,福谷 浩司,3,救援,,11,4,1,3,0,0,0,0,0,0.00
20260425_B-F_05,2026-04-25,土,パ・リーグ公式戦,ビジター,北海道日本ハムファイターズ,オリックス・バファローズ,玉井 大翔,4,救援,,10,3,1,3,0,0,0,0,0,0.00
20260424_B-F_04,2026-04-24,金,パ・リーグ公式戦,ホーム,オリックス・バファローズ,北海道日本ハムファイターズ,Ａ．エスピノーザ,1,先発,勝,98,25,7,21,7,0,0,1,1,1.29
20260424_B-F_04,2026-04-24,金,パ・リーグ公式戦,ホーム,オリックス・バファローズ,北海道日本ハムファイターズ,椋木 蓮,2,救援,H,12,3,1,3,1,0,0,0,0,0.00
20260424_B-F_04,2026-04-24,金,パ・リーグ公式戦,ホーム,オリックス・バファローズ,北海道日本ハムファイターズ,Ａ．マチャド,3,救援,S,19,5,1,3,0,0,0,1,1,9.00
20260424_DB-G_04,2026-04-24,金,セ・リーグ公式戦,ホーム,横浜DeNAベイスターズ,読売ジャイアンツ,平良 拳太郎,1,先発,,97,24,6.2,20,4,0,0,1,1,1.35
20260424_DB-G_04,2026-04-24,金,セ・リーグ公式戦,ホーム,横浜DeNAベイスターズ,読売ジャイアンツ,坂本 裕哉,2,救援,,1,1,0.1,1,0,0,0,0,0,0.00
20260424_DB-G_04,2026-04-24,金,セ・リーグ公式戦,ホーム,横浜DeNAベイスターズ,読売ジャイアンツ,Ｊ．ルイーズ,3,救援,,7,3,1,3,0,0,0,0,0,0.00
20260424_DB-G_04,2026-04-24,金,セ・リーグ公式戦,ホーム,横浜DeNAベイスターズ,読売ジャイアンツ,山﨑 康晃,4,救援,H,31,5,1,3,2,0,0,0,0,0.00
20260424_DB-G_04,2026-04-24,金,セ・リーグ公式戦,ホーム,横浜DeNAベイスターズ,読売ジャイアンツ,Ｓ．レイノルズ,5,救援,H,20,4,1,3,1,0,0,0,0,0.00
20260424_DB-G_04,2026-04-24,金,セ・リーグ公式戦,ホーム,横浜DeNAベイスターズ,読売ジャイアンツ,中川 虎大,6,救援,勝,11,3,1,3,0,0,0,0,0,0.00
20260424_D-S_04,2026-04-24,金,セ・リーグ公式戦,ホーム,中日ドラゴンズ,東京ヤクルトスワローズ,柳 裕也,1,先発,,99,28,7,21,5,0,0,3,3,3.86
20260424_D-S_04,2026-04-24,金,セ・リーグ公式戦,ホーム,中日ドラゴンズ,東京ヤクルトスワローズ,Ｈ．メヒア,2,救援,,18,5,1,3,0,0,0,1,1,9.00
20260424_D-S_04,2026-04-24,金,セ・リーグ公式戦,ホーム,中日ドラゴンズ,東京ヤクルトスワローズ,杉浦 稔大,3,救援,勝,20,3,1,3,1,0,0,0,0,0.00
20260424_D-S_04,2026-04-24,金,セ・リーグ公式戦,ビジター,東京ヤクルトスワローズ,中日ドラゴンズ,松本 健吾,1,先発,,98,24,6,18,8,0,0,3,3,4.50
20260424_D-S_04,2026-04-24,金,セ・リーグ公式戦,ビジター,東京ヤクルトスワローズ,中日ドラゴンズ,田口 麗斗,2,救援,H,19,4,1.1,4,2,0,0,0,0,0.00
20260424_D-S_04,2026-04-24,金,セ・リーグ公式戦,ビジター,東京ヤクルトスワローズ,中日ドラゴンズ,木澤 尚文,3,救援,H,7,2,0.2,2,0,0,0,0,0,0.00
20260424_D-S_04,2026-04-24,金,セ・リーグ公式戦,ビジター,東京ヤクルトスワローズ,中日ドラゴンズ,星 知弥,4,救援,敗,10,4,0.1,1,0,0,0,3,3,81.00
20260424_DB-G_04,2026-04-24,金,セ・リーグ公式戦,ビジター,読売ジャイアンツ,横浜DeNAベイスターズ,田中 将大,1,先発,,87,27,6.2,20,3,0,0,0,0,0.00
20260424_DB-G_04,2026-04-24,金,セ・リーグ公式戦,ビジター,読売ジャイアンツ,横浜DeNAベイスターズ,中川 皓太,2,救援,H,2,1,0.1,1,0,0,0,0,0,0.00
20260424_DB-G_04,2026-04-24,金,セ・リーグ公式戦,ビジター,読売ジャイアンツ,横浜DeNAベイスターズ,大勢,3,救援,,20,4,1,3,0,0,0,1,1,9.00
20260424_DB-G_04,2026-04-24,金,セ・リーグ公式戦,ビジター,読売ジャイアンツ,横浜DeNAベイスターズ,Ｅ．ルシアーノ,4,救援,H,26,5,1,3,2,0,0,0,0,0.00
20260424_DB-G_04,2026-04-24,金,セ・リーグ公式戦,ビジター,読売ジャイアンツ,横浜DeNAベイスターズ,北浦 竜次,5,救援,H,10,3,1,3,0,0,0,0,0,0.00
20260424_DB-G_04,2026-04-24,金,セ・リーグ公式戦,ビジター,読売ジャイアンツ,横浜DeNAベイスターズ,赤星 優志,6,救援,敗,12,4,0.1,1,0,0,0,1,1,27.00
20260424_B-F_04,2026-04-24,金,パ・リーグ公式戦,ビジター,北海道日本ハムファイターズ,オリックス・バファローズ,伊藤 大海,1,先発,敗,103,30,8,24,7,0,0,3,3,3.38
20260423_C-S_05,2026-04-23,木,セ・リーグ公式戦,ホーム,広島東洋カープ,東京ヤクルトスワローズ,岡本 駿,1,先発,敗,71,21,5,15,3,0,0,2,2,3.60
20260423_C-S_05,2026-04-23,木,セ・リーグ公式戦,ホーム,広島東洋カープ,東京ヤクルトスワローズ,鈴木 健矢,2,救援,,9,4,1,3,0,0,0,0,0,0.00
20260423_C-S_05,2026-04-23,木,セ・リーグ公式戦,ホーム,広島東洋カープ,東京ヤクルトスワローズ,髙 太一,3,救援,,14,3,1,3,2,0,0,0,0,0.00
20260423_C-S_05,2026-04-23,木,セ・リーグ公式戦,ホーム,広島東洋カープ,東京ヤクルトスワローズ,齊藤 汰直,4,救援,,13,4,1,3,0,0,0,0,0,0.00
20260423_C-S_05,2026-04-23,木,セ・リーグ公式戦,ホーム,広島東洋カープ,東京ヤクルトスワローズ,遠藤 淳志,5,救援,,8,3,0.2,2,1,0,0,0,0,0.00
20260423_C-S_05,2026-04-23,木,セ・リーグ公式戦,ホーム,広島東洋カープ,東京ヤクルトスワローズ,塹江 敦哉,6,救援,,6,1,0.1,1,1,0,0,0,0,0.00
20260423_L-H_06,2026-04-23,木,パ・リーグ公式戦,ホーム,埼玉西武ライオンズ,福岡ソフトバンクホークス,菅井 信也,1,先発,,88,22,5,15,5,0,0,1,1,1.80
20260423_L-H_06,2026-04-23,木,パ・リーグ公式戦,ホーム,埼玉西武ライオンズ,福岡ソフトバンクホークス,篠原 響,2,救援,H,11,3,1,3,2,0,0,0,0,0.00
20260423_L-H_06,2026-04-23,木,パ・リーグ公式戦,ホーム,埼玉西武ライオンズ,福岡ソフトバンクホークス,糸川 亮太,3,救援,敗,19,5,1,3,0,0,0,1,1,9.00
20260423_L-H_06,2026-04-23,木,パ・リーグ公式戦,ホーム,埼玉西武ライオンズ,福岡ソフトバンクホークス,浜屋 将太,4,救援,,24,6,1,3,2,0,0,2,2,18.00
20260423_L-H_06,2026-04-23,木,パ・リーグ公式戦,ホーム,埼玉西武ライオンズ,福岡ソフトバンクホークス,黒田 将矢,5,救援,,18,5,1,3,1,1,0,0,0,0.00
20260423_C-S_05,2026-04-23,木,セ・リーグ公式戦,ビジター,東京ヤクルトスワローズ,広島東洋カープ,高梨 裕稔,1,先発,勝,105,23,5.1,16,5,0,0,0,0,0.00
20260423_C-S_05,2026-04-23,木,セ・リーグ公式戦,ビジター,東京ヤクルトスワローズ,広島東洋カープ,荘司 宏太,2,救援,H,10,3,0.2,2,2,0,0,0,0,0.00
20260423_C-S_05,2026-04-23,木,セ・リーグ公式戦,ビジター,東京ヤクルトスワローズ,広島東洋カープ,廣澤 優,3,救援,H,13,3,1,3,1,0,0,0,0,0.00
20260423_C-S_05,2026-04-23,木,セ・リーグ公式戦,ビジター,東京ヤクルトスワローズ,広島東洋カープ,清水 昇,4,救援,H,12,4,1,3,0,0,0,0,0,0.00
20260423_C-S_05,2026-04-23,木,セ・リーグ公式戦,ビジター,東京ヤクルトスワローズ,広島東洋カープ,Ｊ．キハダ,5,救援,S,15,3,1,3,2,0,0,0,0,0.00
20260423_F-E_06,2026-04-23,木,パ・リーグ公式戦,ビジター,東北楽天ゴールデンイーグルス,北海道日本ハムファイターズ,瀧中 瞭太,1,先発,勝,76,22,5.1,16,1,0,0,2,2,3.38
20260423_F-E_06,2026-04-23,木,パ・リーグ公式戦,ビジター,東北楽天ゴールデンイーグルス,北海道日本ハムファイターズ,柴田 大地,2,救援,H,12,3,0.2,2,0,0,0,0,0,0.00
20260423_F-E_06,2026-04-23,木,パ・リーグ公式戦,ビジター,東北楽天ゴールデンイーグルス,北海道日本ハムファイターズ,鈴木 翔天,3,救援,H,28,5,1,3,2,0,0,0,0,0.00
20260423_F-E_06,2026-04-23,木,パ・リーグ公式戦,ビジター,東北楽天ゴールデンイーグルス,北海道日本ハムファイターズ,西垣 雅矢,4,救援,H,11,4,1,3,0,0,0,0,0,0.00
20260423_F-E_06,2026-04-23,木,パ・リーグ公式戦,ビジター,東北楽天ゴールデンイーグルス,北海道日本ハムファイターズ,藤平 尚真,5,救援,S,14,3,1,3,2,0,0,0,0,0.00
20260423_L-H_06,2026-04-23,木,パ・リーグ公式戦,ビジター,福岡ソフトバンクホークス,埼玉西武ライオンズ,大津 亮介,1,先発,勝,118,26,7,21,9,0,0,1,1,1.29
20260423_L-H_06,2026-04-23,木,パ・リーグ公式戦,ビジター,福岡ソフトバンクホークス,埼玉西武ライオンズ,木村 光,2,救援,H,11,5,1,3,0,0,0,1,1,9.00
20260423_L-H_06,2026-04-23,木,パ・リーグ公式戦,ビジター,福岡ソフトバンクホークス,埼玉西武ライオンズ,松本 裕樹,3,救援,S,11,5,1,3,0,0,0,1,1,9.00
20260423_F-E_06,2026-04-23,木,パ・リーグ公式戦,ホーム,北海道日本ハムファイターズ,東北楽天ゴールデンイーグルス,福島 蓮,1,先発,敗,106,26,5.1,16,3,0,0,3,3,5.06
20260423_F-E_06,2026-04-23,木,パ・リーグ公式戦,ホーム,北海道日本ハムファイターズ,東北楽天ゴールデンイーグルス,生田目 翼,2,救援,,11,3,0.2,2,0,0,0,0,0,0.00
20260423_F-E_06,2026-04-23,木,パ・リーグ公式戦,ホーム,北海道日本ハムファイターズ,東北楽天ゴールデンイーグルス,上原 健太,3,救援,,16,3,1,3,1,0,0,0,0,0.00
20260423_F-E_06,2026-04-23,木,パ・リーグ公式戦,ホーム,北海道日本ハムファイターズ,東北楽天ゴールデンイーグルス,福谷 浩司,4,救援,,10,3,1,3,0,0,0,0,0,0.00
20260423_F-E_06,2026-04-23,木,パ・リーグ公式戦,ホーム,北海道日本ハムファイターズ,東北楽天ゴールデンイーグルス,大川 慈英,5,救援,,10,4,0.1,1,0,0,0,0,0,0.00
20260423_F-E_06,2026-04-23,木,パ・リーグ公式戦,ホーム,北海道日本ハムファイターズ,東北楽天ゴールデンイーグルス,齋藤 友貴哉,6,救援,,5,2,0.2,2,0,0,0,0,0,0.00
20260422_M-B_05,2026-04-22,水,パ・リーグ公式戦,ビジター,オリックス・バファローズ,千葉ロッテマリーンズ,曽谷 龍平,1,先発,勝,101,24,7,21,9,0,0,1,1,1.29
20260422_M-B_05,2026-04-22,水,パ・リーグ公式戦,ビジター,オリックス・バファローズ,千葉ロッテマリーンズ,椋木 蓮,2,救援,H,20,4,1,3,2,0,0,0,0,0.00
20260422_M-B_05,2026-04-22,水,パ・リーグ公式戦,ビジター,オリックス・バファローズ,千葉ロッテマリーンズ,Ａ．マチャド,3,救援,S,13,4,1,3,1,0,0,0,0,0.00
20260422_DB-T_05,2026-04-22,水,セ・リーグ公式戦,ホーム,横浜DeNAベイスターズ,阪神タイガース,竹田 祐,1,先発,,58,18,4,12,2,0,0,5,1,2.25
20260422_DB-T_05,2026-04-22,水,セ・リーグ公式戦,ホーム,横浜DeNAベイスターズ,阪神タイガース,Ｈ．マルセリーノ,2,救援,H,11,3,1,3,0,0,0,0,0,0.00
20260422_DB-T_05,2026-04-22,水,セ・リーグ公式戦,ホーム,横浜DeNAベイスターズ,阪神タイガース,中川 虎大,3,救援,H,16,4,1,3,1,0,0,0,0,0.00
20260422_DB-T_05,2026-04-22,水,セ・リーグ公式戦,ホーム,横浜DeNAベイスターズ,阪神タイガース,Ｊ．ルイーズ,4,救援,,12,4,1,3,0,0,0,1,1,9.00
20260422_DB-T_05,2026-04-22,水,セ・リーグ公式戦,ホーム,横浜DeNAベイスターズ,阪神タイガース,Ｓ．レイノルズ,5,救援,勝,28,6,1,3,1,0,0,0,0,0.00
20260422_DB-T_05,2026-04-22,水,セ・リーグ公式戦,ホーム,横浜DeNAベイスターズ,阪神タイガース,山﨑 康晃,6,救援,S,18,5,1,3,1,0,0,0,0,0.00
20260422_C-S_04,2026-04-22,水,セ・リーグ公式戦,ホーム,広島東洋カープ,東京ヤクルトスワローズ,大瀬良 大地,1,先発,敗,85,21,5,15,4,1,0,2,2,3.60
20260422_C-S_04,2026-04-22,水,セ・リーグ公式戦,ホーム,広島東洋カープ,東京ヤクルトスワローズ,齊藤 汰直,2,救援,,18,5,1,3,1,0,0,0,0,0.00
20260422_C-S_04,2026-04-22,水,セ・リーグ公式戦,ホーム,広島東洋カープ,東京ヤクルトスワローズ,髙 太一,3,救援,,15,3,1,3,2,0,0,0,0,0.00
20260422_C-S_04,2026-04-22,水,セ・リーグ公式戦,ホーム,広島東洋カープ,東京ヤクルトスワローズ,森浦 大輔,4,救援,,13,3,1,3,2,0,0,0,0,0.00
20260422_C-S_04,2026-04-22,水,セ・リーグ公式戦,ホーム,広島東洋カープ,東京ヤクルトスワローズ,鈴木 健矢,5,救援,,17,4,0.2,2,0,0,0,0,0,0.00
20260422_C-S_04,2026-04-22,水,セ・リーグ公式戦,ホーム,広島東洋カープ,東京ヤクルトスワローズ,塹江 敦哉,6,救援,,8,1,0.1,1,0,0,0,0,0,0.00
20260422_DB-T_05,2026-04-22,水,セ・リーグ公式戦,ビジター,阪神タイガース,横浜DeNAベイスターズ,茨木 秀俊,1,先発,,87,25,4.2,14,3,0,0,5,5,9.64
20260422_DB-T_05,2026-04-22,水,セ・リーグ公式戦,ビジター,阪神タイガース,横浜DeNAベイスターズ,石黒 佑弥,2,救援,,19,6,1.1,4,1,0,0,1,1,6.75
20260422_DB-T_05,2026-04-22,水,セ・リーグ公式戦,ビジター,阪神タイガース,横浜DeNAベイスターズ,桐敷 拓馬,3,救援,H,17,6,1,3,0,0,0,0,0,0.00
20260422_DB-T_05,2026-04-22,水,セ・リーグ公式戦,ビジター,阪神タイガース,横浜DeNAベイスターズ,Ｒ．ドリス,4,救援,敗,22,5,1,3,1,0,0,1,1,9.00
20260422_L-H_05,2026-04-22,水,パ・リーグ公式戦,ホーム,埼玉西武ライオンズ,福岡ソフトバンクホークス,髙橋 光成,1,先発,勝,126,31,9,27,8,0,0,1,1,1.00
20260422_M-B_05,2026-04-22,水,パ・リーグ公式戦,ホーム,千葉ロッテマリーンズ,オリックス・バファローズ,毛利 海大,1,先発,敗,65,21,4.2,14,3,0,0,4,3,5.79
20260422_M-B_05,2026-04-22,水,パ・リーグ公式戦,ホーム,千葉ロッテマリーンズ,オリックス・バファローズ,八木 彬,2,救援,,24,8,2.1,7,0,0,0,0,0,0.00
20260422_M-B_05,2026-04-22,水,パ・リーグ公式戦,ホーム,千葉ロッテマリーンズ,オリックス・バファローズ,益田 直也,3,救援,,18,3,1,3,1,0,0,0,0,0.00
20260422_M-B_05,2026-04-22,水,パ・リーグ公式戦,ホーム,千葉ロッテマリーンズ,オリックス・バファローズ,菊地 吏玖,4,救援,,19,5,1,3,0,0,0,0,0,0.00
20260422_G-D_05,2026-04-22,水,セ・リーグ公式戦,ビジター,中日ドラゴンズ,読売ジャイアンツ,櫻井 頼之介,1,先発,敗,77,18,3,9,4,0,0,4,4,12.00
20260422_G-D_05,2026-04-22,水,セ・リーグ公式戦,ビジター,中日ドラゴンズ,読売ジャイアンツ,仲地 礼亜,2,救援,,26,7,2,6,2,0,0,0,0,0.00
20260422_G-D_05,2026-04-22,水,セ・リーグ公式戦,ビジター,中日ドラゴンズ,読売ジャイアンツ,吉田 聖弥,3,救援,,26,5,1,3,2,0,0,0,0,0.00
20260422_G-D_05,2026-04-22,水,セ・リーグ公式戦,ビジター,中日ドラゴンズ,読売ジャイアンツ,藤嶋 健人,4,救援,,16,4,1,3,0,0,0,1,1,9.00
20260422_G-D_05,2026-04-22,水,セ・リーグ公式戦,ビジター,中日ドラゴンズ,読売ジャイアンツ,齋藤 綱記,5,救援,,21,5,1,3,3,0,0,0,0,0.00
20260422_C-S_04,2026-04-22,水,セ・リーグ公式戦,ビジター,東京ヤクルトスワローズ,広島東洋カープ,山野 太一,1,先発,勝,97,25,6,18,2,0,0,0,0,0.00
20260422_C-S_04,2026-04-22,水,セ・リーグ公式戦,ビジター,東京ヤクルトスワローズ,広島東洋カープ,星 知弥,2,救援,H,17,4,1,3,0,0,0,0,0,0.00
20260422_C-S_04,2026-04-22,水,セ・リーグ公式戦,ビジター,東京ヤクルトスワローズ,広島東洋カープ,Ｊ．リランソ,3,救援,H,14,3,1,3,3,0,0,0,0,0.00
20260422_C-S_04,2026-04-22,水,セ・リーグ公式戦,ビジター,東京ヤクルトスワローズ,広島東洋カープ,Ｊ．キハダ,4,救援,S,20,5,1,3,2,0,0,0,0,0.00
20260422_F-E_05,2026-04-22,水,パ・リーグ公式戦,ビジター,東北楽天ゴールデンイーグルス,北海道日本ハムファイターズ,古謝 樹,1,先発,,88,26,6,18,5,0,0,3,3,4.50
20260422_F-E_05,2026-04-22,水,パ・リーグ公式戦,ビジター,東北楽天ゴールデンイーグルス,北海道日本ハムファイターズ,鈴木 翔天,2,救援,H,12,3,0.2,2,1,0,0,0,0,0.00
20260422_F-E_05,2026-04-22,水,パ・リーグ公式戦,ビジター,東北楽天ゴールデンイーグルス,北海道日本ハムファイターズ,加治屋 蓮,3,救援,H,5,2,0.1,1,0,0,0,0,0,0.00
20260422_F-E_05,2026-04-22,水,パ・リーグ公式戦,ビジター,東北楽天ゴールデンイーグルス,北海道日本ハムファイターズ,西垣 雅矢,4,救援,,27,7,1,3,0,0,0,1,1,9.00
20260422_F-E_05,2026-04-22,水,パ・リーグ公式戦,ビジター,東北楽天ゴールデンイーグルス,北海道日本ハムファイターズ,藤平 尚真,5,救援,H,14,4,1,3,1,0,0,0,0,0.00
20260422_F-E_05,2026-04-22,水,パ・リーグ公式戦,ビジター,東北楽天ゴールデンイーグルス,北海道日本ハムファイターズ,田中 千晴,6,救援,敗,25,5,0.2,2,2,0,0,1,1,13.50
20260422_G-D_05,2026-04-22,水,セ・リーグ公式戦,ホーム,読売ジャイアンツ,中日ドラゴンズ,竹丸 和幸,1,先発,勝,97,22,5,15,10,0,0,1,1,1.80
20260422_G-D_05,2026-04-22,水,セ・リーグ公式戦,ホーム,読売ジャイアンツ,中日ドラゴンズ,田中 瑛斗,2,救援,,6,2,0.2,2,0,0,0,0,0,0.00
20260422_G-D_05,2026-04-22,水,セ・リーグ公式戦,ホーム,読売ジャイアンツ,中日ドラゴンズ,中川 皓太,3,救援,,6,1,0.1,1,1,0,0,0,0,0.00
20260422_G-D_05,2026-04-22,水,セ・リーグ公式戦,ホーム,読売ジャイアンツ,中日ドラゴンズ,Ｅ．ルシアーノ,4,救援,H,10,3,1,3,0,0,0,0,0,0.00
20260422_G-D_05,2026-04-22,水,セ・リーグ公式戦,ホーム,読売ジャイアンツ,中日ドラゴンズ,船迫 大雅,5,救援,,11,3,1,3,1,0,0,0,0,0.00
20260422_G-D_05,2026-04-22,水,セ・リーグ公式戦,ホーム,読売ジャイアンツ,中日ドラゴンズ,北浦 竜次,6,救援,,14,3,1,3,1,0,0,0,0,0.00
20260422_L-H_05,2026-04-22,水,パ・リーグ公式戦,ビジター,福岡ソフトバンクホークス,埼玉西武ライオンズ,大関 友久,1,先発,敗,105,29,7,21,4,0,0,3,3,3.86
20260422_L-H_05,2026-04-22,水,パ・リーグ公式戦,ビジター,福岡ソフトバンクホークス,埼玉西武ライオンズ,Ｒ．オスナ,2,救援,,7,4,1,3,0,0,0,0,0,0.00
20260422_F-E_05,2026-04-22,水,パ・リーグ公式戦,ホーム,北海道日本ハムファイターズ,東北楽天ゴールデンイーグルス,加藤 貴之,1,先発,,77,21,5,15,5,0,0,2,1,1.80
20260422_F-E_05,2026-04-22,水,パ・リーグ公式戦,ホーム,北海道日本ハムファイターズ,東北楽天ゴールデンイーグルス,玉井 大翔,2,救援,,12,4,1,3,0,0,0,1,1,9.00
20260422_F-E_05,2026-04-22,水,パ・リーグ公式戦,ホーム,北海道日本ハムファイターズ,東北楽天ゴールデンイーグルス,齋藤 友貴哉,3,救援,,10,2,0+,0,0,0,0,0,0,
20260422_F-E_05,2026-04-22,水,パ・リーグ公式戦,ホーム,北海道日本ハムファイターズ,東北楽天ゴールデンイーグルス,上原 健太,4,救援,H,9,3,1,3,1,0,0,0,0,0.00
20260422_F-E_05,2026-04-22,水,パ・リーグ公式戦,ホーム,北海道日本ハムファイターズ,東北楽天ゴールデンイーグルス,田中 正義,5,救援,,11,4,1,3,0,0,0,1,1,9.00
20260422_F-E_05,2026-04-22,水,パ・リーグ公式戦,ホーム,北海道日本ハムファイターズ,東北楽天ゴールデンイーグルス,柳川 大晟,6,救援,H,12,3,1,3,2,0,0,0,0,0.00
20260422_F-E_05,2026-04-22,水,パ・リーグ公式戦,ホーム,北海道日本ハムファイターズ,東北楽天ゴールデンイーグルス,島本 浩也,7,救援,勝,18,5,1,3,1,0,0,0,0,0.00
20260421_M-B_04,2026-04-21,火,パ・リーグ公式戦,ビジター,オリックス・バファローズ,千葉ロッテマリーンズ,田嶋 大樹,1,先発,,89,24,5,15,3,0,0,4,4,7.20
20260421_M-B_04,2026-04-21,火,パ・リーグ公式戦,ビジター,オリックス・バファローズ,千葉ロッテマリーンズ,横山 楓,2,救援,敗,27,6,1,3,1,0,0,2,2,18.00
20260421_M-B_04,2026-04-21,火,パ・リーグ公式戦,ビジター,オリックス・バファローズ,千葉ロッテマリーンズ,片山 楽生,3,救援,,13,5,1,3,0,0,0,1,1,9.00
20260421_M-B_04,2026-04-21,火,パ・リーグ公式戦,ビジター,オリックス・バファローズ,千葉ロッテマリーンズ,入山 海斗,4,救援,,15,4,1,3,3,1,0,0,0,0.00
20260421_DB-T_04,2026-04-21,火,セ・リーグ公式戦,ホーム,横浜DeNAベイスターズ,阪神タイガース,深沢 鳳介,1,先発,,90,21,4.1,13,2,0,0,5,5,10.38
20260421_DB-T_04,2026-04-21,火,セ・リーグ公式戦,ホーム,横浜DeNAベイスターズ,阪神タイガース,橋本 達弥,2,救援,,35,5,0.2,2,1,0,0,0,0,0.00
20260421_DB-T_04,2026-04-21,火,セ・リーグ公式戦,ホーム,横浜DeNAベイスターズ,阪神タイガース,中川 虎大,3,救援,H,11,3,1,3,2,0,0,0,0,0.00
20260421_DB-T_04,2026-04-21,火,セ・リーグ公式戦,ホーム,横浜DeNAベイスターズ,阪神タイガース,Ｓ．レイノルズ,4,救援,勝,20,5,1,3,1,0,0,1,1,9.00
20260421_DB-T_04,2026-04-21,火,セ・リーグ公式戦,ホーム,横浜DeNAベイスターズ,阪神タイガース,伊勢 大夢,5,救援,,30,8,1,3,0,0,0,3,3,27.00
20260421_DB-T_04,2026-04-21,火,セ・リーグ公式戦,ホーム,横浜DeNAベイスターズ,阪神タイガース,坂本 裕哉,6,救援,,16,3,1,3,2,0,0,0,0,0.00
20260421_C-S_03,2026-04-21,火,セ・リーグ公式戦,ホーム,広島東洋カープ,東京ヤクルトスワローズ,森下 暢仁,1,先発,勝,106,27,7,21,3,0,0,1,1,1.29
20260421_C-S_03,2026-04-21,火,セ・リーグ公式戦,ホーム,広島東洋カープ,東京ヤクルトスワローズ,Ｔ．ハーン,2,救援,H,15,4,1,3,2,0,0,0,0,0.00
20260421_C-S_03,2026-04-21,火,セ・リーグ公式戦,ホーム,広島東洋カープ,東京ヤクルトスワローズ,中﨑 翔太,3,救援,S,16,3,1,3,3,0,0,0,0,0.00
20260421_DB-T_04,2026-04-21,火,セ・リーグ公式戦,ビジター,阪神タイガース,横浜DeNAベイスターズ,才木 浩人,1,先発,,102,26,5,15,4,0,0,6,6,10.80
20260421_DB-T_04,2026-04-21,火,セ・リーグ公式戦,ビジター,阪神タイガース,横浜DeNAベイスターズ,工藤 泰成,2,救援,,9,3,1,3,2,0,0,0,0,0.00
20260421_DB-T_04,2026-04-21,火,セ・リーグ公式戦,ビジター,阪神タイガース,横浜DeNAベイスターズ,Ｄ．モレッタ,3,救援,敗,22,4,0+,0,0,0,0,4,4,
20260421_DB-T_04,2026-04-21,火,セ・リーグ公式戦,ビジター,阪神タイガース,横浜DeNAベイスターズ,木下 里都,4,救援,,26,6,1,3,1,0,0,0,0,0.00
20260421_DB-T_04,2026-04-21,火,セ・リーグ公式戦,ビジター,阪神タイガース,横浜DeNAベイスターズ,湯浅 京己,5,救援,,11,4,0.1,1,0,1,0,3,3,81.00
20260421_DB-T_04,2026-04-21,火,セ・リーグ公式戦,ビジター,阪神タイガース,横浜DeNAベイスターズ,岩貞 祐太,6,救援,,29,7,0.2,2,0,0,0,3,1,13.50
20260421_L-H_04,2026-04-21,火,パ・リーグ公式戦,ホーム,埼玉西武ライオンズ,福岡ソフトバンクホークス,隅田 知一郎,1,先発,勝,105,28,7,21,9,2,0,4,4,5.14
20260421_L-H_04,2026-04-21,火,パ・リーグ公式戦,ホーム,埼玉西武ライオンズ,福岡ソフトバンクホークス,甲斐野 央,2,救援,H,17,5,1,3,1,0,0,0,0,0.00
20260421_L-H_04,2026-04-21,火,パ・リーグ公式戦,ホーム,埼玉西武ライオンズ,福岡ソフトバンクホークス,岩城 颯空,3,救援,S,14,3,1,3,1,0,0,0,0,0.00
20260421_M-B_04,2026-04-21,火,パ・リーグ公式戦,ホーム,千葉ロッテマリーンズ,オリックス・バファローズ,Ａ．ジャクソン,1,先発,,101,22,5+,15,4,0,0,4,4,7.20
20260421_M-B_04,2026-04-21,火,パ・リーグ公式戦,ホーム,千葉ロッテマリーンズ,オリックス・バファローズ,坂本 光士郎,2,救援,勝,22,6,1,3,0,0,0,0,0,0.00
20260421_M-B_04,2026-04-21,火,パ・リーグ公式戦,ホーム,千葉ロッテマリーンズ,オリックス・バファローズ,Ｓ．ロング,3,救援,H,10,3,1,3,1,0,0,0,0,0.00
20260421_M-B_04,2026-04-21,火,パ・リーグ公式戦,ホーム,千葉ロッテマリーンズ,オリックス・バファローズ,鈴木 昭汰,4,救援,H,8,3,1,3,1,0,0,0,0,0.00
20260421_M-B_04,2026-04-21,火,パ・リーグ公式戦,ホーム,千葉ロッテマリーンズ,オリックス・バファローズ,横山 陸人,5,救援,S,12,3,1,3,0,0,0,0,0,0.00
20260421_G-D_04,2026-04-21,火,セ・リーグ公式戦,ビジター,中日ドラゴンズ,読売ジャイアンツ,金丸 夢斗,1,先発,敗,111,28,7,21,6,0,0,2,0,0.00
20260421_G-D_04,2026-04-21,火,セ・リーグ公式戦,ビジター,中日ドラゴンズ,読売ジャイアンツ,牧野 憲伸,2,救援,,7,1,0+,0,0,0,0,0,0,
20260421_G-D_04,2026-04-21,火,セ・リーグ公式戦,ビジター,中日ドラゴンズ,読売ジャイアンツ,杉浦 稔大,3,救援,,18,5,1,3,2,0,0,0,0,0.00
20260421_C-S_03,2026-04-21,火,セ・リーグ公式戦,ビジター,東京ヤクルトスワローズ,広島東洋カープ,吉村 貢司郎,1,先発,敗,90,22,6,18,5,0,0,2,2,3.00
20260421_C-S_03,2026-04-21,火,セ・リーグ公式戦,ビジター,東京ヤクルトスワローズ,広島東洋カープ,丸山 翔大,2,救援,,11,3,1,3,0,0,0,0,0,0.00
20260421_C-S_03,2026-04-21,火,セ・リーグ公式戦,ビジター,東京ヤクルトスワローズ,広島東洋カープ,清水 昇,3,救援,,13,3,1,3,1,0,0,0,0,0.00
20260421_F-E_04,2026-04-21,火,パ・リーグ公式戦,ビジター,東北楽天ゴールデンイーグルス,北海道日本ハムファイターズ,荘司 康誠,1,先発,敗,105,29,7,21,10,1,0,3,3,3.86
20260421_F-E_04,2026-04-21,火,パ・リーグ公式戦,ビジター,東北楽天ゴールデンイーグルス,北海道日本ハムファイターズ,加治屋 蓮,2,救援,,10,3,1,3,1,0,0,0,0,0.00
20260421_G-D_04,2026-04-21,火,セ・リーグ公式戦,ホーム,読売ジャイアンツ,中日ドラゴンズ,則本 昂大,1,先発,,94,25,5,15,4,0,0,1,1,1.80
20260421_G-D_04,2026-04-21,火,セ・リーグ公式戦,ホーム,読売ジャイアンツ,中日ドラゴンズ,赤星 優志,2,救援,,13,4,1,3,1,0,0,0,0,0.00
20260421_G-D_04,2026-04-21,火,セ・リーグ公式戦,ホーム,読売ジャイアンツ,中日ドラゴンズ,中川 皓太,3,救援,勝,13,4,1,3,2,0,0,0,0,0.00
20260421_G-D_04,2026-04-21,火,セ・リーグ公式戦,ホーム,読売ジャイアンツ,中日ドラゴンズ,大勢,4,救援,H,14,4,1,3,1,0,0,0,0,0.00
20260421_G-D_04,2026-04-21,火,セ・リーグ公式戦,ホーム,読売ジャイアンツ,中日ドラゴンズ,Ｒ．マルティネス,5,救援,S,21,3,1,3,2,0,0,0,0,0.00
20260421_L-H_04,2026-04-21,火,パ・リーグ公式戦,ビジター,福岡ソフトバンクホークス,埼玉西武ライオンズ,Ｃ．スチュワート・ジュニア,1,先発,敗,30,9,1,3,0,0,0,6,6,54.00
20260421_L-H_04,2026-04-21,火,パ・リーグ公式戦,ビジター,福岡ソフトバンクホークス,埼玉西武ライオンズ,大竹 風雅,2,救援,,27,8,2,6,1,0,0,0,0,0.00
20260421_L-H_04,2026-04-21,火,パ・リーグ公式戦,ビジター,福岡ソフトバンクホークス,埼玉西武ライオンズ,尾形 崇斗,3,救援,,37,7,2,6,2,0,0,0,0,0.00
20260421_L-H_04,2026-04-21,火,パ・リーグ公式戦,ビジター,福岡ソフトバンクホークス,埼玉西武ライオンズ,Ｄ．ヘルナンデス,4,救援,,20,4,1,3,0,0,0,0,0,0.00
20260421_L-H_04,2026-04-21,火,パ・リーグ公式戦,ビジター,福岡ソフトバンクホークス,埼玉西武ライオンズ,津森 宥紀,5,救援,,14,3,1,3,1,0,0,0,0,0.00
20260421_L-H_04,2026-04-21,火,パ・リーグ公式戦,ビジター,福岡ソフトバンクホークス,埼玉西武ライオンズ,伊藤 優輔,6,救援,,14,4,1,3,0,0,0,0,0,0.00
20260421_F-E_04,2026-04-21,火,パ・リーグ公式戦,ホーム,北海道日本ハムファイターズ,東北楽天ゴールデンイーグルス,達 孝太,1,先発,勝,107,25,7,21,7,0,0,1,1,1.29
20260421_F-E_04,2026-04-21,火,パ・リーグ公式戦,ホーム,北海道日本ハムファイターズ,東北楽天ゴールデンイーグルス,田中 正義,2,救援,H,8,3,1,3,0,0,0,0,0,0.00
20260421_F-E_04,2026-04-21,火,パ・リーグ公式戦,ホーム,北海道日本ハムファイターズ,東北楽天ゴールデンイーグルス,柳川 大晟,3,救援,S,16,4,1,3,0,0,0,0,0,0.00
20260419_H-B_03,2026-04-19,日,パ・リーグ公式戦,ビジター,オリックス・バファローズ,福岡ソフトバンクホークス,Ｓ．ジェリー,1,先発,,101,23,6,18,5,0,0,1,1,1.50
20260419_H-B_03,2026-04-19,日,パ・リーグ公式戦,ビジター,オリックス・バファローズ,福岡ソフトバンクホークス,山﨑 颯一郎,2,救援,,15,4,1,3,1,0,0,0,0,0.00
20260419_H-B_03,2026-04-19,日,パ・リーグ公式戦,ビジター,オリックス・バファローズ,福岡ソフトバンクホークス,椋木 蓮,3,救援,勝,16,3,1,3,1,0,0,0,0,0.00
20260419_H-B_03,2026-04-19,日,パ・リーグ公式戦,ビジター,オリックス・バファローズ,福岡ソフトバンクホークス,Ａ．マチャド,4,救援,S,12,3,1,3,0,0,0,0,0,0.00
20260419_C-DB_05,2026-04-19,日,セ・リーグ公式戦,ビジター,横浜DeNAベイスターズ,広島東洋カープ,石田 裕太郎,1,先発,勝,84,23,6,18,4,1,0,0,0,0.00
20260419_C-DB_05,2026-04-19,日,セ・リーグ公式戦,ビジター,横浜DeNAベイスターズ,広島東洋カープ,伊勢 大夢,2,救援,H,20,5,1,3,1,0,0,0,0,0.00
20260419_C-DB_05,2026-04-19,日,セ・リーグ公式戦,ビジター,横浜DeNAベイスターズ,広島東洋カープ,Ｓ．レイノルズ,3,救援,H,16,3,1,3,2,0,0,0,0,0.00
20260419_C-DB_05,2026-04-19,日,セ・リーグ公式戦,ビジター,横浜DeNAベイスターズ,広島東洋カープ,山﨑 康晃,4,救援,S,22,4,1,3,1,0,0,0,0,0.00
20260419_C-DB_05,2026-04-19,日,セ・リーグ公式戦,ホーム,広島東洋カープ,横浜DeNAベイスターズ,床田 寛樹,1,先発,敗,105,31,8,24,2,0,0,2,2,2.25
20260419_C-DB_05,2026-04-19,日,セ・リーグ公式戦,ホーム,広島東洋カープ,横浜DeNAベイスターズ,髙 太一,2,救援,,19,3,1,3,0,0,0,0,0,0.00
20260419_T-D_06,2026-04-19,日,セ・リーグ公式戦,ホーム,阪神タイガース,中日ドラゴンズ,伊原 陵人,1,先発,,53,13,1.1,4,2,0,0,4,4,27.00
20260419_T-D_06,2026-04-19,日,セ・リーグ公式戦,ホーム,阪神タイガース,中日ドラゴンズ,石黒 佑弥,2,救援,,29,7,1.2,5,1,0,0,1,1,5.40
20260419_T-D_06,2026-04-19,日,セ・リーグ公式戦,ホーム,阪神タイガース,中日ドラゴンズ,工藤 泰成,3,救援,,38,7,2,6,3,0,0,0,0,0.00
20260419_T-D_06,2026-04-19,日,セ・リーグ公式戦,ホーム,阪神タイガース,中日ドラゴンズ,湯浅 京己,4,救援,勝,12,3,1,3,1,0,0,0,0,0.00
20260419_T-D_06,2026-04-19,日,セ・リーグ公式戦,ホーム,阪神タイガース,中日ドラゴンズ,Ｄ．モレッタ,5,救援,H,19,4,1,3,3,1,0,0,0,0.00
20260419_T-D_06,2026-04-19,日,セ・リーグ公式戦,ホーム,阪神タイガース,中日ドラゴンズ,桐敷 拓馬,6,救援,H,14,4,1,3,1,0,0,0,0,0.00
20260419_T-D_06,2026-04-19,日,セ・リーグ公式戦,ホーム,阪神タイガース,中日ドラゴンズ,Ｒ．ドリス,7,救援,S,13,4,1,3,2,0,0,0,0,0.00
20260419_F-L_03,2026-04-19,日,パ・リーグ公式戦,ビジター,埼玉西武ライオンズ,北海道日本ハムファイターズ,平良 海馬,1,先発,勝,85,23,6,18,3,0,0,2,2,3.00
20260419_F-L_03,2026-04-19,日,パ・リーグ公式戦,ビジター,埼玉西武ライオンズ,北海道日本ハムファイターズ,篠原 響,2,救援,,19,5,0.2,2,1,1,0,1,1,13.50
20260419_F-L_03,2026-04-19,日,パ・リーグ公式戦,ビジター,埼玉西武ライオンズ,北海道日本ハムファイターズ,浜屋 将太,3,救援,,5,1,0+,0,0,0,0,0,0,
20260419_F-L_03,2026-04-19,日,パ・リーグ公式戦,ビジター,埼玉西武ライオンズ,北海道日本ハムファイターズ,糸川 亮太,4,救援,H,1,1,0.1,1,0,0,0,0,0,0.00
20260419_F-L_03,2026-04-19,日,パ・リーグ公式戦,ビジター,埼玉西武ライオンズ,北海道日本ハムファイターズ,黒田 将矢,5,救援,,11,4,1,3,0,0,0,0,0,0.00
20260419_F-L_03,2026-04-19,日,パ・リーグ公式戦,ビジター,埼玉西武ライオンズ,北海道日本ハムファイターズ,中村 祐太,6,救援,,7,3,1,3,0,0,0,0,0,0.00
20260419_E-M_03,2026-04-19,日,パ・リーグ公式戦,ビジター,千葉ロッテマリーンズ,東北楽天ゴールデンイーグルス,廣池 康志郎,1,先発,,87,26,5.2,17,1,0,0,5,4,6.35
20260419_E-M_03,2026-04-19,日,パ・リーグ公式戦,ビジター,千葉ロッテマリーンズ,東北楽天ゴールデンイーグルス,Ｓ．ロング,2,救援,,9,2,0.1,1,0,0,0,0,0,0.00
20260419_E-M_03,2026-04-19,日,パ・リーグ公式戦,ビジター,千葉ロッテマリーンズ,東北楽天ゴールデンイーグルス,高野 脩汰,3,救援,勝,12,3,1,3,1,0,0,0,0,0.00
20260419_E-M_03,2026-04-19,日,パ・リーグ公式戦,ビジター,千葉ロッテマリーンズ,東北楽天ゴールデンイーグルス,澤田 圭佑,4,救援,H,15,4,1,3,2,0,0,0,0,0.00
20260419_E-M_03,2026-04-19,日,パ・リーグ公式戦,ビジター,千葉ロッテマリーンズ,東北楽天ゴールデンイーグルス,横山 陸人,5,救援,S,14,4,1,3,0,0,0,0,0,0.00
20260419_T-D_06,2026-04-19,日,セ・リーグ公式戦,ビジター,中日ドラゴンズ,阪神タイガース,髙橋 宏斗,1,先発,敗,86,26,5.1,16,3,0,0,6,6,10.13
20260419_T-D_06,2026-04-19,日,セ・リーグ公式戦,ビジター,中日ドラゴンズ,阪神タイガース,齋藤 綱記,2,救援,,10,3,0.1,1,0,0,0,0,0,0.00
20260419_T-D_06,2026-04-19,日,セ・リーグ公式戦,ビジター,中日ドラゴンズ,阪神タイガース,藤嶋 健人,3,救援,,5,1,0.1,1,0,0,0,0,0,0.00
20260419_T-D_06,2026-04-19,日,セ・リーグ公式戦,ビジター,中日ドラゴンズ,阪神タイガース,根尾 昂,4,救援,,21,4,1,3,3,0,0,1,1,9.00
20260419_T-D_06,2026-04-19,日,セ・リーグ公式戦,ビジター,中日ドラゴンズ,阪神タイガース,Ｈ．メヒア,5,救援,,12,3,1,3,0,0,0,0,0,0.00
20260419_S-G_06,2026-04-19,日,セ・リーグ公式戦,ホーム,東京ヤクルトスワローズ,読売ジャイアンツ,増居 翔太,1,先発,勝,75,18,5,15,4,0,0,1,1,1.80
20260419_S-G_06,2026-04-19,日,セ・リーグ公式戦,ホーム,東京ヤクルトスワローズ,読売ジャイアンツ,清水 昇,2,救援,H,7,3,1,3,0,0,0,0,0,0.00
20260419_S-G_06,2026-04-19,日,セ・リーグ公式戦,ホーム,東京ヤクルトスワローズ,読売ジャイアンツ,Ｊ．リランソ,3,救援,H,8,3,1,3,1,0,0,0,0,0.00
20260419_S-G_06,2026-04-19,日,セ・リーグ公式戦,ホーム,東京ヤクルトスワローズ,読売ジャイアンツ,星 知弥,4,救援,H,14,3,1,3,1,0,0,0,0,0.00
20260419_S-G_06,2026-04-19,日,セ・リーグ公式戦,ホーム,東京ヤクルトスワローズ,読売ジャイアンツ,Ｊ．キハダ,5,救援,S,21,5,1,3,3,0,0,0,0,0.00
20260419_E-M_03,2026-04-19,日,パ・リーグ公式戦,ホーム,東北楽天ゴールデンイーグルス,千葉ロッテマリーンズ,早川 隆久,1,先発,,103,24,7,21,7,0,0,2,2,2.57
20260419_E-M_03,2026-04-19,日,パ・リーグ公式戦,ホーム,東北楽天ゴールデンイーグルス,千葉ロッテマリーンズ,鈴木 翔天,2,救援,,14,4,0.1,1,0,0,0,3,2,54.00
20260419_E-M_03,2026-04-19,日,パ・リーグ公式戦,ホーム,東北楽天ゴールデンイーグルス,千葉ロッテマリーンズ,田中 千晴,3,救援,敗,11,3,0+,0,0,0,0,3,1,
20260419_E-M_03,2026-04-19,日,パ・リーグ公式戦,ホーム,東北楽天ゴールデンイーグルス,千葉ロッテマリーンズ,宋 家豪,4,救援,,18,4,0.2,2,1,0,0,0,0,0.00
20260419_E-M_03,2026-04-19,日,パ・リーグ公式戦,ホーム,東北楽天ゴールデンイーグルス,千葉ロッテマリーンズ,加治屋 蓮,5,救援,,24,6,1,3,3,0,0,0,0,0.00
20260419_S-G_06,2026-04-19,日,セ・リーグ公式戦,ビジター,読売ジャイアンツ,東京ヤクルトスワローズ,井上 温大,1,先発,敗,86,21,4.2,14,7,0,0,3,2,3.86
20260419_S-G_06,2026-04-19,日,セ・リーグ公式戦,ビジター,読売ジャイアンツ,東京ヤクルトスワローズ,田和 廉,2,救援,,2,1,0.1,1,0,0,0,0,0,0.00
20260419_S-G_06,2026-04-19,日,セ・リーグ公式戦,ビジター,読売ジャイアンツ,東京ヤクルトスワローズ,Ｅ．ルシアーノ,3,救援,,33,9,2,6,1,0,0,0,0,0.00
20260419_S-G_06,2026-04-19,日,セ・リーグ公式戦,ビジター,読売ジャイアンツ,東京ヤクルトスワローズ,赤星 優志,4,救援,,15,3,1,3,3,0,0,0,0,0.00
20260419_H-B_03,2026-04-19,日,パ・リーグ公式戦,ホーム,福岡ソフトバンクホークス,オリックス・バファローズ,松本 晴,1,先発,敗,85,30,8.1,25,7,0,0,2,2,2.16
20260419_H-B_03,2026-04-19,日,パ・リーグ公式戦,ホーム,福岡ソフトバンクホークス,オリックス・バファローズ,木村 光,2,救援,,7,2,0.2,2,1,0,0,0,0,0.00
20260419_F-L_03,2026-04-19,日,パ・リーグ公式戦,ホーム,北海道日本ハムファイターズ,埼玉西武ライオンズ,有原 航平,1,先発,敗,89,25,6,18,0,0,0,5,5,7.50
20260419_F-L_03,2026-04-19,日,パ・リーグ公式戦,ホーム,北海道日本ハムファイターズ,埼玉西武ライオンズ,上原 健太,2,救援,,15,4,1,3,1,0,0,0,0,0.00
20260419_F-L_03,2026-04-19,日,パ・リーグ公式戦,ホーム,北海道日本ハムファイターズ,埼玉西武ライオンズ,大川 慈英,3,救援,,23,6,0.1,1,0,1,0,5,2,54.00
20260419_F-L_03,2026-04-19,日,パ・リーグ公式戦,ホーム,北海道日本ハムファイターズ,埼玉西武ライオンズ,池田 隆英,4,救援,,33,10,1.2,5,2,0,0,5,5,27.00
20260418_H-B_02,2026-04-18,土,パ・リーグ公式戦,ビジター,オリックス・バファローズ,福岡ソフトバンクホークス,九里 亜蓮,1,先発,敗,109,25,6,18,5,0,0,2,2,3.00
20260418_H-B_02,2026-04-18,土,パ・リーグ公式戦,ビジター,オリックス・バファローズ,福岡ソフトバンクホークス,Ｌ．ペルドモ,2,救援,,19,7,0.2,2,0,0,0,5,5,67.50
20260418_H-B_02,2026-04-18,土,パ・リーグ公式戦,ビジター,オリックス・バファローズ,福岡ソフトバンクホークス,権田 琉成,3,救援,,23,7,1.1,4,0,0,0,0,0,0.00
20260418_C-DB_04,2026-04-18,土,セ・リーグ公式戦,ビジター,横浜DeNAベイスターズ,広島東洋カープ,東 克樹,1,先発,勝,93,23,6,18,9,0,0,0,0,0.00
20260418_C-DB_04,2026-04-18,土,セ・リーグ公式戦,ビジター,横浜DeNAベイスターズ,広島東洋カープ,Ｈ．マルセリーノ,2,救援,,24,5,1,3,2,0,0,1,1,9.00
20260418_C-DB_04,2026-04-18,土,セ・リーグ公式戦,ビジター,横浜DeNAベイスターズ,広島東洋カープ,橋本 達弥,3,救援,,18,4,1,3,1,0,0,0,0,0.00
20260418_C-DB_04,2026-04-18,土,セ・リーグ公式戦,ビジター,横浜DeNAベイスターズ,広島東洋カープ,堀岡 隼人,4,救援,,24,5,1,3,1,1,0,1,1,9.00
20260418_C-DB_04,2026-04-18,土,セ・リーグ公式戦,ホーム,広島東洋カープ,横浜DeNAベイスターズ,Ｆ．ターノック,1,先発,敗,111,27,6+,18,6,0,0,5,5,7.50
20260418_C-DB_04,2026-04-18,土,セ・リーグ公式戦,ホーム,広島東洋カープ,横浜DeNAベイスターズ,齊藤 汰直,2,救援,,13,5,0.1,1,0,0,0,2,2,54.00
20260418_C-DB_04,2026-04-18,土,セ・リーグ公式戦,ホーム,広島東洋カープ,横浜DeNAベイスターズ,塹江 敦哉,3,救援,,5,2,0.2,2,1,0,0,0,0,0.00
20260418_C-DB_04,2026-04-18,土,セ・リーグ公式戦,ホーム,広島東洋カープ,横浜DeNAベイスターズ,赤木 晴哉,4,救援,,10,3,1,3,0,0,0,0,0,0.00
20260418_C-DB_04,2026-04-18,土,セ・リーグ公式戦,ホーム,広島東洋カープ,横浜DeNAベイスターズ,遠藤 淳志,5,救援,,13,3,1,3,0,0,0,0,0,0.00
20260418_T-D_05,2026-04-18,土,セ・リーグ公式戦,ホーム,阪神タイガース,中日ドラゴンズ,大竹 耕太郎,1,先発,,111,29,6,18,4,1,0,3,3,4.50
20260418_T-D_05,2026-04-18,土,セ・リーグ公式戦,ホーム,阪神タイガース,中日ドラゴンズ,湯浅 京己,2,救援,勝,14,3,1,3,1,0,0,0,0,0.00
20260418_T-D_05,2026-04-18,土,セ・リーグ公式戦,ホーム,阪神タイガース,中日ドラゴンズ,桐敷 拓馬,3,救援,H,15,3,1,3,1,0,0,0,0,0.00
20260418_T-D_05,2026-04-18,土,セ・リーグ公式戦,ホーム,阪神タイガース,中日ドラゴンズ,岩崎 優,4,救援,S,17,5,1,3,1,0,0,0,0,0.00
20260418_F-L_02,2026-04-18,土,パ・リーグ公式戦,ビジター,埼玉西武ライオンズ,北海道日本ハムファイターズ,武内 夏暉,1,先発,敗,104,24,5+,15,4,0,0,3,0,0.00
20260418_F-L_02,2026-04-18,土,パ・リーグ公式戦,ビジター,埼玉西武ライオンズ,北海道日本ハムファイターズ,糸川 亮太,2,救援,H,9,2,0.2,2,1,0,0,0,0,0.00
20260418_F-L_02,2026-04-18,土,パ・リーグ公式戦,ビジター,埼玉西武ライオンズ,北海道日本ハムファイターズ,羽田 慎之介,3,救援,,13,4,0.1,1,0,0,0,2,2,54.00
20260418_F-L_02,2026-04-18,土,パ・リーグ公式戦,ビジター,埼玉西武ライオンズ,北海道日本ハムファイターズ,黒田 将矢,4,救援,,10,3,1,3,0,0,0,0,0,0.00
20260418_F-L_02,2026-04-18,土,パ・リーグ公式戦,ビジター,埼玉西武ライオンズ,北海道日本ハムファイターズ,中村 祐太,5,救援,,9,3,1,3,0,0,0,0,0,0.00
20260418_E-M_02,2026-04-18,土,パ・リーグ公式戦,ビジター,千葉ロッテマリーンズ,東北楽天ゴールデンイーグルス,田中 晴也,1,先発,敗,104,26,5,15,4,0,0,7,7,12.60
20260418_E-M_02,2026-04-18,土,パ・リーグ公式戦,ビジター,千葉ロッテマリーンズ,東北楽天ゴールデンイーグルス,菊地 吏玖,2,救援,,45,9,2,6,0,0,0,2,2,9.00
20260418_E-M_02,2026-04-18,土,パ・リーグ公式戦,ビジター,千葉ロッテマリーンズ,東北楽天ゴールデンイーグルス,益田 直也,3,救援,,18,6,1,3,1,0,0,0,0,0.00
20260418_T-D_05,2026-04-18,土,セ・リーグ公式戦,ビジター,中日ドラゴンズ,阪神タイガース,大野 雄大,1,先発,,106,27,6,18,11,0,0,2,2,3.00
20260418_T-D_05,2026-04-18,土,セ・リーグ公式戦,ビジター,中日ドラゴンズ,阪神タイガース,杉浦 稔大,2,救援,敗,23,6,0.2,2,1,0,0,2,2,27.00
20260418_T-D_05,2026-04-18,土,セ・リーグ公式戦,ビジター,中日ドラゴンズ,阪神タイガース,牧野 憲伸,3,救援,,4,1,0.1,1,0,0,0,0,0,0.00
20260418_T-D_05,2026-04-18,土,セ・リーグ公式戦,ビジター,中日ドラゴンズ,阪神タイガース,吉田 聖弥,4,救援,,10,3,1,3,0,0,0,0,0,0.00
20260418_S-G_05,2026-04-18,土,セ・リーグ公式戦,ホーム,東京ヤクルトスワローズ,読売ジャイアンツ,奥川 恭伸,1,先発,,100,28,7,21,6,0,0,3,3,3.86
20260418_S-G_05,2026-04-18,土,セ・リーグ公式戦,ホーム,東京ヤクルトスワローズ,読売ジャイアンツ,廣澤 優,2,救援,,7,3,1,3,0,0,0,0,0,0.00
20260418_S-G_05,2026-04-18,土,セ・リーグ公式戦,ホーム,東京ヤクルトスワローズ,読売ジャイアンツ,清水 昇,3,救援,勝,12,3,1,3,1,0,0,0,0,0.00
20260418_E-M_02,2026-04-18,土,パ・リーグ公式戦,ホーム,東北楽天ゴールデンイーグルス,千葉ロッテマリーンズ,Ｊ．ウレーニャ,1,先発,勝,114,26,6,18,4,1,0,1,1,1.50
20260418_E-M_02,2026-04-18,土,パ・リーグ公式戦,ホーム,東北楽天ゴールデンイーグルス,千葉ロッテマリーンズ,津留﨑 大成,2,救援,,31,6,2,6,3,0,0,0,0,0.00
20260418_E-M_02,2026-04-18,土,パ・リーグ公式戦,ホーム,東北楽天ゴールデンイーグルス,千葉ロッテマリーンズ,渡辺 翔太,3,救援,,27,6,1,3,1,0,0,0,0,0.00
20260418_S-G_05,2026-04-18,土,セ・リーグ公式戦,ビジター,読売ジャイアンツ,東京ヤクルトスワローズ,Ｂ．マタ,1,先発,,99,23,6,18,6,0,0,1,1,1.50
20260418_S-G_05,2026-04-18,土,セ・リーグ公式戦,ビジター,読売ジャイアンツ,東京ヤクルトスワローズ,田中 瑛斗,2,救援,H,7,4,0.1,1,0,0,0,1,1,27.00
20260418_S-G_05,2026-04-18,土,セ・リーグ公式戦,ビジター,読売ジャイアンツ,東京ヤクルトスワローズ,中川 皓太,3,救援,H,1,1,0.1,1,0,0,0,0,0,0.00
20260418_S-G_05,2026-04-18,土,セ・リーグ公式戦,ビジター,読売ジャイアンツ,東京ヤクルトスワローズ,船迫 大雅,4,救援,H,7,2,0.1,1,0,0,0,0,0,0.00
20260418_S-G_05,2026-04-18,土,セ・リーグ公式戦,ビジター,読売ジャイアンツ,東京ヤクルトスワローズ,大勢,5,救援,H,4,3,1,3,0,0,0,0,0,0.00
20260418_S-G_05,2026-04-18,土,セ・リーグ公式戦,ビジター,読売ジャイアンツ,東京ヤクルトスワローズ,Ｒ．マルティネス,6,救援,敗,12,4,0.1,1,1,0,0,2,2,54.00
20260418_H-B_02,2026-04-18,土,パ・リーグ公式戦,ホーム,福岡ソフトバンクホークス,オリックス・バファローズ,上沢 直之,1,先発,勝,134,30,8.1,25,9,0,0,0,0,0.00
20260418_H-B_02,2026-04-18,土,パ・リーグ公式戦,ホーム,福岡ソフトバンクホークス,オリックス・バファローズ,尾形 崇斗,2,救援,,10,2,0.2,2,1,0,0,0,0,0.00
20260418_F-L_02,2026-04-18,土,パ・リーグ公式戦,ホーム,北海道日本ハムファイターズ,埼玉西武ライオンズ,伊藤 大海,1,先発,勝,103,25,6,18,4,0,0,2,2,3.00
20260418_F-L_02,2026-04-18,土,パ・リーグ公式戦,ホーム,北海道日本ハムファイターズ,埼玉西武ライオンズ,齋藤 友貴哉,2,救援,H,11,3,1,3,1,0,0,0,0,0.00
20260418_F-L_02,2026-04-18,土,パ・リーグ公式戦,ホーム,北海道日本ハムファイターズ,埼玉西武ライオンズ,田中 正義,3,救援,H,10,3,1,3,0,0,0,0,0,0.00
20260418_F-L_02,2026-04-18,土,パ・リーグ公式戦,ホーム,北海道日本ハムファイターズ,埼玉西武ライオンズ,柳川 大晟,4,救援,S,28,7,1,3,1,0,0,1,1,9.00
20260417_H-B_01,2026-04-17,金,パ・リーグ公式戦,ビジター,オリックス・バファローズ,福岡ソフトバンクホークス,髙島 泰都,1,先発,勝,92,25,6,18,4,0,0,2,2,3.00
20260417_H-B_01,2026-04-17,金,パ・リーグ公式戦,ビジター,オリックス・バファローズ,福岡ソフトバンクホークス,山田 修義,2,救援,,11,3,1,3,2,0,0,0,0,0.00
20260417_H-B_01,2026-04-17,金,パ・リーグ公式戦,ビジター,オリックス・バファローズ,福岡ソフトバンクホークス,入山 海斗,3,救援,,19,5,1,3,0,0,0,2,2,18.00
20260417_H-B_01,2026-04-17,金,パ・リーグ公式戦,ビジター,オリックス・バファローズ,福岡ソフトバンクホークス,佐藤 一磨,4,救援,,23,5,1,3,1,0,0,0,0,0.00
20260417_C-DB_03,2026-04-17,金,セ・リーグ公式戦,ビジター,横浜DeNAベイスターズ,広島東洋カープ,平良 拳太郎,1,先発,勝,87,22,6,18,6,0,0,1,1,1.50
20260417_C-DB_03,2026-04-17,金,セ・リーグ公式戦,ビジター,横浜DeNAベイスターズ,広島東洋カープ,伊勢 大夢,2,救援,,15,3,1,3,1,0,0,0,0,0.00
20260417_C-DB_03,2026-04-17,金,セ・リーグ公式戦,ビジター,横浜DeNAベイスターズ,広島東洋カープ,中川 虎大,3,救援,,20,3,1,3,1,0,0,0,0,0.00
20260417_C-DB_03,2026-04-17,金,セ・リーグ公式戦,ビジター,横浜DeNAベイスターズ,広島東洋カープ,坂本 裕哉,4,救援,,10,3,1,3,0,0,0,0,0,0.00
20260417_C-DB_03,2026-04-17,金,セ・リーグ公式戦,ホーム,広島東洋カープ,横浜DeNAベイスターズ,岡本 駿,1,先発,,92,22,5,15,6,1,0,1,1,1.80
20260417_C-DB_03,2026-04-17,金,セ・リーグ公式戦,ホーム,広島東洋カープ,横浜DeNAベイスターズ,島内 颯太郎,2,救援,敗,17,6,0.2,2,0,0,0,3,3,40.50
20260417_C-DB_03,2026-04-17,金,セ・リーグ公式戦,ホーム,広島東洋カープ,横浜DeNAベイスターズ,塹江 敦哉,3,救援,,6,1,0.1,1,0,0,0,0,0,0.00
20260417_C-DB_03,2026-04-17,金,セ・リーグ公式戦,ホーム,広島東洋カープ,横浜DeNAベイスターズ,森浦 大輔,4,救援,,22,5,1,3,3,0,0,1,1,9.00
20260417_C-DB_03,2026-04-17,金,セ・リーグ公式戦,ホーム,広島東洋カープ,横浜DeNAベイスターズ,鈴木 健矢,5,救援,,37,6,2,6,0,0,0,0,0,0.00
20260417_T-D_04,2026-04-17,金,セ・リーグ公式戦,ホーム,阪神タイガース,中日ドラゴンズ,村上 頌樹,1,先発,,106,23,6,18,4,0,0,1,1,1.50
20260417_T-D_04,2026-04-17,金,セ・リーグ公式戦,ホーム,阪神タイガース,中日ドラゴンズ,Ｄ．モレッタ,2,救援,勝,14,4,1,3,2,0,0,0,0,0.00
20260417_T-D_04,2026-04-17,金,セ・リーグ公式戦,ホーム,阪神タイガース,中日ドラゴンズ,Ｒ．ドリス,3,救援,H,8,3,1,3,0,0,0,0,0,0.00
20260417_T-D_04,2026-04-17,金,セ・リーグ公式戦,ホーム,阪神タイガース,中日ドラゴンズ,岩崎 優,4,救援,S,11,3,1,3,1,0,0,0,0,0.00
20260417_F-L_01,2026-04-17,金,パ・リーグ公式戦,ビジター,埼玉西武ライオンズ,北海道日本ハムファイターズ,渡邉 勇太朗,1,先発,勝,108,25,7,21,6,0,0,3,3,3.86
20260417_F-L_01,2026-04-17,金,パ・リーグ公式戦,ビジター,埼玉西武ライオンズ,北海道日本ハムファイターズ,甲斐野 央,2,救援,H,24,5,1,3,1,0,0,0,0,0.00
20260417_F-L_01,2026-04-17,金,パ・リーグ公式戦,ビジター,埼玉西武ライオンズ,北海道日本ハムファイターズ,岩城 颯空,3,救援,S,23,3,1,3,1,0,0,0,0,0.00
20260417_E-M_01,2026-04-17,金,パ・リーグ公式戦,ビジター,千葉ロッテマリーンズ,東北楽天ゴールデンイーグルス,種市 篤暉,1,先発,,91,25,7,21,6,0,0,0,0,0.00
20260417_E-M_01,2026-04-17,金,パ・リーグ公式戦,ビジター,千葉ロッテマリーンズ,東北楽天ゴールデンイーグルス,Ｓ．ロング,2,救援,H,10,3,1,3,1,0,0,0,0,0.00
20260417_E-M_01,2026-04-17,金,パ・リーグ公式戦,ビジター,千葉ロッテマリーンズ,東北楽天ゴールデンイーグルス,鈴木 昭汰,3,救援,H,21,4,1,3,2,0,0,0,0,0.00
20260417_E-M_01,2026-04-17,金,パ・リーグ公式戦,ビジター,千葉ロッテマリーンズ,東北楽天ゴールデンイーグルス,高野 脩汰,4,救援,H,14,5,1,3,1,0,0,0,0,0.00
20260417_E-M_01,2026-04-17,金,パ・リーグ公式戦,ビジター,千葉ロッテマリーンズ,東北楽天ゴールデンイーグルス,坂本 光士郎,5,救援,敗,14,4,0.2,2,2,0,0,1,0,0.00
20260417_T-D_04,2026-04-17,金,セ・リーグ公式戦,ビジター,中日ドラゴンズ,阪神タイガース,柳 裕也,1,先発,,125,28,6,18,5,0,0,1,1,1.50
20260417_T-D_04,2026-04-17,金,セ・リーグ公式戦,ビジター,中日ドラゴンズ,阪神タイガース,根尾 昂,2,救援,敗,15,4,1,3,2,0,0,1,1,9.00
20260417_T-D_04,2026-04-17,金,セ・リーグ公式戦,ビジター,中日ドラゴンズ,阪神タイガース,齋藤 綱記,3,救援,,14,4,1,3,0,0,0,0,0,0.00
20260417_S-G_04,2026-04-17,金,セ・リーグ公式戦,ホーム,東京ヤクルトスワローズ,読売ジャイアンツ,Ｎ．ウォルターズ,1,先発,敗,77,20,2.2,8,4,1,0,7,7,23.63
20260417_S-G_04,2026-04-17,金,セ・リーグ公式戦,ホーム,東京ヤクルトスワローズ,読売ジャイアンツ,丸山 翔大,2,救援,,26,7,2.1,7,5,0,0,0,0,0.00
20260417_S-G_04,2026-04-17,金,セ・リーグ公式戦,ホーム,東京ヤクルトスワローズ,読売ジャイアンツ,田口 麗斗,3,救援,,32,9,2,6,2,0,0,0,0,0.00
20260417_S-G_04,2026-04-17,金,セ・リーグ公式戦,ホーム,東京ヤクルトスワローズ,読売ジャイアンツ,木澤 尚文,4,救援,,12,3,1,3,1,0,0,0,0,0.00
20260417_S-G_04,2026-04-17,金,セ・リーグ公式戦,ホーム,東京ヤクルトスワローズ,読売ジャイアンツ,荘司 宏太,5,救援,,20,5,1,3,1,0,0,1,1,9.00
20260417_E-M_01,2026-04-17,金,パ・リーグ公式戦,ホーム,東北楽天ゴールデンイーグルス,千葉ロッテマリーンズ,藤井 聖,1,先発,,92,21,6,18,5,0,0,0,0,0.00
20260417_E-M_01,2026-04-17,金,パ・リーグ公式戦,ホーム,東北楽天ゴールデンイーグルス,千葉ロッテマリーンズ,宋 家豪,2,救援,H,6,3,0.1,1,0,0,0,0,0,0.00
20260417_E-M_01,2026-04-17,金,パ・リーグ公式戦,ホーム,東北楽天ゴールデンイーグルス,千葉ロッテマリーンズ,柴田 大地,3,救援,H,14,3,0.2,2,2,0,0,0,0,0.00
20260417_E-M_01,2026-04-17,金,パ・リーグ公式戦,ホーム,東北楽天ゴールデンイーグルス,千葉ロッテマリーンズ,西垣 雅矢,4,救援,H,20,4,1,3,2,0,0,0,0,0.00
20260417_E-M_01,2026-04-17,金,パ・リーグ公式戦,ホーム,東北楽天ゴールデンイーグルス,千葉ロッテマリーンズ,藤平 尚真,5,救援,H,10,3,1,3,2,0,0,0,0,0.00
20260417_E-M_01,2026-04-17,金,パ・リーグ公式戦,ホーム,東北楽天ゴールデンイーグルス,千葉ロッテマリーンズ,田中 千晴,6,救援,H,13,4,1,3,1,0,0,0,0,0.00
20260417_E-M_01,2026-04-17,金,パ・リーグ公式戦,ホーム,東北楽天ゴールデンイーグルス,千葉ロッテマリーンズ,加治屋 蓮,7,救援,勝,15,4,1,3,1,0,0,0,0,0.00
20260417_S-G_04,2026-04-17,金,セ・リーグ公式戦,ビジター,読売ジャイアンツ,東京ヤクルトスワローズ,Ｆ．ウィットリー,1,先発,勝,94,25,7,21,9,0,0,0,0,0.00
20260417_S-G_04,2026-04-17,金,セ・リーグ公式戦,ビジター,読売ジャイアンツ,東京ヤクルトスワローズ,北浦 竜次,2,救援,,10,4,1,3,0,0,0,0,0,0.00
20260417_S-G_04,2026-04-17,金,セ・リーグ公式戦,ビジター,読売ジャイアンツ,東京ヤクルトスワローズ,又木 鉄平,3,救援,,19,6,1,3,0,0,0,2,2,18.00
20260417_H-B_01,2026-04-17,金,パ・リーグ公式戦,ホーム,福岡ソフトバンクホークス,オリックス・バファローズ,徐 若熙,1,先発,敗,60,16,1.2,5,1,0,0,7,7,37.80
20260417_H-B_01,2026-04-17,金,パ・リーグ公式戦,ホーム,福岡ソフトバンクホークス,オリックス・バファローズ,大野 稼頭央,2,救援,,71,18,3.1,10,1,1,0,2,2,5.40
20260417_H-B_01,2026-04-17,金,パ・リーグ公式戦,ホーム,福岡ソフトバンクホークス,オリックス・バファローズ,鈴木 豪太,3,救援,,51,14,3,9,4,0,1,3,3,9.00
20260417_H-B_01,2026-04-17,金,パ・リーグ公式戦,ホーム,福岡ソフトバンクホークス,オリックス・バファローズ,伊藤 優輔,4,救援,,19,5,1,3,0,0,0,1,1,9.00
20260417_F-L_01,2026-04-17,金,パ・リーグ公式戦,ホーム,北海道日本ハムファイターズ,埼玉西武ライオンズ,北山 亘基,1,先発,,94,25,6,18,2,0,0,2,2,3.00
20260417_F-L_01,2026-04-17,金,パ・リーグ公式戦,ホーム,北海道日本ハムファイターズ,埼玉西武ライオンズ,上原 健太,2,救援,敗,25,5,1,3,1,0,0,2,2,18.00
20260417_F-L_01,2026-04-17,金,パ・リーグ公式戦,ホーム,北海道日本ハムファイターズ,埼玉西武ライオンズ,山﨑 福也,3,救援,,13,4,1,3,0,0,0,1,1,9.00
20260417_F-L_01,2026-04-17,金,パ・リーグ公式戦,ホーム,北海道日本ハムファイターズ,埼玉西武ライオンズ,福谷 浩司,4,救援,,18,3,1,3,0,0,0,0,0,0.00
20260416_B-L_06,2026-04-16,木,パ・リーグ公式戦,ホーム,オリックス・バファローズ,埼玉西武ライオンズ,寺西 成騎,1,先発,勝,75,22,6,18,4,0,0,1,1,1.50
20260416_B-L_06,2026-04-16,木,パ・リーグ公式戦,ホーム,オリックス・バファローズ,埼玉西武ライオンズ,古田島 成龍,2,救援,H,23,4,1,3,0,0,0,0,0,0.00
20260416_B-L_06,2026-04-16,木,パ・リーグ公式戦,ホーム,オリックス・バファローズ,埼玉西武ライオンズ,山﨑 颯一郎,3,救援,H,12,4,1,3,1,0,0,0,0,0.00
20260416_B-L_06,2026-04-16,木,パ・リーグ公式戦,ホーム,オリックス・バファローズ,埼玉西武ライオンズ,入山 海斗,4,救援,,23,4,1,3,1,1,0,0,0,0.00
20260416_S-DB_05,2026-04-16,木,セ・リーグ公式戦,ビジター,横浜DeNAベイスターズ,東京ヤクルトスワローズ,Ｊ．デュプランティエ,1,先発,敗,75,19,4,12,2,1,0,2,1,2.25
20260416_S-DB_05,2026-04-16,木,セ・リーグ公式戦,ビジター,横浜DeNAベイスターズ,東京ヤクルトスワローズ,中川 颯,2,救援,,19,5,1,3,1,0,0,0,0,0.00
20260416_S-DB_05,2026-04-16,木,セ・リーグ公式戦,ビジター,横浜DeNAベイスターズ,東京ヤクルトスワローズ,堀岡 隼人,3,救援,,13,3,1,3,2,0,0,0,0,0.00
20260416_S-DB_05,2026-04-16,木,セ・リーグ公式戦,ビジター,横浜DeNAベイスターズ,東京ヤクルトスワローズ,Ｈ．マルセリーノ,4,救援,,10,3,1,3,1,0,0,0,0,0.00
20260416_S-DB_05,2026-04-16,木,セ・リーグ公式戦,ビジター,横浜DeNAベイスターズ,東京ヤクルトスワローズ,中川 虎大,5,救援,,17,4,1,3,2,0,0,0,0,0.00
20260416_T-G_05,2026-04-16,木,セ・リーグ公式戦,ホーム,阪神タイガース,読売ジャイアンツ,Ｅ．ルーカス,1,先発,敗,94,23,5,15,3,0,0,4,4,7.20
20260416_T-G_05,2026-04-16,木,セ・リーグ公式戦,ホーム,阪神タイガース,読売ジャイアンツ,湯浅 京己,2,救援,,12,4,1,3,0,0,0,0,0,0.00
20260416_T-G_05,2026-04-16,木,セ・リーグ公式戦,ホーム,阪神タイガース,読売ジャイアンツ,桐敷 拓馬,3,救援,,15,3,1,3,0,0,0,0,0,0.00
20260416_T-G_05,2026-04-16,木,セ・リーグ公式戦,ホーム,阪神タイガース,読売ジャイアンツ,Ｒ．ドリス,4,救援,,12,3,1,3,3,0,0,0,0,0.00
20260416_T-G_05,2026-04-16,木,セ・リーグ公式戦,ホーム,阪神タイガース,読売ジャイアンツ,Ｄ．モレッタ,5,救援,,22,5,1,3,2,0,0,0,0,0.00
20260416_B-L_06,2026-04-16,木,パ・リーグ公式戦,ビジター,埼玉西武ライオンズ,オリックス・バファローズ,菅井 信也,1,先発,敗,88,18,4,12,0,0,0,3,3,6.75
20260416_B-L_06,2026-04-16,木,パ・リーグ公式戦,ビジター,埼玉西武ライオンズ,オリックス・バファローズ,羽田 慎之介,2,救援,,13,3,1,3,2,0,0,0,0,0.00
20260416_B-L_06,2026-04-16,木,パ・リーグ公式戦,ビジター,埼玉西武ライオンズ,オリックス・バファローズ,黒田 将矢,3,救援,,33,8,1.2,5,0,0,0,0,0,0.00
20260416_B-L_06,2026-04-16,木,パ・リーグ公式戦,ビジター,埼玉西武ライオンズ,オリックス・バファローズ,浜屋 将太,4,救援,,11,2,0.1,1,0,0,0,0,0,0.00
20260416_B-L_06,2026-04-16,木,パ・リーグ公式戦,ビジター,埼玉西武ライオンズ,オリックス・バファローズ,豆田 泰志,5,救援,,37,9,1,3,0,1,0,4,4,36.00
20260416_M-F_06,2026-04-16,木,パ・リーグ公式戦,ホーム,千葉ロッテマリーンズ,北海道日本ハムファイターズ,木村 優人,1,先発,,76,18,4,12,4,1,0,3,3,6.75
20260416_M-F_06,2026-04-16,木,パ・リーグ公式戦,ホーム,千葉ロッテマリーンズ,北海道日本ハムファイターズ,八木 彬,2,救援,勝,25,7,2,6,0,0,0,0,0,0.00
20260416_M-F_06,2026-04-16,木,パ・リーグ公式戦,ホーム,千葉ロッテマリーンズ,北海道日本ハムファイターズ,坂本 光士郎,3,救援,H,13,3,1,3,2,0,0,0,0,0.00
20260416_M-F_06,2026-04-16,木,パ・リーグ公式戦,ホーム,千葉ロッテマリーンズ,北海道日本ハムファイターズ,澤田 圭佑,4,救援,H,13,4,1,3,1,0,0,0,0,0.00
20260416_M-F_06,2026-04-16,木,パ・リーグ公式戦,ホーム,千葉ロッテマリーンズ,北海道日本ハムファイターズ,横山 陸人,5,救援,S,13,4,1,3,2,0,0,0,0,0.00
20260416_S-DB_05,2026-04-16,木,セ・リーグ公式戦,ホーム,東京ヤクルトスワローズ,横浜DeNAベイスターズ,松本 健吾,1,先発,勝,76,22,6,18,2,0,0,0,0,0.00
20260416_S-DB_05,2026-04-16,木,セ・リーグ公式戦,ホーム,東京ヤクルトスワローズ,横浜DeNAベイスターズ,Ｊ．リランソ,2,救援,H,13,3,1,3,1,0,0,0,0,0.00
20260416_S-DB_05,2026-04-16,木,セ・リーグ公式戦,ホーム,東京ヤクルトスワローズ,横浜DeNAベイスターズ,星 知弥,3,救援,H,23,5,1,3,2,0,0,0,0,0.00
20260416_S-DB_05,2026-04-16,木,セ・リーグ公式戦,ホーム,東京ヤクルトスワローズ,横浜DeNAベイスターズ,Ｊ．キハダ,4,救援,S,17,5,1,3,0,0,0,0,0,0.00
20260416_H-E_06,2026-04-16,木,パ・リーグ公式戦,ビジター,東北楽天ゴールデンイーグルス,福岡ソフトバンクホークス,藤原 聡大,1,先発,敗,85,20,4,12,5,0,0,5,5,11.25
20260416_H-E_06,2026-04-16,木,パ・リーグ公式戦,ビジター,東北楽天ゴールデンイーグルス,福岡ソフトバンクホークス,内 星龍,2,救援,,31,7,2,6,2,0,0,0,0,0.00
20260416_H-E_06,2026-04-16,木,パ・リーグ公式戦,ビジター,東北楽天ゴールデンイーグルス,福岡ソフトバンクホークス,江原 雅裕,3,救援,,39,9,2,6,3,0,0,1,1,4.50
20260416_T-G_05,2026-04-16,木,セ・リーグ公式戦,ビジター,読売ジャイアンツ,阪神タイガース,田中 将大,1,先発,勝,82,25,6,18,4,0,0,3,3,4.50
20260416_T-G_05,2026-04-16,木,セ・リーグ公式戦,ビジター,読売ジャイアンツ,阪神タイガース,田中 瑛斗,2,救援,H,12,4,1,3,0,0,0,0,0,0.00
20260416_T-G_05,2026-04-16,木,セ・リーグ公式戦,ビジター,読売ジャイアンツ,阪神タイガース,大勢,3,救援,H,18,4,1,3,2,0,0,0,0,0.00
20260416_T-G_05,2026-04-16,木,セ・リーグ公式戦,ビジター,読売ジャイアンツ,阪神タイガース,Ｒ．マルティネス,4,救援,S,9,3,1,3,0,0,0,0,0,0.00
20260416_H-E_06,2026-04-16,木,パ・リーグ公式戦,ホーム,福岡ソフトバンクホークス,東北楽天ゴールデンイーグルス,大津 亮介,1,先発,勝,106,24,7,21,11,0,0,0,0,0.00
20260416_H-E_06,2026-04-16,木,パ・リーグ公式戦,ホーム,福岡ソフトバンクホークス,東北楽天ゴールデンイーグルス,木村 光,2,救援,,20,4,1,3,2,0,0,0,0,0.00
20260416_H-E_06,2026-04-16,木,パ・リーグ公式戦,ホーム,福岡ソフトバンクホークス,東北楽天ゴールデンイーグルス,上茶谷 大河,3,救援,,20,4,1,3,0,0,0,0,0,0.00
20260416_M-F_06,2026-04-16,木,パ・リーグ公式戦,ビジター,北海道日本ハムファイターズ,千葉ロッテマリーンズ,細野 晴希,1,先発,,101,26,5,15,6,0,0,3,3,5.40
20260416_M-F_06,2026-04-16,木,パ・リーグ公式戦,ビジター,北海道日本ハムファイターズ,千葉ロッテマリーンズ,齋藤 友貴哉,2,救援,敗,22,6,1,3,2,0,0,1,1,9.00
20260416_M-F_06,2026-04-16,木,パ・リーグ公式戦,ビジター,北海道日本ハムファイターズ,千葉ロッテマリーンズ,島本 浩也,3,救援,,12,5,1,3,0,0,0,1,0,0.00
20260416_M-F_06,2026-04-16,木,パ・リーグ公式戦,ビジター,北海道日本ハムファイターズ,千葉ロッテマリーンズ,玉井 大翔,4,救援,,16,4,1,3,1,0,0,0,0,0.00
20260415_B-L_05,2026-04-15,水,パ・リーグ公式戦,ホーム,オリックス・バファローズ,埼玉西武ライオンズ,Ａ．エスピノーザ,1,先発,勝,96,24,6,18,8,0,0,0,0,0.00
20260415_B-L_05,2026-04-15,水,パ・リーグ公式戦,ホーム,オリックス・バファローズ,埼玉西武ライオンズ,Ｌ．ペルドモ,2,救援,H,10,5,1,3,0,0,0,1,1,9.00
20260415_B-L_05,2026-04-15,水,パ・リーグ公式戦,ホーム,オリックス・バファローズ,埼玉西武ライオンズ,山﨑 颯一郎,3,救援,H,11,3,1,3,0,0,0,0,0,0.00
20260415_B-L_05,2026-04-15,水,パ・リーグ公式戦,ホーム,オリックス・バファローズ,埼玉西武ライオンズ,椋木 蓮,4,救援,S,19,3,1,3,0,0,0,0,0,0.00
20260415_D-C_05,2026-04-15,水,セ・リーグ公式戦,ビジター,広島東洋カープ,中日ドラゴンズ,栗林 良吏,1,先発,勝,97,27,6.1,19,6,0,0,2,2,2.84
20260415_D-C_05,2026-04-15,水,セ・リーグ公式戦,ビジター,広島東洋カープ,中日ドラゴンズ,齊藤 汰直,2,救援,H,6,2,0.2,2,0,0,0,0,0,0.00
20260415_D-C_05,2026-04-15,水,セ・リーグ公式戦,ビジター,広島東洋カープ,中日ドラゴンズ,Ｔ．ハーン,3,救援,H,9,3,1,3,1,0,0,0,0,0.00
20260415_D-C_05,2026-04-15,水,セ・リーグ公式戦,ビジター,広島東洋カープ,中日ドラゴンズ,中﨑 翔太,4,救援,S,15,3,1,3,0,0,0,0,0,0.00
20260415_B-L_05,2026-04-15,水,パ・リーグ公式戦,ビジター,埼玉西武ライオンズ,オリックス・バファローズ,髙橋 光成,1,先発,敗,110,28,7,21,5,0,0,3,3,3.86
20260415_B-L_05,2026-04-15,水,パ・リーグ公式戦,ビジター,埼玉西武ライオンズ,オリックス・バファローズ,浜屋 将太,2,救援,,19,5,1,3,1,0,0,0,0,0.00
20260415_M-F_05,2026-04-15,水,パ・リーグ公式戦,ホーム,千葉ロッテマリーンズ,北海道日本ハムファイターズ,毛利 海大,1,先発,,81,17,3,9,4,0,0,5,5,15.00
20260415_M-F_05,2026-04-15,水,パ・リーグ公式戦,ホーム,千葉ロッテマリーンズ,北海道日本ハムファイターズ,八木 彬,2,救援,勝,24,8,2,6,1,0,0,1,1,4.50
20260415_M-F_05,2026-04-15,水,パ・リーグ公式戦,ホーム,千葉ロッテマリーンズ,北海道日本ハムファイターズ,高野 脩汰,3,救援,H,21,6,1.2,5,2,0,0,1,1,5.40
20260415_M-F_05,2026-04-15,水,パ・リーグ公式戦,ホーム,千葉ロッテマリーンズ,北海道日本ハムファイターズ,横山 陸人,4,救援,H,21,6,1.1,4,2,0,0,0,0,0.00
20260415_M-F_05,2026-04-15,水,パ・リーグ公式戦,ホーム,千葉ロッテマリーンズ,北海道日本ハムファイターズ,鈴木 昭汰,5,救援,S,16,3,1,3,0,0,0,0,0,0.00
20260415_D-C_05,2026-04-15,水,セ・リーグ公式戦,ホーム,中日ドラゴンズ,広島東洋カープ,Ｋ．マラー,1,先発,敗,73,22,5.1,16,5,0,0,3,2,3.38
20260415_D-C_05,2026-04-15,水,セ・リーグ公式戦,ホーム,中日ドラゴンズ,広島東洋カープ,櫻井 頼之介,2,救援,,9,2,0.2,2,0,0,0,0,0,0.00
20260415_D-C_05,2026-04-15,水,セ・リーグ公式戦,ホーム,中日ドラゴンズ,広島東洋カープ,根尾 昂,3,救援,,15,4,1,3,0,0,0,0,0,0.00
20260415_D-C_05,2026-04-15,水,セ・リーグ公式戦,ホーム,中日ドラゴンズ,広島東洋カープ,齋藤 綱記,4,救援,,21,5,0.2,2,1,0,0,2,2,27.00
20260415_D-C_05,2026-04-15,水,セ・リーグ公式戦,ホーム,中日ドラゴンズ,広島東洋カープ,牧野 憲伸,5,救援,,27,7,1.1,4,2,1,0,0,0,0.00
20260415_H-E_05,2026-04-15,水,パ・リーグ公式戦,ビジター,東北楽天ゴールデンイーグルス,福岡ソフトバンクホークス,古謝 樹,1,先発,,101,26,6.1,19,6,0,0,2,2,2.84
20260415_H-E_05,2026-04-15,水,パ・リーグ公式戦,ビジター,東北楽天ゴールデンイーグルス,福岡ソフトバンクホークス,宋 家豪,2,救援,勝,1,1,0.2,2,0,0,0,0,0,0.00
20260415_H-E_05,2026-04-15,水,パ・リーグ公式戦,ビジター,東北楽天ゴールデンイーグルス,福岡ソフトバンクホークス,鈴木 翔天,3,救援,H,16,2,0.2,2,2,0,0,0,0,0.00
20260415_H-E_05,2026-04-15,水,パ・リーグ公式戦,ビジター,東北楽天ゴールデンイーグルス,福岡ソフトバンクホークス,西垣 雅矢,4,救援,H,1,1,0.1,1,0,0,0,0,0,0.00
20260415_H-E_05,2026-04-15,水,パ・リーグ公式戦,ビジター,東北楽天ゴールデンイーグルス,福岡ソフトバンクホークス,藤平 尚真,5,救援,S,20,4,1,3,2,0,0,0,0,0.00
20260415_H-E_05,2026-04-15,水,パ・リーグ公式戦,ホーム,福岡ソフトバンクホークス,東北楽天ゴールデンイーグルス,大関 友久,1,先発,,108,28,6.2,20,4,0,0,2,2,2.70
20260415_H-E_05,2026-04-15,水,パ・リーグ公式戦,ホーム,福岡ソフトバンクホークス,東北楽天ゴールデンイーグルス,Ｄ．ヘルナンデス,2,救援,,8,3,1,3,1,0,0,0,0,0.00
20260415_H-E_05,2026-04-15,水,パ・リーグ公式戦,ホーム,福岡ソフトバンクホークス,東北楽天ゴールデンイーグルス,尾形 崇斗,3,救援,敗,6,2,0.1,1,1,0,0,1,1,27.00
20260415_H-E_05,2026-04-15,水,パ・リーグ公式戦,ホーム,福岡ソフトバンクホークス,東北楽天ゴールデンイーグルス,伊藤 優輔,4,救援,,19,4,1,3,0,0,0,0,0,0.00
20260415_M-F_05,2026-04-15,水,パ・リーグ公式戦,ビジター,北海道日本ハムファイターズ,千葉ロッテマリーンズ,加藤 貴之,1,先発,敗,57,19,3.2,11,1,0,0,8,6,14.73
20260415_M-F_05,2026-04-15,水,パ・リーグ公式戦,ビジター,北海道日本ハムファイターズ,千葉ロッテマリーンズ,福谷 浩司,2,救援,,12,5,1.1,4,1,0,0,0,0,0.00
20260415_M-F_05,2026-04-15,水,パ・リーグ公式戦,ビジター,北海道日本ハムファイターズ,千葉ロッテマリーンズ,島本 浩也,3,救援,,11,4,1,3,0,0,0,0,0,0.00
20260415_M-F_05,2026-04-15,水,パ・リーグ公式戦,ビジター,北海道日本ハムファイターズ,千葉ロッテマリーンズ,玉井 大翔,4,救援,,17,4,1,3,0,0,0,0,0,0.00
20260415_M-F_05,2026-04-15,水,パ・リーグ公式戦,ビジター,北海道日本ハムファイターズ,千葉ロッテマリーンズ,上原 健太,5,救援,,21,7,1,3,0,0,0,1,1,9.00
20260414_B-L_04,2026-04-14,火,パ・リーグ公式戦,ホーム,オリックス・バファローズ,埼玉西武ライオンズ,曽谷 龍平,1,先発,勝,89,22,5,15,4,0,0,1,1,1.80
20260414_B-L_04,2026-04-14,火,パ・リーグ公式戦,ホーム,オリックス・バファローズ,埼玉西武ライオンズ,横山 楓,2,救援,,20,4,1,3,3,0,0,0,0,0.00
20260414_B-L_04,2026-04-14,火,パ・リーグ公式戦,ホーム,オリックス・バファローズ,埼玉西武ライオンズ,Ｌ．ペルドモ,3,救援,,17,5,1,3,0,0,0,0,0,0.00
20260414_B-L_04,2026-04-14,火,パ・リーグ公式戦,ホーム,オリックス・バファローズ,埼玉西武ライオンズ,椋木 蓮,4,救援,,17,4,1,3,2,0,0,0,0,0.00
20260414_B-L_04,2026-04-14,火,パ・リーグ公式戦,ホーム,オリックス・バファローズ,埼玉西武ライオンズ,Ａ．マチャド,5,救援,,23,5,1,3,2,0,0,0,0,0.00
20260414_S-DB_04,2026-04-14,火,セ・リーグ公式戦,ビジター,横浜DeNAベイスターズ,東京ヤクルトスワローズ,竹田 祐,1,先発,敗,68,19,4.1,13,2,0,0,5,4,8.31
20260414_S-DB_04,2026-04-14,火,セ・リーグ公式戦,ビジター,横浜DeNAベイスターズ,東京ヤクルトスワローズ,坂本 裕哉,2,救援,,14,4,0.2,2,0,1,0,0,0,0.00
20260414_D-C_04,2026-04-14,火,セ・リーグ公式戦,ビジター,広島東洋カープ,中日ドラゴンズ,森下 暢仁,1,先発,敗,79,18,4,12,3,0,0,4,4,9.00
20260414_D-C_04,2026-04-14,火,セ・リーグ公式戦,ビジター,広島東洋カープ,中日ドラゴンズ,赤木 晴哉,2,救援,,36,10,2,6,1,0,0,2,2,9.00
20260414_D-C_04,2026-04-14,火,セ・リーグ公式戦,ビジター,広島東洋カープ,中日ドラゴンズ,鈴木 健矢,3,救援,,11,3,1,3,0,0,0,0,0,0.00
20260414_D-C_04,2026-04-14,火,セ・リーグ公式戦,ビジター,広島東洋カープ,中日ドラゴンズ,森浦 大輔,4,救援,,19,4,1,3,1,0,0,0,0,0.00
20260414_T-G_04,2026-04-14,火,セ・リーグ公式戦,ホーム,阪神タイガース,読売ジャイアンツ,才木 浩人,1,先発,,101,26,6,18,8,0,0,2,1,1.50
20260414_T-G_04,2026-04-14,火,セ・リーグ公式戦,ホーム,阪神タイガース,読売ジャイアンツ,湯浅 京己,2,救援,,19,4,1,3,2,0,0,0,0,0.00
20260414_T-G_04,2026-04-14,火,セ・リーグ公式戦,ホーム,阪神タイガース,読売ジャイアンツ,Ｄ．モレッタ,3,救援,,11,4,1,3,0,0,0,1,1,9.00
20260414_T-G_04,2026-04-14,火,セ・リーグ公式戦,ホーム,阪神タイガース,読売ジャイアンツ,岩崎 優,4,救援,敗,14,4,1,3,0,0,0,1,1,9.00
20260414_B-L_04,2026-04-14,火,パ・リーグ公式戦,ビジター,埼玉西武ライオンズ,オリックス・バファローズ,隅田 知一郎,1,先発,敗,70,21,5,15,4,0,0,5,1,1.80
20260414_B-L_04,2026-04-14,火,パ・リーグ公式戦,ビジター,埼玉西武ライオンズ,オリックス・バファローズ,豆田 泰志,2,救援,,11,4,1,3,0,0,0,0,0,0.00
20260414_B-L_04,2026-04-14,火,パ・リーグ公式戦,ビジター,埼玉西武ライオンズ,オリックス・バファローズ,中村 祐太,3,救援,,27,6,2,6,1,0,0,0,0,0.00
20260414_M-F_04,2026-04-14,火,パ・リーグ公式戦,ホーム,千葉ロッテマリーンズ,北海道日本ハムファイターズ,Ａ．ジャクソン,1,先発,敗,114,32,7,21,8,0,0,4,4,5.14
20260414_M-F_04,2026-04-14,火,パ・リーグ公式戦,ホーム,千葉ロッテマリーンズ,北海道日本ハムファイターズ,坂本 光士郎,2,救援,,11,3,1,3,2,0,0,0,0,0.00
20260414_M-F_04,2026-04-14,火,パ・リーグ公式戦,ホーム,千葉ロッテマリーンズ,北海道日本ハムファイターズ,宮﨑 颯,3,救援,,27,6,1,3,1,1,0,1,1,9.00
20260414_D-C_04,2026-04-14,火,セ・リーグ公式戦,ホーム,中日ドラゴンズ,広島東洋カープ,金丸 夢斗,1,先発,勝,119,30,7.1,22,8,0,0,2,2,2.45
20260414_D-C_04,2026-04-14,火,セ・リーグ公式戦,ホーム,中日ドラゴンズ,広島東洋カープ,Ｈ．メヒア,2,救援,,11,2,0.2,2,0,0,0,0,0,0.00
20260414_D-C_04,2026-04-14,火,セ・リーグ公式戦,ホーム,中日ドラゴンズ,広島東洋カープ,藤嶋 健人,3,救援,,11,3,0.1,1,0,0,0,0,0,0.00
20260414_D-C_04,2026-04-14,火,セ・リーグ公式戦,ホーム,中日ドラゴンズ,広島東洋カープ,松山 晋也,4,救援,S,8,2,0.2,2,1,0,0,0,0,0.00
20260414_S-DB_04,2026-04-14,火,セ・リーグ公式戦,ホーム,東京ヤクルトスワローズ,横浜DeNAベイスターズ,小川 泰弘,1,先発,,80,22,4.1,13,4,0,0,3,3,6.23
20260414_S-DB_04,2026-04-14,火,セ・リーグ公式戦,ホーム,東京ヤクルトスワローズ,横浜DeNAベイスターズ,田口 麗斗,2,救援,勝,19,5,0.2,2,0,0,0,0,0,0.00
20260414_H-E_04,2026-04-14,火,パ・リーグ公式戦,ビジター,東北楽天ゴールデンイーグルス,福岡ソフトバンクホークス,荘司 康誠,1,先発,勝,89,19,5,15,6,0,0,2,2,3.60
20260414_H-E_04,2026-04-14,火,パ・リーグ公式戦,ビジター,東北楽天ゴールデンイーグルス,福岡ソフトバンクホークス,鈴木 翔天,2,救援,H,13,3,1,3,2,0,0,0,0,0.00
20260414_H-E_04,2026-04-14,火,パ・リーグ公式戦,ビジター,東北楽天ゴールデンイーグルス,福岡ソフトバンクホークス,田中 千晴,3,救援,H,24,6,1,3,2,0,0,0,0,0.00
20260414_H-E_04,2026-04-14,火,パ・リーグ公式戦,ビジター,東北楽天ゴールデンイーグルス,福岡ソフトバンクホークス,西垣 雅矢,4,救援,H,18,4,1,3,0,0,0,0,0,0.00
20260414_H-E_04,2026-04-14,火,パ・リーグ公式戦,ビジター,東北楽天ゴールデンイーグルス,福岡ソフトバンクホークス,藤平 尚真,5,救援,S,11,3,1,3,1,0,0,0,0,0.00
20260414_T-G_04,2026-04-14,火,セ・リーグ公式戦,ビジター,読売ジャイアンツ,阪神タイガース,則本 昂大,1,先発,,93,21,6,18,3,0,0,0,0,0.00
20260414_T-G_04,2026-04-14,火,セ・リーグ公式戦,ビジター,読売ジャイアンツ,阪神タイガース,北浦 竜次,2,救援,,11,4,0.1,1,1,0,0,3,3,81.00
20260414_T-G_04,2026-04-14,火,セ・リーグ公式戦,ビジター,読売ジャイアンツ,阪神タイガース,田中 瑛斗,3,救援,,10,3,0.2,2,1,0,0,0,0,0.00
20260414_T-G_04,2026-04-14,火,セ・リーグ公式戦,ビジター,読売ジャイアンツ,阪神タイガース,大勢,4,救援,勝,11,3,1,3,0,0,0,0,0,0.00
20260414_T-G_04,2026-04-14,火,セ・リーグ公式戦,ビジター,読売ジャイアンツ,阪神タイガース,Ｒ．マルティネス,5,救援,S,17,3,1,3,1,0,0,0,0,0.00
20260414_H-E_04,2026-04-14,火,パ・リーグ公式戦,ホーム,福岡ソフトバンクホークス,東北楽天ゴールデンイーグルス,Ｃ．スチュワート・ジュニア,1,先発,敗,90,25,4.2,14,4,1,0,3,2,3.86
20260414_H-E_04,2026-04-14,火,パ・リーグ公式戦,ホーム,福岡ソフトバンクホークス,東北楽天ゴールデンイーグルス,尾形 崇斗,2,救援,,15,4,1.1,4,2,0,0,0,0,0.00
20260414_H-E_04,2026-04-14,火,パ・リーグ公式戦,ホーム,福岡ソフトバンクホークス,東北楽天ゴールデンイーグルス,Ｒ．オスナ,3,救援,,11,3,1,3,1,0,0,0,0,0.00
20260414_H-E_04,2026-04-14,火,パ・リーグ公式戦,ホーム,福岡ソフトバンクホークス,東北楽天ゴールデンイーグルス,木村 光,4,救援,,16,3,1,3,2,0,0,0,0,0.00
20260414_H-E_04,2026-04-14,火,パ・リーグ公式戦,ホーム,福岡ソフトバンクホークス,東北楽天ゴールデンイーグルス,伊藤 優輔,5,救援,,21,5,1,3,0,0,0,0,0,0.00
20260414_M-F_04,2026-04-14,火,パ・リーグ公式戦,ビジター,北海道日本ハムファイターズ,千葉ロッテマリーンズ,達 孝太,1,先発,勝,121,31,8,24,7,0,0,1,1,1.13
20260414_M-F_04,2026-04-14,火,パ・リーグ公式戦,ビジター,北海道日本ハムファイターズ,千葉ロッテマリーンズ,柳川 大晟,2,救援,,29,6,1,3,1,0,0,0,0,0.00
20260412_E-B_05,2026-04-12,日,パ・リーグ公式戦,ビジター,オリックス・バファローズ,東北楽天ゴールデンイーグルス,Ｓ．ジェリー,1,先発,敗,81,25,6,18,3,0,0,1,1,1.50
20260412_E-B_05,2026-04-12,日,パ・リーグ公式戦,ビジター,オリックス・バファローズ,東北楽天ゴールデンイーグルス,山﨑 颯一郎,2,救援,,10,3,1,3,1,0,0,0,0,0.00
20260412_E-B_05,2026-04-12,日,パ・リーグ公式戦,ビジター,オリックス・バファローズ,東北楽天ゴールデンイーグルス,古田島 成龍,3,救援,,32,8,0.2,2,0,0,1,3,3,40.50
20260412_E-B_05,2026-04-12,日,パ・リーグ公式戦,ビジター,オリックス・バファローズ,東北楽天ゴールデンイーグルス,山田 修義,4,救援,,4,1,0.1,1,1,0,0,0,0,0.00
20260412_DB-C_02,2026-04-12,日,セ・リーグ公式戦,ホーム,横浜DeNAベイスターズ,広島東洋カープ,石田 裕太郎,1,先発,,91,22,5,15,3,1,0,4,2,3.60
20260412_DB-C_02,2026-04-12,日,セ・リーグ公式戦,ホーム,横浜DeNAベイスターズ,広島東洋カープ,平良 拳太郎,2,救援,,22,4,1,3,1,0,0,0,0,0.00
20260412_DB-C_02,2026-04-12,日,セ・リーグ公式戦,ホーム,横浜DeNAベイスターズ,広島東洋カープ,中川 虎大,3,救援,勝,17,3,1,3,2,0,0,0,0,0.00
20260412_DB-C_02,2026-04-12,日,セ・リーグ公式戦,ホーム,横浜DeNAベイスターズ,広島東洋カープ,Ｓ．レイノルズ,4,救援,H,14,4,1,3,1,0,0,1,1,9.00
20260412_DB-C_02,2026-04-12,日,セ・リーグ公式戦,ホーム,横浜DeNAベイスターズ,広島東洋カープ,山﨑 康晃,5,救援,S,9,3,1,3,0,0,0,0,0,0.00
20260412_DB-C_02,2026-04-12,日,セ・リーグ公式戦,ビジター,広島東洋カープ,横浜DeNAベイスターズ,床田 寛樹,1,先発,,65,25,6.2,20,2,0,0,4,4,5.40
20260412_DB-C_02,2026-04-12,日,セ・リーグ公式戦,ビジター,広島東洋カープ,横浜DeNAベイスターズ,森浦 大輔,2,救援,敗,8,3,0.1,1,1,0,0,2,2,54.00
20260412_DB-C_02,2026-04-12,日,セ・リーグ公式戦,ビジター,広島東洋カープ,横浜DeNAベイスターズ,齊藤 汰直,3,救援,,9,3,1,3,1,0,0,0,0,0.00
20260412_D-T_03,2026-04-12,日,セ・リーグ公式戦,ビジター,阪神タイガース,中日ドラゴンズ,髙橋 遥人,1,先発,勝,123,34,9,27,10,0,0,0,0,0.00
20260412_L-M_06,2026-04-12,日,パ・リーグ公式戦,ホーム,埼玉西武ライオンズ,千葉ロッテマリーンズ,平良 海馬,1,先発,,118,28,7,21,6,0,0,0,0,0.00
20260412_L-M_06,2026-04-12,日,パ・リーグ公式戦,ホーム,埼玉西武ライオンズ,千葉ロッテマリーンズ,甲斐野 央,2,救援,H,18,5,1,3,0,0,0,0,0,0.00
20260412_L-M_06,2026-04-12,日,パ・リーグ公式戦,ホーム,埼玉西武ライオンズ,千葉ロッテマリーンズ,岩城 颯空,3,救援,,27,6,1,3,2,0,0,1,1,9.00
20260412_L-M_06,2026-04-12,日,パ・リーグ公式戦,ホーム,埼玉西武ライオンズ,千葉ロッテマリーンズ,羽田 慎之介,4,救援,勝,17,4,1,3,1,0,0,0,0,0.00
20260412_L-M_06,2026-04-12,日,パ・リーグ公式戦,ビジター,千葉ロッテマリーンズ,埼玉西武ライオンズ,廣池 康志郎,1,先発,,93,22,7,21,8,0,0,0,0,0.00
20260412_L-M_06,2026-04-12,日,パ・リーグ公式戦,ビジター,千葉ロッテマリーンズ,埼玉西武ライオンズ,澤田 圭佑,2,救援,H,13,3,1,3,1,0,0,0,0,0.00
20260412_L-M_06,2026-04-12,日,パ・リーグ公式戦,ビジター,千葉ロッテマリーンズ,埼玉西武ライオンズ,横山 陸人,3,救援,,19,5,1,3,2,0,0,1,0,0.00
20260412_L-M_06,2026-04-12,日,パ・リーグ公式戦,ビジター,千葉ロッテマリーンズ,埼玉西武ライオンズ,Ｓ．ロング,4,救援,敗,6,2,0.1,1,0,0,0,1,1,27.00
20260412_D-T_03,2026-04-12,日,セ・リーグ公式戦,ホーム,中日ドラゴンズ,阪神タイガース,髙橋 宏斗,1,先発,敗,92,24,5,15,3,0,0,3,3,5.40
20260412_D-T_03,2026-04-12,日,セ・リーグ公式戦,ホーム,中日ドラゴンズ,阪神タイガース,齋藤 綱記,2,救援,,9,3,1,3,1,0,0,0,0,0.00
20260412_D-T_03,2026-04-12,日,セ・リーグ公式戦,ホーム,中日ドラゴンズ,阪神タイガース,牧野 憲伸,3,救援,,13,3,1,3,0,0,0,0,0,0.00
20260412_D-T_03,2026-04-12,日,セ・リーグ公式戦,ホーム,中日ドラゴンズ,阪神タイガース,Ｈ．メヒア,4,救援,,15,3,1,3,1,0,0,0,0,0.00
20260412_D-T_03,2026-04-12,日,セ・リーグ公式戦,ホーム,中日ドラゴンズ,阪神タイガース,根尾 昂,5,救援,,17,3,1,3,2,0,0,0,0,0.00
20260412_G-S_03,2026-04-12,日,セ・リーグ公式戦,ビジター,東京ヤクルトスワローズ,読売ジャイアンツ,高梨 裕稔,1,先発,勝,85,22,7,21,5,0,0,0,0,0.00
20260412_G-S_03,2026-04-12,日,セ・リーグ公式戦,ビジター,東京ヤクルトスワローズ,読売ジャイアンツ,増居 翔太,2,救援,H,23,5,1,3,3,0,0,0,0,0.00
20260412_G-S_03,2026-04-12,日,セ・リーグ公式戦,ビジター,東京ヤクルトスワローズ,読売ジャイアンツ,Ｊ．キハダ,3,救援,S,18,4,1,3,2,0,0,0,0,0.00
20260412_E-B_05,2026-04-12,日,パ・リーグ公式戦,ホーム,東北楽天ゴールデンイーグルス,オリックス・バファローズ,瀧中 瞭太,1,先発,勝,86,22,6.1,19,3,0,0,0,0,0.00
20260412_E-B_05,2026-04-12,日,パ・リーグ公式戦,ホーム,東北楽天ゴールデンイーグルス,オリックス・バファローズ,田中 千晴,2,救援,H,6,2,0.2,2,0,0,0,0,0,0.00
20260412_E-B_05,2026-04-12,日,パ・リーグ公式戦,ホーム,東北楽天ゴールデンイーグルス,オリックス・バファローズ,西垣 雅矢,3,救援,H,11,3,1,3,1,0,0,0,0,0.00
20260412_E-B_05,2026-04-12,日,パ・リーグ公式戦,ホーム,東北楽天ゴールデンイーグルス,オリックス・バファローズ,藤平 尚真,4,救援,,15,3,1,3,0,0,0,0,0,0.00
20260412_G-S_03,2026-04-12,日,セ・リーグ公式戦,ホーム,読売ジャイアンツ,東京ヤクルトスワローズ,井上 温大,1,先発,敗,110,27,6,18,7,0,0,2,2,3.00
20260412_G-S_03,2026-04-12,日,セ・リーグ公式戦,ホーム,読売ジャイアンツ,東京ヤクルトスワローズ,田和 廉,2,救援,,19,5,1,3,0,0,0,0,0,0.00
20260412_G-S_03,2026-04-12,日,セ・リーグ公式戦,ホーム,読売ジャイアンツ,東京ヤクルトスワローズ,北浦 竜次,3,救援,,15,3,1,3,0,0,0,0,0,0.00
20260412_G-S_03,2026-04-12,日,セ・リーグ公式戦,ホーム,読売ジャイアンツ,東京ヤクルトスワローズ,中川 皓太,4,救援,,22,4,1,3,0,0,0,0,0,0.00
20260412_F-H_05,2026-04-12,日,パ・リーグ公式戦,ビジター,福岡ソフトバンクホークス,北海道日本ハムファイターズ,松本 晴,1,先発,,66,17,2.2,8,3,0,0,5,5,16.88
20260412_F-H_05,2026-04-12,日,パ・リーグ公式戦,ビジター,福岡ソフトバンクホークス,北海道日本ハムファイターズ,伊藤 優輔,2,救援,,7,2,0.1,1,0,0,0,0,0,0.00
20260412_F-H_05,2026-04-12,日,パ・リーグ公式戦,ビジター,福岡ソフトバンクホークス,北海道日本ハムファイターズ,上茶谷 大河,3,救援,勝,53,11,3,9,2,0,0,0,0,0.00
20260412_F-H_05,2026-04-12,日,パ・リーグ公式戦,ビジター,福岡ソフトバンクホークス,北海道日本ハムファイターズ,木村 光,4,救援,H,15,5,1,3,0,0,0,0,0,0.00
20260412_F-H_05,2026-04-12,日,パ・リーグ公式戦,ビジター,福岡ソフトバンクホークス,北海道日本ハムファイターズ,Ｄ．ヘルナンデス,5,救援,,20,5,1,3,2,0,0,0,0,0.00
20260412_F-H_05,2026-04-12,日,パ・リーグ公式戦,ビジター,福岡ソフトバンクホークス,北海道日本ハムファイターズ,尾形 崇斗,6,救援,,21,6,1,3,2,0,0,2,2,18.00
20260412_F-H_05,2026-04-12,日,パ・リーグ公式戦,ホーム,北海道日本ハムファイターズ,福岡ソフトバンクホークス,有原 航平,1,先発,敗,114,28,5,15,5,0,0,6,5,9.00
20260412_F-H_05,2026-04-12,日,パ・リーグ公式戦,ホーム,北海道日本ハムファイターズ,福岡ソフトバンクホークス,上原 健太,2,救援,,14,3,1,3,1,0,0,0,0,0.00
20260412_F-H_05,2026-04-12,日,パ・リーグ公式戦,ホーム,北海道日本ハムファイターズ,福岡ソフトバンクホークス,古林 睿煬,3,救援,,22,5,0.2,2,2,1,0,2,2,27.00
20260412_F-H_05,2026-04-12,日,パ・リーグ公式戦,ホーム,北海道日本ハムファイターズ,福岡ソフトバンクホークス,島本 浩也,4,救援,,3,1,0.1,1,0,0,0,0,0,0.00
20260412_F-H_05,2026-04-12,日,パ・リーグ公式戦,ホーム,北海道日本ハムファイターズ,福岡ソフトバンクホークス,山﨑 福也,5,救援,,23,7,1,3,1,0,0,3,3,27.00
20260412_F-H_05,2026-04-12,日,パ・リーグ公式戦,ホーム,北海道日本ハムファイターズ,福岡ソフトバンクホークス,池田 隆英,6,救援,,23,6,1,3,2,0,0,0,0,0.00
20260411_E-B_04,2026-04-11,土,パ・リーグ公式戦,ビジター,オリックス・バファローズ,東北楽天ゴールデンイーグルス,九里 亜蓮,1,先発,敗,69,20,3.2,11,1,0,0,5,5,12.27
20260411_E-B_04,2026-04-11,土,パ・リーグ公式戦,ビジター,オリックス・バファローズ,東北楽天ゴールデンイーグルス,山田 修義,2,救援,,4,1,0.1,1,0,0,0,0,0,0.00
20260411_E-B_04,2026-04-11,土,パ・リーグ公式戦,ビジター,オリックス・バファローズ,東北楽天ゴールデンイーグルス,東松 快征,3,救援,,24,7,1,3,1,0,0,4,4,36.00
20260411_E-B_04,2026-04-11,土,パ・リーグ公式戦,ビジター,オリックス・バファローズ,東北楽天ゴールデンイーグルス,佐藤 一磨,4,救援,,60,14,2.2,8,0,0,0,2,1,3.38
20260411_E-B_04,2026-04-11,土,パ・リーグ公式戦,ビジター,オリックス・バファローズ,東北楽天ゴールデンイーグルス,横山 楓,5,救援,,6,1,0.1,1,1,0,0,0,0,0.00
20260411_DB-C_01,2026-04-11,土,セ・リーグ公式戦,ホーム,横浜DeNAベイスターズ,広島東洋カープ,東 克樹,1,先発,勝,97,26,7,21,2,0,0,3,1,1.29
20260411_DB-C_01,2026-04-11,土,セ・リーグ公式戦,ホーム,横浜DeNAベイスターズ,広島東洋カープ,Ｓ．レイノルズ,2,救援,H,16,3,1,3,3,0,0,0,0,0.00
20260411_DB-C_01,2026-04-11,土,セ・リーグ公式戦,ホーム,横浜DeNAベイスターズ,広島東洋カープ,山﨑 康晃,3,救援,S,7,3,1,3,0,0,0,0,0,0.00
20260411_DB-C_01,2026-04-11,土,セ・リーグ公式戦,ビジター,広島東洋カープ,横浜DeNAベイスターズ,Ｆ．ターノック,1,先発,敗,71,22,4,12,6,0,0,4,4,9.00
20260411_DB-C_01,2026-04-11,土,セ・リーグ公式戦,ビジター,広島東洋カープ,横浜DeNAベイスターズ,岡本 駿,2,救援,,32,6,2,6,2,0,0,0,0,0.00
20260411_DB-C_01,2026-04-11,土,セ・リーグ公式戦,ビジター,広島東洋カープ,横浜DeNAベイスターズ,髙 太一,3,救援,,7,3,1,3,0,0,0,0,0,0.00
20260411_DB-C_01,2026-04-11,土,セ・リーグ公式戦,ビジター,広島東洋カープ,横浜DeNAベイスターズ,島内 颯太郎,4,救援,,10,3,1,3,1,0,0,0,0,0.00
20260411_D-T_02,2026-04-11,土,セ・リーグ公式戦,ビジター,阪神タイガース,中日ドラゴンズ,伊原 陵人,1,先発,勝,95,25,6,18,6,0,0,1,1,1.50
20260411_D-T_02,2026-04-11,土,セ・リーグ公式戦,ビジター,阪神タイガース,中日ドラゴンズ,Ｒ．ドリス,2,救援,,11,3,1,3,2,0,0,0,0,0.00
20260411_D-T_02,2026-04-11,土,セ・リーグ公式戦,ビジター,阪神タイガース,中日ドラゴンズ,早川 太貴,3,救援,,19,5,1,3,2,0,0,2,2,18.00
20260411_D-T_02,2026-04-11,土,セ・リーグ公式戦,ビジター,阪神タイガース,中日ドラゴンズ,桐敷 拓馬,4,救援,,16,4,1,3,1,0,0,0,0,0.00
20260411_L-M_05,2026-04-11,土,パ・リーグ公式戦,ホーム,埼玉西武ライオンズ,千葉ロッテマリーンズ,武内 夏暉,1,先発,勝,93,25,7,21,2,0,0,1,1,1.29
20260411_L-M_05,2026-04-11,土,パ・リーグ公式戦,ホーム,埼玉西武ライオンズ,千葉ロッテマリーンズ,糸川 亮太,2,救援,,15,4,1,3,1,0,0,1,1,9.00
20260411_L-M_05,2026-04-11,土,パ・リーグ公式戦,ホーム,埼玉西武ライオンズ,千葉ロッテマリーンズ,岩城 颯空,3,救援,S,9,3,1,3,0,0,0,0,0,0.00
20260411_L-M_05,2026-04-11,土,パ・リーグ公式戦,ビジター,千葉ロッテマリーンズ,埼玉西武ライオンズ,田中 晴也,1,先発,敗,95,28,6,18,3,0,0,5,5,7.50
20260411_L-M_05,2026-04-11,土,パ・リーグ公式戦,ビジター,千葉ロッテマリーンズ,埼玉西武ライオンズ,八木 彬,2,救援,,26,7,2,6,1,0,0,0,0,0.00
20260411_D-T_02,2026-04-11,土,セ・リーグ公式戦,ホーム,中日ドラゴンズ,阪神タイガース,大野 雄大,1,先発,敗,69,19,4,12,1,0,0,4,4,9.00
20260411_D-T_02,2026-04-11,土,セ・リーグ公式戦,ホーム,中日ドラゴンズ,阪神タイガース,仲地 礼亜,2,救援,,61,14,3,9,4,0,0,3,3,9.00
20260411_D-T_02,2026-04-11,土,セ・リーグ公式戦,ホーム,中日ドラゴンズ,阪神タイガース,近藤 廉,3,救援,,17,4,1,3,2,0,0,0,0,0.00
20260411_D-T_02,2026-04-11,土,セ・リーグ公式戦,ホーム,中日ドラゴンズ,阪神タイガース,牧野 憲伸,4,救援,,17,5,1,3,0,0,0,2,2,18.00
20260411_G-S_02,2026-04-11,土,セ・リーグ公式戦,ビジター,東京ヤクルトスワローズ,読売ジャイアンツ,山野 太一,1,先発,勝,87,26,7,21,7,0,0,2,2,2.57
20260411_G-S_02,2026-04-11,土,セ・リーグ公式戦,ビジター,東京ヤクルトスワローズ,読売ジャイアンツ,星 知弥,2,救援,H,9,3,1,3,0,0,0,0,0,0.00
20260411_G-S_02,2026-04-11,土,セ・リーグ公式戦,ビジター,東京ヤクルトスワローズ,読売ジャイアンツ,Ｊ．キハダ,3,救援,S,17,3,1,3,2,0,0,0,0,0.00
20260411_E-B_04,2026-04-11,土,パ・リーグ公式戦,ホーム,東北楽天ゴールデンイーグルス,オリックス・バファローズ,早川 隆久,1,先発,勝,87,25,7,21,5,0,0,1,1,1.29
20260411_E-B_04,2026-04-11,土,パ・リーグ公式戦,ホーム,東北楽天ゴールデンイーグルス,オリックス・バファローズ,内 星龍,2,救援,,24,6,1,3,0,0,0,3,3,27.00
20260411_E-B_04,2026-04-11,土,パ・リーグ公式戦,ホーム,東北楽天ゴールデンイーグルス,オリックス・バファローズ,津留﨑 大成,3,救援,,8,3,1,3,1,0,0,0,0,0.00
20260411_G-S_02,2026-04-11,土,セ・リーグ公式戦,ホーム,読売ジャイアンツ,東京ヤクルトスワローズ,Ｂ．マタ,1,先発,敗,97,24,5,15,6,0,0,2,2,3.60
20260411_G-S_02,2026-04-11,土,セ・リーグ公式戦,ホーム,読売ジャイアンツ,東京ヤクルトスワローズ,中川 皓太,2,救援,,14,3,1,3,1,0,0,0,0,0.00
20260411_G-S_02,2026-04-11,土,セ・リーグ公式戦,ホーム,読売ジャイアンツ,東京ヤクルトスワローズ,赤星 優志,3,救援,,34,6,1,3,0,0,0,1,1,9.00
20260411_G-S_02,2026-04-11,土,セ・リーグ公式戦,ホーム,読売ジャイアンツ,東京ヤクルトスワローズ,北浦 竜次,4,救援,,14,3,1,3,1,0,0,0,0,0.00
20260411_G-S_02,2026-04-11,土,セ・リーグ公式戦,ホーム,読売ジャイアンツ,東京ヤクルトスワローズ,田和 廉,5,救援,,9,3,1,3,0,0,0,0,0,0.00
20260411_F-H_04,2026-04-11,土,パ・リーグ公式戦,ビジター,福岡ソフトバンクホークス,北海道日本ハムファイターズ,上沢 直之,1,先発,勝,116,30,7,21,6,0,0,2,2,2.57
20260411_F-H_04,2026-04-11,土,パ・リーグ公式戦,ビジター,福岡ソフトバンクホークス,北海道日本ハムファイターズ,松本 裕樹,2,救援,,10,3,1,3,0,0,0,0,0,0.00
20260411_F-H_04,2026-04-11,土,パ・リーグ公式戦,ビジター,福岡ソフトバンクホークス,北海道日本ハムファイターズ,杉山 一樹,3,救援,,27,6,1,3,0,0,0,1,1,9.00
20260411_F-H_04,2026-04-11,土,パ・リーグ公式戦,ホーム,北海道日本ハムファイターズ,福岡ソフトバンクホークス,伊藤 大海,1,先発,敗,111,29,5.2,17,5,0,0,6,6,9.53
20260411_F-H_04,2026-04-11,土,パ・リーグ公式戦,ホーム,北海道日本ハムファイターズ,福岡ソフトバンクホークス,島本 浩也,2,救援,,2,1,0.1,1,0,0,0,0,0,0.00
20260411_F-H_04,2026-04-11,土,パ・リーグ公式戦,ホーム,北海道日本ハムファイターズ,福岡ソフトバンクホークス,山﨑 福也,3,救援,,17,3,1,3,1,0,0,0,0,0.00
20260411_F-H_04,2026-04-11,土,パ・リーグ公式戦,ホーム,北海道日本ハムファイターズ,福岡ソフトバンクホークス,福谷 浩司,4,救援,,17,5,1,3,1,0,0,0,0,0.00
20260411_F-H_04,2026-04-11,土,パ・リーグ公式戦,ホーム,北海道日本ハムファイターズ,福岡ソフトバンクホークス,池田 隆英,5,救援,,13,3,1,3,1,0,0,0,0,0.00
20260410_D-T_01,2026-04-10,金,セ・リーグ公式戦,ビジター,阪神タイガース,中日ドラゴンズ,村上 頌樹,1,先発,,113,29,7,21,4,0,0,2,1,1.29
20260410_D-T_01,2026-04-10,金,セ・リーグ公式戦,ビジター,阪神タイガース,中日ドラゴンズ,湯浅 京己,2,救援,勝,26,5,1,3,2,0,0,1,1,9.00
20260410_D-T_01,2026-04-10,金,セ・リーグ公式戦,ビジター,阪神タイガース,中日ドラゴンズ,岩崎 優,3,救援,S,16,5,1,3,0,0,0,0,0,0.00
20260410_L-M_04,2026-04-10,金,パ・リーグ公式戦,ホーム,埼玉西武ライオンズ,千葉ロッテマリーンズ,渡邉 勇太朗,1,先発,,119,28,6.2,20,1,0,0,2,2,2.70
20260410_L-M_04,2026-04-10,金,パ・リーグ公式戦,ホーム,埼玉西武ライオンズ,千葉ロッテマリーンズ,浜屋 将太,2,救援,,4,1,0.1,1,0,0,0,0,0,0.00
20260410_L-M_04,2026-04-10,金,パ・リーグ公式戦,ホーム,埼玉西武ライオンズ,千葉ロッテマリーンズ,羽田 慎之介,3,救援,,14,4,1,3,0,0,0,0,0,0.00
20260410_L-M_04,2026-04-10,金,パ・リーグ公式戦,ホーム,埼玉西武ライオンズ,千葉ロッテマリーンズ,篠原 響,4,救援,敗,17,8,0.2,2,1,0,0,4,0,0.00
20260410_L-M_04,2026-04-10,金,パ・リーグ公式戦,ホーム,埼玉西武ライオンズ,千葉ロッテマリーンズ,黒田 将矢,5,救援,,5,1,0.1,1,1,0,0,0,0,0.00
20260410_L-M_04,2026-04-10,金,パ・リーグ公式戦,ビジター,千葉ロッテマリーンズ,埼玉西武ライオンズ,河村 説人,1,先発,,92,22,6,18,5,0,0,1,1,1.50
20260410_L-M_04,2026-04-10,金,パ・リーグ公式戦,ビジター,千葉ロッテマリーンズ,埼玉西武ライオンズ,Ｓ．ロング,2,救援,H,7,3,1,3,1,0,0,0,0,0.00
20260410_L-M_04,2026-04-10,金,パ・リーグ公式戦,ビジター,千葉ロッテマリーンズ,埼玉西武ライオンズ,鈴木 昭汰,3,救援,勝,29,6,1,3,3,0,0,2,2,18.00
20260410_L-M_04,2026-04-10,金,パ・リーグ公式戦,ビジター,千葉ロッテマリーンズ,埼玉西武ライオンズ,横山 陸人,4,救援,S,20,5,1,3,0,0,0,0,0,0.00
20260410_D-T_01,2026-04-10,金,セ・リーグ公式戦,ホーム,中日ドラゴンズ,阪神タイガース,柳 裕也,1,先発,,97,23,6,18,6,0,0,1,1,1.50
20260410_D-T_01,2026-04-10,金,セ・リーグ公式戦,ホーム,中日ドラゴンズ,阪神タイガース,Ｈ．メヒア,2,救援,H,13,3,1,3,2,0,0,0,0,0.00
20260410_D-T_01,2026-04-10,金,セ・リーグ公式戦,ホーム,中日ドラゴンズ,阪神タイガース,藤嶋 健人,3,救援,H,26,4,1,3,0,0,0,0,0,0.00
20260410_D-T_01,2026-04-10,金,セ・リーグ公式戦,ホーム,中日ドラゴンズ,阪神タイガース,松山 晋也,4,救援,敗,21,7,0.2,2,1,0,0,4,3,40.50
20260410_D-T_01,2026-04-10,金,セ・リーグ公式戦,ホーム,中日ドラゴンズ,阪神タイガース,根尾 昂,5,救援,,10,2,0.1,1,0,0,0,0,0,0.00
20260410_G-S_01,2026-04-10,金,セ・リーグ公式戦,ビジター,東京ヤクルトスワローズ,読売ジャイアンツ,吉村 貢司郎,1,先発,敗,108,26,7,21,6,0,0,3,2,2.57
20260410_G-S_01,2026-04-10,金,セ・リーグ公式戦,ビジター,東京ヤクルトスワローズ,読売ジャイアンツ,廣澤 優,2,救援,,14,3,1,3,0,0,0,0,0,0.00
20260410_G-S_01,2026-04-10,金,セ・リーグ公式戦,ホーム,読売ジャイアンツ,東京ヤクルトスワローズ,竹丸 和幸,1,先発,勝,84,23,5.2,17,2,0,0,1,1,1.59
20260410_G-S_01,2026-04-10,金,セ・リーグ公式戦,ホーム,読売ジャイアンツ,東京ヤクルトスワローズ,船迫 大雅,2,救援,H,6,1,0.1,1,1,0,0,0,0,0.00
20260410_G-S_01,2026-04-10,金,セ・リーグ公式戦,ホーム,読売ジャイアンツ,東京ヤクルトスワローズ,田中 瑛斗,3,救援,H,14,3,1,3,2,0,0,0,0,0.00
20260410_G-S_01,2026-04-10,金,セ・リーグ公式戦,ホーム,読売ジャイアンツ,東京ヤクルトスワローズ,大勢,4,救援,H,14,5,1,3,1,0,0,1,1,9.00
20260410_G-S_01,2026-04-10,金,セ・リーグ公式戦,ホーム,読売ジャイアンツ,東京ヤクルトスワローズ,Ｒ．マルティネス,5,救援,S,10,3,1,3,1,0,0,0,0,0.00
20260409_B-M_03,2026-04-09,木,パ・リーグ公式戦,ホーム,オリックス・バファローズ,千葉ロッテマリーンズ,宮城 大弥,1,先発,,94,24,5.2,17,7,0,0,1,1,1.59
20260409_B-M_03,2026-04-09,木,パ・リーグ公式戦,ホーム,オリックス・バファローズ,千葉ロッテマリーンズ,山﨑 颯一郎,2,救援,,9,2,0.1,1,0,0,0,0,0,0.00
20260409_B-M_03,2026-04-09,木,パ・リーグ公式戦,ホーム,オリックス・バファローズ,千葉ロッテマリーンズ,Ｌ．ペルドモ,3,救援,H,11,3,1,3,1,0,0,0,0,0.00
20260409_B-M_03,2026-04-09,木,パ・リーグ公式戦,ホーム,オリックス・バファローズ,千葉ロッテマリーンズ,椋木 蓮,4,救援,H,17,4,1,3,1,0,0,0,0,0.00
20260409_B-M_03,2026-04-09,木,パ・リーグ公式戦,ホーム,オリックス・バファローズ,千葉ロッテマリーンズ,Ａ．マチャド,5,救援,H,13,3,1,3,1,0,0,0,0,0.00
20260409_B-M_03,2026-04-09,木,パ・リーグ公式戦,ホーム,オリックス・バファローズ,千葉ロッテマリーンズ,横山 楓,6,救援,勝,16,3,1,3,2,0,0,0,0,0.00
20260409_T-S_03,2026-04-09,木,セ・リーグ公式戦,ホーム,阪神タイガース,東京ヤクルトスワローズ,茨木 秀俊,1,先発,勝,96,26,6,18,5,0,0,0,0,0.00
20260409_T-S_03,2026-04-09,木,セ・リーグ公式戦,ホーム,阪神タイガース,東京ヤクルトスワローズ,桐敷 拓馬,2,救援,S,12,4,1,3,0,0,0,0,0,0.00
20260409_H-L_03,2026-04-09,木,パ・リーグ公式戦,ビジター,埼玉西武ライオンズ,福岡ソフトバンクホークス,菅井 信也,1,先発,,105,25,6,18,5,0,0,0,0,0.00
20260409_H-L_03,2026-04-09,木,パ・リーグ公式戦,ビジター,埼玉西武ライオンズ,福岡ソフトバンクホークス,Ｅ．ラミレス,2,救援,敗,24,5,1,3,0,0,0,2,2,18.00
20260409_H-L_03,2026-04-09,木,パ・リーグ公式戦,ビジター,埼玉西武ライオンズ,福岡ソフトバンクホークス,糸川 亮太,3,救援,,21,4,1,3,0,0,0,0,0,0.00
20260409_B-M_03,2026-04-09,木,パ・リーグ公式戦,ビジター,千葉ロッテマリーンズ,オリックス・バファローズ,西野 勇士,1,先発,,83,21,5,15,2,0,0,1,1,1.80
20260409_B-M_03,2026-04-09,木,パ・リーグ公式戦,ビジター,千葉ロッテマリーンズ,オリックス・バファローズ,澤田 圭佑,2,救援,H,23,5,1,3,0,0,0,0,0,0.00
20260409_B-M_03,2026-04-09,木,パ・リーグ公式戦,ビジター,千葉ロッテマリーンズ,オリックス・バファローズ,Ｓ．ロング,3,救援,H,16,3,1,3,2,0,0,0,0,0.00
20260409_B-M_03,2026-04-09,木,パ・リーグ公式戦,ビジター,千葉ロッテマリーンズ,オリックス・バファローズ,鈴木 昭汰,4,救援,H,16,3,1,3,2,0,0,0,0,0.00
20260409_B-M_03,2026-04-09,木,パ・リーグ公式戦,ビジター,千葉ロッテマリーンズ,オリックス・バファローズ,横山 陸人,5,救援,H,17,4,1,3,0,0,0,0,0,0.00
20260409_B-M_03,2026-04-09,木,パ・リーグ公式戦,ビジター,千葉ロッテマリーンズ,オリックス・バファローズ,高野 脩汰,6,救援,敗,19,3,0.1,1,0,0,0,1,1,27.00
20260409_T-S_03,2026-04-09,木,セ・リーグ公式戦,ビジター,東京ヤクルトスワローズ,阪神タイガース,奥川 恭伸,1,先発,敗,86,21,5,15,6,0,0,2,2,3.60
20260409_T-S_03,2026-04-09,木,セ・リーグ公式戦,ビジター,東京ヤクルトスワローズ,阪神タイガース,荘司 宏太,2,救援,,23,5,1,3,2,0,0,0,0,0.00
20260409_T-S_03,2026-04-09,木,セ・リーグ公式戦,ビジター,東京ヤクルトスワローズ,阪神タイガース,木澤 尚文,3,救援,,15,4,0.2,2,0,0,0,0,0,0.00
20260409_E-F_03,2026-04-09,木,パ・リーグ公式戦,ホーム,東北楽天ゴールデンイーグルス,北海道日本ハムファイターズ,Ｊ．ウレーニャ,1,先発,,65,16,5,15,5,0,0,0,0,0.00
20260409_E-F_03,2026-04-09,木,パ・リーグ公式戦,ホーム,東北楽天ゴールデンイーグルス,北海道日本ハムファイターズ,内 星龍,2,救援,敗,10,3,0+,0,0,0,0,3,3,
20260409_E-F_03,2026-04-09,木,パ・リーグ公式戦,ホーム,東北楽天ゴールデンイーグルス,北海道日本ハムファイターズ,加治屋 蓮,3,救援,,18,4,1,3,1,0,0,1,1,9.00
20260409_E-F_03,2026-04-09,木,パ・リーグ公式戦,ホーム,東北楽天ゴールデンイーグルス,北海道日本ハムファイターズ,宋 家豪,4,救援,,11,3,1,3,2,0,0,0,0,0.00
20260409_E-F_03,2026-04-09,木,パ・リーグ公式戦,ホーム,東北楽天ゴールデンイーグルス,北海道日本ハムファイターズ,田中 千晴,5,救援,,14,3,1,3,2,0,0,0,0,0.00
20260409_E-F_03,2026-04-09,木,パ・リーグ公式戦,ホーム,東北楽天ゴールデンイーグルス,北海道日本ハムファイターズ,柴田 大地,6,救援,,16,3,1,3,2,0,0,0,0,0.00
20260409_H-L_03,2026-04-09,木,パ・リーグ公式戦,ホーム,福岡ソフトバンクホークス,埼玉西武ライオンズ,大津 亮介,1,先発,勝,90,21,7,21,4,0,0,0,0,0.00
20260409_H-L_03,2026-04-09,木,パ・リーグ公式戦,ホーム,福岡ソフトバンクホークス,埼玉西武ライオンズ,松本 裕樹,2,救援,H,21,5,1,3,2,1,0,0,0,0.00
20260409_H-L_03,2026-04-09,木,パ・リーグ公式戦,ホーム,福岡ソフトバンクホークス,埼玉西武ライオンズ,杉山 一樹,3,救援,S,11,3,1,3,2,0,0,0,0,0.00
20260409_E-F_03,2026-04-09,木,パ・リーグ公式戦,ビジター,北海道日本ハムファイターズ,東北楽天ゴールデンイーグルス,加藤 貴之,1,先発,勝,74,22,5+,15,4,0,0,1,1,1.80
20260409_E-F_03,2026-04-09,木,パ・リーグ公式戦,ビジター,北海道日本ハムファイターズ,東北楽天ゴールデンイーグルス,玉井 大翔,2,救援,H,11,2,1,3,0,0,0,0,0,0.00
20260409_E-F_03,2026-04-09,木,パ・リーグ公式戦,ビジター,北海道日本ハムファイターズ,東北楽天ゴールデンイーグルス,古林 睿煬,3,救援,H,12,3,1,3,2,0,0,0,0,0.00
20260409_E-F_03,2026-04-09,木,パ・リーグ公式戦,ビジター,北海道日本ハムファイターズ,東北楽天ゴールデンイーグルス,田中 正義,4,救援,H,7,3,1,3,0,0,0,0,0,0.00
20260409_E-F_03,2026-04-09,木,パ・リーグ公式戦,ビジター,北海道日本ハムファイターズ,東北楽天ゴールデンイーグルス,柳川 大晟,5,救援,S,19,5,1,3,2,0,0,1,1,9.00
20260408_B-M_02,2026-04-08,水,パ・リーグ公式戦,ホーム,オリックス・バファローズ,千葉ロッテマリーンズ,Ａ．エスピノーザ,1,先発,勝,112,27,7,21,4,0,0,1,1,1.29
20260408_B-M_02,2026-04-08,水,パ・リーグ公式戦,ホーム,オリックス・バファローズ,千葉ロッテマリーンズ,古田島 成龍,2,救援,,19,5,1,3,1,0,0,0,0,0.00
20260408_B-M_02,2026-04-08,水,パ・リーグ公式戦,ホーム,オリックス・バファローズ,千葉ロッテマリーンズ,東松 快征,3,救援,,5,3,1,3,0,0,0,0,0,0.00
20260408_DB-D_02,2026-04-08,水,セ・リーグ公式戦,ホーム,横浜DeNAベイスターズ,中日ドラゴンズ,Ａ．コックス,1,先発,,45,15,3,9,0,1,0,2,2,6.00
20260408_DB-D_02,2026-04-08,水,セ・リーグ公式戦,ホーム,横浜DeNAベイスターズ,中日ドラゴンズ,吉野 光樹,2,救援,H,23,5,1,3,0,0,0,0,0,0.00
20260408_DB-D_02,2026-04-08,水,セ・リーグ公式戦,ホーム,横浜DeNAベイスターズ,中日ドラゴンズ,Ｈ．マルセリーノ,3,救援,,28,8,2,6,1,0,0,1,1,4.50
20260408_DB-D_02,2026-04-08,水,セ・リーグ公式戦,ホーム,横浜DeNAベイスターズ,中日ドラゴンズ,中川 虎大,4,救援,,15,4,1,3,2,0,0,0,0,0.00
20260408_DB-D_02,2026-04-08,水,セ・リーグ公式戦,ホーム,横浜DeNAベイスターズ,中日ドラゴンズ,橋本 達弥,5,救援,,26,6,1,3,1,0,0,1,1,9.00
20260408_DB-D_02,2026-04-08,水,セ・リーグ公式戦,ホーム,横浜DeNAベイスターズ,中日ドラゴンズ,Ｓ．レイノルズ,6,救援,H,31,7,2,6,2,0,0,0,0,0.00
20260408_DB-D_02,2026-04-08,水,セ・リーグ公式戦,ホーム,横浜DeNAベイスターズ,中日ドラゴンズ,坂本 裕哉,7,救援,敗,17,7,1,3,1,0,0,2,1,9.00
20260408_C-G_02,2026-04-08,水,セ・リーグ公式戦,ホーム,広島東洋カープ,読売ジャイアンツ,森 翔平,1,先発,,80,25,7,21,3,0,0,0,0,0.00
20260408_C-G_02,2026-04-08,水,セ・リーグ公式戦,ホーム,広島東洋カープ,読売ジャイアンツ,Ｔ．ハーン,2,救援,H,12,3,1,3,1,0,0,0,0,0.00
20260408_C-G_02,2026-04-08,水,セ・リーグ公式戦,ホーム,広島東洋カープ,読売ジャイアンツ,中﨑 翔太,3,救援,敗,17,5,1,3,1,0,0,2,2,18.00
20260408_T-S_02,2026-04-08,水,セ・リーグ公式戦,ホーム,阪神タイガース,東京ヤクルトスワローズ,Ｅ．ルーカス,1,先発,,70,19,5,15,6,0,0,1,1,1.80
20260408_T-S_02,2026-04-08,水,セ・リーグ公式戦,ホーム,阪神タイガース,東京ヤクルトスワローズ,早川 太貴,2,救援,敗,33,7,1,3,1,0,0,2,2,18.00
20260408_T-S_02,2026-04-08,水,セ・リーグ公式戦,ホーム,阪神タイガース,東京ヤクルトスワローズ,湯浅 京己,3,救援,,20,3,1,3,1,0,0,0,0,0.00
20260408_T-S_02,2026-04-08,水,セ・リーグ公式戦,ホーム,阪神タイガース,東京ヤクルトスワローズ,Ｒ．ドリス,4,救援,,18,4,1,3,1,0,0,0,0,0.00
20260408_T-S_02,2026-04-08,水,セ・リーグ公式戦,ホーム,阪神タイガース,東京ヤクルトスワローズ,Ｄ．モレッタ,5,救援,,16,3,1,3,2,0,0,0,0,0.00
20260408_H-L_02,2026-04-08,水,パ・リーグ公式戦,ビジター,埼玉西武ライオンズ,福岡ソフトバンクホークス,髙橋 光成,1,先発,勝,125,27,8,24,11,0,0,0,0,0.00
20260408_H-L_02,2026-04-08,水,パ・リーグ公式戦,ビジター,埼玉西武ライオンズ,福岡ソフトバンクホークス,岩城 颯空,2,救援,S,17,6,1,3,0,0,0,1,1,9.00
20260408_B-M_02,2026-04-08,水,パ・リーグ公式戦,ビジター,千葉ロッテマリーンズ,オリックス・バファローズ,Ａ．ジャクソン,1,先発,敗,96,27,6,18,4,1,0,6,5,7.50
20260408_B-M_02,2026-04-08,水,パ・リーグ公式戦,ビジター,千葉ロッテマリーンズ,オリックス・バファローズ,廣畑 敦也,2,救援,,17,7,1,3,0,0,0,3,1,9.00
20260408_B-M_02,2026-04-08,水,パ・リーグ公式戦,ビジター,千葉ロッテマリーンズ,オリックス・バファローズ,益田 直也,3,救援,,14,3,1,3,1,0,0,0,0,0.00
20260408_DB-D_02,2026-04-08,水,セ・リーグ公式戦,ビジター,中日ドラゴンズ,横浜DeNAベイスターズ,中西 聖輝,1,先発,,88,23,5,15,7,0,0,2,2,3.60
20260408_DB-D_02,2026-04-08,水,セ・リーグ公式戦,ビジター,中日ドラゴンズ,横浜DeNAベイスターズ,牧野 憲伸,2,救援,H,10,3,1,3,0,0,0,0,0,0.00
20260408_DB-D_02,2026-04-08,水,セ・リーグ公式戦,ビジター,中日ドラゴンズ,横浜DeNAベイスターズ,藤嶋 健人,3,救援,H,7,3,1,3,0,0,0,0,0,0.00
20260408_DB-D_02,2026-04-08,水,セ・リーグ公式戦,ビジター,中日ドラゴンズ,横浜DeNAベイスターズ,Ｈ．メヒア,4,救援,,28,7,1,3,1,0,0,2,2,18.00
20260408_DB-D_02,2026-04-08,水,セ・リーグ公式戦,ビジター,中日ドラゴンズ,横浜DeNAベイスターズ,齋藤 綱記,5,救援,H,22,6,1,3,0,0,0,0,0,0.00
20260408_DB-D_02,2026-04-08,水,セ・リーグ公式戦,ビジター,中日ドラゴンズ,横浜DeNAベイスターズ,根尾 昂,6,救援,勝,16,3,1,3,2,0,0,0,0,0.00
20260408_DB-D_02,2026-04-08,水,セ・リーグ公式戦,ビジター,中日ドラゴンズ,横浜DeNAベイスターズ,松山 晋也,7,救援,S,22,5,1,3,1,0,0,0,0,0.00
20260408_T-S_02,2026-04-08,水,セ・リーグ公式戦,ビジター,東京ヤクルトスワローズ,阪神タイガース,松本 健吾,1,先発,,85,20,4,12,5,0,1,2,2,4.50
20260408_T-S_02,2026-04-08,水,セ・リーグ公式戦,ビジター,東京ヤクルトスワローズ,阪神タイガース,廣澤 優,2,救援,勝,13,3,1,3,2,0,0,0,0,0.00
20260408_T-S_02,2026-04-08,水,セ・リーグ公式戦,ビジター,東京ヤクルトスワローズ,阪神タイガース,清水 昇,3,救援,H,12,3,1,3,2,0,0,0,0,0.00
20260408_T-S_02,2026-04-08,水,セ・リーグ公式戦,ビジター,東京ヤクルトスワローズ,阪神タイガース,星 知弥,4,救援,H,14,3,1,3,2,0,0,0,0,0.00
20260408_T-S_02,2026-04-08,水,セ・リーグ公式戦,ビジター,東京ヤクルトスワローズ,阪神タイガース,Ｊ．リランソ,5,救援,H,22,4,1,3,1,0,0,0,0,0.00
20260408_T-S_02,2026-04-08,水,セ・リーグ公式戦,ビジター,東京ヤクルトスワローズ,阪神タイガース,Ｊ．キハダ,6,救援,S,20,5,1,3,1,0,0,0,0,0.00
20260408_E-F_02,2026-04-08,水,パ・リーグ公式戦,ホーム,東北楽天ゴールデンイーグルス,北海道日本ハムファイターズ,古謝 樹,1,先発,敗,109,29,9,27,6,0,0,1,1,1.00
20260408_C-G_02,2026-04-08,水,セ・リーグ公式戦,ビジター,読売ジャイアンツ,広島東洋カープ,田中 将大,1,先発,,79,26,7,21,5,0,0,1,0,0.00
20260408_C-G_02,2026-04-08,水,セ・リーグ公式戦,ビジター,読売ジャイアンツ,広島東洋カープ,赤星 優志,2,救援,勝,22,5,1,3,0,0,0,0,0,0.00
20260408_C-G_02,2026-04-08,水,セ・リーグ公式戦,ビジター,読売ジャイアンツ,広島東洋カープ,Ｒ．マルティネス,3,救援,S,10,3,1,3,0,0,0,0,0,0.00
20260408_H-L_02,2026-04-08,水,パ・リーグ公式戦,ホーム,福岡ソフトバンクホークス,埼玉西武ライオンズ,徐 若熙,1,先発,敗,90,29,7,21,5,0,0,1,1,1.29
20260408_H-L_02,2026-04-08,水,パ・リーグ公式戦,ホーム,福岡ソフトバンクホークス,埼玉西武ライオンズ,Ｄ．ヘルナンデス,2,救援,,11,4,1,3,1,0,0,1,1,9.00
20260408_H-L_02,2026-04-08,水,パ・リーグ公式戦,ホーム,福岡ソフトバンクホークス,埼玉西武ライオンズ,木村 光,3,救援,,13,4,1,3,0,0,0,0,0,0.00
20260408_E-F_02,2026-04-08,水,パ・リーグ公式戦,ビジター,北海道日本ハムファイターズ,東北楽天ゴールデンイーグルス,北山 亘基,1,先発,勝,102,28,8,24,10,0,0,0,0,0.00
20260408_E-F_02,2026-04-08,水,パ・リーグ公式戦,ビジター,北海道日本ハムファイターズ,東北楽天ゴールデンイーグルス,柳川 大晟,2,救援,S,15,4,1,3,1,0,0,0,0,0.00
20260407_B-M_01,2026-04-07,火,パ・リーグ公式戦,ホーム,オリックス・バファローズ,千葉ロッテマリーンズ,髙島 泰都,1,先発,,88,21,5.1,16,6,0,0,1,1,1.69
20260407_B-M_01,2026-04-07,火,パ・リーグ公式戦,ホーム,オリックス・バファローズ,千葉ロッテマリーンズ,山﨑 颯一郎,2,救援,,15,3,0.2,2,1,0,0,0,0,0.00
20260407_B-M_01,2026-04-07,火,パ・リーグ公式戦,ホーム,オリックス・バファローズ,千葉ロッテマリーンズ,Ｌ．ペルドモ,3,救援,勝,12,4,1,3,1,0,0,0,0,0.00
20260407_B-M_01,2026-04-07,火,パ・リーグ公式戦,ホーム,オリックス・バファローズ,千葉ロッテマリーンズ,椋木 蓮,4,救援,H,10,3,1,3,3,0,0,0,0,0.00
20260407_B-M_01,2026-04-07,火,パ・リーグ公式戦,ホーム,オリックス・バファローズ,千葉ロッテマリーンズ,Ａ．マチャド,5,救援,S,21,5,1,3,2,0,0,0,0,0.00
20260407_DB-D_01,2026-04-07,火,セ・リーグ公式戦,ホーム,横浜DeNAベイスターズ,中日ドラゴンズ,深沢 鳳介,1,先発,,88,20,4,12,5,0,0,1,1,2.25
20260407_DB-D_01,2026-04-07,火,セ・リーグ公式戦,ホーム,横浜DeNAベイスターズ,中日ドラゴンズ,橋本 達弥,2,救援,勝,11,3,1,3,2,0,0,0,0,0.00
20260407_DB-D_01,2026-04-07,火,セ・リーグ公式戦,ホーム,横浜DeNAベイスターズ,中日ドラゴンズ,坂本 裕哉,3,救援,H,15,4,1,3,1,0,0,0,0,0.00
20260407_DB-D_01,2026-04-07,火,セ・リーグ公式戦,ホーム,横浜DeNAベイスターズ,中日ドラゴンズ,伊勢 大夢,4,救援,H,19,4,1,3,2,0,0,0,0,0.00
20260407_DB-D_01,2026-04-07,火,セ・リーグ公式戦,ホーム,横浜DeNAベイスターズ,中日ドラゴンズ,Ｓ．レイノルズ,5,救援,H,14,3,1,3,1,0,0,0,0,0.00
20260407_DB-D_01,2026-04-07,火,セ・リーグ公式戦,ホーム,横浜DeNAベイスターズ,中日ドラゴンズ,山﨑 康晃,6,救援,,17,5,1,3,2,0,0,2,1,9.00
20260407_C-G_01,2026-04-07,火,セ・リーグ公式戦,ホーム,広島東洋カープ,読売ジャイアンツ,森下 暢仁,1,先発,勝,101,26,6.1,19,4,0,0,2,2,2.84
20260407_C-G_01,2026-04-07,火,セ・リーグ公式戦,ホーム,広島東洋カープ,読売ジャイアンツ,Ｔ．ハーン,2,救援,H,7,2,0.2,2,1,0,0,0,0,0.00
20260407_C-G_01,2026-04-07,火,セ・リーグ公式戦,ホーム,広島東洋カープ,読売ジャイアンツ,森浦 大輔,3,救援,H,15,3,1,3,1,0,0,0,0,0.00
20260407_C-G_01,2026-04-07,火,セ・リーグ公式戦,ホーム,広島東洋カープ,読売ジャイアンツ,中﨑 翔太,4,救援,S,10,3,1,3,1,0,0,0,0,0.00
20260407_T-S_01,2026-04-07,火,セ・リーグ公式戦,ホーム,阪神タイガース,東京ヤクルトスワローズ,才木 浩人,1,先発,勝,105,29,8,24,16,0,0,3,2,2.25
20260407_T-S_01,2026-04-07,火,セ・リーグ公式戦,ホーム,阪神タイガース,東京ヤクルトスワローズ,湯浅 京己,2,救援,,12,3,1,3,2,0,0,0,0,0.00
20260407_H-L_01,2026-04-07,火,パ・リーグ公式戦,ビジター,埼玉西武ライオンズ,福岡ソフトバンクホークス,隅田 知一郎,1,先発,勝,95,27,7,21,5,0,0,3,3,3.86
20260407_H-L_01,2026-04-07,火,パ・リーグ公式戦,ビジター,埼玉西武ライオンズ,福岡ソフトバンクホークス,浜屋 将太,2,救援,,25,5,0.2,2,0,0,0,2,2,27.00
20260407_H-L_01,2026-04-07,火,パ・リーグ公式戦,ビジター,埼玉西武ライオンズ,福岡ソフトバンクホークス,甲斐野 央,3,救援,H,11,2,0.1,1,1,0,0,0,0,0.00
20260407_H-L_01,2026-04-07,火,パ・リーグ公式戦,ビジター,埼玉西武ライオンズ,福岡ソフトバンクホークス,岩城 颯空,4,救援,S,16,5,1,3,0,0,0,1,1,9.00
20260407_B-M_01,2026-04-07,火,パ・リーグ公式戦,ビジター,千葉ロッテマリーンズ,オリックス・バファローズ,木村 優人,1,先発,,90,23,6,18,3,0,0,1,1,1.50
20260407_B-M_01,2026-04-07,火,パ・リーグ公式戦,ビジター,千葉ロッテマリーンズ,オリックス・バファローズ,澤田 圭佑,2,救援,敗,21,6,1,3,0,0,0,1,1,9.00
20260407_B-M_01,2026-04-07,火,パ・リーグ公式戦,ビジター,千葉ロッテマリーンズ,オリックス・バファローズ,鈴木 昭汰,3,救援,,21,5,0.2,2,1,0,0,1,1,13.50
20260407_B-M_01,2026-04-07,火,パ・リーグ公式戦,ビジター,千葉ロッテマリーンズ,オリックス・バファローズ,坂本 光士郎,4,救援,,8,2,0.1,1,0,0,0,0,0,0.00
20260407_DB-D_01,2026-04-07,火,セ・リーグ公式戦,ビジター,中日ドラゴンズ,横浜DeNAベイスターズ,金丸 夢斗,1,先発,敗,92,25,5,15,1,0,0,4,4,7.20
20260407_DB-D_01,2026-04-07,火,セ・リーグ公式戦,ビジター,中日ドラゴンズ,横浜DeNAベイスターズ,齋藤 綱記,2,救援,,15,3,1,3,1,0,0,0,0,0.00
20260407_DB-D_01,2026-04-07,火,セ・リーグ公式戦,ビジター,中日ドラゴンズ,横浜DeNAベイスターズ,牧野 憲伸,3,救援,,12,3,1,3,0,0,0,0,0,0.00
20260407_DB-D_01,2026-04-07,火,セ・リーグ公式戦,ビジター,中日ドラゴンズ,横浜DeNAベイスターズ,勝野 昌慶,4,救援,,19,5,1,3,1,0,0,1,1,9.00
20260407_T-S_01,2026-04-07,火,セ・リーグ公式戦,ビジター,東京ヤクルトスワローズ,阪神タイガース,小川 泰弘,1,先発,敗,85,23,4.2,14,3,0,0,5,0,0.00
20260407_T-S_01,2026-04-07,火,セ・リーグ公式戦,ビジター,東京ヤクルトスワローズ,阪神タイガース,田口 麗斗,2,救援,,29,9,1.1,4,2,0,0,2,0,0.00
20260407_T-S_01,2026-04-07,火,セ・リーグ公式戦,ビジター,東京ヤクルトスワローズ,阪神タイガース,荘司 宏太,3,救援,,25,4,1,3,2,0,0,0,0,0.00
20260407_T-S_01,2026-04-07,火,セ・リーグ公式戦,ビジター,東京ヤクルトスワローズ,阪神タイガース,大西 広樹,4,救援,,14,5,1,3,0,0,0,2,2,18.00
20260407_E-F_01,2026-04-07,火,パ・リーグ公式戦,ホーム,東北楽天ゴールデンイーグルス,北海道日本ハムファイターズ,前田 健太,1,先発,,65,14,3.1,10,4,0,0,0,0,0.00
20260407_E-F_01,2026-04-07,火,パ・リーグ公式戦,ホーム,東北楽天ゴールデンイーグルス,北海道日本ハムファイターズ,加治屋 蓮,2,救援,勝,23,7,1.2,5,2,0,0,0,0,0.00
20260407_E-F_01,2026-04-07,火,パ・リーグ公式戦,ホーム,東北楽天ゴールデンイーグルス,北海道日本ハムファイターズ,内 星龍,3,救援,H,6,3,1,3,0,0,0,0,0,0.00
20260407_E-F_01,2026-04-07,火,パ・リーグ公式戦,ホーム,東北楽天ゴールデンイーグルス,北海道日本ハムファイターズ,鈴木 翔天,4,救援,H,15,4,1,3,3,0,0,0,0,0.00
20260407_E-F_01,2026-04-07,火,パ・リーグ公式戦,ホーム,東北楽天ゴールデンイーグルス,北海道日本ハムファイターズ,西垣 雅矢,5,救援,H,15,4,1,3,2,0,0,0,0,0.00
20260407_E-F_01,2026-04-07,火,パ・リーグ公式戦,ホーム,東北楽天ゴールデンイーグルス,北海道日本ハムファイターズ,藤平 尚真,6,救援,S,17,4,1,3,1,0,0,0,0,0.00
20260407_C-G_01,2026-04-07,火,セ・リーグ公式戦,ビジター,読売ジャイアンツ,広島東洋カープ,Ｆ．ウィットリー,1,先発,敗,91,26,6,18,2,1,0,5,4,6.00
20260407_C-G_01,2026-04-07,火,セ・リーグ公式戦,ビジター,読売ジャイアンツ,広島東洋カープ,田和 廉,2,救援,,24,4,1,3,1,0,0,0,0,0.00
20260407_C-G_01,2026-04-07,火,セ・リーグ公式戦,ビジター,読売ジャイアンツ,広島東洋カープ,船迫 大雅,3,救援,,18,3,1,3,1,0,0,0,0,0.00
20260407_H-L_01,2026-04-07,火,パ・リーグ公式戦,ホーム,福岡ソフトバンクホークス,埼玉西武ライオンズ,大関 友久,1,先発,敗,70,22,4.1,13,2,0,0,6,5,10.38
20260407_H-L_01,2026-04-07,火,パ・リーグ公式戦,ホーム,福岡ソフトバンクホークス,埼玉西武ライオンズ,尾形 崇斗,2,救援,,18,5,1.2,5,2,0,0,0,0,0.00
20260407_H-L_01,2026-04-07,火,パ・リーグ公式戦,ホーム,福岡ソフトバンクホークス,埼玉西武ライオンズ,伊藤 優輔,3,救援,,12,3,1,3,0,0,0,0,0,0.00
20260407_H-L_01,2026-04-07,火,パ・リーグ公式戦,ホーム,福岡ソフトバンクホークス,埼玉西武ライオンズ,大野 稼頭央,4,救援,,22,7,1,3,1,0,0,2,0,0.00
20260407_H-L_01,2026-04-07,火,パ・リーグ公式戦,ホーム,福岡ソフトバンクホークス,埼玉西武ライオンズ,鈴木 豪太,5,救援,,11,3,1,3,1,0,0,0,0,0.00
20260407_E-F_01,2026-04-07,火,パ・リーグ公式戦,ビジター,北海道日本ハムファイターズ,東北楽天ゴールデンイーグルス,細野 晴希,1,先発,敗,86,23,5,15,5,0,0,3,2,3.60
20260407_E-F_01,2026-04-07,火,パ・リーグ公式戦,ビジター,北海道日本ハムファイターズ,東北楽天ゴールデンイーグルス,玉井 大翔,2,救援,,13,3,1,3,1,0,0,0,0,0.00
20260407_E-F_01,2026-04-07,火,パ・リーグ公式戦,ビジター,北海道日本ハムファイターズ,東北楽天ゴールデンイーグルス,福谷 浩司,3,救援,,7,4,1,3,0,0,0,0,0,0.00
20260407_E-F_01,2026-04-07,火,パ・リーグ公式戦,ビジター,北海道日本ハムファイターズ,東北楽天ゴールデンイーグルス,山﨑 福也,4,救援,,19,4,1,3,2,0,0,0,0,0.00
20260405_F-B_03,2026-04-05,日,パ・リーグ公式戦,ビジター,オリックス・バファローズ,北海道日本ハムファイターズ,Ｓ．ジェリー,1,先発,,109,27,6,18,5,0,0,2,2,3.00
20260405_F-B_03,2026-04-05,日,パ・リーグ公式戦,ビジター,オリックス・バファローズ,北海道日本ハムファイターズ,Ｌ．ペルドモ,2,救援,敗,29,6,1,3,1,0,0,3,3,27.00
20260405_F-B_03,2026-04-05,日,パ・リーグ公式戦,ビジター,オリックス・バファローズ,北海道日本ハムファイターズ,阿部 翔太,3,救援,,26,6,0.2,2,1,0,0,3,3,40.50
20260405_F-B_03,2026-04-05,日,パ・リーグ公式戦,ビジター,オリックス・バファローズ,北海道日本ハムファイターズ,佐藤 一磨,4,救援,,1,1,0.1,1,0,0,0,0,0,0.00
20260405_G-DB_03,2026-04-05,日,セ・リーグ公式戦,ビジター,横浜DeNAベイスターズ,読売ジャイアンツ,石田 裕太郎,1,先発,敗,97,26,6.2,20,5,0,0,2,2,2.70
20260405_G-DB_03,2026-04-05,日,セ・リーグ公式戦,ビジター,横浜DeNAベイスターズ,読売ジャイアンツ,伊勢 大夢,2,救援,,5,2,0.1,1,0,0,0,1,1,27.00
20260405_G-DB_03,2026-04-05,日,セ・リーグ公式戦,ビジター,横浜DeNAベイスターズ,読売ジャイアンツ,坂本 裕哉,3,救援,,7,3,1,3,1,0,0,0,0,0.00
20260405_C-T_03,2026-04-05,日,セ・リーグ公式戦,ホーム,広島東洋カープ,阪神タイガース,栗林 良吏,1,先発,,100,29,8,24,9,0,0,1,1,1.13
20260405_C-T_03,2026-04-05,日,セ・リーグ公式戦,ホーム,広島東洋カープ,阪神タイガース,中﨑 翔太,2,救援,勝,18,3,1,3,0,0,0,0,0,0.00
20260405_C-T_03,2026-04-05,日,セ・リーグ公式戦,ビジター,阪神タイガース,広島東洋カープ,髙橋 遥人,1,先発,,84,24,6,18,4,0,0,1,1,1.50
20260405_C-T_03,2026-04-05,日,セ・リーグ公式戦,ビジター,阪神タイガース,広島東洋カープ,早川 太貴,2,救援,,12,4,1,3,1,0,0,0,0,0.00
20260405_C-T_03,2026-04-05,日,セ・リーグ公式戦,ビジター,阪神タイガース,広島東洋カープ,Ｄ．モレッタ,3,救援,H,15,4,1,3,1,0,0,0,0,0.00
20260405_C-T_03,2026-04-05,日,セ・リーグ公式戦,ビジター,阪神タイガース,広島東洋カープ,桐敷 拓馬,4,救援,敗,11,2,0.1,1,1,0,0,1,1,27.00
20260405_L-E_03,2026-04-05,日,パ・リーグ公式戦,ホーム,埼玉西武ライオンズ,東北楽天ゴールデンイーグルス,平良 海馬,1,先発,,116,29,8,24,12,1,0,1,0,0.00
20260405_L-E_03,2026-04-05,日,パ・リーグ公式戦,ホーム,埼玉西武ライオンズ,東北楽天ゴールデンイーグルス,岩城 颯空,2,救援,H,14,3,1,3,1,0,0,0,0,0.00
20260405_L-E_03,2026-04-05,日,パ・リーグ公式戦,ホーム,埼玉西武ライオンズ,東北楽天ゴールデンイーグルス,篠原 響,3,救援,H,11,3,1,3,1,0,0,0,0,0.00
20260405_L-E_03,2026-04-05,日,パ・リーグ公式戦,ホーム,埼玉西武ライオンズ,東北楽天ゴールデンイーグルス,甲斐野 央,4,救援,H,10,3,1,3,1,0,0,0,0,0.00
20260405_L-E_03,2026-04-05,日,パ・リーグ公式戦,ホーム,埼玉西武ライオンズ,東北楽天ゴールデンイーグルス,Ｅ．ラミレス,5,救援,,11,4,1,3,1,0,0,0,0,0.00
20260405_M-H_03,2026-04-05,日,パ・リーグ公式戦,ホーム,千葉ロッテマリーンズ,福岡ソフトバンクホークス,小島 和哉,1,先発,敗,71,22,4.1,13,2,0,0,4,4,8.31
20260405_M-H_03,2026-04-05,日,パ・リーグ公式戦,ホーム,千葉ロッテマリーンズ,福岡ソフトバンクホークス,廣池 康志郎,2,救援,,61,15,3.2,11,2,0,0,0,0,0.00
20260405_M-H_03,2026-04-05,日,パ・リーグ公式戦,ホーム,千葉ロッテマリーンズ,福岡ソフトバンクホークス,澤田 圭佑,3,救援,,9,3,1,3,1,0,0,0,0,0.00
20260405_S-D_03,2026-04-05,日,セ・リーグ公式戦,ビジター,中日ドラゴンズ,東京ヤクルトスワローズ,髙橋 宏斗,1,先発,,115,27,6+,18,8,0,0,5,3,4.50
20260405_S-D_03,2026-04-05,日,セ・リーグ公式戦,ビジター,中日ドラゴンズ,東京ヤクルトスワローズ,齋藤 綱記,2,救援,敗,5,1,0+,0,0,1,0,1,1,
20260405_S-D_03,2026-04-05,日,セ・リーグ公式戦,ビジター,中日ドラゴンズ,東京ヤクルトスワローズ,勝野 昌慶,3,救援,,27,5,1,3,3,0,0,1,1,9.00
20260405_S-D_03,2026-04-05,日,セ・リーグ公式戦,ビジター,中日ドラゴンズ,東京ヤクルトスワローズ,Ｈ．メヒア,4,救援,,4,3,1,3,0,0,0,0,0,0.00
20260405_S-D_03,2026-04-05,日,セ・リーグ公式戦,ホーム,東京ヤクルトスワローズ,中日ドラゴンズ,高梨 裕稔,1,先発,,95,24,5.1,16,5,0,0,4,2,3.38
20260405_S-D_03,2026-04-05,日,セ・リーグ公式戦,ホーム,東京ヤクルトスワローズ,中日ドラゴンズ,大西 広樹,2,救援,,9,4,0.2,2,0,0,0,1,1,13.50
20260405_S-D_03,2026-04-05,日,セ・リーグ公式戦,ホーム,東京ヤクルトスワローズ,中日ドラゴンズ,廣澤 優,3,救援,勝,18,5,1,3,0,1,0,0,0,0.00
20260405_S-D_03,2026-04-05,日,セ・リーグ公式戦,ホーム,東京ヤクルトスワローズ,中日ドラゴンズ,星 知弥,4,救援,H,28,6,1,3,0,0,0,0,0,0.00
20260405_S-D_03,2026-04-05,日,セ・リーグ公式戦,ホーム,東京ヤクルトスワローズ,中日ドラゴンズ,Ｊ．キハダ,5,救援,S,10,3,1,3,0,0,0,0,0,0.00
20260405_L-E_03,2026-04-05,日,パ・リーグ公式戦,ビジター,東北楽天ゴールデンイーグルス,埼玉西武ライオンズ,藤原 聡大,1,先発,,94,23,5,15,4,0,0,1,1,1.80
20260405_L-E_03,2026-04-05,日,パ・リーグ公式戦,ビジター,東北楽天ゴールデンイーグルス,埼玉西武ライオンズ,加治屋 蓮,2,救援,H,9,3,1,3,1,0,0,0,0,0.00
20260405_L-E_03,2026-04-05,日,パ・リーグ公式戦,ビジター,東北楽天ゴールデンイーグルス,埼玉西武ライオンズ,鈴木 翔天,3,救援,H,11,4,1,3,0,0,0,0,0,0.00
20260405_L-E_03,2026-04-05,日,パ・リーグ公式戦,ビジター,東北楽天ゴールデンイーグルス,埼玉西武ライオンズ,西垣 雅矢,4,救援,H,10,3,1,3,1,0,0,0,0,0.00
20260405_L-E_03,2026-04-05,日,パ・リーグ公式戦,ビジター,東北楽天ゴールデンイーグルス,埼玉西武ライオンズ,藤平 尚真,5,救援,H,16,3,1,3,1,0,0,0,0,0.00
20260405_L-E_03,2026-04-05,日,パ・リーグ公式戦,ビジター,東北楽天ゴールデンイーグルス,埼玉西武ライオンズ,田中 千晴,6,救援,H,14,4,1,3,2,0,0,0,0,0.00
20260405_L-E_03,2026-04-05,日,パ・リーグ公式戦,ビジター,東北楽天ゴールデンイーグルス,埼玉西武ライオンズ,宋 家豪,7,救援,H,10,4,1,3,0,0,0,0,0,0.00
20260405_L-E_03,2026-04-05,日,パ・リーグ公式戦,ビジター,東北楽天ゴールデンイーグルス,埼玉西武ライオンズ,内 星龍,8,救援,,15,4,1,3,0,0,0,0,0,0.00
20260405_G-DB_03,2026-04-05,日,セ・リーグ公式戦,ホーム,読売ジャイアンツ,横浜DeNAベイスターズ,井上 温大,1,先発,勝,89,24,7,21,8,0,0,1,1,1.29
20260405_G-DB_03,2026-04-05,日,セ・リーグ公式戦,ホーム,読売ジャイアンツ,横浜DeNAベイスターズ,大勢,2,救援,H,10,3,1,3,1,0,0,0,0,0.00
20260405_G-DB_03,2026-04-05,日,セ・リーグ公式戦,ホーム,読売ジャイアンツ,横浜DeNAベイスターズ,Ｒ．マルティネス,3,救援,S,14,5,1,3,1,0,0,1,1,9.00
20260405_M-H_03,2026-04-05,日,パ・リーグ公式戦,ビジター,福岡ソフトバンクホークス,千葉ロッテマリーンズ,Ｃ．スチュワート・ジュニア,1,先発,勝,95,24,6,18,5,0,0,2,2,3.00
20260405_M-H_03,2026-04-05,日,パ・リーグ公式戦,ビジター,福岡ソフトバンクホークス,千葉ロッテマリーンズ,上茶谷 大河,2,救援,H,33,8,2,6,1,0,0,1,1,4.50
20260405_M-H_03,2026-04-05,日,パ・リーグ公式戦,ビジター,福岡ソフトバンクホークス,千葉ロッテマリーンズ,松本 裕樹,3,救援,S,13,4,1,3,1,0,0,0,0,0.00
20260405_F-B_03,2026-04-05,日,パ・リーグ公式戦,ホーム,北海道日本ハムファイターズ,オリックス・バファローズ,有原 航平,1,先発,勝,108,28,7,21,2,1,0,2,2,2.57
20260405_F-B_03,2026-04-05,日,パ・リーグ公式戦,ホーム,北海道日本ハムファイターズ,オリックス・バファローズ,田中 正義,2,救援,H,11,3,1,3,1,0,0,0,0,0.00
20260405_F-B_03,2026-04-05,日,パ・リーグ公式戦,ホーム,北海道日本ハムファイターズ,オリックス・バファローズ,古林 睿煬,3,救援,,15,4,1,3,1,0,0,0,0,0.00
20260404_F-B_02,2026-04-04,土,パ・リーグ公式戦,ビジター,オリックス・バファローズ,北海道日本ハムファイターズ,九里 亜蓮,1,先発,,106,25,6,18,6,0,0,3,3,4.50
20260404_F-B_02,2026-04-04,土,パ・リーグ公式戦,ビジター,オリックス・バファローズ,北海道日本ハムファイターズ,山﨑 颯一郎,2,救援,敗,15,7,0.2,2,1,0,0,3,3,40.50
20260404_F-B_02,2026-04-04,土,パ・リーグ公式戦,ビジター,オリックス・バファローズ,北海道日本ハムファイターズ,古田島 成龍,3,救援,,8,1,0.1,1,0,0,0,0,0,0.00
20260404_F-B_02,2026-04-04,土,パ・リーグ公式戦,ビジター,オリックス・バファローズ,北海道日本ハムファイターズ,平野 佳寿,4,救援,,12,5,1,3,0,0,0,0,0,0.00
20260404_G-DB_02,2026-04-04,土,セ・リーグ公式戦,ビジター,横浜DeNAベイスターズ,読売ジャイアンツ,入江 大生,1,先発,,74,21,4,12,2,0,0,4,4,9.00
20260404_G-DB_02,2026-04-04,土,セ・リーグ公式戦,ビジター,横浜DeNAベイスターズ,読売ジャイアンツ,吉野 光樹,2,救援,敗,10,5,1,3,0,0,0,1,1,9.00
20260404_G-DB_02,2026-04-04,土,セ・リーグ公式戦,ビジター,横浜DeNAベイスターズ,読売ジャイアンツ,Ｈ．マルセリーノ,3,救援,,39,8,1,3,2,1,0,3,3,27.00
20260404_G-DB_02,2026-04-04,土,セ・リーグ公式戦,ビジター,横浜DeNAベイスターズ,読売ジャイアンツ,中川 颯,4,救援,,13,5,1,3,1,0,0,0,0,0.00
20260404_G-DB_02,2026-04-04,土,セ・リーグ公式戦,ビジター,横浜DeNAベイスターズ,読売ジャイアンツ,堀岡 隼人,5,救援,,23,5,1,3,1,0,0,0,0,0.00
20260404_C-T_02,2026-04-04,土,セ・リーグ公式戦,ホーム,広島東洋カープ,阪神タイガース,Ｆ．ターノック,1,先発,,93,21,5,15,3,0,1,2,2,3.60
20260404_C-T_02,2026-04-04,土,セ・リーグ公式戦,ホーム,広島東洋カープ,阪神タイガース,島内 颯太郎,2,救援,H,25,4,1,3,1,0,0,0,0,0.00
20260404_C-T_02,2026-04-04,土,セ・リーグ公式戦,ホーム,広島東洋カープ,阪神タイガース,Ｔ．ハーン,3,救援,H,19,4,1,3,1,0,0,0,0,0.00
20260404_C-T_02,2026-04-04,土,セ・リーグ公式戦,ホーム,広島東洋カープ,阪神タイガース,中﨑 翔太,4,救援,H,13,3,1,3,0,0,0,0,0,0.00
20260404_C-T_02,2026-04-04,土,セ・リーグ公式戦,ホーム,広島東洋カープ,阪神タイガース,森浦 大輔,5,救援,,34,7,1,3,2,0,0,3,0,0.00
20260404_C-T_02,2026-04-04,土,セ・リーグ公式戦,ホーム,広島東洋カープ,阪神タイガース,辻 大雅,6,救援,敗,17,5,1,3,1,0,0,2,2,18.00
20260404_C-T_02,2026-04-04,土,セ・リーグ公式戦,ビジター,阪神タイガース,広島東洋カープ,大竹 耕太郎,1,先発,,74,20,5,15,2,0,0,3,3,5.40
20260404_C-T_02,2026-04-04,土,セ・リーグ公式戦,ビジター,阪神タイガース,広島東洋カープ,早川 太貴,2,救援,,16,5,1,3,1,0,0,0,0,0.00
20260404_C-T_02,2026-04-04,土,セ・リーグ公式戦,ビジター,阪神タイガース,広島東洋カープ,木下 里都,3,救援,,44,11,2,6,1,0,0,2,2,9.00
20260404_C-T_02,2026-04-04,土,セ・リーグ公式戦,ビジター,阪神タイガース,広島東洋カープ,Ｄ．モレッタ,4,救援,勝,13,3,1,3,1,0,0,0,0,0.00
20260404_C-T_02,2026-04-04,土,セ・リーグ公式戦,ビジター,阪神タイガース,広島東洋カープ,Ｒ．ドリス,5,救援,S,9,3,1,3,0,0,0,0,0,0.00
20260404_L-E_02,2026-04-04,土,パ・リーグ公式戦,ホーム,埼玉西武ライオンズ,東北楽天ゴールデンイーグルス,武内 夏暉,1,先発,,96,22,7,21,10,0,0,0,0,0.00
20260404_L-E_02,2026-04-04,土,パ・リーグ公式戦,ホーム,埼玉西武ライオンズ,東北楽天ゴールデンイーグルス,甲斐野 央,2,救援,敗,21,6,1,3,1,0,0,2,2,18.00
20260404_L-E_02,2026-04-04,土,パ・リーグ公式戦,ホーム,埼玉西武ライオンズ,東北楽天ゴールデンイーグルス,Ｅ．ラミレス,3,救援,,13,4,1,3,1,0,0,0,0,0.00
20260404_M-H_02,2026-04-04,土,パ・リーグ公式戦,ホーム,千葉ロッテマリーンズ,福岡ソフトバンクホークス,田中 晴也,1,先発,,99,24,6,18,8,0,0,0,0,0.00
20260404_M-H_02,2026-04-04,土,パ・リーグ公式戦,ホーム,千葉ロッテマリーンズ,福岡ソフトバンクホークス,高野 脩汰,2,救援,敗,31,7,1,3,2,1,0,3,3,27.00
20260404_M-H_02,2026-04-04,土,パ・リーグ公式戦,ホーム,千葉ロッテマリーンズ,福岡ソフトバンクホークス,宮﨑 颯,3,救援,,22,5,1,3,2,0,0,2,2,18.00
20260404_M-H_02,2026-04-04,土,パ・リーグ公式戦,ホーム,千葉ロッテマリーンズ,福岡ソフトバンクホークス,益田 直也,4,救援,,10,3,1,3,0,0,0,0,0,0.00
20260404_S-D_02,2026-04-04,土,セ・リーグ公式戦,ビジター,中日ドラゴンズ,東京ヤクルトスワローズ,櫻井 頼之介,1,先発,敗,68,15,2+,6,1,0,0,6,6,27.00
20260404_S-D_02,2026-04-04,土,セ・リーグ公式戦,ビジター,中日ドラゴンズ,東京ヤクルトスワローズ,牧野 憲伸,2,救援,,23,4,1,3,1,1,0,0,0,0.00
20260404_S-D_02,2026-04-04,土,セ・リーグ公式戦,ビジター,中日ドラゴンズ,東京ヤクルトスワローズ,梅野 雄吾,3,救援,,46,8,1.1,4,1,1,0,2,2,13.50
20260404_S-D_02,2026-04-04,土,セ・リーグ公式戦,ビジター,中日ドラゴンズ,東京ヤクルトスワローズ,近藤 廉,4,救援,,37,10,1.2,5,1,0,0,3,3,16.20
20260404_S-D_02,2026-04-04,土,セ・リーグ公式戦,ビジター,中日ドラゴンズ,東京ヤクルトスワローズ,根尾 昂,5,救援,,34,8,2,6,2,0,0,0,0,0.00
20260404_S-D_02,2026-04-04,土,セ・リーグ公式戦,ホーム,東京ヤクルトスワローズ,中日ドラゴンズ,山野 太一,1,先発,勝,95,26,6,18,7,0,0,4,4,6.00
20260404_S-D_02,2026-04-04,土,セ・リーグ公式戦,ホーム,東京ヤクルトスワローズ,中日ドラゴンズ,大西 広樹,2,救援,,24,6,1,3,1,0,0,2,2,18.00
20260404_S-D_02,2026-04-04,土,セ・リーグ公式戦,ホーム,東京ヤクルトスワローズ,中日ドラゴンズ,Ｊ．リランソ,3,救援,,20,5,1,3,1,0,0,0,0,0.00
20260404_S-D_02,2026-04-04,土,セ・リーグ公式戦,ホーム,東京ヤクルトスワローズ,中日ドラゴンズ,荘司 宏太,4,救援,,25,5,1,3,2,0,0,0,0,0.00
20260404_L-E_02,2026-04-04,土,パ・リーグ公式戦,ビジター,東北楽天ゴールデンイーグルス,埼玉西武ライオンズ,瀧中 瞭太,1,先発,,94,23,6,18,5,0,0,0,0,0.00
20260404_L-E_02,2026-04-04,土,パ・リーグ公式戦,ビジター,東北楽天ゴールデンイーグルス,埼玉西武ライオンズ,宋 家豪,2,救援,勝,13,5,1,3,1,0,0,0,0,0.00
20260404_L-E_02,2026-04-04,土,パ・リーグ公式戦,ビジター,東北楽天ゴールデンイーグルス,埼玉西武ライオンズ,鈴木 翔天,3,救援,H,11,3,1,3,1,0,0,0,0,0.00
20260404_L-E_02,2026-04-04,土,パ・リーグ公式戦,ビジター,東北楽天ゴールデンイーグルス,埼玉西武ライオンズ,田中 千晴,4,救援,S,17,5,1,3,1,0,0,1,0,0.00
20260404_G-DB_02,2026-04-04,土,セ・リーグ公式戦,ホーム,読売ジャイアンツ,横浜DeNAベイスターズ,Ｓ．ハワード,1,先発,,84,18,3.1,10,7,0,0,4,4,10.80
20260404_G-DB_02,2026-04-04,土,セ・リーグ公式戦,ホーム,読売ジャイアンツ,横浜DeNAベイスターズ,田和 廉,2,救援,,11,2,0.2,2,0,0,0,0,0,0.00
20260404_G-DB_02,2026-04-04,土,セ・リーグ公式戦,ホーム,読売ジャイアンツ,横浜DeNAベイスターズ,赤星 優志,3,救援,勝,39,7,2,6,2,0,0,0,0,0.00
20260404_G-DB_02,2026-04-04,土,セ・リーグ公式戦,ホーム,読売ジャイアンツ,横浜DeNAベイスターズ,田中 瑛斗,4,救援,,16,5,1,3,0,0,0,0,0,0.00
20260404_G-DB_02,2026-04-04,土,セ・リーグ公式戦,ホーム,読売ジャイアンツ,横浜DeNAベイスターズ,北浦 竜次,5,救援,,22,4,0.2,2,1,0,0,0,0,0.00
20260404_G-DB_02,2026-04-04,土,セ・リーグ公式戦,ホーム,読売ジャイアンツ,横浜DeNAベイスターズ,大勢,6,救援,H,4,1,0.1,1,0,0,0,0,0,0.00
20260404_G-DB_02,2026-04-04,土,セ・リーグ公式戦,ホーム,読売ジャイアンツ,横浜DeNAベイスターズ,船迫 大雅,7,救援,,15,4,1,3,2,0,0,0,0,0.00
20260404_M-H_02,2026-04-04,土,パ・リーグ公式戦,ビジター,福岡ソフトバンクホークス,千葉ロッテマリーンズ,松本 晴,1,先発,勝,107,28,7,21,6,0,0,1,1,1.29
20260404_M-H_02,2026-04-04,土,パ・リーグ公式戦,ビジター,福岡ソフトバンクホークス,千葉ロッテマリーンズ,木村 光,2,救援,,25,6,1,3,2,0,0,0,0,0.00
20260404_M-H_02,2026-04-04,土,パ・リーグ公式戦,ビジター,福岡ソフトバンクホークス,千葉ロッテマリーンズ,Ｄ．ヘルナンデス,3,救援,,32,5,0.2,2,2,1,0,1,0,0.00
20260404_M-H_02,2026-04-04,土,パ・リーグ公式戦,ビジター,福岡ソフトバンクホークス,千葉ロッテマリーンズ,杉山 一樹,4,救援,S,2,1,0.1,1,0,0,0,0,0,0.00
20260404_F-B_02,2026-04-04,土,パ・リーグ公式戦,ホーム,北海道日本ハムファイターズ,オリックス・バファローズ,達 孝太,1,先発,,126,29,5.2,17,8,0,0,3,2,3.18
20260404_F-B_02,2026-04-04,土,パ・リーグ公式戦,ホーム,北海道日本ハムファイターズ,オリックス・バファローズ,島本 浩也,2,救援,H,6,1,0.1,1,1,0,0,0,0,0.00
20260404_F-B_02,2026-04-04,土,パ・リーグ公式戦,ホーム,北海道日本ハムファイターズ,オリックス・バファローズ,上原 健太,3,救援,勝,14,4,1,3,1,0,0,0,0,0.00
20260404_F-B_02,2026-04-04,土,パ・リーグ公式戦,ホーム,北海道日本ハムファイターズ,オリックス・バファローズ,田中 正義,4,救援,H,11,3,1,3,1,0,0,0,0,0.00
20260404_F-B_02,2026-04-04,土,パ・リーグ公式戦,ホーム,北海道日本ハムファイターズ,オリックス・バファローズ,柳川 大晟,5,救援,S,9,3,1,3,0,0,0,0,0,0.00
20260403_F-B_01,2026-04-03,金,パ・リーグ公式戦,ビジター,オリックス・バファローズ,北海道日本ハムファイターズ,寺西 成騎,1,先発,敗,61,19,3.1,10,2,1,0,6,6,16.20
20260403_F-B_01,2026-04-03,金,パ・リーグ公式戦,ビジター,オリックス・バファローズ,北海道日本ハムファイターズ,横山 楓,2,救援,,11,3,0.2,2,1,1,0,0,0,0.00
20260403_F-B_01,2026-04-03,金,パ・リーグ公式戦,ビジター,オリックス・バファローズ,北海道日本ハムファイターズ,東松 快征,3,救援,,22,5,1,3,1,0,0,0,0,0.00
20260403_F-B_01,2026-04-03,金,パ・リーグ公式戦,ビジター,オリックス・バファローズ,北海道日本ハムファイターズ,髙谷 舟,4,救援,,38,9,1,3,1,0,0,5,5,45.00
20260403_F-B_01,2026-04-03,金,パ・リーグ公式戦,ビジター,オリックス・バファローズ,北海道日本ハムファイターズ,佐藤 一磨,5,救援,,39,9,2,6,1,0,0,1,1,4.50
20260403_G-DB_01,2026-04-03,金,セ・リーグ公式戦,ビジター,横浜DeNAベイスターズ,読売ジャイアンツ,東 克樹,1,先発,勝,80,26,7,21,9,0,0,1,1,1.29
20260403_G-DB_01,2026-04-03,金,セ・リーグ公式戦,ビジター,横浜DeNAベイスターズ,読売ジャイアンツ,Ｓ．レイノルズ,2,救援,H,29,5,1,3,3,0,0,0,0,0.00
20260403_G-DB_01,2026-04-03,金,セ・リーグ公式戦,ビジター,横浜DeNAベイスターズ,読売ジャイアンツ,山﨑 康晃,3,救援,S,17,4,1,3,1,0,0,0,0,0.00
20260403_C-T_01,2026-04-03,金,セ・リーグ公式戦,ホーム,広島東洋カープ,阪神タイガース,床田 寛樹,1,先発,敗,114,26,6,18,9,0,0,2,2,3.00
20260403_C-T_01,2026-04-03,金,セ・リーグ公式戦,ホーム,広島東洋カープ,阪神タイガース,齊藤 汰直,2,救援,,27,6,1,3,0,0,0,2,2,18.00
20260403_C-T_01,2026-04-03,金,セ・リーグ公式戦,ホーム,広島東洋カープ,阪神タイガース,辻 大雅,3,救援,,13,4,1,3,0,0,0,0,0,0.00
20260403_C-T_01,2026-04-03,金,セ・リーグ公式戦,ホーム,広島東洋カープ,阪神タイガース,赤木 晴哉,4,救援,,17,5,1,3,1,0,0,0,0,0.00
20260403_C-T_01,2026-04-03,金,セ・リーグ公式戦,ビジター,阪神タイガース,広島東洋カープ,村上 頌樹,1,先発,勝,109,25,7,21,6,0,0,1,1,1.29
20260403_C-T_01,2026-04-03,金,セ・リーグ公式戦,ビジター,阪神タイガース,広島東洋カープ,桐敷 拓馬,2,救援,H,13,4,1,3,1,0,0,1,1,9.00
20260403_C-T_01,2026-04-03,金,セ・リーグ公式戦,ビジター,阪神タイガース,広島東洋カープ,岩崎 優,3,救援,S,8,3,1,3,0,0,0,0,0,0.00
20260403_L-E_01,2026-04-03,金,パ・リーグ公式戦,ホーム,埼玉西武ライオンズ,東北楽天ゴールデンイーグルス,渡邉 勇太朗,1,先発,敗,108,26,6,18,3,0,0,6,6,9.00
20260403_L-E_01,2026-04-03,金,パ・リーグ公式戦,ホーム,埼玉西武ライオンズ,東北楽天ゴールデンイーグルス,浜屋 将太,2,救援,,17,3,1,3,0,0,0,0,0,0.00
20260403_L-E_01,2026-04-03,金,パ・リーグ公式戦,ホーム,埼玉西武ライオンズ,東北楽天ゴールデンイーグルス,中村 祐太,3,救援,,29,7,2,6,2,0,0,0,0,0.00
20260403_M-H_01,2026-04-03,金,パ・リーグ公式戦,ホーム,千葉ロッテマリーンズ,福岡ソフトバンクホークス,毛利 海大,1,先発,,91,27,7,21,5,0,0,2,2,2.57
20260403_M-H_01,2026-04-03,金,パ・リーグ公式戦,ホーム,千葉ロッテマリーンズ,福岡ソフトバンクホークス,Ｓ．ロング,2,救援,,19,5,1,3,0,0,0,0,0,0.00
20260403_M-H_01,2026-04-03,金,パ・リーグ公式戦,ホーム,千葉ロッテマリーンズ,福岡ソフトバンクホークス,澤田 圭佑,3,救援,勝,15,3,1,3,2,0,0,0,0,0.00
20260403_S-D_01,2026-04-03,金,セ・リーグ公式戦,ビジター,中日ドラゴンズ,東京ヤクルトスワローズ,柳 裕也,1,先発,勝,120,31,9,27,6,0,0,0,0,0.00
20260403_S-D_01,2026-04-03,金,セ・リーグ公式戦,ホーム,東京ヤクルトスワローズ,中日ドラゴンズ,吉村 貢司郎,1,先発,敗,90,23,5,15,6,1,0,1,1,1.80
20260403_S-D_01,2026-04-03,金,セ・リーグ公式戦,ホーム,東京ヤクルトスワローズ,中日ドラゴンズ,清水 昇,2,救援,,11,3,1,3,0,0,0,0,0,0.00
20260403_S-D_01,2026-04-03,金,セ・リーグ公式戦,ホーム,東京ヤクルトスワローズ,中日ドラゴンズ,田口 麗斗,3,救援,,14,4,1,3,2,0,0,0,0,0.00
20260403_S-D_01,2026-04-03,金,セ・リーグ公式戦,ホーム,東京ヤクルトスワローズ,中日ドラゴンズ,木澤 尚文,4,救援,,8,4,1,3,1,0,0,0,0,0.00
20260403_S-D_01,2026-04-03,金,セ・リーグ公式戦,ホーム,東京ヤクルトスワローズ,中日ドラゴンズ,廣澤 優,5,救援,,15,5,1,3,0,0,0,0,0,0.00
20260403_L-E_01,2026-04-03,金,パ・リーグ公式戦,ビジター,東北楽天ゴールデンイーグルス,埼玉西武ライオンズ,荘司 康誠,1,先発,勝,108,30,7,21,6,0,0,3,3,3.86
20260403_L-E_01,2026-04-03,金,パ・リーグ公式戦,ビジター,東北楽天ゴールデンイーグルス,埼玉西武ライオンズ,西垣 雅矢,2,救援,H,13,3,1,3,0,0,0,0,0,0.00
20260403_L-E_01,2026-04-03,金,パ・リーグ公式戦,ビジター,東北楽天ゴールデンイーグルス,埼玉西武ライオンズ,藤平 尚真,3,救援,S,11,3,1,3,1,0,0,0,0,0.00
20260403_G-DB_01,2026-04-03,金,セ・リーグ公式戦,ホーム,読売ジャイアンツ,横浜DeNAベイスターズ,竹丸 和幸,1,先発,敗,101,26,5,15,6,0,0,3,1,1.80
20260403_G-DB_01,2026-04-03,金,セ・リーグ公式戦,ホーム,読売ジャイアンツ,横浜DeNAベイスターズ,中川 皓太,2,救援,,15,4,1,3,1,0,0,0,0,0.00
20260403_G-DB_01,2026-04-03,金,セ・リーグ公式戦,ホーム,読売ジャイアンツ,横浜DeNAベイスターズ,又木 鉄平,3,救援,,40,8,2,6,1,0,0,0,0,0.00
20260403_G-DB_01,2026-04-03,金,セ・リーグ公式戦,ホーム,読売ジャイアンツ,横浜DeNAベイスターズ,泉 圭輔,4,救援,,21,4,1,3,1,0,0,0,0,0.00
20260403_M-H_01,2026-04-03,金,パ・リーグ公式戦,ビジター,福岡ソフトバンクホークス,千葉ロッテマリーンズ,上沢 直之,1,先発,,117,32,8,24,9,1,0,0,0,0.00
20260403_M-H_01,2026-04-03,金,パ・リーグ公式戦,ビジター,福岡ソフトバンクホークス,千葉ロッテマリーンズ,杉山 一樹,2,救援,敗,20,6,0.2,2,1,0,0,3,3,40.50
20260403_F-B_01,2026-04-03,金,パ・リーグ公式戦,ホーム,北海道日本ハムファイターズ,オリックス・バファローズ,伊藤 大海,1,先発,勝,101,23,6,18,5,0,0,0,0,0.00
20260403_F-B_01,2026-04-03,金,パ・リーグ公式戦,ホーム,北海道日本ハムファイターズ,オリックス・バファローズ,島本 浩也,2,救援,,16,5,1,3,2,0,0,1,1,9.00
20260403_F-B_01,2026-04-03,金,パ・リーグ公式戦,ホーム,北海道日本ハムファイターズ,オリックス・バファローズ,山本 拓実,3,救援,,13,5,1,3,1,0,0,2,2,18.00
20260403_F-B_01,2026-04-03,金,パ・リーグ公式戦,ホーム,北海道日本ハムファイターズ,オリックス・バファローズ,池田 隆英,4,救援,,5,3,1,3,0,0,0,0,0,0.00
20260402_L-B_03,2026-04-02,木,パ・リーグ公式戦,ビジター,オリックス・バファローズ,埼玉西武ライオンズ,宮城 大弥,1,先発,勝,87,24,6,18,8,0,0,3,3,4.50
20260402_L-B_03,2026-04-02,木,パ・リーグ公式戦,ビジター,オリックス・バファローズ,埼玉西武ライオンズ,山﨑 颯一郎,2,救援,H,16,4,1,3,0,0,0,0,0,0.00
20260402_L-B_03,2026-04-02,木,パ・リーグ公式戦,ビジター,オリックス・バファローズ,埼玉西武ライオンズ,椋木 蓮,3,救援,,10,3,1,3,1,0,0,0,0,0.00
20260402_L-B_03,2026-04-02,木,パ・リーグ公式戦,ビジター,オリックス・バファローズ,埼玉西武ライオンズ,Ａ．マチャド,4,救援,,12,3,1,3,2,0,0,0,0,0.00
20260402_T-DB_03,2026-04-02,木,セ・リーグ公式戦,ビジター,横浜DeNAベイスターズ,阪神タイガース,竹田 祐,1,先発,敗,84,19,4,12,3,0,0,4,3,6.75
20260402_T-DB_03,2026-04-02,木,セ・リーグ公式戦,ビジター,横浜DeNAベイスターズ,阪神タイガース,橋本 達弥,2,救援,,34,7,2,6,3,0,0,0,0,0.00
20260402_T-DB_03,2026-04-02,木,セ・リーグ公式戦,ビジター,横浜DeNAベイスターズ,阪神タイガース,吉野 光樹,3,救援,,26,4,1,3,0,0,0,0,0,0.00
20260402_T-DB_03,2026-04-02,木,セ・リーグ公式戦,ビジター,横浜DeNAベイスターズ,阪神タイガース,坂本 裕哉,4,救援,,15,4,1,3,1,0,0,0,0,0.00
20260402_S-C_02,2026-04-02,木,セ・リーグ公式戦,ビジター,広島東洋カープ,東京ヤクルトスワローズ,岡本 駿,1,先発,,101,26,7,21,4,0,0,0,0,0.00
20260402_S-C_02,2026-04-02,木,セ・リーグ公式戦,ビジター,広島東洋カープ,東京ヤクルトスワローズ,Ｔ．ハーン,2,救援,H,14,3,1,3,2,0,0,0,0,0.00
20260402_S-C_02,2026-04-02,木,セ・リーグ公式戦,ビジター,広島東洋カープ,東京ヤクルトスワローズ,森浦 大輔,3,救援,敗,24,5,0.2,2,0,0,0,2,2,27.00
20260402_T-DB_03,2026-04-02,木,セ・リーグ公式戦,ホーム,阪神タイガース,横浜DeNAベイスターズ,伊原 陵人,1,先発,勝,87,18,5,15,3,0,0,1,1,1.80
20260402_T-DB_03,2026-04-02,木,セ・リーグ公式戦,ホーム,阪神タイガース,横浜DeNAベイスターズ,Ｒ．ドリス,2,救援,H,19,6,1,3,1,0,0,1,1,9.00
20260402_T-DB_03,2026-04-02,木,セ・リーグ公式戦,ホーム,阪神タイガース,横浜DeNAベイスターズ,Ｄ．モレッタ,3,救援,H,8,3,1,3,0,0,0,0,0,0.00
20260402_T-DB_03,2026-04-02,木,セ・リーグ公式戦,ホーム,阪神タイガース,横浜DeNAベイスターズ,及川 雅貴,4,救援,H,25,5,1,3,0,0,0,1,1,9.00
20260402_T-DB_03,2026-04-02,木,セ・リーグ公式戦,ホーム,阪神タイガース,横浜DeNAベイスターズ,岩崎 優,5,救援,S,16,4,1,3,0,0,0,0,0,0.00
20260402_L-B_03,2026-04-02,木,パ・リーグ公式戦,ホーム,埼玉西武ライオンズ,オリックス・バファローズ,菅井 信也,1,先発,敗,79,23,5.1,16,1,0,0,5,5,8.44
20260402_L-B_03,2026-04-02,木,パ・リーグ公式戦,ホーム,埼玉西武ライオンズ,オリックス・バファローズ,糸川 亮太,2,救援,,23,6,1.2,5,1,0,0,1,1,5.40
20260402_L-B_03,2026-04-02,木,パ・リーグ公式戦,ホーム,埼玉西武ライオンズ,オリックス・バファローズ,羽田 慎之介,3,救援,,27,7,1,3,1,0,0,1,0,0.00
20260402_L-B_03,2026-04-02,木,パ・リーグ公式戦,ホーム,埼玉西武ライオンズ,オリックス・バファローズ,黒田 将矢,4,救援,,18,3,1,3,2,0,0,0,0,0.00
20260402_F-M_03,2026-04-02,木,パ・リーグ公式戦,ビジター,千葉ロッテマリーンズ,北海道日本ハムファイターズ,西野 勇士,1,先発,敗,109,27,6,18,6,0,0,6,6,9.00
20260402_F-M_03,2026-04-02,木,パ・リーグ公式戦,ビジター,千葉ロッテマリーンズ,北海道日本ハムファイターズ,宮﨑 颯,2,救援,,43,10,2,6,1,0,0,1,1,4.50
20260402_D-G_03,2026-04-02,木,セ・リーグ公式戦,ホーム,中日ドラゴンズ,読売ジャイアンツ,大野 雄大,1,先発,勝,111,31,9,27,6,0,0,1,0,0.00
20260402_S-C_02,2026-04-02,木,セ・リーグ公式戦,ホーム,東京ヤクルトスワローズ,広島東洋カープ,奥川 恭伸,1,先発,,91,23,7,21,5,0,0,1,1,1.29
20260402_S-C_02,2026-04-02,木,セ・リーグ公式戦,ホーム,東京ヤクルトスワローズ,広島東洋カープ,松本 健吾,2,救援,勝,44,8,2,6,4,0,0,0,0,0.00
20260402_E-H_03,2026-04-02,木,パ・リーグ公式戦,ホーム,東北楽天ゴールデンイーグルス,福岡ソフトバンクホークス,Ｊ．ウレーニャ,1,先発,,102,24,5,15,5,0,0,2,2,3.60
20260402_E-H_03,2026-04-02,木,パ・リーグ公式戦,ホーム,東北楽天ゴールデンイーグルス,福岡ソフトバンクホークス,内 星龍,2,救援,H,13,3,1,3,2,0,0,0,0,0.00
20260402_E-H_03,2026-04-02,木,パ・リーグ公式戦,ホーム,東北楽天ゴールデンイーグルス,福岡ソフトバンクホークス,鈴木 翔天,3,救援,H,11,3,1,3,0,0,0,0,0,0.00
20260402_E-H_03,2026-04-02,木,パ・リーグ公式戦,ホーム,東北楽天ゴールデンイーグルス,福岡ソフトバンクホークス,西垣 雅矢,4,救援,勝,12,4,1,3,0,0,0,1,1,9.00
20260402_E-H_03,2026-04-02,木,パ・リーグ公式戦,ホーム,東北楽天ゴールデンイーグルス,福岡ソフトバンクホークス,藤平 尚真,5,救援,S,24,6,1,3,1,0,0,1,1,9.00
20260402_D-G_03,2026-04-02,木,セ・リーグ公式戦,ビジター,読売ジャイアンツ,中日ドラゴンズ,則本 昂大,1,先発,敗,85,23,7,21,5,0,0,2,2,2.57
20260402_D-G_03,2026-04-02,木,セ・リーグ公式戦,ビジター,読売ジャイアンツ,中日ドラゴンズ,田和 廉,2,救援,,14,4,1,3,1,0,0,0,0,0.00
20260402_E-H_03,2026-04-02,木,パ・リーグ公式戦,ビジター,福岡ソフトバンクホークス,東北楽天ゴールデンイーグルス,大津 亮介,1,先発,,91,29,7,21,1,0,0,3,3,3.86
20260402_E-H_03,2026-04-02,木,パ・リーグ公式戦,ビジター,福岡ソフトバンクホークス,東北楽天ゴールデンイーグルス,松本 裕樹,2,救援,敗,19,5,0.2,2,0,0,0,2,2,27.00
20260402_E-H_03,2026-04-02,木,パ・リーグ公式戦,ビジター,福岡ソフトバンクホークス,東北楽天ゴールデンイーグルス,大野 稼頭央,3,救援,,4,1,0.1,1,0,0,0,0,0,0.00
20260402_F-M_03,2026-04-02,木,パ・リーグ公式戦,ホーム,北海道日本ハムファイターズ,千葉ロッテマリーンズ,加藤 貴之,1,先発,勝,96,22,6,18,5,0,0,0,0,0.00
20260402_F-M_03,2026-04-02,木,パ・リーグ公式戦,ホーム,北海道日本ハムファイターズ,千葉ロッテマリーンズ,上原 健太,2,救援,,23,5,1,3,1,0,0,1,1,9.00
20260402_F-M_03,2026-04-02,木,パ・リーグ公式戦,ホーム,北海道日本ハムファイターズ,千葉ロッテマリーンズ,古林 睿煬,3,救援,,22,3,1,3,1,0,0,0,0,0.00
20260402_F-M_03,2026-04-02,木,パ・リーグ公式戦,ホーム,北海道日本ハムファイターズ,千葉ロッテマリーンズ,福谷 浩司,4,救援,,35,6,1,3,3,0,0,0,0,0.00
20260401_L-B_02,2026-04-01,水,パ・リーグ公式戦,ビジター,オリックス・バファローズ,埼玉西武ライオンズ,Ａ．エスピノーザ,1,先発,勝,110,33,9,27,7,0,0,0,0,0.00
20260401_T-DB_02,2026-04-01,水,セ・リーグ公式戦,ビジター,横浜DeNAベイスターズ,阪神タイガース,Ａ．コックス,1,先発,勝,86,22,6,18,7,0,0,1,1,1.50
20260401_T-DB_02,2026-04-01,水,セ・リーグ公式戦,ビジター,横浜DeNAベイスターズ,阪神タイガース,伊勢 大夢,2,救援,H,24,6,1,3,1,0,0,0,0,0.00
20260401_T-DB_02,2026-04-01,水,セ・リーグ公式戦,ビジター,横浜DeNAベイスターズ,阪神タイガース,Ｓ．レイノルズ,3,救援,H,19,5,1,3,1,0,0,0,0,0.00
20260401_T-DB_02,2026-04-01,水,セ・リーグ公式戦,ビジター,横浜DeNAベイスターズ,阪神タイガース,山﨑 康晃,4,救援,S,17,3,1,3,1,0,0,0,0,0.00
20260401_T-DB_02,2026-04-01,水,セ・リーグ公式戦,ホーム,阪神タイガース,横浜DeNAベイスターズ,Ｅ．ルーカス,1,先発,敗,106,22,4.2,14,6,0,0,4,4,7.71
20260401_T-DB_02,2026-04-01,水,セ・リーグ公式戦,ホーム,阪神タイガース,横浜DeNAベイスターズ,木下 里都,2,救援,,3,1,0.1,1,0,0,0,0,0,0.00
20260401_T-DB_02,2026-04-01,水,セ・リーグ公式戦,ホーム,阪神タイガース,横浜DeNAベイスターズ,石黒 佑弥,3,救援,,30,7,2,6,4,0,0,0,0,0.00
20260401_T-DB_02,2026-04-01,水,セ・リーグ公式戦,ホーム,阪神タイガース,横浜DeNAベイスターズ,湯浅 京己,4,救援,,16,3,1,3,1,0,0,0,0,0.00
20260401_T-DB_02,2026-04-01,水,セ・リーグ公式戦,ホーム,阪神タイガース,横浜DeNAベイスターズ,Ｄ．モレッタ,5,救援,,18,3,1,3,3,0,0,0,0,0.00
20260401_L-B_02,2026-04-01,水,パ・リーグ公式戦,ホーム,埼玉西武ライオンズ,オリックス・バファローズ,髙橋 光成,1,先発,敗,99,26,6,18,4,0,0,4,0,0.00
20260401_L-B_02,2026-04-01,水,パ・リーグ公式戦,ホーム,埼玉西武ライオンズ,オリックス・バファローズ,浜屋 将太,2,救援,,9,3,1,3,0,0,0,0,0,0.00
20260401_L-B_02,2026-04-01,水,パ・リーグ公式戦,ホーム,埼玉西武ライオンズ,オリックス・バファローズ,冨士 大和,3,救援,,40,9,2,6,3,0,0,0,0,0.00
20260401_F-M_02,2026-04-01,水,パ・リーグ公式戦,ビジター,千葉ロッテマリーンズ,北海道日本ハムファイターズ,Ａ．ジャクソン,1,先発,勝,89,19,5,15,5,0,0,0,0,0.00
20260401_F-M_02,2026-04-01,水,パ・リーグ公式戦,ビジター,千葉ロッテマリーンズ,北海道日本ハムファイターズ,高野 脩汰,2,救援,,26,5,1,3,2,0,0,2,2,18.00
20260401_F-M_02,2026-04-01,水,パ・リーグ公式戦,ビジター,千葉ロッテマリーンズ,北海道日本ハムファイターズ,Ｓ．ロング,3,救援,H,20,3,1,3,1,0,0,0,0,0.00
20260401_F-M_02,2026-04-01,水,パ・リーグ公式戦,ビジター,千葉ロッテマリーンズ,北海道日本ハムファイターズ,鈴木 昭汰,4,救援,H,21,6,1,3,3,0,0,0,0,0.00
20260401_F-M_02,2026-04-01,水,パ・リーグ公式戦,ビジター,千葉ロッテマリーンズ,北海道日本ハムファイターズ,横山 陸人,5,救援,S,7,3,1,3,0,0,0,0,0,0.00
20260401_D-G_02,2026-04-01,水,セ・リーグ公式戦,ホーム,中日ドラゴンズ,読売ジャイアンツ,中西 聖輝,1,先発,敗,99,25,5.1,16,6,0,0,4,4,6.75
20260401_D-G_02,2026-04-01,水,セ・リーグ公式戦,ホーム,中日ドラゴンズ,読売ジャイアンツ,近藤 廉,2,救援,,5,1,0.2,2,0,0,0,0,0,0.00
20260401_D-G_02,2026-04-01,水,セ・リーグ公式戦,ホーム,中日ドラゴンズ,読売ジャイアンツ,梅野 雄吾,3,救援,,21,6,1,3,2,0,0,2,2,18.00
20260401_D-G_02,2026-04-01,水,セ・リーグ公式戦,ホーム,中日ドラゴンズ,読売ジャイアンツ,橋本 侑樹,4,救援,,17,5,1,3,1,0,0,0,0,0.00
20260401_D-G_02,2026-04-01,水,セ・リーグ公式戦,ホーム,中日ドラゴンズ,読売ジャイアンツ,勝野 昌慶,5,救援,,14,3,1,3,3,0,0,0,0,0.00
20260401_E-H_02,2026-04-01,水,パ・リーグ公式戦,ホーム,東北楽天ゴールデンイーグルス,福岡ソフトバンクホークス,古謝 樹,1,先発,敗,95,27,5.1,16,4,0,0,5,5,8.44
20260401_E-H_02,2026-04-01,水,パ・リーグ公式戦,ホーム,東北楽天ゴールデンイーグルス,福岡ソフトバンクホークス,宋 家豪,2,救援,,8,3,0.2,2,0,0,0,1,1,13.50
20260401_E-H_02,2026-04-01,水,パ・リーグ公式戦,ホーム,東北楽天ゴールデンイーグルス,福岡ソフトバンクホークス,田中 千晴,3,救援,,13,4,1,3,2,0,0,0,0,0.00
20260401_E-H_02,2026-04-01,水,パ・リーグ公式戦,ホーム,東北楽天ゴールデンイーグルス,福岡ソフトバンクホークス,九谷 瑠,4,救援,,42,8,2,6,1,0,0,0,0,0.00
20260401_D-G_02,2026-04-01,水,セ・リーグ公式戦,ビジター,読売ジャイアンツ,中日ドラゴンズ,田中 将大,1,先発,勝,94,24,5.2,17,4,0,0,2,2,3.18
20260401_D-G_02,2026-04-01,水,セ・リーグ公式戦,ビジター,読売ジャイアンツ,中日ドラゴンズ,赤星 優志,2,救援,H,4,1,0.1,1,0,0,0,0,0,0.00
20260401_D-G_02,2026-04-01,水,セ・リーグ公式戦,ビジター,読売ジャイアンツ,中日ドラゴンズ,北浦 竜次,3,救援,,20,5,0.2,2,0,0,0,3,3,40.50
20260401_D-G_02,2026-04-01,水,セ・リーグ公式戦,ビジター,読売ジャイアンツ,中日ドラゴンズ,Ｅ．ルシアーノ,4,救援,H,6,1,0.1,1,0,0,0,0,0,0.00
20260401_D-G_02,2026-04-01,水,セ・リーグ公式戦,ビジター,読売ジャイアンツ,中日ドラゴンズ,田中 瑛斗,5,救援,H,8,3,1,3,1,0,0,0,0,0.00
20260401_D-G_02,2026-04-01,水,セ・リーグ公式戦,ビジター,読売ジャイアンツ,中日ドラゴンズ,大勢,6,救援,S,15,3,1,3,2,0,0,0,0,0.00
20260401_E-H_02,2026-04-01,水,パ・リーグ公式戦,ビジター,福岡ソフトバンクホークス,東北楽天ゴールデンイーグルス,徐 若熙,1,先発,勝,86,20,6,18,6,0,0,0,0,0.00
20260401_E-H_02,2026-04-01,水,パ・リーグ公式戦,ビジター,福岡ソフトバンクホークス,東北楽天ゴールデンイーグルス,木村 光,2,救援,,10,3,1,3,1,0,0,0,0,0.00
20260401_E-H_02,2026-04-01,水,パ・リーグ公式戦,ビジター,福岡ソフトバンクホークス,東北楽天ゴールデンイーグルス,伊藤 優輔,3,救援,,20,5,1,3,2,0,0,0,0,0.00
20260401_E-H_02,2026-04-01,水,パ・リーグ公式戦,ビジター,福岡ソフトバンクホークス,東北楽天ゴールデンイーグルス,稲川 竜汰,4,救援,,20,4,0.2,2,0,2,0,1,1,13.50
20260401_E-H_02,2026-04-01,水,パ・リーグ公式戦,ビジター,福岡ソフトバンクホークス,東北楽天ゴールデンイーグルス,上茶谷 大河,5,救援,,2,1,0.1,1,0,0,0,0,0,0.00
20260401_F-M_02,2026-04-01,水,パ・リーグ公式戦,ホーム,北海道日本ハムファイターズ,千葉ロッテマリーンズ,北山 亘基,1,先発,敗,100,22,5.2,17,6,0,1,4,4,6.35
20260401_F-M_02,2026-04-01,水,パ・リーグ公式戦,ホーム,北海道日本ハムファイターズ,千葉ロッテマリーンズ,山﨑 福也,2,救援,,5,2,0.1,1,0,0,0,0,0,0.00
20260401_F-M_02,2026-04-01,水,パ・リーグ公式戦,ホーム,北海道日本ハムファイターズ,千葉ロッテマリーンズ,池田 隆英,3,救援,,20,3,0.2,2,1,0,0,0,0,0.00
20260401_F-M_02,2026-04-01,水,パ・リーグ公式戦,ホーム,北海道日本ハムファイターズ,千葉ロッテマリーンズ,島本 浩也,4,救援,,13,3,0.1,1,0,0,0,0,0,0.00
20260401_F-M_02,2026-04-01,水,パ・リーグ公式戦,ホーム,北海道日本ハムファイターズ,千葉ロッテマリーンズ,田中 正義,5,救援,,7,3,1,3,1,0,0,0,0,0.00
20260401_F-M_02,2026-04-01,水,パ・リーグ公式戦,ホーム,北海道日本ハムファイターズ,千葉ロッテマリーンズ,柳川 大晟,6,救援,,12,3,1,3,2,0,0,0,0,0.00
20260331_L-B_01,2026-03-31,火,パ・リーグ公式戦,ビジター,オリックス・バファローズ,埼玉西武ライオンズ,髙島 泰都,1,先発,,76,19,4,12,2,0,1,3,3,6.75
20260331_L-B_01,2026-03-31,火,パ・リーグ公式戦,ビジター,オリックス・バファローズ,埼玉西武ライオンズ,山﨑 颯一郎,2,救援,H,12,3,1,3,2,0,0,0,0,0.00
20260331_L-B_01,2026-03-31,火,パ・リーグ公式戦,ビジター,オリックス・バファローズ,埼玉西武ライオンズ,古田島 成龍,3,救援,H,19,3,1,3,2,0,0,0,0,0.00
20260331_L-B_01,2026-03-31,火,パ・リーグ公式戦,ビジター,オリックス・バファローズ,埼玉西武ライオンズ,椋木 蓮,4,救援,H,10,3,1,3,0,0,0,0,0,0.00
20260331_L-B_01,2026-03-31,火,パ・リーグ公式戦,ビジター,オリックス・バファローズ,埼玉西武ライオンズ,Ｌ．ペルドモ,5,救援,敗,14,4,0.1,1,1,0,0,2,2,54.00
20260331_L-B_01,2026-03-31,火,パ・リーグ公式戦,ビジター,オリックス・バファローズ,埼玉西武ライオンズ,東松 快征,6,救援,,14,3,0.2,2,1,0,0,0,0,0.00
20260331_T-DB_01,2026-03-31,火,セ・リーグ公式戦,ビジター,横浜DeNAベイスターズ,阪神タイガース,Ｊ．デュプランティエ,1,先発,敗,84,21,5,15,4,0,0,2,2,3.60
20260331_T-DB_01,2026-03-31,火,セ・リーグ公式戦,ビジター,横浜DeNAベイスターズ,阪神タイガース,坂本 裕哉,2,救援,,18,6,1,3,0,0,0,2,2,18.00
20260331_T-DB_01,2026-03-31,火,セ・リーグ公式戦,ビジター,横浜DeNAベイスターズ,阪神タイガース,Ｈ．マルセリーノ,3,救援,,16,4,1,3,1,0,0,0,0,0.00
20260331_T-DB_01,2026-03-31,火,セ・リーグ公式戦,ビジター,横浜DeNAベイスターズ,阪神タイガース,橋本 達弥,4,救援,,22,5,1,3,1,0,0,0,0,0.00
20260331_S-C_01,2026-03-31,火,セ・リーグ公式戦,ビジター,広島東洋カープ,東京ヤクルトスワローズ,森下 暢仁,1,先発,敗,70,18,4,12,5,0,0,3,2,4.50
20260331_S-C_01,2026-03-31,火,セ・リーグ公式戦,ビジター,広島東洋カープ,東京ヤクルトスワローズ,鈴木 健矢,2,救援,,22,8,1,3,1,0,0,3,3,27.00
20260331_S-C_01,2026-03-31,火,セ・リーグ公式戦,ビジター,広島東洋カープ,東京ヤクルトスワローズ,辻 大雅,3,救援,,20,4,1,3,0,0,0,0,0,0.00
20260331_S-C_01,2026-03-31,火,セ・リーグ公式戦,ビジター,広島東洋カープ,東京ヤクルトスワローズ,島内 颯太郎,4,救援,,18,5,1,3,1,0,0,0,0,0.00
20260331_S-C_01,2026-03-31,火,セ・リーグ公式戦,ビジター,広島東洋カープ,東京ヤクルトスワローズ,益田 武尚,5,救援,,29,8,1,3,1,0,0,2,2,18.00
20260331_T-DB_01,2026-03-31,火,セ・リーグ公式戦,ホーム,阪神タイガース,横浜DeNAベイスターズ,才木 浩人,1,先発,勝,111,24,6,18,5,0,0,1,1,1.50
20260331_T-DB_01,2026-03-31,火,セ・リーグ公式戦,ホーム,阪神タイガース,横浜DeNAベイスターズ,桐敷 拓馬,2,救援,H,18,5,1,3,0,0,0,0,0,0.00
20260331_T-DB_01,2026-03-31,火,セ・リーグ公式戦,ホーム,阪神タイガース,横浜DeNAベイスターズ,Ｒ．ドリス,3,救援,H,20,5,1,3,2,1,0,0,0,0.00
20260331_T-DB_01,2026-03-31,火,セ・リーグ公式戦,ホーム,阪神タイガース,横浜DeNAベイスターズ,岩崎 優,4,救援,S,20,5,1,3,2,0,0,0,0,0.00
20260331_L-B_01,2026-03-31,火,パ・リーグ公式戦,ホーム,埼玉西武ライオンズ,オリックス・バファローズ,隅田 知一郎,1,先発,,109,24,5,15,4,0,0,3,3,5.40
20260331_L-B_01,2026-03-31,火,パ・リーグ公式戦,ホーム,埼玉西武ライオンズ,オリックス・バファローズ,篠原 響,2,救援,H,12,3,1,3,2,0,0,0,0,0.00
20260331_L-B_01,2026-03-31,火,パ・リーグ公式戦,ホーム,埼玉西武ライオンズ,オリックス・バファローズ,甲斐野 央,3,救援,H,16,3,1,3,1,0,0,0,0,0.00
20260331_L-B_01,2026-03-31,火,パ・リーグ公式戦,ホーム,埼玉西武ライオンズ,オリックス・バファローズ,Ｅ．ラミレス,4,救援,勝,16,4,1,3,0,0,0,0,0,0.00
20260331_L-B_01,2026-03-31,火,パ・リーグ公式戦,ホーム,埼玉西武ライオンズ,オリックス・バファローズ,岩城 颯空,5,救援,S,15,5,1,3,1,0,0,0,0,0.00
20260331_F-M_01,2026-03-31,火,パ・リーグ公式戦,ビジター,千葉ロッテマリーンズ,北海道日本ハムファイターズ,木村 優人,1,先発,敗,103,27,6,18,4,0,0,7,6,9.00
20260331_F-M_01,2026-03-31,火,パ・リーグ公式戦,ビジター,千葉ロッテマリーンズ,北海道日本ハムファイターズ,廣畑 敦也,2,救援,,36,9,2,6,2,0,0,2,2,9.00
20260331_D-G_01,2026-03-31,火,セ・リーグ公式戦,ホーム,中日ドラゴンズ,読売ジャイアンツ,金丸 夢斗,1,先発,,101,23,6,18,7,0,0,2,2,3.00
20260331_D-G_01,2026-03-31,火,セ・リーグ公式戦,ホーム,中日ドラゴンズ,読売ジャイアンツ,橋本 侑樹,2,救援,H,18,4,1,3,1,0,0,0,0,0.00
20260331_D-G_01,2026-03-31,火,セ・リーグ公式戦,ホーム,中日ドラゴンズ,読売ジャイアンツ,Ｈ．メヒア,3,救援,H,6,3,1,3,0,0,0,0,0,0.00
20260331_D-G_01,2026-03-31,火,セ・リーグ公式戦,ホーム,中日ドラゴンズ,読売ジャイアンツ,藤嶋 健人,4,救援,敗,26,6,1,3,0,0,0,3,3,27.00
20260331_S-C_01,2026-03-31,火,セ・リーグ公式戦,ホーム,東京ヤクルトスワローズ,広島東洋カープ,小川 泰弘,1,先発,勝,87,24,5.2,17,2,0,0,3,3,4.76
20260331_S-C_01,2026-03-31,火,セ・リーグ公式戦,ホーム,東京ヤクルトスワローズ,広島東洋カープ,清水 昇,2,救援,,3,2,0.1,1,0,0,0,0,0,0.00
20260331_S-C_01,2026-03-31,火,セ・リーグ公式戦,ホーム,東京ヤクルトスワローズ,広島東洋カープ,Ｊ．リランソ,3,救援,,13,4,0.2,2,2,0,0,0,0,0.00
20260331_S-C_01,2026-03-31,火,セ・リーグ公式戦,ホーム,東京ヤクルトスワローズ,広島東洋カープ,大西 広樹,4,救援,H,5,1,0.1,1,0,1,0,0,0,0.00
20260331_S-C_01,2026-03-31,火,セ・リーグ公式戦,ホーム,東京ヤクルトスワローズ,広島東洋カープ,星 知弥,5,救援,H,16,4,1,3,2,0,0,0,0,0.00
20260331_S-C_01,2026-03-31,火,セ・リーグ公式戦,ホーム,東京ヤクルトスワローズ,広島東洋カープ,廣澤 優,6,救援,,13,3,1,3,1,0,0,0,0,0.00
20260331_E-H_01,2026-03-31,火,パ・リーグ公式戦,ホーム,東北楽天ゴールデンイーグルス,福岡ソフトバンクホークス,前田 健太,1,先発,敗,83,21,4+,12,4,0,0,2,2,4.50
20260331_E-H_01,2026-03-31,火,パ・リーグ公式戦,ホーム,東北楽天ゴールデンイーグルス,福岡ソフトバンクホークス,加治屋 蓮,2,救援,,8,3,1,3,0,0,0,0,0,0.00
20260331_E-H_01,2026-03-31,火,パ・リーグ公式戦,ホーム,東北楽天ゴールデンイーグルス,福岡ソフトバンクホークス,内 星龍,3,救援,,15,4,1,3,1,0,0,0,0,0.00
20260331_E-H_01,2026-03-31,火,パ・リーグ公式戦,ホーム,東北楽天ゴールデンイーグルス,福岡ソフトバンクホークス,田中 千晴,4,救援,,10,3,1,3,2,0,0,0,0,0.00
20260331_E-H_01,2026-03-31,火,パ・リーグ公式戦,ホーム,東北楽天ゴールデンイーグルス,福岡ソフトバンクホークス,津留﨑 大成,5,救援,,24,7,1,3,0,1,0,1,1,9.00
20260331_E-H_01,2026-03-31,火,パ・リーグ公式戦,ホーム,東北楽天ゴールデンイーグルス,福岡ソフトバンクホークス,九谷 瑠,6,救援,,23,5,1,3,1,0,0,1,1,9.00
20260331_D-G_01,2026-03-31,火,セ・リーグ公式戦,ビジター,読売ジャイアンツ,中日ドラゴンズ,Ｆ．ウィットリー,1,先発,,66,20,5,15,4,0,0,2,2,3.60
20260331_D-G_01,2026-03-31,火,セ・リーグ公式戦,ビジター,読売ジャイアンツ,中日ドラゴンズ,Ｅ．ルシアーノ,2,救援,H,8,3,1,3,1,0,0,0,0,0.00
20260331_D-G_01,2026-03-31,火,セ・リーグ公式戦,ビジター,読売ジャイアンツ,中日ドラゴンズ,船迫 大雅,3,救援,H,21,5,1,3,0,0,0,0,0,0.00
20260331_D-G_01,2026-03-31,火,セ・リーグ公式戦,ビジター,読売ジャイアンツ,中日ドラゴンズ,田中 瑛斗,4,救援,勝,13,3,1,3,0,0,0,0,0,0.00
20260331_D-G_01,2026-03-31,火,セ・リーグ公式戦,ビジター,読売ジャイアンツ,中日ドラゴンズ,大勢,5,救援,S,14,3,1,3,1,0,0,0,0,0.00
20260331_E-H_01,2026-03-31,火,パ・リーグ公式戦,ビジター,福岡ソフトバンクホークス,東北楽天ゴールデンイーグルス,大関 友久,1,先発,勝,103,26,6,18,4,0,0,1,1,1.50
20260331_E-H_01,2026-03-31,火,パ・リーグ公式戦,ビジター,福岡ソフトバンクホークス,東北楽天ゴールデンイーグルス,Ｄ．ヘルナンデス,2,救援,H,23,5,1,3,2,0,0,0,0,0.00
20260331_E-H_01,2026-03-31,火,パ・リーグ公式戦,ビジター,福岡ソフトバンクホークス,東北楽天ゴールデンイーグルス,松本 裕樹,3,救援,H,18,6,1,3,1,0,0,1,1,9.00
20260331_E-H_01,2026-03-31,火,パ・リーグ公式戦,ビジター,福岡ソフトバンクホークス,東北楽天ゴールデンイーグルス,杉山 一樹,4,救援,S,20,4,1,3,3,0,0,0,0,0.00
20260331_F-M_01,2026-03-31,火,パ・リーグ公式戦,ホーム,北海道日本ハムファイターズ,千葉ロッテマリーンズ,細野 晴希,1,先発,勝,128,29,9,27,12,0,0,0,0,0.00
20260329_B-E_03,2026-03-29,日,パ・リーグ公式戦,ホーム,オリックス・バファローズ,東北楽天ゴールデンイーグルス,田嶋 大樹,1,先発,,19,6,1,3,0,0,0,2,2,18.00
20260329_B-E_03,2026-03-29,日,パ・リーグ公式戦,ホーム,オリックス・バファローズ,東北楽天ゴールデンイーグルス,横山 楓,2,救援,H,17,5,1,3,2,0,0,0,0,0.00
20260329_B-E_03,2026-03-29,日,パ・リーグ公式戦,ホーム,オリックス・バファローズ,東北楽天ゴールデンイーグルス,山﨑 颯一郎,3,救援,勝,26,6,2,6,2,0,0,0,0,0.00
20260329_B-E_03,2026-03-29,日,パ・リーグ公式戦,ホーム,オリックス・バファローズ,東北楽天ゴールデンイーグルス,平野 佳寿,4,救援,H,16,4,1,3,1,0,0,1,1,9.00
20260329_B-E_03,2026-03-29,日,パ・リーグ公式戦,ホーム,オリックス・バファローズ,東北楽天ゴールデンイーグルス,古田島 成龍,5,救援,H,22,5,1,3,1,1,0,1,1,9.00
20260329_B-E_03,2026-03-29,日,パ・リーグ公式戦,ホーム,オリックス・バファローズ,東北楽天ゴールデンイーグルス,Ｌ．ペルドモ,6,救援,H,7,3,1,3,1,0,0,0,0,0.00
20260329_B-E_03,2026-03-29,日,パ・リーグ公式戦,ホーム,オリックス・バファローズ,東北楽天ゴールデンイーグルス,椋木 蓮,7,救援,H,14,3,1,3,1,0,0,0,0,0.00
20260329_B-E_03,2026-03-29,日,パ・リーグ公式戦,ホーム,オリックス・バファローズ,東北楽天ゴールデンイーグルス,Ａ．マチャド,8,救援,S,11,4,1,3,0,0,0,0,0,0.00
20260329_DB-S_03,2026-03-29,日,セ・リーグ公式戦,ホーム,横浜DeNAベイスターズ,東京ヤクルトスワローズ,石田 裕太郎,1,先発,敗,103,29,7+,21,9,0,0,4,4,5.14
20260329_DB-S_03,2026-03-29,日,セ・リーグ公式戦,ホーム,横浜DeNAベイスターズ,東京ヤクルトスワローズ,Ｓ．レイノルズ,2,救援,,23,5,1,3,0,0,0,1,0,0.00
20260329_DB-S_03,2026-03-29,日,セ・リーグ公式戦,ホーム,横浜DeNAベイスターズ,東京ヤクルトスワローズ,伊勢 大夢,3,救援,,13,3,1,3,1,0,0,0,0,0.00
20260329_C-D_03,2026-03-29,日,セ・リーグ公式戦,ホーム,広島東洋カープ,中日ドラゴンズ,栗林 良吏,1,先発,勝,95,28,9,27,9,0,0,0,0,0.00
20260329_G-T_03,2026-03-29,日,セ・リーグ公式戦,ビジター,阪神タイガース,読売ジャイアンツ,伊藤 将司,1,先発,,39,13,2.1,7,1,0,0,3,3,11.57
20260329_G-T_03,2026-03-29,日,セ・リーグ公式戦,ビジター,阪神タイガース,読売ジャイアンツ,早川 太貴,2,救援,H,36,6,1.2,5,2,0,0,0,0,0.00
20260329_G-T_03,2026-03-29,日,セ・リーグ公式戦,ビジター,阪神タイガース,読売ジャイアンツ,湯浅 京己,3,救援,,19,5,1,3,1,0,0,2,2,18.00
20260329_G-T_03,2026-03-29,日,セ・リーグ公式戦,ビジター,阪神タイガース,読売ジャイアンツ,Ｒ．ドリス,4,救援,H,17,3,1,3,0,0,0,0,0,0.00
20260329_G-T_03,2026-03-29,日,セ・リーグ公式戦,ビジター,阪神タイガース,読売ジャイアンツ,及川 雅貴,5,救援,勝,15,4,1,3,1,0,0,1,1,9.00
20260329_G-T_03,2026-03-29,日,セ・リーグ公式戦,ビジター,阪神タイガース,読売ジャイアンツ,Ｄ．モレッタ,6,救援,H,23,5,1,3,1,0,0,0,0,0.00
20260329_G-T_03,2026-03-29,日,セ・リーグ公式戦,ビジター,阪神タイガース,読売ジャイアンツ,岩崎 優,7,救援,,15,4,1,3,1,0,0,0,0,0.00
20260329_M-L_03,2026-03-29,日,パ・リーグ公式戦,ビジター,埼玉西武ライオンズ,千葉ロッテマリーンズ,平良 海馬,1,先発,勝,119,35,9,27,5,0,0,0,0,0.00
20260329_M-L_03,2026-03-29,日,パ・リーグ公式戦,ホーム,千葉ロッテマリーンズ,埼玉西武ライオンズ,小島 和哉,1,先発,敗,59,19,4,12,3,1,0,1,1,2.25
20260329_M-L_03,2026-03-29,日,パ・リーグ公式戦,ホーム,千葉ロッテマリーンズ,埼玉西武ライオンズ,廣池 康志郎,2,救援,,31,10,1.2,5,1,0,0,1,0,0.00
20260329_M-L_03,2026-03-29,日,パ・リーグ公式戦,ホーム,千葉ロッテマリーンズ,埼玉西武ライオンズ,高野 脩汰,3,救援,,2,1,0.1,1,0,0,0,0,0,0.00
20260329_M-L_03,2026-03-29,日,パ・リーグ公式戦,ホーム,千葉ロッテマリーンズ,埼玉西武ライオンズ,Ｓ．ロング,4,救援,,16,4,1,3,1,0,0,0,0,0.00
20260329_M-L_03,2026-03-29,日,パ・リーグ公式戦,ホーム,千葉ロッテマリーンズ,埼玉西武ライオンズ,澤田 圭佑,5,救援,,13,3,1,3,1,0,0,0,0,0.00
20260329_M-L_03,2026-03-29,日,パ・リーグ公式戦,ホーム,千葉ロッテマリーンズ,埼玉西武ライオンズ,益田 直也,6,救援,,18,7,1,3,0,0,0,2,2,18.00
20260329_C-D_03,2026-03-29,日,セ・リーグ公式戦,ビジター,中日ドラゴンズ,広島東洋カープ,髙橋 宏斗,1,先発,敗,104,31,8,24,9,0,0,1,0,0.00
20260329_DB-S_03,2026-03-29,日,セ・リーグ公式戦,ビジター,東京ヤクルトスワローズ,横浜DeNAベイスターズ,高梨 裕稔,1,先発,,96,25,6,18,6,0,0,1,1,1.50
20260329_DB-S_03,2026-03-29,日,セ・リーグ公式戦,ビジター,東京ヤクルトスワローズ,横浜DeNAベイスターズ,荘司 宏太,2,救援,勝,24,6,1,3,1,0,0,1,1,9.00
20260329_DB-S_03,2026-03-29,日,セ・リーグ公式戦,ビジター,東京ヤクルトスワローズ,横浜DeNAベイスターズ,木澤 尚文,3,救援,H,23,5,1,3,1,0,0,0,0,0.00
20260329_DB-S_03,2026-03-29,日,セ・リーグ公式戦,ビジター,東京ヤクルトスワローズ,横浜DeNAベイスターズ,星 知弥,4,救援,S,18,6,1,3,1,0,0,1,1,9.00
20260329_B-E_03,2026-03-29,日,パ・リーグ公式戦,ビジター,東北楽天ゴールデンイーグルス,オリックス・バファローズ,藤原 聡大,1,先発,敗,47,16,3,9,1,0,1,4,3,9.00
20260329_B-E_03,2026-03-29,日,パ・リーグ公式戦,ビジター,東北楽天ゴールデンイーグルス,オリックス・バファローズ,津留﨑 大成,2,救援,,16,4,1,3,1,0,0,1,1,9.00
20260329_B-E_03,2026-03-29,日,パ・リーグ公式戦,ビジター,東北楽天ゴールデンイーグルス,オリックス・バファローズ,宋 家豪,3,救援,,23,4,1,3,1,0,0,0,0,0.00
20260329_B-E_03,2026-03-29,日,パ・リーグ公式戦,ビジター,東北楽天ゴールデンイーグルス,オリックス・バファローズ,西垣 雅矢,4,救援,,15,4,1,3,2,0,0,0,0,0.00
20260329_B-E_03,2026-03-29,日,パ・リーグ公式戦,ビジター,東北楽天ゴールデンイーグルス,オリックス・バファローズ,鈴木 翔天,5,救援,,13,5,1,3,0,0,0,0,0,0.00
20260329_B-E_03,2026-03-29,日,パ・リーグ公式戦,ビジター,東北楽天ゴールデンイーグルス,オリックス・バファローズ,藤平 尚真,6,救援,,22,5,1,3,2,0,0,0,0,0.00
20260329_G-T_03,2026-03-29,日,セ・リーグ公式戦,ホーム,読売ジャイアンツ,阪神タイガース,山城 京平,1,先発,,67,13,2+,6,1,0,0,5,5,22.50
20260329_G-T_03,2026-03-29,日,セ・リーグ公式戦,ホーム,読売ジャイアンツ,阪神タイガース,赤星 優志,2,救援,,24,7,2,6,0,0,0,0,0,0.00
20260329_G-T_03,2026-03-29,日,セ・リーグ公式戦,ホーム,読売ジャイアンツ,阪神タイガース,泉 圭輔,3,救援,,15,4,1,3,0,0,0,0,0,0.00
20260329_G-T_03,2026-03-29,日,セ・リーグ公式戦,ホーム,読売ジャイアンツ,阪神タイガース,Ｅ．ルシアーノ,4,救援,H,15,3,1,3,0,0,0,0,0,0.00
20260329_G-T_03,2026-03-29,日,セ・リーグ公式戦,ホーム,読売ジャイアンツ,阪神タイガース,北浦 竜次,5,救援,,13,4,1+,3,0,0,0,1,1,9.00
20260329_G-T_03,2026-03-29,日,セ・リーグ公式戦,ホーム,読売ジャイアンツ,阪神タイガース,船迫 大雅,6,救援,敗,14,4,0.2,2,0,0,0,2,2,27.00
20260329_G-T_03,2026-03-29,日,セ・リーグ公式戦,ホーム,読売ジャイアンツ,阪神タイガース,中川 皓太,7,救援,,8,2,0.1,1,0,0,0,0,0,0.00
20260329_G-T_03,2026-03-29,日,セ・リーグ公式戦,ホーム,読売ジャイアンツ,阪神タイガース,石川 達也,8,救援,,35,8,1,3,1,0,0,4,4,36.00
20260329_H-F_03,2026-03-29,日,パ・リーグ公式戦,ホーム,福岡ソフトバンクホークス,北海道日本ハムファイターズ,Ｃ．スチュワート・ジュニア,1,先発,勝,92,23,5,15,6,1,0,3,3,5.40
20260329_H-F_03,2026-03-29,日,パ・リーグ公式戦,ホーム,福岡ソフトバンクホークス,北海道日本ハムファイターズ,上茶谷 大河,2,救援,H,45,11,3,9,4,0,0,1,1,3.00
20260329_H-F_03,2026-03-29,日,パ・リーグ公式戦,ホーム,福岡ソフトバンクホークス,北海道日本ハムファイターズ,松本 裕樹,3,救援,,10,3,1,3,2,0,0,0,0,0.00
20260329_H-F_03,2026-03-29,日,パ・リーグ公式戦,ビジター,北海道日本ハムファイターズ,福岡ソフトバンクホークス,有原 航平,1,先発,敗,112,30,6,18,5,1,0,7,5,7.50
20260329_H-F_03,2026-03-29,日,パ・リーグ公式戦,ビジター,北海道日本ハムファイターズ,福岡ソフトバンクホークス,山﨑 福也,2,救援,,15,5,1,3,1,0,0,0,0,0.00
20260329_H-F_03,2026-03-29,日,パ・リーグ公式戦,ビジター,北海道日本ハムファイターズ,福岡ソフトバンクホークス,山本 拓実,3,救援,,21,5,1,3,1,0,0,1,1,9.00
20260328_B-E_02,2026-03-28,土,パ・リーグ公式戦,ホーム,オリックス・バファローズ,東北楽天ゴールデンイーグルス,九里 亜蓮,1,先発,勝,132,31,9,27,12,0,0,0,0,0.00
20260328_DB-S_02,2026-03-28,土,セ・リーグ公式戦,ホーム,横浜DeNAベイスターズ,東京ヤクルトスワローズ,入江 大生,1,先発,敗,85,20,4,12,6,0,0,4,4,9.00
20260328_DB-S_02,2026-03-28,土,セ・リーグ公式戦,ホーム,横浜DeNAベイスターズ,東京ヤクルトスワローズ,Ｈ．マルセリーノ,2,救援,,15,3,1,3,1,0,0,0,0,0.00
20260328_DB-S_02,2026-03-28,土,セ・リーグ公式戦,ホーム,横浜DeNAベイスターズ,東京ヤクルトスワローズ,吉野 光樹,3,救援,,31,9,2,6,2,1,0,1,1,4.50
20260328_DB-S_02,2026-03-28,土,セ・リーグ公式戦,ホーム,横浜DeNAベイスターズ,東京ヤクルトスワローズ,Ｊ．ルイーズ,4,救援,,12,3,1,3,1,0,0,0,0,0.00
20260328_DB-S_02,2026-03-28,土,セ・リーグ公式戦,ホーム,横浜DeNAベイスターズ,東京ヤクルトスワローズ,中川 颯,5,救援,,14,5,1,3,0,0,0,0,0,0.00
20260328_C-D_02,2026-03-28,土,セ・リーグ公式戦,ホーム,広島東洋カープ,中日ドラゴンズ,Ｆ．ターノック,1,先発,,94,25,7,21,7,0,0,0,0,0.00
20260328_C-D_02,2026-03-28,土,セ・リーグ公式戦,ホーム,広島東洋カープ,中日ドラゴンズ,島内 颯太郎,2,救援,,17,4,0.2,2,1,0,0,1,1,13.50
20260328_C-D_02,2026-03-28,土,セ・リーグ公式戦,ホーム,広島東洋カープ,中日ドラゴンズ,Ｔ．ハーン,3,救援,勝,6,1,0.1,1,0,0,0,0,0,0.00
20260328_C-D_02,2026-03-28,土,セ・リーグ公式戦,ホーム,広島東洋カープ,中日ドラゴンズ,森浦 大輔,4,救援,S,16,4,1,3,1,0,0,0,0,0.00
20260328_G-T_02,2026-03-28,土,セ・リーグ公式戦,ビジター,阪神タイガース,読売ジャイアンツ,髙橋 遥人,1,先発,勝,112,32,9,27,6,0,0,0,0,0.00
20260328_M-L_02,2026-03-28,土,パ・リーグ公式戦,ビジター,埼玉西武ライオンズ,千葉ロッテマリーンズ,武内 夏暉,1,先発,敗,88,22,5,15,2,0,0,4,4,7.20
20260328_M-L_02,2026-03-28,土,パ・リーグ公式戦,ビジター,埼玉西武ライオンズ,千葉ロッテマリーンズ,冨士 大和,2,救援,,28,5,0+,0,0,0,0,5,5,
20260328_M-L_02,2026-03-28,土,パ・リーグ公式戦,ビジター,埼玉西武ライオンズ,千葉ロッテマリーンズ,中村 祐太,3,救援,,29,7,1,3,2,0,0,2,1,9.00
20260328_M-L_02,2026-03-28,土,パ・リーグ公式戦,ビジター,埼玉西武ライオンズ,千葉ロッテマリーンズ,黒田 将矢,4,救援,,16,4,1,3,0,0,0,0,0,0.00
20260328_M-L_02,2026-03-28,土,パ・リーグ公式戦,ビジター,埼玉西武ライオンズ,千葉ロッテマリーンズ,浜屋 将太,5,救援,,18,4,1,3,2,0,0,0,0,0.00
20260328_M-L_02,2026-03-28,土,パ・リーグ公式戦,ホーム,千葉ロッテマリーンズ,埼玉西武ライオンズ,田中 晴也,1,先発,勝,98,25,6,18,5,0,0,0,0,0.00
20260328_M-L_02,2026-03-28,土,パ・リーグ公式戦,ホーム,千葉ロッテマリーンズ,埼玉西武ライオンズ,澤田 圭佑,2,救援,,9,3,1,3,1,0,0,0,0,0.00
20260328_M-L_02,2026-03-28,土,パ・リーグ公式戦,ホーム,千葉ロッテマリーンズ,埼玉西武ライオンズ,宮﨑 颯,3,救援,,9,3,1,3,0,0,0,0,0,0.00
20260328_M-L_02,2026-03-28,土,パ・リーグ公式戦,ホーム,千葉ロッテマリーンズ,埼玉西武ライオンズ,益田 直也,4,救援,,13,3,1,3,0,0,0,0,0,0.00
20260328_C-D_02,2026-03-28,土,セ・リーグ公式戦,ビジター,中日ドラゴンズ,広島東洋カープ,櫻井 頼之介,1,先発,,101,27,7,21,9,0,0,1,0,0.00
20260328_C-D_02,2026-03-28,土,セ・リーグ公式戦,ビジター,中日ドラゴンズ,広島東洋カープ,牧野 憲伸,2,救援,敗,30,6,1,3,0,0,0,1,1,9.00
20260328_DB-S_02,2026-03-28,土,セ・リーグ公式戦,ビジター,東京ヤクルトスワローズ,横浜DeNAベイスターズ,山野 太一,1,先発,勝,101,29,7,21,4,0,0,2,2,2.57
20260328_DB-S_02,2026-03-28,土,セ・リーグ公式戦,ビジター,東京ヤクルトスワローズ,横浜DeNAベイスターズ,Ｊ．リランソ,2,救援,H,13,3,1,3,1,0,0,0,0,0.00
20260328_DB-S_02,2026-03-28,土,セ・リーグ公式戦,ビジター,東京ヤクルトスワローズ,横浜DeNAベイスターズ,Ｊ．キハダ,3,救援,S,20,4,1,3,1,0,0,0,0,0.00
20260328_B-E_02,2026-03-28,土,パ・リーグ公式戦,ビジター,東北楽天ゴールデンイーグルス,オリックス・バファローズ,瀧中 瞭太,1,先発,敗,86,20,3.2,11,4,0,0,2,2,4.91
20260328_B-E_02,2026-03-28,土,パ・リーグ公式戦,ビジター,東北楽天ゴールデンイーグルス,オリックス・バファローズ,加治屋 蓮,2,救援,,7,1,0.1,1,0,0,0,0,0,0.00
20260328_B-E_02,2026-03-28,土,パ・リーグ公式戦,ビジター,東北楽天ゴールデンイーグルス,オリックス・バファローズ,宋 家豪,3,救援,,8,3,1,3,0,0,0,0,0,0.00
20260328_B-E_02,2026-03-28,土,パ・リーグ公式戦,ビジター,東北楽天ゴールデンイーグルス,オリックス・バファローズ,内 星龍,4,救援,,28,9,1.1,4,2,1,0,3,3,20.25
20260328_B-E_02,2026-03-28,土,パ・リーグ公式戦,ビジター,東北楽天ゴールデンイーグルス,オリックス・バファローズ,田中 千晴,5,救援,,12,4,0.2,2,1,0,0,1,1,13.50
20260328_B-E_02,2026-03-28,土,パ・リーグ公式戦,ビジター,東北楽天ゴールデンイーグルス,オリックス・バファローズ,津留﨑 大成,6,救援,,13,5,1,3,1,0,0,0,0,0.00
20260328_G-T_02,2026-03-28,土,セ・リーグ公式戦,ホーム,読売ジャイアンツ,阪神タイガース,Ｓ．ハワード,1,先発,敗,97,25,6,18,7,0,0,1,0,0.00
20260328_G-T_02,2026-03-28,土,セ・リーグ公式戦,ホーム,読売ジャイアンツ,阪神タイガース,Ｅ．ルシアーノ,2,救援,,16,3,1,3,2,0,0,0,0,0.00
20260328_G-T_02,2026-03-28,土,セ・リーグ公式戦,ホーム,読売ジャイアンツ,阪神タイガース,中川 皓太,3,救援,,20,7,1,3,1,0,0,1,1,9.00
20260328_G-T_02,2026-03-28,土,セ・リーグ公式戦,ホーム,読売ジャイアンツ,阪神タイガース,田和 廉,4,救援,,15,4,1,3,2,0,0,0,0,0.00
20260328_H-F_02,2026-03-28,土,パ・リーグ公式戦,ホーム,福岡ソフトバンクホークス,北海道日本ハムファイターズ,松本 晴,1,先発,勝,91,26,6,18,8,0,0,2,2,3.00
20260328_H-F_02,2026-03-28,土,パ・リーグ公式戦,ホーム,福岡ソフトバンクホークス,北海道日本ハムファイターズ,木村 光,2,救援,H,4,3,1,3,0,0,0,0,0,0.00
20260328_H-F_02,2026-03-28,土,パ・リーグ公式戦,ホーム,福岡ソフトバンクホークス,北海道日本ハムファイターズ,Ｄ．ヘルナンデス,3,救援,H,22,6,1,3,0,0,0,0,0,0.00
20260328_H-F_02,2026-03-28,土,パ・リーグ公式戦,ホーム,福岡ソフトバンクホークス,北海道日本ハムファイターズ,杉山 一樹,4,救援,,20,7,1,3,1,0,0,2,2,18.00
20260328_H-F_02,2026-03-28,土,パ・リーグ公式戦,ビジター,北海道日本ハムファイターズ,福岡ソフトバンクホークス,達 孝太,1,先発,敗,93,23,4.2,14,4,0,0,5,5,9.64
20260328_H-F_02,2026-03-28,土,パ・リーグ公式戦,ビジター,北海道日本ハムファイターズ,福岡ソフトバンクホークス,池田 隆英,2,救援,,1,1,0.1,1,0,0,0,0,0,0.00
20260328_H-F_02,2026-03-28,土,パ・リーグ公式戦,ビジター,北海道日本ハムファイターズ,福岡ソフトバンクホークス,山﨑 福也,3,救援,,13,4,1,3,0,0,0,0,0,0.00
20260328_H-F_02,2026-03-28,土,パ・リーグ公式戦,ビジター,北海道日本ハムファイターズ,福岡ソフトバンクホークス,山本 拓実,4,救援,,13,3,1,3,0,0,0,0,0,0.00
20260328_H-F_02,2026-03-28,土,パ・リーグ公式戦,ビジター,北海道日本ハムファイターズ,福岡ソフトバンクホークス,福谷 浩司,5,救援,,17,4,1,3,0,0,0,1,1,9.00
20260327_B-E_01,2026-03-27,金,パ・リーグ公式戦,ホーム,オリックス・バファローズ,東北楽天ゴールデンイーグルス,宮城 大弥,1,先発,敗,56,15,1.2,5,2,0,0,8,2,10.80
20260327_B-E_01,2026-03-27,金,パ・リーグ公式戦,ホーム,オリックス・バファローズ,東北楽天ゴールデンイーグルス,東松 快征,2,救援,,18,3,0.1,1,1,0,0,0,0,0.00
20260327_B-E_01,2026-03-27,金,パ・リーグ公式戦,ホーム,オリックス・バファローズ,東北楽天ゴールデンイーグルス,寺西 成騎,3,救援,,84,23,6,18,4,0,0,2,2,3.00
20260327_B-E_01,2026-03-27,金,パ・リーグ公式戦,ホーム,オリックス・バファローズ,東北楽天ゴールデンイーグルス,横山 楓,4,救援,,21,5,1,3,1,0,0,0,0,0.00
20260327_DB-S_01,2026-03-27,金,セ・リーグ公式戦,ホーム,横浜DeNAベイスターズ,東京ヤクルトスワローズ,東 克樹,1,先発,敗,100,26,6,18,7,0,0,3,3,4.50
20260327_DB-S_01,2026-03-27,金,セ・リーグ公式戦,ホーム,横浜DeNAベイスターズ,東京ヤクルトスワローズ,Ｊ．ルイーズ,2,救援,,20,5,1,3,1,0,0,0,0,0.00
20260327_DB-S_01,2026-03-27,金,セ・リーグ公式戦,ホーム,横浜DeNAベイスターズ,東京ヤクルトスワローズ,坂本 裕哉,3,救援,,17,4,1,3,0,0,0,0,0,0.00
20260327_DB-S_01,2026-03-27,金,セ・リーグ公式戦,ホーム,横浜DeNAベイスターズ,東京ヤクルトスワローズ,宮城 滝太,4,救援,,16,5,1,3,2,0,0,0,0,0.00
20260327_C-D_01,2026-03-27,金,セ・リーグ公式戦,ホーム,広島東洋カープ,中日ドラゴンズ,床田 寛樹,1,先発,,97,24,5,15,5,0,0,2,2,3.60
20260327_C-D_01,2026-03-27,金,セ・リーグ公式戦,ホーム,広島東洋カープ,中日ドラゴンズ,齊藤 汰直,2,救援,,14,4,1,3,0,0,0,0,0,0.00
20260327_C-D_01,2026-03-27,金,セ・リーグ公式戦,ホーム,広島東洋カープ,中日ドラゴンズ,中﨑 翔太,3,救援,,28,5,1,3,3,0,0,0,0,0.00
20260327_C-D_01,2026-03-27,金,セ・リーグ公式戦,ホーム,広島東洋カープ,中日ドラゴンズ,Ｔ．ハーン,4,救援,,11,5,1,3,1,0,0,0,0,0.00
20260327_C-D_01,2026-03-27,金,セ・リーグ公式戦,ホーム,広島東洋カープ,中日ドラゴンズ,赤木 晴哉,5,救援,,29,6,0.1,1,0,0,0,3,3,81.00
20260327_C-D_01,2026-03-27,金,セ・リーグ公式戦,ホーム,広島東洋カープ,中日ドラゴンズ,辻 大雅,6,救援,,16,3,0.2,2,1,0,0,0,0,0.00
20260327_C-D_01,2026-03-27,金,セ・リーグ公式戦,ホーム,広島東洋カープ,中日ドラゴンズ,森浦 大輔,7,救援,勝,8,4,1,3,0,0,0,0,0,0.00
20260327_G-T_01,2026-03-27,金,セ・リーグ公式戦,ビジター,阪神タイガース,読売ジャイアンツ,村上 頌樹,1,先発,敗,101,23,6,18,7,0,0,3,3,4.50
20260327_G-T_01,2026-03-27,金,セ・リーグ公式戦,ビジター,阪神タイガース,読売ジャイアンツ,桐敷 拓馬,2,救援,,11,3,1,3,0,0,0,0,0,0.00
20260327_G-T_01,2026-03-27,金,セ・リーグ公式戦,ビジター,阪神タイガース,読売ジャイアンツ,湯浅 京己,3,救援,,11,3,1,3,0,0,0,0,0,0.00
20260327_M-L_01,2026-03-27,金,パ・リーグ公式戦,ビジター,埼玉西武ライオンズ,千葉ロッテマリーンズ,渡邉 勇太朗,1,先発,敗,112,28,7,21,6,0,0,2,2,2.57
20260327_M-L_01,2026-03-27,金,パ・リーグ公式戦,ビジター,埼玉西武ライオンズ,千葉ロッテマリーンズ,糸川 亮太,2,救援,,17,4,1,3,1,0,0,1,1,9.00
20260327_M-L_01,2026-03-27,金,パ・リーグ公式戦,ホーム,千葉ロッテマリーンズ,埼玉西武ライオンズ,毛利 海大,1,先発,勝,70,19,5,15,2,0,0,0,0,0.00
20260327_M-L_01,2026-03-27,金,パ・リーグ公式戦,ホーム,千葉ロッテマリーンズ,埼玉西武ライオンズ,高野 脩汰,2,救援,H,11,3,1,3,2,0,0,0,0,0.00
20260327_M-L_01,2026-03-27,金,パ・リーグ公式戦,ホーム,千葉ロッテマリーンズ,埼玉西武ライオンズ,Ｓ．ロング,3,救援,H,14,5,1,3,0,0,0,1,0,0.00
20260327_M-L_01,2026-03-27,金,パ・リーグ公式戦,ホーム,千葉ロッテマリーンズ,埼玉西武ライオンズ,鈴木 昭汰,4,救援,H,8,3,1,3,0,0,0,0,0,0.00
20260327_M-L_01,2026-03-27,金,パ・リーグ公式戦,ホーム,千葉ロッテマリーンズ,埼玉西武ライオンズ,横山 陸人,5,救援,S,13,3,1,3,2,0,0,0,0,0.00
20260327_C-D_01,2026-03-27,金,セ・リーグ公式戦,ビジター,中日ドラゴンズ,広島東洋カープ,柳 裕也,1,先発,,91,25,6,18,5,0,0,1,1,1.50
20260327_C-D_01,2026-03-27,金,セ・リーグ公式戦,ビジター,中日ドラゴンズ,広島東洋カープ,橋本 侑樹,2,救援,H,14,3,1,3,2,0,0,0,0,0.00
20260327_C-D_01,2026-03-27,金,セ・リーグ公式戦,ビジター,中日ドラゴンズ,広島東洋カープ,Ｈ．メヒア,3,救援,H,12,3,1,3,0,0,0,0,0,0.00
20260327_C-D_01,2026-03-27,金,セ・リーグ公式戦,ビジター,中日ドラゴンズ,広島東洋カープ,Ａ．アブレウ,4,救援,,24,6,0.1,1,0,0,0,4,4,108.00
20260327_C-D_01,2026-03-27,金,セ・リーグ公式戦,ビジター,中日ドラゴンズ,広島東洋カープ,藤嶋 健人,5,救援,H,9,2,0.2,2,0,0,0,0,0,0.00
20260327_C-D_01,2026-03-27,金,セ・リーグ公式戦,ビジター,中日ドラゴンズ,広島東洋カープ,勝野 昌慶,6,救援,敗,13,5,0.2,2,0,0,0,1,1,13.50
20260327_DB-S_01,2026-03-27,金,セ・リーグ公式戦,ビジター,東京ヤクルトスワローズ,横浜DeNAベイスターズ,吉村 貢司郎,1,先発,勝,93,21,5.1,16,7,0,0,2,2,3.38
20260327_DB-S_01,2026-03-27,金,セ・リーグ公式戦,ビジター,東京ヤクルトスワローズ,横浜DeNAベイスターズ,大西 広樹,2,救援,H,3,2,0.2,2,0,0,0,0,0,0.00
20260327_DB-S_01,2026-03-27,金,セ・リーグ公式戦,ビジター,東京ヤクルトスワローズ,横浜DeNAベイスターズ,木澤 尚文,3,救援,H,16,3,1,3,1,0,0,0,0,0.00
20260327_DB-S_01,2026-03-27,金,セ・リーグ公式戦,ビジター,東京ヤクルトスワローズ,横浜DeNAベイスターズ,星 知弥,4,救援,H,22,5,1,3,0,0,0,0,0,0.00
20260327_DB-S_01,2026-03-27,金,セ・リーグ公式戦,ビジター,東京ヤクルトスワローズ,横浜DeNAベイスターズ,Ｊ．キハダ,5,救援,S,14,4,1,3,2,0,0,0,0,0.00
20260327_B-E_01,2026-03-27,金,パ・リーグ公式戦,ビジター,東北楽天ゴールデンイーグルス,オリックス・バファローズ,荘司 康誠,1,先発,勝,105,28,8,24,9,0,0,0,0,0.00
20260327_B-E_01,2026-03-27,金,パ・リーグ公式戦,ビジター,東北楽天ゴールデンイーグルス,オリックス・バファローズ,九谷 瑠,2,救援,,16,4,1,3,0,0,0,0,0,0.00
20260327_G-T_01,2026-03-27,金,セ・リーグ公式戦,ホーム,読売ジャイアンツ,阪神タイガース,竹丸 和幸,1,先発,勝,79,22,6,18,5,0,0,1,1,1.50
20260327_G-T_01,2026-03-27,金,セ・リーグ公式戦,ホーム,読売ジャイアンツ,阪神タイガース,船迫 大雅,2,救援,H,14,4,1,3,0,0,0,0,0,0.00
20260327_G-T_01,2026-03-27,金,セ・リーグ公式戦,ホーム,読売ジャイアンツ,阪神タイガース,北浦 竜次,3,救援,H,11,3,1,3,1,0,0,0,0,0.00
20260327_G-T_01,2026-03-27,金,セ・リーグ公式戦,ホーム,読売ジャイアンツ,阪神タイガース,田中 瑛斗,4,救援,S,5,3,1,3,0,0,0,0,0,0.00
20260327_H-F_01,2026-03-27,金,パ・リーグ公式戦,ホーム,福岡ソフトバンクホークス,北海道日本ハムファイターズ,上沢 直之,1,先発,,90,23,5,15,5,0,0,4,2,3.60
20260327_H-F_01,2026-03-27,金,パ・リーグ公式戦,ホーム,福岡ソフトバンクホークス,北海道日本ハムファイターズ,木村 光,2,救援,H,9,3,1,3,0,0,0,0,0,0.00
20260327_H-F_01,2026-03-27,金,パ・リーグ公式戦,ホーム,福岡ソフトバンクホークス,北海道日本ハムファイターズ,Ｄ．ヘルナンデス,3,救援,,17,5,1,3,2,0,0,1,1,9.00
20260327_H-F_01,2026-03-27,金,パ・リーグ公式戦,ホーム,福岡ソフトバンクホークス,北海道日本ハムファイターズ,松本 裕樹,4,救援,勝,15,4,1,3,0,0,0,0,0,0.00
20260327_H-F_01,2026-03-27,金,パ・リーグ公式戦,ホーム,福岡ソフトバンクホークス,北海道日本ハムファイターズ,杉山 一樹,5,救援,S,17,4,1,3,1,0,0,0,0,0.00
20260327_H-F_01,2026-03-27,金,パ・リーグ公式戦,ビジター,北海道日本ハムファイターズ,福岡ソフトバンクホークス,伊藤 大海,1,先発,,90,27,5.2,17,4,0,0,5,5,7.94
20260327_H-F_01,2026-03-27,金,パ・リーグ公式戦,ビジター,北海道日本ハムファイターズ,福岡ソフトバンクホークス,上原 健太,2,救援,,18,5,1.1,4,2,0,0,0,0,0.00
20260327_H-F_01,2026-03-27,金,パ・リーグ公式戦,ビジター,北海道日本ハムファイターズ,福岡ソフトバンクホークス,古林 睿煬,3,救援,敗,24,6,0.2,2,1,1,0,1,1,13.50
20260327_H-F_01,2026-03-27,金,パ・リーグ公式戦,ビジター,北海道日本ハムファイターズ,福岡ソフトバンクホークス,島本 浩也,4,救援,,3,1,0.1,1,0,0,0,0,0,0.00