シーズン,試合日,公式試合ID,リーグ,球団,相手球団,ホーム／ビジター,球場,先発投手ID,先発投手名,先発捕手ID,先発捕手名,自チーム得点,相手得点,チーム結果,先発投手結果,投球アウト数,投球回表示,失点,自責点,投球数,被安打,与四球,奪三振,QS,HQS,試合状態,更新日
2026,2026-03-27,20260327-b-e-01,パ,オリックス,楽天,ホーム,京セラD大阪,71875151,宮城 大弥,91495139,森 友哉,0,10,敗,敗,5,1.2,8,2,56,8,1,2,0,0,終了,2026-07-10
2026,2026-03-27,20260327-b-e-01,パ,楽天,オリックス,ビジター,京セラD大阪,21925157,荘司 康誠,71375138,太田 光,10,0,勝,勝,24,8,0,0,105,4,0,9,1,1,終了,2026-07-10
2026,2026-03-27,20260327-c-d-01,セ,広島,中日,ホーム,マツダスタジアム,11415134,床田 寛樹,11915134,坂倉 将吾,6,5,勝,勝敗なし,15,5,2,2,97,9,0,5,0,0,終了,2026-07-10
2026,2026-03-27,20260327-c-d-01,セ,中日,広島,ビジター,マツダスタジアム,63165134,柳 裕也,21125150,石伊 雄太,5,6,敗,勝敗なし,18,6,1,1,91,6,1,5,1,0,終了,2026-07-10
2026,2026-03-27,20260327-db-s-01,セ,DeNA,ヤクルト,ホーム,横 浜,51155136,東 克樹,23125136,山本 祐大,2,3,敗,敗,18,6,3,3,100,4,4,7,1,0,終了,2026-07-10
2026,2026-03-27,20260327-db-s-01,セ,ヤクルト,DeNA,ビジター,横 浜,53555157,吉村 貢司郎,01705134,古賀 優大,3,2,勝,勝,16,5.1,2,2,93,5,0,7,0,0,終了,2026-07-10
2026,2026-03-27,20260327-g-t-01,セ,巨人,阪神,ホーム,東京ドーム,71275152,竹丸 和幸,91595136,岸田 行倫,3,1,勝,勝,18,6,1,1,79,3,2,5,1,0,終了,2026-07-10
2026,2026-03-27,20260327-g-t-01,セ,阪神,巨人,ビジター,東京ドーム,13315153,村上 頌樹,11915132,坂本 誠志郎,1,3,敗,敗,18,6,3,3,101,5,2,7,1,0,終了,2026-07-10
2026,2026-03-27,20260327-h-f-01,パ,ソフトバンク,日本ハム,ホーム,みずほPayPay,51355135,上沢 直之,81385151,海野 隆司,6,5,勝,勝敗なし,15,5,4,2,90,6,0,5,0,0,終了,2026-07-10
2026,2026-03-27,20260327-h-f-01,パ,日本ハム,ソフトバンク,ビジター,みずほPayPay,51355153,伊藤 大海,51055138,田宮 裕涼,5,6,敗,勝敗なし,17,5.2,5,5,90,9,0,4,0,0,終了,2026-07-10
2026,2026-03-27,20260327-m-l-01,パ,ロッテ,西武,ホーム,ZOZOマリン,73175152,毛利 海大,53155155,松川 虎生,3,1,勝,勝,15,5,0,0,70,4,1,2,0,0,終了,2026-07-10
2026,2026-03-27,20260327-m-l-01,パ,西武,ロッテ,ビジター,ZOZOマリン,53155138,渡邉 勇太朗,41745152,小島 大河,1,3,敗,敗,21,7,2,2,112,6,2,6,1,1,終了,2026-07-10
2026,2026-03-28,20260328-b-e-02,パ,オリックス,楽天,ホーム,京セラD大阪,71775139,九里 亜蓮,41645139,若月 健矢,6,0,勝,勝,27,9,0,0,132,4,0,12,1,1,終了,2026-07-10
2026,2026-03-28,20260328-b-e-02,パ,楽天,オリックス,ビジター,京セラD大阪,31235151,瀧中 瞭太,71375138,太田 光,0,6,敗,敗,11,3.2,2,2,86,4,4,4,0,0,終了,2026-07-10
2026,2026-03-28,20260328-c-d-02,セ,広島,中日,ホーム,マツダスタジアム,43545152,ターノック,11915134,坂倉 将吾,2,1,勝,勝敗なし,21,7,0,0,94,5,0,7,1,1,終了,2026-07-10
2026,2026-03-28,20260328-c-d-02,セ,中日,広島,ビジター,マツダスタジアム,21925152,櫻井 頼之介,21125150,石伊 雄太,1,2,敗,勝敗なし,21,7,1,0,101,3,2,9,1,1,終了,2026-07-10
2026,2026-03-28,20260328-db-s-02,セ,DeNA,ヤクルト,ホーム,横 浜,61365153,入江 大生,21825157,松尾 汐恩,2,5,敗,敗,12,4,4,4,85,5,3,6,0,0,終了,2026-07-10
2026,2026-03-28,20260328-db-s-02,セ,ヤクルト,DeNA,ビジター,横 浜,63365153,山野 太一,01005159,鈴木 叶,5,2,勝,勝,21,7,2,2,101,8,1,4,1,1,終了,2026-07-10
2026,2026-03-28,20260328-g-t-02,セ,巨人,阪神,ホーム,東京ドーム,23725150,ハワード,91595136,岸田 行倫,0,2,敗,敗,18,6,1,0,97,4,4,7,1,0,終了,2026-07-10
2026,2026-03-28,20260328-g-t-02,セ,阪神,巨人,ビジター,東京ドーム,91095136,髙橋 遥人,61065137,伏見 寅威,2,0,勝,勝,27,9,0,0,112,3,2,6,1,1,終了,2026-07-10
2026,2026-03-28,20260328-h-f-02,パ,ソフトバンク,日本ハム,ホーム,みずほPayPay,41845157,松本 晴,81385151,海野 隆司,6,4,勝,勝,18,6,2,2,91,6,1,8,1,0,終了,2026-07-10
2026,2026-03-28,20260328-h-f-02,パ,日本ハム,ソフトバンク,ビジター,みずほPayPay,01205155,達 孝太,51055138,田宮 裕涼,4,6,敗,敗,14,4.2,5,5,93,6,2,4,0,0,終了,2026-07-10
2026,2026-03-28,20260328-m-l-02,パ,ロッテ,西武,ホーム,ZOZOマリン,01005157,田中 晴也,53155155,松川 虎生,11,0,勝,勝,18,6,0,0,98,5,0,5,1,0,終了,2026-07-10
2026,2026-03-28,20260328-m-l-02,パ,西武,ロッテ,ビジター,ZOZOマリン,51255159,武内 夏暉,81785155,古賀 悠斗,0,11,敗,敗,15,5,4,4,88,7,0,2,0,0,終了,2026-07-10
2026,2026-03-29,20260329-b-e-03,パ,オリックス,楽天,ホーム,京セラD大阪,41045136,田嶋 大樹,41645139,若月 健矢,5,4,勝,勝敗なし,3,1,2,2,19,3,0,0,0,0,終了,2026-07-10
2026,2026-03-29,20260329-b-e-03,パ,楽天,オリックス,ビジター,京セラD大阪,81685152,藤原 聡大,71375138,太田 光,4,5,敗,敗,9,3,4,3,47,8,1,1,0,0,終了,2026-07-10
2026,2026-03-29,20260329-c-d-03,セ,広島,中日,ホーム,マツダスタジアム,91995153,栗林 良吏,11915134,坂倉 将吾,1,0,勝,勝,27,9,0,0,95,1,0,9,1,1,終了,2026-07-10
2026,2026-03-29,20260329-c-d-03,セ,中日,広島,ビジター,マツダスタジアム,61265153,髙橋 宏斗,21125150,石伊 雄太,0,1,敗,敗,24,8,1,0,104,6,1,9,1,1,終了,2026-07-10
2026,2026-03-29,20260329-db-s-03,セ,DeNA,ヤクルト,ホーム,横 浜,21125159,石田 裕太郎,23125136,山本 祐大,3,5,敗,敗,21,7,4,4,103,7,1,9,0,0,終了,2026-07-10
2026,2026-03-29,20260329-db-s-03,セ,ヤクルト,DeNA,ビジター,横 浜,21925139,高梨 裕稔,01705134,古賀 優大,5,3,勝,勝敗なし,18,6,1,1,96,5,2,6,1,0,終了,2026-07-10
2026,2026-03-29,20260329-g-t-03,セ,巨人,阪神,ホーム,東京ドーム,43145152,山城 京平,91595136,岸田 行倫,6,12,敗,勝敗なし,6,2,5,5,67,3,3,1,0,0,終了,2026-07-10
2026,2026-03-29,20260329-g-t-03,セ,阪神,巨人,ビジター,東京ドーム,71375153,伊藤 将司,61065137,伏見 寅威,12,6,勝,勝敗なし,7,2.1,3,3,39,6,1,1,0,0,終了,2026-07-10
2026,2026-03-29,20260329-h-f-03,パ,ソフトバンク,日本ハム,ホーム,みずほPayPay,53755138,スチュワート・ジュニア,11215132,谷川原 健太,8,4,勝,勝,15,5,3,3,92,5,2,6,0,0,終了,2026-07-10
2026,2026-03-29,20260329-h-f-03,パ,日本ハム,ソフトバンク,ビジター,みずほPayPay,51155130,有原 航平,51055138,田宮 裕涼,4,8,敗,敗,18,6,7,5,112,10,2,5,0,0,終了,2026-07-10
2026,2026-03-29,20260329-m-l-03,パ,ロッテ,西武,ホーム,ZOZOマリン,11515138,小島 和哉,53155155,松川 虎生,0,4,敗,敗,12,4,1,1,59,3,3,3,0,0,終了,2026-07-10
2026,2026-03-29,20260329-m-l-03,パ,西武,ロッテ,ビジター,ZOZOマリン,31035136,平良 海馬,41745152,小島 大河,4,0,勝,勝,27,9,0,0,119,5,2,5,1,1,終了,2026-07-10
2026,2026-03-31,20260331-d-g-01,セ,巨人,中日,ビジター,バンテリンドーム,53355152,ウィットリー,91595136,岸田 行倫,5,2,勝,勝敗なし,15,5,2,2,66,6,0,4,0,0,終了,2026-07-10
2026,2026-03-31,20260331-d-g-01,セ,中日,巨人,ホーム,バンテリンドーム,61565150,金丸 夢斗,31735132,木下 拓哉,2,5,敗,勝敗なし,18,6,2,2,101,5,2,7,1,0,終了,2026-07-10
2026,2026-03-31,20260331-e-h-01,パ,ソフトバンク,楽天,ビジター,楽天モバイル,01505151,大関 友久,81385151,海野 隆司,4,2,勝,勝,18,6,1,1,103,6,3,4,1,0,終了,2026-07-10
2026,2026-03-31,20260331-e-h-01,パ,楽天,ソフトバンク,ホーム,楽天モバイル,51655114,前田 健太,71375138,太田 光,2,4,敗,敗,12,4,2,2,83,5,5,4,0,0,終了,2026-07-10
2026,2026-03-31,20260331-f-m-01,パ,ロッテ,日本ハム,ビジター,エスコンＦ,71775159,木村 優人,71075151,佐藤 都志也,0,9,敗,敗,18,6,7,6,103,6,2,4,0,0,終了,2026-07-10
2026,2026-03-31,20260331-f-m-01,パ,日本ハム,ロッテ,ホーム,エスコンＦ,61865159,細野 晴希,51055138,田宮 裕涼,9,0,勝,勝,27,9,0,0,128,0,1,12,1,1,終了,2026-07-10
2026,2026-03-31,20260331-l-b-01,パ,オリックス,西武,ビジター,ベルーナドーム,61065159,髙島 泰都,41645139,若月 健矢,3,5,敗,勝敗なし,12,4,3,3,76,5,1,2,0,0,終了,2026-07-10
2026,2026-03-31,20260331-l-b-01,パ,西武,オリックス,ホーム,ベルーナドーム,21025155,隅田 知一郎,41745152,小島 大河,5,3,勝,勝敗なし,15,5,3,3,109,8,1,4,0,0,終了,2026-07-10
2026,2026-03-31,20260331-s-c-01,セ,ヤクルト,広島,ホーム,神 宮,11515137,小川 泰弘,01705134,古賀 優大,8,3,勝,勝,17,5.2,3,3,87,3,3,2,0,0,終了,2026-07-10
2026,2026-03-31,20260331-s-c-01,セ,広島,ヤクルト,ビジター,神 宮,53155151,森下 暢仁,11915134,坂倉 将吾,3,8,敗,敗,12,4,3,2,70,3,1,5,0,0,終了,2026-07-10
2026,2026-03-31,20260331-t-db-01,セ,DeNA,阪神,ビジター,京セラD大阪,13715150,デュプランティエ,23125136,山本 祐大,1,4,敗,敗,15,5,2,2,84,2,4,4,0,0,終了,2026-07-10
2026,2026-03-31,20260331-t-db-01,セ,阪神,DeNA,ホーム,京セラD大阪,41745134,才木 浩人,11915132,坂本 誠志郎,4,1,勝,勝,18,6,1,1,111,4,3,5,1,0,終了,2026-07-10
2026,2026-04-01,20260401-d-g-02,セ,巨人,中日,ビジター,バンテリンドーム,11215114,田中 将大,91595136,岸田 行倫,6,5,勝,勝,17,5.2,2,2,94,6,1,4,0,0,終了,2026-07-10
2026,2026-04-01,20260401-d-g-02,セ,中日,巨人,ホーム,バンテリンドーム,51455152,中西 聖輝,31735132,木下 拓哉,5,6,敗,敗,16,5.1,4,4,99,6,1,6,0,0,終了,2026-07-10
2026,2026-04-01,20260401-e-h-02,パ,ソフトバンク,楽天,ビジター,楽天モバイル,23525152,徐 若熙,81385151,海野 隆司,6,1,勝,勝,18,6,0,0,86,3,2,6,1,0,終了,2026-07-10
2026,2026-04-01,20260401-e-h-02,パ,楽天,ソフトバンク,ホーム,楽天モバイル,21725159,古謝 樹,71375138,太田 光,1,6,敗,敗,16,5.1,5,5,95,10,1,4,0,0,終了,2026-07-10
2026,2026-04-01,20260401-f-m-02,パ,ロッテ,日本ハム,ビジター,エスコンＦ,43745159,ジャクソン,53155155,松川 虎生,4,2,勝,勝,15,5,0,0,89,1,3,5,0,0,終了,2026-07-10
2026,2026-04-01,20260401-f-m-02,パ,日本ハム,ロッテ,ホーム,エスコンＦ,51755155,北山 亘基,51055138,田宮 裕涼,2,4,敗,敗,17,5.2,4,4,100,3,1,6,0,0,終了,2026-07-10
2026,2026-04-01,20260401-l-b-02,パ,オリックス,西武,ビジター,ベルーナドーム,43545159,エスピノーザ,91495139,森 友哉,4,0,勝,勝,27,9,0,0,110,5,1,7,1,1,終了,2026-07-10
2026,2026-04-01,20260401-l-b-02,パ,西武,オリックス,ホーム,ベルーナドーム,71075130,髙橋 光成,41745152,小島 大河,0,4,敗,敗,18,6,4,0,99,5,2,4,1,0,終了,2026-07-10
2026,2026-04-01,20260401-t-db-02,セ,DeNA,阪神,ビジター,京セラD大阪,83385152,コックス,23125136,山本 祐大,4,1,勝,勝,18,6,1,1,86,5,1,7,1,0,終了,2026-07-10
2026,2026-04-01,20260401-t-db-02,セ,阪神,DeNA,ホーム,京セラD大阪,73975152,ルーカス,61065137,伏見 寅威,1,4,敗,敗,14,4.2,4,4,106,7,2,6,0,0,終了,2026-07-10
2026,2026-04-02,20260402-d-g-03,セ,巨人,中日,ビジター,バンテリンドーム,51055137,則本 昂大,03105151,山瀬 慎之助,1,2,敗,敗,21,7,2,2,85,5,0,5,1,1,終了,2026-07-10
2026,2026-04-02,20260402-d-g-03,セ,中日,巨人,ホーム,バンテリンドーム,11515133,大野 雄大,31735132,木下 拓哉,2,1,勝,勝,27,9,1,0,111,4,0,6,1,1,終了,2026-07-10
2026,2026-04-02,20260402-e-h-03,パ,ソフトバンク,楽天,ビジター,楽天モバイル,01305157,大津 亮介,81385151,海野 隆司,4,5,敗,勝敗なし,21,7,3,3,91,9,0,1,1,0,終了,2026-07-10
2026,2026-04-02,20260402-e-h-03,パ,楽天,ソフトバンク,ホーム,楽天モバイル,73375152,ウレーニャ,81185116,伊藤 光,5,4,勝,勝敗なし,15,5,2,2,102,6,3,5,0,0,終了,2026-07-10
2026,2026-04-02,20260402-f-m-03,パ,ロッテ,日本ハム,ビジター,エスコンＦ,01205118,西野 勇士,53155155,松川 虎生,1,7,敗,敗,18,6,6,6,109,7,2,6,0,0,終了,2026-07-10
2026,2026-04-02,20260402-f-m-03,パ,日本ハム,ロッテ,ホーム,エスコンＦ,41545132,加藤 貴之,61965130,清水 優心,7,1,勝,勝,18,6,0,0,96,4,0,5,1,0,終了,2026-07-10
2026,2026-04-02,20260402-l-b-03,パ,オリックス,西武,ビジター,ベルーナドーム,71875151,宮城 大弥,91495139,森 友哉,7,3,勝,勝,18,6,3,3,87,6,0,8,1,0,終了,2026-07-10
2026,2026-04-02,20260402-l-b-03,パ,西武,オリックス,ホーム,ベルーナドーム,71075155,菅井 信也,81785155,古賀 悠斗,3,7,敗,敗,16,5.1,5,5,79,5,3,1,0,0,終了,2026-07-10
2026,2026-04-02,20260402-s-c-02,セ,ヤクルト,広島,ホーム,神 宮,31735151,奥川 恭伸,01005159,鈴木 叶,2,1,勝,勝敗なし,21,7,1,1,91,3,0,5,1,1,終了,2026-07-10
2026,2026-04-02,20260402-s-c-02,セ,広島,ヤクルト,ビジター,神 宮,91595150,岡本 駿,11915134,坂倉 将吾,1,2,敗,勝敗なし,21,7,0,0,101,3,2,4,1,1,終了,2026-07-10
2026,2026-04-02,20260402-t-db-03,セ,DeNA,阪神,ビジター,京セラD大阪,11415150,竹田 祐,21825157,松尾 汐恩,3,4,敗,敗,12,4,4,3,84,6,1,3,0,0,終了,2026-07-10
2026,2026-04-02,20260402-t-db-03,セ,阪神,DeNA,ホーム,京セラD大阪,71375150,伊原 陵人,11915132,坂本 誠志郎,4,3,勝,勝,15,5,1,1,87,1,2,3,0,0,終了,2026-07-10
2026,2026-04-03,20260403-c-t-01,セ,広島,阪神,ホーム,マツダスタジアム,11415134,床田 寛樹,11915134,坂倉 将吾,2,4,敗,敗,18,6,2,2,114,6,2,9,1,0,終了,2026-07-10
2026,2026-04-03,20260403-c-t-01,セ,阪神,広島,ビジター,マツダスタジアム,13315153,村上 頌樹,11915132,坂本 誠志郎,4,2,勝,勝,21,7,1,1,109,3,2,6,1,1,終了,2026-07-10
2026,2026-04-03,20260403-f-b-01,パ,オリックス,日本ハム,ビジター,エスコンＦ,61465150,寺西 成騎,91495139,森 友哉,3,12,敗,敗,10,3.1,6,6,61,7,2,2,0,0,終了,2026-07-10
2026,2026-04-03,20260403-f-b-01,パ,日本ハム,オリックス,ホーム,エスコンＦ,51355153,伊藤 大海,51055138,田宮 裕涼,12,3,勝,勝,18,6,0,0,101,4,1,5,1,0,終了,2026-07-10
2026,2026-04-03,20260403-g-db-01,セ,DeNA,巨人,ビジター,東京ドーム,51155136,東 克樹,23125136,山本 祐大,3,1,勝,勝,21,7,1,1,80,5,0,9,1,1,終了,2026-07-10
2026,2026-04-03,20260403-g-db-01,セ,巨人,DeNA,ホーム,東京ドーム,71275152,竹丸 和幸,91595136,岸田 行倫,1,3,敗,敗,15,5,3,1,101,5,4,6,0,0,終了,2026-07-10
2026,2026-04-03,20260403-l-e-01,パ,楽天,西武,ビジター,ベルーナドーム,21925157,荘司 康誠,71375138,太田 光,6,3,勝,勝,21,7,3,3,108,7,2,6,1,0,終了,2026-07-10
2026,2026-04-03,20260403-l-e-01,パ,西武,楽天,ホーム,ベルーナドーム,53155138,渡邉 勇太朗,41745152,小島 大河,3,6,敗,敗,18,6,6,6,108,7,2,3,0,0,終了,2026-07-10
2026,2026-04-03,20260403-m-h-01,パ,ソフトバンク,ロッテ,ビジター,ZOZOマリン,51355135,上沢 直之,81385151,海野 隆司,2,3,敗,勝敗なし,24,8,0,0,117,5,2,9,1,1,終了,2026-07-10
2026,2026-04-03,20260403-m-h-01,パ,ロッテ,ソフトバンク,ホーム,ZOZOマリン,73175152,毛利 海大,53155155,松川 虎生,3,2,勝,勝敗なし,21,7,2,2,91,5,1,5,1,1,終了,2026-07-10
2026,2026-04-03,20260403-s-d-01,セ,ヤクルト,中日,ホーム,神 宮,53555157,吉村 貢司郎,01705134,古賀 優大,0,1,敗,敗,15,5,1,1,90,6,2,6,0,0,終了,2026-07-10
2026,2026-04-03,20260403-s-d-01,セ,中日,ヤクルト,ビジター,神 宮,63165134,柳 裕也,31735132,木下 拓哉,1,0,勝,勝,27,9,0,0,120,3,1,6,1,1,終了,2026-07-10
2026,2026-04-04,20260404-c-t-02,セ,広島,阪神,ホーム,マツダスタジアム,43545152,ターノック,11915134,坂倉 将吾,5,7,敗,勝敗なし,15,5,2,2,93,6,1,3,0,0,終了,2026-07-10
2026,2026-04-04,20260404-c-t-02,セ,阪神,広島,ビジター,マツダスタジアム,41345136,大竹 耕太郎,11915132,坂本 誠志郎,7,5,勝,勝敗なし,15,5,3,3,74,7,0,2,0,0,終了,2026-07-10
2026,2026-04-04,20260404-f-b-02,パ,オリックス,日本ハム,ビジター,エスコンＦ,71775139,九里 亜蓮,41645139,若月 健矢,3,6,敗,勝敗なし,18,6,3,3,106,5,1,6,1,0,終了,2026-07-10
2026,2026-04-04,20260404-f-b-02,パ,日本ハム,オリックス,ホーム,エスコンＦ,01205155,達 孝太,51055138,田宮 裕涼,6,3,勝,勝敗なし,17,5.2,3,2,126,9,2,8,0,0,終了,2026-07-10
2026,2026-04-04,20260404-g-db-02,セ,DeNA,巨人,ビジター,東京ドーム,61365153,入江 大生,21825157,松尾 汐恩,4,8,敗,勝敗なし,12,4,4,4,74,7,2,2,0,0,終了,2026-07-10
2026,2026-04-04,20260404-g-db-02,セ,巨人,DeNA,ホーム,東京ドーム,23725150,ハワード,91595136,岸田 行倫,8,4,勝,勝敗なし,10,3.1,4,4,84,5,3,7,0,0,終了,2026-07-10
2026,2026-04-04,20260404-l-e-02,パ,楽天,西武,ビジター,ベルーナドーム,31235151,瀧中 瞭太,81185116,伊藤 光,2,1,勝,勝敗なし,18,6,0,0,94,2,2,5,1,0,終了,2026-07-10
2026,2026-04-04,20260404-l-e-02,パ,西武,楽天,ホーム,ベルーナドーム,51255159,武内 夏暉,41745152,小島 大河,1,2,敗,勝敗なし,21,7,0,0,96,2,0,10,1,1,終了,2026-07-10
2026,2026-04-04,20260404-m-h-02,パ,ソフトバンク,ロッテ,ビジター,ZOZOマリン,41845157,松本 晴,81385151,海野 隆司,5,2,勝,勝,21,7,1,1,107,5,3,6,1,1,終了,2026-07-10
2026,2026-04-04,20260404-m-h-02,パ,ロッテ,ソフトバンク,ホーム,ZOZOマリン,01005157,田中 晴也,53155155,松川 虎生,2,5,敗,勝敗なし,18,6,0,0,99,3,2,8,1,0,終了,2026-07-10
2026,2026-04-04,20260404-s-d-02,セ,ヤクルト,中日,ホーム,神 宮,63365153,山野 太一,01005159,鈴木 叶,11,6,勝,勝,18,6,4,4,95,6,1,7,0,0,終了,2026-07-10
2026,2026-04-04,20260404-s-d-02,セ,中日,ヤクルト,ビジター,神 宮,21925152,櫻井 頼之介,31735132,木下 拓哉,6,11,敗,敗,6,2,6,6,68,8,1,1,0,0,終了,2026-07-10
2026,2026-04-05,20260405-c-t-03,セ,広島,阪神,ホーム,マツダスタジアム,91995153,栗林 良吏,11915134,坂倉 将吾,2,1,勝,勝敗なし,24,8,1,1,100,5,0,9,1,1,終了,2026-07-10
2026,2026-04-05,20260405-c-t-03,セ,阪神,広島,ビジター,マツダスタジアム,91095136,髙橋 遥人,61065137,伏見 寅威,1,2,敗,勝敗なし,18,6,1,1,84,5,1,4,1,0,終了,2026-07-10
2026,2026-04-05,20260405-f-b-03,パ,オリックス,日本ハム,ビジター,エスコンＦ,03505152,ジェリー,41645139,若月 健矢,2,8,敗,勝敗なし,18,6,2,2,109,6,2,5,1,0,終了,2026-07-10
2026,2026-04-05,20260405-f-b-03,パ,日本ハム,オリックス,ホーム,エスコンＦ,51155130,有原 航平,51055138,田宮 裕涼,8,2,勝,勝,21,7,2,2,108,4,2,2,1,1,終了,2026-07-10
2026,2026-04-05,20260405-g-db-03,セ,DeNA,巨人,ビジター,東京ドーム,21125159,石田 裕太郎,23125136,山本 祐大,2,3,敗,敗,20,6.2,2,2,97,5,1,5,1,0,終了,2026-07-10
2026,2026-04-05,20260405-g-db-03,セ,巨人,DeNA,ホーム,東京ドーム,51355151,井上 温大,91595136,岸田 行倫,3,2,勝,勝,21,7,1,1,89,3,1,8,1,1,終了,2026-07-10
2026,2026-04-05,20260405-l-e-03,パ,楽天,西武,ビジター,ベルーナドーム,81685152,藤原 聡大,81185116,伊藤 光,1,1,分,勝敗なし,15,5,1,1,94,4,3,4,0,0,終了,2026-07-10
2026,2026-04-05,20260405-l-e-03,パ,西武,楽天,ホーム,ベルーナドーム,31035136,平良 海馬,41745152,小島 大河,1,1,分,勝敗なし,24,8,1,0,116,2,3,12,1,1,終了,2026-07-10
2026,2026-04-05,20260405-m-h-03,パ,ソフトバンク,ロッテ,ビジター,ZOZOマリン,53755138,スチュワート・ジュニア,11215132,谷川原 健太,4,3,勝,勝,18,6,2,2,95,4,1,5,1,0,終了,2026-07-10
2026,2026-04-05,20260405-m-h-03,パ,ロッテ,ソフトバンク,ホーム,ZOZOマリン,11515138,小島 和哉,71075151,佐藤 都志也,3,4,敗,敗,13,4.1,4,4,71,6,1,2,0,0,終了,2026-07-10
2026,2026-04-05,20260405-s-d-03,セ,ヤクルト,中日,ホーム,神 宮,21925139,高梨 裕稔,51255118,中村 悠平,7,5,勝,勝敗なし,16,5.1,4,2,95,7,2,5,0,0,終了,2026-07-10
2026,2026-04-05,20260405-s-d-03,セ,中日,ヤクルト,ビジター,神 宮,61265153,髙橋 宏斗,41545130,加藤 匠馬,5,7,敗,勝敗なし,18,6,5,3,115,8,3,8,1,0,終了,2026-07-10
2026,2026-04-07,20260407-b-m-01,パ,オリックス,ロッテ,ホーム,京セラD大阪,61065159,髙島 泰都,41645139,若月 健矢,3,1,勝,勝敗なし,16,5.1,1,1,88,5,1,6,0,0,終了,2026-07-10
2026,2026-04-07,20260407-b-m-01,パ,ロッテ,オリックス,ビジター,京セラD大阪,71775159,木村 優人,53155155,松川 虎生,1,3,敗,勝敗なし,18,6,1,1,90,4,3,3,1,0,終了,2026-07-10
2026,2026-04-07,20260407-c-g-01,セ,巨人,広島,ビジター,マツダスタジアム,53355152,ウィットリー,21325136,大城 卓三,2,5,敗,敗,18,6,5,4,91,3,2,2,0,0,終了,2026-07-10
2026,2026-04-07,20260407-c-g-01,セ,広島,巨人,ホーム,マツダスタジアム,53155151,森下 暢仁,11915134,坂倉 将吾,5,2,勝,勝,19,6.1,2,2,101,6,3,4,1,0,終了,2026-07-10
2026,2026-04-07,20260407-db-d-01,セ,DeNA,中日,ホーム,横 浜,61665155,深沢 鳳介,23125136,山本 祐大,5,3,勝,勝敗なし,12,4,1,1,88,6,3,5,0,0,終了,2026-07-10
2026,2026-04-07,20260407-db-d-01,セ,中日,DeNA,ビジター,横 浜,61565150,金丸 夢斗,31735132,木下 拓哉,3,5,敗,敗,15,5,4,4,92,9,1,1,0,0,終了,2026-07-10
2026,2026-04-07,20260407-e-f-01,パ,楽天,日本ハム,ホーム,楽天モバイル,51655114,前田 健太,71375138,太田 光,3,0,勝,勝敗なし,10,3.1,0,0,65,3,1,4,0,0,終了,2026-07-10
2026,2026-04-07,20260407-e-f-01,パ,日本ハム,楽天,ビジター,楽天モバイル,61865159,細野 晴希,51055138,田宮 裕涼,0,3,敗,敗,15,5,3,2,86,7,2,5,0,0,終了,2026-07-10
2026,2026-04-07,20260407-h-l-01,パ,ソフトバンク,西武,ホーム,みずほPayPay,01505151,大関 友久,81385151,海野 隆司,6,8,敗,敗,13,4.1,6,5,70,9,0,2,0,0,終了,2026-07-10
2026,2026-04-07,20260407-h-l-01,パ,西武,ソフトバンク,ビジター,みずほPayPay,21025155,隅田 知一郎,81785155,古賀 悠斗,8,6,勝,勝,21,7,3,3,95,7,1,5,1,0,終了,2026-07-10
2026,2026-04-07,20260407-t-s-01,セ,ヤクルト,阪神,ビジター,甲子園,11515137,小川 泰弘,01705134,古賀 優大,3,9,敗,敗,14,4.2,5,0,85,7,0,3,0,0,終了,2026-07-10
2026,2026-04-07,20260407-t-s-01,セ,阪神,ヤクルト,ホーム,甲子園,41745134,才木 浩人,11915132,坂本 誠志郎,9,3,勝,勝,24,8,3,2,105,5,0,16,1,1,終了,2026-07-10
2026,2026-04-08,20260408-b-m-02,パ,オリックス,ロッテ,ホーム,京セラD大阪,43545159,エスピノーザ,91495139,森 友哉,9,1,勝,勝,21,7,1,1,112,6,2,4,1,1,終了,2026-07-10
2026,2026-04-08,20260408-b-m-02,パ,ロッテ,オリックス,ビジター,京セラD大阪,43745159,ジャクソン,53155155,松川 虎生,1,9,敗,敗,18,6,6,5,96,8,2,4,0,0,終了,2026-07-10
2026,2026-04-08,20260408-c-g-02,セ,巨人,広島,ビジター,マツダスタジアム,11215114,田中 将大,91595136,岸田 行倫,2,1,勝,勝敗なし,21,7,1,0,79,3,1,5,1,1,終了,2026-07-10
2026,2026-04-08,20260408-c-g-02,セ,広島,巨人,ホーム,マツダスタジアム,93395155,森 翔平,11915134,坂倉 将吾,1,2,敗,勝敗なし,21,7,0,0,80,6,0,3,1,1,終了,2026-07-10
2026,2026-04-08,20260408-db-d-02,セ,DeNA,中日,ホーム,横 浜,83385152,コックス,23125136,山本 祐大,4,6,敗,勝敗なし,9,3,2,2,45,5,1,0,0,0,終了,2026-07-10
2026,2026-04-08,20260408-db-d-02,セ,中日,DeNA,ビジター,横 浜,51455152,中西 聖輝,31735132,木下 拓哉,6,4,勝,勝敗なし,15,5,2,2,88,5,3,7,0,0,終了,2026-07-10
2026,2026-04-08,20260408-e-f-02,パ,楽天,日本ハム,ホーム,楽天モバイル,21725159,古謝 樹,71375138,太田 光,0,1,敗,敗,27,9,1,1,109,1,1,6,1,1,終了,2026-07-10
2026,2026-04-08,20260408-e-f-02,パ,日本ハム,楽天,ビジター,楽天モバイル,51755155,北山 亘基,61965130,清水 優心,1,0,勝,勝,24,8,0,0,102,3,1,10,1,1,終了,2026-07-10
2026,2026-04-08,20260408-h-l-02,パ,ソフトバンク,西武,ホーム,みずほPayPay,23525152,徐 若熙,81385151,海野 隆司,1,2,敗,敗,21,7,1,1,90,6,2,5,1,1,終了,2026-07-10
2026,2026-04-08,20260408-h-l-02,パ,西武,ソフトバンク,ビジター,みずほPayPay,71075130,髙橋 光成,41745152,小島 大河,2,1,勝,勝,24,8,0,0,125,2,1,11,1,1,終了,2026-07-10
2026,2026-04-08,20260408-t-s-02,セ,ヤクルト,阪神,ビジター,甲子園,03105159,松本 健吾,01705134,古賀 優大,3,2,勝,勝敗なし,12,4,2,2,85,5,4,5,0,0,終了,2026-07-10
2026,2026-04-08,20260408-t-s-02,セ,阪神,ヤクルト,ホーム,甲子園,73975152,ルーカス,11915132,坂本 誠志郎,2,3,敗,勝敗なし,15,5,1,1,70,5,0,6,0,0,終了,2026-07-10
2026,2026-04-09,20260409-b-m-03,パ,オリックス,ロッテ,ホーム,京セラD大阪,71875151,宮城 大弥,41645139,若月 健矢,2,1,勝,勝敗なし,17,5.2,1,1,94,6,2,7,0,0,終了,2026-07-10
2026,2026-04-09,20260409-b-m-03,パ,ロッテ,オリックス,ビジター,京セラD大阪,01205118,西野 勇士,71075151,佐藤 都志也,1,2,敗,勝敗なし,15,5,1,1,83,6,2,2,0,0,終了,2026-07-10
2026,2026-04-09,20260409-e-f-03,パ,楽天,日本ハム,ホーム,楽天モバイル,73375152,ウレーニャ,81185116,伊藤 光,2,4,敗,勝敗なし,15,5,0,0,65,2,0,5,0,0,終了,2026-07-10
2026,2026-04-09,20260409-e-f-03,パ,日本ハム,楽天,ビジター,楽天モバイル,41545132,加藤 貴之,51055138,田宮 裕涼,4,2,勝,勝,15,5,1,1,74,7,1,4,0,0,終了,2026-07-10
2026,2026-04-09,20260409-h-l-03,パ,ソフトバンク,西武,ホーム,みずほPayPay,01305157,大津 亮介,81385151,海野 隆司,2,0,勝,勝,21,7,0,0,90,1,1,4,1,1,終了,2026-07-10
2026,2026-04-09,20260409-h-l-03,パ,西武,ソフトバンク,ビジター,みずほPayPay,71075155,菅井 信也,41745152,小島 大河,0,2,敗,勝敗なし,18,6,0,0,105,2,3,5,1,0,終了,2026-07-10
2026,2026-04-09,20260409-t-s-03,セ,ヤクルト,阪神,ビジター,甲子園,31735151,奥川 恭伸,01005159,鈴木 叶,0,2,敗,敗,15,5,2,2,86,5,1,6,0,0,終了,2026-07-10
2026,2026-04-09,20260409-t-s-03,セ,阪神,ヤクルト,ホーム,甲子園,81185157,茨木 秀俊,11915132,坂本 誠志郎,2,0,勝,勝,18,6,0,0,96,5,3,5,1,0,終了,2026-07-10
2026,2026-04-10,20260410-d-t-01,セ,阪神,中日,ビジター,バンテリンドーム,13315153,村上 頌樹,11915132,坂本 誠志郎,5,3,勝,勝敗なし,21,7,2,1,113,6,2,4,1,1,終了,2026-07-10
2026,2026-04-10,20260410-d-t-01,セ,中日,阪神,ホーム,バンテリンドーム,63165134,柳 裕也,31735132,木下 拓哉,3,5,敗,勝敗なし,18,6,1,1,97,5,0,6,1,0,終了,2026-07-10
2026,2026-04-10,20260410-g-s-01,セ,ヤクルト,巨人,ビジター,東京ドーム,53555157,吉村 貢司郎,01705134,古賀 優大,2,3,敗,敗,21,7,3,2,108,5,0,6,1,1,終了,2026-07-10
2026,2026-04-10,20260410-g-s-01,セ,巨人,ヤクルト,ホーム,東京ドーム,71275152,竹丸 和幸,91595136,岸田 行倫,3,2,勝,勝,17,5.2,1,1,84,8,1,2,0,0,終了,2026-07-10
2026,2026-04-10,20260410-l-m-04,パ,ロッテ,西武,ビジター,県営大宮,61765153,河村 説人,53155155,松川 虎生,6,3,勝,勝敗なし,18,6,1,1,92,4,0,5,1,0,終了,2026-07-10
2026,2026-04-10,20260410-l-m-04,パ,西武,ロッテ,ホーム,県営大宮,53155138,渡邉 勇太朗,81785155,古賀 悠斗,3,6,敗,勝敗なし,20,6.2,2,2,119,6,2,1,1,0,終了,2026-07-10
2026,2026-04-11,20260411-d-t-02,セ,阪神,中日,ビジター,バンテリンドーム,71375150,伊原 陵人,61065137,伏見 寅威,9,3,勝,勝,18,6,1,1,95,6,1,6,1,0,終了,2026-07-10
2026,2026-04-11,20260411-d-t-02,セ,中日,阪神,ホーム,バンテリンドーム,11515133,大野 雄大,31735132,木下 拓哉,3,9,敗,敗,12,4,4,4,69,5,2,1,0,0,終了,2026-07-10
2026,2026-04-11,20260411-db-c-01,セ,DeNA,広島,ホーム,横 浜,51155136,東 克樹,23125136,山本 祐大,4,3,勝,勝,21,7,3,1,97,4,2,2,1,1,終了,2026-07-10
2026,2026-04-11,20260411-db-c-01,セ,広島,DeNA,ビジター,横 浜,43545152,ターノック,11915134,坂倉 将吾,3,4,敗,敗,12,4,4,4,71,9,1,6,0,0,終了,2026-07-10
2026,2026-04-11,20260411-e-b-04,パ,オリックス,楽天,ビジター,楽天モバイル,71775139,九里 亜蓮,41645139,若月 健矢,4,11,敗,敗,11,3.2,5,5,69,9,1,1,0,0,終了,2026-07-10
2026,2026-04-11,20260411-e-b-04,パ,楽天,オリックス,ホーム,楽天モバイル,31835153,早川 隆久,71375138,太田 光,11,4,勝,勝,21,7,1,1,87,3,2,5,1,1,終了,2026-07-10
2026,2026-04-11,20260411-f-h-04,パ,ソフトバンク,日本ハム,ビジター,エスコンＦ,51355135,上沢 直之,81385151,海野 隆司,6,3,勝,勝,21,7,2,2,116,7,2,6,1,1,終了,2026-07-10
2026,2026-04-11,20260411-f-h-04,パ,日本ハム,ソフトバンク,ホーム,エスコンＦ,51355153,伊藤 大海,51055138,田宮 裕涼,3,6,敗,敗,17,5.2,6,6,111,7,3,5,0,0,終了,2026-07-10
2026,2026-04-11,20260411-g-s-02,セ,ヤクルト,巨人,ビジター,東京ドーム,63365153,山野 太一,01005159,鈴木 叶,3,2,勝,勝,21,7,2,2,87,5,0,7,1,1,終了,2026-07-10
2026,2026-04-11,20260411-g-s-02,セ,巨人,ヤクルト,ホーム,東京ドーム,53755152,マタ,03105151,山瀬 慎之助,2,3,敗,敗,15,5,2,2,97,6,2,6,0,0,終了,2026-07-10
2026,2026-04-11,20260411-l-m-05,パ,ロッテ,西武,ビジター,ベルーナドーム,01005157,田中 晴也,53155155,松川 虎生,2,5,敗,敗,18,6,5,5,95,8,3,3,0,0,終了,2026-07-10
2026,2026-04-11,20260411-l-m-05,パ,西武,ロッテ,ホーム,ベルーナドーム,51255159,武内 夏暉,41745152,小島 大河,5,2,勝,勝,21,7,1,1,93,4,2,2,1,1,終了,2026-07-10
2026,2026-04-12,20260412-d-t-03,セ,阪神,中日,ビジター,バンテリンドーム,91095136,髙橋 遥人,61065137,伏見 寅威,3,0,勝,勝,27,9,0,0,123,5,2,10,1,1,終了,2026-07-10
2026,2026-04-12,20260412-d-t-03,セ,中日,阪神,ホーム,バンテリンドーム,61265153,髙橋 宏斗,41545130,加藤 匠馬,0,3,敗,敗,15,5,3,3,92,6,5,3,0,0,終了,2026-07-10
2026,2026-04-12,20260412-db-c-02,セ,DeNA,広島,ホーム,横 浜,21125159,石田 裕太郎,23125136,山本 祐大,6,5,勝,勝敗なし,15,5,4,2,91,5,1,3,0,0,終了,2026-07-10
2026,2026-04-12,20260412-db-c-02,セ,広島,DeNA,ビジター,横 浜,11415134,床田 寛樹,11915134,坂倉 将吾,5,6,敗,勝敗なし,20,6.2,4,4,65,7,0,2,0,0,終了,2026-07-10
2026,2026-04-12,20260412-e-b-05,パ,オリックス,楽天,ビジター,楽天モバイル,03505152,ジェリー,91495139,森 友哉,0,4,敗,敗,18,6,1,1,81,4,3,3,1,0,終了,2026-07-10
2026,2026-04-12,20260412-e-b-05,パ,楽天,オリックス,ホーム,楽天モバイル,31235151,瀧中 瞭太,81185116,伊藤 光,4,0,勝,勝,19,6.1,0,0,86,2,1,3,1,0,終了,2026-07-10
2026,2026-04-12,20260412-f-h-05,パ,ソフトバンク,日本ハム,ビジター,エスコンＦ,41845157,松本 晴,81385151,海野 隆司,11,7,勝,勝敗なし,8,2.2,5,5,66,8,1,3,0,0,終了,2026-07-10
2026,2026-04-12,20260412-f-h-05,パ,日本ハム,ソフトバンク,ホーム,エスコンＦ,51155130,有原 航平,51055138,田宮 裕涼,7,11,敗,敗,15,5,6,5,114,9,3,5,0,0,終了,2026-07-10
2026,2026-04-12,20260412-g-s-03,セ,ヤクルト,巨人,ビジター,東京ドーム,21925139,高梨 裕稔,01705134,古賀 優大,2,0,勝,勝,21,7,0,0,85,1,0,5,1,1,終了,2026-07-10
2026,2026-04-12,20260412-g-s-03,セ,巨人,ヤクルト,ホーム,東京ドーム,51355151,井上 温大,03105151,山瀬 慎之助,0,2,敗,敗,18,6,2,2,110,8,1,7,1,0,終了,2026-07-10
2026,2026-04-12,20260412-l-m-06,パ,ロッテ,西武,ビジター,ベルーナドーム,81685150,廣池 康志郎,71075151,佐藤 都志也,1,2,敗,勝敗なし,21,7,0,0,93,1,0,8,1,1,終了,2026-07-10
2026,2026-04-12,20260412-l-m-06,パ,西武,ロッテ,ホーム,ベルーナドーム,31035136,平良 海馬,41745152,小島 大河,2,1,勝,勝敗なし,21,7,0,0,118,5,2,6,1,1,終了,2026-07-10
2026,2026-04-14,20260414-b-l-04,パ,オリックス,西武,ホーム,京セラD大阪,81985157,曽谷 龍平,41645139,若月 健矢,5,1,勝,勝,15,5,1,1,89,5,2,4,0,0,終了,2026-07-10
2026,2026-04-14,20260414-b-l-04,パ,西武,オリックス,ビジター,京セラD大阪,21025155,隅田 知一郎,81785155,古賀 悠斗,1,5,敗,敗,15,5,5,1,70,4,0,4,0,0,終了,2026-07-10
2026,2026-04-14,20260414-d-c-04,セ,広島,中日,ビジター,豊 橋,53155151,森下 暢仁,11915134,坂倉 将吾,2,6,敗,敗,12,4,4,4,79,7,1,3,0,0,終了,2026-07-10
2026,2026-04-14,20260414-d-c-04,セ,中日,広島,ホーム,豊 橋,61565150,金丸 夢斗,21125150,石伊 雄太,6,2,勝,勝,22,7.1,2,2,119,7,0,8,1,1,終了,2026-07-10
2026,2026-04-14,20260414-h-e-04,パ,ソフトバンク,楽天,ホーム,みずほPayPay,53755138,スチュワート・ジュニア,11215132,谷川原 健太,2,3,敗,敗,14,4.2,3,2,90,5,6,4,0,0,終了,2026-07-10
2026,2026-04-14,20260414-h-e-04,パ,楽天,ソフトバンク,ビジター,みずほPayPay,21925157,荘司 康誠,71375138,太田 光,3,2,勝,勝,15,5,2,2,89,4,1,6,0,0,終了,2026-07-10
2026,2026-04-14,20260414-m-f-04,パ,ロッテ,日本ハム,ホーム,ZOZOマリン,43745159,ジャクソン,53155155,松川 虎生,1,5,敗,敗,21,7,4,4,114,6,5,8,0,0,終了,2026-07-10
2026,2026-04-14,20260414-m-f-04,パ,日本ハム,ロッテ,ビジター,ZOZOマリン,01205155,達 孝太,51055138,田宮 裕涼,5,1,勝,勝,24,8,1,1,121,5,2,7,1,1,終了,2026-07-10
2026,2026-04-14,20260414-s-db-04,セ,DeNA,ヤクルト,ビジター,松 山,11415150,竹田 祐,21825157,松尾 汐恩,3,5,敗,敗,13,4.1,5,4,68,6,1,2,0,0,終了,2026-07-10
2026,2026-04-14,20260414-s-db-04,セ,ヤクルト,DeNA,ホーム,松 山,11515137,小川 泰弘,01705134,古賀 優大,5,3,勝,勝敗なし,13,4.1,3,3,80,4,5,4,0,0,終了,2026-07-10
2026,2026-04-14,20260414-t-g-04,セ,巨人,阪神,ビジター,甲子園,51055137,則本 昂大,21325136,大城 卓三,4,3,勝,勝敗なし,18,6,0,0,93,2,1,3,1,0,終了,2026-07-10
2026,2026-04-14,20260414-t-g-04,セ,阪神,巨人,ホーム,甲子園,41745134,才木 浩人,11915132,坂本 誠志郎,3,4,敗,勝敗なし,18,6,2,1,101,7,0,8,1,0,終了,2026-07-10
2026,2026-04-15,20260415-b-l-05,パ,オリックス,西武,ホーム,京セラD大阪,43545159,エスピノーザ,91495139,森 友哉,3,1,勝,勝,18,6,0,0,96,4,2,8,1,0,終了,2026-07-10
2026,2026-04-15,20260415-b-l-05,パ,西武,オリックス,ビジター,京セラD大阪,71075130,髙橋 光成,41745152,小島 大河,1,3,敗,敗,21,7,3,3,110,8,0,5,1,0,終了,2026-07-10
2026,2026-04-15,20260415-d-c-05,セ,広島,中日,ビジター,バンテリンドーム,91995153,栗林 良吏,11915134,坂倉 将吾,5,2,勝,勝,19,6.1,2,2,97,5,2,6,1,0,終了,2026-07-10
2026,2026-04-15,20260415-d-c-05,セ,中日,広島,ホーム,バンテリンドーム,13915150,マラー,21125150,石伊 雄太,2,5,敗,敗,16,5.1,3,2,73,5,1,5,0,0,終了,2026-07-10
2026,2026-04-15,20260415-h-e-05,パ,ソフトバンク,楽天,ホーム,みずほPayPay,01505151,大関 友久,81385151,海野 隆司,2,3,敗,勝敗なし,20,6.2,2,2,108,6,3,4,1,0,終了,2026-07-10
2026,2026-04-15,20260415-h-e-05,パ,楽天,ソフトバンク,ビジター,みずほPayPay,21725159,古謝 樹,71375138,太田 光,3,2,勝,勝敗なし,19,6.1,2,2,101,4,3,6,1,0,終了,2026-07-10
2026,2026-04-15,20260415-m-f-05,パ,ロッテ,日本ハム,ホーム,ZOZOマリン,73175152,毛利 海大,71075151,佐藤 都志也,9,7,勝,勝敗なし,9,3,5,5,81,3,5,4,0,0,終了,2026-07-10
2026,2026-04-15,20260415-m-f-05,パ,日本ハム,ロッテ,ビジター,ZOZOマリン,41545132,加藤 貴之,61965130,清水 優心,7,9,敗,敗,11,3.2,8,6,57,7,1,1,0,0,終了,2026-07-10
2026,2026-04-16,20260416-b-l-06,パ,オリックス,西武,ホーム,京セラD大阪,61465150,寺西 成騎,91495139,森 友哉,7,1,勝,勝,18,6,1,1,75,5,0,4,1,0,終了,2026-07-10
2026,2026-04-16,20260416-b-l-06,パ,西武,オリックス,ビジター,京セラD大阪,71075155,菅井 信也,41745152,小島 大河,1,7,敗,敗,12,4,3,3,88,6,1,0,0,0,終了,2026-07-10
2026,2026-04-16,20260416-h-e-06,パ,ソフトバンク,楽天,ホーム,北九州,01305157,大津 亮介,81385151,海野 隆司,6,0,勝,勝,21,7,0,0,106,4,0,11,1,1,終了,2026-07-10
2026,2026-04-16,20260416-h-e-06,パ,楽天,ソフトバンク,ビジター,北九州,81685152,藤原 聡大,81185116,伊藤 光,0,6,敗,敗,12,4,5,5,85,5,3,5,0,0,終了,2026-07-10
2026,2026-04-16,20260416-m-f-06,パ,ロッテ,日本ハム,ホーム,ZOZOマリン,71775159,木村 優人,71075151,佐藤 都志也,5,3,勝,勝敗なし,12,4,3,3,76,4,2,4,0,0,終了,2026-07-10
2026,2026-04-16,20260416-m-f-06,パ,日本ハム,ロッテ,ビジター,ZOZOマリン,61865159,細野 晴希,51055138,田宮 裕涼,3,5,敗,勝敗なし,15,5,3,3,101,5,4,6,0,0,終了,2026-07-10
2026,2026-04-16,20260416-s-db-05,セ,DeNA,ヤクルト,ビジター,神 宮,13715150,デュプランティエ,23125136,山本 祐大,0,2,敗,敗,12,4,2,1,75,6,1,2,0,0,終了,2026-07-10
2026,2026-04-16,20260416-s-db-05,セ,ヤクルト,DeNA,ホーム,神 宮,03105159,松本 健吾,01705134,古賀 優大,2,0,勝,勝,18,6,0,0,76,3,2,2,1,0,終了,2026-07-10
2026,2026-04-16,20260416-t-g-05,セ,巨人,阪神,ビジター,甲子園,11215114,田中 将大,91595136,岸田 行倫,4,3,勝,勝,18,6,3,3,82,7,0,4,1,0,終了,2026-07-10
2026,2026-04-16,20260416-t-g-05,セ,阪神,巨人,ホーム,甲子園,73975152,ルーカス,11915132,坂本 誠志郎,3,4,敗,敗,15,5,4,4,94,7,2,3,0,0,終了,2026-07-10
2026,2026-04-17,20260417-c-db-03,セ,DeNA,広島,ビジター,マツダスタジアム,01905139,平良 拳太郎,21825157,松尾 汐恩,5,1,勝,勝,18,6,1,1,87,3,1,6,1,0,終了,2026-07-10
2026,2026-04-17,20260417-c-db-03,セ,広島,DeNA,ホーム,マツダスタジアム,91595150,岡本 駿,11915134,坂倉 将吾,1,5,敗,勝敗なし,15,5,1,1,92,5,4,6,0,0,終了,2026-07-10
2026,2026-04-17,20260417-e-m-01,パ,ロッテ,楽天,ビジター,楽天モバイル,71275134,種市 篤暉,71075151,佐藤 都志也,0,1,敗,勝敗なし,21,7,0,0,91,5,0,6,1,1,終了,2026-07-10
2026,2026-04-17,20260417-e-m-01,パ,楽天,ロッテ,ホーム,楽天モバイル,71875153,藤井 聖,71375138,太田 光,1,0,勝,勝敗なし,18,6,0,0,92,2,1,5,1,0,終了,2026-07-10
2026,2026-04-17,20260417-f-l-01,パ,西武,日本ハム,ビジター,エスコンＦ,53155138,渡邉 勇太朗,81785155,古賀 悠斗,5,3,勝,勝,21,7,3,3,108,4,1,6,1,0,終了,2026-07-10
2026,2026-04-17,20260417-f-l-01,パ,日本ハム,西武,ホーム,エスコンＦ,51755155,北山 亘基,51055138,田宮 裕涼,3,5,敗,勝敗なし,18,6,2,2,94,7,1,2,1,0,終了,2026-07-10
2026,2026-04-17,20260417-h-b-01,パ,オリックス,ソフトバンク,ビジター,みずほPayPay,61065159,髙島 泰都,41645139,若月 健矢,13,4,勝,勝,18,6,2,2,92,6,0,4,1,0,終了,2026-07-10
2026,2026-04-17,20260417-h-b-01,パ,ソフトバンク,オリックス,ホーム,みずほPayPay,23525152,徐 若熙,11215132,谷川原 健太,4,13,敗,敗,5,1.2,7,7,60,6,4,1,0,0,終了,2026-07-10
2026,2026-04-17,20260417-s-g-04,セ,ヤクルト,巨人,ホーム,神 宮,63965150,ウォルターズ,51255118,中村 悠平,2,8,敗,敗,8,2.2,7,7,77,8,3,4,0,0,終了,2026-07-10
2026,2026-04-17,20260417-s-g-04,セ,巨人,ヤクルト,ビジター,神 宮,53355152,ウィットリー,21325136,大城 卓三,8,2,勝,勝,21,7,0,0,94,2,3,9,1,1,終了,2026-07-10
2026,2026-04-17,20260417-t-d-04,セ,阪神,中日,ホーム,甲子園,13315153,村上 頌樹,11915132,坂本 誠志郎,2,1,勝,勝敗なし,18,6,1,1,106,4,1,4,1,0,終了,2026-07-10
2026,2026-04-17,20260417-t-d-04,セ,中日,阪神,ビジター,甲子園,63165134,柳 裕也,31735132,木下 拓哉,1,2,敗,勝敗なし,18,6,1,1,125,8,3,5,1,0,終了,2026-07-10
2026,2026-04-18,20260418-c-db-04,セ,DeNA,広島,ビジター,マツダスタジアム,51155136,東 克樹,23125136,山本 祐大,7,2,勝,勝,18,6,0,0,93,4,1,9,1,0,終了,2026-07-10
2026,2026-04-18,20260418-c-db-04,セ,広島,DeNA,ホーム,マツダスタジアム,43545152,ターノック,11915134,坂倉 将吾,2,7,敗,敗,18,6,5,5,111,5,3,6,0,0,終了,2026-07-10
2026,2026-04-18,20260418-e-m-02,パ,ロッテ,楽天,ビジター,楽天モバイル,01005157,田中 晴也,53155155,松川 虎生,1,9,敗,敗,15,5,7,7,104,8,3,4,0,0,終了,2026-07-10
2026,2026-04-18,20260418-e-m-02,パ,楽天,ロッテ,ホーム,楽天モバイル,73375152,ウレーニャ,81185116,伊藤 光,9,1,勝,勝,18,6,1,1,114,6,3,4,1,0,終了,2026-07-10
2026,2026-04-18,20260418-f-l-02,パ,西武,日本ハム,ビジター,エスコンＦ,51255159,武内 夏暉,41745152,小島 大河,3,5,敗,敗,15,5,3,0,104,6,2,4,0,0,終了,2026-07-10
2026,2026-04-18,20260418-f-l-02,パ,日本ハム,西武,ホーム,エスコンＦ,51355153,伊藤 大海,51055138,田宮 裕涼,5,3,勝,勝,18,6,2,2,103,8,0,4,1,0,終了,2026-07-10
2026,2026-04-18,20260418-h-b-02,パ,オリックス,ソフトバンク,ビジター,みずほPayPay,71775139,九里 亜蓮,41645139,若月 健矢,0,7,敗,敗,18,6,2,2,109,5,2,5,1,0,終了,2026-07-10
2026,2026-04-18,20260418-h-b-02,パ,ソフトバンク,オリックス,ホーム,みずほPayPay,51355135,上沢 直之,81385151,海野 隆司,7,0,勝,勝,25,8.1,0,0,134,1,2,9,1,1,終了,2026-07-10
2026,2026-04-18,20260418-s-g-05,セ,ヤクルト,巨人,ホーム,神 宮,31735151,奥川 恭伸,01705134,古賀 優大,4,3,勝,勝敗なし,21,7,3,3,100,6,2,6,1,0,終了,2026-07-10
2026,2026-04-18,20260418-s-g-05,セ,巨人,ヤクルト,ビジター,神 宮,53755152,マタ,03105151,山瀬 慎之助,3,4,敗,勝敗なし,18,6,1,1,99,4,2,6,1,0,終了,2026-07-10
2026,2026-04-18,20260418-t-d-05,セ,阪神,中日,ホーム,甲子園,41345136,大竹 耕太郎,11915132,坂本 誠志郎,4,3,勝,勝敗なし,18,6,3,3,111,9,3,4,1,0,終了,2026-07-10
2026,2026-04-18,20260418-t-d-05,セ,中日,阪神,ビジター,甲子園,11515133,大野 雄大,21125150,石伊 雄太,3,4,敗,勝敗なし,18,6,2,2,106,5,3,11,1,0,終了,2026-07-10
2026,2026-04-19,20260419-c-db-05,セ,DeNA,広島,ビジター,マツダスタジアム,21125159,石田 裕太郎,23125136,山本 祐大,2,0,勝,勝,18,6,0,0,84,5,1,4,1,0,終了,2026-07-10
2026,2026-04-19,20260419-c-db-05,セ,広島,DeNA,ホーム,マツダスタジアム,11415134,床田 寛樹,81885151,持丸 泰輝,0,2,敗,敗,24,8,2,2,105,6,1,2,1,1,終了,2026-07-10
2026,2026-04-19,20260419-e-m-03,パ,ロッテ,楽天,ビジター,楽天モバイル,81685150,廣池 康志郎,41945137,田村 龍弘,8,5,勝,勝敗なし,17,5.2,5,4,87,5,4,1,0,0,終了,2026-07-10
2026,2026-04-19,20260419-e-m-03,パ,楽天,ロッテ,ホーム,楽天モバイル,31835153,早川 隆久,71375138,太田 光,5,8,敗,勝敗なし,21,7,2,2,103,3,1,7,1,1,終了,2026-07-10
2026,2026-04-19,20260419-f-l-03,パ,西武,日本ハム,ビジター,エスコンＦ,31035136,平良 海馬,81785155,古賀 悠斗,15,3,勝,勝,18,6,2,2,85,4,1,3,1,0,終了,2026-07-10
2026,2026-04-19,20260419-f-l-03,パ,日本ハム,西武,ホーム,エスコンＦ,51155130,有原 航平,51055138,田宮 裕涼,3,15,敗,敗,18,6,5,5,89,7,2,0,0,0,終了,2026-07-10
2026,2026-04-19,20260419-h-b-03,パ,オリックス,ソフトバンク,ビジター,みずほPayPay,03505152,ジェリー,91495139,森 友哉,2,1,勝,勝敗なし,18,6,1,1,101,4,1,5,1,0,終了,2026-07-10
2026,2026-04-19,20260419-h-b-03,パ,ソフトバンク,オリックス,ホーム,みずほPayPay,41845157,松本 晴,81385151,海野 隆司,1,2,敗,敗,25,8.1,2,2,85,7,0,7,1,1,終了,2026-07-10
2026,2026-04-19,20260419-s-g-06,セ,ヤクルト,巨人,ホーム,神 宮,01805152,増居 翔太,01705134,古賀 優大,3,1,勝,勝,15,5,1,1,75,2,1,4,0,0,終了,2026-07-10
2026,2026-04-19,20260419-s-g-06,セ,巨人,ヤクルト,ビジター,神 宮,51355151,井上 温大,91595136,岸田 行倫,1,3,敗,敗,14,4.2,3,2,86,4,3,7,0,0,終了,2026-07-10
2026,2026-04-19,20260419-t-d-06,セ,阪神,中日,ホーム,甲子園,71375150,伊原 陵人,61065137,伏見 寅威,7,5,勝,勝敗なし,4,1.1,4,4,53,5,3,2,0,0,終了,2026-07-10
2026,2026-04-19,20260419-t-d-06,セ,中日,阪神,ビジター,甲子園,61265153,髙橋 宏斗,21125150,石伊 雄太,5,7,敗,敗,16,5.1,6,6,86,6,4,3,0,0,終了,2026-07-10
2026,2026-04-21,20260421-c-s-03,セ,ヤクルト,広島,ビジター,マツダスタジアム,53555157,吉村 貢司郎,01705134,古賀 優大,1,2,敗,敗,18,6,2,2,90,3,1,5,1,0,終了,2026-07-10
2026,2026-04-21,20260421-c-s-03,セ,広島,ヤクルト,ホーム,マツダスタジアム,53155151,森下 暢仁,81885151,持丸 泰輝,2,1,勝,勝,21,7,1,1,106,4,2,3,1,1,終了,2026-07-10
2026,2026-04-21,20260421-db-t-04,セ,DeNA,阪神,ホーム,横 浜,61665155,深沢 鳳介,23125136,山本 祐大,16,9,勝,勝敗なし,13,4.1,5,5,90,8,1,2,0,0,終了,2026-07-10
2026,2026-04-21,20260421-db-t-04,セ,阪神,DeNA,ビジター,横 浜,41745134,才木 浩人,11915132,坂本 誠志郎,9,16,敗,勝敗なし,15,5,6,6,102,7,2,4,0,0,終了,2026-07-10
2026,2026-04-21,20260421-f-e-04,パ,楽天,日本ハム,ビジター,エスコンＦ,21925157,荘司 康誠,71375138,太田 光,1,3,敗,敗,21,7,3,3,105,8,0,10,1,0,終了,2026-07-10
2026,2026-04-21,20260421-f-e-04,パ,日本ハム,楽天,ホーム,エスコンＦ,01205155,達 孝太,51055138,田宮 裕涼,3,1,勝,勝,21,7,1,1,107,2,2,7,1,1,終了,2026-07-10
2026,2026-04-21,20260421-g-d-04,セ,巨人,中日,ホーム,長 野,51055137,則本 昂大,21325136,大城 卓三,2,1,勝,勝敗なし,15,5,1,1,94,10,1,4,0,0,終了,2026-07-10
2026,2026-04-21,20260421-g-d-04,セ,中日,巨人,ビジター,長 野,61565150,金丸 夢斗,21125150,石伊 雄太,1,2,敗,敗,21,7,2,0,111,6,0,6,1,1,終了,2026-07-10
2026,2026-04-21,20260421-l-h-04,パ,ソフトバンク,西武,ビジター,ベルーナドーム,53755138,スチュワート・ジュニア,11215132,谷川原 健太,4,6,敗,敗,3,1,6,6,30,6,2,0,0,0,終了,2026-07-10
2026,2026-04-21,20260421-l-h-04,パ,西武,ソフトバンク,ホーム,ベルーナドーム,21025155,隅田 知一郎,41745152,小島 大河,6,4,勝,勝,21,7,4,4,105,5,2,9,0,0,終了,2026-07-10
2026,2026-04-21,20260421-m-b-04,パ,オリックス,ロッテ,ビジター,ZOZOマリン,41045136,田嶋 大樹,41645139,若月 健矢,4,7,敗,勝敗なし,15,5,4,4,89,6,0,3,0,0,終了,2026-07-10
2026,2026-04-21,20260421-m-b-04,パ,ロッテ,オリックス,ホーム,ZOZOマリン,43745159,ジャクソン,53155155,松川 虎生,7,4,勝,勝敗なし,15,5,4,4,101,5,2,4,0,0,終了,2026-07-10
2026,2026-04-22,20260422-c-s-04,セ,ヤクルト,広島,ビジター,マツダスタジアム,63365153,山野 太一,01005159,鈴木 叶,2,0,勝,勝,18,6,0,0,97,5,1,2,1,0,終了,2026-07-10
2026,2026-04-22,20260422-c-s-04,セ,広島,ヤクルト,ホーム,マツダスタジアム,61365139,大瀬良 大地,81885151,持丸 泰輝,0,2,敗,敗,15,5,2,2,85,6,1,4,0,0,終了,2026-07-10
2026,2026-04-22,20260422-db-t-05,セ,DeNA,阪神,ホーム,横 浜,11415150,竹田 祐,41245132,戸柱 恭孝,7,6,勝,勝敗なし,12,4,5,1,58,3,2,2,0,0,終了,2026-07-10
2026,2026-04-22,20260422-db-t-05,セ,阪神,DeNA,ビジター,横 浜,81185157,茨木 秀俊,11915132,坂本 誠志郎,6,7,敗,勝敗なし,14,4.2,5,5,87,9,3,3,0,0,終了,2026-07-10
2026,2026-04-22,20260422-f-e-05,パ,楽天,日本ハム,ビジター,エスコンＦ,21725159,古謝 樹,71375138,太田 光,4,5,敗,勝敗なし,18,6,3,3,88,8,3,5,1,0,終了,2026-07-10
2026,2026-04-22,20260422-f-e-05,パ,日本ハム,楽天,ホーム,エスコンＦ,41545132,加藤 貴之,61965130,清水 優心,5,4,勝,勝敗なし,15,5,2,1,77,4,0,5,0,0,終了,2026-07-10
2026,2026-04-22,20260422-g-d-05,セ,巨人,中日,ホーム,前 橋,71275152,竹丸 和幸,21325136,大城 卓三,5,1,勝,勝,15,5,1,1,97,6,1,10,0,0,終了,2026-07-10
2026,2026-04-22,20260422-g-d-05,セ,中日,巨人,ビジター,前 橋,21925152,櫻井 頼之介,21125150,石伊 雄太,1,5,敗,敗,9,3,4,4,77,7,2,4,0,0,終了,2026-07-10
2026,2026-04-22,20260422-l-h-05,パ,ソフトバンク,西武,ビジター,ベルーナドーム,01505151,大関 友久,81385151,海野 隆司,1,3,敗,敗,21,7,3,3,105,7,1,4,1,0,終了,2026-07-10
2026,2026-04-22,20260422-l-h-05,パ,西武,ソフトバンク,ホーム,ベルーナドーム,71075130,髙橋 光成,81785155,古賀 悠斗,3,1,勝,勝,27,9,1,1,126,3,1,8,1,1,終了,2026-07-10
2026,2026-04-22,20260422-m-b-05,パ,オリックス,ロッテ,ビジター,ZOZOマリン,81985157,曽谷 龍平,41645139,若月 健矢,4,1,勝,勝,21,7,1,1,101,2,0,9,1,1,終了,2026-07-10
2026,2026-04-22,20260422-m-b-05,パ,ロッテ,オリックス,ホーム,ZOZOマリン,73175152,毛利 海大,53155155,松川 虎生,1,4,敗,敗,14,4.2,4,3,65,4,2,3,0,0,終了,2026-07-10
2026,2026-04-23,20260423-c-s-05,セ,ヤクルト,広島,ビジター,マツダスタジアム,21925139,高梨 裕稔,01705134,古賀 優大,2,0,勝,勝,16,5.1,0,0,105,6,1,5,0,0,終了,2026-07-10
2026,2026-04-23,20260423-c-s-05,セ,広島,ヤクルト,ホーム,マツダスタジアム,91595150,岡本 駿,81885151,持丸 泰輝,0,2,敗,敗,15,5,2,2,71,5,1,3,0,0,終了,2026-07-10
2026,2026-04-23,20260423-f-e-06,パ,楽天,日本ハム,ビジター,エスコンＦ,31235151,瀧中 瞭太,81185116,伊藤 光,3,2,勝,勝,16,5.1,2,2,76,6,1,1,0,0,終了,2026-07-10
2026,2026-04-23,20260423-f-e-06,パ,日本ハム,楽天,ホーム,エスコンＦ,81685155,福島 蓮,51055138,田宮 裕涼,2,3,敗,敗,16,5.1,3,3,106,8,3,3,0,0,終了,2026-07-10
2026,2026-04-23,20260423-l-h-06,パ,ソフトバンク,西武,ビジター,ベルーナドーム,01305157,大津 亮介,81385151,海野 隆司,4,3,勝,勝,21,7,1,1,118,5,0,9,1,1,終了,2026-07-10
2026,2026-04-23,20260423-l-h-06,パ,西武,ソフトバンク,ホーム,ベルーナドーム,71075155,菅井 信也,81785155,古賀 悠斗,3,4,敗,勝敗なし,15,5,1,1,88,6,2,5,0,0,終了,2026-07-10
2026,2026-04-24,20260424-b-f-04,パ,オリックス,日本ハム,ホーム,京セラD大阪,43545159,エスピノーザ,91495139,森 友哉,3,2,勝,勝,21,7,1,1,98,3,1,7,1,1,終了,2026-07-10
2026,2026-04-24,20260424-b-f-04,パ,日本ハム,オリックス,ビジター,京セラD大阪,51355153,伊藤 大海,51055138,田宮 裕涼,2,3,敗,敗,24,8,3,3,103,7,0,7,1,0,終了,2026-07-10
2026,2026-04-24,20260424-d-s-04,セ,ヤクルト,中日,ビジター,バンテリンドーム,03105159,松本 健吾,01705134,古賀 優大,4,6,敗,勝敗なし,18,6,3,3,98,6,1,8,1,0,終了,2026-07-10
2026,2026-04-24,20260424-d-s-04,セ,中日,ヤクルト,ホーム,バンテリンドーム,63165134,柳 裕也,31735132,木下 拓哉,6,4,勝,勝敗なし,21,7,3,3,99,7,1,5,1,0,終了,2026-07-10
2026,2026-04-24,20260424-db-g-04,セ,DeNA,巨人,ホーム,横 浜,01905139,平良 拳太郎,21825157,松尾 汐恩,2,1,勝,勝敗なし,20,6.2,1,1,97,4,2,4,1,0,終了,2026-07-10
2026,2026-04-24,20260424-db-g-04,セ,巨人,DeNA,ビジター,横 浜,11215114,田中 将大,21325136,大城 卓三,1,2,敗,勝敗なし,20,6.2,0,0,87,8,1,3,1,0,終了,2026-07-10
2026,2026-04-25,20260425-b-f-05,パ,オリックス,日本ハム,ホーム,京セラD大阪,61065159,髙島 泰都,41645139,若月 健矢,4,2,勝,勝,15,5,1,1,82,3,1,6,0,0,終了,2026-07-10
2026,2026-04-25,20260425-b-f-05,パ,日本ハム,オリックス,ビジター,京セラD大阪,51755155,北山 亘基,61965130,清水 優心,2,4,敗,敗,15,5,3,3,99,7,1,7,0,0,終了,2026-07-10
2026,2026-04-25,20260425-d-s-05,セ,ヤクルト,中日,ビジター,バンテリンドーム,11515137,小川 泰弘,01705134,古賀 優大,2,5,敗,敗,18,6,5,5,80,4,2,2,0,0,終了,2026-07-10
2026,2026-04-25,20260425-d-s-05,セ,中日,ヤクルト,ホーム,バンテリンドーム,11515133,大野 雄大,21125150,石伊 雄太,5,2,勝,勝,21,7,0,0,96,3,0,6,1,1,終了,2026-07-10
2026,2026-04-25,20260425-db-g-05,セ,DeNA,巨人,ホーム,横 浜,61565152,片山 皓心,23125136,山本 祐大,2,7,敗,敗,8,2.2,7,7,70,9,2,2,0,0,終了,2026-07-10
2026,2026-04-25,20260425-db-g-05,セ,巨人,DeNA,ビジター,横 浜,53755152,マタ,91595136,岸田 行倫,7,2,勝,勝敗なし,8,2.2,2,2,63,2,4,3,0,0,終了,2026-07-10
2026,2026-04-25,20260425-e-l-04,パ,楽天,西武,ホーム,楽天モバイル,73375152,ウレーニャ,81185116,伊藤 光,7,9,敗,勝敗なし,12,4,4,3,79,7,2,1,0,0,終了,2026-07-10
2026,2026-04-25,20260425-e-l-04,パ,西武,楽天,ビジター,楽天モバイル,51255159,武内 夏暉,41745152,小島 大河,9,7,勝,勝敗なし,12,4,5,5,93,7,3,4,0,0,終了,2026-07-10
2026,2026-04-25,20260425-h-m-04,パ,ソフトバンク,ロッテ,ホーム,熊 本,51355135,上沢 直之,81385151,海野 隆司,0,5,敗,敗,18,6,5,5,78,6,0,2,0,0,終了,2026-07-10
2026,2026-04-25,20260425-h-m-04,パ,ロッテ,ソフトバンク,ビジター,熊 本,71275134,種市 篤暉,71075151,佐藤 都志也,5,0,勝,勝敗なし,2,0.2,0,0,15,1,0,1,0,0,終了,2026-07-10
2026,2026-04-25,20260425-t-c-04,セ,広島,阪神,ビジター,甲子園,43545152,ターノック,81885151,持丸 泰輝,2,2,分,勝敗なし,18,6,1,1,106,3,3,6,1,0,終了,2026-07-10
2026,2026-04-25,20260425-t-c-04,セ,阪神,広島,ホーム,甲子園,13315153,村上 頌樹,11915132,坂本 誠志郎,2,2,分,勝敗なし,21,7,1,1,121,7,0,2,1,1,終了,2026-07-10
2026,2026-04-26,20260426-b-f-06,パ,オリックス,日本ハム,ホーム,京セラD大阪,71775139,九里 亜蓮,41645139,若月 健矢,9,4,勝,勝,24,8,4,4,113,4,3,6,0,0,終了,2026-07-10
2026,2026-04-26,20260426-b-f-06,パ,日本ハム,オリックス,ビジター,京セラD大阪,51155130,有原 航平,51055138,田宮 裕涼,4,9,敗,敗,10,3.1,8,8,71,7,2,4,0,0,終了,2026-07-10
2026,2026-04-26,20260426-d-s-06,セ,ヤクルト,中日,ビジター,バンテリンドーム,31735151,奥川 恭伸,01005159,鈴木 叶,0,3,敗,敗,18,6,1,1,96,5,3,2,1,0,終了,2026-07-10
2026,2026-04-26,20260426-d-s-06,セ,中日,ヤクルト,ホーム,バンテリンドーム,61265153,髙橋 宏斗,21125150,石伊 雄太,3,0,勝,勝,21,7,0,0,125,5,3,7,1,1,終了,2026-07-10
2026,2026-04-26,20260426-db-g-06,セ,DeNA,巨人,ホーム,横 浜,21125159,石田 裕太郎,23125136,山本 祐大,1,4,敗,敗,18,6,2,2,103,7,0,6,1,0,終了,2026-07-10
2026,2026-04-26,20260426-db-g-06,セ,巨人,DeNA,ビジター,横 浜,51355151,井上 温大,91595136,岸田 行倫,4,1,勝,勝,18,6,1,0,86,3,0,3,1,0,終了,2026-07-10
2026,2026-04-26,20260426-e-l-05,パ,楽天,西武,ホーム,楽天モバイル,31835153,早川 隆久,71375138,太田 光,0,3,敗,勝敗なし,24,8,0,0,103,5,0,9,1,1,終了,2026-07-10
2026,2026-04-26,20260426-e-l-05,パ,西武,楽天,ビジター,楽天モバイル,31035136,平良 海馬,41745152,小島 大河,3,0,勝,勝敗なし,21,7,0,0,116,2,2,10,1,1,終了,2026-07-10
2026,2026-04-26,20260426-t-c-05,セ,広島,阪神,ビジター,甲子園,91995153,栗林 良吏,81885151,持丸 泰輝,0,1,敗,敗,21,7,1,1,86,2,2,4,1,1,終了,2026-07-10
2026,2026-04-26,20260426-t-c-05,セ,阪神,広島,ホーム,甲子園,41345136,大竹 耕太郎,11915132,坂本 誠志郎,1,0,勝,勝,21,7,0,0,105,4,0,6,1,1,終了,2026-07-10
2026,2026-04-28,20260428-b-h-04,パ,オリックス,ソフトバンク,ホーム,京セラD大阪,03505152,ジェリー,91495139,森 友哉,1,7,敗,勝敗なし,18,6,0,0,85,3,1,5,1,0,終了,2026-07-10
2026,2026-04-28,20260428-b-h-04,パ,ソフトバンク,オリックス,ビジター,京セラD大阪,41845157,松本 晴,81385151,海野 隆司,7,1,勝,勝敗なし,18,6,1,1,101,2,3,8,1,0,終了,2026-07-10
2026,2026-04-28,20260428-d-db-03,セ,DeNA,中日,ビジター,バンテリンドーム,51155136,東 克樹,23125136,山本 祐大,0,3,敗,敗,18,6,3,3,91,6,2,3,1,0,終了,2026-07-10
2026,2026-04-28,20260428-d-db-03,セ,中日,DeNA,ホーム,バンテリンドーム,61565150,金丸 夢斗,21125150,石伊 雄太,3,0,勝,勝,21,7,0,0,98,3,0,4,1,1,終了,2026-07-10
2026,2026-04-28,20260428-g-c-03,セ,巨人,広島,ホーム,東京ドーム,51055137,則本 昂大,91595136,岸田 行倫,1,11,敗,敗,15,5,6,6,98,12,1,3,0,0,終了,2026-07-10
2026,2026-04-28,20260428-g-c-03,セ,広島,巨人,ビジター,東京ドーム,11415134,床田 寛樹,81885151,持丸 泰輝,11,1,勝,勝,24,8,1,1,118,3,2,5,1,1,終了,2026-07-10
2026,2026-04-28,20260428-l-f-04,パ,西武,日本ハム,ホーム,ベルーナドーム,53155138,渡邉 勇太朗,81785155,古賀 悠斗,1,2,敗,勝敗なし,24,8,1,1,117,4,1,6,1,1,終了,2026-07-10
2026,2026-04-28,20260428-l-f-04,パ,日本ハム,西武,ビジター,ベルーナドーム,61865159,細野 晴希,51055138,田宮 裕涼,2,1,勝,勝敗なし,23,7.2,1,1,94,1,3,6,1,1,終了,2026-07-10
2026,2026-04-28,20260428-m-e-04,パ,ロッテ,楽天,ホーム,ZOZOマリン,43745159,ジャクソン,71075151,佐藤 都志也,3,1,勝,勝,21,7,0,0,116,1,4,12,1,1,終了,2026-07-10
2026,2026-04-28,20260428-m-e-04,パ,楽天,ロッテ,ビジター,ZOZOマリン,21925157,荘司 康誠,71375138,太田 光,1,3,敗,敗,18,6,3,3,106,7,1,9,1,0,終了,2026-07-10
2026,2026-04-28,20260428-s-t-04,セ,ヤクルト,阪神,ホーム,神 宮,53555157,吉村 貢司郎,01705134,古賀 優大,10,5,勝,勝,15,5,4,4,90,4,2,2,0,0,終了,2026-07-10
2026,2026-04-28,20260428-s-t-04,セ,阪神,ヤクルト,ビジター,神 宮,41745134,才木 浩人,11915132,坂本 誠志郎,5,10,敗,敗,6,2,6,5,52,6,2,3,0,0,終了,2026-07-10
2026,2026-04-29,20260429-b-h-05,パ,オリックス,ソフトバンク,ホーム,京セラD大阪,41045136,田嶋 大樹,41645139,若月 健矢,5,4,勝,勝敗なし,17,5.2,3,3,95,5,1,6,0,0,終了,2026-07-10
2026,2026-04-29,20260429-b-h-05,パ,ソフトバンク,オリックス,ビジター,京セラD大阪,01505151,大関 友久,81385151,海野 隆司,4,5,敗,勝敗なし,12,4,3,2,88,6,3,3,0,0,終了,2026-07-10
2026,2026-04-29,20260429-d-db-04,セ,DeNA,中日,ビジター,バンテリンドーム,11015152,島田 舜也,21825157,松尾 汐恩,4,2,勝,勝敗なし,15,5,2,2,73,3,2,1,0,0,終了,2026-07-10
2026,2026-04-29,20260429-d-db-04,セ,中日,DeNA,ホーム,バンテリンドーム,21925152,櫻井 頼之介,21125150,石伊 雄太,2,4,敗,敗,20,6.2,4,4,102,6,1,9,0,0,終了,2026-07-10
2026,2026-04-29,20260429-g-c-04,セ,巨人,広島,ホーム,東京ドーム,71275152,竹丸 和幸,91595136,岸田 行倫,4,2,勝,勝,18,6,2,2,94,6,2,3,1,0,終了,2026-07-10
2026,2026-04-29,20260429-g-c-04,セ,広島,巨人,ビジター,東京ドーム,53155151,森下 暢仁,81885151,持丸 泰輝,2,4,敗,敗,12,4,4,4,67,6,0,3,0,0,終了,2026-07-10
2026,2026-04-29,20260429-l-f-05,パ,西武,日本ハム,ホーム,ベルーナドーム,71075130,髙橋 光成,81785155,古賀 悠斗,3,0,勝,勝,21,7,0,0,100,4,1,4,1,1,終了,2026-07-10
2026,2026-04-29,20260429-l-f-05,パ,日本ハム,西武,ビジター,ベルーナドーム,01205155,達 孝太,11015159,進藤 勇也,0,3,敗,敗,21,7,3,2,105,5,1,6,1,1,終了,2026-07-10
2026,2026-04-29,20260429-m-e-05,パ,ロッテ,楽天,ホーム,ZOZOマリン,01205118,西野 勇士,71075151,佐藤 都志也,5,3,勝,勝敗なし,13,4.1,2,2,68,7,1,3,0,0,終了,2026-07-10
2026,2026-04-29,20260429-m-e-05,パ,楽天,ロッテ,ビジター,ZOZOマリン,51655114,前田 健太,71375138,太田 光,3,5,敗,敗,12,4,5,5,88,7,2,3,0,0,終了,2026-07-10
2026,2026-04-29,20260429-s-t-05,セ,ヤクルト,阪神,ホーム,神 宮,63365153,山野 太一,01005159,鈴木 叶,0,2,敗,敗,17,5.2,2,1,107,5,1,11,0,0,終了,2026-07-10
2026,2026-04-29,20260429-s-t-05,セ,阪神,ヤクルト,ビジター,神 宮,91095136,髙橋 遥人,61065137,伏見 寅威,2,0,勝,勝,27,9,0,0,110,3,0,7,1,1,終了,2026-07-10
2026,2026-04-30,20260430-d-db-05,セ,DeNA,中日,ビジター,バンテリンドーム,41045150,篠木 健太郎,23125136,山本 祐大,6,2,勝,勝,18,6,2,2,87,3,2,6,1,0,終了,2026-07-10
2026,2026-04-30,20260430-d-db-05,セ,中日,DeNA,ホーム,バンテリンドーム,13915150,マラー,21125150,石伊 雄太,2,6,敗,敗,19,6.1,4,4,86,4,2,5,0,0,終了,2026-07-10
2026,2026-04-30,20260430-g-c-05,セ,巨人,広島,ホーム,東京ドーム,53355152,ウィットリー,91595136,岸田 行倫,2,3,敗,勝敗なし,18,6,0,0,92,0,5,10,1,0,終了,2026-07-10
2026,2026-04-30,20260430-g-c-05,セ,広島,巨人,ビジター,東京ドーム,41245151,玉村 昇悟,81885151,持丸 泰輝,3,2,勝,勝敗なし,15,5,1,1,87,6,0,5,0,0,終了,2026-07-10
2026,2026-04-30,20260430-l-f-06,パ,西武,日本ハム,ホーム,ベルーナドーム,21025155,隅田 知一郎,81785155,古賀 悠斗,2,3,敗,勝敗なし,22,7.1,2,1,112,6,2,9,1,1,終了,2026-07-10
2026,2026-04-30,20260430-l-f-06,パ,日本ハム,西武,ビジター,ベルーナドーム,51355153,伊藤 大海,11015159,進藤 勇也,3,2,勝,勝敗なし,21,7,2,1,112,7,0,7,1,1,終了,2026-07-10
2026,2026-04-30,20260430-s-t-06,セ,ヤクルト,阪神,ホーム,神 宮,21925139,高梨 裕稔,01705134,古賀 優大,2,10,敗,敗,19,6.1,8,8,116,13,2,4,0,0,終了,2026-07-10
2026,2026-04-30,20260430-s-t-06,セ,阪神,ヤクルト,ビジター,神 宮,71275118,西 勇輝,61065137,伏見 寅威,10,2,勝,勝,15,5,2,2,62,4,0,3,0,0,終了,2026-07-10
2026,2026-05-01,20260501-c-d-06,セ,広島,中日,ホーム,マツダスタジアム,91595150,岡本 駿,81885151,持丸 泰輝,7,3,勝,勝,16,5.1,1,1,93,6,5,4,0,0,終了,2026-07-10
2026,2026-05-01,20260501-c-d-06,セ,中日,広島,ビジター,マツダスタジアム,63165134,柳 裕也,31735132,木下 拓哉,3,7,敗,敗,15,5,2,2,100,5,4,4,0,0,終了,2026-07-10
2026,2026-05-01,20260501-f-b-07,パ,オリックス,日本ハム,ビジター,エスコンＦ,81985157,曽谷 龍平,41645139,若月 健矢,1,5,敗,敗,18,6,5,2,103,6,1,6,1,0,終了,2026-07-10
2026,2026-05-01,20260501-f-b-07,パ,日本ハム,オリックス,ホーム,エスコンＦ,41545132,加藤 貴之,51055138,田宮 裕涼,5,1,勝,勝,17,5.2,1,1,85,7,1,1,0,0,終了,2026-07-10
2026,2026-05-01,20260501-h-e-07,パ,ソフトバンク,楽天,ホーム,みずほPayPay,51355135,上沢 直之,81385151,海野 隆司,4,1,勝,勝,21,7,1,0,118,5,3,7,1,1,終了,2026-07-10
2026,2026-05-01,20260501-h-e-07,パ,楽天,ソフトバンク,ビジター,みずほPayPay,21725159,古謝 樹,71375138,太田 光,1,4,敗,勝敗なし,16,5.1,1,1,95,5,3,3,0,0,終了,2026-07-10
2026,2026-05-01,20260501-m-l-07,パ,ロッテ,西武,ホーム,ZOZOマリン,81685150,廣池 康志郎,71075151,佐藤 都志也,0,10,敗,敗,12,4,4,4,78,9,0,5,0,0,終了,2026-07-10
2026,2026-05-01,20260501-m-l-07,パ,西武,ロッテ,ビジター,ZOZOマリン,31035150,佐藤 爽,61265151,柘植 世那,10,0,勝,勝,21,7,0,0,102,2,1,9,1,1,終了,2026-07-10
2026,2026-05-01,20260501-s-db-06,セ,DeNA,ヤクルト,ビジター,神 宮,01905139,平良 拳太郎,21825157,松尾 汐恩,5,16,敗,敗,6,2,6,6,58,6,1,3,0,0,終了,2026-07-10
2026,2026-05-01,20260501-s-db-06,セ,ヤクルト,DeNA,ホーム,神 宮,03105159,松本 健吾,01705134,古賀 優大,16,5,勝,勝,18,6,5,3,94,7,0,7,1,0,終了,2026-07-10
2026,2026-05-01,20260501-t-g-06,セ,巨人,阪神,ビジター,甲子園,11215114,田中 将大,21325136,大城 卓三,5,3,勝,勝,16,5.1,3,3,104,8,4,8,0,0,終了,2026-07-10
2026,2026-05-01,20260501-t-g-06,セ,阪神,巨人,ホーム,甲子園,13315153,村上 頌樹,11915132,坂本 誠志郎,3,5,敗,敗,15,5,5,5,98,5,3,5,0,0,終了,2026-07-10
2026,2026-05-02,20260502-c-d-07,セ,広島,中日,ホーム,マツダスタジアム,43545152,ターノック,81885151,持丸 泰輝,0,4,敗,勝敗なし,15,5,0,0,103,4,2,5,0,0,終了,2026-07-10
2026,2026-05-02,20260502-c-d-07,セ,中日,広島,ビジター,マツダスタジアム,11515133,大野 雄大,21125150,石伊 雄太,4,0,勝,勝,18,6,0,0,99,4,1,4,1,0,終了,2026-07-10
2026,2026-05-02,20260502-f-b-08,パ,オリックス,日本ハム,ビジター,エスコンＦ,43545159,エスピノーザ,91495139,森 友哉,10,9,勝,勝敗なし,8,2.2,6,6,64,7,1,3,0,0,終了,2026-07-10
2026,2026-05-02,20260502-f-b-08,パ,日本ハム,オリックス,ホーム,エスコンＦ,93595150,古林 睿煬,51055138,田宮 裕涼,9,10,敗,勝敗なし,12,4,2,2,78,5,3,6,0,0,終了,2026-07-10
2026,2026-05-02,20260502-h-e-08,パ,ソフトバンク,楽天,ホーム,みずほPayPay,01305157,大津 亮介,81385151,海野 隆司,5,0,勝,勝,21,7,0,0,106,8,1,7,1,1,終了,2026-07-10
2026,2026-05-02,20260502-h-e-08,パ,楽天,ソフトバンク,ビジター,みずほPayPay,73375152,ウレーニャ,81185116,伊藤 光,0,5,敗,敗,15,5,5,5,96,6,4,5,0,0,終了,2026-07-10
2026,2026-05-02,20260502-m-l-08,パ,ロッテ,西武,ホーム,ZOZOマリン,01005157,田中 晴也,71075151,佐藤 都志也,4,5,敗,敗,18,6,5,3,110,7,2,4,1,0,終了,2026-07-10
2026,2026-05-02,20260502-m-l-08,パ,西武,ロッテ,ビジター,ZOZOマリン,51255159,武内 夏暉,41745152,小島 大河,5,4,勝,勝,20,6.2,4,4,109,8,1,6,0,0,終了,2026-07-10
2026,2026-05-02,20260502-s-db-07,セ,DeNA,ヤクルト,ビジター,神 宮,61365153,入江 大生,41245132,戸柱 恭孝,5,6,敗,勝敗なし,14,4.2,4,2,90,7,2,7,0,0,終了,2026-07-10
2026,2026-05-02,20260502-s-db-07,セ,ヤクルト,DeNA,ホーム,神 宮,11515137,小川 泰弘,01005159,鈴木 叶,6,5,勝,勝敗なし,16,5.1,4,4,85,4,2,4,0,0,終了,2026-07-10
2026,2026-05-02,20260502-t-g-07,セ,巨人,阪神,ビジター,甲子園,33135159,又木 鉄平,91595136,岸田 行倫,5,7,敗,敗,15,5,2,2,109,9,3,3,0,0,終了,2026-07-10
2026,2026-05-02,20260502-t-g-07,セ,阪神,巨人,ホーム,甲子園,41345136,大竹 耕太郎,61065137,伏見 寅威,7,5,勝,勝,21,7,1,1,88,4,1,5,1,1,終了,2026-07-10
2026,2026-05-03,20260503-f-b-09,パ,オリックス,日本ハム,ビジター,エスコンＦ,71775139,九里 亜蓮,41645139,若月 健矢,0,3,敗,敗,18,6,3,1,113,5,3,10,1,0,終了,2026-07-10
2026,2026-05-03,20260503-f-b-09,パ,日本ハム,オリックス,ホーム,エスコンＦ,51755155,北山 亘基,11015159,進藤 勇也,3,0,勝,勝,27,9,0,0,121,3,0,7,1,1,終了,2026-07-10
2026,2026-05-03,20260503-h-e-09,パ,ソフトバンク,楽天,ホーム,みずほPayPay,13115159,前田 悠伍,93195138,渡邉 陸,0,7,敗,勝敗なし,15,5,0,0,64,4,0,1,0,0,終了,2026-07-10
2026,2026-05-03,20260503-h-e-09,パ,楽天,ソフトバンク,ビジター,みずほPayPay,31835153,早川 隆久,71375138,太田 光,7,0,勝,勝,21,7,0,0,120,3,3,9,1,1,終了,2026-07-10
2026,2026-05-03,20260503-m-l-09,パ,ロッテ,西武,ホーム,ZOZOマリン,73175152,毛利 海大,53155155,松川 虎生,10,0,勝,勝,21,7,0,0,103,6,1,3,1,1,終了,2026-07-10
2026,2026-05-03,20260503-m-l-09,パ,西武,ロッテ,ビジター,ZOZOマリン,31035136,平良 海馬,81785155,古賀 悠斗,0,10,敗,敗,3,1,2,2,36,2,2,1,0,0,終了,2026-07-10
2026,2026-05-03,20260503-s-db-08,セ,DeNA,ヤクルト,ビジター,神 宮,21125159,石田 裕太郎,23125136,山本 祐大,12,2,勝,勝,18,6,0,0,92,6,2,5,1,0,終了,2026-07-10
2026,2026-05-03,20260503-s-db-08,セ,ヤクルト,DeNA,ホーム,神 宮,63965150,ウォルターズ,01705134,古賀 優大,2,12,敗,敗,17,5.2,3,3,88,9,2,3,0,0,終了,2026-07-10
2026,2026-05-03,20260503-t-g-08,セ,巨人,阪神,ビジター,甲子園,51355151,井上 温大,21325136,大城 卓三,0,3,敗,敗,18,6,3,2,87,5,2,8,1,0,終了,2026-07-10
2026,2026-05-03,20260503-t-g-08,セ,阪神,巨人,ホーム,甲子園,41745134,才木 浩人,21325139,梅野 隆太郎,3,0,勝,勝,21,7,0,0,103,4,2,11,1,1,終了,2026-07-10
2026,2026-05-04,20260504-b-m-06,パ,オリックス,ロッテ,ホーム,京セラD大阪,61065159,髙島 泰都,41645139,若月 健矢,3,0,勝,勝,21,7,0,0,81,5,2,1,1,1,終了,2026-07-10
2026,2026-05-04,20260504-b-m-06,パ,ロッテ,オリックス,ビジター,京セラD大阪,11515138,小島 和哉,71075151,佐藤 都志也,0,3,敗,敗,21,7,3,1,107,6,0,1,1,1,終了,2026-07-10
2026,2026-05-04,20260504-d-t-07,セ,阪神,中日,ビジター,バンテリンドーム,53355157,門別 啓人,61065137,伏見 寅威,3,7,敗,敗,15,5,5,5,92,7,4,3,0,0,終了,2026-07-10
2026,2026-05-04,20260504-d-t-07,セ,中日,阪神,ホーム,バンテリンドーム,51455152,中西 聖輝,21125150,石伊 雄太,7,3,勝,勝,21,7,3,3,112,3,4,9,1,0,終了,2026-07-10
2026,2026-05-04,20260504-db-c-06,セ,DeNA,広島,ホーム,横 浜,11415150,竹田 祐,23125136,山本 祐大,11,8,勝,勝,18,6,5,5,96,5,2,4,0,0,終了,2026-07-10
2026,2026-05-04,20260504-db-c-06,セ,広島,DeNA,ビジター,横 浜,61365139,大瀬良 大地,81885151,持丸 泰輝,8,11,敗,敗,7,2.1,6,6,60,8,1,0,0,0,終了,2026-07-10
2026,2026-05-04,20260504-e-f-07,パ,楽天,日本ハム,ホーム,楽天モバイル,31235151,瀧中 瞭太,81185116,伊藤 光,3,1,勝,勝敗なし,17,5.2,0,0,111,7,3,3,0,0,終了,2026-07-10
2026,2026-05-04,20260504-e-f-07,パ,日本ハム,楽天,ビジター,楽天モバイル,81685155,福島 蓮,51055138,田宮 裕涼,1,3,敗,敗,22,7.1,2,2,111,6,1,7,1,1,終了,2026-07-10
2026,2026-05-04,20260504-g-s-07,セ,ヤクルト,巨人,ビジター,東京ドーム,31735151,奥川 恭伸,01005159,鈴木 叶,5,1,勝,勝,18,6,1,1,99,7,0,5,1,0,終了,2026-07-10
2026,2026-05-04,20260504-g-s-07,セ,巨人,ヤクルト,ホーム,東京ドーム,41045138,戸郷 翔征,21325136,大城 卓三,1,5,敗,敗,15,5,5,5,100,6,1,5,0,0,終了,2026-07-10
2026,2026-05-04,20260504-l-h-07,パ,ソフトバンク,西武,ビジター,ベルーナドーム,23525152,徐 若熙,81385151,海野 隆司,2,10,敗,敗,12,4,7,7,92,14,1,5,0,0,終了,2026-07-10
2026,2026-05-04,20260504-l-h-07,パ,西武,ソフトバンク,ホーム,ベルーナドーム,71075155,菅井 信也,41745152,小島 大河,10,2,勝,勝,18,6,2,2,100,4,3,4,1,0,終了,2026-07-10
2026,2026-05-05,20260505-b-m-07,パ,オリックス,ロッテ,ホーム,京セラD大阪,03505152,ジェリー,91495139,森 友哉,6,1,勝,勝,21,7,0,0,91,4,0,5,1,1,終了,2026-07-10
2026,2026-05-05,20260505-b-m-07,パ,ロッテ,オリックス,ビジター,京セラD大阪,43745159,ジャクソン,71075151,佐藤 都志也,1,6,敗,敗,18,6,5,5,108,8,2,4,0,0,終了,2026-07-10
2026,2026-05-05,20260505-d-t-08,セ,阪神,中日,ビジター,バンテリンドーム,57955159,早川 太貴,21325139,梅野 隆太郎,3,7,敗,敗,9,3,6,5,63,4,3,6,0,0,終了,2026-07-10
2026,2026-05-05,20260505-d-t-08,セ,中日,阪神,ホーム,バンテリンドーム,61565150,金丸 夢斗,21125150,石伊 雄太,7,3,勝,勝,21,7,2,2,102,4,1,6,1,1,終了,2026-07-10
2026,2026-05-05,20260505-db-c-07,セ,DeNA,広島,ホーム,横 浜,51155136,東 克樹,23125136,山本 祐大,5,5,分,勝敗なし,18,6,2,0,100,4,1,4,1,0,終了,2026-07-10
2026,2026-05-05,20260505-db-c-07,セ,広島,DeNA,ビジター,横 浜,11415134,床田 寛樹,21125151,石原 貴規,5,5,分,勝敗なし,18,6,5,2,96,6,2,5,1,0,終了,2026-07-10
2026,2026-05-05,20260505-e-f-08,パ,楽天,日本ハム,ホーム,楽天モバイル,21925157,荘司 康誠,71375138,太田 光,3,2,勝,勝,21,7,2,2,123,5,2,4,1,1,終了,2026-07-10
2026,2026-05-05,20260505-e-f-08,パ,日本ハム,楽天,ビジター,楽天モバイル,61865159,細野 晴希,11015159,進藤 勇也,2,3,敗,敗,24,8,3,3,102,4,0,11,1,0,終了,2026-07-10
2026,2026-05-05,20260505-g-s-08,セ,ヤクルト,巨人,ビジター,東京ドーム,53555157,吉村 貢司郎,01705134,古賀 優大,2,3,敗,敗,24,8,3,3,100,2,4,4,1,0,終了,2026-07-10
2026,2026-05-05,20260505-g-s-08,セ,巨人,ヤクルト,ホーム,東京ドーム,51155155,赤星 優志,21325136,大城 卓三,3,2,勝,勝,15,5,0,0,63,3,1,3,0,0,終了,2026-07-10
2026,2026-05-05,20260505-l-h-08,パ,ソフトバンク,西武,ビジター,ベルーナドーム,41845157,松本 晴,81385151,海野 隆司,6,4,勝,勝敗なし,13,4.1,4,3,76,4,3,4,0,0,終了,2026-07-10
2026,2026-05-05,20260505-l-h-08,パ,西武,ソフトバンク,ホーム,ベルーナドーム,53155138,渡邉 勇太朗,81785155,古賀 悠斗,4,6,敗,敗,15,5,6,6,92,7,4,6,0,0,終了,2026-07-10
2026,2026-05-06,20260506-b-m-08,パ,オリックス,ロッテ,ホーム,京セラD大阪,41045136,田嶋 大樹,41645139,若月 健矢,3,0,勝,勝,18,6,0,0,69,4,1,1,1,0,終了,2026-07-10
2026,2026-05-06,20260506-b-m-08,パ,ロッテ,オリックス,ビジター,京セラD大阪,01205118,西野 勇士,53155155,松川 虎生,0,3,敗,敗,18,6,2,2,75,3,2,3,1,0,終了,2026-07-10
2026,2026-05-06,20260506-d-t-09,セ,阪神,中日,ビジター,バンテリンドーム,91095136,髙橋 遥人,61065137,伏見 寅威,2,0,勝,勝,27,9,0,0,108,2,0,10,1,1,終了,2026-07-10
2026,2026-05-06,20260506-d-t-09,セ,中日,阪神,ホーム,バンテリンドーム,61265153,髙橋 宏斗,21125150,石伊 雄太,0,2,敗,敗,24,8,2,2,131,7,2,15,1,1,終了,2026-07-10
2026,2026-05-06,20260506-db-c-08,セ,DeNA,広島,ホーム,横 浜,61665155,深沢 鳳介,23125136,山本 祐大,0,10,敗,敗,14,4.2,8,3,98,8,1,2,0,0,終了,2026-07-10
2026,2026-05-06,20260506-db-c-08,セ,広島,DeNA,ビジター,横 浜,91995153,栗林 良吏,81885151,持丸 泰輝,10,0,勝,勝,21,7,0,0,82,3,0,6,1,1,終了,2026-07-10
2026,2026-05-06,20260506-e-f-09,パ,楽天,日本ハム,ホーム,楽天モバイル,51655114,前田 健太,71375138,太田 光,2,12,敗,勝敗なし,15,5,1,1,82,3,2,2,0,0,終了,2026-07-10
2026,2026-05-06,20260506-e-f-09,パ,日本ハム,楽天,ビジター,楽天モバイル,51355153,伊藤 大海,51055138,田宮 裕涼,12,2,勝,勝,21,7,1,1,97,4,2,3,1,1,終了,2026-07-10
2026,2026-05-06,20260506-g-s-09,セ,ヤクルト,巨人,ビジター,東京ドーム,63365153,山野 太一,01005159,鈴木 叶,5,0,勝,勝,18,6,0,0,92,5,1,5,1,0,終了,2026-07-10
2026,2026-05-06,20260506-g-s-09,セ,巨人,ヤクルト,ホーム,東京ドーム,71275152,竹丸 和幸,21325136,大城 卓三,0,5,敗,敗,20,6.2,5,5,111,7,3,6,0,0,終了,2026-07-10
2026,2026-05-06,20260506-l-h-09,パ,ソフトバンク,西武,ビジター,ベルーナドーム,01505151,大関 友久,93195138,渡邉 陸,2,10,敗,敗,15,5,8,8,92,12,1,3,0,0,終了,2026-07-10
2026,2026-05-06,20260506-l-h-09,パ,西武,ソフトバンク,ホーム,ベルーナドーム,71075130,髙橋 光成,81785155,古賀 悠斗,10,2,勝,勝,18,6,0,0,73,2,1,5,1,0,終了,2026-07-10
2026,2026-05-08,20260508-b-f-10,パ,オリックス,日本ハム,ホーム,京セラD大阪,63165159,宮國 凌空,41645139,若月 健矢,4,3,勝,勝敗なし,9,3,2,2,58,5,0,3,0,0,終了,2026-07-10
2026,2026-05-08,20260508-b-f-10,パ,日本ハム,オリックス,ビジター,京セラD大阪,01205155,達 孝太,51055138,田宮 裕涼,3,4,敗,敗,18,6,3,3,103,5,3,5,1,0,終了,2026-07-10
2026,2026-05-08,20260508-c-s-06,セ,ヤクルト,広島,ビジター,マツダスタジアム,21925139,高梨 裕稔,01705134,古賀 優大,4,1,勝,勝,18,6,1,1,97,5,0,4,1,0,終了,2026-07-10
2026,2026-05-08,20260508-c-s-06,セ,広島,ヤクルト,ホーム,マツダスタジアム,53155151,森下 暢仁,81885151,持丸 泰輝,1,4,敗,敗,15,5,3,2,94,8,1,5,0,0,終了,2026-07-10
2026,2026-05-08,20260508-d-g-06,セ,巨人,中日,ビジター,バンテリンドーム,53355152,ウィットリー,21325136,大城 卓三,2,9,敗,敗,13,4.1,5,3,81,4,3,6,0,0,終了,2026-07-10
2026,2026-05-08,20260508-d-g-06,セ,中日,巨人,ホーム,バンテリンドーム,63165134,柳 裕也,21125150,石伊 雄太,9,2,勝,勝,19,6.1,2,2,110,7,1,10,1,0,終了,2026-07-10
2026,2026-05-08,20260508-h-m-05,パ,ソフトバンク,ロッテ,ホーム,みずほPayPay,51355135,上沢 直之,81385151,海野 隆司,6,5,勝,勝敗なし,15,5,5,5,110,11,1,2,0,0,終了,2026-07-10
2026,2026-05-08,20260508-h-m-05,パ,ロッテ,ソフトバンク,ビジター,みずほPayPay,81685150,廣池 康志郎,53155155,松川 虎生,5,6,敗,勝敗なし,18,6,3,3,91,4,1,4,1,0,終了,2026-07-10
2026,2026-05-08,20260508-l-e-06,パ,楽天,西武,ビジター,ベルーナドーム,73375152,ウレーニャ,71375138,太田 光,2,4,敗,敗,18,6,3,3,90,7,1,2,1,0,終了,2026-07-10
2026,2026-05-08,20260508-l-e-06,パ,西武,楽天,ホーム,ベルーナドーム,21025155,隅田 知一郎,41745152,小島 大河,4,2,勝,勝,24,8,2,2,94,7,0,3,1,1,終了,2026-07-10
2026,2026-05-08,20260508-t-db-06,セ,DeNA,阪神,ビジター,甲子園,01905139,平良 拳太郎,23125136,山本 祐大,10,1,勝,勝,16,5.1,1,1,110,5,2,9,0,0,終了,2026-07-10
2026,2026-05-08,20260508-t-db-06,セ,阪神,DeNA,ホーム,甲子園,13315153,村上 頌樹,61065137,伏見 寅威,1,10,敗,敗,21,7,2,0,117,5,1,6,1,1,終了,2026-07-10
2026,2026-05-09,20260509-b-f-11,パ,オリックス,日本ハム,ホーム,京セラD大阪,81985157,曽谷 龍平,41645139,若月 健矢,0,3,敗,敗,14,4.2,3,3,79,10,1,3,0,0,終了,2026-07-10
2026,2026-05-09,20260509-b-f-11,パ,日本ハム,オリックス,ビジター,京セラD大阪,41545132,加藤 貴之,51055138,田宮 裕涼,3,0,勝,勝,24,8,0,0,90,3,0,3,1,1,終了,2026-07-10
2026,2026-05-09,20260509-c-s-07,セ,ヤクルト,広島,ビジター,マツダスタジアム,03105159,松本 健吾,01705134,古賀 優大,4,0,勝,勝,24,8,0,0,102,1,2,7,1,1,終了,2026-07-10
2026,2026-05-09,20260509-c-s-07,セ,広島,ヤクルト,ホーム,マツダスタジアム,91595150,岡本 駿,81885151,持丸 泰輝,0,4,敗,敗,18,6,4,4,104,5,3,6,0,0,終了,2026-07-10
2026,2026-05-09,20260509-d-g-07,セ,巨人,中日,ビジター,バンテリンドーム,11215114,田中 将大,91595136,岸田 行倫,2,4,敗,敗,15,5,4,1,85,5,3,3,0,0,終了,2026-07-10
2026,2026-05-09,20260509-d-g-07,セ,中日,巨人,ホーム,バンテリンドーム,11515133,大野 雄大,21125150,石伊 雄太,4,2,勝,勝,21,7,0,0,85,4,1,5,1,1,終了,2026-07-10
2026,2026-05-09,20260509-h-m-06,パ,ソフトバンク,ロッテ,ホーム,みずほPayPay,01305157,大津 亮介,81385151,海野 隆司,4,5,敗,勝敗なし,19,6.1,3,3,105,7,3,7,1,0,終了,2026-07-10
2026,2026-05-09,20260509-h-m-06,パ,ロッテ,ソフトバンク,ビジター,みずほPayPay,01005157,田中 晴也,71075151,佐藤 都志也,5,4,勝,勝敗なし,12,4,4,4,81,3,3,5,0,0,終了,2026-07-10
2026,2026-05-09,20260509-l-e-07,パ,楽天,西武,ビジター,ベルーナドーム,21725159,古謝 樹,71375138,太田 光,2,6,敗,敗,21,7,6,6,109,9,1,5,0,0,終了,2026-07-10
2026,2026-05-09,20260509-l-e-07,パ,西武,楽天,ホーム,ベルーナドーム,31035150,佐藤 爽,61265151,柘植 世那,6,2,勝,勝敗なし,15,5,2,2,79,4,2,1,0,0,終了,2026-07-10
2026,2026-05-09,20260509-t-db-07,セ,DeNA,阪神,ビジター,甲子園,41045150,篠木 健太郎,21825157,松尾 汐恩,3,1,勝,勝敗なし,18,6,1,1,111,4,4,6,1,0,終了,2026-07-10
2026,2026-05-09,20260509-t-db-07,セ,阪神,DeNA,ホーム,甲子園,41345136,大竹 耕太郎,11915132,坂本 誠志郎,1,3,敗,敗,24,8,3,3,93,10,1,3,1,0,終了,2026-07-10
2026,2026-05-10,20260510-b-f-12,パ,オリックス,日本ハム,ホーム,京セラD大阪,43545159,エスピノーザ,91495139,森 友哉,0,2,敗,敗,18,6,2,2,97,6,3,5,1,0,終了,2026-07-10
2026,2026-05-10,20260510-b-f-12,パ,日本ハム,オリックス,ビジター,京セラD大阪,51755155,北山 亘基,51055138,田宮 裕涼,2,0,勝,勝,24,8,0,0,110,7,1,7,1,1,終了,2026-07-10
2026,2026-05-10,20260510-c-s-08,セ,ヤクルト,広島,ビジター,マツダスタジアム,41145159,石原 勇輝,01005159,鈴木 叶,0,4,敗,敗,9,3,1,1,56,2,3,1,0,0,終了,2026-07-10
2026,2026-05-10,20260510-c-s-08,セ,広島,ヤクルト,ホーム,マツダスタジアム,31135152,赤木 晴哉,81885151,持丸 泰輝,4,0,勝,勝敗なし,6,2,0,0,21,1,0,1,0,0,終了,2026-07-10
2026,2026-05-10,20260510-d-g-08,セ,巨人,中日,ビジター,バンテリンドーム,43345159,森田 駿哉,21325136,大城 卓三,9,4,勝,勝敗なし,13,4.1,4,4,80,7,1,3,0,0,終了,2026-07-10
2026,2026-05-10,20260510-d-g-08,セ,中日,巨人,ホーム,バンテリンドーム,21925152,櫻井 頼之介,21125150,石伊 雄太,4,9,敗,勝敗なし,15,5,3,3,79,4,2,6,0,0,終了,2026-07-10
2026,2026-05-10,20260510-h-m-07,パ,ソフトバンク,ロッテ,ホーム,みずほPayPay,13115159,前田 悠伍,93195138,渡邉 陸,8,3,勝,勝,15,5,2,2,94,5,2,5,0,0,終了,2026-07-10
2026,2026-05-10,20260510-h-m-07,パ,ロッテ,ソフトバンク,ビジター,みずほPayPay,73175152,毛利 海大,53155155,松川 虎生,3,8,敗,敗,13,4.1,5,5,90,5,1,5,0,0,終了,2026-07-10
2026,2026-05-10,20260510-l-e-08,パ,楽天,西武,ビジター,ベルーナドーム,31235151,瀧中 瞭太,81185116,伊藤 光,1,6,敗,敗,5,1.2,2,2,38,3,1,1,0,0,終了,2026-07-10
2026,2026-05-10,20260510-l-e-08,パ,西武,楽天,ホーム,ベルーナドーム,71075155,菅井 信也,41745152,小島 大河,6,1,勝,勝,15,5,1,1,90,3,1,2,0,0,終了,2026-07-10
2026,2026-05-10,20260510-t-db-08,セ,DeNA,阪神,ビジター,甲子園,21125159,石田 裕太郎,23125136,山本 祐大,0,3,敗,敗,18,6,2,2,96,3,1,9,1,0,終了,2026-07-10
2026,2026-05-10,20260510-t-db-08,セ,阪神,DeNA,ホーム,甲子園,41745134,才木 浩人,21325139,梅野 隆太郎,3,0,勝,勝,21,7,0,0,112,3,1,10,1,1,終了,2026-07-10
2026,2026-05-12,20260512-db-d-06,セ,DeNA,中日,ホーム,横 浜,51155136,東 克樹,21825157,松尾 汐恩,3,1,勝,勝,18,6,0,0,81,2,1,5,1,0,終了,2026-07-10
2026,2026-05-12,20260512-db-d-06,セ,中日,DeNA,ビジター,横 浜,61565150,金丸 夢斗,21125150,石伊 雄太,1,3,敗,敗,15,5,2,2,106,6,4,3,0,0,終了,2026-07-10
2026,2026-05-12,20260512-e-b-06,パ,オリックス,楽天,ビジター,弘 前,71775139,九里 亜蓮,41645139,若月 健矢,2,0,勝,勝,20,6.2,0,0,121,6,5,7,1,0,終了,2026-07-10
2026,2026-05-12,20260512-e-b-06,パ,楽天,オリックス,ホーム,弘 前,21925157,荘司 康誠,71375138,太田 光,0,2,敗,敗,18,6,2,2,95,3,1,9,1,0,終了,2026-07-10
2026,2026-05-12,20260512-g-c-06,セ,巨人,広島,ホーム,岐 阜,41045138,戸郷 翔征,21325136,大城 卓三,5,3,勝,勝敗なし,15,5,3,3,110,6,2,6,0,0,終了,2026-07-10
2026,2026-05-12,20260512-g-c-06,セ,広島,巨人,ビジター,岐 阜,11415134,床田 寛樹,81885151,持丸 泰輝,3,5,敗,勝敗なし,20,6.2,3,3,104,8,0,3,1,0,終了,2026-07-10
2026,2026-05-12,20260512-h-l-10,パ,ソフトバンク,西武,ホーム,みずほPayPay,41845157,松本 晴,81385151,海野 隆司,0,3,敗,敗,18,6,2,2,106,5,2,7,1,0,終了,2026-07-10
2026,2026-05-12,20260512-h-l-10,パ,西武,ソフトバンク,ビジター,みずほPayPay,53155138,渡邉 勇太朗,61265151,柘植 世那,3,0,勝,勝,20,6.2,0,0,109,5,2,4,1,0,終了,2026-07-10
2026,2026-05-12,20260512-m-f-07,パ,ロッテ,日本ハム,ホーム,ZOZOマリン,43745159,ジャクソン,71075151,佐藤 都志也,2,3,敗,敗,23,7.2,3,3,113,4,0,8,1,0,終了,2026-07-10
2026,2026-05-12,20260512-m-f-07,パ,日本ハム,ロッテ,ビジター,ZOZOマリン,51355153,伊藤 大海,51055138,田宮 裕涼,3,2,勝,勝,21,7,2,1,103,6,2,6,1,1,終了,2026-07-10
2026,2026-05-12,20260512-s-t-07,セ,ヤクルト,阪神,ホーム,神 宮,53555157,吉村 貢司郎,01705134,古賀 優大,0,10,敗,敗,1,0.1,2,2,6,2,0,0,0,0,終了,2026-07-10
2026,2026-05-12,20260512-s-t-07,セ,阪神,ヤクルト,ビジター,神 宮,71275118,西 勇輝,61065137,伏見 寅威,10,0,勝,勝,18,6,0,0,74,2,1,5,1,0,終了,2026-07-10
2026,2026-05-13,20260513-db-d-07,セ,DeNA,中日,ホーム,横 浜,11015152,島田 舜也,21825157,松尾 汐恩,5,0,勝,勝,18,6,0,0,68,5,0,9,1,0,終了,2026-07-10
2026,2026-05-13,20260513-db-d-07,セ,中日,DeNA,ビジター,横 浜,51455152,中西 聖輝,21125150,石伊 雄太,0,5,敗,敗,15,5,5,5,81,6,1,6,0,0,終了,2026-07-10
2026,2026-05-13,20260513-g-c-07,セ,巨人,広島,ホーム,福 井,51055137,則本 昂大,21325136,大城 卓三,4,2,勝,勝敗なし,21,7,0,0,99,5,0,7,1,1,終了,2026-07-10
2026,2026-05-13,20260513-g-c-07,セ,広島,巨人,ビジター,福 井,41245151,玉村 昇悟,81885151,持丸 泰輝,2,4,敗,勝敗なし,18,6,1,1,79,5,1,4,1,0,終了,2026-07-10
2026,2026-05-13,20260513-h-l-11,パ,ソフトバンク,西武,ホーム,みずほPayPay,01805159,藤原 大翔,23125136,山本 祐大,1,2,敗,敗,12,4,2,2,67,2,3,2,0,0,終了,2026-07-10
2026,2026-05-13,20260513-h-l-11,パ,西武,ソフトバンク,ビジター,みずほPayPay,71075130,髙橋 光成,81785155,古賀 悠斗,2,1,勝,勝,27,9,1,1,129,3,4,4,1,1,終了,2026-07-10
2026,2026-05-13,20260513-m-f-08,パ,ロッテ,日本ハム,ホーム,ZOZOマリン,11515138,小島 和哉,71075151,佐藤 都志也,2,6,敗,敗,21,7,4,3,116,5,3,5,1,0,終了,2026-07-10
2026,2026-05-13,20260513-m-f-08,パ,日本ハム,ロッテ,ビジター,ZOZOマリン,81685155,福島 蓮,11015159,進藤 勇也,6,2,勝,勝,20,6.2,2,2,94,6,1,3,1,0,終了,2026-07-10
2026,2026-05-13,20260513-s-t-08,セ,ヤクルト,阪神,ホーム,神 宮,63365153,山野 太一,01005159,鈴木 叶,4,2,勝,勝敗なし,18,6,2,2,105,4,2,4,1,0,終了,2026-07-10
2026,2026-05-13,20260513-s-t-08,セ,阪神,ヤクルト,ビジター,神 宮,91095136,髙橋 遥人,61065137,伏見 寅威,2,4,敗,勝敗なし,18,6,1,1,97,3,0,11,1,0,終了,2026-07-10
2026,2026-05-14,20260514-db-d-08,セ,DeNA,中日,ホーム,横 浜,61365153,入江 大生,21825157,松尾 汐恩,0,0,分,勝敗なし,18,6,0,0,81,2,1,9,1,0,終了,2026-07-10
2026,2026-05-14,20260514-db-d-08,セ,中日,DeNA,ビジター,横 浜,13915150,マラー,41545130,加藤 匠馬,0,0,分,勝敗なし,21,7,0,0,87,4,0,4,1,1,終了,2026-07-10
2026,2026-05-14,20260514-e-b-07,パ,オリックス,楽天,ビジター,楽天モバイル,03505152,ジェリー,91495139,森 友哉,0,3,敗,敗,9,3,3,3,60,8,0,1,0,0,終了,2026-07-10
2026,2026-05-14,20260514-e-b-07,パ,楽天,オリックス,ホーム,楽天モバイル,73375152,ウレーニャ,71375138,太田 光,3,0,勝,勝,20,6.2,0,0,114,4,4,6,1,0,終了,2026-07-10
2026,2026-05-14,20260514-m-f-09,パ,ロッテ,日本ハム,ホーム,ZOZOマリン,01205118,西野 勇士,71075151,佐藤 都志也,5,3,勝,勝,24,8,2,1,78,5,0,3,1,1,終了,2026-07-10
2026,2026-05-14,20260514-m-f-09,パ,日本ハム,ロッテ,ビジター,ZOZOマリン,61865159,細野 晴希,11015159,進藤 勇也,3,5,敗,敗,17,5.2,4,4,82,7,0,7,0,0,終了,2026-07-10
2026,2026-05-15,20260515-d-s-07,セ,ヤクルト,中日,ビジター,バンテリンドーム,21925139,高梨 裕稔,01705134,古賀 優大,8,5,勝,勝敗なし,18,6,1,1,99,6,2,7,1,0,終了,2026-07-10
2026,2026-05-15,20260515-d-s-07,セ,中日,ヤクルト,ホーム,バンテリンドーム,63165134,柳 裕也,31735132,木下 拓哉,5,8,敗,勝敗なし,18,6,3,2,105,6,2,4,1,0,終了,2026-07-10
2026,2026-05-15,20260515-e-h-10,パ,ソフトバンク,楽天,ビジター,楽天モバイル,51355135,上沢 直之,81385151,海野 隆司,3,6,敗,敗,9,3,4,0,72,4,4,1,0,0,終了,2026-07-10
2026,2026-05-15,20260515-e-h-10,パ,楽天,ソフトバンク,ホーム,楽天モバイル,31835153,早川 隆久,71375138,太田 光,6,3,勝,勝,24,8,2,2,108,4,2,6,1,1,終了,2026-07-10
2026,2026-05-15,20260515-f-l-07,パ,西武,日本ハム,ビジター,エスコンＦ,31035136,平良 海馬,41745152,小島 大河,3,0,勝,勝,21,7,0,0,103,2,5,6,1,1,終了,2026-07-10
2026,2026-05-15,20260515-f-l-07,パ,日本ハム,西武,ホーム,エスコンＦ,01205155,達 孝太,51055138,田宮 裕涼,0,3,敗,敗,21,7,3,3,98,6,1,6,1,0,終了,2026-07-10
2026,2026-05-15,20260515-g-db-07,セ,DeNA,巨人,ビジター,東京ドーム,01905139,平良 拳太郎,41245132,戸柱 恭孝,0,2,敗,敗,15,5,2,2,84,3,0,4,0,0,終了,2026-07-10
2026,2026-05-15,20260515-g-db-07,セ,巨人,DeNA,ホーム,東京ドーム,51355151,井上 温大,21325136,大城 卓三,2,0,勝,勝,24,8,0,0,109,3,2,9,1,1,終了,2026-07-10
2026,2026-05-15,20260515-m-b-09,パ,オリックス,ロッテ,ビジター,ZOZOマリン,61065159,髙島 泰都,41645139,若月 健矢,3,6,敗,勝敗なし,15,5,3,3,83,5,2,5,0,0,終了,2026-07-10
2026,2026-05-15,20260515-m-b-09,パ,ロッテ,オリックス,ホーム,ZOZOマリン,03905152,ロング,71075151,佐藤 都志也,6,3,勝,勝敗なし,15,5,2,2,80,2,3,2,0,0,終了,2026-07-10
2026,2026-05-15,20260515-t-c-06,セ,広島,阪神,ビジター,甲子園,91995153,栗林 良吏,81885151,持丸 泰輝,2,0,勝,勝,27,9,0,0,120,1,1,9,1,1,終了,2026-07-10
2026,2026-05-15,20260515-t-c-06,セ,阪神,広島,ホーム,甲子園,41345136,大竹 耕太郎,11915132,坂本 誠志郎,0,2,敗,敗,18,6,2,1,76,5,0,3,1,0,終了,2026-07-10
2026,2026-05-16,20260516-d-s-08,セ,ヤクルト,中日,ビジター,バンテリンドーム,31735151,奥川 恭伸,01005159,鈴木 叶,0,8,敗,敗,19,6.1,7,7,103,10,2,3,0,0,終了,2026-07-10
2026,2026-05-16,20260516-d-s-08,セ,中日,ヤクルト,ホーム,バンテリンドーム,11515133,大野 雄大,21125150,石伊 雄太,8,0,勝,勝,21,7,0,0,100,2,2,4,1,1,終了,2026-07-10
2026,2026-05-16,20260516-e-h-11,パ,ソフトバンク,楽天,ビジター,楽天モバイル,53755138,スチュワート・ジュニア,23125136,山本 祐大,3,4,敗,敗,13,4.1,3,3,94,6,3,1,0,0,終了,2026-07-10
2026,2026-05-16,20260516-e-h-11,パ,楽天,ソフトバンク,ホーム,楽天モバイル,21725159,古謝 樹,71375138,太田 光,4,3,勝,勝,18,6,2,2,105,7,1,6,1,0,終了,2026-07-10
2026,2026-05-16,20260516-f-l-08,パ,西武,日本ハム,ビジター,エスコンＦ,31035150,佐藤 爽,61265151,柘植 世那,4,5,敗,勝敗なし,14,4.2,4,4,87,5,2,3,0,0,終了,2026-07-10
2026,2026-05-16,20260516-f-l-08,パ,日本ハム,西武,ホーム,エスコンＦ,41545132,加藤 貴之,51055138,田宮 裕涼,5,4,勝,勝敗なし,15,5,4,4,62,4,0,2,0,0,終了,2026-07-10
2026,2026-05-16,20260516-g-db-08,セ,DeNA,巨人,ビジター,東京ドーム,41045150,篠木 健太郎,21825157,松尾 汐恩,3,4,敗,勝敗なし,15,5,3,3,93,7,0,7,0,0,終了,2026-07-10
2026,2026-05-16,20260516-g-db-08,セ,巨人,DeNA,ホーム,東京ドーム,53355152,ウィットリー,21325136,大城 卓三,4,3,勝,勝敗なし,15,5,3,3,86,7,1,5,0,0,終了,2026-07-10
2026,2026-05-16,20260516-m-b-10,パ,オリックス,ロッテ,ビジター,ZOZOマリン,41045136,田嶋 大樹,41645139,若月 健矢,0,2,敗,敗,16,5.1,2,2,91,7,1,4,0,0,終了,2026-07-10
2026,2026-05-16,20260516-m-b-10,パ,ロッテ,オリックス,ホーム,ZOZOマリン,01005157,田中 晴也,71075151,佐藤 都志也,2,0,勝,勝敗なし,15,5,0,0,91,5,2,7,0,0,終了,2026-07-10
2026,2026-05-16,20260516-t-c-07,セ,広島,阪神,ビジター,甲子園,53155151,森下 暢仁,81885151,持丸 泰輝,1,3,敗,敗,15,5,3,3,91,5,2,4,0,0,終了,2026-07-10
2026,2026-05-16,20260516-t-c-07,セ,阪神,広島,ホーム,甲子園,13315153,村上 頌樹,11915132,坂本 誠志郎,3,1,勝,勝,26,8.2,1,1,123,5,0,9,1,1,終了,2026-07-10
2026,2026-05-17,20260517-d-s-09,セ,ヤクルト,中日,ビジター,バンテリンドーム,03105159,松本 健吾,01705134,古賀 優大,5,1,勝,勝,21,7,1,1,98,4,1,2,1,1,終了,2026-07-10
2026,2026-05-17,20260517-d-s-09,セ,中日,ヤクルト,ホーム,バンテリンドーム,61265153,髙橋 宏斗,21125150,石伊 雄太,1,5,敗,敗,15,5,5,5,89,5,2,5,0,0,終了,2026-07-10
2026,2026-05-17,20260517-e-h-12,パ,ソフトバンク,楽天,ビジター,楽天モバイル,13115159,前田 悠伍,23125136,山本 祐大,5,1,勝,勝,15,5,1,1,71,6,1,1,0,0,終了,2026-07-10
2026,2026-05-17,20260517-e-h-12,パ,楽天,ソフトバンク,ホーム,楽天モバイル,71875153,藤井 聖,71375138,太田 光,1,5,敗,敗,18,6,2,2,89,5,1,5,1,0,終了,2026-07-10
2026,2026-05-17,20260517-f-l-09,パ,西武,日本ハム,ビジター,エスコンＦ,23925152,ワイナンス,81785155,古賀 悠斗,6,3,勝,勝,18,6,2,2,99,5,3,6,1,0,終了,2026-07-10
2026,2026-05-17,20260517-f-l-09,パ,日本ハム,西武,ホーム,エスコンＦ,51755155,北山 亘基,11015159,進藤 勇也,3,6,敗,勝敗なし,15,5,1,1,94,5,3,4,0,0,終了,2026-07-10
2026,2026-05-17,20260517-g-db-09,セ,DeNA,巨人,ビジター,東京ドーム,21125159,石田 裕太郎,21825157,松尾 汐恩,0,1,敗,敗,18,6,1,1,91,7,1,8,1,0,終了,2026-07-10
2026,2026-05-17,20260517-g-db-09,セ,巨人,DeNA,ホーム,東京ドーム,71275152,竹丸 和幸,91595136,岸田 行倫,1,0,勝,勝,18,6,0,0,87,5,2,4,1,0,終了,2026-07-10
2026,2026-05-17,20260517-m-b-11,パ,オリックス,ロッテ,ビジター,ZOZOマリン,81985157,曽谷 龍平,41645139,若月 健矢,2,3,敗,敗,18,6,3,3,88,6,1,2,1,0,終了,2026-07-10
2026,2026-05-17,20260517-m-b-11,パ,ロッテ,オリックス,ホーム,ZOZOマリン,81685150,廣池 康志郎,71075151,佐藤 都志也,3,2,勝,勝,21,7,1,1,105,7,1,5,1,1,終了,2026-07-10
2026,2026-05-17,20260517-t-c-08,セ,広島,阪神,ビジター,甲子園,91595150,岡本 駿,81885151,持丸 泰輝,1,0,勝,勝,19,6.1,0,0,104,4,3,4,1,0,終了,2026-07-10
2026,2026-05-17,20260517-t-c-08,セ,阪神,広島,ホーム,甲子園,41745134,才木 浩人,21325139,梅野 隆太郎,0,1,敗,敗,21,7,1,1,110,4,1,9,1,1,終了,2026-07-10
2026,2026-05-19,20260519-b-h-06,パ,オリックス,ソフトバンク,ホーム,京セラD大阪,71775139,九里 亜蓮,41645139,若月 健矢,2,1,勝,勝,15,5,1,1,88,4,1,3,0,0,終了,2026-07-10
2026,2026-05-19,20260519-b-h-06,パ,ソフトバンク,オリックス,ビジター,京セラD大阪,01305157,大津 亮介,81385151,海野 隆司,1,2,敗,敗,18,6,2,1,99,8,1,2,1,0,終了,2026-07-10
2026,2026-05-19,20260519-c-db-09,セ,DeNA,広島,ビジター,マツダスタジアム,11415150,竹田 祐,21825157,松尾 汐恩,1,3,敗,敗,12,4,2,2,72,3,1,4,0,0,終了,2026-07-10
2026,2026-05-19,20260519-c-db-09,セ,広島,DeNA,ホーム,マツダスタジアム,11415134,床田 寛樹,81885151,持丸 泰輝,3,1,勝,勝,18,6,0,0,95,3,2,3,1,0,終了,2026-07-10
2026,2026-05-19,20260519-f-e-10,パ,楽天,日本ハム,ビジター,エスコンＦ,21925157,荘司 康誠,71375138,太田 光,2,6,敗,敗,9,3,6,6,72,5,5,3,0,0,終了,2026-07-10
2026,2026-05-19,20260519-f-e-10,パ,日本ハム,楽天,ホーム,エスコンＦ,51355153,伊藤 大海,51055138,田宮 裕涼,6,2,勝,勝,18,6,2,2,112,11,2,9,1,0,終了,2026-07-10
2026,2026-05-19,20260519-l-m-10,パ,ロッテ,西武,ビジター,前 橋,43745159,ジャクソン,71075151,佐藤 都志也,2,3,敗,敗,18,6,3,3,103,4,4,6,1,0,終了,2026-07-10
2026,2026-05-19,20260519-l-m-10,パ,西武,ロッテ,ホーム,前 橋,51255159,武内 夏暉,61265151,柘植 世那,3,2,勝,勝,21,7,1,1,106,7,0,7,1,1,終了,2026-07-10
2026,2026-05-19,20260519-s-g-10,セ,ヤクルト,巨人,ホーム,いわき,51055132,高橋 奎二,51255118,中村 悠平,0,2,敗,敗,15,5,2,2,88,6,2,6,0,0,終了,2026-07-10
2026,2026-05-19,20260519-s-g-10,セ,巨人,ヤクルト,ビジター,いわき,41045138,戸郷 翔征,21325136,大城 卓三,2,0,勝,勝,21,7,0,0,115,5,1,5,1,1,終了,2026-07-10
2026,2026-05-19,20260519-t-d-10,セ,阪神,中日,ホーム,倉 敷,71275118,西 勇輝,61065137,伏見 寅威,4,2,勝,勝,15,5,2,2,87,5,3,3,0,0,終了,2026-07-10
2026,2026-05-19,20260519-t-d-10,セ,中日,阪神,ビジター,倉 敷,61565150,金丸 夢斗,21125150,石伊 雄太,2,4,敗,敗,15,5,4,4,84,10,1,3,0,0,終了,2026-07-10
2026,2026-05-20,20260520-b-h-07,パ,オリックス,ソフトバンク,ホーム,京セラD大阪,43545159,エスピノーザ,91495139,森 友哉,8,3,勝,勝,18,6,2,2,95,4,2,5,1,0,終了,2026-07-10
2026,2026-05-20,20260520-b-h-07,パ,ソフトバンク,オリックス,ビジター,京セラD大阪,01805159,藤原 大翔,23125136,山本 祐大,3,8,敗,敗,8,2.2,5,5,69,6,3,3,0,0,終了,2026-07-10
2026,2026-05-20,20260520-c-db-10,セ,DeNA,広島,ビジター,マツダスタジアム,11015152,島田 舜也,21825157,松尾 汐恩,4,3,勝,勝敗なし,14,4.2,2,2,83,5,2,5,0,0,終了,2026-07-10
2026,2026-05-20,20260520-c-db-10,セ,広島,DeNA,ホーム,マツダスタジアム,93395155,森 翔平,81885151,持丸 泰輝,3,4,敗,勝敗なし,12,4,3,2,87,5,3,4,0,0,終了,2026-07-10
2026,2026-05-20,20260520-f-e-11,パ,楽天,日本ハム,ビジター,エスコンＦ,51655114,前田 健太,71375138,太田 光,3,5,敗,勝敗なし,7,2.1,2,2,72,4,3,1,0,0,終了,2026-07-10
2026,2026-05-20,20260520-f-e-11,パ,日本ハム,楽天,ホーム,エスコンＦ,81685155,福島 蓮,51055138,田宮 裕涼,5,3,勝,勝敗なし,16,5.1,2,2,101,5,4,6,0,0,終了,2026-07-10
2026,2026-05-20,20260520-l-m-11,パ,ロッテ,西武,ビジター,県営大宮,73175152,毛利 海大,71075151,佐藤 都志也,3,1,勝,勝敗なし,18,6,1,1,84,4,1,3,1,0,終了,2026-07-10
2026,2026-05-20,20260520-l-m-11,パ,西武,ロッテ,ホーム,県営大宮,71075155,菅井 信也,41745152,小島 大河,1,3,敗,勝敗なし,21,7,1,1,103,6,2,3,1,1,終了,2026-07-10
2026,2026-05-20,20260520-t-d-11,セ,阪神,中日,ホーム,甲子園,81185157,茨木 秀俊,61065137,伏見 寅威,8,7,勝,勝敗なし,6,2,4,4,52,4,2,2,0,0,終了,2026-07-10
2026,2026-05-20,20260520-t-d-11,セ,中日,阪神,ビジター,甲子園,13915150,マラー,41545130,加藤 匠馬,7,8,敗,勝敗なし,20,6.2,4,4,92,5,1,9,0,0,終了,2026-07-10
2026,2026-05-21,20260521-c-db-11,セ,DeNA,広島,ビジター,マツダスタジアム,51155136,東 克樹,21825157,松尾 汐恩,1,3,敗,敗,24,8,3,2,103,10,0,4,1,1,終了,2026-07-10
2026,2026-05-21,20260521-c-db-11,セ,広島,DeNA,ホーム,マツダスタジアム,41245151,玉村 昇悟,21125151,石原 貴規,3,1,勝,勝,18,6,1,1,101,6,1,4,1,0,終了,2026-07-10
2026,2026-05-21,20260521-s-g-11,セ,ヤクルト,巨人,ホーム,神 宮,63365153,山野 太一,01005159,鈴木 叶,3,1,勝,勝,21,7,1,1,103,7,0,4,1,1,終了,2026-07-10
2026,2026-05-21,20260521-s-g-11,セ,巨人,ヤクルト,ビジター,神 宮,11215114,田中 将大,91595136,岸田 行倫,1,3,敗,敗,12,4,3,3,54,4,1,2,0,0,終了,2026-07-10
2026,2026-05-22,20260522-d-c-08,セ,広島,中日,ビジター,バンテリンドーム,91995153,栗林 良吏,81885151,持丸 泰輝,2,6,敗,敗,2,0.2,4,2,17,3,1,0,0,0,終了,2026-07-10
2026,2026-05-22,20260522-d-c-08,セ,中日,広島,ホーム,バンテリンドーム,63165134,柳 裕也,21125150,石伊 雄太,6,2,勝,勝,20,6.2,2,2,109,4,2,9,1,0,終了,2026-07-10
2026,2026-05-22,20260522-e-m-06,パ,ロッテ,楽天,ビジター,楽天モバイル,11515138,小島 和哉,71075151,佐藤 都志也,2,1,勝,勝,21,7,1,1,103,4,3,6,1,1,終了,2026-07-10
2026,2026-05-22,20260522-e-m-06,パ,楽天,ロッテ,ホーム,楽天モバイル,73375152,ウレーニャ,71375138,太田 光,1,2,敗,勝敗なし,3,1,1,1,22,1,0,1,0,0,終了,2026-07-10
2026,2026-05-22,20260522-g-t-09,セ,巨人,阪神,ホーム,東京ドーム,51355151,井上 温大,91595136,岸田 行倫,4,7,敗,敗,12,4,7,7,73,10,0,2,0,0,終了,2026-07-10
2026,2026-05-22,20260522-g-t-09,セ,阪神,巨人,ビジター,東京ドーム,91095136,髙橋 遥人,11915132,坂本 誠志郎,7,4,勝,勝,20,6.2,4,4,89,8,1,4,0,0,終了,2026-07-10
2026,2026-05-22,20260522-h-f-06,パ,ソフトバンク,日本ハム,ホーム,みずほPayPay,71875157,前田 純,23125136,山本 祐大,10,0,勝,勝,15,5,0,0,63,2,0,6,0,0,終了,2026-07-10
2026,2026-05-22,20260522-h-f-06,パ,日本ハム,ソフトバンク,ビジター,みずほPayPay,01205155,達 孝太,51055138,田宮 裕涼,0,10,敗,敗,20,6.2,5,5,91,6,1,6,0,0,終了,2026-07-10
2026,2026-05-22,20260522-l-b-07,パ,オリックス,西武,ビジター,ベルーナドーム,03505152,ジェリー,91495139,森 友哉,5,1,勝,勝,18,6,0,0,81,5,1,2,1,0,終了,2026-07-10
2026,2026-05-22,20260522-l-b-07,パ,西武,オリックス,ホーム,ベルーナドーム,21025155,隅田 知一郎,81785155,古賀 悠斗,1,5,敗,敗,21,7,1,1,110,7,1,5,1,1,終了,2026-07-10
2026,2026-05-23,20260523-d-c-09,セ,広島,中日,ビジター,バンテリンドーム,53155151,森下 暢仁,21125151,石原 貴規,5,3,勝,勝,18,6,3,3,98,7,1,7,1,0,終了,2026-07-10
2026,2026-05-23,20260523-d-c-09,セ,中日,広島,ホーム,バンテリンドーム,11515133,大野 雄大,21125150,石伊 雄太,3,5,敗,勝敗なし,18,6,3,3,103,9,2,5,1,0,終了,2026-07-10
2026,2026-05-23,20260523-db-s-09,セ,DeNA,ヤクルト,ホーム,横 浜,61365153,入江 大生,21825157,松尾 汐恩,0,6,敗,敗,3,1,6,6,60,6,1,1,0,0,終了,2026-07-10
2026,2026-05-23,20260523-db-s-09,セ,ヤクルト,DeNA,ビジター,横 浜,21925139,高梨 裕稔,01705134,古賀 優大,6,0,勝,勝,21,7,0,0,104,3,1,5,1,1,終了,2026-07-10
2026,2026-05-23,20260523-e-m-07,パ,ロッテ,楽天,ビジター,楽天モバイル,01205118,西野 勇士,71075151,佐藤 都志也,7,6,勝,勝敗なし,16,5.1,6,5,80,9,0,1,0,0,終了,2026-07-10
2026,2026-05-23,20260523-e-m-07,パ,楽天,ロッテ,ホーム,楽天モバイル,31835153,早川 隆久,71375138,太田 光,6,7,敗,勝敗なし,21,7,2,2,89,5,1,7,1,1,終了,2026-07-10
2026,2026-05-23,20260523-g-t-10,セ,巨人,阪神,ホーム,東京ドーム,53355152,ウィットリー,21325136,大城 卓三,0,3,敗,敗,16,5.1,3,3,91,5,1,8,0,0,終了,2026-07-10
2026,2026-05-23,20260523-g-t-10,セ,阪神,巨人,ビジター,東京ドーム,13315153,村上 頌樹,11915132,坂本 誠志郎,3,0,勝,勝,27,9,0,0,110,3,0,8,1,1,終了,2026-07-10
2026,2026-05-23,20260523-h-f-07,パ,ソフトバンク,日本ハム,ホーム,みずほPayPay,41845157,松本 晴,23125136,山本 祐大,11,1,勝,勝,15,5,1,1,89,7,1,6,0,0,終了,2026-07-10
2026,2026-05-23,20260523-h-f-07,パ,日本ハム,ソフトバンク,ビジター,みずほPayPay,61865159,細野 晴希,51055138,田宮 裕涼,1,11,敗,敗,9,3,4,4,62,4,2,2,0,0,終了,2026-07-10
2026,2026-05-23,20260523-l-b-08,パ,オリックス,西武,ビジター,ベルーナドーム,61065159,髙島 泰都,41645139,若月 健矢,1,4,敗,敗,11,3.2,2,1,74,9,1,4,0,0,終了,2026-07-10
2026,2026-05-23,20260523-l-b-08,パ,西武,オリックス,ホーム,ベルーナドーム,31035150,佐藤 爽,41745152,小島 大河,4,1,勝,勝敗なし,13,4.1,1,1,82,6,0,3,0,0,終了,2026-07-10
2026,2026-05-24,20260524-d-c-10,セ,広島,中日,ビジター,バンテリンドーム,91595150,岡本 駿,81885151,持丸 泰輝,5,3,勝,勝,15,5,3,3,100,6,3,4,0,0,終了,2026-07-10
2026,2026-05-24,20260524-d-c-10,セ,中日,広島,ホーム,バンテリンドーム,61265153,髙橋 宏斗,41545130,加藤 匠馬,3,5,敗,敗,17,5.2,5,5,103,6,3,6,0,0,終了,2026-07-10
2026,2026-05-24,20260524-db-s-10,セ,DeNA,ヤクルト,ホーム,横 浜,21125159,石田 裕太郎,41245132,戸柱 恭孝,1,0,勝,勝,18,6,0,0,88,4,1,6,1,0,終了,2026-07-10
2026,2026-05-24,20260524-db-s-10,セ,ヤクルト,DeNA,ビジター,横 浜,31735151,奥川 恭伸,01005159,鈴木 叶,0,1,敗,敗,24,8,1,1,97,5,1,6,1,1,終了,2026-07-10
2026,2026-05-24,20260524-e-m-08,パ,ロッテ,楽天,ビジター,楽天モバイル,03905152,ロング,53155155,松川 虎生,5,8,敗,敗,3,1,8,8,37,8,0,0,0,0,終了,2026-07-10
2026,2026-05-24,20260524-e-m-08,パ,楽天,ロッテ,ホーム,楽天モバイル,71875153,藤井 聖,71375138,太田 光,8,5,勝,勝,19,6.1,3,2,112,11,0,6,1,0,終了,2026-07-10
2026,2026-05-24,20260524-g-t-11,セ,巨人,阪神,ホーム,東京ドーム,71275152,竹丸 和幸,21325136,大城 卓三,3,6,敗,敗,18,6,4,4,99,8,0,5,0,0,終了,2026-07-10
2026,2026-05-24,20260524-g-t-11,セ,阪神,巨人,ビジター,東京ドーム,41745134,才木 浩人,21325139,梅野 隆太郎,6,3,勝,勝,19,6.1,3,3,100,6,1,6,1,0,終了,2026-07-10
2026,2026-05-24,20260524-h-f-08,パ,ソフトバンク,日本ハム,ホーム,みずほPayPay,13115159,前田 悠伍,23125136,山本 祐大,7,6,勝,勝敗なし,9,3,4,4,77,4,4,4,0,0,終了,2026-07-10
2026,2026-05-24,20260524-h-f-08,パ,日本ハム,ソフトバンク,ビジター,みずほPayPay,51755155,北山 亘基,11015159,進藤 勇也,6,7,敗,勝敗なし,12,4,6,6,95,8,2,5,0,0,終了,2026-07-10
2026,2026-05-24,20260524-l-b-09,パ,オリックス,西武,ビジター,ベルーナドーム,83185134,山岡 泰輔,91495139,森 友哉,3,4,敗,勝敗なし,2,0.2,2,2,20,3,1,0,0,0,終了,2026-07-10
2026,2026-05-24,20260524-l-b-09,パ,西武,オリックス,ホーム,ベルーナドーム,23925152,ワイナンス,81785155,古賀 悠斗,4,3,勝,勝敗なし,15,5,1,1,89,2,2,3,0,0,終了,2026-07-10
2026,2026-05-26,20260526-c-m-01,パ,ロッテ,広島,ビジター,マツダスタジアム,43745159,ジャクソン,71075151,佐藤 都志也,3,1,勝,勝敗なし,18,6,1,1,102,4,0,6,1,0,終了,2026-07-10
2026,2026-05-26,20260526-c-m-01,セ,広島,ロッテ,ホーム,マツダスタジアム,11415134,床田 寛樹,81885151,持丸 泰輝,1,3,敗,勝敗なし,21,7,0,0,96,7,0,8,1,1,終了,2026-07-10
2026,2026-05-26,20260526-d-e-01,パ,楽天,中日,ビジター,バンテリンドーム,21925157,荘司 康誠,71375138,太田 光,0,1,敗,敗,21,7,1,1,97,6,2,5,1,1,終了,2026-07-10
2026,2026-05-26,20260526-d-e-01,セ,中日,楽天,ホーム,バンテリンドーム,13915150,マラー,41545130,加藤 匠馬,1,0,勝,勝,24,8,0,0,95,5,1,3,1,1,終了,2026-07-10
2026,2026-05-26,20260526-db-b-01,セ,DeNA,オリックス,ホーム,横 浜,01905139,平良 拳太郎,21825157,松尾 汐恩,1,7,敗,敗,15,5,4,4,80,5,3,4,0,0,終了,2026-07-10
2026,2026-05-26,20260526-db-b-01,パ,オリックス,DeNA,ビジター,横 浜,71775139,九里 亜蓮,41645139,若月 健矢,7,1,勝,勝,24,8,1,1,115,3,2,7,1,1,終了,2026-07-10
2026,2026-05-26,20260526-g-h-01,パ,ソフトバンク,巨人,ビジター,東京ドーム,01305157,大津 亮介,81385151,海野 隆司,8,3,勝,勝,21,7,1,0,101,8,1,6,1,1,終了,2026-07-10
2026,2026-05-26,20260526-g-h-01,セ,巨人,ソフトバンク,ホーム,東京ドーム,51055137,則本 昂大,21325136,大城 卓三,3,8,敗,敗,12,4,7,7,101,6,4,3,0,0,終了,2026-07-10
2026,2026-05-26,20260526-s-l-01,セ,ヤクルト,西武,ホーム,神 宮,03105159,松本 健吾,01705134,古賀 優大,1,2,敗,勝敗なし,21,7,1,0,92,4,1,8,1,1,終了,2026-07-10
2026,2026-05-26,20260526-s-l-01,パ,西武,ヤクルト,ビジター,神 宮,31035136,平良 海馬,41745152,小島 大河,2,1,勝,勝敗なし,24,8,0,0,106,2,2,9,1,1,終了,2026-07-10
2026,2026-05-26,20260526-t-f-01,セ,阪神,日本ハム,ホーム,甲子園,71275118,西 勇輝,61065137,伏見 寅威,0,4,敗,敗,18,6,1,1,84,5,2,2,1,0,終了,2026-07-10
2026,2026-05-26,20260526-t-f-01,パ,日本ハム,阪神,ビジター,甲子園,51355153,伊藤 大海,51055138,田宮 裕涼,4,0,勝,勝,27,9,0,0,130,7,0,13,1,1,終了,2026-07-10
2026,2026-05-27,20260527-c-m-02,パ,ロッテ,広島,ビジター,マツダスタジアム,73175152,毛利 海大,71075151,佐藤 都志也,5,4,勝,勝敗なし,9,3,2,2,46,4,0,1,0,0,終了,2026-07-10
2026,2026-05-27,20260527-c-m-02,セ,広島,ロッテ,ホーム,マツダスタジアム,93395155,森 翔平,81885151,持丸 泰輝,4,5,敗,勝敗なし,18,6,1,1,99,5,1,4,1,0,終了,2026-07-10
2026,2026-05-27,20260527-d-e-02,パ,楽天,中日,ビジター,バンテリンドーム,21725159,古謝 樹,71375138,太田 光,2,7,敗,敗,12,4,4,4,73,6,0,5,0,0,終了,2026-07-10
2026,2026-05-27,20260527-d-e-02,セ,中日,楽天,ホーム,バンテリンドーム,21925152,櫻井 頼之介,21125150,石伊 雄太,7,2,勝,勝,18,6,2,2,104,6,2,8,1,0,終了,2026-07-10
2026,2026-05-27,20260527-db-b-02,セ,DeNA,オリックス,ホーム,横 浜,41045150,篠木 健太郎,21825157,松尾 汐恩,2,5,敗,敗,15,5,5,5,98,9,3,3,0,0,終了,2026-07-10
2026,2026-05-27,20260527-db-b-02,パ,オリックス,DeNA,ビジター,横 浜,81985157,曽谷 龍平,41645139,若月 健矢,5,2,勝,勝,15,5,2,2,96,9,0,7,0,0,終了,2026-07-10
2026,2026-05-27,20260527-g-h-02,パ,ソフトバンク,巨人,ビジター,東京ドーム,33735155,アルメンタ,23125136,山本 祐大,1,5,敗,敗,7,2.1,5,5,61,4,3,2,0,0,終了,2026-07-10
2026,2026-05-27,20260527-g-h-02,セ,巨人,ソフトバンク,ホーム,東京ドーム,41045138,戸郷 翔征,21325136,大城 卓三,5,1,勝,勝,21,7,1,1,117,7,3,6,1,1,終了,2026-07-10
2026,2026-05-27,20260527-s-l-02,セ,ヤクルト,西武,ホーム,神 宮,51055132,高橋 奎二,51255118,中村 悠平,2,2,分,勝敗なし,18,6,2,2,96,7,1,4,1,0,終了,2026-07-10
2026,2026-05-27,20260527-s-l-02,パ,西武,ヤクルト,ビジター,神 宮,53155138,渡邉 勇太朗,81785155,古賀 悠斗,2,2,分,勝敗なし,21,7,0,0,108,4,2,7,1,1,終了,2026-07-10
2026,2026-05-27,20260527-t-f-02,セ,阪神,日本ハム,ホーム,甲子園,41345136,大竹 耕太郎,11915132,坂本 誠志郎,2,5,敗,敗,15,5,3,1,72,4,1,4,0,0,終了,2026-07-10
2026,2026-05-27,20260527-t-f-02,パ,日本ハム,阪神,ビジター,甲子園,41545132,加藤 貴之,11015159,進藤 勇也,5,2,勝,勝,15,5,2,2,77,7,1,1,0,0,終了,2026-07-10
2026,2026-05-28,20260528-c-m-03,パ,ロッテ,広島,ビジター,マツダスタジアム,81685150,廣池 康志郎,71075151,佐藤 都志也,6,3,勝,勝,18,6,2,1,85,6,0,6,1,0,終了,2026-07-10
2026,2026-05-28,20260528-c-m-03,セ,広島,ロッテ,ホーム,マツダスタジアム,61065151,鈴木 健矢,81885151,持丸 泰輝,3,6,敗,敗,12,4,3,3,47,2,0,1,0,0,終了,2026-07-10
2026,2026-05-28,20260528-d-e-03,パ,楽天,中日,ビジター,バンテリンドーム,31235151,瀧中 瞭太,71375138,太田 光,1,2,敗,勝敗なし,18,6,0,0,90,4,0,8,1,0,終了,2026-07-10
2026,2026-05-28,20260528-d-e-03,セ,中日,楽天,ホーム,バンテリンドーム,61565150,金丸 夢斗,21125150,石伊 雄太,2,1,勝,勝,24,8,1,1,114,6,1,7,1,1,終了,2026-07-10
2026,2026-05-28,20260528-db-b-03,セ,DeNA,オリックス,ホーム,横 浜,51155136,東 克樹,21825157,松尾 汐恩,3,1,勝,勝,21,7,1,1,87,6,0,4,1,1,終了,2026-07-10
2026,2026-05-28,20260528-db-b-03,パ,オリックス,DeNA,ビジター,横 浜,43545159,エスピノーザ,91495139,森 友哉,1,3,敗,勝敗なし,18,6,0,0,97,4,1,7,1,0,終了,2026-07-10
2026,2026-05-28,20260528-g-h-03,パ,ソフトバンク,巨人,ビジター,東京ドーム,53755138,スチュワート・ジュニア,23125136,山本 祐大,8,4,勝,勝,15,5,4,4,85,7,1,3,0,0,終了,2026-07-10
2026,2026-05-28,20260528-g-h-03,セ,巨人,ソフトバンク,ホーム,東京ドーム,11215114,田中 将大,21325136,大城 卓三,4,8,敗,勝敗なし,15,5,3,3,83,5,2,5,0,0,終了,2026-07-10
2026,2026-05-28,20260528-s-l-03,セ,ヤクルト,西武,ホーム,神 宮,11515137,小川 泰弘,01005159,鈴木 叶,0,8,敗,敗,21,7,3,3,103,6,3,6,1,0,終了,2026-07-10
2026,2026-05-28,20260528-s-l-03,パ,西武,ヤクルト,ビジター,神 宮,51255159,武内 夏暉,41745152,小島 大河,8,0,勝,勝,18,6,0,0,100,4,2,6,1,0,終了,2026-07-10
2026,2026-05-28,20260528-t-f-03,セ,阪神,日本ハム,ホーム,甲子園,41745150,木下 里都,21325139,梅野 隆太郎,2,4,敗,敗,12,4,3,3,90,5,2,2,0,0,終了,2026-07-10
2026,2026-05-28,20260528-t-f-03,パ,日本ハム,阪神,ビジター,甲子園,81685155,福島 蓮,51055138,田宮 裕涼,4,2,勝,勝,21,7,1,1,100,5,1,7,1,1,終了,2026-07-10
2026,2026-05-29,20260529-b-d-01,パ,オリックス,中日,ホーム,京セラD大阪,03505152,ジェリー,91495139,森 友哉,1,5,敗,勝敗なし,17,5.2,1,1,94,6,0,9,0,0,終了,2026-07-10
2026,2026-05-29,20260529-b-d-01,セ,中日,オリックス,ビジター,京セラD大阪,63165134,柳 裕也,21125150,石伊 雄太,5,1,勝,勝,18,6,1,1,113,6,2,4,1,0,終了,2026-07-10
2026,2026-05-29,20260529-e-s-01,セ,ヤクルト,楽天,ビジター,楽天モバイル,63365153,山野 太一,01705134,古賀 優大,7,2,勝,勝,18,6,1,1,100,7,2,6,1,0,終了,2026-07-10
2026,2026-05-29,20260529-e-s-01,パ,楽天,ヤクルト,ホーム,楽天モバイル,91795114,岸 孝之,11815132,堀内 謙伍,2,7,敗,敗,15,5,3,3,86,8,1,7,0,0,終了,2026-07-10
2026,2026-05-29,20260529-f-g-01,セ,巨人,日本ハム,ビジター,エスコンＦ,51355151,井上 温大,91595136,岸田 行倫,4,2,勝,勝,15,5,2,2,86,3,2,3,0,0,終了,2026-07-10
2026,2026-05-29,20260529-f-g-01,パ,日本ハム,巨人,ホーム,エスコンＦ,01205155,達 孝太,51055138,田宮 裕涼,2,4,敗,敗,17,5.2,4,4,109,8,1,3,0,0,終了,2026-07-10
2026,2026-05-29,20260529-h-c-01,パ,ソフトバンク,広島,ホーム,みずほPayPay,01505151,大関 友久,23125136,山本 祐大,2,0,勝,勝,27,9,0,0,112,1,2,5,1,1,終了,2026-07-10
2026,2026-05-29,20260529-h-c-01,セ,広島,ソフトバンク,ビジター,みずほPayPay,41245151,玉村 昇悟,81885151,持丸 泰輝,0,2,敗,敗,21,7,2,2,109,6,2,4,1,1,終了,2026-07-10
2026,2026-05-29,20260529-l-db-01,セ,DeNA,西武,ビジター,ベルーナドーム,11015152,島田 舜也,41245132,戸柱 恭孝,4,13,敗,敗,12,4,7,7,70,9,2,1,0,0,終了,2026-07-10
2026,2026-05-29,20260529-l-db-01,パ,西武,DeNA,ホーム,ベルーナドーム,71075130,髙橋 光成,81785155,古賀 悠斗,13,4,勝,勝,23,7.2,4,3,120,8,2,6,1,0,終了,2026-07-10
2026,2026-05-29,20260529-m-t-01,パ,ロッテ,阪神,ホーム,ZOZOマリン,01005157,田中 晴也,71075151,佐藤 都志也,0,1,敗,敗,18,6,1,1,115,3,2,3,1,0,終了,2026-07-10
2026,2026-05-29,20260529-m-t-01,セ,阪神,ロッテ,ビジター,ZOZOマリン,91095136,髙橋 遥人,61065137,伏見 寅威,1,0,勝,勝,24,8,0,0,106,2,2,6,1,1,終了,2026-07-10
2026,2026-05-30,20260530-b-d-02,パ,オリックス,中日,ホーム,京セラD大阪,41045136,田嶋 大樹,41645139,若月 健矢,3,1,勝,勝,18,6,1,1,79,5,0,4,1,0,終了,2026-07-10
2026,2026-05-30,20260530-b-d-02,セ,中日,オリックス,ビジター,京セラD大阪,11515133,大野 雄大,21125150,石伊 雄太,1,3,敗,敗,24,8,3,3,103,10,1,3,1,0,終了,2026-07-10
2026,2026-05-30,20260530-e-s-02,セ,ヤクルト,楽天,ビジター,楽天モバイル,21925139,高梨 裕稔,01705134,古賀 優大,8,7,勝,勝,21,7,4,4,114,4,2,7,0,0,終了,2026-07-10
2026,2026-05-30,20260530-e-s-02,パ,楽天,ヤクルト,ホーム,楽天モバイル,31835153,早川 隆久,71375138,太田 光,7,8,敗,敗,15,5,5,5,82,8,1,4,0,0,終了,2026-07-10
2026,2026-05-30,20260530-f-g-02,セ,巨人,日本ハム,ビジター,エスコンＦ,31635159,西舘 勇陽,91595136,岸田 行倫,5,3,勝,勝,18,6,0,0,105,4,3,8,1,0,終了,2026-07-10
2026,2026-05-30,20260530-f-g-02,パ,日本ハム,巨人,ホーム,エスコンＦ,51155130,有原 航平,11515151,梅林 優貴,3,5,敗,敗,21,7,4,3,98,6,2,7,1,0,終了,2026-07-10
2026,2026-05-30,20260530-h-c-02,パ,ソフトバンク,広島,ホーム,みずほPayPay,71875157,前田 純,23125136,山本 祐大,4,2,勝,勝敗なし,15,5,2,2,94,5,2,4,0,0,終了,2026-07-10
2026,2026-05-30,20260530-h-c-02,セ,広島,ソフトバンク,ビジター,みずほPayPay,53155151,森下 暢仁,81885151,持丸 泰輝,2,4,敗,勝敗なし,15,5,2,2,110,5,5,8,0,0,終了,2026-07-10
2026,2026-05-30,20260530-l-db-02,セ,DeNA,西武,ビジター,ベルーナドーム,91295159,武田 陸玖,91895155,古市 尊,0,6,敗,敗,6,2,2,1,73,2,4,1,0,0,終了,2026-07-10
2026,2026-05-30,20260530-l-db-02,パ,西武,DeNA,ホーム,ベルーナドーム,21025155,隅田 知一郎,41745152,小島 大河,6,0,勝,勝,27,9,0,0,113,8,1,9,1,1,終了,2026-07-10
2026,2026-05-30,20260530-m-t-02,パ,ロッテ,阪神,ホーム,ZOZOマリン,21525116,唐川 侑己,71075151,佐藤 都志也,3,4,敗,敗,15,5,4,4,74,5,1,4,0,0,終了,2026-07-10
2026,2026-05-30,20260530-m-t-02,セ,阪神,ロッテ,ビジター,ZOZOマリン,13315153,村上 頌樹,11915132,坂本 誠志郎,4,3,勝,勝,22,7.1,3,2,117,7,1,6,1,1,終了,2026-07-10
2026,2026-05-31,20260531-b-d-03,パ,オリックス,中日,ホーム,京セラD大阪,61065159,髙島 泰都,41645139,若月 健矢,7,5,勝,勝敗なし,4,1.1,4,4,28,5,1,1,0,0,終了,2026-07-10
2026,2026-05-31,20260531-b-d-03,セ,中日,オリックス,ビジター,京セラD大阪,61265153,髙橋 宏斗,21125150,石伊 雄太,5,7,敗,勝敗なし,11,3.2,5,5,66,7,2,2,0,0,終了,2026-07-10
2026,2026-05-31,20260531-e-s-03,セ,ヤクルト,楽天,ビジター,楽天モバイル,31735151,奥川 恭伸,01005159,鈴木 叶,2,1,勝,勝,21,7,1,1,100,5,0,6,1,1,終了,2026-07-10
2026,2026-05-31,20260531-e-s-03,パ,楽天,ヤクルト,ホーム,楽天モバイル,71875153,藤井 聖,11815132,堀内 謙伍,1,2,敗,敗,13,4.1,2,2,77,5,1,3,0,0,終了,2026-07-10
2026,2026-05-31,20260531-f-g-03,セ,巨人,日本ハム,ビジター,エスコンＦ,71275152,竹丸 和幸,91595136,岸田 行倫,0,3,敗,敗,24,8,3,3,111,4,1,10,1,0,終了,2026-07-10
2026,2026-05-31,20260531-f-g-03,パ,日本ハム,巨人,ホーム,エスコンＦ,51755155,北山 亘基,11015159,進藤 勇也,3,0,勝,勝,18,6,0,0,91,3,4,4,1,0,終了,2026-07-10
2026,2026-05-31,20260531-h-c-03,パ,ソフトバンク,広島,ホーム,みずほPayPay,23525152,徐 若熙,23125136,山本 祐大,3,1,勝,勝,18,6,0,0,82,3,0,7,1,0,終了,2026-07-10
2026,2026-05-31,20260531-h-c-03,セ,広島,ソフトバンク,ビジター,みずほPayPay,91595150,岡本 駿,81885151,持丸 泰輝,1,3,敗,敗,18,6,3,3,91,6,0,6,1,0,終了,2026-07-10
2026,2026-05-31,20260531-l-db-03,セ,DeNA,西武,ビジター,ベルーナドーム,61365136,尾形 崇斗,21825157,松尾 汐恩,6,0,勝,勝,15,5,0,0,75,2,1,7,0,0,終了,2026-07-10
2026,2026-05-31,20260531-l-db-03,パ,西武,DeNA,ホーム,ベルーナドーム,23925152,ワイナンス,81785155,古賀 悠斗,0,6,敗,敗,15,5,4,4,85,7,2,1,0,0,終了,2026-07-10
2026,2026-05-31,20260531-m-t-03,パ,ロッテ,阪神,ホーム,ZOZOマリン,03905152,ロング,71075151,佐藤 都志也,4,2,勝,勝敗なし,12,4,1,0,65,3,1,3,0,0,終了,2026-07-10
2026,2026-05-31,20260531-m-t-03,セ,阪神,ロッテ,ビジター,ZOZOマリン,41745134,才木 浩人,21325139,梅野 隆太郎,2,4,敗,勝敗なし,18,6,2,2,101,4,2,6,1,0,終了,2026-07-10
2026,2026-06-02,20260602-d-h-01,パ,ソフトバンク,中日,ビジター,バンテリンドーム,01305157,大津 亮介,81385151,海野 隆司,3,0,勝,勝,27,9,0,0,118,1,1,11,1,1,終了,2026-07-10
2026,2026-06-02,20260602-d-h-01,セ,中日,ソフトバンク,ホーム,バンテリンドーム,13915150,マラー,41545130,加藤 匠馬,0,3,敗,敗,18,6,3,3,104,9,2,7,1,0,終了,2026-07-10
2026,2026-06-02,20260602-db-e-01,セ,DeNA,楽天,ホーム,横 浜,01905139,平良 拳太郎,21825157,松尾 汐恩,3,7,敗,勝敗なし,15,5,2,2,98,4,1,8,0,0,終了,2026-07-10
2026,2026-06-02,20260602-db-e-01,パ,楽天,DeNA,ビジター,横 浜,21925157,荘司 康誠,71375138,太田 光,7,3,勝,勝敗なし,18,6,3,2,95,7,2,7,1,0,終了,2026-07-10
2026,2026-06-02,20260602-g-b-01,パ,オリックス,巨人,ビジター,東京ドーム,71775139,九里 亜蓮,41645139,若月 健矢,2,3,敗,敗,17,5.2,3,3,97,6,2,10,0,0,終了,2026-07-10
2026,2026-06-02,20260602-g-b-01,セ,巨人,オリックス,ホーム,東京ドーム,51055137,則本 昂大,21325136,大城 卓三,3,2,勝,勝,17,5.2,2,2,97,5,1,2,0,0,終了,2026-07-10
2026,2026-06-02,20260602-s-m-01,セ,ヤクルト,ロッテ,ホーム,神 宮,03105159,松本 健吾,01705134,古賀 優大,0,5,敗,敗,14,4.2,3,3,94,9,1,4,0,0,終了,2026-07-10
2026,2026-06-02,20260602-s-m-01,パ,ロッテ,ヤクルト,ビジター,神 宮,43745159,ジャクソン,71075151,佐藤 都志也,5,0,勝,勝,21,7,0,0,132,6,3,7,1,1,終了,2026-07-10
2026,2026-06-03,20260603-c-f-01,セ,広島,日本ハム,ホーム,マツダスタジアム,11415134,床田 寛樹,81885151,持丸 泰輝,3,1,勝,勝,18,6,1,1,89,7,2,4,1,0,終了,2026-07-10
2026,2026-06-03,20260603-c-f-01,パ,日本ハム,広島,ビジター,マツダスタジアム,51355153,伊藤 大海,51055138,田宮 裕涼,1,3,敗,敗,15,5,3,3,103,6,2,4,0,0,終了,2026-07-10
2026,2026-06-03,20260603-d-h-02,パ,ソフトバンク,中日,ビジター,バンテリンドーム,41845157,松本 晴,23125136,山本 祐大,8,5,勝,勝敗なし,15,5,4,4,81,7,2,5,0,0,終了,2026-07-10
2026,2026-06-03,20260603-d-h-02,セ,中日,ソフトバンク,ホーム,バンテリンドーム,21925152,櫻井 頼之介,21125150,石伊 雄太,5,8,敗,勝敗なし,15,5,3,3,78,6,2,5,0,0,終了,2026-07-10
2026,2026-06-03,20260603-db-e-02,セ,DeNA,楽天,ホーム,横 浜,21125159,石田 裕太郎,41245132,戸柱 恭孝,0,2,敗,勝敗なし,18,6,0,0,109,5,2,7,1,0,終了,2026-07-10
2026,2026-06-03,20260603-db-e-02,パ,楽天,DeNA,ビジター,横 浜,21725159,古謝 樹,71375138,太田 光,2,0,勝,勝敗なし,18,6,0,0,102,2,1,5,1,0,終了,2026-07-10
2026,2026-06-03,20260603-g-b-02,パ,オリックス,巨人,ビジター,東京ドーム,81985157,曽谷 龍平,41645139,若月 健矢,4,5,敗,勝敗なし,21,7,1,1,99,2,1,10,1,1,終了,2026-07-10
2026,2026-06-03,20260603-g-b-02,セ,巨人,オリックス,ホーム,東京ドーム,41045138,戸郷 翔征,21325136,大城 卓三,5,4,勝,勝敗なし,3,1,0,0,14,0,0,1,0,0,終了,2026-07-10
2026,2026-06-03,20260603-s-m-02,セ,ヤクルト,ロッテ,ホーム,神 宮,51055132,高橋 奎二,51255118,中村 悠平,1,0,勝,勝,21,7,0,0,101,2,0,6,1,1,終了,2026-07-10
2026,2026-06-03,20260603-s-m-02,パ,ロッテ,ヤクルト,ビジター,神 宮,73175152,毛利 海大,71075151,佐藤 都志也,0,1,敗,勝敗なし,15,5,0,0,89,5,2,4,0,0,終了,2026-07-10
2026,2026-06-03,20260603-t-l-01,セ,阪神,西武,ホーム,甲子園,41345136,大竹 耕太郎,61065137,伏見 寅威,2,3,敗,敗,21,7,3,1,91,6,0,5,1,1,終了,2026-07-10
2026,2026-06-03,20260603-t-l-01,パ,西武,阪神,ビジター,甲子園,53155138,渡邉 勇太朗,81785155,古賀 悠斗,3,2,勝,勝,21,7,0,0,112,2,1,6,1,1,終了,2026-07-10
2026,2026-06-04,20260604-c-f-02,セ,広島,日本ハム,ホーム,マツダスタジアム,93395155,森 翔平,81885151,持丸 泰輝,2,5,敗,勝敗なし,18,6,1,1,83,7,2,5,1,0,終了,2026-07-10
2026,2026-06-04,20260604-c-f-02,パ,日本ハム,広島,ビジター,マツダスタジアム,81085150,柴田 獅子,11515151,梅林 優貴,5,2,勝,勝敗なし,12,4,1,1,88,5,2,4,0,0,終了,2026-07-10
2026,2026-06-04,20260604-d-h-03,パ,ソフトバンク,中日,ビジター,バンテリンドーム,53755138,スチュワート・ジュニア,81385151,海野 隆司,2,1,勝,勝,16,5.1,1,1,98,4,2,6,0,0,終了,2026-07-10
2026,2026-06-04,20260604-d-h-03,セ,中日,ソフトバンク,ホーム,バンテリンドーム,61565150,金丸 夢斗,21125150,石伊 雄太,1,2,敗,敗,21,7,2,0,98,6,1,5,1,1,終了,2026-07-10
2026,2026-06-04,20260604-db-e-03,セ,DeNA,楽天,ホーム,横 浜,51155136,東 克樹,21825157,松尾 汐恩,8,7,勝,勝敗なし,15,5,4,4,90,4,2,2,0,0,終了,2026-07-10
2026,2026-06-04,20260604-db-e-03,パ,楽天,DeNA,ビジター,横 浜,31235151,瀧中 瞭太,71375138,太田 光,7,8,敗,勝敗なし,18,6,0,0,102,6,0,5,1,0,終了,2026-07-10
2026,2026-06-04,20260604-g-b-03,パ,オリックス,巨人,ビジター,東京ドーム,43545159,エスピノーザ,41645139,若月 健矢,1,2,敗,敗,22,7.1,2,2,105,5,2,9,1,1,終了,2026-07-10
2026,2026-06-04,20260604-g-b-03,セ,巨人,オリックス,ホーム,東京ドーム,11215114,田中 将大,91795139,小林 誠司,2,1,勝,勝敗なし,21,7,1,1,112,7,1,6,1,1,終了,2026-07-10
2026,2026-06-04,20260604-s-m-03,セ,ヤクルト,ロッテ,ホーム,神 宮,11515137,小川 泰弘,01005159,鈴木 叶,2,5,敗,敗,15,5,5,5,97,9,1,6,0,0,終了,2026-07-10
2026,2026-06-04,20260604-s-m-03,パ,ロッテ,ヤクルト,ビジター,神 宮,11515138,小島 和哉,71075151,佐藤 都志也,5,2,勝,勝,21,7,1,1,114,3,2,8,1,1,終了,2026-07-10
2026,2026-06-04,20260604-t-l-02,セ,阪神,西武,ホーム,甲子園,71275118,西 勇輝,61065137,伏見 寅威,2,4,敗,敗,12,4,3,2,88,5,1,3,0,0,終了,2026-07-10
2026,2026-06-04,20260604-t-l-02,パ,西武,阪神,ビジター,甲子園,31035136,平良 海馬,41745152,小島 大河,4,2,勝,勝,21,7,1,1,101,4,1,4,1,1,終了,2026-07-10
2026,2026-06-05,20260605-c-b-01,パ,オリックス,広島,ビジター,マツダスタジアム,03505152,ジェリー,41645139,若月 健矢,2,2,分,勝敗なし,15,5,0,0,73,5,1,3,0,0,終了,2026-07-10
2026,2026-06-05,20260605-c-b-01,セ,広島,オリックス,ホーム,マツダスタジアム,41245151,玉村 昇悟,81885151,持丸 泰輝,2,2,分,勝敗なし,21,7,1,1,78,2,0,5,1,1,終了,2026-07-10
2026,2026-06-05,20260605-d-l-01,パ,西武,中日,ビジター,バンテリンドーム,71075130,髙橋 光成,81785155,古賀 悠斗,0,1,敗,敗,26,8.2,1,1,121,6,3,4,1,1,終了,2026-07-10
2026,2026-06-05,20260605-d-l-01,セ,中日,西武,ホーム,バンテリンドーム,63165134,柳 裕也,21125150,石伊 雄太,1,0,勝,勝敗なし,21,7,0,0,116,5,2,5,1,1,終了,2026-07-10
2026,2026-06-05,20260605-db-h-01,セ,DeNA,ソフトバンク,ホーム,横 浜,41045150,篠木 健太郎,21825157,松尾 汐恩,8,3,勝,勝,21,7,1,1,107,5,1,6,1,1,終了,2026-07-10
2026,2026-06-05,20260605-db-h-01,パ,ソフトバンク,DeNA,ビジター,横 浜,01505151,大関 友久,93195138,渡邉 陸,3,8,敗,敗,15,5,8,8,111,10,3,3,0,0,終了,2026-07-10
2026,2026-06-05,20260605-g-m-01,パ,ロッテ,巨人,ビジター,東京ドーム,81685150,廣池 康志郎,71075151,佐藤 都志也,2,8,敗,敗,15,5,4,4,83,4,2,3,0,0,終了,2026-07-10
2026,2026-06-05,20260605-g-m-01,セ,巨人,ロッテ,ホーム,東京ドーム,51355151,井上 温大,91595136,岸田 行倫,8,2,勝,勝,27,9,2,2,111,7,0,7,1,1,終了,2026-07-10
2026,2026-06-05,20260605-s-f-01,セ,ヤクルト,日本ハム,ホーム,神 宮,63365153,山野 太一,01705134,古賀 優大,1,3,敗,勝敗なし,27,9,1,1,100,3,1,7,1,1,終了,2026-07-10
2026,2026-06-05,20260605-s-f-01,パ,日本ハム,ヤクルト,ビジター,神 宮,81685155,福島 蓮,51055138,田宮 裕涼,3,1,勝,勝敗なし,21,7,1,1,112,5,4,10,1,1,終了,2026-07-10
2026,2026-06-05,20260605-t-e-01,パ,楽天,阪神,ビジター,甲子園,91795114,岸 孝之,81185116,伊藤 光,1,8,敗,敗,15,5,2,2,102,3,4,3,0,0,終了,2026-07-10
2026,2026-06-05,20260605-t-e-01,セ,阪神,楽天,ホーム,甲子園,91095136,髙橋 遥人,61065137,伏見 寅威,8,1,勝,勝,21,7,1,1,104,6,0,10,1,1,終了,2026-07-10
2026,2026-06-06,20260606-c-b-02,パ,オリックス,広島,ビジター,マツダスタジアム,41045136,田嶋 大樹,41645139,若月 健矢,4,7,敗,敗,12,4,5,5,63,6,1,1,0,0,終了,2026-07-10
2026,2026-06-06,20260606-c-b-02,セ,広島,オリックス,ホーム,マツダスタジアム,53155151,森下 暢仁,81885151,持丸 泰輝,7,4,勝,勝,22,7.1,4,4,113,8,3,5,0,0,終了,2026-07-10
2026,2026-06-06,20260606-d-l-02,パ,西武,中日,ビジター,バンテリンドーム,21025155,隅田 知一郎,41745152,小島 大河,5,2,勝,勝,24,8,2,2,97,3,2,7,1,1,終了,2026-07-10
2026,2026-06-06,20260606-d-l-02,セ,中日,西武,ホーム,バンテリンドーム,11515133,大野 雄大,21125150,石伊 雄太,2,5,敗,敗,18,6,4,4,85,3,1,2,0,0,終了,2026-07-10
2026,2026-06-06,20260606-db-h-02,セ,DeNA,ソフトバンク,ホーム,横 浜,81985159,庄司 陽斗,21825157,松尾 汐恩,3,6,敗,敗,15,5,4,4,69,5,1,3,0,0,終了,2026-07-10
2026,2026-06-06,20260606-db-h-02,パ,ソフトバンク,DeNA,ビジター,横 浜,13115159,前田 悠伍,81385151,海野 隆司,6,3,勝,勝,15,5,1,1,93,1,3,7,0,0,終了,2026-07-10
2026,2026-06-06,20260606-g-m-02,パ,ロッテ,巨人,ビジター,東京ドーム,01005157,田中 晴也,71075151,佐藤 都志也,1,1,分,勝敗なし,15,5,0,0,66,5,1,2,0,0,終了,2026-07-10
2026,2026-06-06,20260606-g-m-02,セ,巨人,ロッテ,ホーム,東京ドーム,53355152,ウィットリー,21325136,大城 卓三,1,1,分,勝敗なし,19,6.1,1,1,100,3,5,7,1,0,終了,2026-07-10
2026,2026-06-06,20260606-s-f-02,セ,ヤクルト,日本ハム,ホーム,神 宮,21925139,高梨 裕稔,01705134,古賀 優大,0,2,敗,敗,10,3.1,1,1,62,2,1,4,0,0,終了,2026-07-10
2026,2026-06-06,20260606-s-f-02,パ,日本ハム,ヤクルト,ビジター,神 宮,21825130,山﨑 福也,11015159,進藤 勇也,2,0,勝,勝,17,5.2,0,0,89,4,1,2,0,0,終了,2026-07-10
2026,2026-06-06,20260606-t-e-02,パ,楽天,阪神,ビジター,甲子園,31835153,早川 隆久,71375138,太田 光,0,1,敗,敗,18,6,1,1,107,5,2,8,1,0,終了,2026-07-10
2026,2026-06-06,20260606-t-e-02,セ,阪神,楽天,ホーム,甲子園,13315153,村上 頌樹,11915132,坂本 誠志郎,1,0,勝,勝,18,6,0,0,98,5,1,7,1,0,終了,2026-07-10
2026,2026-06-07,20260607-c-b-03,パ,オリックス,広島,ビジター,マツダスタジアム,63165159,宮國 凌空,41645139,若月 健矢,2,5,敗,敗,5,1.2,4,4,41,3,3,0,0,0,終了,2026-07-10
2026,2026-06-07,20260607-c-b-03,セ,広島,オリックス,ホーム,マツダスタジアム,91595150,岡本 駿,81885151,持丸 泰輝,5,2,勝,勝,21,7,2,2,90,4,2,4,1,1,終了,2026-07-10
2026,2026-06-07,20260607-d-l-03,パ,西武,中日,ビジター,バンテリンドーム,23925152,ワイナンス,61265151,柘植 世那,4,1,勝,勝敗なし,21,7,0,0,109,1,3,8,1,1,終了,2026-07-10
2026,2026-06-07,20260607-d-l-03,セ,中日,西武,ホーム,バンテリンドーム,31635110,涌井 秀章,41545130,加藤 匠馬,1,4,敗,勝敗なし,15,5,1,1,68,4,1,3,0,0,終了,2026-07-10
2026,2026-06-07,20260607-db-h-03,セ,DeNA,ソフトバンク,ホーム,横 浜,61365136,尾形 崇斗,21825157,松尾 汐恩,2,4,敗,勝敗なし,15,5,1,1,79,2,2,7,0,0,終了,2026-07-10
2026,2026-06-07,20260607-db-h-03,パ,ソフトバンク,DeNA,ビジター,横 浜,23525152,徐 若熙,81385151,海野 隆司,4,2,勝,勝敗なし,18,6,2,2,93,6,2,4,1,0,終了,2026-07-10
2026,2026-06-07,20260607-g-m-03,パ,ロッテ,巨人,ビジター,東京ドーム,03905152,ロング,71075151,佐藤 都志也,2,2,分,勝敗なし,15,5,1,1,89,3,4,8,0,0,終了,2026-07-10
2026,2026-06-07,20260607-g-m-03,セ,巨人,ロッテ,ホーム,東京ドーム,31635159,西舘 勇陽,91595136,岸田 行倫,2,2,分,勝敗なし,21,7,1,1,111,6,2,7,1,1,終了,2026-07-10
2026,2026-06-07,20260607-s-f-03,セ,ヤクルト,日本ハム,ホーム,神 宮,31735151,奥川 恭伸,01005159,鈴木 叶,1,7,敗,敗,15,5,6,3,87,7,1,4,0,0,終了,2026-07-10
2026,2026-06-07,20260607-s-f-03,パ,日本ハム,ヤクルト,ビジター,神 宮,51755155,北山 亘基,11015159,進藤 勇也,7,1,勝,勝,27,9,1,1,113,4,1,6,1,1,終了,2026-07-10
2026,2026-06-09,20260609-b-s-01,パ,オリックス,ヤクルト,ホーム,京セラD大阪,71775139,九里 亜蓮,41645139,若月 健矢,4,3,勝,勝敗なし,18,6,1,1,114,4,1,8,1,0,終了,2026-07-10
2026,2026-06-09,20260609-b-s-01,セ,ヤクルト,オリックス,ビジター,京セラD大阪,03105159,松本 健吾,01705134,古賀 優大,3,4,敗,勝敗なし,16,5.1,1,1,111,7,3,5,0,0,終了,2026-07-10
2026,2026-06-09,20260609-e-g-01,パ,楽天,巨人,ホーム,楽天モバイル,21925157,荘司 康誠,71375138,太田 光,2,8,敗,敗,21,7,6,6,115,12,2,6,0,0,終了,2026-07-10
2026,2026-06-09,20260609-e-g-01,セ,巨人,楽天,ビジター,楽天モバイル,51055137,則本 昂大,21325136,大城 卓三,8,2,勝,勝,19,6.1,2,2,126,7,3,5,1,0,終了,2026-07-10
2026,2026-06-09,20260609-f-db-01,セ,DeNA,日本ハム,ビジター,エスコンＦ,01905139,平良 拳太郎,21825157,松尾 汐恩,1,4,敗,敗,15,5,4,4,97,9,0,4,0,0,終了,2026-07-10
2026,2026-06-09,20260609-f-db-01,パ,日本ハム,DeNA,ホーム,エスコンＦ,51355153,伊藤 大海,51055138,田宮 裕涼,4,1,勝,勝,27,9,1,1,120,5,2,7,1,1,終了,2026-07-10
2026,2026-06-09,20260609-h-t-01,パ,ソフトバンク,阪神,ホーム,みずほPayPay,01305157,大津 亮介,81385151,海野 隆司,10,4,勝,勝,18,6,3,3,85,5,1,7,1,0,終了,2026-07-10
2026,2026-06-09,20260609-h-t-01,セ,阪神,ソフトバンク,ビジター,みずほPayPay,41745134,才木 浩人,21325139,梅野 隆太郎,4,10,敗,敗,9,3,5,5,50,5,0,4,0,0,終了,2026-07-10
2026,2026-06-09,20260609-l-c-01,セ,広島,西武,ビジター,ベルーナドーム,11415134,床田 寛樹,81885151,持丸 泰輝,3,4,敗,勝敗なし,15,5,3,3,101,7,3,2,0,0,終了,2026-07-10
2026,2026-06-09,20260609-l-c-01,パ,西武,広島,ホーム,ベルーナドーム,51255159,武内 夏暉,81785155,古賀 悠斗,4,3,勝,勝敗なし,21,7,3,3,88,4,1,4,1,0,終了,2026-07-10
2026,2026-06-09,20260609-m-d-01,パ,ロッテ,中日,ホーム,ZOZOマリン,43745159,ジャクソン,71075151,佐藤 都志也,3,1,勝,勝,18,6,1,1,111,5,2,5,1,0,終了,2026-07-10
2026,2026-06-09,20260609-m-d-01,セ,中日,ロッテ,ビジター,ZOZOマリン,13915150,マラー,41545130,加藤 匠馬,1,3,敗,敗,17,5.2,3,3,80,6,0,3,0,0,終了,2026-07-10
2026,2026-06-10,20260610-b-s-02,パ,オリックス,ヤクルト,ホーム,京セラD大阪,81985157,曽谷 龍平,41645139,若月 健矢,8,4,勝,勝,27,9,4,4,125,5,1,4,0,0,終了,2026-07-10
2026,2026-06-10,20260610-b-s-02,セ,ヤクルト,オリックス,ビジター,京セラD大阪,51055132,高橋 奎二,51255118,中村 悠平,4,8,敗,敗,14,4.2,4,4,117,8,4,4,0,0,終了,2026-07-10
2026,2026-06-10,20260610-e-g-02,パ,楽天,巨人,ホーム,楽天モバイル,21725159,古謝 樹,71375138,太田 光,0,7,敗,敗,3,1,1,1,20,0,0,1,0,0,終了,2026-07-10
2026,2026-06-10,20260610-e-g-02,セ,巨人,楽天,ビジター,楽天モバイル,41045138,戸郷 翔征,21325136,大城 卓三,7,0,勝,勝,27,9,0,0,134,5,1,14,1,1,終了,2026-07-10
2026,2026-06-10,20260610-f-db-02,セ,DeNA,日本ハム,ビジター,エスコンＦ,21125159,石田 裕太郎,41245132,戸柱 恭孝,2,4,敗,敗,19,6.1,4,4,95,7,1,4,0,0,終了,2026-07-10
2026,2026-06-10,20260610-f-db-02,パ,日本ハム,DeNA,ホーム,エスコンＦ,41545132,加藤 貴之,51055138,田宮 裕涼,4,2,勝,勝,21,7,2,2,103,2,1,4,1,1,終了,2026-07-10
2026,2026-06-10,20260610-h-t-02,パ,ソフトバンク,阪神,ホーム,みずほPayPay,41845157,松本 晴,81385151,海野 隆司,6,2,勝,勝,15,5,2,2,81,4,2,7,0,0,終了,2026-07-10
2026,2026-06-10,20260610-h-t-02,セ,阪神,ソフトバンク,ビジター,みずほPayPay,41345136,大竹 耕太郎,61065137,伏見 寅威,2,6,敗,敗,15,5,3,2,92,5,3,2,0,0,終了,2026-07-10
2026,2026-06-10,20260610-l-c-02,セ,広島,西武,ビジター,ベルーナドーム,93395155,森 翔平,81885151,持丸 泰輝,4,5,敗,勝敗なし,13,4.1,3,3,79,6,0,3,0,0,終了,2026-07-10
2026,2026-06-10,20260610-l-c-02,パ,西武,広島,ホーム,ベルーナドーム,53155138,渡邉 勇太朗,81785155,古賀 悠斗,5,4,勝,勝敗なし,21,7,2,2,108,6,2,4,1,1,終了,2026-07-10
2026,2026-06-10,20260610-m-d-02,パ,ロッテ,中日,ホーム,ZOZOマリン,73175152,毛利 海大,71075151,佐藤 都志也,4,11,敗,敗,9,3,10,10,98,9,4,1,0,0,終了,2026-07-10
2026,2026-06-10,20260610-m-d-02,セ,中日,ロッテ,ビジター,ZOZOマリン,21925152,櫻井 頼之介,21125150,石伊 雄太,11,4,勝,勝,24,8,3,3,123,9,0,6,1,0,終了,2026-07-10
2026,2026-06-11,20260611-b-s-03,パ,オリックス,ヤクルト,ホーム,京セラD大阪,43545159,エスピノーザ,41645139,若月 健矢,4,2,勝,勝,21,7,1,0,96,4,1,5,1,1,終了,2026-07-10
2026,2026-06-11,20260611-b-s-03,セ,ヤクルト,オリックス,ビジター,京セラD大阪,77575159,下川 隼佑,01705134,古賀 優大,2,4,敗,敗,13,4.1,3,3,76,6,1,2,0,0,終了,2026-07-10
2026,2026-06-11,20260611-e-g-03,パ,楽天,巨人,ホーム,楽天モバイル,31235151,瀧中 瞭太,11815132,堀内 謙伍,8,2,勝,勝,24,8,2,2,109,4,3,6,1,1,終了,2026-07-10
2026,2026-06-11,20260611-e-g-03,セ,巨人,楽天,ビジター,楽天モバイル,11215114,田中 将大,91795139,小林 誠司,2,8,敗,敗,6,2,5,5,50,6,2,0,0,0,終了,2026-07-10
2026,2026-06-11,20260611-f-db-03,セ,DeNA,日本ハム,ビジター,エスコンＦ,51155136,東 克樹,21825157,松尾 汐恩,0,3,敗,敗,22,7.1,3,3,105,7,1,5,1,0,終了,2026-07-10
2026,2026-06-11,20260611-f-db-03,パ,日本ハム,DeNA,ホーム,エスコンＦ,83785159,孫 易磊,11015159,進藤 勇也,3,0,勝,勝,18,6,0,0,95,2,1,8,1,0,終了,2026-07-10
2026,2026-06-11,20260611-h-t-03,パ,ソフトバンク,阪神,ホーム,みずほPayPay,53755138,スチュワート・ジュニア,81385151,海野 隆司,3,2,勝,勝敗なし,17,5.2,2,2,88,7,2,8,0,0,終了,2026-07-10
2026,2026-06-11,20260611-h-t-03,セ,阪神,ソフトバンク,ビジター,みずほPayPay,71375153,伊藤 将司,11915132,坂本 誠志郎,2,3,敗,勝敗なし,15,5,2,2,77,3,0,7,0,0,終了,2026-07-10
2026,2026-06-11,20260611-l-c-03,セ,広島,西武,ビジター,ベルーナドーム,43545152,ターノック,21125151,石原 貴規,1,4,敗,敗,14,4.2,3,3,85,7,1,5,0,0,終了,2026-07-10
2026,2026-06-11,20260611-l-c-03,パ,西武,広島,ホーム,ベルーナドーム,31035136,平良 海馬,41745152,小島 大河,4,1,勝,勝,18,6,1,1,91,1,3,6,1,0,終了,2026-07-10
2026,2026-06-11,20260611-m-d-03,パ,ロッテ,中日,ホーム,ZOZOマリン,11515138,小島 和哉,71075151,佐藤 都志也,3,2,勝,勝敗なし,17,5.2,1,1,91,7,0,7,0,0,終了,2026-07-10
2026,2026-06-11,20260611-m-d-03,セ,中日,ロッテ,ビジター,ZOZOマリン,61565150,金丸 夢斗,21125150,石伊 雄太,2,3,敗,勝敗なし,18,6,2,2,114,9,2,5,1,0,終了,2026-07-10
2026,2026-06-12,20260612-b-t-01,パ,オリックス,阪神,ホーム,京セラD大阪,13215157,ペルドモ,41645139,若月 健矢,2,1,勝,勝敗なし,9,3,0,0,60,3,1,2,0,0,終了,2026-07-10
2026,2026-06-12,20260612-b-t-01,セ,阪神,オリックス,ビジター,京セラD大阪,13315153,村上 頌樹,11915132,坂本 誠志郎,1,2,敗,敗,21,7,2,2,111,5,3,5,1,1,終了,2026-07-10
2026,2026-06-12,20260612-e-c-01,パ,楽天,広島,ホーム,楽天モバイル,91795114,岸 孝之,61165134,石原 彪,2,1,勝,勝,21,7,1,1,109,5,4,5,1,1,終了,2026-07-10
2026,2026-06-12,20260612-e-c-01,セ,広島,楽天,ビジター,楽天モバイル,41245151,玉村 昇悟,81885151,持丸 泰輝,1,2,敗,敗,21,7,2,2,102,3,3,3,1,1,終了,2026-07-10
2026,2026-06-12,20260612-f-d-01,セ,中日,日本ハム,ビジター,エスコンＦ,63165134,柳 裕也,21125150,石伊 雄太,1,3,敗,敗,15,5,3,3,116,8,3,5,0,0,終了,2026-07-10
2026,2026-06-12,20260612-f-d-01,パ,日本ハム,中日,ホーム,エスコンＦ,61865159,細野 晴希,51055138,田宮 裕涼,3,1,勝,勝,20,6.2,1,0,111,6,0,11,1,0,終了,2026-07-10
2026,2026-06-12,20260612-h-s-01,パ,ソフトバンク,ヤクルト,ホーム,みずほPayPay,71875157,前田 純,81385151,海野 隆司,2,4,敗,敗,16,5.1,4,4,82,3,1,6,0,0,終了,2026-07-10
2026,2026-06-12,20260612-h-s-01,セ,ヤクルト,ソフトバンク,ビジター,みずほPayPay,53555157,吉村 貢司郎,01705134,古賀 優大,4,2,勝,勝,17,5.2,2,2,85,6,0,2,0,0,終了,2026-07-10
2026,2026-06-12,20260612-l-g-01,セ,巨人,西武,ビジター,ベルーナドーム,71275152,竹丸 和幸,91595136,岸田 行倫,0,3,敗,敗,23,7.2,3,1,105,4,1,12,1,1,終了,2026-07-10
2026,2026-06-12,20260612-l-g-01,パ,西武,巨人,ホーム,ベルーナドーム,71075130,髙橋 光成,81785155,古賀 悠斗,3,0,勝,勝,21,7,0,0,105,1,2,10,1,1,終了,2026-07-10
2026,2026-06-12,20260612-m-db-01,セ,DeNA,ロッテ,ビジター,ZOZOマリン,61365153,入江 大生,41245132,戸柱 恭孝,2,3,敗,勝敗なし,15,5,2,2,71,3,1,3,0,0,終了,2026-07-10
2026,2026-06-12,20260612-m-db-01,パ,ロッテ,DeNA,ホーム,ZOZOマリン,81685150,廣池 康志郎,71075151,佐藤 都志也,3,2,勝,勝敗なし,24,8,2,2,113,6,1,5,1,1,終了,2026-07-10
2026,2026-06-13,20260613-b-t-02,パ,オリックス,阪神,ホーム,京セラD大阪,03505152,ジェリー,41645139,若月 健矢,3,6,敗,敗,18,6,4,2,98,7,2,6,1,0,終了,2026-07-10
2026,2026-06-13,20260613-b-t-02,セ,阪神,オリックス,ビジター,京セラD大阪,91095136,髙橋 遥人,11915132,坂本 誠志郎,6,3,勝,勝,18,6,3,2,93,7,1,5,1,0,終了,2026-07-10
2026,2026-06-13,20260613-e-c-02,パ,楽天,広島,ホーム,楽天モバイル,31835153,早川 隆久,71375138,太田 光,0,2,敗,敗,15,5,2,2,101,7,2,5,0,0,終了,2026-07-10
2026,2026-06-13,20260613-e-c-02,セ,広島,楽天,ビジター,楽天モバイル,53155151,森下 暢仁,21125151,石原 貴規,2,0,勝,勝,27,9,0,0,107,2,1,7,1,1,終了,2026-07-10
2026,2026-06-13,20260613-f-d-02,セ,中日,日本ハム,ビジター,エスコンＦ,21225137,松葉 貴大,41545130,加藤 匠馬,3,4,敗,勝敗なし,15,5,2,2,76,7,0,1,0,0,終了,2026-07-10
2026,2026-06-13,20260613-f-d-02,パ,日本ハム,中日,ホーム,エスコンＦ,81685155,福島 蓮,51055138,田宮 裕涼,4,3,勝,勝敗なし,21,7,1,1,93,3,2,8,1,1,終了,2026-07-10
2026,2026-06-13,20260613-h-s-02,パ,ソフトバンク,ヤクルト,ホーム,みずほPayPay,13115159,前田 悠伍,81385151,海野 隆司,8,1,勝,勝,21,7,1,1,101,3,2,7,1,1,終了,2026-07-10
2026,2026-06-13,20260613-h-s-02,セ,ヤクルト,ソフトバンク,ビジター,みずほPayPay,63365153,山野 太一,01705134,古賀 優大,1,8,敗,敗,17,5.2,5,5,111,5,2,7,0,0,終了,2026-07-10
2026,2026-06-13,20260613-l-g-02,セ,巨人,西武,ビジター,ベルーナドーム,53355152,ウィットリー,21325136,大城 卓三,2,1,勝,勝,18,6,1,1,73,3,0,4,1,0,終了,2026-07-10
2026,2026-06-13,20260613-l-g-02,パ,西武,巨人,ホーム,ベルーナドーム,21025155,隅田 知一郎,41745152,小島 大河,1,2,敗,敗,27,9,2,2,115,6,0,13,1,1,終了,2026-07-10
2026,2026-06-13,20260613-m-db-02,セ,DeNA,ロッテ,ビジター,ZOZOマリン,41045150,篠木 健太郎,21825157,松尾 汐恩,16,6,勝,勝,15,5,5,5,82,8,1,3,0,0,終了,2026-07-10
2026,2026-06-13,20260613-m-db-02,パ,ロッテ,DeNA,ホーム,ZOZOマリン,01005157,田中 晴也,71075151,佐藤 都志也,6,16,敗,敗,4,1.1,7,7,60,6,2,0,0,0,終了,2026-07-10
2026,2026-06-14,20260614-b-t-03,パ,オリックス,阪神,ホーム,京セラD大阪,71775139,九里 亜蓮,41645139,若月 健矢,3,2,勝,勝敗なし,15,5,2,2,91,5,2,5,0,0,終了,2026-07-10
2026,2026-06-14,20260614-b-t-03,セ,阪神,オリックス,ビジター,京セラD大阪,71275118,西 勇輝,11915132,坂本 誠志郎,2,3,敗,勝敗なし,12,4,1,1,65,5,1,1,0,0,終了,2026-07-10
2026,2026-06-14,20260614-e-c-03,パ,楽天,広島,ホーム,楽天モバイル,71875153,藤井 聖,11815132,堀内 謙伍,0,3,敗,敗,22,7.1,3,3,111,7,1,2,1,0,終了,2026-07-10
2026,2026-06-14,20260614-e-c-03,セ,広島,楽天,ビジター,楽天モバイル,91595150,岡本 駿,81885151,持丸 泰輝,3,0,勝,勝,21,7,0,0,107,2,1,8,1,1,終了,2026-07-10
2026,2026-06-14,20260614-f-d-03,セ,中日,日本ハム,ビジター,エスコンＦ,31635110,涌井 秀章,21125150,石伊 雄太,9,5,勝,勝敗なし,15,5,5,5,89,10,0,5,0,0,終了,2026-07-10
2026,2026-06-14,20260614-f-d-03,パ,日本ハム,中日,ホーム,エスコンＦ,93595150,古林 睿煬,51055138,田宮 裕涼,5,9,敗,勝敗なし,11,3.2,5,5,74,6,3,2,0,0,終了,2026-07-10
2026,2026-06-14,20260614-h-s-03,パ,ソフトバンク,ヤクルト,ホーム,みずほPayPay,33735155,アルメンタ,81385151,海野 隆司,0,4,敗,敗,7,2.1,2,2,49,2,2,3,0,0,終了,2026-07-10
2026,2026-06-14,20260614-h-s-03,セ,ヤクルト,ソフトバンク,ビジター,みずほPayPay,31735151,奥川 恭伸,51255118,中村 悠平,4,0,勝,勝,27,9,0,0,111,5,0,9,1,1,終了,2026-07-10
2026,2026-06-14,20260614-l-g-03,セ,巨人,西武,ビジター,ベルーナドーム,51355151,井上 温大,91595136,岸田 行倫,0,1,敗,敗,17,5.2,1,1,98,6,2,8,0,0,終了,2026-07-10
2026,2026-06-14,20260614-l-g-03,パ,西武,巨人,ホーム,ベルーナドーム,23925152,ワイナンス,61265151,柘植 世那,1,0,勝,勝,20,6.2,0,0,98,4,1,7,1,0,終了,2026-07-10
2026,2026-06-14,20260614-m-db-03,セ,DeNA,ロッテ,ビジター,ZOZOマリン,61365136,尾形 崇斗,21825157,松尾 汐恩,4,6,敗,敗,14,4.2,4,4,96,3,5,5,0,0,終了,2026-07-10
2026,2026-06-14,20260614-m-db-03,パ,ロッテ,DeNA,ホーム,ZOZOマリン,03905152,ロング,71075151,佐藤 都志也,6,4,勝,勝敗なし,12,4,1,1,70,6,1,1,0,0,終了,2026-07-10
2026,2026-06-16,20260616-c-f-03,セ,広島,日本ハム,ホーム,マツダスタジアム,61765157,斉藤 優汰,81885151,持丸 泰輝,0,2,敗,敗,15,5,1,1,64,3,1,5,0,0,終了,2026-07-10
2026,2026-06-16,20260616-c-f-03,パ,日本ハム,広島,ビジター,マツダスタジアム,51755155,北山 亘基,11015159,進藤 勇也,2,0,勝,勝,17,5.2,0,0,116,4,3,9,0,0,終了,2026-07-10
2026,2026-06-16,20260616-t-l-03,セ,阪神,西武,ホーム,甲子園,41745134,才木 浩人,11915132,坂本 誠志郎,0,1,敗,敗,18,6,1,1,97,6,0,6,1,0,終了,2026-07-10
2026,2026-06-16,20260616-t-l-03,パ,西武,阪神,ビジター,甲子園,51255159,武内 夏暉,41745152,小島 大河,1,0,勝,勝,18,6,0,0,95,3,0,10,1,0,終了,2026-07-10
2026,2026-06-17,20260617-t-e-03,パ,楽天,阪神,ビジター,甲子園,51655114,前田 健太,61165134,石原 彪,3,10,敗,敗,15,5,2,2,75,4,0,6,0,0,終了,2026-07-10
2026,2026-06-17,20260617-t-e-03,セ,阪神,楽天,ホーム,甲子園,41345136,大竹 耕太郎,11915132,坂本 誠志郎,10,3,勝,勝,18,6,0,0,60,3,0,5,1,0,終了,2026-07-10
2026,2026-06-19,20260619-b-l-10,パ,オリックス,西武,ホーム,京セラD大阪,43545159,エスピノーザ,41645139,若月 健矢,6,5,勝,勝敗なし,18,6,5,5,98,7,1,3,0,0,終了,2026-07-10
2026,2026-06-19,20260619-b-l-10,パ,西武,オリックス,ビジター,京セラD大阪,71075130,髙橋 光成,81785155,古賀 悠斗,5,6,敗,勝敗なし,15,5,2,2,102,6,3,3,0,0,終了,2026-07-10
2026,2026-06-19,20260619-db-t-09,セ,DeNA,阪神,ホーム,横 浜,21125159,石田 裕太郎,41245132,戸柱 恭孝,3,11,敗,敗,15,5,7,7,83,7,1,7,0,0,終了,2026-07-10
2026,2026-06-19,20260619-db-t-09,セ,阪神,DeNA,ビジター,横 浜,13315153,村上 頌樹,11915132,坂本 誠志郎,11,3,勝,勝,21,7,3,3,110,5,1,8,1,0,終了,2026-07-10
2026,2026-06-19,20260619-f-h-09,パ,ソフトバンク,日本ハム,ビジター,エスコンＦ,01305157,大津 亮介,81385151,海野 隆司,3,4,敗,敗,21,7,4,4,97,7,0,5,0,0,終了,2026-07-10
2026,2026-06-19,20260619-f-h-09,パ,日本ハム,ソフトバンク,ホーム,エスコンＦ,51355153,伊藤 大海,51055138,田宮 裕涼,4,3,勝,勝,18,6,2,2,100,4,3,10,1,0,終了,2026-07-10
2026,2026-06-19,20260619-g-d-09,セ,巨人,中日,ホーム,東京ドーム,71275152,竹丸 和幸,91595136,岸田 行倫,2,3,敗,敗,15,5,3,3,88,5,4,4,0,0,終了,2026-07-10
2026,2026-06-19,20260619-g-d-09,セ,中日,巨人,ビジター,東京ドーム,61565150,金丸 夢斗,21125150,石伊 雄太,3,2,勝,勝,18,6,2,2,100,10,0,7,1,0,終了,2026-07-10
2026,2026-06-19,20260619-m-e-09,パ,ロッテ,楽天,ホーム,ZOZOマリン,43745159,ジャクソン,71075151,佐藤 都志也,8,5,勝,勝敗なし,12,4,4,2,95,6,2,3,0,0,終了,2026-07-10
2026,2026-06-19,20260619-m-e-09,パ,楽天,ロッテ,ビジター,ZOZOマリン,21925157,荘司 康誠,11815132,堀内 謙伍,5,8,敗,勝敗なし,15,5,4,4,92,5,1,5,0,0,終了,2026-07-10
2026,2026-06-19,20260619-s-c-09,セ,ヤクルト,広島,ホーム,神 宮,53555157,吉村 貢司郎,01705134,古賀 優大,9,2,勝,勝,21,7,2,2,83,4,0,3,1,1,終了,2026-07-10
2026,2026-06-19,20260619-s-c-09,セ,広島,ヤクルト,ビジター,神 宮,43545152,ターノック,81885151,持丸 泰輝,2,9,敗,敗,12,4,5,4,82,6,3,1,0,0,終了,2026-07-10
2026,2026-06-20,20260620-b-l-11,パ,オリックス,西武,ホーム,京セラD大阪,13215157,ペルドモ,41645139,若月 健矢,0,4,敗,敗,14,4.2,4,4,94,7,4,4,0,0,終了,2026-07-10
2026,2026-06-20,20260620-b-l-11,パ,西武,オリックス,ビジター,京セラD大阪,21025155,隅田 知一郎,41745152,小島 大河,4,0,勝,勝,27,9,0,0,115,3,2,8,1,1,終了,2026-07-10
2026,2026-06-20,20260620-f-h-10,パ,ソフトバンク,日本ハム,ビジター,エスコンＦ,53755138,スチュワート・ジュニア,81385151,海野 隆司,10,7,勝,勝敗なし,13,4.1,3,3,100,5,2,7,0,0,終了,2026-07-10
2026,2026-06-20,20260620-f-h-10,パ,日本ハム,ソフトバンク,ホーム,エスコンＦ,83785159,孫 易磊,11015159,進藤 勇也,7,10,敗,敗,12,4,5,4,96,6,2,4,0,0,終了,2026-07-10
2026,2026-06-20,20260620-g-d-10,セ,巨人,中日,ホーム,東京ドーム,53355152,ウィットリー,21325136,大城 卓三,1,0,勝,勝,23,7.2,0,0,109,1,3,10,1,1,終了,2026-07-10
2026,2026-06-20,20260620-g-d-10,セ,中日,巨人,ビジター,東京ドーム,11515133,大野 雄大,21125150,石伊 雄太,0,1,敗,敗,21,7,1,1,84,5,1,6,1,1,終了,2026-07-10
2026,2026-06-20,20260620-s-c-10,セ,ヤクルト,広島,ホーム,神 宮,03105159,松本 健吾,01705134,古賀 優大,6,8,敗,勝敗なし,14,4.2,4,4,96,6,2,3,0,0,終了,2026-07-10
2026,2026-06-20,20260620-s-c-10,セ,広島,ヤクルト,ビジター,神 宮,53155151,森下 暢仁,21125151,石原 貴規,8,6,勝,勝敗なし,12,4,4,4,71,4,2,3,0,0,終了,2026-07-10
2026,2026-06-21,20260621-b-l-12,パ,オリックス,西武,ホーム,京セラD大阪,71775139,九里 亜蓮,41645139,若月 健矢,3,5,敗,敗,18,6,5,5,97,8,0,5,0,0,終了,2026-07-10
2026,2026-06-21,20260621-b-l-12,パ,西武,オリックス,ビジター,京セラD大阪,53155138,渡邉 勇太朗,81785155,古賀 悠斗,5,3,勝,勝,18,6,3,3,85,6,3,1,1,0,終了,2026-07-10
2026,2026-06-21,20260621-db-t-10,セ,DeNA,阪神,ホーム,横 浜,61365136,尾形 崇斗,21825157,松尾 汐恩,1,2,敗,敗,15,5,2,2,94,5,4,5,0,0,終了,2026-07-10
2026,2026-06-21,20260621-db-t-10,セ,阪神,DeNA,ビジター,横 浜,91095136,髙橋 遥人,61065137,伏見 寅威,2,1,勝,勝,27,9,1,1,109,5,1,6,1,1,終了,2026-07-10
2026,2026-06-21,20260621-f-h-11,パ,ソフトバンク,日本ハム,ビジター,エスコンＦ,13115159,前田 悠伍,81385151,海野 隆司,8,0,勝,勝,21,7,0,0,99,5,0,6,1,1,終了,2026-07-10
2026,2026-06-21,20260621-f-h-11,パ,日本ハム,ソフトバンク,ホーム,エスコンＦ,81085150,柴田 獅子,51055138,田宮 裕涼,0,8,敗,敗,7,2.1,1,1,45,2,0,4,0,0,終了,2026-07-10
2026,2026-06-21,20260621-g-d-11,セ,巨人,中日,ホーム,東京ドーム,51355151,井上 温大,91595136,岸田 行倫,3,5,敗,勝敗なし,17,5.2,0,0,96,3,3,7,0,0,終了,2026-07-10
2026,2026-06-21,20260621-g-d-11,セ,中日,巨人,ビジター,東京ドーム,63165134,柳 裕也,21125150,石伊 雄太,5,3,勝,勝敗なし,17,5.2,3,3,101,8,0,8,0,0,終了,2026-07-10
2026,2026-06-21,20260621-m-e-10,パ,ロッテ,楽天,ホーム,ZOZOマリン,11515138,小島 和哉,71075151,佐藤 都志也,7,4,勝,勝敗なし,21,7,2,2,112,5,1,7,1,1,終了,2026-07-10
2026,2026-06-21,20260621-m-e-10,パ,楽天,ロッテ,ビジター,ZOZOマリン,71875153,藤井 聖,61165134,石原 彪,4,7,敗,勝敗なし,3,1,3,3,30,3,2,0,0,0,終了,2026-07-10
2026,2026-06-21,20260621-s-c-11,セ,ヤクルト,広島,ホーム,神 宮,51055132,高橋 奎二,51255118,中村 悠平,1,2,敗,敗,15,5,2,2,97,6,1,8,0,0,終了,2026-07-10
2026,2026-06-21,20260621-s-c-11,セ,広島,ヤクルト,ビジター,神 宮,91595150,岡本 駿,21125151,石原 貴規,2,1,勝,勝,18,6,1,1,97,3,2,6,1,0,終了,2026-07-10
2026,2026-06-22,20260622-e-l-09,パ,楽天,西武,ホーム,東京ドーム,31835153,早川 隆久,11815132,堀内 謙伍,8,7,勝,勝敗なし,21,7,4,2,108,4,2,10,1,1,終了,2026-07-10
2026,2026-06-22,20260622-e-l-09,パ,西武,楽天,ビジター,東京ドーム,31035136,平良 海馬,41745152,小島 大河,7,8,敗,勝敗なし,15,5,1,1,96,3,4,4,0,0,終了,2026-07-10
2026,2026-06-23,20260623-c-g-08,セ,巨人,広島,ビジター,マツダスタジアム,41045138,戸郷 翔征,21325136,大城 卓三,7,3,勝,勝,19,6.1,3,3,120,5,4,6,1,0,終了,2026-07-10
2026,2026-06-23,20260623-c-g-08,セ,広島,巨人,ホーム,マツダスタジアム,41245151,玉村 昇悟,81885151,持丸 泰輝,3,7,敗,敗,15,5,3,1,67,3,2,2,0,0,終了,2026-07-10
2026,2026-06-23,20260623-d-db-09,セ,DeNA,中日,ビジター,岐 阜,61365153,入江 大生,21825157,松尾 汐恩,2,5,敗,敗,16,5.1,5,5,109,7,5,3,0,0,終了,2026-07-10
2026,2026-06-23,20260623-d-db-09,セ,中日,DeNA,ホーム,岐 阜,13915150,マラー,41545130,加藤 匠馬,5,2,勝,勝,18,6,1,1,82,5,0,4,1,0,終了,2026-07-10
2026,2026-06-23,20260623-e-l-10,パ,楽天,西武,ホーム,山形市,31235151,瀧中 瞭太,11815132,堀内 謙伍,8,4,勝,勝,18,6,2,2,116,10,0,4,1,0,終了,2026-07-10
2026,2026-06-23,20260623-e-l-10,パ,西武,楽天,ビジター,山形市,23925152,ワイナンス,61265151,柘植 世那,4,8,敗,敗,15,5,5,5,97,9,2,6,0,0,終了,2026-07-10
2026,2026-06-23,20260623-f-m-10,パ,ロッテ,日本ハム,ビジター,エスコンＦ,81685150,廣池 康志郎,71075151,佐藤 都志也,0,4,敗,敗,18,6,3,3,84,8,0,2,1,0,終了,2026-07-10
2026,2026-06-23,20260623-f-m-10,パ,日本ハム,ロッテ,ホーム,エスコンＦ,51755155,北山 亘基,11015159,進藤 勇也,4,0,勝,勝,27,9,0,0,105,3,0,9,1,1,終了,2026-07-10
2026,2026-06-23,20260623-h-b-08,パ,オリックス,ソフトバンク,ビジター,みずほPayPay,03505152,ジェリー,41645139,若月 健矢,5,0,勝,勝,18,6,0,0,104,2,2,8,1,0,終了,2026-07-10
2026,2026-06-23,20260623-h-b-08,パ,ソフトバンク,オリックス,ホーム,みずほPayPay,51355135,上沢 直之,81385151,海野 隆司,0,5,敗,敗,15,5,3,3,83,4,2,2,0,0,終了,2026-07-10
2026,2026-06-23,20260623-t-s-09,セ,ヤクルト,阪神,ビジター,甲子園,63365153,山野 太一,01705134,古賀 優大,4,3,勝,勝敗なし,18,6,1,0,114,4,2,2,1,0,終了,2026-07-10
2026,2026-06-23,20260623-t-s-09,セ,阪神,ヤクルト,ホーム,甲子園,41745134,才木 浩人,21325139,梅野 隆太郎,3,4,敗,勝敗なし,18,6,0,0,100,3,1,8,1,0,終了,2026-07-10
2026,2026-06-24,20260624-d-db-10,セ,DeNA,中日,ビジター,バンテリンドーム,51155136,東 克樹,21825157,松尾 汐恩,6,4,勝,勝,18,6,2,1,91,4,1,5,1,0,終了,2026-07-10
2026,2026-06-24,20260624-d-db-10,セ,中日,DeNA,ホーム,バンテリンドーム,21925152,櫻井 頼之介,21125150,石伊 雄太,4,6,敗,敗,13,4.1,5,5,98,7,3,4,0,0,終了,2026-07-10
2026,2026-06-24,20260624-f-m-11,パ,ロッテ,日本ハム,ビジター,エスコンＦ,61765153,河村 説人,71075151,佐藤 都志也,4,7,敗,敗,15,5,6,6,86,9,1,4,0,0,終了,2026-07-10
2026,2026-06-24,20260624-f-m-11,パ,日本ハム,ロッテ,ホーム,エスコンＦ,41545132,加藤 貴之,51055138,田宮 裕涼,7,4,勝,勝,21,7,2,2,79,4,0,2,1,1,終了,2026-07-10
2026,2026-06-24,20260624-h-b-09,パ,オリックス,ソフトバンク,ビジター,みずほPayPay,41045136,田嶋 大樹,41645139,若月 健矢,5,8,敗,敗,5,1.2,6,6,55,4,4,3,0,0,終了,2026-07-10
2026,2026-06-24,20260624-h-b-09,パ,ソフトバンク,オリックス,ホーム,みずほPayPay,01205138,中村 稔弥,81385151,海野 隆司,8,5,勝,勝敗なし,9,3,3,3,44,5,0,3,0,0,終了,2026-07-10
2026,2026-06-25,20260625-d-db-11,セ,DeNA,中日,ビジター,バンテリンドーム,01905139,平良 拳太郎,41245132,戸柱 恭孝,1,3,敗,敗,12,4,3,1,72,4,0,5,0,0,終了,2026-07-10
2026,2026-06-25,20260625-d-db-11,セ,中日,DeNA,ホーム,バンテリンドーム,51455152,中西 聖輝,21125150,石伊 雄太,3,1,勝,勝敗なし,13,4.1,1,1,82,4,4,2,0,0,終了,2026-07-10
2026,2026-06-25,20260625-e-l-11,パ,楽天,西武,ホーム,楽天モバイル,51655114,前田 健太,71375138,太田 光,2,0,勝,勝,21,7,0,0,114,3,0,6,1,1,終了,2026-07-10
2026,2026-06-25,20260625-e-l-11,パ,西武,楽天,ビジター,楽天モバイル,51255159,武内 夏暉,81785155,古賀 悠斗,0,2,敗,敗,24,8,2,2,95,7,0,5,1,1,終了,2026-07-10
2026,2026-06-25,20260625-h-b-10,パ,オリックス,ソフトバンク,ビジター,みずほPayPay,61065159,髙島 泰都,41645139,若月 健矢,2,5,敗,勝敗なし,14,4.2,2,2,95,6,1,5,0,0,終了,2026-07-10
2026,2026-06-25,20260625-h-b-10,パ,ソフトバンク,オリックス,ホーム,みずほPayPay,71875157,前田 純,81385151,海野 隆司,5,2,勝,勝敗なし,16,5.1,2,2,99,11,1,4,0,0,終了,2026-07-10
2026,2026-06-26,20260626-l-f-10,パ,西武,日本ハム,ホーム,ベルーナドーム,71075130,髙橋 光成,81785155,古賀 悠斗,4,3,勝,勝敗なし,18,6,2,2,100,6,1,5,1,0,終了,2026-07-10
2026,2026-06-26,20260626-l-f-10,パ,日本ハム,西武,ビジター,ベルーナドーム,51355153,伊藤 大海,51055138,田宮 裕涼,3,4,敗,勝敗なし,21,7,3,3,106,9,4,4,1,0,終了,2026-07-10
2026,2026-06-27,20260627-b-e-08,パ,オリックス,楽天,ホーム,ほっと神戸,43545159,エスピノーザ,41645139,若月 健矢,1,5,敗,敗,18,6,2,2,100,7,2,8,1,0,終了,2026-07-10
2026,2026-06-27,20260627-b-e-08,パ,楽天,オリックス,ビジター,ほっと神戸,91795114,岸 孝之,61165134,石原 彪,5,1,勝,勝,21,7,1,1,90,3,0,3,1,1,終了,2026-07-10
2026,2026-06-27,20260627-c-t-09,セ,広島,阪神,ホーム,マツダスタジアム,11415134,床田 寛樹,21125151,石原 貴規,3,2,勝,勝敗なし,12,4,2,1,83,7,2,2,0,0,終了,2026-07-10
2026,2026-06-27,20260627-c-t-09,セ,阪神,広島,ビジター,マツダスタジアム,13315153,村上 頌樹,11915132,坂本 誠志郎,2,3,敗,敗,22,7.1,3,3,109,10,0,4,1,0,終了,2026-07-10
2026,2026-06-27,20260627-l-f-11,パ,西武,日本ハム,ホーム,ベルーナドーム,21025155,隅田 知一郎,41745152,小島 大河,2,4,敗,敗,26,8.2,4,4,116,9,1,11,0,0,終了,2026-07-10
2026,2026-06-27,20260627-l-f-11,パ,日本ハム,西武,ビジター,ベルーナドーム,21825130,山﨑 福也,51055138,田宮 裕涼,4,2,勝,勝敗なし,18,6,1,1,79,6,0,2,1,0,終了,2026-07-10
2026,2026-06-28,20260628-b-e-09,パ,オリックス,楽天,ホーム,ほっと神戸,71775139,九里 亜蓮,11815155,福永 奨,5,2,勝,勝,21,7,2,2,95,5,2,3,1,1,終了,2026-07-10
2026,2026-06-28,20260628-b-e-09,パ,楽天,オリックス,ビジター,ほっと神戸,71875153,藤井 聖,11815132,堀内 謙伍,2,5,敗,勝敗なし,15,5,1,1,75,5,0,3,0,0,終了,2026-07-10
2026,2026-06-28,20260628-c-t-10,セ,広島,阪神,ホーム,マツダスタジアム,91595150,岡本 駿,21125151,石原 貴規,3,12,敗,敗,19,6.1,5,5,107,7,2,6,0,0,終了,2026-07-10
2026,2026-06-28,20260628-c-t-10,セ,阪神,広島,ビジター,マツダスタジアム,91095136,髙橋 遥人,11915132,坂本 誠志郎,12,3,勝,勝,18,6,3,3,97,8,0,6,1,0,終了,2026-07-10
2026,2026-06-28,20260628-db-g-10,セ,DeNA,巨人,ホーム,横 浜,21125159,石田 裕太郎,21825157,松尾 汐恩,1,2,敗,敗,18,6,2,2,89,7,1,4,1,0,終了,2026-07-10
2026,2026-06-28,20260628-db-g-10,セ,巨人,DeNA,ビジター,横 浜,51355151,井上 温大,91595136,岸田 行倫,2,1,勝,勝,21,7,0,0,106,2,0,6,1,1,終了,2026-07-10
2026,2026-06-28,20260628-l-f-12,パ,西武,日本ハム,ホーム,ベルーナドーム,53155138,渡邉 勇太朗,81785155,古賀 悠斗,1,5,敗,敗,18,6,3,3,88,6,2,3,1,0,終了,2026-07-10
2026,2026-06-28,20260628-l-f-12,パ,日本ハム,西武,ビジター,ベルーナドーム,81685155,福島 蓮,11015159,進藤 勇也,5,1,勝,勝,18,6,1,1,100,4,1,6,1,0,終了,2026-07-10
2026,2026-06-28,20260628-m-h-08,パ,ソフトバンク,ロッテ,ビジター,ZOZOマリン,41845157,松本 晴,81385151,海野 隆司,3,3,分,勝敗なし,15,5,3,3,101,5,4,7,0,0,終了,2026-07-10
2026,2026-06-28,20260628-m-h-08,パ,ロッテ,ソフトバンク,ホーム,ZOZOマリン,11515138,小島 和哉,71075151,佐藤 都志也,3,3,分,勝敗なし,6,2,3,3,53,5,3,1,0,0,終了,2026-07-10
2026,2026-06-28,20260628-s-d-10,セ,ヤクルト,中日,ホーム,神 宮,53555157,吉村 貢司郎,01705134,古賀 優大,4,3,勝,勝敗なし,18,6,3,3,93,7,3,3,1,0,終了,2026-07-10
2026,2026-06-28,20260628-s-d-10,セ,中日,ヤクルト,ビジター,神 宮,61565150,金丸 夢斗,21125150,石伊 雄太,3,4,敗,勝敗なし,18,6,3,3,106,8,1,6,1,0,終了,2026-07-10
2026,2026-06-30,20260630-db-c-12,セ,DeNA,広島,ホーム,ハードオフ新潟,51155136,東 克樹,21825157,松尾 汐恩,4,7,敗,勝敗なし,18,6,2,2,83,6,0,5,1,0,終了,2026-07-10
2026,2026-06-30,20260630-db-c-12,セ,広島,DeNA,ビジター,ハードオフ新潟,41245151,玉村 昇悟,21125151,石原 貴規,7,4,勝,勝敗なし,12,4,3,3,62,6,0,4,0,0,終了,2026-07-10
2026,2026-06-30,20260630-e-m-11,パ,ロッテ,楽天,ビジター,楽天モバイル,43745159,ジャクソン,71075151,佐藤 都志也,5,2,勝,勝,21,7,1,1,103,3,2,4,1,1,終了,2026-07-10
2026,2026-06-30,20260630-e-m-11,パ,楽天,ロッテ,ホーム,楽天モバイル,21925157,荘司 康誠,11815132,堀内 謙伍,2,5,敗,敗,15,5,4,3,94,3,1,6,0,0,終了,2026-07-10
2026,2026-06-30,20260630-f-b-13,パ,オリックス,日本ハム,ビジター,エスコンＦ,03505152,ジェリー,41645139,若月 健矢,2,9,敗,敗,7,2.1,5,5,48,9,1,2,0,0,終了,2026-07-10
2026,2026-06-30,20260630-f-b-13,パ,日本ハム,オリックス,ホーム,エスコンＦ,51755155,北山 亘基,11015159,進藤 勇也,9,2,勝,勝,18,6,2,2,97,3,4,5,1,0,終了,2026-07-10
2026,2026-06-30,20260630-g-s-12,セ,ヤクルト,巨人,ビジター,弘 前,63365153,山野 太一,01705134,古賀 優大,4,3,勝,勝敗なし,15,5,1,0,99,3,2,7,0,0,終了,2026-07-10
2026,2026-06-30,20260630-g-s-12,セ,巨人,ヤクルト,ホーム,弘 前,41045138,戸郷 翔征,21325136,大城 卓三,3,4,敗,勝敗なし,21,7,1,1,118,4,1,7,1,1,終了,2026-07-10
2026,2026-06-30,20260630-h-l-12,パ,ソフトバンク,西武,ホーム,東京ドーム,51355135,上沢 直之,81385151,海野 隆司,6,0,勝,勝,18,6,0,0,93,4,0,8,1,0,終了,2026-07-10
2026,2026-06-30,20260630-h-l-12,パ,西武,ソフトバンク,ビジター,東京ドーム,31035136,平良 海馬,41745152,小島 大河,0,6,敗,敗,18,6,4,2,107,7,2,5,1,0,終了,2026-07-10
2026,2026-06-30,20260630-t-d-12,セ,阪神,中日,ホーム,甲子園,41745134,才木 浩人,21325139,梅野 隆太郎,3,2,勝,勝敗なし,21,7,1,1,98,5,1,9,1,1,終了,2026-07-10
2026,2026-06-30,20260630-t-d-12,セ,中日,阪神,ビジター,甲子園,13915150,マラー,41545130,加藤 匠馬,2,3,敗,勝敗なし,18,6,1,1,109,5,1,5,1,0,終了,2026-07-10
2026,2026-07-01,20260701-e-m-12,パ,ロッテ,楽天,ビジター,郡 山,61765153,河村 説人,71075151,佐藤 都志也,5,0,勝,勝,21,7,0,0,113,6,1,3,1,1,終了,2026-07-10
2026,2026-07-01,20260701-e-m-12,パ,楽天,ロッテ,ホーム,郡 山,31235151,瀧中 瞭太,11815132,堀内 謙伍,0,5,敗,敗,16,5.1,5,4,97,8,3,1,0,0,終了,2026-07-10
2026,2026-07-01,20260701-f-b-14,パ,オリックス,日本ハム,ビジター,エスコンＦ,41045136,田嶋 大樹,41645139,若月 健矢,0,6,敗,敗,21,7,4,4,104,9,1,6,0,0,終了,2026-07-10
2026,2026-07-01,20260701-f-b-14,パ,日本ハム,オリックス,ホーム,エスコンＦ,41545132,加藤 貴之,51055138,田宮 裕涼,6,0,勝,勝,27,9,0,0,108,3,0,3,1,1,終了,2026-07-10
2026,2026-07-01,20260701-g-s-13,セ,ヤクルト,巨人,ビジター,盛 岡,31735151,奥川 恭伸,51255118,中村 悠平,1,2,敗,敗,21,7,2,2,108,8,2,7,1,1,終了,2026-07-10
2026,2026-07-01,20260701-g-s-13,セ,巨人,ヤクルト,ホーム,盛 岡,31635159,西舘 勇陽,91595136,岸田 行倫,2,1,勝,勝敗なし,3,1,0,0,23,1,1,0,0,0,終了,2026-07-10
2026,2026-07-01,20260701-h-l-13,パ,ソフトバンク,西武,ホーム,みずほPayPay,13115159,前田 悠伍,81385151,海野 隆司,11,0,勝,勝,21,7,0,0,98,3,3,5,1,1,終了,2026-07-10
2026,2026-07-01,20260701-h-l-13,パ,西武,ソフトバンク,ビジター,みずほPayPay,23925152,ワイナンス,81785155,古賀 悠斗,0,11,敗,敗,12,4,7,6,98,6,5,4,0,0,終了,2026-07-10
2026,2026-07-02,20260702-db-c-13,セ,DeNA,広島,ホーム,横 浜,01905139,平良 拳太郎,21825157,松尾 汐恩,3,3,分,勝敗なし,15,5,1,1,87,7,0,4,0,0,終了,2026-07-10
2026,2026-07-02,20260702-db-c-13,セ,広島,DeNA,ビジター,横 浜,53155151,森下 暢仁,21125151,石原 貴規,3,3,分,勝敗なし,18,6,3,3,93,7,4,4,1,0,終了,2026-07-10
2026,2026-07-02,20260702-f-b-15,パ,オリックス,日本ハム,ビジター,エスコンＦ,51055151,佐藤 一磨,11815155,福永 奨,1,9,敗,敗,0,0,4,4,16,4,0,0,0,0,終了,2026-07-10
2026,2026-07-02,20260702-f-b-15,パ,日本ハム,オリックス,ホーム,エスコンＦ,51155130,有原 航平,11015159,進藤 勇也,9,1,勝,勝,18,6,1,1,101,6,0,3,1,0,終了,2026-07-10
2026,2026-07-02,20260702-h-l-14,パ,ソフトバンク,西武,ホーム,みずほPayPay,01305157,大津 亮介,81385151,海野 隆司,3,1,勝,勝,21,7,1,1,92,3,2,4,1,1,終了,2026-07-10
2026,2026-07-02,20260702-h-l-14,パ,西武,ソフトバンク,ビジター,みずほPayPay,51255159,武内 夏暉,41745152,小島 大河,1,3,敗,敗,18,6,3,3,96,5,3,7,1,0,終了,2026-07-10
2026,2026-07-02,20260702-t-d-13,セ,阪神,中日,ホーム,甲子園,61965159,下村 海翔,11915132,坂本 誠志郎,2,3,敗,勝敗なし,15,5,2,2,94,6,1,2,0,0,終了,2026-07-10
2026,2026-07-02,20260702-t-d-13,セ,中日,阪神,ビジター,甲子園,63165134,柳 裕也,21125150,石伊 雄太,3,2,勝,勝敗なし,21,7,2,2,109,7,1,4,1,1,終了,2026-07-10
2026,2026-07-03,20260703-b-l-13,パ,オリックス,西武,ホーム,ほっと神戸,61065159,髙島 泰都,41645139,若月 健矢,4,4,分,勝敗なし,14,4.2,3,3,79,7,2,2,0,0,終了,2026-07-10
2026,2026-07-03,20260703-b-l-13,パ,西武,オリックス,ビジター,ほっと神戸,71075130,髙橋 光成,81785155,古賀 悠斗,4,4,分,勝敗なし,9,3,4,4,90,5,4,5,0,0,終了,2026-07-10
2026,2026-07-03,20260703-d-g-12,セ,巨人,中日,ビジター,バンテリンドーム,53355152,ウィットリー,21325136,大城 卓三,0,1,敗,敗,18,6,1,1,100,3,3,9,1,0,終了,2026-07-10
2026,2026-07-03,20260703-d-g-12,セ,中日,巨人,ホーム,バンテリンドーム,11515133,大野 雄大,21125150,石伊 雄太,1,0,勝,勝,24,8,0,0,102,2,2,7,1,1,終了,2026-07-10
2026,2026-07-03,20260703-e-f-12,パ,楽天,日本ハム,ホーム,楽天モバイル,31835153,早川 隆久,71375138,太田 光,8,0,勝,勝,24,8,0,0,117,2,2,12,1,1,終了,2026-07-10
2026,2026-07-03,20260703-e-f-12,パ,日本ハム,楽天,ビジター,楽天モバイル,51355153,伊藤 大海,51055138,田宮 裕涼,0,8,敗,敗,21,7,6,6,80,11,0,6,0,0,終了,2026-07-10
2026,2026-07-03,20260703-h-m-09,パ,ソフトバンク,ロッテ,ホーム,みずほPayPay,53755138,スチュワート・ジュニア,81385151,海野 隆司,3,2,勝,勝,17,5.2,2,1,95,4,3,2,0,0,終了,2026-07-10
2026,2026-07-03,20260703-h-m-09,パ,ロッテ,ソフトバンク,ビジター,みずほPayPay,81685150,廣池 康志郎,71075151,佐藤 都志也,2,3,敗,敗,21,7,3,2,112,6,2,6,1,1,終了,2026-07-10
2026,2026-07-03,20260703-s-db-11,セ,DeNA,ヤクルト,ビジター,神 宮,61365136,尾形 崇斗,21825157,松尾 汐恩,7,2,勝,勝敗なし,18,6,1,1,111,3,2,5,1,0,終了,2026-07-10
2026,2026-07-03,20260703-s-db-11,セ,ヤクルト,DeNA,ホーム,神 宮,51055132,高橋 奎二,51255118,中村 悠平,2,7,敗,勝敗なし,20,6.2,2,2,111,6,1,4,1,0,終了,2026-07-10
2026,2026-07-03,20260703-t-c-11,セ,広島,阪神,ビジター,甲子園,93395155,森 翔平,21125151,石原 貴規,5,1,勝,勝,21,7,1,1,93,2,2,7,1,1,終了,2026-07-10
2026,2026-07-03,20260703-t-c-11,セ,阪神,広島,ホーム,甲子園,41345136,大竹 耕太郎,11915132,坂本 誠志郎,1,5,敗,敗,9,3,5,5,64,8,1,2,0,0,終了,2026-07-10
2026,2026-07-04,20260704-d-g-13,セ,巨人,中日,ビジター,バンテリンドーム,71275152,竹丸 和幸,91595133,甲斐 拓也,1,2,敗,勝敗なし,18,6,1,0,104,5,2,9,1,0,終了,2026-07-10
2026,2026-07-04,20260704-d-g-13,セ,中日,巨人,ホーム,バンテリンドーム,31635110,涌井 秀章,41545130,加藤 匠馬,2,1,勝,勝敗なし,21,7,1,1,84,4,1,4,1,1,終了,2026-07-10
2026,2026-07-04,20260704-e-f-13,パ,楽天,日本ハム,ホーム,楽天モバイル,51655114,前田 健太,71375138,太田 光,4,1,勝,勝,26,8.2,1,1,105,5,0,5,1,1,終了,2026-07-10
2026,2026-07-04,20260704-e-f-13,パ,日本ハム,楽天,ビジター,楽天モバイル,61865159,細野 晴希,11015159,進藤 勇也,1,4,敗,敗,19,6.1,3,3,99,4,4,8,1,0,終了,2026-07-10
2026,2026-07-04,20260704-h-m-10,パ,ソフトバンク,ロッテ,ホーム,みずほPayPay,11815152,北斗,93195138,渡邉 陸,1,8,敗,敗,6,2,8,8,65,5,3,1,0,0,終了,2026-07-10
2026,2026-07-04,20260704-h-m-10,パ,ロッテ,ソフトバンク,ビジター,みずほPayPay,03905152,ロング,71075151,佐藤 都志也,8,1,勝,勝,21,7,0,0,104,6,3,6,1,1,終了,2026-07-10
2026,2026-07-04,20260704-s-db-12,セ,DeNA,ヤクルト,ビジター,神 宮,41045150,篠木 健太郎,21825157,松尾 汐恩,12,1,勝,勝,27,9,1,1,130,7,1,6,1,1,終了,2026-07-10
2026,2026-07-04,20260704-s-db-12,セ,ヤクルト,DeNA,ホーム,神 宮,03105159,松本 健吾,01705134,古賀 優大,1,12,敗,敗,15,5,5,5,98,8,1,3,0,0,終了,2026-07-10
2026,2026-07-05,20260705-b-l-14,パ,オリックス,西武,ホーム,京セラD大阪,43545159,エスピノーザ,41645139,若月 健矢,3,1,勝,勝,21,7,1,1,85,5,0,2,1,1,終了,2026-07-10
2026,2026-07-05,20260705-b-l-14,パ,西武,オリックス,ビジター,京セラD大阪,21025155,隅田 知一郎,41745152,小島 大河,1,3,敗,敗,18,6,3,3,90,5,0,4,1,0,終了,2026-07-10
2026,2026-07-05,20260705-d-g-14,セ,巨人,中日,ビジター,バンテリンドーム,51355151,井上 温大,91595136,岸田 行倫,1,0,勝,勝,21,7,0,0,98,3,2,8,1,1,終了,2026-07-10
2026,2026-07-05,20260705-d-g-14,セ,中日,巨人,ホーム,バンテリンドーム,61565150,金丸 夢斗,21125150,石伊 雄太,0,1,敗,敗,21,7,1,1,100,5,0,9,1,1,終了,2026-07-10
2026,2026-07-05,20260705-e-f-14,パ,楽天,日本ハム,ホーム,楽天モバイル,53555152,コントレラス,43345155,YG安田,3,6,敗,敗,12,4,4,4,73,6,1,1,0,0,終了,2026-07-10
2026,2026-07-05,20260705-e-f-14,パ,日本ハム,楽天,ビジター,楽天モバイル,81685155,福島 蓮,11015159,進藤 勇也,6,3,勝,勝敗なし,6,2,3,3,45,4,2,3,0,0,終了,2026-07-10
2026,2026-07-05,20260705-h-m-11,パ,ソフトバンク,ロッテ,ホーム,みずほPayPay,41845157,松本 晴,81385151,海野 隆司,7,2,勝,勝,15,5,2,2,92,4,2,5,0,0,終了,2026-07-10
2026,2026-07-05,20260705-h-m-11,パ,ロッテ,ソフトバンク,ビジター,みずほPayPay,11515138,小島 和哉,71075151,佐藤 都志也,2,7,敗,敗,9,3,3,3,58,2,2,4,0,0,終了,2026-07-10
2026,2026-07-05,20260705-s-db-13,セ,DeNA,ヤクルト,ビジター,神 宮,61665155,深沢 鳳介,21825157,松尾 汐恩,6,4,勝,勝,15,5,0,0,67,2,1,2,0,0,終了,2026-07-10
2026,2026-07-05,20260705-s-db-13,セ,ヤクルト,DeNA,ホーム,神 宮,53555157,吉村 貢司郎,01705134,古賀 優大,4,6,敗,敗,18,6,5,5,111,6,3,5,0,0,終了,2026-07-10
2026,2026-07-05,20260705-t-c-12,セ,広島,阪神,ビジター,甲子園,11415134,床田 寛樹,21125151,石原 貴規,4,6,敗,敗,15,5,5,2,92,8,2,6,0,0,終了,2026-07-10
2026,2026-07-05,20260705-t-c-12,セ,阪神,広島,ホーム,甲子園,13315153,村上 頌樹,11915132,坂本 誠志郎,6,4,勝,勝,18,6,1,1,102,5,1,4,1,0,終了,2026-07-10
2026,2026-07-07,20260707-b-h-11,パ,オリックス,ソフトバンク,ホーム,京セラD大阪,03505152,ジェリー,41645139,若月 健矢,3,6,敗,敗,6,2,3,3,59,4,3,0,0,0,終了,2026-07-10
2026,2026-07-07,20260707-b-h-11,パ,ソフトバンク,オリックス,ビジター,京セラD大阪,51355135,上沢 直之,81385151,海野 隆司,6,3,勝,勝,18,6,2,2,105,5,0,9,1,0,終了,2026-07-10
2026,2026-07-07,20260707-c-s-12,セ,ヤクルト,広島,ビジター,マツダスタジアム,63365153,山野 太一,01705134,古賀 優大,3,4,敗,勝敗なし,21,7,2,0,97,4,0,5,1,1,終了,2026-07-10
2026,2026-07-07,20260707-c-s-12,セ,広島,ヤクルト,ホーム,マツダスタジアム,91595150,岡本 駿,21125151,石原 貴規,4,3,勝,勝敗なし,15,5,3,3,87,4,1,6,0,0,終了,2026-07-10
2026,2026-07-07,20260707-db-d-12,セ,DeNA,中日,ホーム,横 浜,21125159,石田 裕太郎,21825157,松尾 汐恩,4,0,勝,勝,27,9,0,0,120,1,3,7,1,1,終了,2026-07-10
2026,2026-07-07,20260707-db-d-12,セ,中日,DeNA,ビジター,横 浜,13915150,マラー,41545130,加藤 匠馬,0,4,敗,敗,18,6,2,2,98,6,3,4,1,0,終了,2026-07-10
2026,2026-07-07,20260707-g-t-12,セ,巨人,阪神,ホーム,東京ドーム,41045138,戸郷 翔征,21325136,大城 卓三,4,3,勝,勝敗なし,15,5,0,0,64,0,2,3,0,0,終了,2026-07-10
2026,2026-07-07,20260707-g-t-12,セ,阪神,巨人,ビジター,東京ドーム,91095136,髙橋 遥人,21325139,梅野 隆太郎,3,4,敗,敗,20,6.2,4,4,106,7,1,7,0,0,終了,2026-07-10
2026,2026-07-07,20260707-l-e-12,パ,楽天,西武,ビジター,那 覇,21925157,荘司 康誠,71375138,太田 光,1,6,敗,敗,15,5,4,4,107,6,4,7,0,0,終了,2026-07-10
2026,2026-07-07,20260707-l-e-12,パ,西武,楽天,ホーム,那 覇,31035136,平良 海馬,41745152,小島 大河,6,1,勝,勝,15,5,0,0,102,4,3,7,0,0,終了,2026-07-10
2026,2026-07-07,20260707-m-f-12,パ,ロッテ,日本ハム,ホーム,ZOZOマリン,43745159,ジャクソン,71075151,佐藤 都志也,10,2,勝,勝,21,7,2,2,100,6,1,4,1,1,終了,2026-07-10
2026,2026-07-07,20260707-m-f-12,パ,日本ハム,ロッテ,ビジター,ZOZOマリン,51755155,北山 亘基,11015159,進藤 勇也,2,10,敗,敗,9,3,8,3,60,3,1,3,0,0,終了,2026-07-10
2026,2026-07-08,20260708-b-h-12,パ,オリックス,ソフトバンク,ホーム,京セラD大阪,71775139,九里 亜蓮,41645139,若月 健矢,3,2,勝,勝敗なし,21,7,2,2,111,7,4,6,1,1,終了,2026-07-10
2026,2026-07-08,20260708-b-h-12,パ,ソフトバンク,オリックス,ビジター,京セラD大阪,13115159,前田 悠伍,81385151,海野 隆司,2,3,敗,勝敗なし,21,7,1,1,108,8,1,4,1,1,終了,2026-07-10
2026,2026-07-08,20260708-c-s-13,セ,ヤクルト,広島,ビジター,マツダスタジアム,31735151,奥川 恭伸,51255118,中村 悠平,3,4,敗,勝敗なし,24,8,3,3,108,6,0,5,1,0,終了,2026-07-10
2026,2026-07-08,20260708-c-s-13,セ,広島,ヤクルト,ホーム,マツダスタジアム,41245151,玉村 昇悟,21125151,石原 貴規,4,3,勝,勝敗なし,5,1.2,1,1,19,1,0,0,0,0,終了,2026-07-10
2026,2026-07-08,20260708-db-d-13,セ,DeNA,中日,ホーム,横 浜,51155136,東 克樹,21825157,松尾 汐恩,4,3,勝,勝,21,7,2,2,94,4,1,8,1,1,終了,2026-07-10
2026,2026-07-08,20260708-db-d-13,セ,中日,DeNA,ビジター,横 浜,21225137,松葉 貴大,21125150,石伊 雄太,3,4,敗,敗,18,6,4,4,90,5,3,3,0,0,終了,2026-07-10
2026,2026-07-08,20260708-g-t-13,セ,巨人,阪神,ホーム,東京ドーム,31635159,西舘 勇陽,91595136,岸田 行倫,1,4,敗,敗,16,5.1,4,4,104,4,2,6,0,0,終了,2026-07-10
2026,2026-07-08,20260708-g-t-13,セ,阪神,巨人,ビジター,東京ドーム,41745134,才木 浩人,21325139,梅野 隆太郎,4,1,勝,勝,21,7,0,0,101,5,3,8,1,1,終了,2026-07-10
2026,2026-07-08,20260708-l-e-13,パ,楽天,西武,ビジター,那 覇,91795114,岸 孝之,11815132,堀内 謙伍,5,2,勝,勝敗なし,18,6,1,0,89,4,1,7,1,0,終了,2026-07-10
2026,2026-07-08,20260708-l-e-13,パ,西武,楽天,ホーム,那 覇,53155138,渡邉 勇太朗,81785155,古賀 悠斗,2,5,敗,勝敗なし,21,7,2,2,112,7,2,8,1,1,終了,2026-07-10
2026,2026-07-08,20260708-m-f-13,パ,ロッテ,日本ハム,ホーム,ZOZOマリン,61765153,河村 説人,71075151,佐藤 都志也,2,7,敗,勝敗なし,15,5,1,1,82,6,2,0,0,0,終了,2026-07-10
2026,2026-07-08,20260708-m-f-13,パ,日本ハム,ロッテ,ビジター,ZOZOマリン,41545132,加藤 貴之,51055138,田宮 裕涼,7,2,勝,勝,16,5.1,2,2,77,9,0,1,0,0,終了,2026-07-10
2026,2026-07-09,20260709-c-s-14,セ,ヤクルト,広島,ビジター,マツダスタジアム,63965150,ウォルターズ,01705134,古賀 優大,1,0,勝,勝,21,7,0,0,101,0,1,7,1,1,終了,2026-07-10
2026,2026-07-09,20260709-c-s-14,セ,広島,ヤクルト,ホーム,マツダスタジアム,91995153,栗林 良吏,81885151,持丸 泰輝,0,1,敗,敗,18,6,1,1,72,5,0,2,1,0,終了,2026-07-10
2026,2026-07-09,20260709-db-d-14,セ,DeNA,中日,ホーム,横 浜,01905139,平良 拳太郎,21825157,松尾 汐恩,3,4,敗,勝敗なし,17,5.2,2,2,95,6,0,6,0,0,終了,2026-07-10
2026,2026-07-09,20260709-db-d-14,セ,中日,DeNA,ビジター,横 浜,63165134,柳 裕也,21125150,石伊 雄太,4,3,勝,勝敗なし,16,5.1,3,3,75,5,1,4,0,0,終了,2026-07-10
2026,2026-07-09,20260709-g-t-14,セ,巨人,阪神,ホーム,東京ドーム,51055137,則本 昂大,91795139,小林 誠司,2,10,敗,敗,15,5,8,8,95,10,2,3,0,0,終了,2026-07-10
2026,2026-07-09,20260709-g-t-14,セ,阪神,巨人,ビジター,東京ドーム,71375150,伊原 陵人,21325139,梅野 隆太郎,10,2,勝,勝,16,5.1,1,1,106,4,3,6,0,0,終了,2026-07-10
2026,2026-07-10,20260710-d-c-11,セ,広島,中日,ビジター,バンテリンドーム,53155151,森下 暢仁,21125151,石原 貴規,1,10,敗,敗,15,5,6,5,113,6,5,6,0,0,終了,2026-07-11
2026,2026-07-10,20260710-d-c-11,セ,中日,広島,ホーム,バンテリンドーム,11515133,大野 雄大,21125150,石伊 雄太,10,1,勝,勝,21,7,1,1,85,3,2,4,1,1,終了,2026-07-11
2026,2026-07-10,20260710-db-g-11,セ,DeNA,巨人,ホーム,横 浜,61365136,尾形 崇斗,21825157,松尾 汐恩,11,6,勝,勝敗なし,9,3,4,4,58,5,4,2,0,0,終了,2026-07-11
2026,2026-07-10,20260710-db-g-11,セ,巨人,DeNA,ビジター,横 浜,53355152,ウィットリー,21325136,大城 卓三,6,11,敗,勝敗なし,15,5,3,2,80,5,2,6,0,0,終了,2026-07-11
2026,2026-07-10,20260710-f-l-13,パ,西武,日本ハム,ビジター,エスコンＦ,51255159,武内 夏暉,41745152,小島 大河,2,1,勝,勝,21,7,1,1,104,4,1,8,1,1,終了,2026-07-11
2026,2026-07-10,20260710-f-l-13,パ,日本ハム,西武,ホーム,エスコンＦ,51355153,伊藤 大海,51055138,田宮 裕涼,1,2,敗,勝敗なし,21,7,1,1,103,5,3,7,1,1,終了,2026-07-11
2026,2026-07-10,20260710-h-e-13,パ,ソフトバンク,楽天,ホーム,みずほPayPay,01305157,大津 亮介,81385151,海野 隆司,3,5,敗,勝敗なし,21,7,3,3,106,8,0,2,1,0,終了,2026-07-11
2026,2026-07-10,20260710-h-e-13,パ,楽天,ソフトバンク,ビジター,みずほPayPay,31835153,早川 隆久,71375138,太田 光,5,3,勝,勝敗なし,18,6,3,3,110,6,3,4,1,0,終了,2026-07-11
2026,2026-07-10,20260710-m-b-12,パ,オリックス,ロッテ,ビジター,ZOZOマリン,41045136,田嶋 大樹,41645139,若月 健矢,6,8,敗,勝敗なし,4,1.1,3,3,39,5,1,1,0,0,終了,2026-07-11
2026,2026-07-10,20260710-m-b-12,パ,ロッテ,オリックス,ホーム,ZOZOマリン,81685150,廣池 康志郎,71075151,佐藤 都志也,8,6,勝,勝敗なし,10,3.1,4,4,71,7,2,4,0,0,終了,2026-07-11
2026,2026-07-10,20260710-t-s-10,セ,ヤクルト,阪神,ビジター,甲子園,51055132,高橋 奎二,01705134,古賀 優大,2,1,勝,勝,21,7,1,1,99,4,0,10,1,1,終了,2026-07-11
2026,2026-07-10,20260710-t-s-10,セ,阪神,ヤクルト,ホーム,甲子園,61965159,下村 海翔,11915132,坂本 誠志郎,1,2,敗,敗,18,6,2,1,93,6,0,4,1,0,終了,2026-07-11
2026,2026-07-11,20260711-d-c-12,セ,広島,中日,ビジター,バンテリンドーム,93395155,森 翔平,21125151,石原 貴規,1,8,敗,敗,12,4,4,4,69,4,3,3,0,0,終了,2026-07-11
2026,2026-07-11,20260711-d-c-12,セ,中日,広島,ホーム,バンテリンドーム,31635110,涌井 秀章,41545130,加藤 匠馬,8,1,勝,勝,18,6,1,1,93,6,0,2,1,0,終了,2026-07-11
2026,2026-07-11,20260711-db-g-12,セ,DeNA,巨人,ホーム,横 浜,41045137,藤浪 晋太郎,21825157,松尾 汐恩,4,5,敗,勝敗なし,9,3,3,3,94,3,6,4,0,0,終了,2026-07-11
2026,2026-07-11,20260711-db-g-12,セ,巨人,DeNA,ビジター,横 浜,71275152,竹丸 和幸,21325136,大城 卓三,5,4,勝,勝,18,6,4,4,107,5,4,5,0,0,終了,2026-07-11
2026,2026-07-11,20260711-f-l-14,パ,西武,日本ハム,ビジター,エスコンＦ,71075130,髙橋 光成,81785155,古賀 悠斗,2,8,敗,敗,13,4.1,7,7,85,8,3,3,0,0,終了,2026-07-11
2026,2026-07-11,20260711-f-l-14,パ,日本ハム,西武,ホーム,エスコンＦ,21825130,山﨑 福也,51055138,田宮 裕涼,8,2,勝,勝,15,5,2,2,69,7,1,3,0,0,終了,2026-07-11
2026,2026-07-11,20260711-h-e-14,パ,ソフトバンク,楽天,ホーム,みずほPayPay,01505151,大関 友久,81385151,海野 隆司,9,2,勝,勝,15,5,2,2,112,7,1,4,0,0,終了,2026-07-11
2026,2026-07-11,20260711-h-e-14,パ,楽天,ソフトバンク,ビジター,みずほPayPay,73375152,ウレーニャ,43345155,YG安田,2,9,敗,敗,12,4,7,7,98,9,6,2,0,0,終了,2026-07-11
2026,2026-07-11,20260711-m-b-13,パ,オリックス,ロッテ,ビジター,ZOZOマリン,61065159,髙島 泰都,11815155,福永 奨,8,3,勝,勝,22,7.1,2,2,114,9,1,6,1,1,終了,2026-07-11
2026,2026-07-11,20260711-m-b-13,パ,ロッテ,オリックス,ホーム,ZOZOマリン,03905152,ロング,71075151,佐藤 都志也,3,8,敗,敗,15,5,6,6,93,7,1,6,0,0,終了,2026-07-11
2026,2026-07-11,20260711-t-s-11,セ,ヤクルト,阪神,ビジター,甲子園,03105159,松本 健吾,51255118,中村 悠平,1,2,敗,勝敗なし,21,7,1,1,103,3,0,5,1,1,終了,2026-07-11
2026,2026-07-11,20260711-t-s-11,セ,阪神,ヤクルト,ホーム,甲子園,71375153,伊藤 将司,21325139,梅野 隆太郎,2,1,勝,勝敗なし,21,7,0,0,92,3,2,6,1,1,終了,2026-07-11
2026,2026-07-12,20260712-d-c-13,セ,広島,中日,ビジター,バンテリンドーム,11415134,床田 寛樹,81885151,持丸 泰輝,5,1,勝,勝,18,6,1,1,88,2,2,4,1,0,終了,2026-07-13
2026,2026-07-12,20260712-d-c-13,セ,中日,広島,ホーム,バンテリンドーム,61565150,金丸 夢斗,21125150,石伊 雄太,1,5,敗,敗,17,5.2,3,3,116,4,2,7,0,0,終了,2026-07-13
2026,2026-07-12,20260712-db-g-13,セ,DeNA,巨人,ホーム,横 浜,41045150,篠木 健太郎,21825157,松尾 汐恩,3,4,敗,敗,15,5,4,4,92,3,4,5,0,0,終了,2026-07-13
2026,2026-07-12,20260712-db-g-13,セ,巨人,DeNA,ビジター,横 浜,51355151,井上 温大,91595136,岸田 行倫,4,3,勝,勝,18,6,3,2,100,5,2,4,1,0,終了,2026-07-13
2026,2026-07-12,20260712-f-l-15,パ,西武,日本ハム,ビジター,エスコンＦ,21025155,隅田 知一郎,41745152,小島 大河,12,1,勝,勝,21,7,0,0,100,4,0,5,1,1,終了,2026-07-13
2026,2026-07-12,20260712-f-l-15,パ,日本ハム,西武,ホーム,エスコンＦ,81685155,福島 蓮,51055138,田宮 裕涼,1,12,敗,敗,12,4,6,6,87,7,0,4,0,0,終了,2026-07-13
2026,2026-07-12,20260712-h-e-15,パ,ソフトバンク,楽天,ホーム,みずほPayPay,41845157,松本 晴,81385151,海野 隆司,3,0,勝,勝,18,6,0,0,92,4,1,9,1,0,終了,2026-07-13
2026,2026-07-12,20260712-h-e-15,パ,楽天,ソフトバンク,ビジター,みずほPayPay,21725159,古謝 樹,71375138,太田 光,0,3,敗,敗,18,6,3,3,93,6,1,6,1,0,終了,2026-07-13
2026,2026-07-12,20260712-m-b-14,パ,オリックス,ロッテ,ビジター,ZOZOマリン,43545159,エスピノーザ,41645139,若月 健矢,7,2,勝,勝,21,7,2,2,94,4,2,4,1,1,終了,2026-07-13
2026,2026-07-12,20260712-m-b-14,パ,ロッテ,オリックス,ホーム,ZOZOマリン,11515138,小島 和哉,71075151,佐藤 都志也,2,7,敗,敗,15,5,3,3,86,5,0,2,0,0,終了,2026-07-13
2026,2026-07-12,20260712-t-s-12,セ,ヤクルト,阪神,ビジター,甲子園,53555157,吉村 貢司郎,01705134,古賀 優大,0,3,敗,敗,21,7,3,3,99,5,1,4,1,0,終了,2026-07-13
2026,2026-07-12,20260712-t-s-12,セ,阪神,ヤクルト,ホーム,甲子園,13315153,村上 頌樹,11915132,坂本 誠志郎,3,0,勝,勝敗なし,18,6,0,0,104,7,2,7,1,0,終了,2026-07-13
2026,2026-07-14,20260714-c-db-14,セ,DeNA,広島,ビジター,マツダスタジアム,21125159,石田 裕太郎,21825157,松尾 汐恩,5,4,勝,勝敗なし,12,4,4,4,81,8,2,4,0,0,終了,2026-07-14
2026,2026-07-14,20260714-c-db-14,セ,広島,DeNA,ホーム,マツダスタジアム,91595150,岡本 駿,81885151,持丸 泰輝,4,5,敗,敗,13,4.1,5,5,82,6,2,0,0,0,終了,2026-07-14
2026,2026-07-14,20260714-d-t-14,セ,阪神,中日,ビジター,バンテリンドーム,91095136,髙橋 遥人,61065137,伏見 寅威,5,2,勝,勝,24,8,2,2,105,7,0,9,1,1,終了,2026-07-14
2026,2026-07-14,20260714-d-t-14,セ,中日,阪神,ホーム,バンテリンドーム,13915150,マラー,41545130,加藤 匠馬,2,5,敗,敗,22,7.1,5,5,120,7,2,7,0,0,終了,2026-07-14
2026,2026-07-14,20260714-e-b-10,パ,オリックス,楽天,ビジター,楽天モバイル,71775139,九里 亜蓮,41645139,若月 健矢,1,3,敗,敗,18,6,2,2,109,3,3,5,1,0,終了,2026-07-14
2026,2026-07-14,20260714-e-b-10,パ,楽天,オリックス,ホーム,楽天モバイル,31235151,瀧中 瞭太,11815132,堀内 謙伍,3,1,勝,勝,20,6.2,1,1,100,6,1,6,1,0,終了,2026-07-14
2026,2026-07-14,20260714-f-h-12,パ,ソフトバンク,日本ハム,ビジター,エスコンＦ,51355135,上沢 直之,81385151,海野 隆司,4,2,勝,勝敗なし,18,6,0,0,107,6,2,7,1,0,終了,2026-07-14
2026,2026-07-14,20260714-f-h-12,パ,日本ハム,ソフトバンク,ホーム,エスコンＦ,51755155,北山 亘基,11015159,進藤 勇也,2,4,敗,勝敗なし,21,7,1,1,117,4,1,8,1,1,終了,2026-07-14
2026,2026-07-14,20260714-l-m-12,パ,ロッテ,西武,ビジター,ベルーナドーム,43745159,ジャクソン,71075151,佐藤 都志也,1,2,敗,敗,16,5.1,2,2,94,4,2,5,0,0,終了,2026-07-14
2026,2026-07-14,20260714-l-m-12,パ,西武,ロッテ,ホーム,ベルーナドーム,31035136,平良 海馬,41745152,小島 大河,2,1,勝,勝,18,6,0,0,91,7,1,4,1,0,終了,2026-07-14
2026,2026-07-14,20260714-s-g-14,セ,ヤクルト,巨人,ホーム,神 宮,63365153,山野 太一,01705134,古賀 優大,5,4,勝,勝,21,7,3,3,109,5,3,9,1,0,終了,2026-07-14
2026,2026-07-14,20260714-s-g-14,セ,巨人,ヤクルト,ビジター,神 宮,03305153,山﨑 伊織,91595136,岸田 行倫,4,5,敗,勝敗なし,17,5.2,3,3,96,5,2,5,0,0,終了,2026-07-14
2026,2026-07-15,20260715-c-db-15,セ,DeNA,広島,ビジター,マツダスタジアム,51155136,東 克樹,21825157,松尾 汐恩,4,6,敗,敗,17,5.2,6,6,99,10,0,4,0,0,終了,2026-07-15
2026,2026-07-15,20260715-c-db-15,セ,広島,DeNA,ホーム,マツダスタジアム,61765157,斉藤 優汰,21125151,石原 貴規,6,4,勝,勝敗なし,14,4.2,2,2,110,6,4,4,0,0,終了,2026-07-15
2026,2026-07-15,20260715-d-t-15,セ,阪神,中日,ビジター,バンテリンドーム,31935150,今朝丸 裕喜,21325139,梅野 隆太郎,5,6,敗,敗,12,4,4,4,75,6,1,1,0,0,終了,2026-07-15
2026,2026-07-15,20260715-d-t-15,セ,中日,阪神,ホーム,バンテリンドーム,51455152,中西 聖輝,21125150,石伊 雄太,6,5,勝,勝,18,6,2,2,89,4,2,4,1,0,終了,2026-07-15
2026,2026-07-15,20260715-e-b-11,パ,オリックス,楽天,ビジター,楽天モバイル,01505150,片山 楽生,11815155,福永 奨,2,3,敗,勝敗なし,13,4.1,2,2,59,4,2,1,0,0,終了,2026-07-15
2026,2026-07-15,20260715-e-b-11,パ,楽天,オリックス,ホーム,楽天モバイル,51655114,前田 健太,71375138,太田 光,3,2,勝,勝敗なし,21,7,2,2,102,4,1,3,1,1,終了,2026-07-15
2026,2026-07-15,20260715-f-h-13,パ,ソフトバンク,日本ハム,ビジター,エスコンＦ,53755138,スチュワート・ジュニア,81385151,海野 隆司,6,7,敗,敗,7,2.1,4,4,74,6,3,0,0,0,終了,2026-07-15
2026,2026-07-15,20260715-f-h-13,パ,日本ハム,ソフトバンク,ホーム,エスコンＦ,41545132,加藤 貴之,51055138,田宮 裕涼,7,6,勝,勝,15,5,3,2,89,8,0,7,0,0,終了,2026-07-15
2026,2026-07-15,20260715-l-m-13,パ,ロッテ,西武,ビジター,ベルーナドーム,61765153,河村 説人,71075151,佐藤 都志也,3,7,敗,勝敗なし,15,5,2,2,93,6,3,0,0,0,終了,2026-07-15
2026,2026-07-15,20260715-l-m-13,パ,西武,ロッテ,ホーム,ベルーナドーム,31035150,佐藤 爽,81785155,古賀 悠斗,7,3,勝,勝敗なし,15,5,1,1,88,3,2,3,0,0,終了,2026-07-15
2026,2026-07-15,20260715-s-g-15,セ,ヤクルト,巨人,ホーム,神 宮,31735151,奥川 恭伸,51255118,中村 悠平,2,8,敗,敗,18,6,7,7,95,8,1,4,0,0,終了,2026-07-15
2026,2026-07-15,20260715-s-g-15,セ,巨人,ヤクルト,ビジター,神 宮,31635159,西舘 勇陽,91595136,岸田 行倫,8,2,勝,勝,21,7,1,1,106,4,1,5,1,1,終了,2026-07-15
2026,2026-07-16,20260716-d-t-16,セ,阪神,中日,ビジター,バンテリンドーム,71375150,伊原 陵人,61065137,伏見 寅威,3,1,勝,勝敗なし,15,5,1,1,93,2,3,4,0,0,終了,2026-07-16
2026,2026-07-16,20260716-d-t-16,セ,中日,阪神,ホーム,バンテリンドーム,63165134,柳 裕也,21125150,石伊 雄太,1,3,敗,敗,21,7,2,2,102,2,1,4,1,1,終了,2026-07-16
2026,2026-07-16,20260716-e-b-12,パ,オリックス,楽天,ビジター,楽天モバイル,61965136,博志,41645139,若月 健矢,8,12,敗,勝敗なし,13,4.1,3,3,59,4,3,2,0,0,終了,2026-07-16
2026,2026-07-16,20260716-e-b-12,パ,楽天,オリックス,ホーム,楽天モバイル,53555152,コントレラス,11815132,堀内 謙伍,12,8,勝,勝敗なし,15,5,1,1,100,4,5,1,0,0,終了,2026-07-16
2026,2026-07-16,20260716-f-h-14,パ,ソフトバンク,日本ハム,ビジター,エスコンＦ,81585138,上茶谷 大河,93195138,渡邉 陸,6,2,勝,勝,18,6,2,2,100,5,3,9,1,0,終了,2026-07-16
2026,2026-07-16,20260716-f-h-14,パ,日本ハム,ソフトバンク,ホーム,エスコンＦ,51355153,伊藤 大海,11015159,進藤 勇也,2,6,敗,敗,18,6,5,4,105,9,1,4,0,0,終了,2026-07-16
2026,2026-07-16,20260716-l-m-14,パ,ロッテ,西武,ビジター,ベルーナドーム,73175152,毛利 海大,53155155,松川 虎生,4,3,勝,勝敗なし,16,5.1,2,2,75,6,0,1,0,0,終了,2026-07-16
2026,2026-07-16,20260716-l-m-14,パ,西武,ロッテ,ホーム,ベルーナドーム,53155138,渡邉 勇太朗,41745152,小島 大河,3,4,敗,敗,21,7,4,4,103,8,2,8,0,0,終了,2026-07-16
2026,2026-07-16,20260716-s-g-16,セ,ヤクルト,巨人,ホーム,神 宮,01805152,増居 翔太,43145150,矢野 泰二郎,1,3,敗,勝敗なし,15,5,1,0,83,2,3,2,0,0,終了,2026-07-16
2026,2026-07-16,20260716-s-g-16,セ,巨人,ヤクルト,ビジター,神 宮,53755152,マタ,21325136,大城 卓三,3,1,勝,勝敗なし,17,5.2,1,1,95,1,5,5,0,0,終了,2026-07-16
2026,2026-07-17,20260717-c-t-13,セ,広島,阪神,ホーム,マツダスタジアム,31135134,アドゥワ 誠,21125151,石原 貴規,2,4,敗,敗,15,5,3,3,78,3,2,5,0,0,終了,2026-07-17
2026,2026-07-17,20260717-c-t-13,セ,阪神,広島,ビジター,マツダスタジアム,41745134,才木 浩人,21325139,梅野 隆太郎,4,2,勝,勝,24,8,2,2,130,4,2,7,1,1,終了,2026-07-17
2026,2026-07-17,20260717-db-s-14,セ,DeNA,ヤクルト,ホーム,横 浜,61365136,尾形 崇斗,21825157,松尾 汐恩,12,4,勝,勝,18,6,2,2,76,3,1,7,1,0,終了,2026-07-17
2026,2026-07-17,20260717-db-s-14,セ,ヤクルト,DeNA,ビジター,横 浜,51055132,高橋 奎二,01705134,古賀 優大,4,12,敗,敗,15,5,4,4,90,7,3,1,0,0,終了,2026-07-17
2026,2026-07-17,20260717-g-d-15,セ,巨人,中日,ホーム,東京ドーム,53355152,ウィットリー,21325136,大城 卓三,4,1,勝,勝敗なし,18,6,1,1,107,1,4,11,1,0,終了,2026-07-17
2026,2026-07-17,20260717-g-d-15,セ,中日,巨人,ビジター,東京ドーム,11515133,大野 雄大,21125150,石伊 雄太,1,4,敗,勝敗なし,18,6,1,1,72,4,0,3,1,0,終了,2026-07-17
2026,2026-07-18,20260718-b-f-16,パ,オリックス,日本ハム,ホーム,京セラD大阪,03505152,ジェリー,41645139,若月 健矢,0,7,敗,敗,15,5,4,3,81,7,1,4,0,0,終了,2026-07-18
2026,2026-07-18,20260718-b-f-16,パ,日本ハム,オリックス,ビジター,京セラD大阪,61865159,細野 晴希,11015159,進藤 勇也,7,0,勝,勝,21,7,0,0,98,4,2,4,1,1,終了,2026-07-18
2026,2026-07-18,20260718-c-t-14,セ,広島,阪神,ホーム,マツダスタジアム,91995153,栗林 良吏,81885151,持丸 泰輝,2,1,勝,勝,21,7,1,1,117,8,0,6,1,1,終了,2026-07-18
2026,2026-07-18,20260718-c-t-14,セ,阪神,広島,ビジター,マツダスタジアム,71375153,伊藤 将司,21325139,梅野 隆太郎,1,2,敗,敗,16,5.1,2,2,102,6,1,2,0,0,終了,2026-07-18
2026,2026-07-18,20260718-db-s-15,セ,DeNA,ヤクルト,ホーム,横浜,61665155,深沢 鳳介,91895155,古市 尊,8,0,勝,勝,27,9,0,0,103,4,0,5,1,1,終了,2026-07-18
2026,2026-07-18,20260718-db-s-15,セ,ヤクルト,DeNA,ビジター,横浜,03105159,松本 健吾,51255118,中村 悠平,0,8,敗,敗,13,4.1,6,6,80,8,0,4,0,0,終了,2026-07-18
2026,2026-07-18,20260718-e-l-14,パ,楽天,西武,ホーム,楽天モバイル,21925157,荘司 康誠,71375138,太田 光,3,2,勝,勝,21,7,2,2,115,6,2,8,1,1,終了,2026-07-18
2026,2026-07-18,20260718-e-l-14,パ,西武,楽天,ビジター,楽天モバイル,51255159,武内 夏暉,41745152,小島 大河,2,3,敗,敗,24,8,3,3,107,6,1,0,1,0,終了,2026-07-18
2026,2026-07-18,20260718-g-d-16,セ,巨人,中日,ホーム,東京ドーム,71275152,竹丸 和幸,91595136,岸田 行倫,1,5,敗,敗,18,6,3,3,97,6,0,10,1,0,終了,2026-07-18
2026,2026-07-18,20260718-g-d-16,セ,中日,巨人,ビジター,東京ドーム,31635110,涌井 秀章,31735132,木下 拓哉,5,1,勝,勝,20,6.2,1,1,106,12,0,6,1,0,終了,2026-07-18
2026,2026-07-18,20260718-m-h-12,パ,ソフトバンク,ロッテ,ビジター,ZOZOマリン,01305157,大津 亮介,81385151,海野 隆司,5,4,勝,勝,15,5,3,3,98,7,3,4,0,0,終了,2026-07-18
2026,2026-07-18,20260718-m-h-12,パ,ロッテ,ソフトバンク,ホーム,ZOZOマリン,81685150,廣池 康志郎,71075151,佐藤 都志也,4,5,敗,敗,12,4,5,5,86,7,4,1,0,0,終了,2026-07-18
2026,2026-07-19,20260719-b-f-17,パ,オリックス,日本ハム,ホーム,京セラD大阪,61065159,髙島 泰都,11815155,福永 奨,1,5,敗,敗,10,3.1,5,3,84,10,1,5,0,0,終了,2026-07-19
2026,2026-07-19,20260719-b-f-17,パ,日本ハム,オリックス,ビジター,京セラD大阪,21825130,山﨑 福也,61965130,清水 優心,5,1,勝,勝,15,5,1,1,67,3,1,0,0,0,終了,2026-07-19
2026,2026-07-19,20260719-c-t-15,セ,広島,阪神,ホーム,マツダスタジアム,93395155,森 翔平,81885151,持丸 泰輝,2,4,敗,勝敗なし,18,6,1,1,90,3,2,6,1,0,終了,2026-07-19
2026,2026-07-19,20260719-c-t-15,セ,阪神,広島,ビジター,マツダスタジアム,13315153,村上 頌樹,11915132,坂本 誠志郎,4,2,勝,勝敗なし,18,6,2,2,121,5,2,6,1,0,終了,2026-07-19
2026,2026-07-19,20260719-db-s-16,セ,DeNA,ヤクルト,ホーム,横浜,61565152,片山 皓心,41245132,戸柱 恭孝,5,1,勝,勝,15,5,1,1,80,3,3,6,0,0,終了,2026-07-19
2026,2026-07-19,20260719-db-s-16,セ,ヤクルト,DeNA,ビジター,横浜,53555157,吉村 貢司郎,01705134,古賀 優大,1,5,敗,敗,15,5,5,5,110,6,3,7,0,0,終了,2026-07-19
2026,2026-07-19,20260719-e-l-15,パ,楽天,西武,ホーム,楽天モバイル,73375152,ウレーニャ,71375138,太田 光,3,6,敗,敗,18,6,4,4,83,7,0,1,0,0,終了,2026-07-19
2026,2026-07-19,20260719-e-l-15,パ,西武,楽天,ビジター,楽天モバイル,71075130,髙橋 光成,41745152,小島 大河,6,3,勝,勝,18,6,3,3,100,6,2,5,1,0,終了,2026-07-19
2026,2026-07-19,20260719-g-d-17,セ,巨人,中日,ホーム,東京ドーム,71575132,小笠原 慎之介,91595136,岸田 行倫,6,1,勝,勝,18,6,0,0,87,3,0,6,1,0,終了,2026-07-19
2026,2026-07-19,20260719-g-d-17,セ,中日,巨人,ビジター,東京ドーム,61565150,金丸 夢斗,31735132,木下 拓哉,1,6,敗,敗,19,6.1,3,3,88,8,1,7,1,0,終了,2026-07-19
2026,2026-07-19,20260719-m-h-13,パ,ソフトバンク,ロッテ,ビジター,ZOZOマリン,13115159,前田 悠伍,81385151,海野 隆司,3,0,勝,勝,21,7,0,0,98,4,0,8,1,1,終了,2026-07-19
2026,2026-07-19,20260719-m-h-13,パ,ロッテ,ソフトバンク,ホーム,ZOZOマリン,03905152,ロング,53155155,松川 虎生,0,3,敗,敗,18,6,3,3,95,6,2,2,1,0,終了,2026-07-19
2026,2026-07-20,20260720-b-f-18,パ,オリックス,日本ハム,ホーム,京セラD大阪,71775139,九里 亜蓮,11815155,福永 奨,3,0,勝,勝,21,7,0,0,106,3,4,5,1,1,終了,2026-07-20
2026,2026-07-20,20260720-b-f-18,パ,日本ハム,オリックス,ビジター,京セラD大阪,51155130,有原 航平,11015159,進藤 勇也,0,3,敗,敗,18,6,3,1,100,7,3,4,1,0,終了,2026-07-20
2026,2026-07-20,20260720-e-l-16,パ,楽天,西武,ホーム,楽天モバイル,91795114,岸 孝之,11815132,堀内 謙伍,4,5,敗,敗,18,6,5,5,91,8,1,2,0,0,終了,2026-07-20
2026,2026-07-20,20260720-e-l-16,パ,西武,楽天,ビジター,楽天モバイル,73975150,ラミレス,81785155,古賀 悠斗,5,4,勝,勝敗なし,6,2,0,0,26,0,0,2,0,0,終了,2026-07-20
2026,2026-07-20,20260720-g-c-09,セ,巨人,広島,ホーム,東京ドーム,51355151,井上 温大,91595136,岸田 行倫,3,1,勝,勝,21,7,1,1,97,6,1,8,1,1,終了,2026-07-20
2026,2026-07-20,20260720-g-c-09,セ,広島,巨人,ビジター,東京ドーム,11415134,床田 寛樹,21125151,石原 貴規,1,3,敗,敗,18,6,3,3,93,8,2,4,1,0,終了,2026-07-20
2026,2026-07-20,20260720-m-h-14,パ,ソフトバンク,ロッテ,ビジター,ZOZOマリン,01505151,大関 友久,81385151,海野 隆司,5,4,勝,勝敗なし,16,5.1,3,3,103,5,3,4,0,0,終了,2026-07-20
2026,2026-07-20,20260720-m-h-14,パ,ロッテ,ソフトバンク,ホーム,ZOZOマリン,43745159,ジャクソン,71075151,佐藤 都志也,4,5,敗,勝敗なし,15,5,4,4,114,7,2,5,0,0,終了,2026-07-20
2026,2026-07-20,20260720-s-d-11,セ,ヤクルト,中日,ホーム,神宮,63965150,ウォルターズ,01705134,古賀 優大,2,4,敗,敗,15,5,4,4,99,5,3,5,0,0,終了,2026-07-20
2026,2026-07-20,20260720-s-d-11,セ,中日,ヤクルト,ビジター,神宮,61265153,髙橋 宏斗,21125150,石伊 雄太,4,2,勝,勝,24,8,2,1,95,3,1,8,1,1,終了,2026-07-20
2026,2026-07-20,20260720-t-db-11,セ,DeNA,阪神,ビジター,甲子園,01905139,平良 拳太郎,91895155,古市 尊,7,0,勝,勝,18,6,0,0,110,3,2,7,1,0,終了,2026-07-20
2026,2026-07-20,20260720-t-db-11,セ,阪神,DeNA,ホーム,甲子園,41345136,大竹 耕太郎,11915132,坂本 誠志郎,0,7,敗,敗,17,5.2,1,1,101,5,1,3,0,0,終了,2026-07-20
2026,2026-07-21,20260721-g-c-10,セ,巨人,広島,ホーム,東京ドーム,03305153,山﨑 伊織,21325136,大城 卓三,11,5,勝,勝,17,5.2,2,2,114,6,1,3,0,0,終了,2026-07-21
2026,2026-07-21,20260721-g-c-10,セ,広島,巨人,ビジター,東京ドーム,91595150,岡本 駿,21125151,石原 貴規,5,11,敗,敗,12,4,9,7,80,12,1,2,0,0,終了,2026-07-21
2026,2026-07-21,20260721-h-b-13,パ,オリックス,ソフトバンク,ビジター,みずほPayPay,43545159,エスピノーザ,41645139,若月 健矢,2,1,勝,勝,21,7,1,1,116,4,2,8,1,1,終了,2026-07-21
2026,2026-07-21,20260721-h-b-13,パ,ソフトバンク,オリックス,ホーム,みずほPayPay,51355135,上沢 直之,81385151,海野 隆司,1,2,敗,敗,18,6,2,2,108,7,0,8,1,0,終了,2026-07-21
2026,2026-07-21,20260721-s-d-12,セ,ヤクルト,中日,ホーム,神宮,63365153,山野 太一,01705134,古賀 優大,4,11,敗,勝敗なし,18,6,4,4,106,5,2,6,0,0,終了,2026-07-21
2026,2026-07-21,20260721-s-d-12,セ,中日,ヤクルト,ビジター,神宮,21225137,松葉 貴大,31735132,木下 拓哉,11,4,勝,勝敗なし,15,5,4,4,83,5,2,5,0,0,終了,2026-07-21
2026,2026-07-21,20260721-t-db-12,セ,DeNA,阪神,ビジター,甲子園,41045150,篠木 健太郎,41245132,戸柱 恭孝,1,2,敗,勝敗なし,14,4.2,1,1,80,5,1,5,0,0,終了,2026-07-21
2026,2026-07-21,20260721-t-db-12,セ,阪神,DeNA,ホーム,甲子園,61965159,下村 海翔,11915132,坂本 誠志郎,2,1,勝,勝敗なし,18,6,1,1,92,4,0,7,1,0,終了,2026-07-21
2026,2026-07-22,20260722-g-c-11,セ,巨人,広島,ホーム,東京ドーム,31635159,西舘 勇陽,21325136,大城 卓三,1,6,敗,敗,15,5,2,2,100,4,3,4,0,0,終了,2026-07-22
2026,2026-07-22,20260722-g-c-11,セ,広島,巨人,ビジター,東京ドーム,61765157,斉藤 優汰,81885151,持丸 泰輝,6,1,勝,勝,15,5,1,1,93,3,4,5,0,0,終了,2026-07-22
2026,2026-07-22,20260722-h-b-14,パ,オリックス,ソフトバンク,ビジター,みずほPayPay,01505150,片山 楽生,41645139,若月 健矢,2,22,敗,敗,0,0,4,4,13,3,1,0,0,0,終了,2026-07-22
2026,2026-07-22,20260722-h-b-14,パ,ソフトバンク,オリックス,ホーム,みずほPayPay,53755138,スチュワート・ジュニア,23125136,山本 祐大,22,2,勝,勝,21,7,2,2,112,7,1,6,1,1,終了,2026-07-22
2026,2026-07-22,20260722-l-f-16,パ,西武,日本ハム,ホーム,ベルーナドーム,31035136,平良 海馬,41745152,小島 大河,4,3,勝,勝敗なし,15,5,3,3,96,5,2,6,0,0,終了,2026-07-22
2026,2026-07-22,20260722-l-f-16,パ,日本ハム,西武,ビジター,ベルーナドーム,51355153,伊藤 大海,51055138,田宮 裕涼,3,4,敗,勝敗なし,18,6,3,3,97,8,0,8,1,0,終了,2026-07-22
2026,2026-07-22,20260722-m-e-13,パ,ロッテ,楽天,ホーム,ZOZOマリン,11515138,小島 和哉,71075151,佐藤 都志也,10,2,勝,勝,27,9,2,2,141,9,0,6,1,1,終了,2026-07-22
2026,2026-07-22,20260722-m-e-13,パ,楽天,ロッテ,ビジター,ZOZOマリン,31835153,早川 隆久,71375138,太田 光,2,10,敗,敗,15,5,8,8,97,10,2,6,0,0,終了,2026-07-22
2026,2026-07-22,20260722-s-d-13,セ,ヤクルト,中日,ホーム,神宮,31735151,奥川 恭伸,51255118,中村 悠平,8,5,勝,勝,18,6,4,4,99,6,2,4,0,0,終了,2026-07-22
2026,2026-07-22,20260722-s-d-13,セ,中日,ヤクルト,ビジター,神宮,51455152,中西 聖輝,21125150,石伊 雄太,5,8,敗,敗,6,2,5,5,64,5,2,3,0,0,終了,2026-07-22
2026,2026-07-22,20260722-t-db-13,セ,DeNA,阪神,ビジター,甲子園,41045137,藤浪 晋太郎,21825157,松尾 汐恩,4,5,敗,勝敗なし,14,4.2,1,1,95,5,4,5,0,0,終了,2026-07-22
2026,2026-07-22,20260722-t-db-13,セ,阪神,DeNA,ホーム,甲子園,91095136,髙橋 遥人,61065137,伏見 寅威,5,4,勝,勝敗なし,18,6,2,2,101,8,0,6,1,0,終了,2026-07-22
2026,2026-07-23,20260723-h-b-15,パ,オリックス,ソフトバンク,ビジター,みずほPayPay,83185150,山口 廉王,41645139,若月 健矢,5,6,敗,勝敗なし,12,4,3,3,74,5,3,5,0,0,終了,2026-07-23
2026,2026-07-23,20260723-h-b-15,パ,ソフトバンク,オリックス,ホーム,みずほPayPay,41845157,松本 晴,23125136,山本 祐大,6,5,勝,勝敗なし,15,5,2,2,89,3,2,4,0,0,終了,2026-07-23
2026,2026-07-23,20260723-l-f-17,パ,西武,日本ハム,ホーム,ベルーナドーム,21025155,隅田 知一郎,41745152,小島 大河,2,11,敗,敗,12,4,7,4,88,9,3,3,0,0,終了,2026-07-23
2026,2026-07-23,20260723-l-f-17,パ,日本ハム,西武,ビジター,ベルーナドーム,51755155,北山 亘基,11015159,進藤 勇也,11,2,勝,勝,18,6,1,1,86,7,1,3,1,0,終了,2026-07-23
2026,2026-07-23,20260723-m-e-14,パ,ロッテ,楽天,ホーム,ZOZOマリン,73175152,毛利 海大,53155155,松川 虎生,3,4,敗,勝敗なし,12,4,1,1,70,7,1,2,0,0,終了,2026-07-23
2026,2026-07-23,20260723-m-e-14,パ,楽天,ロッテ,ビジター,ZOZOマリン,21725159,古謝 樹,71375138,太田 光,4,3,勝,勝敗なし,18,6,3,3,99,7,1,7,1,0,終了,2026-07-23
2026,2026-07-24,20260724-b-m-15,パ,オリックス,ロッテ,ホーム,京セラD大阪,61465150,寺西 成騎,11815155,福永 奨,3,2,勝,勝敗なし,12,4,2,2,78,3,2,6,0,0,終了,2026-07-24
2026,2026-07-24,20260724-b-m-15,パ,ロッテ,オリックス,ビジター,京セラD大阪,61765153,河村 説人,71075151,佐藤 都志也,2,3,敗,敗,25,8.1,3,2,117,4,1,3,1,1,終了,2026-07-24
2026,2026-07-24,20260724-d-db-15,セ,DeNA,中日,ビジター,バンテリンドーム,51155136,東 克樹,21825157,松尾 汐恩,2,3,敗,勝敗なし,18,6,1,1,90,4,2,2,1,0,終了,2026-07-24
2026,2026-07-24,20260724-d-db-15,セ,中日,DeNA,ホーム,バンテリンドーム,63165134,柳 裕也,21125150,石伊 雄太,3,2,勝,勝敗なし,15,5,2,2,86,6,0,2,0,0,終了,2026-07-24
2026,2026-07-24,20260724-l-h-15,パ,ソフトバンク,西武,ビジター,ベルーナドーム,81585138,上茶谷 大河,93195138,渡邉 陸,7,3,勝,勝,18,6,3,3,89,3,0,5,1,0,終了,2026-07-24
2026,2026-07-24,20260724-l-h-15,パ,西武,ソフトバンク,ホーム,ベルーナドーム,53155138,渡邉 勇太朗,81785155,古賀 悠斗,3,7,敗,敗,18,6,4,4,93,7,2,7,0,0,終了,2026-07-24
2026,2026-07-24,20260724-s-c-15,セ,ヤクルト,広島,ホーム,神宮,51055132,高橋 奎二,01705134,古賀 優大,5,3,勝,勝敗なし,18,6,3,3,93,8,2,4,1,0,終了,2026-07-24
2026,2026-07-24,20260724-s-c-15,セ,広島,ヤクルト,ビジター,神宮,31135134,アドゥワ 誠,21125151,石原 貴規,3,5,敗,勝敗なし,15,5,1,1,88,7,2,6,0,0,終了,2026-07-24
2026,2026-07-24,20260724-t-g-15,セ,巨人,阪神,ビジター,甲子園,53355152,ウィットリー,21325136,大城 卓三,4,2,勝,勝敗なし,18,6,1,0,103,5,4,6,1,0,終了,2026-07-24
2026,2026-07-24,20260724-t-g-15,セ,阪神,巨人,ホーム,甲子園,41745134,才木 浩人,21325139,梅野 隆太郎,2,4,敗,勝敗なし,27,9,2,2,130,4,1,13,1,1,終了,2026-07-24
2026,2026-07-25,20260725-b-m-16,パ,オリックス,ロッテ,ホーム,京セラD大阪,03505152,ジェリー,11815155,福永 奨,5,3,勝,勝敗なし,15,5,3,3,84,6,1,6,0,0,終了,2026-07-26
2026,2026-07-25,20260725-b-m-16,パ,ロッテ,オリックス,ビジター,京セラD大阪,81685150,廣池 康志郎,53155155,松川 虎生,3,5,敗,勝敗なし,15,5,3,3,83,6,1,3,0,0,終了,2026-07-26
2026,2026-07-25,20260725-d-db-16,セ,DeNA,中日,ビジター,バンテリンドーム,13015152,ビド,21825157,松尾 汐恩,5,0,勝,勝,15,5,0,0,102,5,4,5,0,0,終了,2026-07-26
2026,2026-07-25,20260725-d-db-16,セ,中日,DeNA,ホーム,バンテリンドーム,31635110,涌井 秀章,31735132,木下 拓哉,0,5,敗,敗,15,5,3,3,94,7,1,7,0,0,終了,2026-07-26
2026,2026-07-25,20260725-f-e-15,パ,楽天,日本ハム,ビジター,エスコンＦ,21925157,荘司 康誠,71375138,太田 光,3,4,敗,勝敗なし,21,7,2,2,105,6,2,5,1,1,終了,2026-07-26
2026,2026-07-25,20260725-f-e-15,パ,日本ハム,楽天,ホーム,エスコンＦ,41545132,加藤 貴之,11015159,進藤 勇也,4,3,勝,勝敗なし,18,6,2,2,71,4,0,4,1,0,終了,2026-07-26
2026,2026-07-25,20260725-l-h-16,パ,ソフトバンク,西武,ビジター,ベルーナドーム,01305157,大津 亮介,81385151,海野 隆司,6,8,敗,勝敗なし,15,5,6,6,90,6,5,0,0,0,終了,2026-07-26
2026,2026-07-25,20260725-l-h-16,パ,西武,ソフトバンク,ホーム,ベルーナドーム,51255159,武内 夏暉,41745152,小島 大河,8,6,勝,勝,18,6,6,6,82,8,1,2,0,0,終了,2026-07-26
2026,2026-07-25,20260725-s-c-16,セ,ヤクルト,広島,ホーム,神宮,11615159,西舘 昂汰,51855136,松本 直樹,2,1,勝,勝敗なし,15,5,0,0,100,2,5,3,0,0,終了,2026-07-26
2026,2026-07-25,20260725-s-c-16,セ,広島,ヤクルト,ビジター,神宮,91995153,栗林 良吏,81885151,持丸 泰輝,1,2,敗,勝敗なし,21,7,1,0,101,3,0,3,1,1,終了,2026-07-26
2026,2026-07-25,20260725-t-g-16,セ,巨人,阪神,ビジター,甲子園,71275152,竹丸 和幸,21325136,大城 卓三,5,1,勝,勝,18,6,1,1,99,4,2,5,1,0,終了,2026-07-26
2026,2026-07-25,20260725-t-g-16,セ,阪神,巨人,ホーム,甲子園,71375150,伊原 陵人,61065137,伏見 寅威,1,5,敗,敗,12,4,4,3,77,6,1,6,0,0,終了,2026-07-26
2026,2026-07-26,20260726-b-m-17,パ,オリックス,ロッテ,ホーム,京セラD大阪,71775139,九里 亜蓮,11815155,福永 奨,2,3,敗,敗,18,6,3,3,127,9,4,10,1,0,終了,2026-07-26
2026,2026-07-26,20260726-b-m-17,パ,ロッテ,オリックス,ビジター,京セラD大阪,43745159,ジャクソン,71075151,佐藤 都志也,3,2,勝,勝,22,7.1,2,2,116,6,3,7,1,1,終了,2026-07-26
2026,2026-07-26,20260726-d-db-17,セ,DeNA,中日,ビジター,バンテリンドーム,61365136,尾形 崇斗,21825157,松尾 汐恩,1,5,敗,勝敗なし,18,6,1,1,114,2,3,9,1,0,終了,2026-07-26
2026,2026-07-26,20260726-d-db-17,セ,中日,DeNA,ホーム,バンテリンドーム,61565150,金丸 夢斗,21125150,石伊 雄太,5,1,勝,勝敗なし,21,7,1,1,108,4,1,7,1,1,終了,2026-07-26
2026,2026-07-26,20260726-f-e-16,パ,楽天,日本ハム,ビジター,エスコンＦ,31235151,瀧中 瞭太,43345155,YG安田,2,6,敗,敗,15,5,5,5,91,6,5,1,0,0,終了,2026-07-26
2026,2026-07-26,20260726-f-e-16,パ,日本ハム,楽天,ホーム,エスコンＦ,21825130,山﨑 福也,61965130,清水 優心,6,2,勝,勝,15,5,1,1,79,3,2,3,0,0,終了,2026-07-26
2026,2026-07-26,20260726-l-h-17,パ,ソフトバンク,西武,ビジター,ベルーナドーム,13115159,前田 悠伍,23125136,山本 祐大,3,0,勝,勝,18,6,0,0,93,3,2,5,1,0,終了,2026-07-26
2026,2026-07-26,20260726-l-h-17,パ,西武,ソフトバンク,ホーム,ベルーナドーム,71075130,髙橋 光成,61265151,柘植 世那,0,3,敗,敗,24,8,3,3,110,4,4,3,1,0,終了,2026-07-26
2026,2026-07-26,20260726-s-c-17,セ,ヤクルト,広島,ホーム,神宮,53555157,吉村 貢司郎,01705134,古賀 優大,3,4,敗,勝敗なし,21,7,3,3,99,6,1,5,1,0,終了,2026-07-26
2026,2026-07-26,20260726-s-c-17,セ,広島,ヤクルト,ビジター,神宮,93395155,森 翔平,81885151,持丸 泰輝,4,3,勝,勝敗なし,18,6,3,3,93,3,1,5,1,0,終了,2026-07-26
2026,2026-07-26,20260726-t-g-17,セ,巨人,阪神,ビジター,甲子園,71575132,小笠原 慎之介,03105151,山瀬 慎之助,0,1,敗,敗,21,7,1,1,109,8,1,8,1,1,終了,2026-07-26
2026,2026-07-26,20260726-t-g-17,セ,阪神,巨人,ホーム,甲子園,13315153,村上 頌樹,11915132,坂本 誠志郎,1,0,勝,勝,27,9,0,0,117,6,1,6,1,1,終了,2026-07-26
2026,2026-07-31,20260731-c-d-14,セ,広島,中日,ホーム,マツダスタジアム,11415134,床田 寛樹,81885151,持丸 泰輝,3,1,勝,勝敗なし,21,7,1,1,99,6,2,2,1,1,終了,2026-07-31
2026,2026-07-31,20260731-c-d-14,セ,中日,広島,ビジター,マツダスタジアム,61265153,髙橋 宏斗,21125150,石伊 雄太,1,3,敗,勝敗なし,21,7,1,0,106,4,1,7,1,1,終了,2026-07-31
2026,2026-07-31,20260731-f-m-14,パ,ロッテ,日本ハム,ビジター,エスコンＦ,61765153,河村 説人,71075151,佐藤 都志也,1,6,敗,敗,12,4,5,5,67,7,3,2,0,0,終了,2026-07-31
2026,2026-07-31,20260731-f-m-14,パ,日本ハム,ロッテ,ホーム,エスコンＦ,01205155,達 孝太,51055138,田宮 裕涼,6,1,勝,勝,18,6,0,0,104,3,2,9,1,0,終了,2026-07-31
2026,2026-07-31,20260731-g-db-14,セ,DeNA,巨人,ビジター,東京ドーム,01905139,平良 拳太郎,21825157,松尾 汐恩,0,6,敗,敗,15,5,2,2,74,5,0,5,0,0,終了,2026-07-31
2026,2026-07-31,20260731-g-db-14,セ,巨人,DeNA,ホーム,東京ドーム,23725150,ハワード,21325136,大城 卓三,6,0,勝,勝,21,7,0,0,91,3,0,6,1,1,終了,2026-07-31
2026,2026-07-31,20260731-l-b-15,パ,オリックス,西武,ビジター,ベルーナドーム,61465150,寺西 成騎,41645139,若月 健矢,5,4,勝,勝敗なし,15,5,3,1,103,8,1,1,0,0,終了,2026-07-31
2026,2026-07-31,20260731-l-b-15,パ,西武,オリックス,ホーム,ベルーナドーム,21025155,隅田 知一郎,41745152,小島 大河,4,5,敗,勝敗なし,18,6,3,3,91,8,0,2,1,0,終了,2026-07-31
2026,2026-07-31,20260731-s-t-13,セ,ヤクルト,阪神,ホーム,神宮,31735151,奥川 恭伸,01705134,古賀 優大,3,4,敗,勝敗なし,18,6,0,0,99,4,3,6,1,0,終了,2026-07-31
2026,2026-07-31,20260731-s-t-13,セ,阪神,ヤクルト,ビジター,神宮,41745134,才木 浩人,21325139,梅野 隆太郎,4,3,勝,勝敗なし,17,5.2,3,3,116,9,1,6,0,0,終了,2026-07-31
2026,2026-08-01,20260801-c-d-15,セ,広島,中日,ホーム,マツダスタジアム,61765157,斉藤 優汰,81885151,持丸 泰輝,1,7,敗,敗,12,4,5,5,67,5,0,2,0,0,終了,2026-08-01
2026,2026-08-01,20260801-c-d-15,セ,中日,広島,ビジター,マツダスタジアム,13915150,マラー,21125150,石伊 雄太,7,1,勝,勝,15,5,1,0,99,6,2,4,0,0,終了,2026-08-01
2026,2026-08-01,20260801-e-h-16,パ,ソフトバンク,楽天,ビジター,楽天モバイル,81585138,上茶谷 大河,93195138,渡邉 陸,5,0,勝,勝,21,7,0,0,88,3,1,7,1,1,終了,2026-08-01
2026,2026-08-01,20260801-e-h-16,パ,楽天,ソフトバンク,ホーム,楽天モバイル,31835153,早川 隆久,71375138,太田 光,0,5,敗,敗,18,6,3,3,97,7,1,4,1,0,終了,2026-08-01
2026,2026-08-01,20260801-f-m-15,パ,ロッテ,日本ハム,ビジター,エスコンＦ,03905152,ロング,53155155,松川 虎生,5,3,勝,勝敗なし,15,5,3,2,83,4,4,2,0,0,終了,2026-08-01
2026,2026-08-01,20260801-f-m-15,パ,日本ハム,ロッテ,ホーム,エスコンＦ,41545132,加藤 貴之,51055138,田宮 裕涼,3,5,敗,勝敗なし,16,5.1,3,2,106,5,3,3,0,0,終了,2026-08-01
2026,2026-08-01,20260801-g-db-15,セ,DeNA,巨人,ビジター,東京ドーム,41045150,篠木 健太郎,21825157,松尾 汐恩,8,7,勝,勝,15,5,6,6,68,7,1,1,0,0,終了,2026-08-01
2026,2026-08-01,20260801-g-db-15,セ,巨人,DeNA,ホーム,東京ドーム,71275152,竹丸 和幸,21325136,大城 卓三,7,8,敗,敗,9,3,8,7,62,9,1,5,0,0,終了,2026-08-01
2026,2026-08-01,20260801-l-b-16,パ,オリックス,西武,ビジター,ベルーナドーム,03505152,ジェリー,41645139,若月 健矢,1,4,敗,勝敗なし,18,6,0,0,111,3,3,3,1,0,終了,2026-08-01
2026,2026-08-01,20260801-l-b-16,パ,西武,オリックス,ホーム,ベルーナドーム,53155138,渡邉 勇太朗,81785155,古賀 悠斗,4,1,勝,勝敗なし,18,6,1,1,104,6,2,3,1,0,終了,2026-08-01
2026,2026-08-01,20260801-s-t-14,セ,ヤクルト,阪神,ホーム,神宮,51055132,高橋 奎二,01005159,鈴木 叶,3,7,敗,敗,18,6,7,7,108,9,2,5,0,0,終了,2026-08-01
2026,2026-08-01,20260801-s-t-14,セ,阪神,ヤクルト,ビジター,神宮,71375153,伊藤 将司,11915132,坂本 誠志郎,7,3,勝,勝,15,5,3,3,87,4,2,4,0,0,終了,2026-08-01
2026,2026-08-02,20260802-c-d-16,セ,広島,中日,ホーム,マツダスタジアム,31135134,アドゥワ 誠,21125151,石原 貴規,4,3,勝,勝敗なし,9,3,2,2,59,5,0,2,0,0,終了,2026-08-02
2026,2026-08-02,20260802-c-d-16,セ,中日,広島,ビジター,マツダスタジアム,63165134,柳 裕也,21125150,石伊 雄太,3,4,敗,勝敗なし,18,6,2,2,97,6,0,2,1,0,終了,2026-08-02
2026,2026-08-02,20260802-e-h-17,パ,ソフトバンク,楽天,ビジター,楽天モバイル,13115159,前田 悠伍,23125136,山本 祐大,10,6,勝,勝,18,6,5,5,99,7,2,0,0,0,終了,2026-08-02
2026,2026-08-02,20260802-e-h-17,パ,楽天,ソフトバンク,ホーム,楽天モバイル,21725159,古謝 樹,43345155,YG安田,6,10,敗,敗,15,5,6,2,93,6,4,6,0,0,終了,2026-08-02
2026,2026-08-02,20260802-f-m-16,パ,ロッテ,日本ハム,ビジター,エスコンＦ,43745159,ジャクソン,71075151,佐藤 都志也,0,3,敗,敗,18,6,3,3,104,4,1,5,1,0,終了,2026-08-02
2026,2026-08-02,20260802-f-m-16,パ,日本ハム,ロッテ,ホーム,エスコンＦ,51155130,有原 航平,11015159,進藤 勇也,3,0,勝,勝,27,9,0,0,100,3,0,9,1,1,終了,2026-08-02
2026,2026-08-02,20260802-g-db-16,セ,DeNA,巨人,ビジター,東京ドーム,61665155,深沢 鳳介,21825157,松尾 汐恩,2,1,勝,勝,16,5.1,1,1,87,5,2,4,0,0,終了,2026-08-02
2026,2026-08-02,20260802-g-db-16,セ,巨人,DeNA,ホーム,東京ドーム,71575132,小笠原 慎之介,21325136,大城 卓三,1,2,敗,敗,21,7,2,2,102,6,0,5,1,1,終了,2026-08-02
2026,2026-08-02,20260802-l-b-17,パ,オリックス,西武,ビジター,ベルーナドーム,61065159,髙島 泰都,41645139,若月 健矢,1,5,敗,敗,18,6,3,3,103,8,1,4,1,0,終了,2026-08-02
2026,2026-08-02,20260802-l-b-17,パ,西武,オリックス,ホーム,ベルーナドーム,51255159,武内 夏暉,41745152,小島 大河,5,1,勝,勝,21,7,1,1,93,5,1,3,1,1,終了,2026-08-02
2026,2026-08-02,20260802-s-t-15,セ,ヤクルト,阪神,ホーム,神宮,63965150,ウォルターズ,01705134,古賀 優大,3,4,敗,勝敗なし,12,4,3,3,80,5,2,6,0,0,終了,2026-08-02
2026,2026-08-02,20260802-s-t-15,セ,阪神,ヤクルト,ビジター,神宮,61965159,下村 海翔,11915132,坂本 誠志郎,4,3,勝,勝敗なし,15,5,3,1,101,7,1,7,0,0,終了,2026-08-02
2026,2026-08-03,20260803-b-e-13,パ,オリックス,楽天,ホーム,東京ドーム,71775139,九里 亜蓮,11815155,福永 奨,9,6,勝,勝敗なし,18,6,6,2,113,7,3,5,1,0,終了,2026-08-03
2026,2026-08-03,20260803-b-e-13,パ,楽天,オリックス,ビジター,東京ドーム,21925157,荘司 康誠,71375138,太田 光,6,9,敗,勝敗なし,18,6,4,4,112,6,1,5,0,0,終了,2026-08-03
2026,2026-08-04,20260804-c-g-12,セ,巨人,広島,ビジター,マツダスタジアム,03305153,山﨑 伊織,91595136,岸田 行倫,3,4,敗,勝敗なし,20,6.2,2,2,117,7,4,2,1,0,終了,2026-08-04
2026,2026-08-04,20260804-c-g-12,セ,広島,巨人,ホーム,マツダスタジアム,91995153,栗林 良吏,81885151,持丸 泰輝,4,3,勝,勝敗なし,15,5,3,3,81,4,2,7,0,0,終了,2026-08-04
2026,2026-08-04,20260804-d-s-14,セ,ヤクルト,中日,ビジター,バンテリンドーム,53555157,吉村 貢司郎,01705134,古賀 優大,3,4,敗,勝敗なし,18,6,2,2,104,7,0,5,1,0,終了,2026-08-04
2026,2026-08-04,20260804-d-s-14,セ,中日,ヤクルト,ホーム,バンテリンドーム,11515133,大野 雄大,21125150,石伊 雄太,4,3,勝,勝敗なし,21,7,3,3,99,6,1,7,1,0,終了,2026-08-04
2026,2026-08-04,20260804-db-t-14,セ,DeNA,阪神,ホーム,横浜,61365136,尾形 崇斗,21825157,松尾 汐恩,1,0,勝,勝,21,7,0,0,104,5,2,7,1,1,終了,2026-08-04
2026,2026-08-04,20260804-db-t-14,セ,阪神,DeNA,ビジター,横浜,13315153,村上 頌樹,11915132,坂本 誠志郎,0,1,敗,敗,18,6,1,1,96,4,0,8,1,0,終了,2026-08-04
2026,2026-08-04,20260804-h-f-15,パ,ソフトバンク,日本ハム,ホーム,京セラD大阪,51355135,上沢 直之,23125136,山本 祐大,1,0,勝,勝,21,7,0,0,95,5,1,4,1,1,終了,2026-08-04
2026,2026-08-04,20260804-h-f-15,パ,日本ハム,ソフトバンク,ビジター,京セラD大阪,51355153,伊藤 大海,51055138,田宮 裕涼,0,1,敗,敗,21,7,1,1,98,8,0,8,1,1,終了,2026-08-04
2026,2026-08-04,20260804-m-l-15,パ,ロッテ,西武,ホーム,ZOZOマリン,11515138,小島 和哉,71075151,佐藤 都志也,5,3,勝,勝,18,6,3,3,79,3,4,3,1,0,終了,2026-08-04
2026,2026-08-04,20260804-m-l-15,パ,西武,ロッテ,ビジター,ZOZOマリン,31035136,平良 海馬,81785155,古賀 悠斗,3,5,敗,敗,9,3,5,5,82,9,2,3,0,0,終了,2026-08-04
2026,2026-08-05,20260805-b-e-14,パ,オリックス,楽天,ホーム,京セラD大阪,43545159,エスピノーザ,41645139,若月 健矢,3,1,勝,勝,21,7,1,1,111,9,2,4,1,1,終了,2026-08-05
2026,2026-08-05,20260805-b-e-14,パ,楽天,オリックス,ビジター,京セラD大阪,31235151,瀧中 瞭太,11815132,堀内 謙伍,1,3,敗,敗,21,7,3,3,93,5,0,0,1,0,終了,2026-08-05
2026,2026-08-05,20260805-c-g-13,セ,巨人,広島,ビジター,マツダスタジアム,51355151,井上 温大,91595136,岸田 行倫,4,0,勝,勝,21,7,0,0,97,7,0,4,1,1,終了,2026-08-05
2026,2026-08-05,20260805-c-g-13,セ,広島,巨人,ホーム,マツダスタジアム,93395155,森 翔平,21125151,石原 貴規,0,4,敗,敗,21,7,3,3,111,6,1,8,1,0,終了,2026-08-05
2026,2026-08-05,20260805-d-s-15,セ,ヤクルト,中日,ビジター,バンテリンドーム,63365153,山野 太一,01005159,鈴木 叶,1,4,敗,敗,15,5,4,3,100,6,2,6,0,0,終了,2026-08-05
2026,2026-08-05,20260805-d-s-15,セ,中日,ヤクルト,ホーム,バンテリンドーム,31635110,涌井 秀章,21125150,石伊 雄太,4,1,勝,勝,18,6,1,1,76,2,0,3,1,0,終了,2026-08-05
2026,2026-08-05,20260805-db-t-15,セ,DeNA,阪神,ホーム,横浜,51155136,東 克樹,21825157,松尾 汐恩,11,7,勝,勝,21,7,3,3,96,7,0,6,1,0,終了,2026-08-05
2026,2026-08-05,20260805-db-t-15,セ,阪神,DeNA,ビジター,横浜,91095136,髙橋 遥人,61065137,伏見 寅威,7,11,敗,敗,12,4,6,4,64,5,0,2,0,0,終了,2026-08-05
2026,2026-08-05,20260805-h-f-16,パ,ソフトバンク,日本ハム,ホーム,みずほPayPay,01305157,大津 亮介,81385151,海野 隆司,7,5,勝,勝敗なし,15,5,2,2,67,4,0,5,0,0,終了,2026-08-05
2026,2026-08-05,20260805-h-f-16,パ,日本ハム,ソフトバンク,ビジター,みずほPayPay,51755155,北山 亘基,11015159,進藤 勇也,5,7,敗,勝敗なし,6,2,5,3,52,6,1,2,0,0,終了,2026-08-05
2026,2026-08-05,20260805-m-l-16,パ,ロッテ,西武,ホーム,ZOZOマリン,73175152,毛利 海大,53155155,松川 虎生,8,0,勝,勝,18,6,0,0,86,3,2,5,1,0,終了,2026-08-05
2026,2026-08-05,20260805-m-l-16,パ,西武,ロッテ,ビジター,ZOZOマリン,31035150,佐藤 爽,41745152,小島 大河,0,8,敗,敗,19,6.1,7,7,92,8,2,3,0,0,終了,2026-08-05
2026,2026-08-06,20260806-b-e-15,パ,オリックス,楽天,ホーム,京セラD大阪,41045136,田嶋 大樹,81185139,石川 亮,1,3,敗,敗,15,5,3,3,72,3,1,3,0,0,終了,2026-08-06
2026,2026-08-06,20260806-b-e-15,パ,楽天,オリックス,ビジター,京セラD大阪,91795114,岸 孝之,11815132,堀内 謙伍,3,1,勝,勝,21,7,1,1,102,2,1,3,1,1,終了,2026-08-06
2026,2026-08-06,20260806-c-g-14,セ,巨人,広島,ビジター,マツダスタジアム,33135159,又木 鉄平,21325136,大城 卓三,11,7,勝,勝敗なし,11,3.2,4,4,72,8,0,2,0,0,終了,2026-08-06
2026,2026-08-06,20260806-c-g-14,セ,広島,巨人,ホーム,マツダスタジアム,91595150,岡本 駿,81885151,持丸 泰輝,7,11,敗,勝敗なし,12,4,4,4,55,8,0,3,0,0,終了,2026-08-06
2026,2026-08-06,20260806-d-s-16,セ,ヤクルト,中日,ビジター,バンテリンドーム,01805152,増居 翔太,01705134,古賀 優大,0,5,敗,勝敗なし,18,6,0,0,87,2,3,2,1,0,終了,2026-08-06
2026,2026-08-06,20260806-d-s-16,セ,中日,ヤクルト,ホーム,バンテリンドーム,61565150,金丸 夢斗,21125150,石伊 雄太,5,0,勝,勝敗なし,21,7,0,0,116,6,2,5,1,1,終了,2026-08-06
2026,2026-08-06,20260806-db-t-16,セ,DeNA,阪神,ホーム,横浜,13015152,ビド,21825157,松尾 汐恩,5,10,敗,敗,6,2,8,8,67,6,5,2,0,0,終了,2026-08-06
2026,2026-08-06,20260806-db-t-16,セ,阪神,DeNA,ビジター,横浜,41345136,大竹 耕太郎,11915132,坂本 誠志郎,10,5,勝,勝,18,6,3,3,76,4,1,1,1,0,終了,2026-08-06
2026,2026-08-06,20260806-h-f-17,パ,ソフトバンク,日本ハム,ホーム,みずほPayPay,53755138,スチュワート・ジュニア,23125136,山本 祐大,2,6,敗,勝敗なし,18,6,2,2,96,5,1,7,1,0,終了,2026-08-06
2026,2026-08-06,20260806-h-f-17,パ,日本ハム,ソフトバンク,ビジター,みずほPayPay,61865159,細野 晴希,11015159,進藤 勇也,6,2,勝,勝敗なし,18,6,2,2,103,6,2,7,1,0,終了,2026-08-06
2026,2026-08-07,20260807-db-c-16,セ,DeNA,広島,ホーム,横浜,01905139,平良 拳太郎,21825157,松尾 汐恩,2,1,勝,勝,21,7,1,1,99,5,2,3,1,1,終了,2026-08-07
2026,2026-08-07,20260807-db-c-16,セ,広島,DeNA,ビジター,横浜,53155151,森下 暢仁,21125151,石原 貴規,1,2,敗,敗,21,7,2,2,112,5,1,7,1,1,終了,2026-08-07
2026,2026-08-07,20260807-f-e-17,パ,楽天,日本ハム,ビジター,エスコンＦ,73375152,ウレーニャ,71375138,太田 光,2,3,敗,勝敗なし,15,5,0,0,72,5,0,5,0,0,終了,2026-08-07
2026,2026-08-07,20260807-f-e-17,パ,日本ハム,楽天,ホーム,エスコンＦ,01205155,達 孝太,51055138,田宮 裕涼,3,2,勝,勝敗なし,21,7,2,2,109,6,1,7,1,1,終了,2026-08-07
2026,2026-08-07,20260807-g-s-17,セ,ヤクルト,巨人,ビジター,東京ドーム,31735151,奥川 恭伸,01705134,古賀 優大,1,0,勝,勝,27,9,0,0,115,2,2,7,1,1,終了,2026-08-07
2026,2026-08-07,20260807-g-s-17,セ,巨人,ヤクルト,ホーム,東京ドーム,23725150,ハワード,21325136,大城 卓三,0,1,敗,敗,21,7,1,1,109,9,1,8,1,1,終了,2026-08-07
2026,2026-08-07,20260807-l-h-18,パ,ソフトバンク,西武,ビジター,ベルーナドーム,41845157,松本 晴,23125136,山本 祐大,5,2,勝,勝,21,7,1,1,103,3,2,10,1,1,終了,2026-08-07
2026,2026-08-07,20260807-l-h-18,パ,西武,ソフトバンク,ホーム,ベルーナドーム,71075130,髙橋 光成,61265151,柘植 世那,2,5,敗,勝敗なし,18,6,1,1,98,4,2,6,1,0,終了,2026-08-07
2026,2026-08-07,20260807-m-b-18,パ,オリックス,ロッテ,ビジター,ZOZOマリン,61465150,寺西 成騎,41645139,若月 健矢,6,2,勝,勝,18,6,2,2,102,6,1,6,1,0,終了,2026-08-07
2026,2026-08-07,20260807-m-b-18,パ,ロッテ,オリックス,ホーム,ZOZOマリン,81685150,廣池 康志郎,53155155,松川 虎生,2,6,敗,敗,18,6,5,5,98,8,2,1,0,0,終了,2026-08-07
2026,2026-08-07,20260807-t-d-17,セ,阪神,中日,ホーム,京セラD大阪,41745134,才木 浩人,21325139,梅野 隆太郎,2,3,敗,勝敗なし,24,8,0,0,114,2,1,8,1,1,終了,2026-08-07
2026,2026-08-07,20260807-t-d-17,セ,中日,阪神,ビジター,京セラD大阪,61265153,髙橋 宏斗,21125150,石伊 雄太,3,2,勝,勝敗なし,15,5,2,2,80,3,0,9,0,0,終了,2026-08-07
2026,2026-08-08,20260808-db-c-17,セ,DeNA,広島,ホーム,横浜,41045150,篠木 健太郎,41245132,戸柱 恭孝,4,3,勝,勝敗なし,15,5,2,2,89,4,3,2,0,0,終了,2026-08-08
2026,2026-08-08,20260808-db-c-17,セ,広島,DeNA,ビジター,横浜,61765157,斉藤 優汰,21125151,石原 貴規,3,4,敗,勝敗なし,15,5,2,2,85,5,2,4,0,0,終了,2026-08-08
2026,2026-08-08,20260808-f-e-18,パ,楽天,日本ハム,ビジター,エスコンＦ,31835153,早川 隆久,71375138,太田 光,6,0,勝,勝,24,8,0,0,106,6,0,7,1,1,終了,2026-08-08
2026,2026-08-08,20260808-f-e-18,パ,日本ハム,楽天,ホーム,エスコンＦ,41545132,加藤 貴之,51055138,田宮 裕涼,0,6,敗,敗,19,6.1,4,2,105,8,1,4,1,0,終了,2026-08-08
2026,2026-08-08,20260808-g-s-18,セ,ヤクルト,巨人,ビジター,東京ドーム,51055132,高橋 奎二,01705134,古賀 優大,2,8,敗,敗,6,2,6,6,55,7,3,2,0,0,終了,2026-08-08
2026,2026-08-08,20260808-g-s-18,セ,巨人,ヤクルト,ホーム,東京ドーム,71275152,竹丸 和幸,91595136,岸田 行倫,8,2,勝,勝,18,6,1,0,106,5,1,6,1,0,終了,2026-08-08
2026,2026-08-08,20260808-l-h-19,パ,ソフトバンク,西武,ビジター,ベルーナドーム,81585138,上茶谷 大河,93195138,渡邉 陸,1,2,敗,勝敗なし,21,7,0,0,103,5,0,7,1,1,終了,2026-08-08
2026,2026-08-08,20260808-l-h-19,パ,西武,ソフトバンク,ホーム,ベルーナドーム,21025155,隅田 知一郎,41745152,小島 大河,2,1,勝,勝敗なし,21,7,1,1,108,6,2,5,1,1,終了,2026-08-08
2026,2026-08-08,20260808-m-b-19,パ,オリックス,ロッテ,ビジター,ZOZOマリン,81985157,曽谷 龍平,11815155,福永 奨,1,4,敗,敗,15,5,4,4,86,5,0,7,0,0,終了,2026-08-08
2026,2026-08-08,20260808-m-b-19,パ,ロッテ,オリックス,ホーム,ZOZOマリン,43745159,ジャクソン,71075151,佐藤 都志也,4,1,勝,勝,21,7,0,0,111,4,2,3,1,1,終了,2026-08-08
2026,2026-08-08,20260808-t-d-18,セ,阪神,中日,ホーム,京セラD大阪,71375150,伊原 陵人,11915132,坂本 誠志郎,1,7,敗,敗,13,4.1,5,1,77,7,1,3,0,0,終了,2026-08-08
2026,2026-08-08,20260808-t-d-18,セ,中日,阪神,ビジター,京セラD大阪,13915150,マラー,41545130,加藤 匠馬,7,1,勝,勝,21,7,1,0,92,7,1,6,1,1,終了,2026-08-08
2026,2026-08-09,20260809-db-c-18,セ,DeNA,広島,ホーム,横浜,61565152,片山 皓心,21825157,松尾 汐恩,3,0,勝,勝,18,6,0,0,91,3,2,5,1,0,終了,2026-08-10
2026,2026-08-09,20260809-db-c-18,セ,広島,DeNA,ビジター,横浜,61065151,鈴木 健矢,21125151,石原 貴規,0,3,敗,敗,18,6,1,1,75,2,2,3,1,0,終了,2026-08-10
2026,2026-08-09,20260809-f-e-19,パ,楽天,日本ハム,ビジター,エスコンＦ,21725159,古謝 樹,11815132,堀内 謙伍,0,1,敗,敗,24,8,1,1,86,2,0,6,1,1,終了,2026-08-10
2026,2026-08-09,20260809-f-e-19,パ,日本ハム,楽天,ホーム,エスコンＦ,51155130,有原 航平,11015159,進藤 勇也,1,0,勝,勝,27,9,0,0,118,6,0,11,1,1,終了,2026-08-10
2026,2026-08-09,20260809-g-s-19,セ,ヤクルト,巨人,ビジター,東京ドーム,03105159,松本 健吾,01005159,鈴木 叶,3,7,敗,敗,16,5.1,5,5,98,7,2,1,0,0,終了,2026-08-10
2026,2026-08-09,20260809-g-s-19,セ,巨人,ヤクルト,ホーム,東京ドーム,71575132,小笠原 慎之介,21325136,大城 卓三,7,3,勝,勝,18,6,3,3,94,6,1,4,1,0,終了,2026-08-10
2026,2026-08-09,20260809-l-h-20,パ,ソフトバンク,西武,ビジター,ベルーナドーム,13115159,前田 悠伍,23125136,山本 祐大,5,0,勝,勝,21,7,0,0,102,4,0,6,1,1,終了,2026-08-10
2026,2026-08-09,20260809-l-h-20,パ,西武,ソフトバンク,ホーム,ベルーナドーム,51255159,武内 夏暉,81785155,古賀 悠斗,0,5,敗,敗,19,6.1,4,3,106,11,0,5,1,0,終了,2026-08-10
2026,2026-08-09,20260809-m-b-20,パ,オリックス,ロッテ,ビジター,ZOZOマリン,03505152,ジェリー,41645139,若月 健矢,2,7,敗,敗,18,6,4,3,85,6,1,7,1,0,終了,2026-08-10
2026,2026-08-09,20260809-m-b-20,パ,ロッテ,オリックス,ホーム,ZOZOマリン,93095152,ルケーシー,71075151,佐藤 都志也,7,2,勝,勝敗なし,12,4,2,2,71,2,2,4,0,0,終了,2026-08-10
2026,2026-08-09,20260809-t-d-19,セ,阪神,中日,ホーム,京セラD大阪,71375153,伊藤 将司,11915132,坂本 誠志郎,1,0,勝,勝敗なし,15,5,0,0,97,6,2,3,0,0,終了,2026-08-10
2026,2026-08-09,20260809-t-d-19,セ,中日,阪神,ビジター,京セラD大阪,63165134,柳 裕也,21125150,石伊 雄太,0,1,敗,敗,18,6,1,1,91,2,1,4,1,0,終了,2026-08-10
2026,2026-08-11,20260811-d-db-18,セ,DeNA,中日,ビジター,バンテリンドーム,61365136,尾形 崇斗,21825157,松尾 汐恩,2,5,敗,敗,7,2.1,4,4,84,6,3,2,0,0,終了,2026-08-11
2026,2026-08-11,20260811-d-db-18,セ,中日,DeNA,ホーム,バンテリンドーム,11515133,大野 雄大,21125150,石伊 雄太,5,2,勝,勝,18,6,2,2,92,6,3,1,1,0,終了,2026-08-11
2026,2026-08-11,20260811-e-b-16,パ,オリックス,楽天,ビジター,楽天モバイル,71775139,九里 亜蓮,41645139,若月 健矢,9,1,勝,勝,21,7,1,1,120,5,1,5,1,1,終了,2026-08-12
2026,2026-08-11,20260811-e-b-16,パ,楽天,オリックス,ホーム,楽天モバイル,21925157,荘司 康誠,71375138,太田 光,1,9,敗,敗,21,7,2,2,101,6,2,5,1,1,終了,2026-08-12
2026,2026-08-11,20260811-f-l-18,パ,西武,日本ハム,ビジター,エスコンＦ,31035136,平良 海馬,41745152,小島 大河,1,0,勝,勝,21,7,0,0,106,2,2,5,1,1,終了,2026-08-11
2026,2026-08-11,20260811-f-l-18,パ,日本ハム,西武,ホーム,エスコンＦ,51355153,伊藤 大海,51055138,田宮 裕涼,0,1,敗,敗,22,7.1,1,0,124,3,4,10,1,1,終了,2026-08-11
2026,2026-08-11,20260811-g-t-18,セ,巨人,阪神,ホーム,東京ドーム,03305153,山﨑 伊織,91595136,岸田 行倫,1,9,敗,敗,16,5.1,6,6,119,8,2,8,0,0,終了,2026-08-11
2026,2026-08-11,20260811-g-t-18,セ,阪神,巨人,ビジター,東京ドーム,13315153,村上 頌樹,11915132,坂本 誠志郎,9,1,勝,勝,24,8,1,1,118,3,4,7,1,1,終了,2026-08-11
2026,2026-08-11,20260811-h-m-15,パ,ソフトバンク,ロッテ,ホーム,みずほPayPay,63965134,モイネロ,81385151,海野 隆司,16,2,勝,勝,18,6,0,0,90,4,0,5,1,0,終了,2026-08-12
2026,2026-08-11,20260811-h-m-15,パ,ロッテ,ソフトバンク,ビジター,みずほPayPay,61765153,河村 説人,71075151,佐藤 都志也,2,16,敗,敗,12,4,7,7,61,8,0,1,0,0,終了,2026-08-12
2026,2026-08-12,20260812-d-db-19,セ,DeNA,中日,ビジター,バンテリンドーム,51155136,東 克樹,41245132,戸柱 恭孝,6,3,勝,勝,24,8,1,1,99,3,0,4,1,1,終了,2026-08-12
2026,2026-08-12,20260812-d-db-19,セ,中日,DeNA,ホーム,バンテリンドーム,31635110,涌井 秀章,21125150,石伊 雄太,3,6,敗,敗,15,5,3,3,91,6,0,2,0,0,終了,2026-08-12
2026,2026-08-12,20260812-e-b-17,パ,オリックス,楽天,ビジター,楽天モバイル,43545159,エスピノーザ,41645139,若月 健矢,2,7,敗,敗,15,5,5,5,75,7,1,6,0,0,終了,2026-08-12
2026,2026-08-12,20260812-e-b-17,パ,楽天,オリックス,ホーム,楽天モバイル,51655114,前田 健太,71375138,太田 光,7,2,勝,勝,21,7,2,2,103,7,1,4,1,1,終了,2026-08-12
2026,2026-08-12,20260812-f-l-19,パ,西武,日本ハム,ビジター,エスコンＦ,53155138,渡邉 勇太朗,41745152,小島 大河,5,2,勝,勝,21,7,2,2,92,4,1,4,1,1,終了,2026-08-12
2026,2026-08-12,20260812-f-l-19,パ,日本ハム,西武,ホーム,エスコンＦ,51755155,北山 亘基,11015159,進藤 勇也,2,5,敗,勝敗なし,18,6,0,0,111,6,1,7,1,0,終了,2026-08-12
2026,2026-08-12,20260812-g-t-19,セ,巨人,阪神,ホーム,東京ドーム,51355151,井上 温大,91595136,岸田 行倫,1,5,敗,敗,15,5,4,4,107,8,3,4,0,0,終了,2026-08-12
2026,2026-08-12,20260812-g-t-19,セ,阪神,巨人,ビジター,東京ドーム,91095136,髙橋 遥人,61065137,伏見 寅威,5,1,勝,勝,18,6,1,1,90,5,1,6,1,0,終了,2026-08-12
2026,2026-08-12,20260812-h-m-16,パ,ソフトバンク,ロッテ,ホーム,みずほPayPay,51355135,上沢 直之,23125136,山本 祐大,10,4,勝,勝,15,5,4,4,76,6,1,3,0,0,終了,2026-08-12
2026,2026-08-12,20260812-h-m-16,パ,ロッテ,ソフトバンク,ビジター,みずほPayPay,03905152,ロング,71075151,佐藤 都志也,4,10,敗,敗,9,3,4,4,68,5,5,3,0,0,終了,2026-08-12
2026,2026-08-12,20260812-s-c-18,セ,ヤクルト,広島,ホーム,神宮,63365153,山野 太一,01005159,鈴木 叶,12,0,勝,勝,18,6,0,0,89,6,1,4,1,0,終了,2026-08-12
2026,2026-08-12,20260812-s-c-18,セ,広島,ヤクルト,ビジター,神宮,91995153,栗林 良吏,81885151,持丸 泰輝,0,12,敗,敗,12,4,7,7,93,11,2,3,0,0,終了,2026-08-12
2026,2026-08-13,20260813-d-db-20,セ,DeNA,中日,ビジター,バンテリンドーム,61665155,深沢 鳳介,91895155,古市 尊,5,1,勝,勝,18,6,1,1,94,3,2,7,1,0,終了,2026-08-13
2026,2026-08-13,20260813-d-db-20,セ,中日,DeNA,ホーム,バンテリンドーム,61565150,金丸 夢斗,31735132,木下 拓哉,1,5,敗,敗,18,6,4,4,97,5,1,5,0,0,終了,2026-08-13
2026,2026-08-13,20260813-e-b-18,パ,オリックス,楽天,ビジター,楽天モバイル,41045136,田嶋 大樹,81185139,石川 亮,8,2,勝,勝敗なし,9,3,2,2,82,3,3,5,0,0,終了,2026-08-13
2026,2026-08-13,20260813-e-b-18,パ,楽天,オリックス,ホーム,楽天モバイル,31235151,瀧中 瞭太,11815132,堀内 謙伍,2,8,敗,敗,15,5,5,5,78,8,2,4,0,0,終了,2026-08-13
2026,2026-08-13,20260813-f-l-20,パ,西武,日本ハム,ビジター,エスコンＦ,23925152,ワイナンス,81785155,古賀 悠斗,2,8,敗,敗,14,4.2,8,7,84,6,1,6,0,0,終了,2026-08-13
2026,2026-08-13,20260813-f-l-20,パ,日本ハム,西武,ホーム,エスコンＦ,21825130,山﨑 福也,21925151,郡司 裕也,8,2,勝,勝,15,5,2,2,64,6,2,0,0,0,終了,2026-08-13
2026,2026-08-13,20260813-g-t-20,セ,巨人,阪神,ホーム,東京ドーム,31635159,西舘 勇陽,21325136,大城 卓三,2,3,敗,敗,16,5.1,3,3,98,4,4,8,0,0,終了,2026-08-13
2026,2026-08-13,20260813-g-t-20,セ,阪神,巨人,ビジター,東京ドーム,61965159,下村 海翔,11915132,坂本 誠志郎,3,2,勝,勝,15,5,2,2,94,4,1,6,0,0,終了,2026-08-13
2026,2026-08-13,20260813-h-m-17,パ,ソフトバンク,ロッテ,ホーム,みずほPayPay,53755138,スチュワート・ジュニア,23125136,山本 祐大,3,4,敗,敗,4,1.1,2,2,43,5,2,2,0,0,終了,2026-08-13
2026,2026-08-13,20260813-h-m-17,パ,ロッテ,ソフトバンク,ビジター,みずほPayPay,01005157,田中 晴也,53155155,松川 虎生,4,3,勝,勝,18,6,2,2,92,4,4,8,1,0,終了,2026-08-13
2026,2026-08-14,20260814-b-f-19,パ,オリックス,日本ハム,ホーム,京セラD大阪,61065159,髙島 泰都,41645139,若月 健矢,6,2,勝,勝敗なし,19,6.1,2,2,89,6,1,4,1,0,終了,2026-08-15
2026,2026-08-14,20260814-b-f-19,パ,日本ハム,オリックス,ビジター,京セラD大阪,01205155,達 孝太,11015159,進藤 勇也,2,6,敗,勝敗なし,21,7,2,2,102,4,0,8,1,1,終了,2026-08-15
2026,2026-08-14,20260814-c-t-16,セ,広島,阪神,ホーム,マツダスタジアム,53155151,森下 暢仁,21125151,石原 貴規,6,1,勝,勝,24,8,1,1,113,5,2,5,1,1,終了,2026-08-15
2026,2026-08-14,20260814-c-t-16,セ,阪神,広島,ビジター,マツダスタジアム,41745134,才木 浩人,21325139,梅野 隆太郎,1,6,敗,敗,12,4,3,3,54,6,0,3,0,0,終了,2026-08-15
2026,2026-08-14,20260814-d-g-18,セ,巨人,中日,ビジター,バンテリンドーム,23725150,ハワード,21325136,大城 卓三,1,0,勝,勝,18,6,0,0,81,2,1,8,1,0,終了,2026-08-15
2026,2026-08-14,20260814-d-g-18,セ,中日,巨人,ホーム,バンテリンドーム,61265153,髙橋 宏斗,21125150,石伊 雄太,0,1,敗,敗,21,7,1,1,112,4,2,8,1,1,終了,2026-08-15
2026,2026-08-14,20260814-h-e-18,パ,ソフトバンク,楽天,ホーム,みずほPayPay,01305157,大津 亮介,23125136,山本 祐大,2,5,敗,敗,21,7,4,4,112,6,2,7,0,0,終了,2026-08-15
2026,2026-08-14,20260814-h-e-18,パ,楽天,ソフトバンク,ビジター,みずほPayPay,71875153,藤井 聖,71375138,太田 光,5,2,勝,勝,17,5.2,2,1,84,5,1,2,0,0,終了,2026-08-15
2026,2026-08-14,20260814-l-m-17,パ,ロッテ,西武,ビジター,ベルーナドーム,11515138,小島 和哉,53155155,松川 虎生,0,7,敗,敗,18,6,4,2,93,7,2,2,1,0,終了,2026-08-15
2026,2026-08-14,20260814-l-m-17,パ,西武,ロッテ,ホーム,ベルーナドーム,23125153,豆田 泰志,41745152,小島 大河,7,0,勝,勝敗なし,9,3,0,0,46,2,0,5,0,0,終了,2026-08-15
2026,2026-08-14,20260814-s-db-17,セ,DeNA,ヤクルト,ビジター,神宮,01905139,平良 拳太郎,41245132,戸柱 恭孝,2,7,敗,敗,16,5.1,4,4,93,7,1,5,0,0,終了,2026-08-15
2026,2026-08-14,20260814-s-db-17,セ,ヤクルト,DeNA,ホーム,神宮,31735151,奥川 恭伸,01705134,古賀 優大,7,2,勝,勝,20,6.2,2,2,110,4,1,9,1,0,終了,2026-08-15
2026,2026-08-15,20260815-b-f-20,パ,オリックス,日本ハム,ホーム,京セラD大阪,61465150,寺西 成騎,41645139,若月 健矢,4,12,敗,敗,15,5,2,2,93,4,3,3,0,0,終了,2026-08-15
2026,2026-08-15,20260815-b-f-20,パ,日本ハム,オリックス,ビジター,京セラD大阪,41545132,加藤 貴之,21925151,郡司 裕也,12,4,勝,勝,17,5.2,2,2,78,7,0,1,0,0,終了,2026-08-15
2026,2026-08-15,20260815-c-t-17,セ,広島,阪神,ホーム,マツダスタジアム,61765157,斉藤 優汰,21125151,石原 貴規,5,2,勝,勝,15,5,2,2,76,3,0,4,0,0,終了,2026-08-15
2026,2026-08-15,20260815-c-t-17,セ,阪神,広島,ビジター,マツダスタジアム,41345136,大竹 耕太郎,11915132,坂本 誠志郎,2,5,敗,敗,12,4,3,3,63,5,2,0,0,0,終了,2026-08-15
2026,2026-08-15,20260815-d-g-19,セ,巨人,中日,ビジター,バンテリンドーム,71275152,竹丸 和幸,21325136,大城 卓三,2,11,敗,敗,9,3,8,8,81,9,1,3,0,0,終了,2026-08-15
2026,2026-08-15,20260815-d-g-19,セ,中日,巨人,ホーム,バンテリンドーム,13915150,マラー,41545130,加藤 匠馬,11,2,勝,勝,21,7,0,0,104,3,2,5,1,1,終了,2026-08-15
2026,2026-08-15,20260815-h-e-19,パ,ソフトバンク,楽天,ホーム,みずほPayPay,81585138,上茶谷 大河,93195138,渡邉 陸,4,6,敗,敗,21,7,6,6,93,7,1,3,0,0,終了,2026-08-15
2026,2026-08-15,20260815-h-e-19,パ,楽天,ソフトバンク,ビジター,みずほPayPay,31835153,早川 隆久,71375138,太田 光,6,4,勝,勝,21,7,2,2,110,6,2,5,1,1,終了,2026-08-15
2026,2026-08-15,20260815-l-m-18,パ,ロッテ,西武,ビジター,ベルーナドーム,43745159,ジャクソン,71075151,佐藤 都志也,5,1,勝,勝敗なし,20,6.2,1,1,115,5,4,8,1,0,終了,2026-08-15
2026,2026-08-15,20260815-l-m-18,パ,西武,ロッテ,ホーム,ベルーナドーム,21025155,隅田 知一郎,41745152,小島 大河,1,5,敗,勝敗なし,21,7,1,1,92,5,1,6,1,1,終了,2026-08-15
2026,2026-08-15,20260815-s-db-18,セ,DeNA,ヤクルト,ビジター,神宮,41045150,篠木 健太郎,91895155,古市 尊,3,4,敗,勝敗なし,13,4.1,3,3,97,6,2,1,0,0,終了,2026-08-15
2026,2026-08-15,20260815-s-db-18,セ,ヤクルト,DeNA,ホーム,神宮,01805152,増居 翔太,01705134,古賀 優大,4,3,勝,勝敗なし,18,6,3,3,88,3,1,3,1,0,終了,2026-08-15
2026,2026-08-16,20260816-b-f-21,パ,オリックス,日本ハム,ホーム,京セラD大阪,81985157,曽谷 龍平,81185139,石川 亮,7,13,敗,敗,11,3.2,5,5,88,6,2,5,0,0,終了,2026-08-17
2026,2026-08-16,20260816-b-f-21,パ,日本ハム,オリックス,ビジター,京セラD大阪,51155130,有原 航平,11015159,進藤 勇也,13,7,勝,勝,18,6,2,2,73,4,1,1,1,0,終了,2026-08-17
2026,2026-08-16,20260816-c-t-18,セ,広島,阪神,ホーム,マツダスタジアム,93395155,森 翔平,21125151,石原 貴規,1,8,敗,敗,18,6,4,4,101,7,2,4,0,0,終了,2026-08-16
2026,2026-08-16,20260816-c-t-18,セ,阪神,広島,ビジター,マツダスタジアム,71375150,伊原 陵人,11915132,坂本 誠志郎,8,1,勝,勝,15,5,1,1,84,2,1,4,0,0,終了,2026-08-16
2026,2026-08-16,20260816-d-g-20,セ,巨人,中日,ビジター,バンテリンドーム,71575132,小笠原 慎之介,21325136,大城 卓三,11,0,勝,勝,21,7,0,0,107,3,3,8,1,1,終了,2026-08-16
2026,2026-08-16,20260816-d-g-20,セ,中日,巨人,ホーム,バンテリンドーム,63165134,柳 裕也,21125150,石伊 雄太,0,11,敗,敗,21,7,1,1,120,4,2,6,1,1,終了,2026-08-16
2026,2026-08-16,20260816-h-e-20,パ,ソフトバンク,楽天,ホーム,みずほPayPay,41845157,松本 晴,23125136,山本 祐大,6,1,勝,勝,15,5,0,0,74,2,2,2,0,0,終了,2026-08-17
2026,2026-08-16,20260816-h-e-20,パ,楽天,ソフトバンク,ビジター,みずほPayPay,21725159,古謝 樹,11815132,堀内 謙伍,1,6,敗,敗,15,5,1,0,91,6,1,5,0,0,終了,2026-08-17
2026,2026-08-16,20260816-l-m-19,パ,ロッテ,西武,ビジター,ベルーナドーム,73175152,毛利 海大,53155155,松川 虎生,1,7,敗,敗,6,2,4,4,45,4,1,1,0,0,終了,2026-08-17
2026,2026-08-16,20260816-l-m-19,パ,西武,ロッテ,ホーム,ベルーナドーム,51255159,武内 夏暉,41745152,小島 大河,7,1,勝,勝,20,6.2,0,0,97,3,2,5,1,0,終了,2026-08-17
2026,2026-08-16,20260816-s-db-19,セ,DeNA,ヤクルト,ビジター,神宮,61565152,片山 皓心,41245132,戸柱 恭孝,1,2,敗,敗,16,5.1,2,1,95,5,2,4,0,0,終了,2026-08-16
2026,2026-08-16,20260816-s-db-19,セ,ヤクルト,DeNA,ホーム,神宮,03105159,松本 健吾,01005159,鈴木 叶,2,1,勝,勝,15,5,1,1,83,8,0,4,0,0,終了,2026-08-16
2026,2026-08-18,20260818-c-d-17,セ,広島,中日,ホーム,マツダスタジアム,11415134,床田 寛樹,81885151,持丸 泰輝,11,4,勝,勝敗なし,15,5,3,3,64,7,1,2,0,0,終了,2026-08-18
2026,2026-08-18,20260818-c-d-17,セ,中日,広島,ビジター,マツダスタジアム,11515133,大野 雄大,21125150,石伊 雄太,4,11,敗,勝敗なし,15,5,2,2,115,7,4,2,0,0,終了,2026-08-18
2026,2026-08-18,20260818-db-g-17,セ,DeNA,巨人,ホーム,横浜,61365136,尾形 崇斗,41245132,戸柱 恭孝,4,3,勝,勝敗なし,21,7,2,1,87,4,1,7,1,1,終了,2026-08-18
2026,2026-08-18,20260818-db-g-17,セ,巨人,DeNA,ビジター,横浜,03305153,山﨑 伊織,21325136,大城 卓三,3,4,敗,勝敗なし,18,6,3,3,97,5,4,4,1,0,終了,2026-08-18
2026,2026-08-18,20260818-e-m-15,パ,ロッテ,楽天,ビジター,楽天モバイル,83385157,吉川 悠斗,71075151,佐藤 都志也,2,6,敗,敗,15,5,3,3,90,6,2,5,0,0,終了,2026-08-18
2026,2026-08-18,20260818-e-m-15,パ,楽天,ロッテ,ホーム,楽天モバイル,21925157,荘司 康誠,71375138,太田 光,6,2,勝,勝,18,6,2,2,77,3,0,6,1,0,終了,2026-08-18
2026,2026-08-18,20260818-f-h-18,パ,ソフトバンク,日本ハム,ビジター,エスコンＦ,63965134,モイネロ,81385151,海野 隆司,7,1,勝,勝,18,6,1,1,98,2,1,7,1,0,終了,2026-08-18
2026,2026-08-18,20260818-f-h-18,パ,日本ハム,ソフトバンク,ホーム,エスコンＦ,51355153,伊藤 大海,51055138,田宮 裕涼,1,7,敗,敗,9,3,5,4,65,7,1,3,0,0,終了,2026-08-18
2026,2026-08-18,20260818-l-b-18,パ,オリックス,西武,ビジター,東京ドーム,71775139,九里 亜蓮,41645139,若月 健矢,4,7,敗,敗,10,3.1,6,3,88,4,3,2,0,0,終了,2026-08-18
2026,2026-08-18,20260818-l-b-18,パ,西武,オリックス,ホーム,東京ドーム,31035136,平良 海馬,41745152,小島 大河,7,4,勝,勝,21,7,2,2,101,7,2,4,1,1,終了,2026-08-18
2026,2026-08-18,20260818-t-s-16,セ,ヤクルト,阪神,ビジター,京セラD大阪,53555157,吉村 貢司郎,01705134,古賀 優大,2,3,敗,勝敗なし,21,7,1,1,106,5,1,7,1,1,終了,2026-08-18
2026,2026-08-18,20260818-t-s-16,セ,阪神,ヤクルト,ホーム,京セラD大阪,13315153,村上 頌樹,11915132,坂本 誠志郎,3,2,勝,勝敗なし,18,6,2,2,97,7,2,3,1,0,終了,2026-08-18
2026,2026-08-19,20260819-c-d-18,セ,広島,中日,ホーム,マツダスタジアム,61065151,鈴木 健矢,81885151,持丸 泰輝,4,1,勝,勝,15,5,1,1,76,5,1,3,0,0,終了,2026-08-20
2026,2026-08-19,20260819-c-d-18,セ,中日,広島,ビジター,マツダスタジアム,21925152,櫻井 頼之介,41545130,加藤 匠馬,1,4,敗,敗,15,5,4,4,97,6,4,2,0,0,終了,2026-08-20
2026,2026-08-19,20260819-db-g-18,セ,DeNA,巨人,ホーム,横浜,51155136,東 克樹,91895155,古市 尊,1,0,勝,勝,21,7,0,0,97,5,0,5,1,1,終了,2026-08-20
2026,2026-08-19,20260819-db-g-18,セ,巨人,DeNA,ビジター,横浜,51355151,井上 温大,21325136,大城 卓三,0,1,敗,敗,21,7,1,1,109,5,1,8,1,1,終了,2026-08-20
2026,2026-08-19,20260819-e-m-16,パ,ロッテ,楽天,ビジター,楽天モバイル,03905152,ロング,53155155,松川 虎生,2,5,敗,敗,9,3,3,3,63,8,1,3,0,0,終了,2026-08-20
2026,2026-08-19,20260819-e-m-16,パ,楽天,ロッテ,ホーム,楽天モバイル,91795114,岸 孝之,11815132,堀内 謙伍,5,2,勝,勝,18,6,0,0,98,7,1,5,1,0,終了,2026-08-20
2026,2026-08-19,20260819-f-h-19,パ,ソフトバンク,日本ハム,ビジター,エスコンＦ,51355135,上沢 直之,23125136,山本 祐大,7,8,敗,勝敗なし,18,6,3,3,109,6,1,5,1,0,終了,2026-08-20
2026,2026-08-19,20260819-f-h-19,パ,日本ハム,ソフトバンク,ホーム,エスコンＦ,61865159,細野 晴希,11015159,進藤 勇也,8,7,勝,勝敗なし,13,4.1,6,6,91,9,2,2,0,0,終了,2026-08-20
2026,2026-08-19,20260819-l-b-19,パ,オリックス,西武,ビジター,ベルーナドーム,03505152,ジェリー,41645139,若月 健矢,2,3,敗,勝敗なし,21,7,1,1,92,5,1,3,1,1,終了,2026-08-20
2026,2026-08-19,20260819-l-b-19,パ,西武,オリックス,ホーム,ベルーナドーム,53155138,渡邉 勇太朗,81785155,古賀 悠斗,3,2,勝,勝敗なし,15,5,0,0,69,2,2,5,0,0,終了,2026-08-20
2026,2026-08-19,20260819-t-s-17,セ,ヤクルト,阪神,ビジター,京セラD大阪,63365153,山野 太一,01005159,鈴木 叶,1,2,敗,勝敗なし,24,8,0,0,114,5,1,11,1,1,終了,2026-08-20
2026,2026-08-19,20260819-t-s-17,セ,阪神,ヤクルト,ホーム,京セラD大阪,71375153,伊藤 将司,11915132,坂本 誠志郎,2,1,勝,勝敗なし,18,6,0,0,92,4,2,7,1,0,終了,2026-08-20
2026,2026-08-20,20260820-c-d-19,セ,広島,中日,ホーム,マツダスタジアム,91995153,栗林 良吏,21125151,石原 貴規,2,1,勝,勝敗なし,24,8,1,1,97,5,1,6,1,1,終了,2026-08-20
2026,2026-08-20,20260820-c-d-19,セ,中日,広島,ビジター,マツダスタジアム,61565150,金丸 夢斗,21125150,石伊 雄太,1,2,敗,勝敗なし,21,7,1,1,107,4,1,7,1,1,終了,2026-08-20
2026,2026-08-20,20260820-db-g-19,セ,DeNA,巨人,ホーム,横浜,41045137,藤浪 晋太郎,21825157,松尾 汐恩,3,6,敗,敗,7,2.1,3,3,63,4,4,3,0,0,終了,2026-08-20
2026,2026-08-20,20260820-db-g-19,セ,巨人,DeNA,ビジター,横浜,53755152,マタ,21325136,大城 卓三,6,3,勝,勝,15,5,3,3,80,5,2,7,0,0,終了,2026-08-20
2026,2026-08-20,20260820-e-m-17,パ,ロッテ,楽天,ビジター,楽天モバイル,11515138,小島 和哉,71075151,佐藤 都志也,4,3,勝,勝,18,6,1,1,103,6,3,6,1,0,終了,2026-08-21
2026,2026-08-20,20260820-e-m-17,パ,楽天,ロッテ,ホーム,楽天モバイル,51655114,前田 健太,43345155,YG安田,3,4,敗,敗,18,6,2,1,113,7,2,5,1,0,終了,2026-08-21
2026,2026-08-20,20260820-f-h-20,パ,ソフトバンク,日本ハム,ビジター,エスコンＦ,13115159,前田 悠伍,23125136,山本 祐大,5,5,分,勝敗なし,15,5,3,3,98,7,1,5,0,0,終了,2026-08-21
2026,2026-08-20,20260820-f-h-20,パ,日本ハム,ソフトバンク,ホーム,エスコンＦ,21825130,山﨑 福也,21925151,郡司 裕也,5,5,分,勝敗なし,18,6,1,1,102,3,2,5,1,0,終了,2026-08-21
2026,2026-08-20,20260820-l-b-20,パ,オリックス,西武,ビジター,ベルーナドーム,43545159,エスピノーザ,41645139,若月 健矢,3,1,勝,勝,24,8,1,1,101,4,0,9,1,1,終了,2026-08-21
2026,2026-08-20,20260820-l-b-20,パ,西武,オリックス,ホーム,ベルーナドーム,91095159,杉山 遙希,41745152,小島 大河,1,3,敗,敗,15,5,2,1,73,5,1,4,0,0,終了,2026-08-21
2026,2026-08-20,20260820-t-s-18,セ,ヤクルト,阪神,ビジター,京セラD大阪,51055132,高橋 奎二,51855136,松本 直樹,4,1,勝,勝,18,6,1,1,108,8,1,5,1,0,終了,2026-08-20
2026,2026-08-20,20260820-t-s-18,セ,阪神,ヤクルト,ホーム,京セラD大阪,61965159,下村 海翔,11915132,坂本 誠志郎,1,4,敗,敗,17,5.2,4,4,101,6,1,5,0,0,終了,2026-08-20
2026,2026-08-21,20260821-d-s-17,セ,ヤクルト,中日,ビジター,バンテリンドーム,31735151,奥川 恭伸,01705134,古賀 優大,0,3,敗,敗,18,6,3,3,103,4,3,3,1,0,終了,2026-08-22
2026,2026-08-21,20260821-d-s-17,セ,中日,ヤクルト,ホーム,バンテリンドーム,61265153,髙橋 宏斗,21125150,石伊 雄太,3,0,勝,勝,21,7,0,0,123,4,2,7,1,1,終了,2026-08-22
2026,2026-08-21,20260821-db-t-17,セ,DeNA,阪神,ホーム,横浜,01905139,平良 拳太郎,41245132,戸柱 恭孝,1,4,敗,敗,18,6,2,2,99,4,0,10,1,0,終了,2026-08-22
2026,2026-08-21,20260821-db-t-17,セ,阪神,DeNA,ビジター,横浜,73975152,ルーカス,11915132,坂本 誠志郎,4,1,勝,勝,15,5,1,1,76,5,2,2,0,0,終了,2026-08-22
2026,2026-08-21,20260821-e-l-17,パ,楽天,西武,ホーム,楽天モバイル,31235151,瀧中 瞭太,11815132,堀内 謙伍,4,6,敗,勝敗なし,21,7,2,2,106,8,2,2,1,1,終了,2026-08-22
2026,2026-08-21,20260821-e-l-17,パ,西武,楽天,ビジター,楽天モバイル,71075130,髙橋 光成,61265151,柘植 世那,6,4,勝,勝敗なし,15,5,0,0,91,6,2,3,0,0,終了,2026-08-22
2026,2026-08-21,20260821-g-c-15,セ,巨人,広島,ホーム,東京ドーム,23725150,ハワード,21325136,大城 卓三,2,0,勝,勝,15,5,0,0,73,3,1,4,0,0,終了,2026-08-22
2026,2026-08-21,20260821-g-c-15,セ,広島,巨人,ビジター,東京ドーム,53155151,森下 暢仁,21125151,石原 貴規,0,2,敗,敗,24,8,2,1,125,6,2,6,1,1,終了,2026-08-22
2026,2026-08-21,20260821-m-f-17,パ,ロッテ,日本ハム,ホーム,ZOZOマリン,01005157,田中 晴也,53155155,松川 虎生,4,3,勝,勝敗なし,21,7,3,3,112,6,2,5,1,0,終了,2026-08-23
2026,2026-08-21,20260821-m-f-17,パ,日本ハム,ロッテ,ビジター,ZOZOマリン,51755155,北山 亘基,21925151,郡司 裕也,3,4,敗,勝敗なし,21,7,2,2,111,2,1,5,1,1,終了,2026-08-23
2026,2026-08-22,20260822-d-s-18,セ,ヤクルト,中日,ビジター,バンテリンドーム,01805152,増居 翔太,01705134,古賀 優大,4,5,敗,勝敗なし,21,7,3,3,89,3,3,5,1,0,終了,2026-08-23
2026,2026-08-22,20260822-d-s-18,セ,中日,ヤクルト,ホーム,バンテリンドーム,13915150,マラー,41545130,加藤 匠馬,5,4,勝,勝敗なし,21,7,2,2,99,7,1,5,1,1,終了,2026-08-23
2026,2026-08-22,20260822-e-l-18,パ,楽天,西武,ホーム,楽天モバイル,31835153,早川 隆久,71375138,太田 光,0,2,敗,勝敗なし,21,7,0,0,100,5,3,4,1,1,終了,2026-08-23
2026,2026-08-22,20260822-e-l-18,パ,西武,楽天,ビジター,楽天モバイル,21025155,隅田 知一郎,41745152,小島 大河,2,0,勝,勝,24,8,0,0,111,3,0,9,1,1,終了,2026-08-23
2026,2026-08-22,20260822-g-c-16,セ,巨人,広島,ホーム,東京ドーム,11015155,代木 大和,91595133,甲斐 拓也,5,0,勝,勝,15,5,0,0,76,4,2,4,0,0,終了,2026-08-23
2026,2026-08-22,20260822-g-c-16,セ,広島,巨人,ビジター,東京ドーム,41245151,玉村 昇悟,21125151,石原 貴規,0,5,敗,敗,16,5.1,3,3,87,4,2,3,0,0,終了,2026-08-23
2026,2026-08-22,20260822-h-b-16,パ,オリックス,ソフトバンク,ビジター,みずほPayPay,61065159,髙島 泰都,41645139,若月 健矢,1,7,敗,敗,13,4.1,6,6,100,10,4,2,0,0,終了,2026-08-23
2026,2026-08-22,20260822-h-b-16,パ,ソフトバンク,オリックス,ホーム,みずほPayPay,01305157,大津 亮介,23125136,山本 祐大,7,1,勝,勝,24,8,1,1,108,5,2,6,1,1,終了,2026-08-23
2026,2026-08-23,20260823-d-s-19,セ,ヤクルト,中日,ビジター,バンテリンドーム,03105159,松本 健吾,01005159,鈴木 叶,2,3,敗,敗,12,4,3,3,81,5,0,2,0,0,終了,2026-08-24
2026,2026-08-23,20260823-d-s-19,セ,中日,ヤクルト,ホーム,バンテリンドーム,63165134,柳 裕也,21125150,石伊 雄太,3,2,勝,勝,18,6,2,2,111,8,1,4,1,0,終了,2026-08-24
2026,2026-08-23,20260823-db-t-18,セ,DeNA,阪神,ホーム,横浜,21125159,石田 裕太郎,91895155,古市 尊,3,5,敗,勝敗なし,17,5.2,3,3,86,6,1,5,0,0,終了,2026-08-24
2026,2026-08-23,20260823-db-t-18,セ,阪神,DeNA,ビジター,横浜,91095136,髙橋 遥人,61065137,伏見 寅威,5,3,勝,勝敗なし,15,5,1,0,78,6,1,3,0,0,終了,2026-08-24
2026,2026-08-23,20260823-e-l-19,パ,楽天,西武,ホーム,楽天モバイル,21725159,古謝 樹,11815132,堀内 謙伍,1,3,敗,勝敗なし,15,5,1,1,98,5,4,3,0,0,終了,2026-08-24
2026,2026-08-23,20260823-e-l-19,パ,西武,楽天,ビジター,楽天モバイル,31035150,佐藤 爽,41745152,小島 大河,3,1,勝,勝敗なし,17,5.2,1,1,79,4,1,2,0,0,終了,2026-08-24
2026,2026-08-23,20260823-g-c-17,セ,巨人,広島,ホーム,東京ドーム,71575132,小笠原 慎之介,21325136,大城 卓三,2,3,敗,勝敗なし,18,6,2,2,98,7,1,2,1,0,終了,2026-08-24
2026,2026-08-23,20260823-g-c-17,セ,広島,巨人,ビジター,東京ドーム,93395155,森 翔平,81885151,持丸 泰輝,3,2,勝,勝敗なし,15,5,1,1,94,4,5,2,0,0,終了,2026-08-24
2026,2026-08-23,20260823-h-b-17,パ,オリックス,ソフトバンク,ビジター,みずほPayPay,81985157,曽谷 龍平,41645139,若月 健矢,3,0,勝,勝,21,7,0,0,103,2,2,8,1,1,終了,2026-08-24
2026,2026-08-23,20260823-h-b-17,パ,ソフトバンク,オリックス,ホーム,みずほPayPay,41845157,松本 晴,23125136,山本 祐大,0,3,敗,敗,21,7,1,1,94,5,2,4,1,1,終了,2026-08-24
2026,2026-08-23,20260823-m-f-18,パ,ロッテ,日本ハム,ホーム,ZOZOマリン,43745159,ジャクソン,71075151,佐藤 都志也,3,2,勝,勝,18,6,2,2,101,3,3,5,1,0,終了,2026-08-24
2026,2026-08-23,20260823-m-f-18,パ,日本ハム,ロッテ,ビジター,ZOZOマリン,51155130,有原 航平,11015159,進藤 勇也,2,3,敗,敗,18,6,3,3,92,8,1,3,1,0,終了,2026-08-24
2026,2026-08-25,20260825-b-e-19,パ,オリックス,楽天,ホーム,京セラD大阪,71775139,九里 亜蓮,41645139,若月 健矢,1,5,敗,敗,16,5.1,4,4,102,4,5,6,0,0,終了,2026-08-25
2026,2026-08-25,20260825-b-e-19,パ,楽天,オリックス,ビジター,京セラD大阪,31335152,伊藤 樹,11815132,堀内 謙伍,5,1,勝,勝,15,5,1,1,85,4,4,2,0,0,終了,2026-08-25
2026,2026-08-25,20260825-c-db-19,セ,DeNA,広島,ビジター,マツダスタジアム,61665155,深沢 鳳介,21825157,松尾 汐恩,7,8,敗,勝敗なし,13,4.1,5,5,94,7,1,3,0,0,終了,2026-08-25
2026,2026-08-25,20260825-c-db-19,セ,広島,DeNA,ホーム,マツダスタジアム,11415134,床田 寛樹,81885151,持丸 泰輝,8,7,勝,勝,15,5,6,5,83,8,4,3,0,0,終了,2026-08-25
2026,2026-08-25,20260825-d-t-20,セ,阪神,中日,ビジター,バンテリンドーム,71275118,西 勇輝,61065137,伏見 寅威,2,4,敗,敗,15,5,2,2,77,5,1,2,0,0,終了,2026-08-25
2026,2026-08-25,20260825-d-t-20,セ,中日,阪神,ホーム,バンテリンドーム,11515133,大野 雄大,21125150,石伊 雄太,4,2,勝,勝,21,7,1,1,111,5,3,5,1,1,終了,2026-08-25
2026,2026-08-25,20260825-l-f-21,パ,西武,日本ハム,ホーム,ベルーナドーム,31035136,平良 海馬,41745152,小島 大河,3,1,勝,勝,21,7,0,0,105,6,1,9,1,1,終了,2026-08-25
2026,2026-08-25,20260825-l-f-21,パ,日本ハム,西武,ビジター,ベルーナドーム,51355153,伊藤 大海,51055138,田宮 裕涼,1,3,敗,敗,18,6,2,2,104,7,3,5,1,0,終了,2026-08-25
2026,2026-08-25,20260825-m-h-18,パ,ソフトバンク,ロッテ,ビジター,ZOZOマリン,63965134,モイネロ,81385151,海野 隆司,9,0,勝,勝,27,9,0,0,115,3,2,9,1,1,終了,2026-08-25
2026,2026-08-25,20260825-m-h-18,パ,ロッテ,ソフトバンク,ホーム,ZOZOマリン,83385157,吉川 悠斗,71075151,佐藤 都志也,0,9,敗,敗,12,4,7,7,97,5,6,2,0,0,終了,2026-08-25
2026,2026-08-25,20260825-s-g-20,セ,ヤクルト,巨人,ホーム,神宮,53555157,吉村 貢司郎,01705134,古賀 優大,6,8,敗,敗,15,5,7,6,121,8,1,5,0,0,終了,2026-08-25
2026,2026-08-25,20260825-s-g-20,セ,巨人,ヤクルト,ビジター,神宮,51055137,則本 昂大,21325136,大城 卓三,8,6,勝,勝敗なし,8,2.2,4,4,67,6,3,1,0,0,終了,2026-08-25
2026,2026-08-26,20260826-b-e-20,パ,オリックス,楽天,ホーム,京セラD大阪,41745157,齋藤 響介,41645139,若月 健矢,7,5,勝,勝敗なし,6,2,5,3,50,5,2,1,0,0,終了,2026-08-26
2026,2026-08-26,20260826-b-e-20,パ,楽天,オリックス,ビジター,京セラD大阪,21925157,荘司 康誠,71375138,太田 光,5,7,敗,勝敗なし,18,6,4,4,118,8,3,9,0,0,終了,2026-08-26
2026,2026-08-26,20260826-c-db-20,セ,DeNA,広島,ビジター,マツダスタジアム,51155136,東 克樹,91895155,古市 尊,2,3,敗,勝敗なし,18,6,1,0,100,5,0,3,1,0,終了,2026-08-26
2026,2026-08-26,20260826-c-db-20,セ,広島,DeNA,ホーム,マツダスタジアム,61065151,鈴木 健矢,81885151,持丸 泰輝,3,2,勝,勝敗なし,15,5,1,1,83,4,0,1,0,0,終了,2026-08-26
2026,2026-08-26,20260826-d-t-21,セ,阪神,中日,ビジター,バンテリンドーム,71375153,伊藤 将司,11915132,坂本 誠志郎,0,4,敗,敗,16,5.1,3,2,90,5,1,4,0,0,終了,2026-08-26
2026,2026-08-26,20260826-d-t-21,セ,中日,阪神,ホーム,バンテリンドーム,31635110,涌井 秀章,21125150,石伊 雄太,4,0,勝,勝,18,6,0,0,83,5,1,3,1,0,終了,2026-08-26
2026,2026-08-26,20260826-l-f-22,パ,西武,日本ハム,ホーム,ベルーナドーム,53155138,渡邉 勇太朗,41745152,小島 大河,1,9,敗,敗,18,6,9,8,106,10,1,8,0,0,終了,2026-08-26
2026,2026-08-26,20260826-l-f-22,パ,日本ハム,西武,ビジター,ベルーナドーム,01205155,達 孝太,21925151,郡司 裕也,9,1,勝,勝,27,9,1,1,131,6,1,10,1,1,終了,2026-08-26
2026,2026-08-26,20260826-m-h-19,パ,ソフトバンク,ロッテ,ビジター,ZOZOマリン,51355135,上沢 直之,23125136,山本 祐大,5,6,敗,勝敗なし,18,6,3,2,99,6,1,5,1,0,終了,2026-08-26
2026,2026-08-26,20260826-m-h-19,パ,ロッテ,ソフトバンク,ホーム,ZOZOマリン,03905152,ロング,71075151,佐藤 都志也,6,5,勝,勝敗なし,12,4,5,5,79,7,2,1,0,0,終了,2026-08-26
2026,2026-08-26,20260826-s-g-21,セ,ヤクルト,巨人,ホーム,神宮,63365153,山野 太一,01005159,鈴木 叶,3,5,敗,勝敗なし,21,7,1,1,113,3,0,8,1,1,終了,2026-08-26
2026,2026-08-26,20260826-s-g-21,セ,巨人,ヤクルト,ビジター,神宮,51355151,井上 温大,91595133,甲斐 拓也,5,3,勝,勝敗なし,18,6,2,2,115,4,3,3,1,0,終了,2026-08-26
2026,2026-08-27,20260827-b-e-21,パ,オリックス,楽天,ホーム,京セラD大阪,03505152,ジェリー,41645139,若月 健矢,4,12,敗,敗,8,2.2,8,8,73,8,3,2,0,0,終了,2026-08-28
2026,2026-08-27,20260827-b-e-21,パ,楽天,オリックス,ビジター,京セラD大阪,51655114,前田 健太,71375138,太田 光,12,4,勝,勝,18,6,2,0,99,3,1,7,1,0,終了,2026-08-28
2026,2026-08-27,20260827-c-db-21,セ,DeNA,広島,ビジター,マツダスタジアム,61565152,片山 皓心,41245132,戸柱 恭孝,6,1,勝,勝,18,6,1,1,104,2,4,7,1,0,終了,2026-08-28
2026,2026-08-27,20260827-c-db-21,セ,広島,DeNA,ホーム,マツダスタジアム,91995153,栗林 良吏,81885151,持丸 泰輝,1,6,敗,敗,20,6.2,6,6,109,8,0,6,0,0,終了,2026-08-28
2026,2026-08-27,20260827-d-t-22,セ,阪神,中日,ビジター,バンテリンドーム,61965159,下村 海翔,11915132,坂本 誠志郎,4,3,勝,勝敗なし,6,2,3,3,45,7,0,2,0,0,終了,2026-08-28
2026,2026-08-27,20260827-d-t-22,セ,中日,阪神,ホーム,バンテリンドーム,61565150,金丸 夢斗,21125150,石伊 雄太,3,4,敗,勝敗なし,21,7,2,2,113,8,2,8,1,1,終了,2026-08-28
2026,2026-08-27,20260827-m-h-20,パ,ソフトバンク,ロッテ,ビジター,ZOZOマリン,81585138,上茶谷 大河,23125136,山本 祐大,4,2,勝,勝,18,6,2,2,94,7,0,9,1,0,終了,2026-08-28
2026,2026-08-27,20260827-m-h-20,パ,ロッテ,ソフトバンク,ホーム,ZOZOマリン,73175152,毛利 海大,53155155,松川 虎生,2,4,敗,敗,15,5,4,4,102,8,3,4,0,0,終了,2026-08-28
2026,2026-08-27,20260827-s-g-22,セ,ヤクルト,巨人,ホーム,神宮,11315115,石川 雅規,01705134,古賀 優大,2,9,敗,敗,1,0.1,6,6,24,5,0,0,0,0,終了,2026-08-28
2026,2026-08-27,20260827-s-g-22,セ,巨人,ヤクルト,ビジター,神宮,53755152,マタ,21325136,大城 卓三,9,2,勝,勝,20,6.2,1,1,116,3,5,6,1,0,終了,2026-08-28
2026,2026-08-28,20260828-b-h-18,パ,オリックス,ソフトバンク,ホーム,京セラD大阪,43545159,エスピノーザ,41645139,若月 健矢,0,2,敗,敗,18,6,2,2,95,3,1,6,1,0,終了,2026-08-29
2026,2026-08-28,20260828-b-h-18,パ,ソフトバンク,オリックス,ビジター,京セラD大阪,13115159,前田 悠伍,23125136,山本 祐大,2,0,勝,勝,21,7,0,0,103,4,1,6,1,1,終了,2026-08-29
2026,2026-08-28,20260828-c-s-19,セ,ヤクルト,広島,ビジター,マツダスタジアム,31735151,奥川 恭伸,01705134,古賀 優大,3,1,勝,勝,24,8,1,1,112,5,0,5,1,1,終了,2026-08-28
2026,2026-08-28,20260828-c-s-19,セ,広島,ヤクルト,ホーム,マツダスタジアム,53155151,森下 暢仁,81885151,持丸 泰輝,1,3,敗,敗,18,6,3,3,104,5,4,3,1,0,終了,2026-08-28
2026,2026-08-28,20260828-db-d-21,セ,DeNA,中日,ホーム,横浜,61365136,尾形 崇斗,41245132,戸柱 恭孝,4,2,勝,勝敗なし,16,5.1,2,2,97,5,2,6,0,0,終了,2026-08-28
2026,2026-08-28,20260828-db-d-21,セ,中日,DeNA,ビジター,横浜,61265153,髙橋 宏斗,21125150,石伊 雄太,2,4,敗,勝敗なし,21,7,1,1,100,1,1,8,1,1,終了,2026-08-28
2026,2026-08-28,20260828-f-m-19,パ,ロッテ,日本ハム,ビジター,エスコンＦ,11515138,小島 和哉,71075151,佐藤 都志也,4,6,敗,敗,15,5,6,6,87,6,1,6,0,0,終了,2026-08-28
2026,2026-08-28,20260828-f-m-19,パ,日本ハム,ロッテ,ホーム,エスコンＦ,51755155,北山 亘基,21925151,郡司 裕也,6,4,勝,勝,20,6.2,4,4,106,6,1,9,0,0,終了,2026-08-28
2026,2026-08-28,20260828-l-e-20,パ,楽天,西武,ビジター,ベルーナドーム,31235151,瀧中 瞭太,11815132,堀内 謙伍,4,8,敗,敗,18,6,6,6,87,7,1,2,0,0,終了,2026-08-28
2026,2026-08-28,20260828-l-e-20,パ,西武,楽天,ホーム,ベルーナドーム,71075130,髙橋 光成,61265151,柘植 世那,8,4,勝,勝,20,6.2,4,4,120,4,4,10,0,0,終了,2026-08-28
2026,2026-08-28,20260828-t-g-21,セ,巨人,阪神,ビジター,甲子園,23725150,ハワード,21325136,大城 卓三,1,4,敗,敗,9,3,3,3,64,4,3,2,0,0,終了,2026-08-28
2026,2026-08-28,20260828-t-g-21,セ,阪神,巨人,ホーム,甲子園,13315153,村上 頌樹,11915132,坂本 誠志郎,4,1,勝,勝,21,7,1,1,109,4,0,5,1,1,終了,2026-08-28
2026,2026-08-29,20260829-b-h-19,パ,オリックス,ソフトバンク,ホーム,京セラD大阪,61065159,髙島 泰都,41645139,若月 健矢,4,3,勝,勝,15,5,1,1,78,4,3,1,0,0,終了,2026-08-30
2026,2026-08-29,20260829-b-h-19,パ,ソフトバンク,オリックス,ビジター,京セラD大阪,01305157,大津 亮介,23125136,山本 祐大,3,4,敗,敗,18,6,4,0,103,8,1,3,1,0,終了,2026-08-30
2026,2026-08-29,20260829-c-s-20,セ,ヤクルト,広島,ビジター,マツダスタジアム,51055132,高橋 奎二,51855136,松本 直樹,9,1,勝,勝,15,5,0,0,108,1,5,9,0,0,終了,2026-08-30
2026,2026-08-29,20260829-c-s-20,セ,広島,ヤクルト,ホーム,マツダスタジアム,41245151,玉村 昇悟,81885151,持丸 泰輝,1,9,敗,敗,12,4,3,3,96,7,1,7,0,0,終了,2026-08-30
2026,2026-08-29,20260829-db-d-22,セ,DeNA,中日,ホーム,横浜,01905139,平良 拳太郎,21825157,松尾 汐恩,1,0,勝,勝,16,5.1,0,0,106,5,2,9,0,0,終了,2026-08-30
2026,2026-08-29,20260829-db-d-22,セ,中日,DeNA,ビジター,横浜,13915150,マラー,41545130,加藤 匠馬,0,1,敗,敗,18,6,1,1,96,5,2,5,1,0,終了,2026-08-30
2026,2026-08-29,20260829-f-m-20,パ,ロッテ,日本ハム,ビジター,エスコンＦ,43745159,ジャクソン,71075151,佐藤 都志也,7,9,敗,勝敗なし,12,4,6,6,89,5,3,5,0,0,終了,2026-08-30
2026,2026-08-29,20260829-f-m-20,パ,日本ハム,ロッテ,ホーム,エスコンＦ,61365152,大川 慈英,51055138,田宮 裕涼,9,7,勝,勝敗なし,12,4,4,4,85,4,4,2,0,0,終了,2026-08-30
2026,2026-08-29,20260829-l-e-21,パ,楽天,西武,ビジター,ベルーナドーム,31835153,早川 隆久,71375138,太田 光,0,1,敗,敗,24,8,1,1,109,3,0,3,1,1,終了,2026-08-30
2026,2026-08-29,20260829-l-e-21,パ,西武,楽天,ホーム,ベルーナドーム,21025155,隅田 知一郎,41745152,小島 大河,1,0,勝,勝,27,9,0,0,107,3,1,7,1,1,終了,2026-08-30
2026,2026-08-29,20260829-t-g-22,セ,巨人,阪神,ビジター,甲子園,11215114,田中 将大,21325136,大城 卓三,1,4,敗,敗,14,4.2,3,3,90,7,3,5,0,0,終了,2026-08-30
2026,2026-08-29,20260829-t-g-22,セ,阪神,巨人,ホーム,甲子園,41345136,大竹 耕太郎,11915132,坂本 誠志郎,4,1,勝,勝,18,6,0,0,71,3,0,2,1,0,終了,2026-08-30
2026,2026-08-30,20260830-b-h-20,パ,オリックス,ソフトバンク,ホーム,京セラD大阪,81985157,曽谷 龍平,41645139,若月 健矢,3,6,敗,敗,9,3,5,4,85,10,0,2,0,0,終了,2026-08-31
2026,2026-08-30,20260830-b-h-20,パ,ソフトバンク,オリックス,ビジター,京セラD大阪,41845157,松本 晴,23125136,山本 祐大,6,3,勝,勝,18,6,2,2,93,7,0,6,1,0,終了,2026-08-31
2026,2026-08-30,20260830-c-s-21,セ,ヤクルト,広島,ビジター,マツダスタジアム,11515137,小川 泰弘,01005159,鈴木 叶,1,5,敗,敗,9,3,5,2,73,5,1,0,0,0,終了,2026-08-30
2026,2026-08-30,20260830-c-s-21,セ,広島,ヤクルト,ホーム,マツダスタジアム,93395155,森 翔平,81885151,持丸 泰輝,5,1,勝,勝,19,6.1,1,1,85,4,0,3,1,0,終了,2026-08-30
2026,2026-08-30,20260830-db-d-23,セ,DeNA,中日,ホーム,横浜,41045150,篠木 健太郎,41245132,戸柱 恭孝,4,3,勝,勝敗なし,14,4.2,3,3,79,7,1,6,0,0,終了,2026-08-30
2026,2026-08-30,20260830-db-d-23,セ,中日,DeNA,ビジター,横浜,63165134,柳 裕也,21125150,石伊 雄太,3,4,敗,勝敗なし,18,6,2,2,106,7,1,7,1,0,終了,2026-08-30
2026,2026-08-30,20260830-f-m-21,パ,ロッテ,日本ハム,ビジター,エスコンＦ,01005157,田中 晴也,53155155,松川 虎生,4,5,敗,勝敗なし,18,6,4,3,84,5,1,6,1,0,終了,2026-08-30
2026,2026-08-30,20260830-f-m-21,パ,日本ハム,ロッテ,ホーム,エスコンＦ,51155130,有原 航平,11015159,進藤 勇也,5,4,勝,勝敗なし,15,5,4,2,97,7,2,3,0,0,終了,2026-08-30
2026,2026-08-30,20260830-l-e-22,パ,楽天,西武,ビジター,ベルーナドーム,91795114,岸 孝之,11815132,堀内 謙伍,1,4,敗,敗,15,5,3,3,77,6,1,4,0,0,終了,2026-08-30
2026,2026-08-30,20260830-l-e-22,パ,西武,楽天,ホーム,ベルーナドーム,51255159,武内 夏暉,41745152,小島 大河,4,1,勝,勝,24,8,1,1,94,3,0,7,1,1,終了,2026-08-30
2026,2026-08-30,20260830-t-g-23,セ,巨人,阪神,ビジター,甲子園,71575132,小笠原 慎之介,21325136,大城 卓三,1,3,敗,敗,12,4,3,3,73,4,1,2,0,0,終了,2026-08-30
2026,2026-08-30,20260830-t-g-23,セ,阪神,巨人,ホーム,甲子園,41745134,才木 浩人,11915132,坂本 誠志郎,3,1,勝,勝,18,6,0,0,103,5,2,5,1,0,終了,2026-08-30