選手,球団名,対球団名,先発,救援,防御率,勝利,敗戦,HLD,セーブ,更新日
田中 将大,読売ジャイアンツ,オリックス・バファローズ,1,0,1.29,0,0,0,0,2026/08/15
田中 将大,読売ジャイアンツ,横浜DeNAベイスターズ,1,0,0.00,0,0,0,0,2026/08/15
田中 将大,読売ジャイアンツ,広島東洋カープ,1,0,0.00,0,0,0,0,2026/08/15
田中 将大,読売ジャイアンツ,阪神タイガース,2,0,4.76,2,0,0,0,2026/08/15
田中 将大,読売ジャイアンツ,埼玉西武ライオンズ,0,0,,0,0,0,0,2026/08/15
田中 将大,読売ジャイアンツ,千葉ロッテマリーンズ,0,0,,0,0,0,0,2026/08/15
田中 将大,読売ジャイアンツ,中日ドラゴンズ,2,0,2.53,1,1,0,0,2026/08/15
田中 将大,読売ジャイアンツ,東京ヤクルトスワローズ,1,0,6.75,0,1,0,0,2026/08/15
田中 将大,読売ジャイアンツ,東北楽天ゴールデンイーグルス,1,0,22.50,0,1,0,0,2026/08/15
田中 将大,読売ジャイアンツ,福岡ソフトバンクホークス,1,0,5.40,0,0,0,0,2026/08/15
田中 将大,読売ジャイアンツ,北海道日本ハムファイターズ,0,0,,0,0,0,0,2026/08/15
大勢,読売ジャイアンツ,オリックス・バファローズ,0,1,0.00,0,0,1,0,2026/08/15
大勢,読売ジャイアンツ,横浜DeNAベイスターズ,0,7,3.00,0,0,6,0,2026/08/15
大勢,読売ジャイアンツ,広島東洋カープ,0,2,4.50,0,0,1,0,2026/08/15
大勢,読売ジャイアンツ,阪神タイガース,0,3,0.00,1,0,2,0,2026/08/15
大勢,読売ジャイアンツ,埼玉西武ライオンズ,0,1,0.00,0,0,1,0,2026/08/15
大勢,読売ジャイアンツ,千葉ロッテマリーンズ,0,2,0.00,0,0,2,0,2026/08/15
大勢,読売ジャイアンツ,中日ドラゴンズ,0,8,0.00,0,1,4,2,2026/08/15
大勢,読売ジャイアンツ,東京ヤクルトスワローズ,0,5,6.23,0,0,3,1,2026/08/15
大勢,読売ジャイアンツ,東北楽天ゴールデンイーグルス,0,0,,0,0,0,0,2026/08/15
大勢,読売ジャイアンツ,福岡ソフトバンクホークス,0,1,0.00,0,0,0,0,2026/08/15
大勢,読売ジャイアンツ,北海道日本ハムファイターズ,0,2,4.50,0,0,2,0,2026/08/15
西舘 勇陽,読売ジャイアンツ,オリックス・バファローズ,0,0,,0,0,0,0,2026/08/15
西舘 勇陽,読売ジャイアンツ,横浜DeNAベイスターズ,0,0,,0,0,0,0,2026/08/15
西舘 勇陽,読売ジャイアンツ,広島東洋カープ,1,0,3.60,0,1,0,0,2026/08/15
西舘 勇陽,読売ジャイアンツ,阪神タイガース,2,0,5.91,0,2,0,0,2026/08/15
西舘 勇陽,読売ジャイアンツ,埼玉西武ライオンズ,0,0,,0,0,0,0,2026/08/15
西舘 勇陽,読売ジャイアンツ,千葉ロッテマリーンズ,1,0,1.29,0,0,0,0,2026/08/15
西舘 勇陽,読売ジャイアンツ,中日ドラゴンズ,0,0,,0,0,0,0,2026/08/15
西舘 勇陽,読売ジャイアンツ,東京ヤクルトスワローズ,2,0,1.13,1,0,0,0,2026/08/15
西舘 勇陽,読売ジャイアンツ,東北楽天ゴールデンイーグルス,0,0,,0,0,0,0,2026/08/15
西舘 勇陽,読売ジャイアンツ,福岡ソフトバンクホークス,0,0,,0,0,0,0,2026/08/15
西舘 勇陽,読売ジャイアンツ,北海道日本ハムファイターズ,1,0,0.00,1,0,0,0,2026/08/15
山﨑 伊織,読売ジャイアンツ,オリックス・バファローズ,0,0,,0,0,0,0,2026/08/15
山﨑 伊織,読売ジャイアンツ,横浜DeNAベイスターズ,0,0,,0,0,0,0,2026/08/15
山﨑 伊織,読売ジャイアンツ,広島東洋カープ,2,0,2.92,1,0,0,0,2026/08/15
山﨑 伊織,読売ジャイアンツ,阪神タイガース,1,0,10.13,0,1,0,0,2026/08/15
山﨑 伊織,読売ジャイアンツ,埼玉西武ライオンズ,0,0,,0,0,0,0,2026/08/15
山﨑 伊織,読売ジャイアンツ,千葉ロッテマリーンズ,0,0,,0,0,0,0,2026/08/15
山﨑 伊織,読売ジャイアンツ,中日ドラゴンズ,0,0,,0,0,0,0,2026/08/15
山﨑 伊織,読売ジャイアンツ,東京ヤクルトスワローズ,1,0,4.76,0,0,0,0,2026/08/15
山﨑 伊織,読売ジャイアンツ,東北楽天ゴールデンイーグルス,0,0,,0,0,0,0,2026/08/15
山﨑 伊織,読売ジャイアンツ,福岡ソフトバンクホークス,0,0,,0,0,0,0,2026/08/15
山﨑 伊織,読売ジャイアンツ,北海道日本ハムファイターズ,0,0,,0,0,0,0,2026/08/15
戸郷 翔征,読売ジャイアンツ,オリックス・バファローズ,1,0,0.00,0,0,0,0,2026/08/15
戸郷 翔征,読売ジャイアンツ,横浜DeNAベイスターズ,0,0,,0,0,0,0,2026/08/15
戸郷 翔征,読売ジャイアンツ,広島東洋カープ,2,0,4.76,1,0,0,0,2026/08/15
戸郷 翔征,読売ジャイアンツ,阪神タイガース,1,0,0.00,0,0,0,0,2026/08/15
戸郷 翔征,読売ジャイアンツ,埼玉西武ライオンズ,0,0,,0,0,0,0,2026/08/15
戸郷 翔征,読売ジャイアンツ,千葉ロッテマリーンズ,0,0,,0,0,0,0,2026/08/15
戸郷 翔征,読売ジャイアンツ,中日ドラゴンズ,0,0,,0,0,0,0,2026/08/15
戸郷 翔征,読売ジャイアンツ,東京ヤクルトスワローズ,3,0,2.84,1,1,0,0,2026/08/15
戸郷 翔征,読売ジャイアンツ,東北楽天ゴールデンイーグルス,1,0,0.00,1,0,0,0,2026/08/15
戸郷 翔征,読売ジャイアンツ,福岡ソフトバンクホークス,1,0,1.29,1,0,0,0,2026/08/15
戸郷 翔征,読売ジャイアンツ,北海道日本ハムファイターズ,0,0,,0,0,0,0,2026/08/15
竹丸 和幸,読売ジャイアンツ,オリックス・バファローズ,0,0,,0,0,0,0,2026/08/15
竹丸 和幸,読売ジャイアンツ,横浜DeNAベイスターズ,4,0,5.40,2,2,0,0,2026/08/15
竹丸 和幸,読売ジャイアンツ,広島東洋カープ,1,0,3.00,1,0,0,0,2026/08/15
竹丸 和幸,読売ジャイアンツ,阪神タイガース,3,0,3.00,2,1,0,0,2026/08/15
竹丸 和幸,読売ジャイアンツ,埼玉西武ライオンズ,1,0,1.17,0,1,0,0,2026/08/15
竹丸 和幸,読売ジャイアンツ,千葉ロッテマリーンズ,0,0,,0,0,0,0,2026/08/15
竹丸 和幸,読売ジャイアンツ,中日ドラゴンズ,5,0,5.40,1,3,0,0,2026/08/15
竹丸 和幸,読売ジャイアンツ,東京ヤクルトスワローズ,3,0,2.95,2,1,0,0,2026/08/15
竹丸 和幸,読売ジャイアンツ,東北楽天ゴールデンイーグルス,0,0,,0,0,0,0,2026/08/15
竹丸 和幸,読売ジャイアンツ,福岡ソフトバンクホークス,0,0,,0,0,0,0,2026/08/15
竹丸 和幸,読売ジャイアンツ,北海道日本ハムファイターズ,1,0,3.38,0,1,0,0,2026/08/15
代木 大和,読売ジャイアンツ,オリックス・バファローズ,0,0,,0,0,0,0,2026/08/15
代木 大和,読売ジャイアンツ,横浜DeNAベイスターズ,0,1,0.00,0,0,0,0,2026/08/15
代木 大和,読売ジャイアンツ,広島東洋カープ,0,1,4.50,0,0,0,0,2026/08/15
代木 大和,読売ジャイアンツ,阪神タイガース,0,1,9.00,0,0,0,0,2026/08/15
代木 大和,読売ジャイアンツ,埼玉西武ライオンズ,0,0,,0,0,0,0,2026/08/15
代木 大和,読売ジャイアンツ,千葉ロッテマリーンズ,0,0,,0,0,0,0,2026/08/15
代木 大和,読売ジャイアンツ,中日ドラゴンズ,0,1,6.75,0,0,0,0,2026/08/15
代木 大和,読売ジャイアンツ,東京ヤクルトスワローズ,0,1,0.00,0,0,0,0,2026/08/15
代木 大和,読売ジャイアンツ,東北楽天ゴールデンイーグルス,0,0,,0,0,0,0,2026/08/15
代木 大和,読売ジャイアンツ,福岡ソフトバンクホークス,0,0,,0,0,0,0,2026/08/15
代木 大和,読売ジャイアンツ,北海道日本ハムファイターズ,0,0,,0,0,0,0,2026/08/15
ウィットリー,読売ジャイアンツ,オリックス・バファローズ,0,0,,0,0,0,0,2026/08/15
ウィットリー,読売ジャイアンツ,横浜DeNAベイスターズ,2,0,4.50,0,0,0,0,2026/08/15
ウィットリー,読売ジャイアンツ,広島東洋カープ,2,0,3.00,0,1,0,0,2026/08/15
ウィットリー,読売ジャイアンツ,阪神タイガース,2,0,2.38,0,1,0,0,2026/08/15
ウィットリー,読売ジャイアンツ,埼玉西武ライオンズ,1,0,1.50,1,0,0,0,2026/08/15
ウィットリー,読売ジャイアンツ,千葉ロッテマリーンズ,1,0,1.42,0,0,0,0,2026/08/15
ウィットリー,読売ジャイアンツ,中日ドラゴンズ,5,0,2.17,1,2,0,0,2026/08/15
ウィットリー,読売ジャイアンツ,東京ヤクルトスワローズ,1,0,0.00,1,0,0,0,2026/08/15
ウィットリー,読売ジャイアンツ,東北楽天ゴールデンイーグルス,0,0,,0,0,0,0,2026/08/15
ウィットリー,読売ジャイアンツ,福岡ソフトバンクホークス,0,0,,0,0,0,0,2026/08/15
ウィットリー,読売ジャイアンツ,北海道日本ハムファイターズ,0,0,,0,0,0,0,2026/08/15
ハワード,読売ジャイアンツ,オリックス・バファローズ,0,0,,0,0,0,0,2026/08/15
ハワード,読売ジャイアンツ,横浜DeNAベイスターズ,2,0,3.48,1,0,0,0,2026/08/15
ハワード,読売ジャイアンツ,広島東洋カープ,0,0,,0,0,0,0,2026/08/15
ハワード,読売ジャイアンツ,阪神タイガース,1,0,0.00,0,1,0,0,2026/08/15
ハワード,読売ジャイアンツ,埼玉西武ライオンズ,0,0,,0,0,0,0,2026/08/15
ハワード,読売ジャイアンツ,千葉ロッテマリーンズ,0,0,,0,0,0,0,2026/08/15
ハワード,読売ジャイアンツ,中日ドラゴンズ,1,0,0.00,1,0,0,0,2026/08/15
ハワード,読売ジャイアンツ,東京ヤクルトスワローズ,1,0,1.29,0,1,0,0,2026/08/15
ハワード,読売ジャイアンツ,東北楽天ゴールデンイーグルス,0,0,,0,0,0,0,2026/08/15
ハワード,読売ジャイアンツ,福岡ソフトバンクホークス,0,0,,0,0,0,0,2026/08/15
ハワード,読売ジャイアンツ,北海道日本ハムファイターズ,0,0,,0,0,0,0,2026/08/15
田和 廉,読売ジャイアンツ,オリックス・バファローズ,0,0,,0,0,0,0,2026/08/15
田和 廉,読売ジャイアンツ,横浜DeNAベイスターズ,0,2,0.00,0,0,0,0,2026/08/15
田和 廉,読売ジャイアンツ,広島東洋カープ,0,5,1.93,0,0,0,0,2026/08/15
田和 廉,読売ジャイアンツ,阪神タイガース,0,9,3.24,0,0,1,0,2026/08/15
田和 廉,読売ジャイアンツ,埼玉西武ライオンズ,0,0,,0,0,0,0,2026/08/15
田和 廉,読売ジャイアンツ,千葉ロッテマリーンズ,0,0,,0,0,0,0,2026/08/15
田和 廉,読売ジャイアンツ,中日ドラゴンズ,0,6,1.93,0,0,1,0,2026/08/15
田和 廉,読売ジャイアンツ,東京ヤクルトスワローズ,0,7,1.80,0,0,1,0,2026/08/15
田和 廉,読売ジャイアンツ,東北楽天ゴールデンイーグルス,0,1,0.00,0,0,0,0,2026/08/15
田和 廉,読売ジャイアンツ,福岡ソフトバンクホークス,0,2,0.00,0,0,0,0,2026/08/15
田和 廉,読売ジャイアンツ,北海道日本ハムファイターズ,0,0,,0,0,0,0,2026/08/15
赤星 優志,読売ジャイアンツ,オリックス・バファローズ,0,0,,0,0,0,0,2026/08/15
赤星 優志,読売ジャイアンツ,横浜DeNAベイスターズ,0,5,6.75,1,1,1,0,2026/08/15
赤星 優志,読売ジャイアンツ,広島東洋カープ,0,5,1.69,1,0,1,0,2026/08/15
赤星 優志,読売ジャイアンツ,阪神タイガース,0,7,1.08,1,0,0,0,2026/08/15
赤星 優志,読売ジャイアンツ,埼玉西武ライオンズ,0,1,0.00,0,0,0,0,2026/08/15
赤星 優志,読売ジャイアンツ,千葉ロッテマリーンズ,0,2,0.00,0,0,0,0,2026/08/15
赤星 優志,読売ジャイアンツ,中日ドラゴンズ,0,5,2.25,0,0,2,0,2026/08/15
赤星 優志,読売ジャイアンツ,東京ヤクルトスワローズ,1,5,1.35,2,0,0,0,2026/08/15
赤星 優志,読売ジャイアンツ,東北楽天ゴールデンイーグルス,0,1,0.00,0,0,0,0,2026/08/15
赤星 優志,読売ジャイアンツ,福岡ソフトバンクホークス,0,1,18.00,0,1,0,0,2026/08/15
赤星 優志,読売ジャイアンツ,北海道日本ハムファイターズ,0,0,,0,0,0,0,2026/08/15
山城 京平,読売ジャイアンツ,オリックス・バファローズ,0,0,,0,0,0,0,2026/08/15
山城 京平,読売ジャイアンツ,横浜DeNAベイスターズ,0,0,,0,0,0,0,2026/08/15
山城 京平,読売ジャイアンツ,広島東洋カープ,0,0,,0,0,0,0,2026/08/15
山城 京平,読売ジャイアンツ,阪神タイガース,1,0,22.50,0,0,0,0,2026/08/15
山城 京平,読売ジャイアンツ,埼玉西武ライオンズ,0,0,,0,0,0,0,2026/08/15
山城 京平,読売ジャイアンツ,千葉ロッテマリーンズ,0,0,,0,0,0,0,2026/08/15
山城 京平,読売ジャイアンツ,中日ドラゴンズ,0,0,,0,0,0,0,2026/08/15
山城 京平,読売ジャイアンツ,東京ヤクルトスワローズ,0,0,,0,0,0,0,2026/08/15
山城 京平,読売ジャイアンツ,東北楽天ゴールデンイーグルス,0,0,,0,0,0,0,2026/08/15
山城 京平,読売ジャイアンツ,福岡ソフトバンクホークス,0,0,,0,0,0,0,2026/08/15
山城 京平,読売ジャイアンツ,北海道日本ハムファイターズ,0,0,,0,0,0,0,2026/08/15
中川 皓太,読売ジャイアンツ,オリックス・バファローズ,0,2,0.00,1,0,1,0,2026/08/15
中川 皓太,読売ジャイアンツ,横浜DeNAベイスターズ,0,5,0.00,0,0,3,0,2026/08/15
中川 皓太,読売ジャイアンツ,広島東洋カープ,0,6,0.00,0,0,3,0,2026/08/15
中川 皓太,読売ジャイアンツ,阪神タイガース,0,5,2.08,0,0,0,0,2026/08/15
中川 皓太,読売ジャイアンツ,埼玉西武ライオンズ,0,0,,0,0,0,0,2026/08/15
中川 皓太,読売ジャイアンツ,千葉ロッテマリーンズ,0,2,0.00,0,0,2,0,2026/08/15
中川 皓太,読売ジャイアンツ,中日ドラゴンズ,0,8,0.00,1,0,2,0,2026/08/15
中川 皓太,読売ジャイアンツ,東京ヤクルトスワローズ,0,7,3.60,0,1,4,0,2026/08/15
中川 皓太,読売ジャイアンツ,東北楽天ゴールデンイーグルス,0,0,,0,0,0,0,2026/08/15
中川 皓太,読売ジャイアンツ,福岡ソフトバンクホークス,0,1,40.50,0,0,0,0,2026/08/15
中川 皓太,読売ジャイアンツ,北海道日本ハムファイターズ,0,0,,0,0,0,0,2026/08/15
マタ,読売ジャイアンツ,オリックス・バファローズ,0,0,,0,0,0,0,2026/08/15
マタ,読売ジャイアンツ,横浜DeNAベイスターズ,1,0,6.75,0,0,0,0,2026/08/15
マタ,読売ジャイアンツ,広島東洋カープ,0,0,,0,0,0,0,2026/08/15
マタ,読売ジャイアンツ,阪神タイガース,0,0,,0,0,0,0,2026/08/15
マタ,読売ジャイアンツ,埼玉西武ライオンズ,0,0,,0,0,0,0,2026/08/15
マタ,読売ジャイアンツ,千葉ロッテマリーンズ,0,0,,0,0,0,0,2026/08/15
マタ,読売ジャイアンツ,中日ドラゴンズ,0,0,,0,0,0,0,2026/08/15
マタ,読売ジャイアンツ,東京ヤクルトスワローズ,3,0,2.16,0,1,0,0,2026/08/15
マタ,読売ジャイアンツ,東北楽天ゴールデンイーグルス,0,0,,0,0,0,0,2026/08/15
マタ,読売ジャイアンツ,福岡ソフトバンクホークス,0,0,,0,0,0,0,2026/08/15
マタ,読売ジャイアンツ,北海道日本ハムファイターズ,0,0,,0,0,0,0,2026/08/15
則本 昂大,読売ジャイアンツ,オリックス・バファローズ,1,0,3.18,1,0,0,0,2026/08/15
則本 昂大,読売ジャイアンツ,横浜DeNAベイスターズ,0,0,,0,0,0,0,2026/08/15
則本 昂大,読売ジャイアンツ,広島東洋カープ,2,0,4.50,0,1,0,0,2026/08/15
則本 昂大,読売ジャイアンツ,阪神タイガース,2,0,6.55,0,1,0,0,2026/08/15
則本 昂大,読売ジャイアンツ,埼玉西武ライオンズ,0,0,,0,0,0,0,2026/08/15
則本 昂大,読売ジャイアンツ,千葉ロッテマリーンズ,0,0,,0,0,0,0,2026/08/15
則本 昂大,読売ジャイアンツ,中日ドラゴンズ,2,0,2.25,0,1,0,0,2026/08/15
則本 昂大,読売ジャイアンツ,東京ヤクルトスワローズ,0,0,,0,0,0,0,2026/08/15
則本 昂大,読売ジャイアンツ,東北楽天ゴールデンイーグルス,1,0,2.84,1,0,0,0,2026/08/15
則本 昂大,読売ジャイアンツ,福岡ソフトバンクホークス,1,0,15.75,0,1,0,0,2026/08/15
則本 昂大,読売ジャイアンツ,北海道日本ハムファイターズ,0,0,,0,0,0,0,2026/08/15
田中 瑛斗,読売ジャイアンツ,オリックス・バファローズ,0,0,,0,0,0,0,2026/08/15
田中 瑛斗,読売ジャイアンツ,横浜DeNAベイスターズ,0,9,5.14,0,1,6,0,2026/08/15
田中 瑛斗,読売ジャイアンツ,広島東洋カープ,0,6,2.25,0,0,3,0,2026/08/15
田中 瑛斗,読売ジャイアンツ,阪神タイガース,0,6,0.00,0,0,2,2,2026/08/15
田中 瑛斗,読売ジャイアンツ,埼玉西武ライオンズ,0,1,0.00,0,0,1,0,2026/08/15
田中 瑛斗,読売ジャイアンツ,千葉ロッテマリーンズ,0,2,0.00,0,0,2,0,2026/08/15
田中 瑛斗,読売ジャイアンツ,中日ドラゴンズ,0,10,0.93,1,1,7,0,2026/08/15
田中 瑛斗,読売ジャイアンツ,東京ヤクルトスワローズ,0,8,1.42,0,0,8,0,2026/08/15
田中 瑛斗,読売ジャイアンツ,東北楽天ゴールデンイーグルス,0,0,,0,0,0,0,2026/08/15
田中 瑛斗,読売ジャイアンツ,福岡ソフトバンクホークス,0,1,0.00,0,0,0,0,2026/08/15
田中 瑛斗,読売ジャイアンツ,北海道日本ハムファイターズ,0,2,0.00,0,0,2,0,2026/08/15
又木 鉄平,読売ジャイアンツ,オリックス・バファローズ,0,0,,0,0,0,0,2026/08/15
又木 鉄平,読売ジャイアンツ,横浜DeNAベイスターズ,0,2,0.00,1,0,0,0,2026/08/15
又木 鉄平,読売ジャイアンツ,広島東洋カープ,1,0,9.82,0,0,0,0,2026/08/15
又木 鉄平,読売ジャイアンツ,阪神タイガース,1,0,3.60,0,1,0,0,2026/08/15
又木 鉄平,読売ジャイアンツ,埼玉西武ライオンズ,0,0,,0,0,0,0,2026/08/15
又木 鉄平,読売ジャイアンツ,千葉ロッテマリーンズ,0,0,,0,0,0,0,2026/08/15
又木 鉄平,読売ジャイアンツ,中日ドラゴンズ,0,0,,0,0,0,0,2026/08/15
又木 鉄平,読売ジャイアンツ,東京ヤクルトスワローズ,0,1,18.00,0,0,0,0,2026/08/15
又木 鉄平,読売ジャイアンツ,東北楽天ゴールデンイーグルス,0,0,,0,0,0,0,2026/08/15
又木 鉄平,読売ジャイアンツ,福岡ソフトバンクホークス,0,0,,0,0,0,0,2026/08/15
又木 鉄平,読売ジャイアンツ,北海道日本ハムファイターズ,0,0,,0,0,0,0,2026/08/15
森田 駿哉,読売ジャイアンツ,オリックス・バファローズ,0,1,6.23,0,0,0,0,2026/08/15
森田 駿哉,読売ジャイアンツ,横浜DeNAベイスターズ,0,2,0.00,0,0,0,0,2026/08/15
森田 駿哉,読売ジャイアンツ,広島東洋カープ,0,4,2.45,0,0,2,0,2026/08/15
森田 駿哉,読売ジャイアンツ,阪神タイガース,0,3,0.00,0,0,0,0,2026/08/15
森田 駿哉,読売ジャイアンツ,埼玉西武ライオンズ,0,0,,0,0,0,0,2026/08/15
森田 駿哉,読売ジャイアンツ,千葉ロッテマリーンズ,0,0,,0,0,0,0,2026/08/15
森田 駿哉,読売ジャイアンツ,中日ドラゴンズ,1,1,6.75,0,0,0,0,2026/08/15
森田 駿哉,読売ジャイアンツ,東京ヤクルトスワローズ,0,2,0.00,0,0,0,0,2026/08/15
森田 駿哉,読売ジャイアンツ,東北楽天ゴールデンイーグルス,0,1,6.23,0,0,0,0,2026/08/15
森田 駿哉,読売ジャイアンツ,福岡ソフトバンクホークス,0,0,,0,0,0,0,2026/08/15
森田 駿哉,読売ジャイアンツ,北海道日本ハムファイターズ,0,0,,0,0,0,0,2026/08/15
ルシアーノ,読売ジャイアンツ,オリックス・バファローズ,0,0,,0,0,0,0,2026/08/15
ルシアーノ,読売ジャイアンツ,横浜DeNAベイスターズ,0,1,0.00,0,0,1,0,2026/08/15
ルシアーノ,読売ジャイアンツ,広島東洋カープ,0,3,20.25,0,1,1,0,2026/08/15
ルシアーノ,読売ジャイアンツ,阪神タイガース,0,3,3.00,0,0,1,0,2026/08/15
ルシアーノ,読売ジャイアンツ,埼玉西武ライオンズ,0,0,,0,0,0,0,2026/08/15
ルシアーノ,読売ジャイアンツ,千葉ロッテマリーンズ,0,0,,0,0,0,0,2026/08/15
ルシアーノ,読売ジャイアンツ,中日ドラゴンズ,0,3,0.00,0,0,3,0,2026/08/15
ルシアーノ,読売ジャイアンツ,東京ヤクルトスワローズ,0,2,0.00,0,0,0,0,2026/08/15
ルシアーノ,読売ジャイアンツ,東北楽天ゴールデンイーグルス,0,0,,0,0,0,0,2026/08/15
ルシアーノ,読売ジャイアンツ,福岡ソフトバンクホークス,0,0,,0,0,0,0,2026/08/15
ルシアーノ,読売ジャイアンツ,北海道日本ハムファイターズ,0,0,,0,0,0,0,2026/08/15
バルドナード,読売ジャイアンツ,オリックス・バファローズ,0,0,,0,0,0,0,2026/08/15
バルドナード,読売ジャイアンツ,横浜DeNAベイスターズ,0,0,,0,0,0,0,2026/08/15
バルドナード,読売ジャイアンツ,広島東洋カープ,0,1,0.00,0,0,0,0,2026/08/15
バルドナード,読売ジャイアンツ,阪神タイガース,0,0,,0,0,0,0,2026/08/15
バルドナード,読売ジャイアンツ,埼玉西武ライオンズ,0,0,,0,0,0,0,2026/08/15
バルドナード,読売ジャイアンツ,千葉ロッテマリーンズ,0,0,,0,0,0,0,2026/08/15
バルドナード,読売ジャイアンツ,中日ドラゴンズ,0,1,27.00,0,0,0,0,2026/08/15
バルドナード,読売ジャイアンツ,東京ヤクルトスワローズ,0,0,,0,0,0,0,2026/08/15
バルドナード,読売ジャイアンツ,東北楽天ゴールデンイーグルス,0,0,,0,0,0,0,2026/08/15
バルドナード,読売ジャイアンツ,福岡ソフトバンクホークス,0,0,,0,0,0,0,2026/08/15
バルドナード,読売ジャイアンツ,北海道日本ハムファイターズ,0,0,,0,0,0,0,2026/08/15
高梨 雄平,読売ジャイアンツ,オリックス・バファローズ,0,2,0.00,0,0,1,0,2026/08/15
高梨 雄平,読売ジャイアンツ,横浜DeNAベイスターズ,0,1,0.00,1,0,0,0,2026/08/15
高梨 雄平,読売ジャイアンツ,広島東洋カープ,0,2,0.00,0,0,1,0,2026/08/15
高梨 雄平,読売ジャイアンツ,阪神タイガース,0,4,9.00,0,0,1,0,2026/08/15
高梨 雄平,読売ジャイアンツ,埼玉西武ライオンズ,0,0,,0,0,0,0,2026/08/15
高梨 雄平,読売ジャイアンツ,千葉ロッテマリーンズ,0,1,0.00,0,0,1,0,2026/08/15
高梨 雄平,読売ジャイアンツ,中日ドラゴンズ,0,3,0.00,0,0,0,0,2026/08/15
高梨 雄平,読売ジャイアンツ,東京ヤクルトスワローズ,0,2,0.00,0,0,1,0,2026/08/15
高梨 雄平,読売ジャイアンツ,東北楽天ゴールデンイーグルス,0,1,0.00,0,0,0,0,2026/08/15
高梨 雄平,読売ジャイアンツ,福岡ソフトバンクホークス,0,1,0.00,0,0,0,0,2026/08/15
高梨 雄平,読売ジャイアンツ,北海道日本ハムファイターズ,0,1,27.00,0,0,0,0,2026/08/15
松浦 慶斗,読売ジャイアンツ,オリックス・バファローズ,0,0,,0,0,0,0,2026/08/15
松浦 慶斗,読売ジャイアンツ,横浜DeNAベイスターズ,0,0,,0,0,0,0,2026/08/15
松浦 慶斗,読売ジャイアンツ,広島東洋カープ,0,0,,0,0,0,0,2026/08/15
松浦 慶斗,読売ジャイアンツ,阪神タイガース,0,0,,0,0,0,0,2026/08/15
松浦 慶斗,読売ジャイアンツ,埼玉西武ライオンズ,0,0,,0,0,0,0,2026/08/15
松浦 慶斗,読売ジャイアンツ,千葉ロッテマリーンズ,0,0,,0,0,0,0,2026/08/15
松浦 慶斗,読売ジャイアンツ,中日ドラゴンズ,0,0,,0,0,0,0,2026/08/15
松浦 慶斗,読売ジャイアンツ,東京ヤクルトスワローズ,0,0,,0,0,0,0,2026/08/15
松浦 慶斗,読売ジャイアンツ,東北楽天ゴールデンイーグルス,0,0,,0,0,0,0,2026/08/15
松浦 慶斗,読売ジャイアンツ,福岡ソフトバンクホークス,0,0,,0,0,0,0,2026/08/15
松浦 慶斗,読売ジャイアンツ,北海道日本ハムファイターズ,0,0,,0,0,0,0,2026/08/15
北浦 竜次,読売ジャイアンツ,オリックス・バファローズ,0,0,,0,0,0,0,2026/08/15
北浦 竜次,読売ジャイアンツ,横浜DeNAベイスターズ,0,2,0.00,0,0,1,0,2026/08/15
北浦 竜次,読売ジャイアンツ,広島東洋カープ,0,1,36.00,0,0,0,0,2026/08/15
北浦 竜次,読売ジャイアンツ,阪神タイガース,0,3,15.43,0,0,1,0,2026/08/15
北浦 竜次,読売ジャイアンツ,埼玉西武ライオンズ,0,0,,0,0,0,0,2026/08/15
北浦 竜次,読売ジャイアンツ,千葉ロッテマリーンズ,0,0,,0,0,0,0,2026/08/15
北浦 竜次,読売ジャイアンツ,中日ドラゴンズ,0,2,16.20,0,0,0,0,2026/08/15
北浦 竜次,読売ジャイアンツ,東京ヤクルトスワローズ,0,3,0.00,0,0,0,0,2026/08/15
北浦 竜次,読売ジャイアンツ,東北楽天ゴールデンイーグルス,0,0,,0,0,0,0,2026/08/15
北浦 竜次,読売ジャイアンツ,福岡ソフトバンクホークス,0,0,,0,0,0,0,2026/08/15
北浦 竜次,読売ジャイアンツ,北海道日本ハムファイターズ,0,0,,0,0,0,0,2026/08/15
宮原 駿介,読売ジャイアンツ,オリックス・バファローズ,0,0,,0,0,0,0,2026/08/15
宮原 駿介,読売ジャイアンツ,横浜DeNAベイスターズ,0,0,,0,0,0,0,2026/08/15
宮原 駿介,読売ジャイアンツ,広島東洋カープ,0,1,0.00,1,0,0,0,2026/08/15
宮原 駿介,読売ジャイアンツ,阪神タイガース,0,1,0.00,0,0,0,0,2026/08/15
宮原 駿介,読売ジャイアンツ,埼玉西武ライオンズ,0,0,,0,0,0,0,2026/08/15
宮原 駿介,読売ジャイアンツ,千葉ロッテマリーンズ,0,0,,0,0,0,0,2026/08/15
宮原 駿介,読売ジャイアンツ,中日ドラゴンズ,0,0,,0,0,0,0,2026/08/15
宮原 駿介,読売ジャイアンツ,東京ヤクルトスワローズ,0,1,0.00,0,0,0,0,2026/08/15
宮原 駿介,読売ジャイアンツ,東北楽天ゴールデンイーグルス,0,0,,0,0,0,0,2026/08/15
宮原 駿介,読売ジャイアンツ,福岡ソフトバンクホークス,0,2,4.50,0,0,0,0,2026/08/15
宮原 駿介,読売ジャイアンツ,北海道日本ハムファイターズ,0,0,,0,0,0,0,2026/08/15
船迫 大雅,読売ジャイアンツ,オリックス・バファローズ,0,0,,0,0,0,0,2026/08/15
船迫 大雅,読売ジャイアンツ,横浜DeNAベイスターズ,0,4,0.00,0,0,1,0,2026/08/15
船迫 大雅,読売ジャイアンツ,広島東洋カープ,0,7,0.00,1,0,4,0,2026/08/15
船迫 大雅,読売ジャイアンツ,阪神タイガース,0,8,7.11,0,1,2,0,2026/08/15
船迫 大雅,読売ジャイアンツ,埼玉西武ライオンズ,0,1,0.00,0,0,0,0,2026/08/15
船迫 大雅,読売ジャイアンツ,千葉ロッテマリーンズ,0,1,0.00,0,0,1,0,2026/08/15
船迫 大雅,読売ジャイアンツ,中日ドラゴンズ,0,6,0.00,1,0,2,0,2026/08/15
船迫 大雅,読売ジャイアンツ,東京ヤクルトスワローズ,0,7,4.15,1,0,3,0,2026/08/15
船迫 大雅,読売ジャイアンツ,東北楽天ゴールデンイーグルス,0,1,0.00,0,0,0,0,2026/08/15
船迫 大雅,読売ジャイアンツ,福岡ソフトバンクホークス,0,0,,0,0,0,0,2026/08/15
船迫 大雅,読売ジャイアンツ,北海道日本ハムファイターズ,0,1,0.00,0,0,1,0,2026/08/15
横川 凱,読売ジャイアンツ,オリックス・バファローズ,0,0,,0,0,0,0,2026/08/15
横川 凱,読売ジャイアンツ,横浜DeNAベイスターズ,0,0,,0,0,0,0,2026/08/15
横川 凱,読売ジャイアンツ,広島東洋カープ,0,0,,0,0,0,0,2026/08/15
横川 凱,読売ジャイアンツ,阪神タイガース,0,0,,0,0,0,0,2026/08/15
横川 凱,読売ジャイアンツ,埼玉西武ライオンズ,0,0,,0,0,0,0,2026/08/15
横川 凱,読売ジャイアンツ,千葉ロッテマリーンズ,0,0,,0,0,0,0,2026/08/15
横川 凱,読売ジャイアンツ,中日ドラゴンズ,0,0,,0,0,0,0,2026/08/15
横川 凱,読売ジャイアンツ,東京ヤクルトスワローズ,0,0,,0,0,0,0,2026/08/15
横川 凱,読売ジャイアンツ,東北楽天ゴールデンイーグルス,0,0,,0,0,0,0,2026/08/15
横川 凱,読売ジャイアンツ,福岡ソフトバンクホークス,0,0,,0,0,0,0,2026/08/15
横川 凱,読売ジャイアンツ,北海道日本ハムファイターズ,0,0,,0,0,0,0,2026/08/15
泉 圭輔,読売ジャイアンツ,オリックス・バファローズ,0,0,,0,0,0,0,2026/08/15
泉 圭輔,読売ジャイアンツ,横浜DeNAベイスターズ,0,2,0.00,0,0,0,0,2026/08/15
泉 圭輔,読売ジャイアンツ,広島東洋カープ,0,2,10.80,0,0,0,0,2026/08/15
泉 圭輔,読売ジャイアンツ,阪神タイガース,0,2,0.00,0,0,0,0,2026/08/15
泉 圭輔,読売ジャイアンツ,埼玉西武ライオンズ,0,0,,0,0,0,0,2026/08/15
泉 圭輔,読売ジャイアンツ,千葉ロッテマリーンズ,0,0,,0,0,0,0,2026/08/15
泉 圭輔,読売ジャイアンツ,中日ドラゴンズ,0,3,0.00,0,0,0,0,2026/08/15
泉 圭輔,読売ジャイアンツ,東京ヤクルトスワローズ,0,2,6.75,0,0,0,0,2026/08/15
泉 圭輔,読売ジャイアンツ,東北楽天ゴールデンイーグルス,0,0,,0,0,0,0,2026/08/15
泉 圭輔,読売ジャイアンツ,福岡ソフトバンクホークス,0,0,,0,0,0,0,2026/08/15
泉 圭輔,読売ジャイアンツ,北海道日本ハムファイターズ,0,0,,0,0,0,0,2026/08/15
山田 龍聖,読売ジャイアンツ,オリックス・バファローズ,0,0,,0,0,0,0,2026/08/15
山田 龍聖,読売ジャイアンツ,横浜DeNAベイスターズ,0,0,,0,0,0,0,2026/08/15
山田 龍聖,読売ジャイアンツ,広島東洋カープ,0,0,,0,0,0,0,2026/08/15
山田 龍聖,読売ジャイアンツ,阪神タイガース,0,2,0.00,0,0,0,0,2026/08/15
山田 龍聖,読売ジャイアンツ,埼玉西武ライオンズ,0,0,,0,0,0,0,2026/08/15
山田 龍聖,読売ジャイアンツ,千葉ロッテマリーンズ,0,0,,0,0,0,0,2026/08/15
山田 龍聖,読売ジャイアンツ,中日ドラゴンズ,0,0,,0,0,0,0,2026/08/15
山田 龍聖,読売ジャイアンツ,東京ヤクルトスワローズ,0,0,,0,0,0,0,2026/08/15
山田 龍聖,読売ジャイアンツ,東北楽天ゴールデンイーグルス,0,0,,0,0,0,0,2026/08/15
山田 龍聖,読売ジャイアンツ,福岡ソフトバンクホークス,0,0,,0,0,0,0,2026/08/15
山田 龍聖,読売ジャイアンツ,北海道日本ハムファイターズ,0,0,,0,0,0,0,2026/08/15
石川 達也,読売ジャイアンツ,オリックス・バファローズ,0,0,,0,0,0,0,2026/08/15
石川 達也,読売ジャイアンツ,横浜DeNAベイスターズ,0,0,,0,0,0,0,2026/08/15
石川 達也,読売ジャイアンツ,広島東洋カープ,0,1,0.00,0,0,0,0,2026/08/15
石川 達也,読売ジャイアンツ,阪神タイガース,0,2,24.00,0,0,0,0,2026/08/15
石川 達也,読売ジャイアンツ,埼玉西武ライオンズ,0,0,,0,0,0,0,2026/08/15
石川 達也,読売ジャイアンツ,千葉ロッテマリーンズ,0,0,,0,0,0,0,2026/08/15
石川 達也,読売ジャイアンツ,中日ドラゴンズ,0,1,36.00,0,0,0,0,2026/08/15
石川 達也,読売ジャイアンツ,東京ヤクルトスワローズ,0,2,0.00,0,0,0,0,2026/08/15
石川 達也,読売ジャイアンツ,東北楽天ゴールデンイーグルス,0,0,,0,0,0,0,2026/08/15
石川 達也,読売ジャイアンツ,福岡ソフトバンクホークス,0,0,,0,0,0,0,2026/08/15
石川 達也,読売ジャイアンツ,北海道日本ハムファイターズ,0,0,,0,0,0,0,2026/08/15
平内 龍太,読売ジャイアンツ,オリックス・バファローズ,0,0,,0,0,0,0,2026/08/15
平内 龍太,読売ジャイアンツ,横浜DeNAベイスターズ,0,0,,0,0,0,0,2026/08/15
平内 龍太,読売ジャイアンツ,広島東洋カープ,0,1,0.00,0,0,0,0,2026/08/15
平内 龍太,読売ジャイアンツ,阪神タイガース,0,0,,0,0,0,0,2026/08/15
平内 龍太,読売ジャイアンツ,埼玉西武ライオンズ,0,0,,0,0,0,0,2026/08/15
平内 龍太,読売ジャイアンツ,千葉ロッテマリーンズ,0,0,,0,0,0,0,2026/08/15
平内 龍太,読売ジャイアンツ,中日ドラゴンズ,0,0,,0,0,0,0,2026/08/15
平内 龍太,読売ジャイアンツ,東京ヤクルトスワローズ,0,0,,0,0,0,0,2026/08/15
平内 龍太,読売ジャイアンツ,東北楽天ゴールデンイーグルス,0,0,,0,0,0,0,2026/08/15
平内 龍太,読売ジャイアンツ,福岡ソフトバンクホークス,0,0,,0,0,0,0,2026/08/15
平内 龍太,読売ジャイアンツ,北海道日本ハムファイターズ,0,0,,0,0,0,0,2026/08/15
堀田 賢慎,読売ジャイアンツ,オリックス・バファローズ,0,1,4.50,1,0,0,0,2026/08/15
堀田 賢慎,読売ジャイアンツ,横浜DeNAベイスターズ,0,2,0.00,0,0,0,0,2026/08/15
堀田 賢慎,読売ジャイアンツ,広島東洋カープ,0,3,0.00,0,0,2,0,2026/08/15
堀田 賢慎,読売ジャイアンツ,阪神タイガース,0,6,0.00,0,0,0,0,2026/08/15
堀田 賢慎,読売ジャイアンツ,埼玉西武ライオンズ,0,1,0.00,0,0,0,0,2026/08/15
堀田 賢慎,読売ジャイアンツ,千葉ロッテマリーンズ,0,0,,0,0,0,0,2026/08/15
堀田 賢慎,読売ジャイアンツ,中日ドラゴンズ,0,3,0.00,0,0,0,0,2026/08/15
堀田 賢慎,読売ジャイアンツ,東京ヤクルトスワローズ,0,5,0.00,0,0,0,0,2026/08/15
堀田 賢慎,読売ジャイアンツ,東北楽天ゴールデンイーグルス,0,1,0.00,0,0,0,0,2026/08/15
堀田 賢慎,読売ジャイアンツ,福岡ソフトバンクホークス,0,1,0.00,0,0,0,0,2026/08/15
堀田 賢慎,読売ジャイアンツ,北海道日本ハムファイターズ,0,0,,0,0,0,0,2026/08/15
マルティネス,読売ジャイアンツ,オリックス・バファローズ,0,3,0.00,0,0,0,3,2026/08/15
マルティネス,読売ジャイアンツ,横浜DeNAベイスターズ,0,8,1.13,0,0,0,8,2026/08/15
マルティネス,読売ジャイアンツ,広島東洋カープ,0,8,1.29,1,1,1,5,2026/08/15
マルティネス,読売ジャイアンツ,阪神タイガース,0,5,1.80,1,0,0,4,2026/08/15
マルティネス,読売ジャイアンツ,埼玉西武ライオンズ,0,1,0.00,0,0,0,1,2026/08/15
マルティネス,読売ジャイアンツ,千葉ロッテマリーンズ,0,2,4.50,0,0,1,0,2026/08/15
マルティネス,読売ジャイアンツ,中日ドラゴンズ,0,5,0.00,1,0,0,4,2026/08/15
マルティネス,読売ジャイアンツ,東京ヤクルトスワローズ,0,6,3.86,0,2,0,4,2026/08/15
マルティネス,読売ジャイアンツ,東北楽天ゴールデンイーグルス,0,0,,0,0,0,0,2026/08/15
マルティネス,読売ジャイアンツ,福岡ソフトバンクホークス,0,0,,0,0,0,0,2026/08/15
マルティネス,読売ジャイアンツ,北海道日本ハムファイターズ,0,2,4.50,0,0,0,2,2026/08/15
井上 温大,読売ジャイアンツ,オリックス・バファローズ,0,0,,0,0,0,0,2026/08/15
井上 温大,読売ジャイアンツ,横浜DeNAベイスターズ,5,0,0.79,5,0,0,0,2026/08/15
井上 温大,読売ジャイアンツ,広島東洋カープ,2,0,0.64,2,0,0,0,2026/08/15
井上 温大,読売ジャイアンツ,阪神タイガース,3,0,7.80,0,3,0,0,2026/08/15
井上 温大,読売ジャイアンツ,埼玉西武ライオンズ,1,0,1.59,0,1,0,0,2026/08/15
井上 温大,読売ジャイアンツ,千葉ロッテマリーンズ,1,0,2.00,1,0,0,0,2026/08/15
井上 温大,読売ジャイアンツ,中日ドラゴンズ,2,0,0.00,1,0,0,0,2026/08/15
井上 温大,読売ジャイアンツ,東京ヤクルトスワローズ,2,0,3.38,0,2,0,0,2026/08/15
井上 温大,読売ジャイアンツ,東北楽天ゴールデンイーグルス,0,0,,0,0,0,0,2026/08/15
井上 温大,読売ジャイアンツ,福岡ソフトバンクホークス,0,0,,0,0,0,0,2026/08/15
井上 温大,読売ジャイアンツ,北海道日本ハムファイターズ,1,0,3.60,1,0,0,0,2026/08/15
小笠原 慎之介,読売ジャイアンツ,オリックス・バファローズ,0,0,,0,0,0,0,2026/08/15
小笠原 慎之介,読売ジャイアンツ,横浜DeNAベイスターズ,1,0,2.57,0,1,0,0,2026/08/15
小笠原 慎之介,読売ジャイアンツ,広島東洋カープ,0,0,,0,0,0,0,2026/08/15
小笠原 慎之介,読売ジャイアンツ,阪神タイガース,1,0,1.29,0,1,0,0,2026/08/15
小笠原 慎之介,読売ジャイアンツ,埼玉西武ライオンズ,0,0,,0,0,0,0,2026/08/15
小笠原 慎之介,読売ジャイアンツ,千葉ロッテマリーンズ,0,0,,0,0,0,0,2026/08/15
小笠原 慎之介,読売ジャイアンツ,中日ドラゴンズ,1,0,0.00,1,0,0,0,2026/08/15
小笠原 慎之介,読売ジャイアンツ,東京ヤクルトスワローズ,1,0,4.50,1,0,0,0,2026/08/15
小笠原 慎之介,読売ジャイアンツ,東北楽天ゴールデンイーグルス,0,0,,0,0,0,0,2026/08/15
小笠原 慎之介,読売ジャイアンツ,福岡ソフトバンクホークス,0,0,,0,0,0,0,2026/08/15
小笠原 慎之介,読売ジャイアンツ,北海道日本ハムファイターズ,0,0,,0,0,0,0,2026/08/15
岩崎 優,阪神タイガース,オリックス・バファローズ,0,2,0.00,0,0,2,0,2026/08/15
岩崎 優,阪神タイガース,横浜DeNAベイスターズ,0,6,0.00,1,0,2,2,2026/08/15
岩崎 優,阪神タイガース,広島東洋カープ,0,7,2.57,0,0,3,2,2026/08/15
岩崎 優,阪神タイガース,埼玉西武ライオンズ,0,0,,0,0,0,0,2026/08/15
岩崎 優,阪神タイガース,千葉ロッテマリーンズ,0,1,0.00,0,0,1,0,2026/08/15
岩崎 優,阪神タイガース,中日ドラゴンズ,0,8,0.00,1,0,2,5,2026/08/15
岩崎 優,阪神タイガース,東京ヤクルトスワローズ,0,3,21.60,0,1,1,0,2026/08/15
岩崎 優,阪神タイガース,東北楽天ゴールデンイーグルス,0,1,0.00,0,0,1,0,2026/08/15
岩崎 優,阪神タイガース,読売ジャイアンツ,0,7,5.14,0,2,1,2,2026/08/15
岩崎 優,阪神タイガース,福岡ソフトバンクホークス,0,0,,0,0,0,0,2026/08/15
岩崎 優,阪神タイガース,北海道日本ハムファイターズ,0,0,,0,0,0,0,2026/08/15
岩貞 祐太,阪神タイガース,オリックス・バファローズ,0,0,,0,0,0,0,2026/08/15
岩貞 祐太,阪神タイガース,横浜DeNAベイスターズ,0,1,13.50,0,0,0,0,2026/08/15
岩貞 祐太,阪神タイガース,広島東洋カープ,0,0,,0,0,0,0,2026/08/15
岩貞 祐太,阪神タイガース,埼玉西武ライオンズ,0,0,,0,0,0,0,2026/08/15
岩貞 祐太,阪神タイガース,千葉ロッテマリーンズ,0,0,,0,0,0,0,2026/08/15
岩貞 祐太,阪神タイガース,中日ドラゴンズ,0,0,,0,0,0,0,2026/08/15
岩貞 祐太,阪神タイガース,東京ヤクルトスワローズ,0,0,,0,0,0,0,2026/08/15
岩貞 祐太,阪神タイガース,東北楽天ゴールデンイーグルス,0,0,,0,0,0,0,2026/08/15
岩貞 祐太,阪神タイガース,読売ジャイアンツ,0,0,,0,0,0,0,2026/08/15
岩貞 祐太,阪神タイガース,福岡ソフトバンクホークス,0,0,,0,0,0,0,2026/08/15
岩貞 祐太,阪神タイガース,北海道日本ハムファイターズ,0,0,,0,0,0,0,2026/08/15
西 勇輝,阪神タイガース,オリックス・バファローズ,1,0,2.25,0,0,0,0,2026/08/15
西 勇輝,阪神タイガース,横浜DeNAベイスターズ,0,0,,0,0,0,0,2026/08/15
西 勇輝,阪神タイガース,広島東洋カープ,0,0,,0,0,0,0,2026/08/15
西 勇輝,阪神タイガース,埼玉西武ライオンズ,1,0,4.50,0,1,0,0,2026/08/15
西 勇輝,阪神タイガース,千葉ロッテマリーンズ,0,0,,0,0,0,0,2026/08/15
西 勇輝,阪神タイガース,中日ドラゴンズ,1,0,3.60,1,0,0,0,2026/08/15
西 勇輝,阪神タイガース,東京ヤクルトスワローズ,2,0,1.64,2,0,0,0,2026/08/15
西 勇輝,阪神タイガース,東北楽天ゴールデンイーグルス,0,0,,0,0,0,0,2026/08/15
西 勇輝,阪神タイガース,読売ジャイアンツ,0,0,,0,0,0,0,2026/08/15
西 勇輝,阪神タイガース,福岡ソフトバンクホークス,0,0,,0,0,0,0,2026/08/15
西 勇輝,阪神タイガース,北海道日本ハムファイターズ,1,0,1.50,0,1,0,0,2026/08/15
伊原 陵人,阪神タイガース,オリックス・バファローズ,0,0,,0,0,0,0,2026/08/15
伊原 陵人,阪神タイガース,横浜DeNAベイスターズ,1,0,1.80,1,0,0,0,2026/08/15
伊原 陵人,阪神タイガース,広島東洋カープ,0,0,,0,0,0,0,2026/08/15
伊原 陵人,阪神タイガース,埼玉西武ライオンズ,0,0,,0,0,0,0,2026/08/15
伊原 陵人,阪神タイガース,千葉ロッテマリーンズ,0,0,,0,0,0,0,2026/08/15
伊原 陵人,阪神タイガース,中日ドラゴンズ,4,0,3.78,1,1,0,0,2026/08/15
伊原 陵人,阪神タイガース,東京ヤクルトスワローズ,0,0,,0,0,0,0,2026/08/15
伊原 陵人,阪神タイガース,東北楽天ゴールデンイーグルス,0,0,,0,0,0,0,2026/08/15
伊原 陵人,阪神タイガース,読売ジャイアンツ,2,0,3.86,1,1,0,0,2026/08/15
伊原 陵人,阪神タイガース,福岡ソフトバンクホークス,0,0,,0,0,0,0,2026/08/15
伊原 陵人,阪神タイガース,北海道日本ハムファイターズ,0,0,,0,0,0,0,2026/08/15
下村 海翔,阪神タイガース,オリックス・バファローズ,0,0,,0,0,0,0,2026/08/15
下村 海翔,阪神タイガース,横浜DeNAベイスターズ,1,0,1.50,0,0,0,0,2026/08/15
下村 海翔,阪神タイガース,広島東洋カープ,0,0,,0,0,0,0,2026/08/15
下村 海翔,阪神タイガース,埼玉西武ライオンズ,0,0,,0,0,0,0,2026/08/15
下村 海翔,阪神タイガース,千葉ロッテマリーンズ,0,0,,0,0,0,0,2026/08/15
下村 海翔,阪神タイガース,中日ドラゴンズ,1,0,3.60,0,0,0,0,2026/08/15
下村 海翔,阪神タイガース,東京ヤクルトスワローズ,2,0,1.64,0,1,0,0,2026/08/15
下村 海翔,阪神タイガース,東北楽天ゴールデンイーグルス,0,0,,0,0,0,0,2026/08/15
下村 海翔,阪神タイガース,読売ジャイアンツ,1,0,3.60,1,0,0,0,2026/08/15
下村 海翔,阪神タイガース,福岡ソフトバンクホークス,0,0,,0,0,0,0,2026/08/15
下村 海翔,阪神タイガース,北海道日本ハムファイターズ,0,0,,0,0,0,0,2026/08/15
大竹 耕太郎,阪神タイガース,オリックス・バファローズ,0,0,,0,0,0,0,2026/08/15
大竹 耕太郎,阪神タイガース,横浜DeNAベイスターズ,3,0,3.20,1,2,0,0,2026/08/15
大竹 耕太郎,阪神タイガース,広島東洋カープ,5,0,4.32,1,3,0,0,2026/08/15
大竹 耕太郎,阪神タイガース,埼玉西武ライオンズ,1,0,1.29,0,1,0,0,2026/08/15
大竹 耕太郎,阪神タイガース,千葉ロッテマリーンズ,0,0,,0,0,0,0,2026/08/15
大竹 耕太郎,阪神タイガース,中日ドラゴンズ,1,0,4.50,0,0,0,0,2026/08/15
大竹 耕太郎,阪神タイガース,東京ヤクルトスワローズ,0,0,,0,0,0,0,2026/08/15
大竹 耕太郎,阪神タイガース,東北楽天ゴールデンイーグルス,1,0,0.00,1,0,0,0,2026/08/15
大竹 耕太郎,阪神タイガース,読売ジャイアンツ,1,0,1.29,1,0,0,0,2026/08/15
大竹 耕太郎,阪神タイガース,福岡ソフトバンクホークス,1,0,3.60,0,1,0,0,2026/08/15
大竹 耕太郎,阪神タイガース,北海道日本ハムファイターズ,1,0,1.80,0,1,0,0,2026/08/15
椎葉 剛,阪神タイガース,オリックス・バファローズ,0,0,,0,0,0,0,2026/08/15
椎葉 剛,阪神タイガース,横浜DeNAベイスターズ,0,0,,0,0,0,0,2026/08/15
椎葉 剛,阪神タイガース,広島東洋カープ,0,1,0.00,0,0,0,0,2026/08/15
椎葉 剛,阪神タイガース,埼玉西武ライオンズ,0,0,,0,0,0,0,2026/08/15
椎葉 剛,阪神タイガース,千葉ロッテマリーンズ,0,0,,0,0,0,0,2026/08/15
椎葉 剛,阪神タイガース,中日ドラゴンズ,0,2,0.00,0,0,0,0,2026/08/15
椎葉 剛,阪神タイガース,東京ヤクルトスワローズ,0,0,,0,0,0,0,2026/08/15
椎葉 剛,阪神タイガース,東北楽天ゴールデンイーグルス,0,0,,0,0,0,0,2026/08/15
椎葉 剛,阪神タイガース,読売ジャイアンツ,0,0,,0,0,0,0,2026/08/15
椎葉 剛,阪神タイガース,福岡ソフトバンクホークス,0,1,22.50,0,0,0,0,2026/08/15
椎葉 剛,阪神タイガース,北海道日本ハムファイターズ,0,0,,0,0,0,0,2026/08/15
伊藤 将司,阪神タイガース,オリックス・バファローズ,0,0,,0,0,0,0,2026/08/15
伊藤 将司,阪神タイガース,横浜DeNAベイスターズ,0,0,,0,0,0,0,2026/08/15
伊藤 将司,阪神タイガース,広島東洋カープ,1,0,3.38,0,1,0,0,2026/08/15
伊藤 将司,阪神タイガース,埼玉西武ライオンズ,0,0,,0,0,0,0,2026/08/15
伊藤 将司,阪神タイガース,千葉ロッテマリーンズ,0,0,,0,0,0,0,2026/08/15
伊藤 将司,阪神タイガース,中日ドラゴンズ,1,0,0.00,0,0,0,0,2026/08/15
伊藤 将司,阪神タイガース,東京ヤクルトスワローズ,2,0,2.25,1,0,0,0,2026/08/15
伊藤 将司,阪神タイガース,東北楽天ゴールデンイーグルス,0,0,,0,0,0,0,2026/08/15
伊藤 将司,阪神タイガース,読売ジャイアンツ,1,0,11.57,0,0,0,0,2026/08/15
伊藤 将司,阪神タイガース,福岡ソフトバンクホークス,1,0,3.60,0,0,0,0,2026/08/15
伊藤 将司,阪神タイガース,北海道日本ハムファイターズ,0,0,,0,0,0,0,2026/08/15
今朝丸 裕喜,阪神タイガース,オリックス・バファローズ,0,0,,0,0,0,0,2026/08/15
今朝丸 裕喜,阪神タイガース,横浜DeNAベイスターズ,0,0,,0,0,0,0,2026/08/15
今朝丸 裕喜,阪神タイガース,広島東洋カープ,0,1,0.00,0,0,0,0,2026/08/15
今朝丸 裕喜,阪神タイガース,埼玉西武ライオンズ,0,0,,0,0,0,0,2026/08/15
今朝丸 裕喜,阪神タイガース,千葉ロッテマリーンズ,0,0,,0,0,0,0,2026/08/15
今朝丸 裕喜,阪神タイガース,中日ドラゴンズ,1,0,9.00,0,1,0,0,2026/08/15
今朝丸 裕喜,阪神タイガース,東京ヤクルトスワローズ,0,0,,0,0,0,0,2026/08/15
今朝丸 裕喜,阪神タイガース,東北楽天ゴールデンイーグルス,0,0,,0,0,0,0,2026/08/15
今朝丸 裕喜,阪神タイガース,読売ジャイアンツ,0,1,9.00,0,0,0,0,2026/08/15
今朝丸 裕喜,阪神タイガース,福岡ソフトバンクホークス,0,0,,0,0,0,0,2026/08/15
今朝丸 裕喜,阪神タイガース,北海道日本ハムファイターズ,0,0,,0,0,0,0,2026/08/15
髙橋 遥人,阪神タイガース,オリックス・バファローズ,1,0,3.00,1,0,0,0,2026/08/15
髙橋 遥人,阪神タイガース,横浜DeNAベイスターズ,3,0,3.32,1,1,0,0,2026/08/15
髙橋 遥人,阪神タイガース,広島東洋カープ,2,0,3.00,1,0,0,0,2026/08/15
髙橋 遥人,阪神タイガース,埼玉西武ライオンズ,0,0,,0,0,0,0,2026/08/15
髙橋 遥人,阪神タイガース,千葉ロッテマリーンズ,1,0,0.00,1,0,0,0,2026/08/15
髙橋 遥人,阪神タイガース,中日ドラゴンズ,3,0,0.69,3,0,0,0,2026/08/15
髙橋 遥人,阪神タイガース,東京ヤクルトスワローズ,2,0,0.60,1,0,0,0,2026/08/15
髙橋 遥人,阪神タイガース,東北楽天ゴールデンイーグルス,1,0,1.29,1,0,0,0,2026/08/15
髙橋 遥人,阪神タイガース,読売ジャイアンツ,4,0,2.86,3,1,0,0,2026/08/15
髙橋 遥人,阪神タイガース,福岡ソフトバンクホークス,0,0,,0,0,0,0,2026/08/15
髙橋 遥人,阪神タイガース,北海道日本ハムファイターズ,0,0,,0,0,0,0,2026/08/15
門別 啓人,阪神タイガース,オリックス・バファローズ,0,0,,0,0,0,0,2026/08/15
門別 啓人,阪神タイガース,横浜DeNAベイスターズ,0,0,,0,0,0,0,2026/08/15
門別 啓人,阪神タイガース,広島東洋カープ,0,1,10.80,0,0,0,0,2026/08/15
門別 啓人,阪神タイガース,埼玉西武ライオンズ,0,1,4.50,0,0,0,0,2026/08/15
門別 啓人,阪神タイガース,千葉ロッテマリーンズ,0,0,,0,0,0,0,2026/08/15
門別 啓人,阪神タイガース,中日ドラゴンズ,1,1,9.00,0,1,0,0,2026/08/15
門別 啓人,阪神タイガース,東京ヤクルトスワローズ,0,2,0.00,1,0,1,0,2026/08/15
門別 啓人,阪神タイガース,東北楽天ゴールデンイーグルス,0,0,,0,0,0,0,2026/08/15
門別 啓人,阪神タイガース,読売ジャイアンツ,0,2,0.00,0,0,0,0,2026/08/15
門別 啓人,阪神タイガース,福岡ソフトバンクホークス,0,1,0.00,0,0,0,0,2026/08/15
門別 啓人,阪神タイガース,北海道日本ハムファイターズ,0,2,0.00,0,0,0,0,2026/08/15
才木 浩人,阪神タイガース,オリックス・バファローズ,0,0,,0,0,0,0,2026/08/15
才木 浩人,阪神タイガース,横浜DeNAベイスターズ,3,0,3.50,2,0,0,0,2026/08/15
才木 浩人,阪神タイガース,広島東洋カープ,3,0,2.84,1,2,0,0,2026/08/15
才木 浩人,阪神タイガース,埼玉西武ライオンズ,1,0,1.50,0,1,0,0,2026/08/15
才木 浩人,阪神タイガース,千葉ロッテマリーンズ,1,0,3.00,0,0,0,0,2026/08/15
才木 浩人,阪神タイガース,中日ドラゴンズ,2,0,0.60,0,0,0,0,2026/08/15
才木 浩人,阪神タイガース,東京ヤクルトスワローズ,4,0,4.15,1,1,0,0,2026/08/15
才木 浩人,阪神タイガース,東北楽天ゴールデンイーグルス,0,0,,0,0,0,0,2026/08/15
才木 浩人,阪神タイガース,読売ジャイアンツ,5,0,1.53,3,0,0,0,2026/08/15
才木 浩人,阪神タイガース,福岡ソフトバンクホークス,1,0,15.00,0,1,0,0,2026/08/15
才木 浩人,阪神タイガース,北海道日本ハムファイターズ,0,0,,0,0,0,0,2026/08/15
畠 世周,阪神タイガース,オリックス・バファローズ,0,1,0.00,0,0,1,0,2026/08/15
畠 世周,阪神タイガース,横浜DeNAベイスターズ,0,1,18.00,0,0,0,0,2026/08/15
畠 世周,阪神タイガース,広島東洋カープ,0,0,,0,0,0,0,2026/08/15
畠 世周,阪神タイガース,埼玉西武ライオンズ,0,0,,0,0,0,0,2026/08/15
畠 世周,阪神タイガース,千葉ロッテマリーンズ,0,1,0.00,0,0,1,0,2026/08/15
畠 世周,阪神タイガース,中日ドラゴンズ,0,2,0.00,0,0,0,0,2026/08/15
畠 世周,阪神タイガース,東京ヤクルトスワローズ,0,0,,0,0,0,0,2026/08/15
畠 世周,阪神タイガース,東北楽天ゴールデンイーグルス,0,2,0.00,0,0,1,0,2026/08/15
畠 世周,阪神タイガース,読売ジャイアンツ,0,0,,0,0,0,0,2026/08/15
畠 世周,阪神タイガース,福岡ソフトバンクホークス,0,2,4.50,0,1,0,0,2026/08/15
畠 世周,阪神タイガース,北海道日本ハムファイターズ,0,2,0.00,0,0,0,0,2026/08/15
及川 雅貴,阪神タイガース,オリックス・バファローズ,0,0,,0,0,0,0,2026/08/15
及川 雅貴,阪神タイガース,横浜DeNAベイスターズ,0,4,4.50,0,0,1,0,2026/08/15
及川 雅貴,阪神タイガース,広島東洋カープ,0,4,0.00,0,0,0,0,2026/08/15
及川 雅貴,阪神タイガース,埼玉西武ライオンズ,0,2,0.00,0,0,0,0,2026/08/15
及川 雅貴,阪神タイガース,千葉ロッテマリーンズ,0,1,0.00,0,0,0,0,2026/08/15
及川 雅貴,阪神タイガース,中日ドラゴンズ,0,3,6.00,0,1,1,0,2026/08/15
及川 雅貴,阪神タイガース,東京ヤクルトスワローズ,0,3,0.00,1,0,1,0,2026/08/15
及川 雅貴,阪神タイガース,東北楽天ゴールデンイーグルス,0,1,13.50,0,0,0,0,2026/08/15
及川 雅貴,阪神タイガース,読売ジャイアンツ,0,7,2.57,1,0,0,0,2026/08/15
及川 雅貴,阪神タイガース,福岡ソフトバンクホークス,0,2,16.20,0,0,0,0,2026/08/15
及川 雅貴,阪神タイガース,北海道日本ハムファイターズ,0,1,18.00,0,0,0,0,2026/08/15
村上 頌樹,阪神タイガース,オリックス・バファローズ,1,0,2.57,0,1,0,0,2026/08/15
村上 頌樹,阪神タイガース,横浜DeNAベイスターズ,3,0,1.80,1,2,0,0,2026/08/15
村上 頌樹,阪神タイガース,広島東洋カープ,6,0,1.93,3,1,0,0,2026/08/15
村上 頌樹,阪神タイガース,埼玉西武ライオンズ,0,0,,0,0,0,0,2026/08/15
村上 頌樹,阪神タイガース,千葉ロッテマリーンズ,1,0,2.45,1,0,0,0,2026/08/15
村上 頌樹,阪神タイガース,中日ドラゴンズ,2,0,1.38,0,0,0,0,2026/08/15
村上 頌樹,阪神タイガース,東京ヤクルトスワローズ,1,0,0.00,0,0,0,0,2026/08/15
村上 頌樹,阪神タイガース,東北楽天ゴールデンイーグルス,1,0,0.00,1,0,0,0,2026/08/15
村上 頌樹,阪神タイガース,読売ジャイアンツ,5,0,2.19,3,2,0,0,2026/08/15
村上 頌樹,阪神タイガース,福岡ソフトバンクホークス,0,0,,0,0,0,0,2026/08/15
村上 頌樹,阪神タイガース,北海道日本ハムファイターズ,0,0,,0,0,0,0,2026/08/15
ルーカス,阪神タイガース,オリックス・バファローズ,0,0,,0,0,0,0,2026/08/15
ルーカス,阪神タイガース,横浜DeNAベイスターズ,1,0,7.71,0,1,0,0,2026/08/15
ルーカス,阪神タイガース,広島東洋カープ,0,0,,0,0,0,0,2026/08/15
ルーカス,阪神タイガース,埼玉西武ライオンズ,0,0,,0,0,0,0,2026/08/15
ルーカス,阪神タイガース,千葉ロッテマリーンズ,0,0,,0,0,0,0,2026/08/15
ルーカス,阪神タイガース,中日ドラゴンズ,0,0,,0,0,0,0,2026/08/15
ルーカス,阪神タイガース,東京ヤクルトスワローズ,1,0,1.80,0,0,0,0,2026/08/15
ルーカス,阪神タイガース,東北楽天ゴールデンイーグルス,0,0,,0,0,0,0,2026/08/15
ルーカス,阪神タイガース,読売ジャイアンツ,1,0,7.20,0,1,0,0,2026/08/15
ルーカス,阪神タイガース,福岡ソフトバンクホークス,0,0,,0,0,0,0,2026/08/15
ルーカス,阪神タイガース,北海道日本ハムファイターズ,0,0,,0,0,0,0,2026/08/15
早瀬 朔,阪神タイガース,オリックス・バファローズ,0,0,,0,0,0,0,2026/08/15
早瀬 朔,阪神タイガース,横浜DeNAベイスターズ,0,0,,0,0,0,0,2026/08/15
早瀬 朔,阪神タイガース,広島東洋カープ,0,0,,0,0,0,0,2026/08/15
早瀬 朔,阪神タイガース,埼玉西武ライオンズ,0,0,,0,0,0,0,2026/08/15
早瀬 朔,阪神タイガース,千葉ロッテマリーンズ,0,0,,0,0,0,0,2026/08/15
早瀬 朔,阪神タイガース,中日ドラゴンズ,0,0,,0,0,0,0,2026/08/15
早瀬 朔,阪神タイガース,東京ヤクルトスワローズ,0,0,,0,0,0,0,2026/08/15
早瀬 朔,阪神タイガース,東北楽天ゴールデンイーグルス,0,0,,0,0,0,0,2026/08/15
早瀬 朔,阪神タイガース,読売ジャイアンツ,0,0,,0,0,0,0,2026/08/15
早瀬 朔,阪神タイガース,福岡ソフトバンクホークス,0,0,,0,0,0,0,2026/08/15
早瀬 朔,阪神タイガース,北海道日本ハムファイターズ,0,0,,0,0,0,0,2026/08/15
ラグズデール,阪神タイガース,オリックス・バファローズ,0,0,,0,0,0,0,2026/08/15
ラグズデール,阪神タイガース,横浜DeNAベイスターズ,0,0,,0,0,0,0,2026/08/15
ラグズデール,阪神タイガース,広島東洋カープ,0,0,,0,0,0,0,2026/08/15
ラグズデール,阪神タイガース,埼玉西武ライオンズ,0,0,,0,0,0,0,2026/08/15
ラグズデール,阪神タイガース,千葉ロッテマリーンズ,0,0,,0,0,0,0,2026/08/15
ラグズデール,阪神タイガース,中日ドラゴンズ,0,0,,0,0,0,0,2026/08/15
ラグズデール,阪神タイガース,東京ヤクルトスワローズ,0,0,,0,0,0,0,2026/08/15
ラグズデール,阪神タイガース,東北楽天ゴールデンイーグルス,0,0,,0,0,0,0,2026/08/15
ラグズデール,阪神タイガース,読売ジャイアンツ,0,0,,0,0,0,0,2026/08/15
ラグズデール,阪神タイガース,福岡ソフトバンクホークス,0,0,,0,0,0,0,2026/08/15
ラグズデール,阪神タイガース,北海道日本ハムファイターズ,0,0,,0,0,0,0,2026/08/15
桐敷 拓馬,阪神タイガース,オリックス・バファローズ,0,0,,0,0,0,0,2026/08/15
桐敷 拓馬,阪神タイガース,横浜DeNAベイスターズ,0,3,27.00,0,0,2,0,2026/08/15
桐敷 拓馬,阪神タイガース,広島東洋カープ,0,5,4.15,0,1,3,0,2026/08/15
桐敷 拓馬,阪神タイガース,埼玉西武ライオンズ,0,0,,0,0,0,0,2026/08/15
桐敷 拓馬,阪神タイガース,千葉ロッテマリーンズ,0,0,,0,0,0,0,2026/08/15
桐敷 拓馬,阪神タイガース,中日ドラゴンズ,0,4,0.00,0,0,2,0,2026/08/15
桐敷 拓馬,阪神タイガース,東京ヤクルトスワローズ,0,3,11.57,0,1,0,1,2026/08/15
桐敷 拓馬,阪神タイガース,東北楽天ゴールデンイーグルス,0,0,,0,0,0,0,2026/08/15
桐敷 拓馬,阪神タイガース,読売ジャイアンツ,0,3,0.00,0,0,0,0,2026/08/15
桐敷 拓馬,阪神タイガース,福岡ソフトバンクホークス,0,0,,0,0,0,0,2026/08/15
桐敷 拓馬,阪神タイガース,北海道日本ハムファイターズ,0,1,13.50,0,0,0,0,2026/08/15
茨木 秀俊,阪神タイガース,オリックス・バファローズ,0,0,,0,0,0,0,2026/08/15
茨木 秀俊,阪神タイガース,横浜DeNAベイスターズ,1,0,9.64,0,0,0,0,2026/08/15
茨木 秀俊,阪神タイガース,広島東洋カープ,0,0,,0,0,0,0,2026/08/15
茨木 秀俊,阪神タイガース,埼玉西武ライオンズ,0,0,,0,0,0,0,2026/08/15
茨木 秀俊,阪神タイガース,千葉ロッテマリーンズ,0,0,,0,0,0,0,2026/08/15
茨木 秀俊,阪神タイガース,中日ドラゴンズ,1,0,18.00,0,0,0,0,2026/08/15
茨木 秀俊,阪神タイガース,東京ヤクルトスワローズ,1,0,0.00,1,0,0,0,2026/08/15
茨木 秀俊,阪神タイガース,東北楽天ゴールデンイーグルス,0,0,,0,0,0,0,2026/08/15
茨木 秀俊,阪神タイガース,読売ジャイアンツ,0,0,,0,0,0,0,2026/08/15
茨木 秀俊,阪神タイガース,福岡ソフトバンクホークス,0,0,,0,0,0,0,2026/08/15
茨木 秀俊,阪神タイガース,北海道日本ハムファイターズ,0,0,,0,0,0,0,2026/08/15
工藤 泰成,阪神タイガース,オリックス・バファローズ,0,1,0.00,0,0,1,0,2026/08/15
工藤 泰成,阪神タイガース,横浜DeNAベイスターズ,0,6,0.00,0,0,1,0,2026/08/15
工藤 泰成,阪神タイガース,広島東洋カープ,0,4,2.25,1,0,1,0,2026/08/15
工藤 泰成,阪神タイガース,埼玉西武ライオンズ,0,3,0.00,0,0,0,0,2026/08/15
工藤 泰成,阪神タイガース,千葉ロッテマリーンズ,0,0,,0,0,0,0,2026/08/15
工藤 泰成,阪神タイガース,中日ドラゴンズ,0,7,1.00,0,0,4,0,2026/08/15
工藤 泰成,阪神タイガース,東京ヤクルトスワローズ,0,8,0.00,1,0,3,1,2026/08/15
工藤 泰成,阪神タイガース,東北楽天ゴールデンイーグルス,0,1,0.00,0,0,0,0,2026/08/15
工藤 泰成,阪神タイガース,読売ジャイアンツ,0,4,0.00,0,0,0,1,2026/08/15
工藤 泰成,阪神タイガース,福岡ソフトバンクホークス,0,1,0.00,0,0,0,0,2026/08/15
工藤 泰成,阪神タイガース,北海道日本ハムファイターズ,0,3,11.57,0,0,0,0,2026/08/15
富田 蓮,阪神タイガース,オリックス・バファローズ,0,0,,0,0,0,0,2026/08/15
富田 蓮,阪神タイガース,横浜DeNAベイスターズ,0,0,,0,0,0,0,2026/08/15
富田 蓮,阪神タイガース,広島東洋カープ,0,0,,0,0,0,0,2026/08/15
富田 蓮,阪神タイガース,埼玉西武ライオンズ,0,0,,0,0,0,0,2026/08/15
富田 蓮,阪神タイガース,千葉ロッテマリーンズ,0,0,,0,0,0,0,2026/08/15
富田 蓮,阪神タイガース,中日ドラゴンズ,0,0,,0,0,0,0,2026/08/15
富田 蓮,阪神タイガース,東京ヤクルトスワローズ,0,1,13.50,0,0,0,0,2026/08/15
富田 蓮,阪神タイガース,東北楽天ゴールデンイーグルス,0,0,,0,0,0,0,2026/08/15
富田 蓮,阪神タイガース,読売ジャイアンツ,0,0,,0,0,0,0,2026/08/15
富田 蓮,阪神タイガース,福岡ソフトバンクホークス,0,0,,0,0,0,0,2026/08/15
富田 蓮,阪神タイガース,北海道日本ハムファイターズ,0,0,,0,0,0,0,2026/08/15
早川 太貴,阪神タイガース,オリックス・バファローズ,0,0,,0,0,0,0,2026/08/15
早川 太貴,阪神タイガース,横浜DeNAベイスターズ,0,1,22.50,0,0,0,0,2026/08/15
早川 太貴,阪神タイガース,広島東洋カープ,0,2,0.00,0,0,0,0,2026/08/15
早川 太貴,阪神タイガース,埼玉西武ライオンズ,0,0,,0,0,0,0,2026/08/15
早川 太貴,阪神タイガース,千葉ロッテマリーンズ,0,0,,0,0,0,0,2026/08/15
早川 太貴,阪神タイガース,中日ドラゴンズ,1,1,15.75,0,1,0,0,2026/08/15
早川 太貴,阪神タイガース,東京ヤクルトスワローズ,0,3,4.50,0,1,0,0,2026/08/15
早川 太貴,阪神タイガース,東北楽天ゴールデンイーグルス,0,0,,0,0,0,0,2026/08/15
早川 太貴,阪神タイガース,読売ジャイアンツ,0,1,0.00,0,0,1,0,2026/08/15
早川 太貴,阪神タイガース,福岡ソフトバンクホークス,0,0,,0,0,0,0,2026/08/15
早川 太貴,阪神タイガース,北海道日本ハムファイターズ,0,0,,0,0,0,0,2026/08/15
木下 里都,阪神タイガース,オリックス・バファローズ,0,3,2.70,0,0,1,0,2026/08/15
木下 里都,阪神タイガース,横浜DeNAベイスターズ,0,5,1.93,1,0,0,0,2026/08/15
木下 里都,阪神タイガース,広島東洋カープ,0,3,4.91,0,0,0,0,2026/08/15
木下 里都,阪神タイガース,埼玉西武ライオンズ,0,2,0.00,0,0,0,0,2026/08/15
木下 里都,阪神タイガース,千葉ロッテマリーンズ,0,0,,0,0,0,0,2026/08/15
木下 里都,阪神タイガース,中日ドラゴンズ,0,3,0.00,2,0,1,0,2026/08/15
木下 里都,阪神タイガース,東京ヤクルトスワローズ,0,5,0.00,0,0,2,0,2026/08/15
木下 里都,阪神タイガース,東北楽天ゴールデンイーグルス,0,0,,0,0,0,0,2026/08/15
木下 里都,阪神タイガース,読売ジャイアンツ,0,4,0.00,0,0,1,0,2026/08/15
木下 里都,阪神タイガース,福岡ソフトバンクホークス,0,0,,0,0,0,0,2026/08/15
木下 里都,阪神タイガース,北海道日本ハムファイターズ,1,0,6.75,0,1,0,0,2026/08/15
能登 嵩都,阪神タイガース,オリックス・バファローズ,0,0,,0,0,0,0,2026/08/15
能登 嵩都,阪神タイガース,横浜DeNAベイスターズ,0,0,,0,0,0,0,2026/08/15
能登 嵩都,阪神タイガース,広島東洋カープ,0,0,,0,0,0,0,2026/08/15
能登 嵩都,阪神タイガース,埼玉西武ライオンズ,0,0,,0,0,0,0,2026/08/15
能登 嵩都,阪神タイガース,千葉ロッテマリーンズ,0,0,,0,0,0,0,2026/08/15
能登 嵩都,阪神タイガース,中日ドラゴンズ,0,0,,0,0,0,0,2026/08/15
能登 嵩都,阪神タイガース,東京ヤクルトスワローズ,0,0,,0,0,0,0,2026/08/15
能登 嵩都,阪神タイガース,東北楽天ゴールデンイーグルス,0,0,,0,0,0,0,2026/08/15
能登 嵩都,阪神タイガース,読売ジャイアンツ,0,0,,0,0,0,0,2026/08/15
能登 嵩都,阪神タイガース,福岡ソフトバンクホークス,0,0,,0,0,0,0,2026/08/15
能登 嵩都,阪神タイガース,北海道日本ハムファイターズ,0,0,,0,0,0,0,2026/08/15
石黒 佑弥,阪神タイガース,オリックス・バファローズ,0,0,,0,0,0,0,2026/08/15
石黒 佑弥,阪神タイガース,横浜DeNAベイスターズ,0,3,2.08,0,0,0,0,2026/08/15
石黒 佑弥,阪神タイガース,広島東洋カープ,0,2,0.00,0,0,0,0,2026/08/15
石黒 佑弥,阪神タイガース,埼玉西武ライオンズ,0,0,,0,0,0,0,2026/08/15
石黒 佑弥,阪神タイガース,千葉ロッテマリーンズ,0,0,,0,0,0,0,2026/08/15
石黒 佑弥,阪神タイガース,中日ドラゴンズ,0,4,9.45,0,0,0,0,2026/08/15
石黒 佑弥,阪神タイガース,東京ヤクルトスワローズ,0,3,2.45,0,0,0,0,2026/08/15
石黒 佑弥,阪神タイガース,東北楽天ゴールデンイーグルス,0,1,0.00,0,0,0,0,2026/08/15
石黒 佑弥,阪神タイガース,読売ジャイアンツ,0,0,,0,0,0,0,2026/08/15
石黒 佑弥,阪神タイガース,福岡ソフトバンクホークス,0,0,,0,0,0,0,2026/08/15
石黒 佑弥,阪神タイガース,北海道日本ハムファイターズ,0,0,,0,0,0,0,2026/08/15
岡留 英貴,阪神タイガース,オリックス・バファローズ,0,0,,0,0,0,0,2026/08/15
岡留 英貴,阪神タイガース,横浜DeNAベイスターズ,0,0,,0,0,0,0,2026/08/15
岡留 英貴,阪神タイガース,広島東洋カープ,0,0,,0,0,0,0,2026/08/15
岡留 英貴,阪神タイガース,埼玉西武ライオンズ,0,0,,0,0,0,0,2026/08/15
岡留 英貴,阪神タイガース,千葉ロッテマリーンズ,0,0,,0,0,0,0,2026/08/15
岡留 英貴,阪神タイガース,中日ドラゴンズ,0,0,,0,0,0,0,2026/08/15
岡留 英貴,阪神タイガース,東京ヤクルトスワローズ,0,0,,0,0,0,0,2026/08/15
岡留 英貴,阪神タイガース,東北楽天ゴールデンイーグルス,0,0,,0,0,0,0,2026/08/15
岡留 英貴,阪神タイガース,読売ジャイアンツ,0,0,,0,0,0,0,2026/08/15
岡留 英貴,阪神タイガース,福岡ソフトバンクホークス,0,0,,0,0,0,0,2026/08/15
岡留 英貴,阪神タイガース,北海道日本ハムファイターズ,0,0,,0,0,0,0,2026/08/15
湯浅 京己,阪神タイガース,オリックス・バファローズ,0,0,,0,0,0,0,2026/08/15
湯浅 京己,阪神タイガース,横浜DeNAベイスターズ,0,2,20.25,0,0,0,0,2026/08/15
湯浅 京己,阪神タイガース,広島東洋カープ,0,1,9.00,0,0,0,0,2026/08/15
湯浅 京己,阪神タイガース,埼玉西武ライオンズ,0,1,0.00,0,0,0,0,2026/08/15
湯浅 京己,阪神タイガース,千葉ロッテマリーンズ,0,0,,0,0,0,0,2026/08/15
湯浅 京己,阪神タイガース,中日ドラゴンズ,0,4,2.25,3,0,0,0,2026/08/15
湯浅 京己,阪神タイガース,東京ヤクルトスワローズ,0,5,0.00,0,0,1,0,2026/08/15
湯浅 京己,阪神タイガース,東北楽天ゴールデンイーグルス,0,1,0.00,0,0,0,0,2026/08/15
湯浅 京己,阪神タイガース,読売ジャイアンツ,0,5,3.60,0,0,0,0,2026/08/15
湯浅 京己,阪神タイガース,福岡ソフトバンクホークス,0,1,0.00,0,0,1,0,2026/08/15
湯浅 京己,阪神タイガース,北海道日本ハムファイターズ,0,2,0.00,0,0,0,0,2026/08/15
津田 淳哉,阪神タイガース,オリックス・バファローズ,0,0,,0,0,0,0,2026/08/15
津田 淳哉,阪神タイガース,横浜DeNAベイスターズ,0,1,27.00,0,0,0,0,2026/08/15
津田 淳哉,阪神タイガース,広島東洋カープ,0,1,0.00,0,0,0,0,2026/08/15
津田 淳哉,阪神タイガース,埼玉西武ライオンズ,0,0,,0,0,0,0,2026/08/15
津田 淳哉,阪神タイガース,千葉ロッテマリーンズ,0,0,,0,0,0,0,2026/08/15
津田 淳哉,阪神タイガース,中日ドラゴンズ,0,1,4.50,0,0,0,0,2026/08/15
津田 淳哉,阪神タイガース,東京ヤクルトスワローズ,0,1,0.00,0,0,0,0,2026/08/15
津田 淳哉,阪神タイガース,東北楽天ゴールデンイーグルス,0,0,,0,0,0,0,2026/08/15
津田 淳哉,阪神タイガース,読売ジャイアンツ,0,2,0.00,0,0,0,0,2026/08/15
津田 淳哉,阪神タイガース,福岡ソフトバンクホークス,0,1,0.00,0,0,0,0,2026/08/15
津田 淳哉,阪神タイガース,北海道日本ハムファイターズ,0,0,,0,0,0,0,2026/08/15
石井 大智,阪神タイガース,オリックス・バファローズ,0,0,,0,0,0,0,2026/08/15
石井 大智,阪神タイガース,横浜DeNAベイスターズ,0,0,,0,0,0,0,2026/08/15
石井 大智,阪神タイガース,広島東洋カープ,0,0,,0,0,0,0,2026/08/15
石井 大智,阪神タイガース,埼玉西武ライオンズ,0,0,,0,0,0,0,2026/08/15
石井 大智,阪神タイガース,千葉ロッテマリーンズ,0,0,,0,0,0,0,2026/08/15
石井 大智,阪神タイガース,中日ドラゴンズ,0,0,,0,0,0,0,2026/08/15
石井 大智,阪神タイガース,東京ヤクルトスワローズ,0,0,,0,0,0,0,2026/08/15
石井 大智,阪神タイガース,東北楽天ゴールデンイーグルス,0,0,,0,0,0,0,2026/08/15
石井 大智,阪神タイガース,読売ジャイアンツ,0,0,,0,0,0,0,2026/08/15
石井 大智,阪神タイガース,福岡ソフトバンクホークス,0,0,,0,0,0,0,2026/08/15
石井 大智,阪神タイガース,北海道日本ハムファイターズ,0,0,,0,0,0,0,2026/08/15
神宮 僚介,阪神タイガース,オリックス・バファローズ,0,0,,0,0,0,0,2026/08/15
神宮 僚介,阪神タイガース,横浜DeNAベイスターズ,0,1,0.00,0,0,0,0,2026/08/15
神宮 僚介,阪神タイガース,広島東洋カープ,0,2,0.00,0,0,0,0,2026/08/15
神宮 僚介,阪神タイガース,埼玉西武ライオンズ,0,0,,0,0,0,0,2026/08/15
神宮 僚介,阪神タイガース,千葉ロッテマリーンズ,0,0,,0,0,0,0,2026/08/15
神宮 僚介,阪神タイガース,中日ドラゴンズ,0,1,0.00,0,0,0,0,2026/08/15
神宮 僚介,阪神タイガース,東京ヤクルトスワローズ,0,0,,0,0,0,0,2026/08/15
神宮 僚介,阪神タイガース,東北楽天ゴールデンイーグルス,0,0,,0,0,0,0,2026/08/15
神宮 僚介,阪神タイガース,読売ジャイアンツ,0,0,,0,0,0,0,2026/08/15
神宮 僚介,阪神タイガース,福岡ソフトバンクホークス,0,0,,0,0,0,0,2026/08/15
神宮 僚介,阪神タイガース,北海道日本ハムファイターズ,0,0,,0,0,0,0,2026/08/15
セベリーノ,阪神タイガース,オリックス・バファローズ,0,0,,0,0,0,0,2026/08/15
セベリーノ,阪神タイガース,横浜DeNAベイスターズ,0,2,13.50,0,0,0,0,2026/08/15
セベリーノ,阪神タイガース,広島東洋カープ,0,2,4.50,0,0,0,0,2026/08/15
セベリーノ,阪神タイガース,埼玉西武ライオンズ,0,0,,0,0,0,0,2026/08/15
セベリーノ,阪神タイガース,千葉ロッテマリーンズ,0,0,,0,0,0,0,2026/08/15
セベリーノ,阪神タイガース,中日ドラゴンズ,0,2,0.00,0,0,0,0,2026/08/15
セベリーノ,阪神タイガース,東京ヤクルトスワローズ,0,0,,0,0,0,0,2026/08/15
セベリーノ,阪神タイガース,東北楽天ゴールデンイーグルス,0,0,,0,0,0,0,2026/08/15
セベリーノ,阪神タイガース,読売ジャイアンツ,0,1,0.00,0,0,0,0,2026/08/15
セベリーノ,阪神タイガース,福岡ソフトバンクホークス,0,0,,0,0,0,0,2026/08/15
セベリーノ,阪神タイガース,北海道日本ハムファイターズ,0,0,,0,0,0,0,2026/08/15
ドリス,阪神タイガース,オリックス・バファローズ,0,2,5.40,0,1,0,1,2026/08/15
ドリス,阪神タイガース,横浜DeNAベイスターズ,0,6,3.00,0,1,3,2,2026/08/15
ドリス,阪神タイガース,広島東洋カープ,0,6,1.69,0,0,1,5,2026/08/15
ドリス,阪神タイガース,埼玉西武ライオンズ,0,0,,0,0,0,0,2026/08/15
ドリス,阪神タイガース,千葉ロッテマリーンズ,0,2,0.00,0,0,0,2,2026/08/15
ドリス,阪神タイガース,中日ドラゴンズ,0,10,2.70,1,1,4,3,2026/08/15
ドリス,阪神タイガース,東京ヤクルトスワローズ,0,5,1.93,1,0,0,3,2026/08/15
ドリス,阪神タイガース,東北楽天ゴールデンイーグルス,0,2,0.00,0,0,0,1,2026/08/15
ドリス,阪神タイガース,読売ジャイアンツ,0,6,0.00,0,0,3,2,2026/08/15
ドリス,阪神タイガース,福岡ソフトバンクホークス,0,0,,0,0,0,0,2026/08/15
ドリス,阪神タイガース,北海道日本ハムファイターズ,0,0,,0,0,0,0,2026/08/15
モレッタ,阪神タイガース,オリックス・バファローズ,0,0,,0,0,0,0,2026/08/15
モレッタ,阪神タイガース,横浜DeNAベイスターズ,0,3,18.00,0,1,1,0,2026/08/15
モレッタ,阪神タイガース,広島東洋カープ,0,4,0.00,1,0,2,0,2026/08/15
モレッタ,阪神タイガース,埼玉西武ライオンズ,0,0,,0,0,0,0,2026/08/15
モレッタ,阪神タイガース,千葉ロッテマリーンズ,0,1,54.00,0,1,0,0,2026/08/15
モレッタ,阪神タイガース,中日ドラゴンズ,0,3,0.00,1,0,1,0,2026/08/15
モレッタ,阪神タイガース,東京ヤクルトスワローズ,0,2,0.00,0,0,0,0,2026/08/15
モレッタ,阪神タイガース,東北楽天ゴールデンイーグルス,0,0,,0,0,0,0,2026/08/15
モレッタ,阪神タイガース,読売ジャイアンツ,0,5,11.25,0,0,1,0,2026/08/15
モレッタ,阪神タイガース,福岡ソフトバンクホークス,0,0,,0,0,0,0,2026/08/15
モレッタ,阪神タイガース,北海道日本ハムファイターズ,0,1,0.00,0,0,0,0,2026/08/15
デュプランティエ,横浜DeNAベイスターズ,オリックス・バファローズ,0,0,,0,0,0,0,2026/08/15
デュプランティエ,横浜DeNAベイスターズ,広島東洋カープ,0,0,,0,0,0,0,2026/08/15
デュプランティエ,横浜DeNAベイスターズ,阪神タイガース,1,0,3.60,0,1,0,0,2026/08/15
デュプランティエ,横浜DeNAベイスターズ,埼玉西武ライオンズ,0,0,,0,0,0,0,2026/08/15
デュプランティエ,横浜DeNAベイスターズ,千葉ロッテマリーンズ,0,0,,0,0,0,0,2026/08/15
デュプランティエ,横浜DeNAベイスターズ,中日ドラゴンズ,0,0,,0,0,0,0,2026/08/15
デュプランティエ,横浜DeNAベイスターズ,東京ヤクルトスワローズ,1,0,2.25,0,1,0,0,2026/08/15
デュプランティエ,横浜DeNAベイスターズ,東北楽天ゴールデンイーグルス,0,0,,0,0,0,0,2026/08/15
デュプランティエ,横浜DeNAベイスターズ,読売ジャイアンツ,0,0,,0,0,0,0,2026/08/15
デュプランティエ,横浜DeNAベイスターズ,福岡ソフトバンクホークス,0,0,,0,0,0,0,2026/08/15
デュプランティエ,横浜DeNAベイスターズ,北海道日本ハムファイターズ,0,0,,0,0,0,0,2026/08/15
東 克樹,横浜DeNAベイスターズ,オリックス・バファローズ,1,0,1.29,1,0,0,0,2026/08/15
東 克樹,横浜DeNAベイスターズ,広島東洋カープ,6,0,2.56,2,2,0,0,2026/08/15
東 克樹,横浜DeNAベイスターズ,阪神タイガース,1,0,3.86,1,0,0,0,2026/08/15
東 克樹,横浜DeNAベイスターズ,埼玉西武ライオンズ,0,0,,0,0,0,0,2026/08/15
東 克樹,横浜DeNAベイスターズ,千葉ロッテマリーンズ,0,0,,0,0,0,0,2026/08/15
東 克樹,横浜DeNAベイスターズ,中日ドラゴンズ,6,0,1.85,4,1,0,0,2026/08/15
東 克樹,横浜DeNAベイスターズ,東京ヤクルトスワローズ,1,0,4.50,0,1,0,0,2026/08/15
東 克樹,横浜DeNAベイスターズ,東北楽天ゴールデンイーグルス,1,0,7.20,0,0,0,0,2026/08/15
東 克樹,横浜DeNAベイスターズ,読売ジャイアンツ,1,0,1.29,1,0,0,0,2026/08/15
東 克樹,横浜DeNAベイスターズ,福岡ソフトバンクホークス,0,0,,0,0,0,0,2026/08/15
東 克樹,横浜DeNAベイスターズ,北海道日本ハムファイターズ,1,0,3.68,0,1,0,0,2026/08/15
竹田 祐,横浜DeNAベイスターズ,オリックス・バファローズ,0,0,,0,0,0,0,2026/08/15
竹田 祐,横浜DeNAベイスターズ,広島東洋カープ,2,0,6.30,1,1,0,0,2026/08/15
竹田 祐,横浜DeNAベイスターズ,阪神タイガース,2,0,4.50,0,1,0,0,2026/08/15
竹田 祐,横浜DeNAベイスターズ,埼玉西武ライオンズ,0,0,,0,0,0,0,2026/08/15
竹田 祐,横浜DeNAベイスターズ,千葉ロッテマリーンズ,0,0,,0,0,0,0,2026/08/15
竹田 祐,横浜DeNAベイスターズ,中日ドラゴンズ,0,0,,0,0,0,0,2026/08/15
竹田 祐,横浜DeNAベイスターズ,東京ヤクルトスワローズ,1,0,8.31,0,1,0,0,2026/08/15
竹田 祐,横浜DeNAベイスターズ,東北楽天ゴールデンイーグルス,0,0,,0,0,0,0,2026/08/15
竹田 祐,横浜DeNAベイスターズ,読売ジャイアンツ,0,0,,0,0,0,0,2026/08/15
竹田 祐,横浜DeNAベイスターズ,福岡ソフトバンクホークス,0,0,,0,0,0,0,2026/08/15
竹田 祐,横浜DeNAベイスターズ,北海道日本ハムファイターズ,0,0,,0,0,0,0,2026/08/15
伊勢 大夢,横浜DeNAベイスターズ,オリックス・バファローズ,0,0,,0,0,0,0,2026/08/15
伊勢 大夢,横浜DeNAベイスターズ,広島東洋カープ,0,7,1.50,0,0,5,0,2026/08/15
伊勢 大夢,横浜DeNAベイスターズ,阪神タイガース,0,5,5.06,0,0,2,0,2026/08/15
伊勢 大夢,横浜DeNAベイスターズ,埼玉西武ライオンズ,0,1,0.00,0,0,0,0,2026/08/15
伊勢 大夢,横浜DeNAベイスターズ,千葉ロッテマリーンズ,0,2,9.00,0,0,1,0,2026/08/15
伊勢 大夢,横浜DeNAベイスターズ,中日ドラゴンズ,0,7,2.84,0,1,3,0,2026/08/15
伊勢 大夢,横浜DeNAベイスターズ,東京ヤクルトスワローズ,0,6,1.42,1,1,2,0,2026/08/15
伊勢 大夢,横浜DeNAベイスターズ,東北楽天ゴールデンイーグルス,0,2,0.00,1,0,1,0,2026/08/15
伊勢 大夢,横浜DeNAベイスターズ,読売ジャイアンツ,0,4,3.38,0,0,0,0,2026/08/15
伊勢 大夢,横浜DeNAベイスターズ,福岡ソフトバンクホークス,0,1,0.00,0,0,1,0,2026/08/15
伊勢 大夢,横浜DeNAベイスターズ,北海道日本ハムファイターズ,0,0,,0,0,0,0,2026/08/15
石田 健大,横浜DeNAベイスターズ,オリックス・バファローズ,0,0,,0,0,0,0,2026/08/15
石田 健大,横浜DeNAベイスターズ,広島東洋カープ,0,1,6.75,0,0,0,0,2026/08/15
石田 健大,横浜DeNAベイスターズ,阪神タイガース,0,0,,0,0,0,0,2026/08/15
石田 健大,横浜DeNAベイスターズ,埼玉西武ライオンズ,0,0,,0,0,0,0,2026/08/15
石田 健大,横浜DeNAベイスターズ,千葉ロッテマリーンズ,0,0,,0,0,0,0,2026/08/15
石田 健大,横浜DeNAベイスターズ,中日ドラゴンズ,0,0,,0,0,0,0,2026/08/15
石田 健大,横浜DeNAベイスターズ,東京ヤクルトスワローズ,0,1,9.00,0,0,0,0,2026/08/15
石田 健大,横浜DeNAベイスターズ,東北楽天ゴールデンイーグルス,0,0,,0,0,0,0,2026/08/15
石田 健大,横浜DeNAベイスターズ,読売ジャイアンツ,0,0,,0,0,0,0,2026/08/15
石田 健大,横浜DeNAベイスターズ,福岡ソフトバンクホークス,0,0,,0,0,0,0,2026/08/15
石田 健大,横浜DeNAベイスターズ,北海道日本ハムファイターズ,0,0,,0,0,0,0,2026/08/15
島田 舜也,横浜DeNAベイスターズ,オリックス・バファローズ,0,0,,0,0,0,0,2026/08/15
島田 舜也,横浜DeNAベイスターズ,広島東洋カープ,1,0,3.86,0,0,0,0,2026/08/15
島田 舜也,横浜DeNAベイスターズ,阪神タイガース,0,0,,0,0,0,0,2026/08/15
島田 舜也,横浜DeNAベイスターズ,埼玉西武ライオンズ,1,0,15.75,0,1,0,0,2026/08/15
島田 舜也,横浜DeNAベイスターズ,千葉ロッテマリーンズ,0,0,,0,0,0,0,2026/08/15
島田 舜也,横浜DeNAベイスターズ,中日ドラゴンズ,2,0,1.64,1,0,0,0,2026/08/15
島田 舜也,横浜DeNAベイスターズ,東京ヤクルトスワローズ,0,0,,0,0,0,0,2026/08/15
島田 舜也,横浜DeNAベイスターズ,東北楽天ゴールデンイーグルス,0,0,,0,0,0,0,2026/08/15
島田 舜也,横浜DeNAベイスターズ,読売ジャイアンツ,0,0,,0,0,0,0,2026/08/15
島田 舜也,横浜DeNAベイスターズ,福岡ソフトバンクホークス,0,0,,0,0,0,0,2026/08/15
島田 舜也,横浜DeNAベイスターズ,北海道日本ハムファイターズ,0,0,,0,0,0,0,2026/08/15
大貫 晋一,横浜DeNAベイスターズ,オリックス・バファローズ,0,0,,0,0,0,0,2026/08/15
大貫 晋一,横浜DeNAベイスターズ,広島東洋カープ,0,0,,0,0,0,0,2026/08/15
大貫 晋一,横浜DeNAベイスターズ,阪神タイガース,0,0,,0,0,0,0,2026/08/15
大貫 晋一,横浜DeNAベイスターズ,埼玉西武ライオンズ,0,0,,0,0,0,0,2026/08/15
大貫 晋一,横浜DeNAベイスターズ,千葉ロッテマリーンズ,0,0,,0,0,0,0,2026/08/15
大貫 晋一,横浜DeNAベイスターズ,中日ドラゴンズ,0,0,,0,0,0,0,2026/08/15
大貫 晋一,横浜DeNAベイスターズ,東京ヤクルトスワローズ,0,0,,0,0,0,0,2026/08/15
大貫 晋一,横浜DeNAベイスターズ,東北楽天ゴールデンイーグルス,0,0,,0,0,0,0,2026/08/15
大貫 晋一,横浜DeNAベイスターズ,読売ジャイアンツ,0,0,,0,0,0,0,2026/08/15
大貫 晋一,横浜DeNAベイスターズ,福岡ソフトバンクホークス,0,0,,0,0,0,0,2026/08/15
大貫 晋一,横浜DeNAベイスターズ,北海道日本ハムファイターズ,0,0,,0,0,0,0,2026/08/15
小園 健太,横浜DeNAベイスターズ,オリックス・バファローズ,0,0,,0,0,0,0,2026/08/15
小園 健太,横浜DeNAベイスターズ,広島東洋カープ,0,0,,0,0,0,0,2026/08/15
小園 健太,横浜DeNAベイスターズ,阪神タイガース,0,0,,0,0,0,0,2026/08/15
小園 健太,横浜DeNAベイスターズ,埼玉西武ライオンズ,0,0,,0,0,0,0,2026/08/15
小園 健太,横浜DeNAベイスターズ,千葉ロッテマリーンズ,0,0,,0,0,0,0,2026/08/15
小園 健太,横浜DeNAベイスターズ,中日ドラゴンズ,0,0,,0,0,0,0,2026/08/15
小園 健太,横浜DeNAベイスターズ,東京ヤクルトスワローズ,0,0,,0,0,0,0,2026/08/15
小園 健太,横浜DeNAベイスターズ,東北楽天ゴールデンイーグルス,0,0,,0,0,0,0,2026/08/15
小園 健太,横浜DeNAベイスターズ,読売ジャイアンツ,0,0,,0,0,0,0,2026/08/15
小園 健太,横浜DeNAベイスターズ,福岡ソフトバンクホークス,0,0,,0,0,0,0,2026/08/15
小園 健太,横浜DeNAベイスターズ,北海道日本ハムファイターズ,0,0,,0,0,0,0,2026/08/15
山﨑 康晃,横浜DeNAベイスターズ,オリックス・バファローズ,0,1,0.00,0,0,0,1,2026/08/15
山﨑 康晃,横浜DeNAベイスターズ,広島東洋カープ,0,8,11.12,0,1,0,5,2026/08/15
山﨑 康晃,横浜DeNAベイスターズ,阪神タイガース,0,3,0.00,0,0,0,3,2026/08/15
山﨑 康晃,横浜DeNAベイスターズ,埼玉西武ライオンズ,0,0,,0,0,0,0,2026/08/15
山﨑 康晃,横浜DeNAベイスターズ,千葉ロッテマリーンズ,0,1,0.00,0,0,0,0,2026/08/15
山﨑 康晃,横浜DeNAベイスターズ,中日ドラゴンズ,0,5,5.40,0,0,1,3,2026/08/15
山﨑 康晃,横浜DeNAベイスターズ,東京ヤクルトスワローズ,0,1,0.00,0,0,0,1,2026/08/15
山﨑 康晃,横浜DeNAベイスターズ,東北楽天ゴールデンイーグルス,0,1,18.00,0,1,0,0,2026/08/15
山﨑 康晃,横浜DeNAベイスターズ,読売ジャイアンツ,0,2,0.00,0,0,1,1,2026/08/15
山﨑 康晃,横浜DeNAベイスターズ,福岡ソフトバンクホークス,0,1,18.00,0,1,0,0,2026/08/15
山﨑 康晃,横浜DeNAベイスターズ,北海道日本ハムファイターズ,0,0,,0,0,0,0,2026/08/15
坂本 裕哉,横浜DeNAベイスターズ,オリックス・バファローズ,0,1,0.00,0,0,0,0,2026/08/15
坂本 裕哉,横浜DeNAベイスターズ,広島東洋カープ,0,4,0.00,0,0,1,0,2026/08/15
坂本 裕哉,横浜DeNAベイスターズ,阪神タイガース,0,4,11.25,0,0,0,0,2026/08/15
坂本 裕哉,横浜DeNAベイスターズ,埼玉西武ライオンズ,0,1,0.00,0,0,0,0,2026/08/15
坂本 裕哉,横浜DeNAベイスターズ,千葉ロッテマリーンズ,0,1,0.00,0,0,0,0,2026/08/15
坂本 裕哉,横浜DeNAベイスターズ,中日ドラゴンズ,0,5,3.38,0,1,2,0,2026/08/15
坂本 裕哉,横浜DeNAベイスターズ,東京ヤクルトスワローズ,0,5,0.00,0,0,0,0,2026/08/15
坂本 裕哉,横浜DeNAベイスターズ,東北楽天ゴールデンイーグルス,0,2,13.50,0,0,0,0,2026/08/15
坂本 裕哉,横浜DeNAベイスターズ,読売ジャイアンツ,0,4,0.00,0,0,0,0,2026/08/15
坂本 裕哉,横浜DeNAベイスターズ,福岡ソフトバンクホークス,0,2,0.00,0,0,1,0,2026/08/15
坂本 裕哉,横浜DeNAベイスターズ,北海道日本ハムファイターズ,0,1,0.00,0,0,0,0,2026/08/15
入江 大生,横浜DeNAベイスターズ,オリックス・バファローズ,0,0,,0,0,0,0,2026/08/15
入江 大生,横浜DeNAベイスターズ,広島東洋カープ,0,0,,0,0,0,0,2026/08/15
入江 大生,横浜DeNAベイスターズ,阪神タイガース,0,0,,0,0,0,0,2026/08/15
入江 大生,横浜DeNAベイスターズ,埼玉西武ライオンズ,0,0,,0,0,0,0,2026/08/15
入江 大生,横浜DeNAベイスターズ,千葉ロッテマリーンズ,1,0,3.60,0,0,0,0,2026/08/15
入江 大生,横浜DeNAベイスターズ,中日ドラゴンズ,2,0,3.97,0,1,0,0,2026/08/15
入江 大生,横浜DeNAベイスターズ,東京ヤクルトスワローズ,3,0,11.17,0,2,0,0,2026/08/15
入江 大生,横浜DeNAベイスターズ,東北楽天ゴールデンイーグルス,0,0,,0,0,0,0,2026/08/15
入江 大生,横浜DeNAベイスターズ,読売ジャイアンツ,1,0,9.00,0,0,0,0,2026/08/15
入江 大生,横浜DeNAベイスターズ,福岡ソフトバンクホークス,0,0,,0,0,0,0,2026/08/15
入江 大生,横浜DeNAベイスターズ,北海道日本ハムファイターズ,0,0,,0,0,0,0,2026/08/15
吉野 光樹,横浜DeNAベイスターズ,オリックス・バファローズ,0,1,0.00,0,0,0,0,2026/08/15
吉野 光樹,横浜DeNAベイスターズ,広島東洋カープ,0,3,0.00,0,0,1,0,2026/08/15
吉野 光樹,横浜DeNAベイスターズ,阪神タイガース,0,3,0.00,0,0,1,0,2026/08/15
吉野 光樹,横浜DeNAベイスターズ,埼玉西武ライオンズ,0,1,45.00,0,0,0,0,2026/08/15
吉野 光樹,横浜DeNAベイスターズ,千葉ロッテマリーンズ,0,0,,0,0,0,0,2026/08/15
吉野 光樹,横浜DeNAベイスターズ,中日ドラゴンズ,0,4,0.00,0,0,1,0,2026/08/15
吉野 光樹,横浜DeNAベイスターズ,東京ヤクルトスワローズ,0,2,3.00,0,0,0,0,2026/08/15
吉野 光樹,横浜DeNAベイスターズ,東北楽天ゴールデンイーグルス,0,0,,0,0,0,0,2026/08/15
吉野 光樹,横浜DeNAベイスターズ,読売ジャイアンツ,0,4,2.25,0,1,0,0,2026/08/15
吉野 光樹,横浜DeNAベイスターズ,福岡ソフトバンクホークス,0,0,,0,0,0,0,2026/08/15
吉野 光樹,横浜DeNAベイスターズ,北海道日本ハムファイターズ,0,0,,0,0,0,0,2026/08/15
藤浪 晋太郎,横浜DeNAベイスターズ,オリックス・バファローズ,0,0,,0,0,0,0,2026/08/15
藤浪 晋太郎,横浜DeNAベイスターズ,広島東洋カープ,0,0,,0,0,0,0,2026/08/15
藤浪 晋太郎,横浜DeNAベイスターズ,阪神タイガース,1,0,1.93,0,0,0,0,2026/08/15
藤浪 晋太郎,横浜DeNAベイスターズ,埼玉西武ライオンズ,0,0,,0,0,0,0,2026/08/15
藤浪 晋太郎,横浜DeNAベイスターズ,千葉ロッテマリーンズ,0,0,,0,0,0,0,2026/08/15
藤浪 晋太郎,横浜DeNAベイスターズ,中日ドラゴンズ,0,0,,0,0,0,0,2026/08/15
藤浪 晋太郎,横浜DeNAベイスターズ,東京ヤクルトスワローズ,0,0,,0,0,0,0,2026/08/15
藤浪 晋太郎,横浜DeNAベイスターズ,東北楽天ゴールデンイーグルス,0,0,,0,0,0,0,2026/08/15
藤浪 晋太郎,横浜DeNAベイスターズ,読売ジャイアンツ,1,0,9.00,0,0,0,0,2026/08/15
藤浪 晋太郎,横浜DeNAベイスターズ,福岡ソフトバンクホークス,0,0,,0,0,0,0,2026/08/15
藤浪 晋太郎,横浜DeNAベイスターズ,北海道日本ハムファイターズ,0,0,,0,0,0,0,2026/08/15
篠木 健太郎,横浜DeNAベイスターズ,オリックス・バファローズ,1,0,9.00,0,1,0,0,2026/08/15
篠木 健太郎,横浜DeNAベイスターズ,広島東洋カープ,1,0,3.60,0,0,0,0,2026/08/15
篠木 健太郎,横浜DeNAベイスターズ,阪神タイガース,2,0,1.69,0,0,0,0,2026/08/15
篠木 健太郎,横浜DeNAベイスターズ,埼玉西武ライオンズ,0,0,,0,0,0,0,2026/08/15
篠木 健太郎,横浜DeNAベイスターズ,千葉ロッテマリーンズ,1,0,9.00,1,0,0,0,2026/08/15
篠木 健太郎,横浜DeNAベイスターズ,中日ドラゴンズ,1,0,3.00,1,0,0,0,2026/08/15
篠木 健太郎,横浜DeNAベイスターズ,東京ヤクルトスワローズ,2,0,2.70,1,0,0,0,2026/08/15
篠木 健太郎,横浜DeNAベイスターズ,東北楽天ゴールデンイーグルス,0,0,,0,0,0,0,2026/08/15
篠木 健太郎,横浜DeNAベイスターズ,読売ジャイアンツ,3,0,7.80,1,1,0,0,2026/08/15
篠木 健太郎,横浜DeNAベイスターズ,福岡ソフトバンクホークス,1,0,1.29,1,0,0,0,2026/08/15
篠木 健太郎,横浜DeNAベイスターズ,北海道日本ハムファイターズ,0,0,,0,0,0,0,2026/08/15
武田 陸玖,横浜DeNAベイスターズ,オリックス・バファローズ,0,0,,0,0,0,0,2026/08/15
武田 陸玖,横浜DeNAベイスターズ,広島東洋カープ,0,0,,0,0,0,0,2026/08/15
武田 陸玖,横浜DeNAベイスターズ,阪神タイガース,0,0,,0,0,0,0,2026/08/15
武田 陸玖,横浜DeNAベイスターズ,埼玉西武ライオンズ,1,0,4.50,0,1,0,0,2026/08/15
武田 陸玖,横浜DeNAベイスターズ,千葉ロッテマリーンズ,0,0,,0,0,0,0,2026/08/15
武田 陸玖,横浜DeNAベイスターズ,中日ドラゴンズ,0,0,,0,0,0,0,2026/08/15
武田 陸玖,横浜DeNAベイスターズ,東京ヤクルトスワローズ,0,0,,0,0,0,0,2026/08/15
武田 陸玖,横浜DeNAベイスターズ,東北楽天ゴールデンイーグルス,0,0,,0,0,0,0,2026/08/15
武田 陸玖,横浜DeNAベイスターズ,読売ジャイアンツ,0,0,,0,0,0,0,2026/08/15
武田 陸玖,横浜DeNAベイスターズ,福岡ソフトバンクホークス,0,0,,0,0,0,0,2026/08/15
武田 陸玖,横浜DeNAベイスターズ,北海道日本ハムファイターズ,0,0,,0,0,0,0,2026/08/15
橋本 達弥,横浜DeNAベイスターズ,オリックス・バファローズ,0,0,,0,0,0,0,2026/08/15
橋本 達弥,横浜DeNAベイスターズ,広島東洋カープ,0,1,0.00,0,0,0,0,2026/08/15
橋本 達弥,横浜DeNAベイスターズ,阪神タイガース,0,3,0.00,0,0,0,0,2026/08/15
橋本 達弥,横浜DeNAベイスターズ,埼玉西武ライオンズ,0,0,,0,0,0,0,2026/08/15
橋本 達弥,横浜DeNAベイスターズ,千葉ロッテマリーンズ,0,0,,0,0,0,0,2026/08/15
橋本 達弥,横浜DeNAベイスターズ,中日ドラゴンズ,0,2,4.50,1,0,0,0,2026/08/15
橋本 達弥,横浜DeNAベイスターズ,東京ヤクルトスワローズ,0,0,,0,0,0,0,2026/08/15
橋本 達弥,横浜DeNAベイスターズ,東北楽天ゴールデンイーグルス,0,0,,0,0,0,0,2026/08/15
橋本 達弥,横浜DeNAベイスターズ,読売ジャイアンツ,0,0,,0,0,0,0,2026/08/15
橋本 達弥,横浜DeNAベイスターズ,福岡ソフトバンクホークス,0,0,,0,0,0,0,2026/08/15
橋本 達弥,横浜DeNAベイスターズ,北海道日本ハムファイターズ,0,0,,0,0,0,0,2026/08/15
尾形 崇斗,横浜DeNAベイスターズ,オリックス・バファローズ,0,2,0.00,0,0,0,0,2026/08/15
尾形 崇斗,横浜DeNAベイスターズ,広島東洋カープ,0,0,,0,0,0,0,2026/08/15
尾形 崇斗,横浜DeNAベイスターズ,阪神タイガース,2,0,1.50,1,1,0,0,2026/08/15
尾形 崇斗,横浜DeNAベイスターズ,埼玉西武ライオンズ,1,3,0.00,1,0,0,0,2026/08/15
尾形 崇斗,横浜DeNAベイスターズ,千葉ロッテマリーンズ,1,1,6.35,0,1,0,0,2026/08/15
尾形 崇斗,横浜DeNAベイスターズ,中日ドラゴンズ,2,0,5.40,0,1,0,0,2026/08/15
尾形 崇斗,横浜DeNAベイスターズ,東京ヤクルトスワローズ,2,0,2.25,1,0,0,0,2026/08/15
尾形 崇斗,横浜DeNAベイスターズ,東北楽天ゴールデンイーグルス,0,3,6.75,0,2,0,0,2026/08/15
尾形 崇斗,横浜DeNAベイスターズ,読売ジャイアンツ,1,0,12.00,0,0,0,0,2026/08/15
尾形 崇斗,横浜DeNAベイスターズ,福岡ソフトバンクホークス,1,0,1.80,0,0,0,0,2026/08/15
尾形 崇斗,横浜DeNAベイスターズ,北海道日本ハムファイターズ,0,1,18.00,0,0,0,0,2026/08/15
松本 凌人,横浜DeNAベイスターズ,オリックス・バファローズ,0,0,,0,0,0,0,2026/08/15
松本 凌人,横浜DeNAベイスターズ,広島東洋カープ,0,2,0.00,0,0,0,0,2026/08/15
松本 凌人,横浜DeNAベイスターズ,阪神タイガース,0,5,0.00,0,0,1,0,2026/08/15
松本 凌人,横浜DeNAベイスターズ,埼玉西武ライオンズ,0,0,,0,0,0,0,2026/08/15
松本 凌人,横浜DeNAベイスターズ,千葉ロッテマリーンズ,0,0,,0,0,0,0,2026/08/15
松本 凌人,横浜DeNAベイスターズ,中日ドラゴンズ,0,3,0.00,0,0,2,0,2026/08/15
松本 凌人,横浜DeNAベイスターズ,東京ヤクルトスワローズ,0,1,40.50,0,0,0,0,2026/08/15
松本 凌人,横浜DeNAベイスターズ,東北楽天ゴールデンイーグルス,0,0,,0,0,0,0,2026/08/15
松本 凌人,横浜DeNAベイスターズ,読売ジャイアンツ,0,2,4.50,0,0,1,0,2026/08/15
松本 凌人,横浜DeNAベイスターズ,福岡ソフトバンクホークス,0,0,,0,0,0,0,2026/08/15
松本 凌人,横浜DeNAベイスターズ,北海道日本ハムファイターズ,0,0,,0,0,0,0,2026/08/15
若松 尚輝,横浜DeNAベイスターズ,オリックス・バファローズ,0,1,0.00,0,0,0,0,2026/08/15
若松 尚輝,横浜DeNAベイスターズ,広島東洋カープ,0,1,4.50,0,0,0,0,2026/08/15
若松 尚輝,横浜DeNAベイスターズ,阪神タイガース,0,2,1.59,0,0,0,0,2026/08/15
若松 尚輝,横浜DeNAベイスターズ,埼玉西武ライオンズ,0,1,9.00,0,0,0,0,2026/08/15
若松 尚輝,横浜DeNAベイスターズ,千葉ロッテマリーンズ,0,1,4.50,0,0,0,0,2026/08/15
若松 尚輝,横浜DeNAベイスターズ,中日ドラゴンズ,0,4,0.00,0,0,1,0,2026/08/15
若松 尚輝,横浜DeNAベイスターズ,東京ヤクルトスワローズ,0,1,0.00,0,0,0,0,2026/08/15
若松 尚輝,横浜DeNAベイスターズ,東北楽天ゴールデンイーグルス,0,0,,0,0,0,0,2026/08/15
若松 尚輝,横浜DeNAベイスターズ,読売ジャイアンツ,0,2,0.00,0,0,0,0,2026/08/15
若松 尚輝,横浜DeNAベイスターズ,福岡ソフトバンクホークス,0,1,9.00,0,0,0,0,2026/08/15
若松 尚輝,横浜DeNAベイスターズ,北海道日本ハムファイターズ,0,1,0.00,0,0,0,0,2026/08/15
佐々木 千隼,横浜DeNAベイスターズ,オリックス・バファローズ,0,0,,0,0,0,0,2026/08/15
佐々木 千隼,横浜DeNAベイスターズ,広島東洋カープ,0,0,,0,0,0,0,2026/08/15
佐々木 千隼,横浜DeNAベイスターズ,阪神タイガース,0,0,,0,0,0,0,2026/08/15
佐々木 千隼,横浜DeNAベイスターズ,埼玉西武ライオンズ,0,0,,0,0,0,0,2026/08/15
佐々木 千隼,横浜DeNAベイスターズ,千葉ロッテマリーンズ,0,0,,0,0,0,0,2026/08/15
佐々木 千隼,横浜DeNAベイスターズ,中日ドラゴンズ,0,0,,0,0,0,0,2026/08/15
佐々木 千隼,横浜DeNAベイスターズ,東京ヤクルトスワローズ,0,0,,0,0,0,0,2026/08/15
佐々木 千隼,横浜DeNAベイスターズ,東北楽天ゴールデンイーグルス,0,0,,0,0,0,0,2026/08/15
佐々木 千隼,横浜DeNAベイスターズ,読売ジャイアンツ,0,0,,0,0,0,0,2026/08/15
佐々木 千隼,横浜DeNAベイスターズ,福岡ソフトバンクホークス,0,0,,0,0,0,0,2026/08/15
佐々木 千隼,横浜DeNAベイスターズ,北海道日本ハムファイターズ,0,0,,0,0,0,0,2026/08/15
コックス,横浜DeNAベイスターズ,オリックス・バファローズ,0,0,,0,0,0,0,2026/08/15
コックス,横浜DeNAベイスターズ,広島東洋カープ,0,0,,0,0,0,0,2026/08/15
コックス,横浜DeNAベイスターズ,阪神タイガース,1,0,1.50,1,0,0,0,2026/08/15
コックス,横浜DeNAベイスターズ,埼玉西武ライオンズ,0,0,,0,0,0,0,2026/08/15
コックス,横浜DeNAベイスターズ,千葉ロッテマリーンズ,0,0,,0,0,0,0,2026/08/15
コックス,横浜DeNAベイスターズ,中日ドラゴンズ,1,0,6.00,0,0,0,0,2026/08/15
コックス,横浜DeNAベイスターズ,東京ヤクルトスワローズ,0,0,,0,0,0,0,2026/08/15
コックス,横浜DeNAベイスターズ,東北楽天ゴールデンイーグルス,0,0,,0,0,0,0,2026/08/15
コックス,横浜DeNAベイスターズ,読売ジャイアンツ,0,0,,0,0,0,0,2026/08/15
コックス,横浜DeNAベイスターズ,福岡ソフトバンクホークス,0,0,,0,0,0,0,2026/08/15
コックス,横浜DeNAベイスターズ,北海道日本ハムファイターズ,0,0,,0,0,0,0,2026/08/15
ビド,横浜DeNAベイスターズ,オリックス・バファローズ,0,0,,0,0,0,0,2026/08/15
ビド,横浜DeNAベイスターズ,広島東洋カープ,0,0,,0,0,0,0,2026/08/15
ビド,横浜DeNAベイスターズ,阪神タイガース,1,0,36.00,0,1,0,0,2026/08/15
ビド,横浜DeNAベイスターズ,埼玉西武ライオンズ,0,0,,0,0,0,0,2026/08/15
ビド,横浜DeNAベイスターズ,千葉ロッテマリーンズ,0,0,,0,0,0,0,2026/08/15
ビド,横浜DeNAベイスターズ,中日ドラゴンズ,1,0,0.00,1,0,0,0,2026/08/15
ビド,横浜DeNAベイスターズ,東京ヤクルトスワローズ,0,0,,0,0,0,0,2026/08/15
ビド,横浜DeNAベイスターズ,東北楽天ゴールデンイーグルス,0,0,,0,0,0,0,2026/08/15
ビド,横浜DeNAベイスターズ,読売ジャイアンツ,0,0,,0,0,0,0,2026/08/15
ビド,横浜DeNAベイスターズ,福岡ソフトバンクホークス,0,0,,0,0,0,0,2026/08/15
ビド,横浜DeNAベイスターズ,北海道日本ハムファイターズ,0,0,,0,0,0,0,2026/08/15
深沢 鳳介,横浜DeNAベイスターズ,オリックス・バファローズ,0,0,,0,0,0,0,2026/08/15
深沢 鳳介,横浜DeNAベイスターズ,広島東洋カープ,1,0,5.79,0,1,0,0,2026/08/15
深沢 鳳介,横浜DeNAベイスターズ,阪神タイガース,1,0,10.38,0,0,0,0,2026/08/15
深沢 鳳介,横浜DeNAベイスターズ,埼玉西武ライオンズ,0,0,,0,0,0,0,2026/08/15
深沢 鳳介,横浜DeNAベイスターズ,千葉ロッテマリーンズ,0,0,,0,0,0,0,2026/08/15
深沢 鳳介,横浜DeNAベイスターズ,中日ドラゴンズ,2,0,1.80,1,0,0,0,2026/08/15
深沢 鳳介,横浜DeNAベイスターズ,東京ヤクルトスワローズ,2,0,0.00,2,0,0,0,2026/08/15
深沢 鳳介,横浜DeNAベイスターズ,東北楽天ゴールデンイーグルス,0,0,,0,0,0,0,2026/08/15
深沢 鳳介,横浜DeNAベイスターズ,読売ジャイアンツ,1,0,1.69,1,0,0,0,2026/08/15
深沢 鳳介,横浜DeNAベイスターズ,福岡ソフトバンクホークス,0,0,,0,0,0,0,2026/08/15
深沢 鳳介,横浜DeNAベイスターズ,北海道日本ハムファイターズ,0,0,,0,0,0,0,2026/08/15
森原 康平,横浜DeNAベイスターズ,オリックス・バファローズ,0,0,,0,0,0,0,2026/08/15
森原 康平,横浜DeNAベイスターズ,広島東洋カープ,0,0,,0,0,0,0,2026/08/15
森原 康平,横浜DeNAベイスターズ,阪神タイガース,0,0,,0,0,0,0,2026/08/15
森原 康平,横浜DeNAベイスターズ,埼玉西武ライオンズ,0,0,,0,0,0,0,2026/08/15
森原 康平,横浜DeNAベイスターズ,千葉ロッテマリーンズ,0,0,,0,0,0,0,2026/08/15
森原 康平,横浜DeNAベイスターズ,中日ドラゴンズ,0,0,,0,0,0,0,2026/08/15
森原 康平,横浜DeNAベイスターズ,東京ヤクルトスワローズ,0,0,,0,0,0,0,2026/08/15
森原 康平,横浜DeNAベイスターズ,東北楽天ゴールデンイーグルス,0,0,,0,0,0,0,2026/08/15
森原 康平,横浜DeNAベイスターズ,読売ジャイアンツ,0,0,,0,0,0,0,2026/08/15
森原 康平,横浜DeNAベイスターズ,福岡ソフトバンクホークス,0,0,,0,0,0,0,2026/08/15
森原 康平,横浜DeNAベイスターズ,北海道日本ハムファイターズ,0,0,,0,0,0,0,2026/08/15
坂口 翔颯,横浜DeNAベイスターズ,オリックス・バファローズ,0,0,,0,0,0,0,2026/08/15
坂口 翔颯,横浜DeNAベイスターズ,広島東洋カープ,0,0,,0,0,0,0,2026/08/15
坂口 翔颯,横浜DeNAベイスターズ,阪神タイガース,0,0,,0,0,0,0,2026/08/15
坂口 翔颯,横浜DeNAベイスターズ,埼玉西武ライオンズ,0,0,,0,0,0,0,2026/08/15
坂口 翔颯,横浜DeNAベイスターズ,千葉ロッテマリーンズ,0,0,,0,0,0,0,2026/08/15
坂口 翔颯,横浜DeNAベイスターズ,中日ドラゴンズ,0,0,,0,0,0,0,2026/08/15
坂口 翔颯,横浜DeNAベイスターズ,東京ヤクルトスワローズ,0,0,,0,0,0,0,2026/08/15
坂口 翔颯,横浜DeNAベイスターズ,東北楽天ゴールデンイーグルス,0,0,,0,0,0,0,2026/08/15
坂口 翔颯,横浜DeNAベイスターズ,読売ジャイアンツ,0,0,,0,0,0,0,2026/08/15
坂口 翔颯,横浜DeNAベイスターズ,福岡ソフトバンクホークス,0,0,,0,0,0,0,2026/08/15
坂口 翔颯,横浜DeNAベイスターズ,北海道日本ハムファイターズ,0,0,,0,0,0,0,2026/08/15
片山 皓心,横浜DeNAベイスターズ,オリックス・バファローズ,0,0,,0,0,0,0,2026/08/15
片山 皓心,横浜DeNAベイスターズ,広島東洋カープ,1,0,0.00,1,0,0,0,2026/08/15
片山 皓心,横浜DeNAベイスターズ,阪神タイガース,0,0,,0,0,0,0,2026/08/15
片山 皓心,横浜DeNAベイスターズ,埼玉西武ライオンズ,0,0,,0,0,0,0,2026/08/15
片山 皓心,横浜DeNAベイスターズ,千葉ロッテマリーンズ,0,0,,0,0,0,0,2026/08/15
片山 皓心,横浜DeNAベイスターズ,中日ドラゴンズ,0,0,,0,0,0,0,2026/08/15
片山 皓心,横浜DeNAベイスターズ,東京ヤクルトスワローズ,1,0,1.80,1,0,0,0,2026/08/15
片山 皓心,横浜DeNAベイスターズ,東北楽天ゴールデンイーグルス,0,0,,0,0,0,0,2026/08/15
片山 皓心,横浜DeNAベイスターズ,読売ジャイアンツ,1,0,23.63,0,1,0,0,2026/08/15
片山 皓心,横浜DeNAベイスターズ,福岡ソフトバンクホークス,0,0,,0,0,0,0,2026/08/15
片山 皓心,横浜DeNAベイスターズ,北海道日本ハムファイターズ,0,0,,0,0,0,0,2026/08/15
ルイーズ,横浜DeNAベイスターズ,オリックス・バファローズ,0,1,9.00,0,0,0,0,2026/08/15
ルイーズ,横浜DeNAベイスターズ,広島東洋カープ,0,5,1.80,0,0,4,0,2026/08/15
ルイーズ,横浜DeNAベイスターズ,阪神タイガース,0,5,1.93,1,0,2,0,2026/08/15
ルイーズ,横浜DeNAベイスターズ,埼玉西武ライオンズ,0,2,4.50,0,0,0,0,2026/08/15
ルイーズ,横浜DeNAベイスターズ,千葉ロッテマリーンズ,0,2,0.00,0,0,0,0,2026/08/15
ルイーズ,横浜DeNAベイスターズ,中日ドラゴンズ,0,5,0.00,0,0,2,0,2026/08/15
ルイーズ,横浜DeNAベイスターズ,東京ヤクルトスワローズ,0,7,6.00,0,0,3,0,2026/08/15
ルイーズ,横浜DeNAベイスターズ,東北楽天ゴールデンイーグルス,0,1,0.00,0,0,1,0,2026/08/15
ルイーズ,横浜DeNAベイスターズ,読売ジャイアンツ,0,5,4.15,0,0,2,0,2026/08/15
ルイーズ,横浜DeNAベイスターズ,福岡ソフトバンクホークス,0,2,10.80,0,0,0,0,2026/08/15
ルイーズ,横浜DeNAベイスターズ,北海道日本ハムファイターズ,0,0,,0,0,0,0,2026/08/15
浜地 真澄,横浜DeNAベイスターズ,オリックス・バファローズ,0,0,,0,0,0,0,2026/08/15
浜地 真澄,横浜DeNAベイスターズ,広島東洋カープ,0,3,0.00,0,0,2,0,2026/08/15
浜地 真澄,横浜DeNAベイスターズ,阪神タイガース,0,2,0.00,0,0,2,0,2026/08/15
浜地 真澄,横浜DeNAベイスターズ,埼玉西武ライオンズ,0,0,,0,0,0,0,2026/08/15
浜地 真澄,横浜DeNAベイスターズ,千葉ロッテマリーンズ,0,0,,0,0,0,0,2026/08/15
浜地 真澄,横浜DeNAベイスターズ,中日ドラゴンズ,0,2,10.80,0,0,0,0,2026/08/15
浜地 真澄,横浜DeNAベイスターズ,東京ヤクルトスワローズ,0,3,0.00,0,0,1,0,2026/08/15
浜地 真澄,横浜DeNAベイスターズ,東北楽天ゴールデンイーグルス,0,0,,0,0,0,0,2026/08/15
浜地 真澄,横浜DeNAベイスターズ,読売ジャイアンツ,0,3,0.00,0,0,3,0,2026/08/15
浜地 真澄,横浜DeNAベイスターズ,福岡ソフトバンクホークス,0,0,,0,0,0,0,2026/08/15
浜地 真澄,横浜DeNAベイスターズ,北海道日本ハムファイターズ,0,0,,0,0,0,0,2026/08/15
中川 颯,横浜DeNAベイスターズ,オリックス・バファローズ,0,0,,0,0,0,0,2026/08/15
中川 颯,横浜DeNAベイスターズ,広島東洋カープ,0,0,,0,0,0,0,2026/08/15
中川 颯,横浜DeNAベイスターズ,阪神タイガース,0,0,,0,0,0,0,2026/08/15
中川 颯,横浜DeNAベイスターズ,埼玉西武ライオンズ,0,0,,0,0,0,0,2026/08/15
中川 颯,横浜DeNAベイスターズ,千葉ロッテマリーンズ,0,0,,0,0,0,0,2026/08/15
中川 颯,横浜DeNAベイスターズ,中日ドラゴンズ,0,0,,0,0,0,0,2026/08/15
中川 颯,横浜DeNAベイスターズ,東京ヤクルトスワローズ,0,3,6.75,0,0,0,0,2026/08/15
中川 颯,横浜DeNAベイスターズ,東北楽天ゴールデンイーグルス,0,0,,0,0,0,0,2026/08/15
中川 颯,横浜DeNAベイスターズ,読売ジャイアンツ,0,3,1.69,0,0,0,0,2026/08/15
中川 颯,横浜DeNAベイスターズ,福岡ソフトバンクホークス,0,0,,0,0,0,0,2026/08/15
中川 颯,横浜DeNAベイスターズ,北海道日本ハムファイターズ,0,0,,0,0,0,0,2026/08/15
石田 裕太郎,横浜DeNAベイスターズ,オリックス・バファローズ,0,0,,0,0,0,0,2026/08/15
石田 裕太郎,横浜DeNAベイスターズ,広島東洋カープ,3,0,3.60,1,0,0,0,2026/08/15
石田 裕太郎,横浜DeNAベイスターズ,阪神タイガース,2,0,7.36,0,2,0,0,2026/08/15
石田 裕太郎,横浜DeNAベイスターズ,埼玉西武ライオンズ,0,0,,0,0,0,0,2026/08/15
石田 裕太郎,横浜DeNAベイスターズ,千葉ロッテマリーンズ,0,0,,0,0,0,0,2026/08/15
石田 裕太郎,横浜DeNAベイスターズ,中日ドラゴンズ,1,0,0.00,1,0,0,0,2026/08/15
石田 裕太郎,横浜DeNAベイスターズ,東京ヤクルトスワローズ,3,0,1.89,2,1,0,0,2026/08/15
石田 裕太郎,横浜DeNAベイスターズ,東北楽天ゴールデンイーグルス,1,0,0.00,0,0,0,0,2026/08/15
石田 裕太郎,横浜DeNAベイスターズ,読売ジャイアンツ,4,0,2.55,0,4,0,0,2026/08/15
石田 裕太郎,横浜DeNAベイスターズ,福岡ソフトバンクホークス,0,0,,0,0,0,0,2026/08/15
石田 裕太郎,横浜DeNAベイスターズ,北海道日本ハムファイターズ,1,0,5.68,0,1,0,0,2026/08/15
平良 拳太郎,横浜DeNAベイスターズ,オリックス・バファローズ,1,0,7.20,0,1,0,0,2026/08/15
平良 拳太郎,横浜DeNAベイスターズ,広島東洋カープ,3,1,1.42,2,0,0,0,2026/08/15
平良 拳太郎,横浜DeNAベイスターズ,阪神タイガース,2,0,0.79,2,0,0,0,2026/08/15
平良 拳太郎,横浜DeNAベイスターズ,埼玉西武ライオンズ,0,0,,0,0,0,0,2026/08/15
平良 拳太郎,横浜DeNAベイスターズ,千葉ロッテマリーンズ,0,0,,0,0,0,0,2026/08/15
平良 拳太郎,横浜DeNAベイスターズ,中日ドラゴンズ,2,0,2.79,0,1,0,0,2026/08/15
平良 拳太郎,横浜DeNAベイスターズ,東京ヤクルトスワローズ,2,0,12.27,0,2,0,0,2026/08/15
平良 拳太郎,横浜DeNAベイスターズ,東北楽天ゴールデンイーグルス,1,0,3.60,0,0,0,0,2026/08/15
平良 拳太郎,横浜DeNAベイスターズ,読売ジャイアンツ,3,0,2.70,0,2,0,0,2026/08/15
平良 拳太郎,横浜DeNAベイスターズ,福岡ソフトバンクホークス,0,0,,0,0,0,0,2026/08/15
平良 拳太郎,横浜DeNAベイスターズ,北海道日本ハムファイターズ,1,0,7.20,0,1,0,0,2026/08/15
レイノルズ,横浜DeNAベイスターズ,オリックス・バファローズ,0,1,0.00,0,0,1,0,2026/08/15
レイノルズ,横浜DeNAベイスターズ,広島東洋カープ,0,11,2.45,0,0,8,3,2026/08/15
レイノルズ,横浜DeNAベイスターズ,阪神タイガース,0,7,1.29,2,0,2,1,2026/08/15
レイノルズ,横浜DeNAベイスターズ,埼玉西武ライオンズ,0,1,0.00,0,0,0,0,2026/08/15
レイノルズ,横浜DeNAベイスターズ,千葉ロッテマリーンズ,0,1,0.00,0,0,1,0,2026/08/15
レイノルズ,横浜DeNAベイスターズ,中日ドラゴンズ,0,10,0.87,0,0,8,2,2026/08/15
レイノルズ,横浜DeNAベイスターズ,東京ヤクルトスワローズ,0,6,1.50,0,0,1,1,2026/08/15
レイノルズ,横浜DeNAベイスターズ,東北楽天ゴールデンイーグルス,0,2,0.00,0,0,2,0,2026/08/15
レイノルズ,横浜DeNAベイスターズ,読売ジャイアンツ,0,5,0.00,0,0,2,2,2026/08/15
レイノルズ,横浜DeNAベイスターズ,福岡ソフトバンクホークス,0,1,0.00,0,0,1,0,2026/08/15
レイノルズ,横浜DeNAベイスターズ,北海道日本ハムファイターズ,0,0,,0,0,0,0,2026/08/15
中川 虎大,横浜DeNAベイスターズ,オリックス・バファローズ,0,0,,0,0,0,0,2026/08/15
中川 虎大,横浜DeNAベイスターズ,広島東洋カープ,0,7,1.29,2,0,3,0,2026/08/15
中川 虎大,横浜DeNAベイスターズ,阪神タイガース,0,5,0.00,0,0,4,0,2026/08/15
中川 虎大,横浜DeNAベイスターズ,埼玉西武ライオンズ,0,1,0.00,0,0,0,0,2026/08/15
中川 虎大,横浜DeNAベイスターズ,千葉ロッテマリーンズ,0,1,0.00,0,0,1,0,2026/08/15
中川 虎大,横浜DeNAベイスターズ,中日ドラゴンズ,0,8,3.38,1,1,4,0,2026/08/15
中川 虎大,横浜DeNAベイスターズ,東京ヤクルトスワローズ,0,7,2.70,0,1,3,0,2026/08/15
中川 虎大,横浜DeNAベイスターズ,東北楽天ゴールデンイーグルス,0,1,18.00,0,1,0,0,2026/08/15
中川 虎大,横浜DeNAベイスターズ,読売ジャイアンツ,0,4,7.36,1,2,1,0,2026/08/15
中川 虎大,横浜DeNAベイスターズ,福岡ソフトバンクホークス,0,1,0.00,0,0,1,0,2026/08/15
中川 虎大,横浜DeNAベイスターズ,北海道日本ハムファイターズ,0,1,0.00,0,0,0,0,2026/08/15
宮城 滝太,横浜DeNAベイスターズ,オリックス・バファローズ,0,1,0.00,0,0,0,0,2026/08/15
宮城 滝太,横浜DeNAベイスターズ,広島東洋カープ,0,4,4.91,0,0,1,0,2026/08/15
宮城 滝太,横浜DeNAベイスターズ,阪神タイガース,0,4,7.36,0,1,1,0,2026/08/15
宮城 滝太,横浜DeNAベイスターズ,埼玉西武ライオンズ,0,1,0.00,0,0,0,0,2026/08/15
宮城 滝太,横浜DeNAベイスターズ,千葉ロッテマリーンズ,0,1,13.50,0,1,0,0,2026/08/15
宮城 滝太,横浜DeNAベイスターズ,中日ドラゴンズ,0,5,7.71,0,1,1,0,2026/08/15
宮城 滝太,横浜DeNAベイスターズ,東京ヤクルトスワローズ,0,4,0.00,0,0,0,0,2026/08/15
宮城 滝太,横浜DeNAベイスターズ,東北楽天ゴールデンイーグルス,0,1,0.00,0,0,0,0,2026/08/15
宮城 滝太,横浜DeNAベイスターズ,読売ジャイアンツ,0,6,0.00,0,0,1,0,2026/08/15
宮城 滝太,横浜DeNAベイスターズ,福岡ソフトバンクホークス,0,2,6.75,0,0,1,0,2026/08/15
宮城 滝太,横浜DeNAベイスターズ,北海道日本ハムファイターズ,0,1,0.00,0,0,0,0,2026/08/15
岩田 将貴,横浜DeNAベイスターズ,オリックス・バファローズ,0,2,0.00,0,0,0,0,2026/08/15
岩田 将貴,横浜DeNAベイスターズ,広島東洋カープ,0,3,0.00,1,0,0,0,2026/08/15
岩田 将貴,横浜DeNAベイスターズ,阪神タイガース,0,3,3.00,0,0,1,0,2026/08/15
岩田 将貴,横浜DeNAベイスターズ,埼玉西武ライオンズ,0,2,4.50,0,0,0,0,2026/08/15
岩田 将貴,横浜DeNAベイスターズ,千葉ロッテマリーンズ,0,0,,0,0,0,0,2026/08/15
岩田 将貴,横浜DeNAベイスターズ,中日ドラゴンズ,0,1,0.00,0,0,0,0,2026/08/15
岩田 将貴,横浜DeNAベイスターズ,東京ヤクルトスワローズ,0,0,,0,0,0,0,2026/08/15
岩田 将貴,横浜DeNAベイスターズ,東北楽天ゴールデンイーグルス,0,0,,0,0,0,0,2026/08/15
岩田 将貴,横浜DeNAベイスターズ,読売ジャイアンツ,0,5,4.05,0,0,1,0,2026/08/15
岩田 将貴,横浜DeNAベイスターズ,福岡ソフトバンクホークス,0,1,0.00,0,0,0,0,2026/08/15
岩田 将貴,横浜DeNAベイスターズ,北海道日本ハムファイターズ,0,1,0.00,0,0,0,0,2026/08/15
堀岡 隼人,横浜DeNAベイスターズ,オリックス・バファローズ,0,0,,0,0,0,0,2026/08/15
堀岡 隼人,横浜DeNAベイスターズ,広島東洋カープ,0,1,9.00,0,0,0,0,2026/08/15
堀岡 隼人,横浜DeNAベイスターズ,阪神タイガース,0,0,,0,0,0,0,2026/08/15
堀岡 隼人,横浜DeNAベイスターズ,埼玉西武ライオンズ,0,0,,0,0,0,0,2026/08/15
堀岡 隼人,横浜DeNAベイスターズ,千葉ロッテマリーンズ,0,0,,0,0,0,0,2026/08/15
堀岡 隼人,横浜DeNAベイスターズ,中日ドラゴンズ,0,0,,0,0,0,0,2026/08/15
堀岡 隼人,横浜DeNAベイスターズ,東京ヤクルトスワローズ,0,2,9.00,0,0,0,0,2026/08/15
堀岡 隼人,横浜DeNAベイスターズ,東北楽天ゴールデンイーグルス,0,1,27.00,0,0,0,0,2026/08/15
堀岡 隼人,横浜DeNAベイスターズ,読売ジャイアンツ,0,2,0.00,0,0,0,0,2026/08/15
堀岡 隼人,横浜DeNAベイスターズ,福岡ソフトバンクホークス,0,0,,0,0,0,0,2026/08/15
堀岡 隼人,横浜DeNAベイスターズ,北海道日本ハムファイターズ,0,0,,0,0,0,0,2026/08/15
庄司 陽斗,横浜DeNAベイスターズ,オリックス・バファローズ,0,0,,0,0,0,0,2026/08/15
庄司 陽斗,横浜DeNAベイスターズ,広島東洋カープ,0,0,,0,0,0,0,2026/08/15
庄司 陽斗,横浜DeNAベイスターズ,阪神タイガース,0,0,,0,0,0,0,2026/08/15
庄司 陽斗,横浜DeNAベイスターズ,埼玉西武ライオンズ,0,0,,0,0,0,0,2026/08/15
庄司 陽斗,横浜DeNAベイスターズ,千葉ロッテマリーンズ,0,0,,0,0,0,0,2026/08/15
庄司 陽斗,横浜DeNAベイスターズ,中日ドラゴンズ,0,0,,0,0,0,0,2026/08/15
庄司 陽斗,横浜DeNAベイスターズ,東京ヤクルトスワローズ,0,0,,0,0,0,0,2026/08/15
庄司 陽斗,横浜DeNAベイスターズ,東北楽天ゴールデンイーグルス,0,0,,0,0,0,0,2026/08/15
庄司 陽斗,横浜DeNAベイスターズ,読売ジャイアンツ,0,0,,0,0,0,0,2026/08/15
庄司 陽斗,横浜DeNAベイスターズ,福岡ソフトバンクホークス,1,0,7.20,0,1,0,0,2026/08/15
庄司 陽斗,横浜DeNAベイスターズ,北海道日本ハムファイターズ,0,0,,0,0,0,0,2026/08/15
馬場 皐輔,横浜DeNAベイスターズ,オリックス・バファローズ,0,0,,0,0,0,0,2026/08/15
馬場 皐輔,横浜DeNAベイスターズ,広島東洋カープ,0,1,0.00,1,0,0,0,2026/08/15
馬場 皐輔,横浜DeNAベイスターズ,阪神タイガース,0,0,,0,0,0,0,2026/08/15
馬場 皐輔,横浜DeNAベイスターズ,埼玉西武ライオンズ,0,0,,0,0,0,0,2026/08/15
馬場 皐輔,横浜DeNAベイスターズ,千葉ロッテマリーンズ,0,0,,0,0,0,0,2026/08/15
馬場 皐輔,横浜DeNAベイスターズ,中日ドラゴンズ,0,1,0.00,0,0,0,0,2026/08/15
馬場 皐輔,横浜DeNAベイスターズ,東京ヤクルトスワローズ,0,2,0.00,0,0,1,0,2026/08/15
馬場 皐輔,横浜DeNAベイスターズ,東北楽天ゴールデンイーグルス,0,0,,0,0,0,0,2026/08/15
馬場 皐輔,横浜DeNAベイスターズ,読売ジャイアンツ,0,0,,0,0,0,0,2026/08/15
馬場 皐輔,横浜DeNAベイスターズ,福岡ソフトバンクホークス,0,0,,0,0,0,0,2026/08/15
馬場 皐輔,横浜DeNAベイスターズ,北海道日本ハムファイターズ,0,0,,0,0,0,0,2026/08/15
マルセリーノ,横浜DeNAベイスターズ,オリックス・バファローズ,0,0,,0,0,0,0,2026/08/15
マルセリーノ,横浜DeNAベイスターズ,広島東洋カープ,0,4,5.40,0,0,1,0,2026/08/15
マルセリーノ,横浜DeNAベイスターズ,阪神タイガース,0,6,7.50,0,1,2,0,2026/08/15
マルセリーノ,横浜DeNAベイスターズ,埼玉西武ライオンズ,0,0,,0,0,0,0,2026/08/15
マルセリーノ,横浜DeNAベイスターズ,千葉ロッテマリーンズ,0,1,0.00,0,0,0,0,2026/08/15
マルセリーノ,横浜DeNAベイスターズ,中日ドラゴンズ,0,5,1.59,0,0,0,0,2026/08/15
マルセリーノ,横浜DeNAベイスターズ,東京ヤクルトスワローズ,0,4,7.71,0,0,0,0,2026/08/15
マルセリーノ,横浜DeNAベイスターズ,東北楽天ゴールデンイーグルス,0,0,,0,0,0,0,2026/08/15
マルセリーノ,横浜DeNAベイスターズ,読売ジャイアンツ,0,6,4.50,1,0,2,0,2026/08/15
マルセリーノ,横浜DeNAベイスターズ,福岡ソフトバンクホークス,0,0,,0,0,0,0,2026/08/15
マルセリーノ,横浜DeNAベイスターズ,北海道日本ハムファイターズ,0,0,,0,0,0,0,2026/08/15
齊藤 汰直,広島東洋カープ,オリックス・バファローズ,0,0,,0,0,0,0,2026/08/15
齊藤 汰直,広島東洋カープ,横浜DeNAベイスターズ,0,2,13.50,0,0,0,0,2026/08/15
齊藤 汰直,広島東洋カープ,阪神タイガース,0,2,6.00,0,0,0,0,2026/08/15
齊藤 汰直,広島東洋カープ,埼玉西武ライオンズ,0,0,,0,0,0,0,2026/08/15
齊藤 汰直,広島東洋カープ,千葉ロッテマリーンズ,0,0,,0,0,0,0,2026/08/15
齊藤 汰直,広島東洋カープ,中日ドラゴンズ,0,4,16.20,0,1,1,0,2026/08/15
齊藤 汰直,広島東洋カープ,東京ヤクルトスワローズ,0,2,0.00,0,0,0,0,2026/08/15
齊藤 汰直,広島東洋カープ,東北楽天ゴールデンイーグルス,0,0,,0,0,0,0,2026/08/15
齊藤 汰直,広島東洋カープ,読売ジャイアンツ,0,0,,0,0,0,0,2026/08/15
齊藤 汰直,広島東洋カープ,福岡ソフトバンクホークス,0,0,,0,0,0,0,2026/08/15
齊藤 汰直,広島東洋カープ,北海道日本ハムファイターズ,0,0,,0,0,0,0,2026/08/15
森浦 大輔,広島東洋カープ,オリックス・バファローズ,0,2,4.50,0,0,0,1,2026/08/15
森浦 大輔,広島東洋カープ,横浜DeNAベイスターズ,0,9,5.40,1,1,3,1,2026/08/15
森浦 大輔,広島東洋カープ,阪神タイガース,0,6,0.00,0,0,1,3,2026/08/15
森浦 大輔,広島東洋カープ,埼玉西武ライオンズ,0,0,,0,0,0,0,2026/08/15
森浦 大輔,広島東洋カープ,千葉ロッテマリーンズ,0,1,27.00,0,0,0,0,2026/08/15
森浦 大輔,広島東洋カープ,中日ドラゴンズ,0,9,0.00,1,0,1,5,2026/08/15
森浦 大輔,広島東洋カープ,東京ヤクルトスワローズ,0,8,2.35,1,1,3,2,2026/08/15
森浦 大輔,広島東洋カープ,東北楽天ゴールデンイーグルス,0,1,0.00,0,0,0,1,2026/08/15
森浦 大輔,広島東洋カープ,読売ジャイアンツ,0,5,1.80,1,0,2,0,2026/08/15
森浦 大輔,広島東洋カープ,福岡ソフトバンクホークス,0,0,,0,0,0,0,2026/08/15
森浦 大輔,広島東洋カープ,北海道日本ハムファイターズ,0,2,0.00,0,0,1,1,2026/08/15
大瀬良 大地,広島東洋カープ,オリックス・バファローズ,0,0,,0,0,0,0,2026/08/15
大瀬良 大地,広島東洋カープ,横浜DeNAベイスターズ,1,0,23.14,0,1,0,0,2026/08/15
大瀬良 大地,広島東洋カープ,阪神タイガース,0,0,,0,0,0,0,2026/08/15
大瀬良 大地,広島東洋カープ,埼玉西武ライオンズ,0,0,,0,0,0,0,2026/08/15
大瀬良 大地,広島東洋カープ,千葉ロッテマリーンズ,0,0,,0,0,0,0,2026/08/15
大瀬良 大地,広島東洋カープ,中日ドラゴンズ,0,0,,0,0,0,0,2026/08/15
大瀬良 大地,広島東洋カープ,東京ヤクルトスワローズ,1,0,3.60,0,1,0,0,2026/08/15
大瀬良 大地,広島東洋カープ,東北楽天ゴールデンイーグルス,0,0,,0,0,0,0,2026/08/15
大瀬良 大地,広島東洋カープ,読売ジャイアンツ,0,0,,0,0,0,0,2026/08/15
大瀬良 大地,広島東洋カープ,福岡ソフトバンクホークス,0,0,,0,0,0,0,2026/08/15
大瀬良 大地,広島東洋カープ,北海道日本ハムファイターズ,0,0,,0,0,0,0,2026/08/15
森 翔平,広島東洋カープ,オリックス・バファローズ,0,0,,0,0,0,0,2026/08/15
森 翔平,広島東洋カープ,横浜DeNAベイスターズ,1,0,4.50,0,0,0,0,2026/08/15
森 翔平,広島東洋カープ,阪神タイガース,2,0,1.38,1,0,0,0,2026/08/15
森 翔平,広島東洋カープ,埼玉西武ライオンズ,1,0,6.23,0,0,0,0,2026/08/15
森 翔平,広島東洋カープ,千葉ロッテマリーンズ,1,0,1.50,0,0,0,0,2026/08/15
森 翔平,広島東洋カープ,中日ドラゴンズ,1,0,9.00,0,1,0,0,2026/08/15
森 翔平,広島東洋カープ,東京ヤクルトスワローズ,1,0,4.50,0,0,0,0,2026/08/15
森 翔平,広島東洋カープ,東北楽天ゴールデンイーグルス,0,0,,0,0,0,0,2026/08/15
森 翔平,広島東洋カープ,読売ジャイアンツ,2,0,1.93,0,1,0,0,2026/08/15
森 翔平,広島東洋カープ,福岡ソフトバンクホークス,0,0,,0,0,0,0,2026/08/15
森 翔平,広島東洋カープ,北海道日本ハムファイターズ,1,0,1.50,0,0,0,0,2026/08/15
常廣 羽也斗,広島東洋カープ,オリックス・バファローズ,0,0,,0,0,0,0,2026/08/15
常廣 羽也斗,広島東洋カープ,横浜DeNAベイスターズ,0,1,0.00,0,0,0,0,2026/08/15
常廣 羽也斗,広島東洋カープ,阪神タイガース,0,0,,0,0,0,0,2026/08/15
常廣 羽也斗,広島東洋カープ,埼玉西武ライオンズ,0,0,,0,0,0,0,2026/08/15
常廣 羽也斗,広島東洋カープ,千葉ロッテマリーンズ,0,0,,0,0,0,0,2026/08/15
常廣 羽也斗,広島東洋カープ,中日ドラゴンズ,0,3,9.00,0,0,0,0,2026/08/15
常廣 羽也斗,広島東洋カープ,東京ヤクルトスワローズ,0,1,0.00,0,0,0,0,2026/08/15
常廣 羽也斗,広島東洋カープ,東北楽天ゴールデンイーグルス,0,0,,0,0,0,0,2026/08/15
常廣 羽也斗,広島東洋カープ,読売ジャイアンツ,0,2,0.00,0,0,0,0,2026/08/15
常廣 羽也斗,広島東洋カープ,福岡ソフトバンクホークス,0,0,,0,0,0,0,2026/08/15
常廣 羽也斗,広島東洋カープ,北海道日本ハムファイターズ,0,0,,0,0,0,0,2026/08/15
森下 暢仁,広島東洋カープ,オリックス・バファローズ,1,0,4.91,1,0,0,0,2026/08/15
森下 暢仁,広島東洋カープ,横浜DeNAベイスターズ,2,0,3.46,0,1,0,0,2026/08/15
森下 暢仁,広島東洋カープ,阪神タイガース,2,0,2.77,1,1,0,0,2026/08/15
森下 暢仁,広島東洋カープ,埼玉西武ライオンズ,0,0,,0,0,0,0,2026/08/15
森下 暢仁,広島東洋カープ,千葉ロッテマリーンズ,0,0,,0,0,0,0,2026/08/15
森下 暢仁,広島東洋カープ,中日ドラゴンズ,3,0,7.20,1,2,0,0,2026/08/15
森下 暢仁,広島東洋カープ,東京ヤクルトスワローズ,4,0,4.05,1,2,0,0,2026/08/15
森下 暢仁,広島東洋カープ,東北楽天ゴールデンイーグルス,1,0,0.00,1,0,0,0,2026/08/15
森下 暢仁,広島東洋カープ,読売ジャイアンツ,2,0,5.23,1,1,0,0,2026/08/15
森下 暢仁,広島東洋カープ,福岡ソフトバンクホークス,1,0,3.60,0,0,0,0,2026/08/15
森下 暢仁,広島東洋カープ,北海道日本ハムファイターズ,0,0,,0,0,0,0,2026/08/15
床田 寛樹,広島東洋カープ,オリックス・バファローズ,0,0,,0,0,0,0,2026/08/15
床田 寛樹,広島東洋カープ,横浜DeNAベイスターズ,4,0,2.70,1,1,0,0,2026/08/15
床田 寛樹,広島東洋カープ,阪神タイガース,3,0,3.00,0,2,0,0,2026/08/15
床田 寛樹,広島東洋カープ,埼玉西武ライオンズ,1,0,5.40,0,0,0,0,2026/08/15
床田 寛樹,広島東洋カープ,千葉ロッテマリーンズ,1,0,0.00,0,0,0,0,2026/08/15
床田 寛樹,広島東洋カープ,中日ドラゴンズ,3,0,2.00,1,0,0,0,2026/08/15
床田 寛樹,広島東洋カープ,東京ヤクルトスワローズ,0,0,,0,0,0,0,2026/08/15
床田 寛樹,広島東洋カープ,東北楽天ゴールデンイーグルス,0,0,,0,0,0,0,2026/08/15
床田 寛樹,広島東洋カープ,読売ジャイアンツ,3,0,3.05,1,1,0,0,2026/08/15
床田 寛樹,広島東洋カープ,福岡ソフトバンクホークス,0,0,,0,0,0,0,2026/08/15
床田 寛樹,広島東洋カープ,北海道日本ハムファイターズ,1,0,1.50,1,0,0,0,2026/08/15
栗林 良吏,広島東洋カープ,オリックス・バファローズ,0,0,,0,0,0,0,2026/08/15
栗林 良吏,広島東洋カープ,横浜DeNAベイスターズ,1,0,0.00,1,0,0,0,2026/08/15
栗林 良吏,広島東洋カープ,阪神タイガース,4,0,0.87,2,1,0,0,2026/08/15
栗林 良吏,広島東洋カープ,埼玉西武ライオンズ,0,0,,0,0,0,0,2026/08/15
栗林 良吏,広島東洋カープ,千葉ロッテマリーンズ,0,0,,0,0,0,0,2026/08/15
栗林 良吏,広島東洋カープ,中日ドラゴンズ,3,0,2.25,2,1,0,0,2026/08/15
栗林 良吏,広島東洋カープ,東京ヤクルトスワローズ,3,0,4.24,0,2,0,0,2026/08/15
栗林 良吏,広島東洋カープ,東北楽天ゴールデンイーグルス,0,0,,0,0,0,0,2026/08/15
栗林 良吏,広島東洋カープ,読売ジャイアンツ,1,0,5.40,0,0,0,0,2026/08/15
栗林 良吏,広島東洋カープ,福岡ソフトバンクホークス,0,0,,0,0,0,0,2026/08/15
栗林 良吏,広島東洋カープ,北海道日本ハムファイターズ,0,0,,0,0,0,0,2026/08/15
中﨑 翔太,広島東洋カープ,オリックス・バファローズ,0,1,0.00,0,0,0,1,2026/08/15
中﨑 翔太,広島東洋カープ,横浜DeNAベイスターズ,0,4,4.50,0,1,2,0,2026/08/15
中﨑 翔太,広島東洋カープ,阪神タイガース,0,6,3.00,1,0,1,1,2026/08/15
中﨑 翔太,広島東洋カープ,埼玉西武ライオンズ,0,2,6.75,0,1,0,0,2026/08/15
中﨑 翔太,広島東洋カープ,千葉ロッテマリーンズ,0,2,0.00,0,0,0,0,2026/08/15
中﨑 翔太,広島東洋カープ,中日ドラゴンズ,0,3,0.00,0,0,1,1,2026/08/15
中﨑 翔太,広島東洋カープ,東京ヤクルトスワローズ,0,2,0.00,0,0,0,1,2026/08/15
中﨑 翔太,広島東洋カープ,東北楽天ゴールデンイーグルス,0,0,,0,0,0,0,2026/08/15
中﨑 翔太,広島東洋カープ,読売ジャイアンツ,0,5,9.00,0,2,1,2,2026/08/15
中﨑 翔太,広島東洋カープ,福岡ソフトバンクホークス,0,0,,0,0,0,0,2026/08/15
中﨑 翔太,広島東洋カープ,北海道日本ハムファイターズ,0,2,0.00,0,0,1,0,2026/08/15
髙 太一,広島東洋カープ,オリックス・バファローズ,0,2,0.00,0,0,2,0,2026/08/15
髙 太一,広島東洋カープ,横浜DeNAベイスターズ,0,9,1.00,0,0,2,0,2026/08/15
髙 太一,広島東洋カープ,阪神タイガース,0,7,1.42,0,0,4,0,2026/08/15
髙 太一,広島東洋カープ,埼玉西武ライオンズ,0,2,5.40,0,1,1,0,2026/08/15
髙 太一,広島東洋カープ,千葉ロッテマリーンズ,0,1,27.00,0,1,0,0,2026/08/15
髙 太一,広島東洋カープ,中日ドラゴンズ,0,3,0.00,1,0,2,0,2026/08/15
髙 太一,広島東洋カープ,東京ヤクルトスワローズ,0,9,0.00,1,0,3,0,2026/08/15
髙 太一,広島東洋カープ,東北楽天ゴールデンイーグルス,0,0,,0,0,0,0,2026/08/15
髙 太一,広島東洋カープ,読売ジャイアンツ,0,6,6.75,0,0,3,0,2026/08/15
髙 太一,広島東洋カープ,福岡ソフトバンクホークス,0,1,0.00,0,0,0,0,2026/08/15
髙 太一,広島東洋カープ,北海道日本ハムファイターズ,0,2,0.00,0,0,0,0,2026/08/15
黒原 拓未,広島東洋カープ,オリックス・バファローズ,0,0,,0,0,0,0,2026/08/15
黒原 拓未,広島東洋カープ,横浜DeNAベイスターズ,0,1,0.00,0,0,1,0,2026/08/15
黒原 拓未,広島東洋カープ,阪神タイガース,0,1,108.00,0,0,0,0,2026/08/15
黒原 拓未,広島東洋カープ,埼玉西武ライオンズ,0,0,,0,0,0,0,2026/08/15
黒原 拓未,広島東洋カープ,千葉ロッテマリーンズ,0,0,,0,0,0,0,2026/08/15
黒原 拓未,広島東洋カープ,中日ドラゴンズ,0,1,9.00,0,0,0,0,2026/08/15
黒原 拓未,広島東洋カープ,東京ヤクルトスワローズ,0,1,9.00,0,0,0,0,2026/08/15
黒原 拓未,広島東洋カープ,東北楽天ゴールデンイーグルス,0,0,,0,0,0,0,2026/08/15
黒原 拓未,広島東洋カープ,読売ジャイアンツ,0,4,5.79,0,0,0,0,2026/08/15
黒原 拓未,広島東洋カープ,福岡ソフトバンクホークス,0,0,,0,0,0,0,2026/08/15
黒原 拓未,広島東洋カープ,北海道日本ハムファイターズ,0,0,,0,0,0,0,2026/08/15
益田 武尚,広島東洋カープ,オリックス・バファローズ,0,0,,0,0,0,0,2026/08/15
益田 武尚,広島東洋カープ,横浜DeNAベイスターズ,0,1,0.00,0,0,0,0,2026/08/15
益田 武尚,広島東洋カープ,阪神タイガース,0,2,0.00,0,0,0,0,2026/08/15
益田 武尚,広島東洋カープ,埼玉西武ライオンズ,0,1,9.00,0,0,0,0,2026/08/15
益田 武尚,広島東洋カープ,千葉ロッテマリーンズ,0,2,4.50,0,0,0,0,2026/08/15
益田 武尚,広島東洋カープ,中日ドラゴンズ,0,2,0.00,0,0,0,0,2026/08/15
益田 武尚,広島東洋カープ,東京ヤクルトスワローズ,0,3,11.25,0,0,0,0,2026/08/15
益田 武尚,広島東洋カープ,東北楽天ゴールデンイーグルス,0,0,,0,0,0,0,2026/08/15
益田 武尚,広島東洋カープ,読売ジャイアンツ,0,3,5.40,0,0,0,0,2026/08/15
益田 武尚,広島東洋カープ,福岡ソフトバンクホークス,0,1,0.00,0,0,0,0,2026/08/15
益田 武尚,広島東洋カープ,北海道日本ハムファイターズ,0,1,27.00,0,0,0,0,2026/08/15
佐藤 柳之介,広島東洋カープ,オリックス・バファローズ,0,0,,0,0,0,0,2026/08/15
佐藤 柳之介,広島東洋カープ,横浜DeNAベイスターズ,0,0,,0,0,0,0,2026/08/15
佐藤 柳之介,広島東洋カープ,阪神タイガース,0,0,,0,0,0,0,2026/08/15
佐藤 柳之介,広島東洋カープ,埼玉西武ライオンズ,0,0,,0,0,0,0,2026/08/15
佐藤 柳之介,広島東洋カープ,千葉ロッテマリーンズ,0,0,,0,0,0,0,2026/08/15
佐藤 柳之介,広島東洋カープ,中日ドラゴンズ,0,0,,0,0,0,0,2026/08/15
佐藤 柳之介,広島東洋カープ,東京ヤクルトスワローズ,0,0,,0,0,0,0,2026/08/15
佐藤 柳之介,広島東洋カープ,東北楽天ゴールデンイーグルス,0,0,,0,0,0,0,2026/08/15
佐藤 柳之介,広島東洋カープ,読売ジャイアンツ,0,0,,0,0,0,0,2026/08/15
佐藤 柳之介,広島東洋カープ,福岡ソフトバンクホークス,0,0,,0,0,0,0,2026/08/15
佐藤 柳之介,広島東洋カープ,北海道日本ハムファイターズ,0,0,,0,0,0,0,2026/08/15
ケムナ 誠,広島東洋カープ,オリックス・バファローズ,0,0,,0,0,0,0,2026/08/15
ケムナ 誠,広島東洋カープ,横浜DeNAベイスターズ,0,0,,0,0,0,0,2026/08/15
ケムナ 誠,広島東洋カープ,阪神タイガース,0,0,,0,0,0,0,2026/08/15
ケムナ 誠,広島東洋カープ,埼玉西武ライオンズ,0,0,,0,0,0,0,2026/08/15
ケムナ 誠,広島東洋カープ,千葉ロッテマリーンズ,0,0,,0,0,0,0,2026/08/15
ケムナ 誠,広島東洋カープ,中日ドラゴンズ,0,0,,0,0,0,0,2026/08/15
ケムナ 誠,広島東洋カープ,東京ヤクルトスワローズ,0,0,,0,0,0,0,2026/08/15
ケムナ 誠,広島東洋カープ,東北楽天ゴールデンイーグルス,0,0,,0,0,0,0,2026/08/15
ケムナ 誠,広島東洋カープ,読売ジャイアンツ,0,0,,0,0,0,0,2026/08/15
ケムナ 誠,広島東洋カープ,福岡ソフトバンクホークス,0,0,,0,0,0,0,2026/08/15
ケムナ 誠,広島東洋カープ,北海道日本ハムファイターズ,0,0,,0,0,0,0,2026/08/15
滝田 一希,広島東洋カープ,オリックス・バファローズ,0,0,,0,0,0,0,2026/08/15
滝田 一希,広島東洋カープ,横浜DeNAベイスターズ,0,0,,0,0,0,0,2026/08/15
滝田 一希,広島東洋カープ,阪神タイガース,0,0,,0,0,0,0,2026/08/15
滝田 一希,広島東洋カープ,埼玉西武ライオンズ,0,0,,0,0,0,0,2026/08/15
滝田 一希,広島東洋カープ,千葉ロッテマリーンズ,0,0,,0,0,0,0,2026/08/15
滝田 一希,広島東洋カープ,中日ドラゴンズ,0,0,,0,0,0,0,2026/08/15
滝田 一希,広島東洋カープ,東京ヤクルトスワローズ,0,0,,0,0,0,0,2026/08/15
滝田 一希,広島東洋カープ,東北楽天ゴールデンイーグルス,0,0,,0,0,0,0,2026/08/15
滝田 一希,広島東洋カープ,読売ジャイアンツ,0,0,,0,0,0,0,2026/08/15
滝田 一希,広島東洋カープ,福岡ソフトバンクホークス,0,0,,0,0,0,0,2026/08/15
滝田 一希,広島東洋カープ,北海道日本ハムファイターズ,0,0,,0,0,0,0,2026/08/15
高橋 昂也,広島東洋カープ,オリックス・バファローズ,0,0,,0,0,0,0,2026/08/15
高橋 昂也,広島東洋カープ,横浜DeNAベイスターズ,0,0,,0,0,0,0,2026/08/15
高橋 昂也,広島東洋カープ,阪神タイガース,0,0,,0,0,0,0,2026/08/15
高橋 昂也,広島東洋カープ,埼玉西武ライオンズ,0,0,,0,0,0,0,2026/08/15
高橋 昂也,広島東洋カープ,千葉ロッテマリーンズ,0,0,,0,0,0,0,2026/08/15
高橋 昂也,広島東洋カープ,中日ドラゴンズ,0,0,,0,0,0,0,2026/08/15
高橋 昂也,広島東洋カープ,東京ヤクルトスワローズ,0,0,,0,0,0,0,2026/08/15
高橋 昂也,広島東洋カープ,東北楽天ゴールデンイーグルス,0,0,,0,0,0,0,2026/08/15
高橋 昂也,広島東洋カープ,読売ジャイアンツ,0,0,,0,0,0,0,2026/08/15
高橋 昂也,広島東洋カープ,福岡ソフトバンクホークス,0,0,,0,0,0,0,2026/08/15
高橋 昂也,広島東洋カープ,北海道日本ハムファイターズ,0,0,,0,0,0,0,2026/08/15
工藤 泰己,広島東洋カープ,オリックス・バファローズ,0,0,,0,0,0,0,2026/08/15
工藤 泰己,広島東洋カープ,横浜DeNAベイスターズ,0,0,,0,0,0,0,2026/08/15
工藤 泰己,広島東洋カープ,阪神タイガース,0,0,,0,0,0,0,2026/08/15
工藤 泰己,広島東洋カープ,埼玉西武ライオンズ,0,0,,0,0,0,0,2026/08/15
工藤 泰己,広島東洋カープ,千葉ロッテマリーンズ,0,0,,0,0,0,0,2026/08/15
工藤 泰己,広島東洋カープ,中日ドラゴンズ,0,0,,0,0,0,0,2026/08/15
工藤 泰己,広島東洋カープ,東京ヤクルトスワローズ,0,0,,0,0,0,0,2026/08/15
工藤 泰己,広島東洋カープ,東北楽天ゴールデンイーグルス,0,0,,0,0,0,0,2026/08/15
工藤 泰己,広島東洋カープ,読売ジャイアンツ,0,0,,0,0,0,0,2026/08/15
工藤 泰己,広島東洋カープ,福岡ソフトバンクホークス,0,0,,0,0,0,0,2026/08/15
工藤 泰己,広島東洋カープ,北海道日本ハムファイターズ,0,0,,0,0,0,0,2026/08/15
塹江 敦哉,広島東洋カープ,オリックス・バファローズ,0,0,,0,0,0,0,2026/08/15
塹江 敦哉,広島東洋カープ,横浜DeNAベイスターズ,0,5,0.00,0,0,0,0,2026/08/15
塹江 敦哉,広島東洋カープ,阪神タイガース,0,1,0.00,0,0,0,0,2026/08/15
塹江 敦哉,広島東洋カープ,埼玉西武ライオンズ,0,2,4.50,0,0,0,0,2026/08/15
塹江 敦哉,広島東洋カープ,千葉ロッテマリーンズ,0,2,0.00,0,0,0,0,2026/08/15
塹江 敦哉,広島東洋カープ,中日ドラゴンズ,0,2,7.71,0,0,0,0,2026/08/15
塹江 敦哉,広島東洋カープ,東京ヤクルトスワローズ,0,5,0.00,1,0,0,0,2026/08/15
塹江 敦哉,広島東洋カープ,東北楽天ゴールデンイーグルス,0,0,,0,0,0,0,2026/08/15
塹江 敦哉,広島東洋カープ,読売ジャイアンツ,0,1,0.00,0,0,0,0,2026/08/15
塹江 敦哉,広島東洋カープ,福岡ソフトバンクホークス,0,1,18.00,0,1,0,0,2026/08/15
塹江 敦哉,広島東洋カープ,北海道日本ハムファイターズ,0,1,27.00,0,1,0,0,2026/08/15
赤木 晴哉,広島東洋カープ,オリックス・バファローズ,0,0,,0,0,0,0,2026/08/15
赤木 晴哉,広島東洋カープ,横浜DeNAベイスターズ,0,1,0.00,0,0,0,0,2026/08/15
赤木 晴哉,広島東洋カープ,阪神タイガース,0,1,0.00,0,0,0,0,2026/08/15
赤木 晴哉,広島東洋カープ,埼玉西武ライオンズ,0,0,,0,0,0,0,2026/08/15
赤木 晴哉,広島東洋カープ,千葉ロッテマリーンズ,0,1,0.00,0,0,0,0,2026/08/15
赤木 晴哉,広島東洋カープ,中日ドラゴンズ,0,3,13.50,0,0,0,0,2026/08/15
赤木 晴哉,広島東洋カープ,東京ヤクルトスワローズ,1,0,0.00,0,0,0,0,2026/08/15
赤木 晴哉,広島東洋カープ,東北楽天ゴールデンイーグルス,0,0,,0,0,0,0,2026/08/15
赤木 晴哉,広島東洋カープ,読売ジャイアンツ,0,1,0.00,0,0,0,0,2026/08/15
赤木 晴哉,広島東洋カープ,福岡ソフトバンクホークス,0,0,,0,0,0,0,2026/08/15
赤木 晴哉,広島東洋カープ,北海道日本ハムファイターズ,0,0,,0,0,0,0,2026/08/15
長谷部 銀次,広島東洋カープ,オリックス・バファローズ,0,0,,0,0,0,0,2026/08/15
長谷部 銀次,広島東洋カープ,横浜DeNAベイスターズ,0,0,,0,0,0,0,2026/08/15
長谷部 銀次,広島東洋カープ,阪神タイガース,0,0,,0,0,0,0,2026/08/15
長谷部 銀次,広島東洋カープ,埼玉西武ライオンズ,0,0,,0,0,0,0,2026/08/15
長谷部 銀次,広島東洋カープ,千葉ロッテマリーンズ,0,0,,0,0,0,0,2026/08/15
長谷部 銀次,広島東洋カープ,中日ドラゴンズ,0,0,,0,0,0,0,2026/08/15
長谷部 銀次,広島東洋カープ,東京ヤクルトスワローズ,0,0,,0,0,0,0,2026/08/15
長谷部 銀次,広島東洋カープ,東北楽天ゴールデンイーグルス,0,0,,0,0,0,0,2026/08/15
長谷部 銀次,広島東洋カープ,読売ジャイアンツ,0,0,,0,0,0,0,2026/08/15
長谷部 銀次,広島東洋カープ,福岡ソフトバンクホークス,0,0,,0,0,0,0,2026/08/15
長谷部 銀次,広島東洋カープ,北海道日本ハムファイターズ,0,0,,0,0,0,0,2026/08/15
鈴木 健矢,広島東洋カープ,オリックス・バファローズ,0,0,,0,0,0,0,2026/08/15
鈴木 健矢,広島東洋カープ,横浜DeNAベイスターズ,1,4,0.82,0,1,0,0,2026/08/15
鈴木 健矢,広島東洋カープ,阪神タイガース,0,4,6.00,0,0,0,0,2026/08/15
鈴木 健矢,広島東洋カープ,埼玉西武ライオンズ,0,2,0.00,0,0,0,0,2026/08/15
鈴木 健矢,広島東洋カープ,千葉ロッテマリーンズ,1,0,6.75,0,1,0,0,2026/08/15
鈴木 健矢,広島東洋カープ,中日ドラゴンズ,0,4,0.00,0,0,1,0,2026/08/15
鈴木 健矢,広島東洋カープ,東京ヤクルトスワローズ,0,8,3.48,0,0,1,0,2026/08/15
鈴木 健矢,広島東洋カープ,東北楽天ゴールデンイーグルス,0,0,,0,0,0,0,2026/08/15
鈴木 健矢,広島東洋カープ,読売ジャイアンツ,0,2,0.00,0,0,0,0,2026/08/15
鈴木 健矢,広島東洋カープ,福岡ソフトバンクホークス,0,0,,0,0,0,0,2026/08/15
鈴木 健矢,広島東洋カープ,北海道日本ハムファイターズ,0,0,,0,0,0,0,2026/08/15
ターノック,広島東洋カープ,オリックス・バファローズ,0,0,,0,0,0,0,2026/08/15
ターノック,広島東洋カープ,横浜DeNAベイスターズ,2,0,8.10,0,2,0,0,2026/08/15
ターノック,広島東洋カープ,阪神タイガース,2,1,2.25,0,0,0,0,2026/08/15
ターノック,広島東洋カープ,埼玉西武ライオンズ,1,0,5.79,0,1,0,0,2026/08/15
ターノック,広島東洋カープ,千葉ロッテマリーンズ,0,0,,0,0,0,0,2026/08/15
ターノック,広島東洋カープ,中日ドラゴンズ,2,0,0.00,0,0,0,0,2026/08/15
ターノック,広島東洋カープ,東京ヤクルトスワローズ,1,0,9.00,0,1,0,0,2026/08/15
ターノック,広島東洋カープ,東北楽天ゴールデンイーグルス,0,0,,0,0,0,0,2026/08/15
ターノック,広島東洋カープ,読売ジャイアンツ,0,0,,0,0,0,0,2026/08/15
ターノック,広島東洋カープ,福岡ソフトバンクホークス,0,0,,0,0,0,0,2026/08/15
ターノック,広島東洋カープ,北海道日本ハムファイターズ,0,0,,0,0,0,0,2026/08/15
島内 颯太郎,広島東洋カープ,オリックス・バファローズ,0,0,,0,0,0,0,2026/08/15
島内 颯太郎,広島東洋カープ,横浜DeNAベイスターズ,0,4,8.10,0,1,0,0,2026/08/15
島内 颯太郎,広島東洋カープ,阪神タイガース,0,3,3.00,0,0,1,0,2026/08/15
島内 颯太郎,広島東洋カープ,埼玉西武ライオンズ,0,0,,0,0,0,0,2026/08/15
島内 颯太郎,広島東洋カープ,千葉ロッテマリーンズ,0,0,,0,0,0,0,2026/08/15
島内 颯太郎,広島東洋カープ,中日ドラゴンズ,0,2,5.40,0,0,0,0,2026/08/15
島内 颯太郎,広島東洋カープ,東京ヤクルトスワローズ,0,3,0.00,0,0,0,0,2026/08/15
島内 颯太郎,広島東洋カープ,東北楽天ゴールデンイーグルス,0,0,,0,0,0,0,2026/08/15
島内 颯太郎,広島東洋カープ,読売ジャイアンツ,0,0,,0,0,0,0,2026/08/15
島内 颯太郎,広島東洋カープ,福岡ソフトバンクホークス,0,0,,0,0,0,0,2026/08/15
島内 颯太郎,広島東洋カープ,北海道日本ハムファイターズ,0,0,,0,0,0,0,2026/08/15
松本 竜也,広島東洋カープ,オリックス・バファローズ,0,0,,0,0,0,0,2026/08/15
松本 竜也,広島東洋カープ,横浜DeNAベイスターズ,0,0,,0,0,0,0,2026/08/15
松本 竜也,広島東洋カープ,阪神タイガース,0,0,,0,0,0,0,2026/08/15
松本 竜也,広島東洋カープ,埼玉西武ライオンズ,0,0,,0,0,0,0,2026/08/15
松本 竜也,広島東洋カープ,千葉ロッテマリーンズ,0,0,,0,0,0,0,2026/08/15
松本 竜也,広島東洋カープ,中日ドラゴンズ,0,0,,0,0,0,0,2026/08/15
松本 竜也,広島東洋カープ,東京ヤクルトスワローズ,0,0,,0,0,0,0,2026/08/15
松本 竜也,広島東洋カープ,東北楽天ゴールデンイーグルス,0,0,,0,0,0,0,2026/08/15
松本 竜也,広島東洋カープ,読売ジャイアンツ,0,0,,0,0,0,0,2026/08/15
松本 竜也,広島東洋カープ,福岡ソフトバンクホークス,0,0,,0,0,0,0,2026/08/15
松本 竜也,広島東洋カープ,北海道日本ハムファイターズ,0,0,,0,0,0,0,2026/08/15
髙木 快大,広島東洋カープ,オリックス・バファローズ,0,0,,0,0,0,0,2026/08/15
髙木 快大,広島東洋カープ,横浜DeNAベイスターズ,0,0,,0,0,0,0,2026/08/15
髙木 快大,広島東洋カープ,阪神タイガース,0,0,,0,0,0,0,2026/08/15
髙木 快大,広島東洋カープ,埼玉西武ライオンズ,0,0,,0,0,0,0,2026/08/15
髙木 快大,広島東洋カープ,千葉ロッテマリーンズ,0,0,,0,0,0,0,2026/08/15
髙木 快大,広島東洋カープ,中日ドラゴンズ,0,0,,0,0,0,0,2026/08/15
髙木 快大,広島東洋カープ,東京ヤクルトスワローズ,0,0,,0,0,0,0,2026/08/15
髙木 快大,広島東洋カープ,東北楽天ゴールデンイーグルス,0,0,,0,0,0,0,2026/08/15
髙木 快大,広島東洋カープ,読売ジャイアンツ,0,0,,0,0,0,0,2026/08/15
髙木 快大,広島東洋カープ,福岡ソフトバンクホークス,0,0,,0,0,0,0,2026/08/15
髙木 快大,広島東洋カープ,北海道日本ハムファイターズ,0,0,,0,0,0,0,2026/08/15
斉藤 優汰,広島東洋カープ,オリックス・バファローズ,0,0,,0,0,0,0,2026/08/15
斉藤 優汰,広島東洋カープ,横浜DeNAベイスターズ,2,0,3.72,0,0,0,0,2026/08/15
斉藤 優汰,広島東洋カープ,阪神タイガース,1,0,3.60,1,0,0,0,2026/08/15
斉藤 優汰,広島東洋カープ,埼玉西武ライオンズ,0,0,,0,0,0,0,2026/08/15
斉藤 優汰,広島東洋カープ,千葉ロッテマリーンズ,0,0,,0,0,0,0,2026/08/15
斉藤 優汰,広島東洋カープ,中日ドラゴンズ,1,0,11.25,0,1,0,0,2026/08/15
斉藤 優汰,広島東洋カープ,東京ヤクルトスワローズ,0,0,,0,0,0,0,2026/08/15
斉藤 優汰,広島東洋カープ,東北楽天ゴールデンイーグルス,0,0,,0,0,0,0,2026/08/15
斉藤 優汰,広島東洋カープ,読売ジャイアンツ,1,0,1.80,1,0,0,0,2026/08/15
斉藤 優汰,広島東洋カープ,福岡ソフトバンクホークス,0,0,,0,0,0,0,2026/08/15
斉藤 優汰,広島東洋カープ,北海道日本ハムファイターズ,1,0,1.80,0,1,0,0,2026/08/15
アドゥワ 誠,広島東洋カープ,オリックス・バファローズ,0,0,,0,0,0,0,2026/08/15
アドゥワ 誠,広島東洋カープ,横浜DeNAベイスターズ,0,1,13.50,0,1,0,0,2026/08/15
アドゥワ 誠,広島東洋カープ,阪神タイガース,1,0,5.40,0,1,0,0,2026/08/15
アドゥワ 誠,広島東洋カープ,埼玉西武ライオンズ,0,0,,0,0,0,0,2026/08/15
アドゥワ 誠,広島東洋カープ,千葉ロッテマリーンズ,0,0,,0,0,0,0,2026/08/15
アドゥワ 誠,広島東洋カープ,中日ドラゴンズ,1,0,6.00,0,0,0,0,2026/08/15
アドゥワ 誠,広島東洋カープ,東京ヤクルトスワローズ,1,1,7.71,0,0,0,0,2026/08/15
アドゥワ 誠,広島東洋カープ,東北楽天ゴールデンイーグルス,0,0,,0,0,0,0,2026/08/15
アドゥワ 誠,広島東洋カープ,読売ジャイアンツ,0,1,4.50,0,0,0,0,2026/08/15
アドゥワ 誠,広島東洋カープ,福岡ソフトバンクホークス,0,0,,0,0,0,0,2026/08/15
アドゥワ 誠,広島東洋カープ,北海道日本ハムファイターズ,0,0,,0,0,0,0,2026/08/15
杉田 健,広島東洋カープ,オリックス・バファローズ,0,0,,0,0,0,0,2026/08/15
杉田 健,広島東洋カープ,横浜DeNAベイスターズ,0,0,,0,0,0,0,2026/08/15
杉田 健,広島東洋カープ,阪神タイガース,0,0,,0,0,0,0,2026/08/15
杉田 健,広島東洋カープ,埼玉西武ライオンズ,0,0,,0,0,0,0,2026/08/15
杉田 健,広島東洋カープ,千葉ロッテマリーンズ,0,0,,0,0,0,0,2026/08/15
杉田 健,広島東洋カープ,中日ドラゴンズ,0,0,,0,0,0,0,2026/08/15
杉田 健,広島東洋カープ,東京ヤクルトスワローズ,0,0,,0,0,0,0,2026/08/15
杉田 健,広島東洋カープ,東北楽天ゴールデンイーグルス,0,0,,0,0,0,0,2026/08/15
杉田 健,広島東洋カープ,読売ジャイアンツ,0,0,,0,0,0,0,2026/08/15
杉田 健,広島東洋カープ,福岡ソフトバンクホークス,0,0,,0,0,0,0,2026/08/15
杉田 健,広島東洋カープ,北海道日本ハムファイターズ,0,0,,0,0,0,0,2026/08/15
岡本 駿,広島東洋カープ,オリックス・バファローズ,1,0,2.57,1,0,0,0,2026/08/15
岡本 駿,広島東洋カープ,横浜DeNAベイスターズ,2,1,4.76,0,1,0,0,2026/08/15
岡本 駿,広島東洋カープ,阪神タイガース,2,1,3.29,1,1,1,0,2026/08/15
岡本 駿,広島東洋カープ,埼玉西武ライオンズ,0,0,,0,0,0,0,2026/08/15
岡本 駿,広島東洋カープ,千葉ロッテマリーンズ,0,0,,0,0,0,0,2026/08/15
岡本 駿,広島東洋カープ,中日ドラゴンズ,2,0,3.48,2,0,0,0,2026/08/15
岡本 駿,広島東洋カープ,東京ヤクルトスワローズ,5,0,3.10,1,2,0,0,2026/08/15
岡本 駿,広島東洋カープ,東北楽天ゴールデンイーグルス,1,0,0.00,1,0,0,0,2026/08/15
岡本 駿,広島東洋カープ,読売ジャイアンツ,2,0,12.38,0,1,0,0,2026/08/15
岡本 駿,広島東洋カープ,福岡ソフトバンクホークス,1,0,4.50,0,1,0,0,2026/08/15
岡本 駿,広島東洋カープ,北海道日本ハムファイターズ,0,0,,0,0,0,0,2026/08/15
玉村 昇悟,広島東洋カープ,オリックス・バファローズ,1,0,1.29,0,0,0,0,2026/08/15
玉村 昇悟,広島東洋カープ,横浜DeNAベイスターズ,2,0,3.60,1,0,0,0,2026/08/15
玉村 昇悟,広島東洋カープ,阪神タイガース,0,0,,0,0,0,0,2026/08/15
玉村 昇悟,広島東洋カープ,埼玉西武ライオンズ,0,0,,0,0,0,0,2026/08/15
玉村 昇悟,広島東洋カープ,千葉ロッテマリーンズ,0,0,,0,0,0,0,2026/08/15
玉村 昇悟,広島東洋カープ,中日ドラゴンズ,0,0,,0,0,0,0,2026/08/15
玉村 昇悟,広島東洋カープ,東京ヤクルトスワローズ,1,0,5.40,0,0,0,0,2026/08/15
玉村 昇悟,広島東洋カープ,東北楽天ゴールデンイーグルス,1,0,2.57,0,1,0,0,2026/08/15
玉村 昇悟,広島東洋カープ,読売ジャイアンツ,3,0,1.69,0,1,0,0,2026/08/15
玉村 昇悟,広島東洋カープ,福岡ソフトバンクホークス,1,0,2.57,0,1,0,0,2026/08/15
玉村 昇悟,広島東洋カープ,北海道日本ハムファイターズ,0,0,,0,0,0,0,2026/08/15
遠藤 淳志,広島東洋カープ,オリックス・バファローズ,0,1,0.00,0,0,1,0,2026/08/15
遠藤 淳志,広島東洋カープ,横浜DeNAベイスターズ,0,10,0.00,1,0,3,0,2026/08/15
遠藤 淳志,広島東洋カープ,阪神タイガース,0,4,2.25,0,0,2,0,2026/08/15
遠藤 淳志,広島東洋カープ,埼玉西武ライオンズ,0,1,0.00,0,0,1,0,2026/08/15
遠藤 淳志,広島東洋カープ,千葉ロッテマリーンズ,0,2,9.00,0,0,0,0,2026/08/15
遠藤 淳志,広島東洋カープ,中日ドラゴンズ,0,6,0.00,1,0,3,0,2026/08/15
遠藤 淳志,広島東洋カープ,東京ヤクルトスワローズ,0,8,6.48,0,1,1,0,2026/08/15
遠藤 淳志,広島東洋カープ,東北楽天ゴールデンイーグルス,0,1,0.00,0,0,0,0,2026/08/15
遠藤 淳志,広島東洋カープ,読売ジャイアンツ,0,6,3.86,1,1,2,0,2026/08/15
遠藤 淳志,広島東洋カープ,福岡ソフトバンクホークス,0,1,0.00,0,0,0,0,2026/08/15
遠藤 淳志,広島東洋カープ,北海道日本ハムファイターズ,0,2,0.00,0,0,1,0,2026/08/15
菊地 ハルン,広島東洋カープ,オリックス・バファローズ,0,0,,0,0,0,0,2026/08/15
菊地 ハルン,広島東洋カープ,横浜DeNAベイスターズ,0,2,0.00,0,0,1,0,2026/08/15
菊地 ハルン,広島東洋カープ,阪神タイガース,0,1,0.00,0,0,0,0,2026/08/15
菊地 ハルン,広島東洋カープ,埼玉西武ライオンズ,0,0,,0,0,0,0,2026/08/15
菊地 ハルン,広島東洋カープ,千葉ロッテマリーンズ,0,0,,0,0,0,0,2026/08/15
菊地 ハルン,広島東洋カープ,中日ドラゴンズ,0,3,9.00,0,0,0,0,2026/08/15
菊地 ハルン,広島東洋カープ,東京ヤクルトスワローズ,0,1,27.00,0,1,0,0,2026/08/15
菊地 ハルン,広島東洋カープ,東北楽天ゴールデンイーグルス,0,0,,0,0,0,0,2026/08/15
菊地 ハルン,広島東洋カープ,読売ジャイアンツ,0,3,0.00,0,0,1,0,2026/08/15
菊地 ハルン,広島東洋カープ,福岡ソフトバンクホークス,0,0,,0,0,0,0,2026/08/15
菊地 ハルン,広島東洋カープ,北海道日本ハムファイターズ,0,0,,0,0,0,0,2026/08/15
ハーン,広島東洋カープ,オリックス・バファローズ,0,2,0.00,0,0,2,0,2026/08/15
ハーン,広島東洋カープ,横浜DeNAベイスターズ,0,6,1.50,0,0,3,1,2026/08/15
ハーン,広島東洋カープ,阪神タイガース,0,6,3.18,1,1,4,0,2026/08/15
ハーン,広島東洋カープ,埼玉西武ライオンズ,0,1,0.00,0,0,1,0,2026/08/15
ハーン,広島東洋カープ,千葉ロッテマリーンズ,0,1,13.50,0,1,0,0,2026/08/15
ハーン,広島東洋カープ,中日ドラゴンズ,0,6,0.00,1,0,4,0,2026/08/15
ハーン,広島東洋カープ,東京ヤクルトスワローズ,0,6,1.50,0,0,5,0,2026/08/15
ハーン,広島東洋カープ,東北楽天ゴールデンイーグルス,0,1,0.00,0,0,1,0,2026/08/15
ハーン,広島東洋カープ,読売ジャイアンツ,0,6,0.00,0,0,5,0,2026/08/15
ハーン,広島東洋カープ,福岡ソフトバンクホークス,0,0,,0,0,0,0,2026/08/15
ハーン,広島東洋カープ,北海道日本ハムファイターズ,0,2,4.50,0,0,1,0,2026/08/15
日髙 暖己,広島東洋カープ,オリックス・バファローズ,0,0,,0,0,0,0,2026/08/15
日髙 暖己,広島東洋カープ,横浜DeNAベイスターズ,0,0,,0,0,0,0,2026/08/15
日髙 暖己,広島東洋カープ,阪神タイガース,0,0,,0,0,0,0,2026/08/15
日髙 暖己,広島東洋カープ,埼玉西武ライオンズ,0,0,,0,0,0,0,2026/08/15
日髙 暖己,広島東洋カープ,千葉ロッテマリーンズ,0,0,,0,0,0,0,2026/08/15
日髙 暖己,広島東洋カープ,中日ドラゴンズ,0,0,,0,0,0,0,2026/08/15
日髙 暖己,広島東洋カープ,東京ヤクルトスワローズ,0,0,,0,0,0,0,2026/08/15
日髙 暖己,広島東洋カープ,東北楽天ゴールデンイーグルス,0,0,,0,0,0,0,2026/08/15
日髙 暖己,広島東洋カープ,読売ジャイアンツ,0,0,,0,0,0,0,2026/08/15
日髙 暖己,広島東洋カープ,福岡ソフトバンクホークス,0,0,,0,0,0,0,2026/08/15
日髙 暖己,広島東洋カープ,北海道日本ハムファイターズ,0,0,,0,0,0,0,2026/08/15
辻 大雅,広島東洋カープ,オリックス・バファローズ,0,1,0.00,0,0,0,0,2026/08/15
辻 大雅,広島東洋カープ,横浜DeNAベイスターズ,0,7,9.45,0,0,1,0,2026/08/15
辻 大雅,広島東洋カープ,阪神タイガース,0,4,4.50,0,1,0,0,2026/08/15
辻 大雅,広島東洋カープ,埼玉西武ライオンズ,0,2,0.00,0,0,1,0,2026/08/15
辻 大雅,広島東洋カープ,千葉ロッテマリーンズ,0,0,,0,0,0,0,2026/08/15
辻 大雅,広島東洋カープ,中日ドラゴンズ,0,3,10.13,0,0,0,0,2026/08/15
辻 大雅,広島東洋カープ,東京ヤクルトスワローズ,0,7,0.00,2,0,2,0,2026/08/15
辻 大雅,広島東洋カープ,東北楽天ゴールデンイーグルス,0,0,,0,0,0,0,2026/08/15
辻 大雅,広島東洋カープ,読売ジャイアンツ,0,3,13.50,0,1,1,0,2026/08/15
辻 大雅,広島東洋カープ,福岡ソフトバンクホークス,0,2,0.00,0,0,0,0,2026/08/15
辻 大雅,広島東洋カープ,北海道日本ハムファイターズ,0,2,4.50,0,0,1,0,2026/08/15
中西 聖輝,中日ドラゴンズ,オリックス・バファローズ,0,0,,0,0,0,0,2026/08/15
中西 聖輝,中日ドラゴンズ,横浜DeNAベイスターズ,3,0,5.02,0,1,0,0,2026/08/15
中西 聖輝,中日ドラゴンズ,広島東洋カープ,0,0,,0,0,0,0,2026/08/15
中西 聖輝,中日ドラゴンズ,阪神タイガース,2,0,3.46,2,0,0,0,2026/08/15
中西 聖輝,中日ドラゴンズ,埼玉西武ライオンズ,0,0,,0,0,0,0,2026/08/15
中西 聖輝,中日ドラゴンズ,千葉ロッテマリーンズ,0,0,,0,0,0,0,2026/08/15
中西 聖輝,中日ドラゴンズ,東京ヤクルトスワローズ,1,0,22.50,0,1,0,0,2026/08/15
中西 聖輝,中日ドラゴンズ,東北楽天ゴールデンイーグルス,0,0,,0,0,0,0,2026/08/15
中西 聖輝,中日ドラゴンズ,読売ジャイアンツ,1,0,6.75,0,1,0,0,2026/08/15
中西 聖輝,中日ドラゴンズ,福岡ソフトバンクホークス,0,0,,0,0,0,0,2026/08/15
中西 聖輝,中日ドラゴンズ,北海道日本ハムファイターズ,0,0,,0,0,0,0,2026/08/15
橋本 侑樹,中日ドラゴンズ,オリックス・バファローズ,0,1,0.00,0,0,1,0,2026/08/15
橋本 侑樹,中日ドラゴンズ,横浜DeNAベイスターズ,0,5,1.80,1,0,2,0,2026/08/15
橋本 侑樹,中日ドラゴンズ,広島東洋カープ,0,4,10.80,0,1,2,0,2026/08/15
橋本 侑樹,中日ドラゴンズ,阪神タイガース,0,3,0.00,0,0,3,0,2026/08/15
橋本 侑樹,中日ドラゴンズ,埼玉西武ライオンズ,0,1,0.00,0,0,0,0,2026/08/15
橋本 侑樹,中日ドラゴンズ,千葉ロッテマリーンズ,0,1,0.00,0,0,0,0,2026/08/15
橋本 侑樹,中日ドラゴンズ,東京ヤクルトスワローズ,0,4,0.00,2,0,2,0,2026/08/15
橋本 侑樹,中日ドラゴンズ,東北楽天ゴールデンイーグルス,0,1,0.00,0,0,0,0,2026/08/15
橋本 侑樹,中日ドラゴンズ,読売ジャイアンツ,0,7,0.00,1,0,4,0,2026/08/15
橋本 侑樹,中日ドラゴンズ,福岡ソフトバンクホークス,0,2,0.00,0,0,1,0,2026/08/15
橋本 侑樹,中日ドラゴンズ,北海道日本ハムファイターズ,0,2,4.50,0,0,1,0,2026/08/15
草加 勝,中日ドラゴンズ,オリックス・バファローズ,0,0,,0,0,0,0,2026/08/15
草加 勝,中日ドラゴンズ,横浜DeNAベイスターズ,0,5,1.50,0,0,0,0,2026/08/15
草加 勝,中日ドラゴンズ,広島東洋カープ,0,3,0.00,0,0,0,0,2026/08/15
草加 勝,中日ドラゴンズ,阪神タイガース,0,1,0.00,0,0,0,0,2026/08/15
草加 勝,中日ドラゴンズ,埼玉西武ライオンズ,0,2,0.00,0,0,1,0,2026/08/15
草加 勝,中日ドラゴンズ,千葉ロッテマリーンズ,0,1,0.00,0,0,0,0,2026/08/15
草加 勝,中日ドラゴンズ,東京ヤクルトスワローズ,0,2,0.00,0,0,0,0,2026/08/15
草加 勝,中日ドラゴンズ,東北楽天ゴールデンイーグルス,0,0,,0,0,0,0,2026/08/15
草加 勝,中日ドラゴンズ,読売ジャイアンツ,0,1,0.00,0,0,0,0,2026/08/15
草加 勝,中日ドラゴンズ,福岡ソフトバンクホークス,0,0,,0,0,0,0,2026/08/15
草加 勝,中日ドラゴンズ,北海道日本ハムファイターズ,0,2,6.75,0,1,0,0,2026/08/15
櫻井 頼之介,中日ドラゴンズ,オリックス・バファローズ,0,0,,0,0,0,0,2026/08/15
櫻井 頼之介,中日ドラゴンズ,横浜DeNAベイスターズ,2,0,7.36,0,2,0,0,2026/08/15
櫻井 頼之介,中日ドラゴンズ,広島東洋カープ,1,1,0.00,0,0,0,0,2026/08/15
櫻井 頼之介,中日ドラゴンズ,阪神タイガース,0,0,,0,0,0,0,2026/08/15
櫻井 頼之介,中日ドラゴンズ,埼玉西武ライオンズ,0,0,,0,0,0,0,2026/08/15
櫻井 頼之介,中日ドラゴンズ,千葉ロッテマリーンズ,1,0,3.38,1,0,0,0,2026/08/15
櫻井 頼之介,中日ドラゴンズ,東京ヤクルトスワローズ,1,0,27.00,0,1,0,0,2026/08/15
櫻井 頼之介,中日ドラゴンズ,東北楽天ゴールデンイーグルス,1,0,3.00,1,0,0,0,2026/08/15
櫻井 頼之介,中日ドラゴンズ,読売ジャイアンツ,2,0,7.88,0,1,0,0,2026/08/15
櫻井 頼之介,中日ドラゴンズ,福岡ソフトバンクホークス,1,0,5.40,0,0,0,0,2026/08/15
櫻井 頼之介,中日ドラゴンズ,北海道日本ハムファイターズ,0,0,,0,0,0,0,2026/08/15
柳 裕也,中日ドラゴンズ,オリックス・バファローズ,1,0,1.50,1,0,0,0,2026/08/15
柳 裕也,中日ドラゴンズ,横浜DeNAベイスターズ,2,0,4.35,0,0,0,0,2026/08/15
柳 裕也,中日ドラゴンズ,広島東洋カープ,4,0,2.66,1,1,0,0,2026/08/15
柳 裕也,中日ドラゴンズ,阪神タイガース,5,0,1.97,0,2,0,0,2026/08/15
柳 裕也,中日ドラゴンズ,埼玉西武ライオンズ,1,0,0.00,0,0,0,0,2026/08/15
柳 裕也,中日ドラゴンズ,千葉ロッテマリーンズ,0,0,,0,0,0,0,2026/08/15
柳 裕也,中日ドラゴンズ,東京ヤクルトスワローズ,3,0,2.05,1,0,0,0,2026/08/15
柳 裕也,中日ドラゴンズ,東北楽天ゴールデンイーグルス,0,0,,0,0,0,0,2026/08/15
柳 裕也,中日ドラゴンズ,読売ジャイアンツ,2,0,3.75,1,0,0,0,2026/08/15
柳 裕也,中日ドラゴンズ,福岡ソフトバンクホークス,0,0,,0,0,0,0,2026/08/15
柳 裕也,中日ドラゴンズ,北海道日本ハムファイターズ,1,0,5.40,0,1,0,0,2026/08/15
髙橋 宏斗,中日ドラゴンズ,オリックス・バファローズ,1,0,12.27,0,0,0,0,2026/08/15
髙橋 宏斗,中日ドラゴンズ,横浜DeNAベイスターズ,0,0,,0,0,0,0,2026/08/15
髙橋 宏斗,中日ドラゴンズ,広島東洋カープ,3,0,2.18,0,2,0,0,2026/08/15
髙橋 宏斗,中日ドラゴンズ,阪神タイガース,4,0,5.01,0,3,0,0,2026/08/15
髙橋 宏斗,中日ドラゴンズ,埼玉西武ライオンズ,0,0,,0,0,0,0,2026/08/15
髙橋 宏斗,中日ドラゴンズ,千葉ロッテマリーンズ,0,0,,0,0,0,0,2026/08/15
髙橋 宏斗,中日ドラゴンズ,東京ヤクルトスワローズ,4,0,3.12,2,1,0,0,2026/08/15
髙橋 宏斗,中日ドラゴンズ,東北楽天ゴールデンイーグルス,0,0,,0,0,0,0,2026/08/15
髙橋 宏斗,中日ドラゴンズ,読売ジャイアンツ,1,0,1.29,0,1,0,0,2026/08/15
髙橋 宏斗,中日ドラゴンズ,福岡ソフトバンクホークス,0,0,,0,0,0,0,2026/08/15
髙橋 宏斗,中日ドラゴンズ,北海道日本ハムファイターズ,0,0,,0,0,0,0,2026/08/15
涌井 秀章,中日ドラゴンズ,オリックス・バファローズ,0,0,,0,0,0,0,2026/08/15
涌井 秀章,中日ドラゴンズ,横浜DeNAベイスターズ,2,0,5.40,0,2,0,0,2026/08/15
涌井 秀章,中日ドラゴンズ,広島東洋カープ,1,0,1.50,1,0,0,0,2026/08/15
涌井 秀章,中日ドラゴンズ,阪神タイガース,0,0,,0,0,0,0,2026/08/15
涌井 秀章,中日ドラゴンズ,埼玉西武ライオンズ,1,0,1.80,0,0,0,0,2026/08/15
涌井 秀章,中日ドラゴンズ,千葉ロッテマリーンズ,0,0,,0,0,0,0,2026/08/15
涌井 秀章,中日ドラゴンズ,東京ヤクルトスワローズ,1,0,1.50,1,0,0,0,2026/08/15
涌井 秀章,中日ドラゴンズ,東北楽天ゴールデンイーグルス,0,0,,0,0,0,0,2026/08/15
涌井 秀章,中日ドラゴンズ,読売ジャイアンツ,2,0,1.32,1,0,0,0,2026/08/15
涌井 秀章,中日ドラゴンズ,福岡ソフトバンクホークス,0,0,,0,0,0,0,2026/08/15
涌井 秀章,中日ドラゴンズ,北海道日本ハムファイターズ,1,0,9.00,0,0,0,0,2026/08/15
金丸 夢斗,中日ドラゴンズ,オリックス・バファローズ,0,0,,0,0,0,0,2026/08/15
金丸 夢斗,中日ドラゴンズ,横浜DeNAベイスターズ,5,0,3.30,1,3,0,0,2026/08/15
金丸 夢斗,中日ドラゴンズ,広島東洋カープ,2,0,3.46,1,1,0,0,2026/08/15
金丸 夢斗,中日ドラゴンズ,阪神タイガース,2,0,4.50,1,1,0,0,2026/08/15
金丸 夢斗,中日ドラゴンズ,埼玉西武ライオンズ,0,0,,0,0,0,0,2026/08/15
金丸 夢斗,中日ドラゴンズ,千葉ロッテマリーンズ,1,0,3.00,0,0,0,0,2026/08/15
金丸 夢斗,中日ドラゴンズ,東京ヤクルトスワローズ,2,0,2.08,0,0,0,0,2026/08/15
金丸 夢斗,中日ドラゴンズ,東北楽天ゴールデンイーグルス,1,0,1.13,1,0,0,0,2026/08/15
金丸 夢斗,中日ドラゴンズ,読売ジャイアンツ,5,0,2.23,1,3,0,0,2026/08/15
金丸 夢斗,中日ドラゴンズ,福岡ソフトバンクホークス,1,0,0.00,0,1,0,0,2026/08/15
金丸 夢斗,中日ドラゴンズ,北海道日本ハムファイターズ,0,0,,0,0,0,0,2026/08/15
大野 雄大,中日ドラゴンズ,オリックス・バファローズ,1,0,3.38,0,1,0,0,2026/08/15
大野 雄大,中日ドラゴンズ,横浜DeNAベイスターズ,1,0,3.00,1,0,0,0,2026/08/15
大野 雄大,中日ドラゴンズ,広島東洋カープ,3,0,1.89,2,0,0,0,2026/08/15
大野 雄大,中日ドラゴンズ,阪神タイガース,2,0,5.40,0,1,0,0,2026/08/15
大野 雄大,中日ドラゴンズ,埼玉西武ライオンズ,1,0,6.00,0,1,0,0,2026/08/15
大野 雄大,中日ドラゴンズ,千葉ロッテマリーンズ,0,0,,0,0,0,0,2026/08/15
大野 雄大,中日ドラゴンズ,東京ヤクルトスワローズ,3,0,1.29,2,0,0,0,2026/08/15
大野 雄大,中日ドラゴンズ,東北楽天ゴールデンイーグルス,0,0,,0,0,0,0,2026/08/15
大野 雄大,中日ドラゴンズ,読売ジャイアンツ,5,0,0.49,3,1,0,0,2026/08/15
大野 雄大,中日ドラゴンズ,福岡ソフトバンクホークス,0,0,,0,0,0,0,2026/08/15
大野 雄大,中日ドラゴンズ,北海道日本ハムファイターズ,0,0,,0,0,0,0,2026/08/15
仲地 礼亜,中日ドラゴンズ,オリックス・バファローズ,0,0,,0,0,0,0,2026/08/15
仲地 礼亜,中日ドラゴンズ,横浜DeNAベイスターズ,0,1,18.00,0,0,0,0,2026/08/15
仲地 礼亜,中日ドラゴンズ,広島東洋カープ,0,0,,0,0,0,0,2026/08/15
仲地 礼亜,中日ドラゴンズ,阪神タイガース,0,1,9.00,0,0,0,0,2026/08/15
仲地 礼亜,中日ドラゴンズ,埼玉西武ライオンズ,0,0,,0,0,0,0,2026/08/15
仲地 礼亜,中日ドラゴンズ,千葉ロッテマリーンズ,0,0,,0,0,0,0,2026/08/15
仲地 礼亜,中日ドラゴンズ,東京ヤクルトスワローズ,0,0,,0,0,0,0,2026/08/15
仲地 礼亜,中日ドラゴンズ,東北楽天ゴールデンイーグルス,0,0,,0,0,0,0,2026/08/15
仲地 礼亜,中日ドラゴンズ,読売ジャイアンツ,0,2,9.00,0,0,0,0,2026/08/15
仲地 礼亜,中日ドラゴンズ,福岡ソフトバンクホークス,0,0,,0,0,0,0,2026/08/15
仲地 礼亜,中日ドラゴンズ,北海道日本ハムファイターズ,0,0,,0,0,0,0,2026/08/15
アブレウ,中日ドラゴンズ,オリックス・バファローズ,0,0,,0,0,0,0,2026/08/15
アブレウ,中日ドラゴンズ,横浜DeNAベイスターズ,0,4,0.00,0,0,0,0,2026/08/15
アブレウ,中日ドラゴンズ,広島東洋カープ,0,4,10.80,0,0,0,0,2026/08/15
アブレウ,中日ドラゴンズ,阪神タイガース,0,4,0.00,0,0,1,0,2026/08/15
アブレウ,中日ドラゴンズ,埼玉西武ライオンズ,0,0,,0,0,0,0,2026/08/15
アブレウ,中日ドラゴンズ,千葉ロッテマリーンズ,0,0,,0,0,0,0,2026/08/15
アブレウ,中日ドラゴンズ,東京ヤクルトスワローズ,0,2,0.00,0,0,0,0,2026/08/15
アブレウ,中日ドラゴンズ,東北楽天ゴールデンイーグルス,0,0,,0,0,0,0,2026/08/15
アブレウ,中日ドラゴンズ,読売ジャイアンツ,0,1,0.00,1,0,0,0,2026/08/15
アブレウ,中日ドラゴンズ,福岡ソフトバンクホークス,0,0,,0,0,0,0,2026/08/15
アブレウ,中日ドラゴンズ,北海道日本ハムファイターズ,0,0,,0,0,0,0,2026/08/15
松木平 優太,中日ドラゴンズ,オリックス・バファローズ,0,0,,0,0,0,0,2026/08/15
松木平 優太,中日ドラゴンズ,横浜DeNAベイスターズ,0,0,,0,0,0,0,2026/08/15
松木平 優太,中日ドラゴンズ,広島東洋カープ,0,0,,0,0,0,0,2026/08/15
松木平 優太,中日ドラゴンズ,阪神タイガース,0,0,,0,0,0,0,2026/08/15
松木平 優太,中日ドラゴンズ,埼玉西武ライオンズ,0,0,,0,0,0,0,2026/08/15
松木平 優太,中日ドラゴンズ,千葉ロッテマリーンズ,0,0,,0,0,0,0,2026/08/15
松木平 優太,中日ドラゴンズ,東京ヤクルトスワローズ,0,0,,0,0,0,0,2026/08/15
松木平 優太,中日ドラゴンズ,東北楽天ゴールデンイーグルス,0,0,,0,0,0,0,2026/08/15
松木平 優太,中日ドラゴンズ,読売ジャイアンツ,0,0,,0,0,0,0,2026/08/15
松木平 優太,中日ドラゴンズ,福岡ソフトバンクホークス,0,0,,0,0,0,0,2026/08/15
松木平 優太,中日ドラゴンズ,北海道日本ハムファイターズ,0,0,,0,0,0,0,2026/08/15
根尾 昂,中日ドラゴンズ,オリックス・バファローズ,0,0,,0,0,0,0,2026/08/15
根尾 昂,中日ドラゴンズ,横浜DeNAベイスターズ,0,1,0.00,1,0,0,0,2026/08/15
根尾 昂,中日ドラゴンズ,広島東洋カープ,0,2,4.50,0,0,0,0,2026/08/15
根尾 昂,中日ドラゴンズ,阪神タイガース,0,4,5.40,0,1,0,0,2026/08/15
根尾 昂,中日ドラゴンズ,埼玉西武ライオンズ,0,0,,0,0,0,0,2026/08/15
根尾 昂,中日ドラゴンズ,千葉ロッテマリーンズ,0,0,,0,0,0,0,2026/08/15
根尾 昂,中日ドラゴンズ,東京ヤクルトスワローズ,0,2,6.75,0,0,0,0,2026/08/15
根尾 昂,中日ドラゴンズ,東北楽天ゴールデンイーグルス,0,0,,0,0,0,0,2026/08/15
根尾 昂,中日ドラゴンズ,読売ジャイアンツ,0,0,,0,0,0,0,2026/08/15
根尾 昂,中日ドラゴンズ,福岡ソフトバンクホークス,0,0,,0,0,0,0,2026/08/15
根尾 昂,中日ドラゴンズ,北海道日本ハムファイターズ,0,0,,0,0,0,0,2026/08/15
伊藤 茉央,中日ドラゴンズ,オリックス・バファローズ,0,0,,0,0,0,0,2026/08/15
伊藤 茉央,中日ドラゴンズ,横浜DeNAベイスターズ,0,5,5.40,0,0,0,0,2026/08/15
伊藤 茉央,中日ドラゴンズ,広島東洋カープ,0,2,0.00,0,0,0,0,2026/08/15
伊藤 茉央,中日ドラゴンズ,阪神タイガース,0,3,0.00,0,0,0,0,2026/08/15
伊藤 茉央,中日ドラゴンズ,埼玉西武ライオンズ,0,2,0.00,0,0,0,0,2026/08/15
伊藤 茉央,中日ドラゴンズ,千葉ロッテマリーンズ,0,2,9.00,0,1,0,0,2026/08/15
伊藤 茉央,中日ドラゴンズ,東京ヤクルトスワローズ,0,3,0.00,1,0,0,0,2026/08/15
伊藤 茉央,中日ドラゴンズ,東北楽天ゴールデンイーグルス,0,0,,0,0,0,0,2026/08/15
伊藤 茉央,中日ドラゴンズ,読売ジャイアンツ,0,0,,0,0,0,0,2026/08/15
伊藤 茉央,中日ドラゴンズ,福岡ソフトバンクホークス,0,1,0.00,0,0,0,0,2026/08/15
伊藤 茉央,中日ドラゴンズ,北海道日本ハムファイターズ,0,0,,0,0,0,0,2026/08/15
杉浦 稔大,中日ドラゴンズ,オリックス・バファローズ,0,0,,0,0,0,0,2026/08/15
杉浦 稔大,中日ドラゴンズ,横浜DeNAベイスターズ,0,2,0.00,0,0,2,0,2026/08/15
杉浦 稔大,中日ドラゴンズ,広島東洋カープ,0,1,0.00,0,0,0,0,2026/08/15
杉浦 稔大,中日ドラゴンズ,阪神タイガース,0,3,9.00,0,1,1,0,2026/08/15
杉浦 稔大,中日ドラゴンズ,埼玉西武ライオンズ,0,0,,0,0,0,0,2026/08/15
杉浦 稔大,中日ドラゴンズ,千葉ロッテマリーンズ,0,0,,0,0,0,0,2026/08/15
杉浦 稔大,中日ドラゴンズ,東京ヤクルトスワローズ,0,3,10.13,1,1,1,0,2026/08/15
杉浦 稔大,中日ドラゴンズ,東北楽天ゴールデンイーグルス,0,0,,0,0,0,0,2026/08/15
杉浦 稔大,中日ドラゴンズ,読売ジャイアンツ,0,2,9.00,0,0,0,0,2026/08/15
杉浦 稔大,中日ドラゴンズ,福岡ソフトバンクホークス,0,0,,0,0,0,0,2026/08/15
杉浦 稔大,中日ドラゴンズ,北海道日本ハムファイターズ,0,0,,0,0,0,0,2026/08/15
福 敬登,中日ドラゴンズ,オリックス・バファローズ,0,0,,0,0,0,0,2026/08/15
福 敬登,中日ドラゴンズ,横浜DeNAベイスターズ,0,1,0.00,0,0,0,0,2026/08/15
福 敬登,中日ドラゴンズ,広島東洋カープ,0,0,,0,0,0,0,2026/08/15
福 敬登,中日ドラゴンズ,阪神タイガース,0,1,9.00,0,0,0,0,2026/08/15
福 敬登,中日ドラゴンズ,埼玉西武ライオンズ,0,0,,0,0,0,0,2026/08/15
福 敬登,中日ドラゴンズ,千葉ロッテマリーンズ,0,0,,0,0,0,0,2026/08/15
福 敬登,中日ドラゴンズ,東京ヤクルトスワローズ,0,1,0.00,0,0,0,0,2026/08/15
福 敬登,中日ドラゴンズ,東北楽天ゴールデンイーグルス,0,0,,0,0,0,0,2026/08/15
福 敬登,中日ドラゴンズ,読売ジャイアンツ,0,0,,0,0,0,0,2026/08/15
福 敬登,中日ドラゴンズ,福岡ソフトバンクホークス,0,0,,0,0,0,0,2026/08/15
福 敬登,中日ドラゴンズ,北海道日本ハムファイターズ,0,0,,0,0,0,0,2026/08/15
福田 幸之介,中日ドラゴンズ,オリックス・バファローズ,0,0,,0,0,0,0,2026/08/15
福田 幸之介,中日ドラゴンズ,横浜DeNAベイスターズ,0,0,,0,0,0,0,2026/08/15
福田 幸之介,中日ドラゴンズ,広島東洋カープ,0,0,,0,0,0,0,2026/08/15
福田 幸之介,中日ドラゴンズ,阪神タイガース,0,0,,0,0,0,0,2026/08/15
福田 幸之介,中日ドラゴンズ,埼玉西武ライオンズ,0,0,,0,0,0,0,2026/08/15
福田 幸之介,中日ドラゴンズ,千葉ロッテマリーンズ,0,0,,0,0,0,0,2026/08/15
福田 幸之介,中日ドラゴンズ,東京ヤクルトスワローズ,0,0,,0,0,0,0,2026/08/15
福田 幸之介,中日ドラゴンズ,東北楽天ゴールデンイーグルス,0,0,,0,0,0,0,2026/08/15
福田 幸之介,中日ドラゴンズ,読売ジャイアンツ,0,0,,0,0,0,0,2026/08/15
福田 幸之介,中日ドラゴンズ,福岡ソフトバンクホークス,0,0,,0,0,0,0,2026/08/15
福田 幸之介,中日ドラゴンズ,北海道日本ハムファイターズ,0,0,,0,0,0,0,2026/08/15
松葉 貴大,中日ドラゴンズ,オリックス・バファローズ,0,0,,0,0,0,0,2026/08/15
松葉 貴大,中日ドラゴンズ,横浜DeNAベイスターズ,1,0,6.00,0,1,0,0,2026/08/15
松葉 貴大,中日ドラゴンズ,広島東洋カープ,0,0,,0,0,0,0,2026/08/15
松葉 貴大,中日ドラゴンズ,阪神タイガース,0,0,,0,0,0,0,2026/08/15
松葉 貴大,中日ドラゴンズ,埼玉西武ライオンズ,0,0,,0,0,0,0,2026/08/15
松葉 貴大,中日ドラゴンズ,千葉ロッテマリーンズ,0,0,,0,0,0,0,2026/08/15
松葉 貴大,中日ドラゴンズ,東京ヤクルトスワローズ,1,0,7.20,0,0,0,0,2026/08/15
松葉 貴大,中日ドラゴンズ,東北楽天ゴールデンイーグルス,0,0,,0,0,0,0,2026/08/15
松葉 貴大,中日ドラゴンズ,読売ジャイアンツ,0,0,,0,0,0,0,2026/08/15
松葉 貴大,中日ドラゴンズ,福岡ソフトバンクホークス,0,0,,0,0,0,0,2026/08/15
松葉 貴大,中日ドラゴンズ,北海道日本ハムファイターズ,1,0,3.60,0,0,0,0,2026/08/15
勝野 昌慶,中日ドラゴンズ,オリックス・バファローズ,0,0,,0,0,0,0,2026/08/15
勝野 昌慶,中日ドラゴンズ,横浜DeNAベイスターズ,0,1,9.00,0,0,0,0,2026/08/15
勝野 昌慶,中日ドラゴンズ,広島東洋カープ,0,1,13.50,0,1,0,0,2026/08/15
勝野 昌慶,中日ドラゴンズ,阪神タイガース,0,0,,0,0,0,0,2026/08/15
勝野 昌慶,中日ドラゴンズ,埼玉西武ライオンズ,0,1,13.50,0,0,0,0,2026/08/15
勝野 昌慶,中日ドラゴンズ,千葉ロッテマリーンズ,0,0,,0,0,0,0,2026/08/15
勝野 昌慶,中日ドラゴンズ,東京ヤクルトスワローズ,0,1,9.00,0,0,0,0,2026/08/15
勝野 昌慶,中日ドラゴンズ,東北楽天ゴールデンイーグルス,0,0,,0,0,0,0,2026/08/15
勝野 昌慶,中日ドラゴンズ,読売ジャイアンツ,0,1,0.00,0,0,0,0,2026/08/15
勝野 昌慶,中日ドラゴンズ,福岡ソフトバンクホークス,0,2,13.50,0,1,0,0,2026/08/15
勝野 昌慶,中日ドラゴンズ,北海道日本ハムファイターズ,0,0,,0,0,0,0,2026/08/15
梅野 雄吾,中日ドラゴンズ,オリックス・バファローズ,0,0,,0,0,0,0,2026/08/15
梅野 雄吾,中日ドラゴンズ,横浜DeNAベイスターズ,0,0,,0,0,0,0,2026/08/15
梅野 雄吾,中日ドラゴンズ,広島東洋カープ,0,0,,0,0,0,0,2026/08/15
梅野 雄吾,中日ドラゴンズ,阪神タイガース,0,0,,0,0,0,0,2026/08/15
梅野 雄吾,中日ドラゴンズ,埼玉西武ライオンズ,0,0,,0,0,0,0,2026/08/15
梅野 雄吾,中日ドラゴンズ,千葉ロッテマリーンズ,0,0,,0,0,0,0,2026/08/15
梅野 雄吾,中日ドラゴンズ,東京ヤクルトスワローズ,0,1,13.50,0,0,0,0,2026/08/15
梅野 雄吾,中日ドラゴンズ,東北楽天ゴールデンイーグルス,0,0,,0,0,0,0,2026/08/15
梅野 雄吾,中日ドラゴンズ,読売ジャイアンツ,0,1,18.00,0,0,0,0,2026/08/15
梅野 雄吾,中日ドラゴンズ,福岡ソフトバンクホークス,0,0,,0,0,0,0,2026/08/15
梅野 雄吾,中日ドラゴンズ,北海道日本ハムファイターズ,0,0,,0,0,0,0,2026/08/15
吉田 聖弥,中日ドラゴンズ,オリックス・バファローズ,0,1,0.00,0,0,0,0,2026/08/15
吉田 聖弥,中日ドラゴンズ,横浜DeNAベイスターズ,0,8,0.00,1,0,4,0,2026/08/15
吉田 聖弥,中日ドラゴンズ,広島東洋カープ,0,4,6.75,0,2,0,0,2026/08/15
吉田 聖弥,中日ドラゴンズ,阪神タイガース,0,6,8.31,0,0,2,0,2026/08/15
吉田 聖弥,中日ドラゴンズ,埼玉西武ライオンズ,0,2,0.00,0,0,2,0,2026/08/15
吉田 聖弥,中日ドラゴンズ,千葉ロッテマリーンズ,0,1,0.00,0,0,1,0,2026/08/15
吉田 聖弥,中日ドラゴンズ,東京ヤクルトスワローズ,0,5,0.00,0,0,2,0,2026/08/15
吉田 聖弥,中日ドラゴンズ,東北楽天ゴールデンイーグルス,0,0,,0,0,0,0,2026/08/15
吉田 聖弥,中日ドラゴンズ,読売ジャイアンツ,0,7,0.00,0,0,4,0,2026/08/15
吉田 聖弥,中日ドラゴンズ,福岡ソフトバンクホークス,0,1,0.00,0,0,1,0,2026/08/15
吉田 聖弥,中日ドラゴンズ,北海道日本ハムファイターズ,0,2,0.00,0,0,0,0,2026/08/15
清水 達也,中日ドラゴンズ,オリックス・バファローズ,0,0,,0,0,0,0,2026/08/15
清水 達也,中日ドラゴンズ,横浜DeNAベイスターズ,0,1,18.00,0,0,0,0,2026/08/15
清水 達也,中日ドラゴンズ,広島東洋カープ,0,1,0.00,0,0,0,0,2026/08/15
清水 達也,中日ドラゴンズ,阪神タイガース,0,1,40.50,0,0,0,0,2026/08/15
清水 達也,中日ドラゴンズ,埼玉西武ライオンズ,0,0,,0,0,0,0,2026/08/15
清水 達也,中日ドラゴンズ,千葉ロッテマリーンズ,0,0,,0,0,0,0,2026/08/15
清水 達也,中日ドラゴンズ,東京ヤクルトスワローズ,0,3,6.75,0,0,0,0,2026/08/15
清水 達也,中日ドラゴンズ,東北楽天ゴールデンイーグルス,0,0,,0,0,0,0,2026/08/15
清水 達也,中日ドラゴンズ,読売ジャイアンツ,0,0,,0,0,0,0,2026/08/15
清水 達也,中日ドラゴンズ,福岡ソフトバンクホークス,0,0,,0,0,0,0,2026/08/15
清水 達也,中日ドラゴンズ,北海道日本ハムファイターズ,0,0,,0,0,0,0,2026/08/15
篠﨑 国忠,中日ドラゴンズ,オリックス・バファローズ,0,0,,0,0,0,0,2026/08/15
篠﨑 国忠,中日ドラゴンズ,横浜DeNAベイスターズ,0,0,,0,0,0,0,2026/08/15
篠﨑 国忠,中日ドラゴンズ,広島東洋カープ,0,0,,0,0,0,0,2026/08/15
篠﨑 国忠,中日ドラゴンズ,阪神タイガース,0,0,,0,0,0,0,2026/08/15
篠﨑 国忠,中日ドラゴンズ,埼玉西武ライオンズ,0,0,,0,0,0,0,2026/08/15
篠﨑 国忠,中日ドラゴンズ,千葉ロッテマリーンズ,0,1,9.00,0,0,0,0,2026/08/15
篠﨑 国忠,中日ドラゴンズ,東京ヤクルトスワローズ,0,0,,0,0,0,0,2026/08/15
篠﨑 国忠,中日ドラゴンズ,東北楽天ゴールデンイーグルス,0,0,,0,0,0,0,2026/08/15
篠﨑 国忠,中日ドラゴンズ,読売ジャイアンツ,0,0,,0,0,0,0,2026/08/15
篠﨑 国忠,中日ドラゴンズ,福岡ソフトバンクホークス,0,1,0.00,0,0,0,0,2026/08/15
篠﨑 国忠,中日ドラゴンズ,北海道日本ハムファイターズ,0,1,0.00,0,0,0,0,2026/08/15
宮内 春輝,中日ドラゴンズ,オリックス・バファローズ,0,0,,0,0,0,0,2026/08/15
宮内 春輝,中日ドラゴンズ,横浜DeNAベイスターズ,0,0,,0,0,0,0,2026/08/15
宮内 春輝,中日ドラゴンズ,広島東洋カープ,0,0,,0,0,0,0,2026/08/15
宮内 春輝,中日ドラゴンズ,阪神タイガース,0,0,,0,0,0,0,2026/08/15
宮内 春輝,中日ドラゴンズ,埼玉西武ライオンズ,0,0,,0,0,0,0,2026/08/15
宮内 春輝,中日ドラゴンズ,千葉ロッテマリーンズ,0,0,,0,0,0,0,2026/08/15
宮内 春輝,中日ドラゴンズ,東京ヤクルトスワローズ,0,0,,0,0,0,0,2026/08/15
宮内 春輝,中日ドラゴンズ,東北楽天ゴールデンイーグルス,0,0,,0,0,0,0,2026/08/15
宮内 春輝,中日ドラゴンズ,読売ジャイアンツ,0,0,,0,0,0,0,2026/08/15
宮内 春輝,中日ドラゴンズ,福岡ソフトバンクホークス,0,0,,0,0,0,0,2026/08/15
宮内 春輝,中日ドラゴンズ,北海道日本ハムファイターズ,0,0,,0,0,0,0,2026/08/15
藤嶋 健人,中日ドラゴンズ,オリックス・バファローズ,0,2,0.00,0,0,0,0,2026/08/15
藤嶋 健人,中日ドラゴンズ,横浜DeNAベイスターズ,0,6,3.18,0,0,3,0,2026/08/15
藤嶋 健人,中日ドラゴンズ,広島東洋カープ,0,8,0.00,0,0,1,0,2026/08/15
藤嶋 健人,中日ドラゴンズ,阪神タイガース,0,8,0.00,2,0,1,0,2026/08/15
藤嶋 健人,中日ドラゴンズ,埼玉西武ライオンズ,0,1,0.00,0,0,0,0,2026/08/15
藤嶋 健人,中日ドラゴンズ,千葉ロッテマリーンズ,0,2,0.00,0,0,1,0,2026/08/15
藤嶋 健人,中日ドラゴンズ,東京ヤクルトスワローズ,0,2,13.50,0,1,0,0,2026/08/15
藤嶋 健人,中日ドラゴンズ,東北楽天ゴールデンイーグルス,0,1,0.00,0,0,0,0,2026/08/15
藤嶋 健人,中日ドラゴンズ,読売ジャイアンツ,0,7,12.79,0,1,0,0,2026/08/15
藤嶋 健人,中日ドラゴンズ,福岡ソフトバンクホークス,0,2,0.00,0,0,1,0,2026/08/15
藤嶋 健人,中日ドラゴンズ,北海道日本ハムファイターズ,0,2,0.00,1,0,0,0,2026/08/15
齋藤 綱記,中日ドラゴンズ,オリックス・バファローズ,0,1,0.00,0,0,0,0,2026/08/15
齋藤 綱記,中日ドラゴンズ,横浜DeNAベイスターズ,0,8,1.17,2,0,2,0,2026/08/15
齋藤 綱記,中日ドラゴンズ,広島東洋カープ,0,5,5.40,0,0,1,0,2026/08/15
齋藤 綱記,中日ドラゴンズ,阪神タイガース,0,12,0.00,0,0,4,0,2026/08/15
齋藤 綱記,中日ドラゴンズ,埼玉西武ライオンズ,0,1,27.00,0,1,0,0,2026/08/15
齋藤 綱記,中日ドラゴンズ,千葉ロッテマリーンズ,0,0,,0,0,0,0,2026/08/15
齋藤 綱記,中日ドラゴンズ,東京ヤクルトスワローズ,0,3,18.00,0,1,0,0,2026/08/15
齋藤 綱記,中日ドラゴンズ,東北楽天ゴールデンイーグルス,0,1,0.00,0,0,0,0,2026/08/15
齋藤 綱記,中日ドラゴンズ,読売ジャイアンツ,0,6,5.79,0,1,0,0,2026/08/15
齋藤 綱記,中日ドラゴンズ,福岡ソフトバンクホークス,0,2,9.00,0,0,0,0,2026/08/15
齋藤 綱記,中日ドラゴンズ,北海道日本ハムファイターズ,0,1,0.00,0,0,0,0,2026/08/15
高橋 幸佑,中日ドラゴンズ,オリックス・バファローズ,0,0,,0,0,0,0,2026/08/15
高橋 幸佑,中日ドラゴンズ,横浜DeNAベイスターズ,0,0,,0,0,0,0,2026/08/15
高橋 幸佑,中日ドラゴンズ,広島東洋カープ,0,0,,0,0,0,0,2026/08/15
高橋 幸佑,中日ドラゴンズ,阪神タイガース,0,0,,0,0,0,0,2026/08/15
高橋 幸佑,中日ドラゴンズ,埼玉西武ライオンズ,0,0,,0,0,0,0,2026/08/15
高橋 幸佑,中日ドラゴンズ,千葉ロッテマリーンズ,0,0,,0,0,0,0,2026/08/15
高橋 幸佑,中日ドラゴンズ,東京ヤクルトスワローズ,0,0,,0,0,0,0,2026/08/15
高橋 幸佑,中日ドラゴンズ,東北楽天ゴールデンイーグルス,0,0,,0,0,0,0,2026/08/15
高橋 幸佑,中日ドラゴンズ,読売ジャイアンツ,0,0,,0,0,0,0,2026/08/15
高橋 幸佑,中日ドラゴンズ,福岡ソフトバンクホークス,0,0,,0,0,0,0,2026/08/15
高橋 幸佑,中日ドラゴンズ,北海道日本ハムファイターズ,0,0,,0,0,0,0,2026/08/15
森 博人,中日ドラゴンズ,オリックス・バファローズ,0,0,,0,0,0,0,2026/08/15
森 博人,中日ドラゴンズ,横浜DeNAベイスターズ,0,0,,0,0,0,0,2026/08/15
森 博人,中日ドラゴンズ,広島東洋カープ,0,0,,0,0,0,0,2026/08/15
森 博人,中日ドラゴンズ,阪神タイガース,0,0,,0,0,0,0,2026/08/15
森 博人,中日ドラゴンズ,埼玉西武ライオンズ,0,0,,0,0,0,0,2026/08/15
森 博人,中日ドラゴンズ,千葉ロッテマリーンズ,0,0,,0,0,0,0,2026/08/15
森 博人,中日ドラゴンズ,東京ヤクルトスワローズ,0,0,,0,0,0,0,2026/08/15
森 博人,中日ドラゴンズ,東北楽天ゴールデンイーグルス,0,0,,0,0,0,0,2026/08/15
森 博人,中日ドラゴンズ,読売ジャイアンツ,0,0,,0,0,0,0,2026/08/15
森 博人,中日ドラゴンズ,福岡ソフトバンクホークス,0,0,,0,0,0,0,2026/08/15
森 博人,中日ドラゴンズ,北海道日本ハムファイターズ,0,0,,0,0,0,0,2026/08/15
有馬 惠叶,中日ドラゴンズ,オリックス・バファローズ,0,0,,0,0,0,0,2026/08/15
有馬 惠叶,中日ドラゴンズ,横浜DeNAベイスターズ,0,0,,0,0,0,0,2026/08/15
有馬 惠叶,中日ドラゴンズ,広島東洋カープ,0,0,,0,0,0,0,2026/08/15
有馬 惠叶,中日ドラゴンズ,阪神タイガース,0,0,,0,0,0,0,2026/08/15
有馬 惠叶,中日ドラゴンズ,埼玉西武ライオンズ,0,0,,0,0,0,0,2026/08/15
有馬 惠叶,中日ドラゴンズ,千葉ロッテマリーンズ,0,0,,0,0,0,0,2026/08/15
有馬 惠叶,中日ドラゴンズ,東京ヤクルトスワローズ,0,0,,0,0,0,0,2026/08/15
有馬 惠叶,中日ドラゴンズ,東北楽天ゴールデンイーグルス,0,0,,0,0,0,0,2026/08/15
有馬 惠叶,中日ドラゴンズ,読売ジャイアンツ,0,0,,0,0,0,0,2026/08/15
有馬 惠叶,中日ドラゴンズ,福岡ソフトバンクホークス,0,0,,0,0,0,0,2026/08/15
有馬 惠叶,中日ドラゴンズ,北海道日本ハムファイターズ,0,0,,0,0,0,0,2026/08/15
牧野 憲伸,中日ドラゴンズ,オリックス・バファローズ,0,1,,0,1,0,0,2026/08/15
牧野 憲伸,中日ドラゴンズ,横浜DeNAベイスターズ,0,6,0.00,0,0,2,0,2026/08/15
牧野 憲伸,中日ドラゴンズ,広島東洋カープ,0,5,2.08,0,1,0,0,2026/08/15
牧野 憲伸,中日ドラゴンズ,阪神タイガース,0,7,7.71,0,1,0,0,2026/08/15
牧野 憲伸,中日ドラゴンズ,埼玉西武ライオンズ,0,0,,0,0,0,0,2026/08/15
牧野 憲伸,中日ドラゴンズ,千葉ロッテマリーンズ,0,0,,0,0,0,0,2026/08/15
牧野 憲伸,中日ドラゴンズ,東京ヤクルトスワローズ,0,2,0.00,0,0,0,0,2026/08/15
牧野 憲伸,中日ドラゴンズ,東北楽天ゴールデンイーグルス,0,0,,0,0,0,0,2026/08/15
牧野 憲伸,中日ドラゴンズ,読売ジャイアンツ,0,2,13.50,0,0,0,0,2026/08/15
牧野 憲伸,中日ドラゴンズ,福岡ソフトバンクホークス,0,0,,0,0,0,0,2026/08/15
牧野 憲伸,中日ドラゴンズ,北海道日本ハムファイターズ,0,0,,0,0,0,0,2026/08/15
三浦 瑞樹,中日ドラゴンズ,オリックス・バファローズ,0,0,,0,0,0,0,2026/08/15
三浦 瑞樹,中日ドラゴンズ,横浜DeNAベイスターズ,0,1,0.00,0,0,0,0,2026/08/15
三浦 瑞樹,中日ドラゴンズ,広島東洋カープ,0,0,,0,0,0,0,2026/08/15
三浦 瑞樹,中日ドラゴンズ,阪神タイガース,0,0,,0,0,0,0,2026/08/15
三浦 瑞樹,中日ドラゴンズ,埼玉西武ライオンズ,0,0,,0,0,0,0,2026/08/15
三浦 瑞樹,中日ドラゴンズ,千葉ロッテマリーンズ,0,0,,0,0,0,0,2026/08/15
三浦 瑞樹,中日ドラゴンズ,東京ヤクルトスワローズ,0,1,0.00,0,0,0,0,2026/08/15
三浦 瑞樹,中日ドラゴンズ,東北楽天ゴールデンイーグルス,0,0,,0,0,0,0,2026/08/15
三浦 瑞樹,中日ドラゴンズ,読売ジャイアンツ,0,1,0.00,0,0,0,0,2026/08/15
三浦 瑞樹,中日ドラゴンズ,福岡ソフトバンクホークス,0,0,,0,0,0,0,2026/08/15
三浦 瑞樹,中日ドラゴンズ,北海道日本ハムファイターズ,0,0,,0,0,0,0,2026/08/15
近藤 廉,中日ドラゴンズ,オリックス・バファローズ,0,0,,0,0,0,0,2026/08/15
近藤 廉,中日ドラゴンズ,横浜DeNAベイスターズ,0,0,,0,0,0,0,2026/08/15
近藤 廉,中日ドラゴンズ,広島東洋カープ,0,0,,0,0,0,0,2026/08/15
近藤 廉,中日ドラゴンズ,阪神タイガース,0,1,0.00,0,0,0,0,2026/08/15
近藤 廉,中日ドラゴンズ,埼玉西武ライオンズ,0,0,,0,0,0,0,2026/08/15
近藤 廉,中日ドラゴンズ,千葉ロッテマリーンズ,0,0,,0,0,0,0,2026/08/15
近藤 廉,中日ドラゴンズ,東京ヤクルトスワローズ,0,1,16.20,0,0,0,0,2026/08/15
近藤 廉,中日ドラゴンズ,東北楽天ゴールデンイーグルス,0,0,,0,0,0,0,2026/08/15
近藤 廉,中日ドラゴンズ,読売ジャイアンツ,0,1,0.00,0,0,0,0,2026/08/15
近藤 廉,中日ドラゴンズ,福岡ソフトバンクホークス,0,0,,0,0,0,0,2026/08/15
近藤 廉,中日ドラゴンズ,北海道日本ハムファイターズ,0,0,,0,0,0,0,2026/08/15
松山 晋也,中日ドラゴンズ,オリックス・バファローズ,0,0,,0,0,0,0,2026/08/15
松山 晋也,中日ドラゴンズ,横浜DeNAベイスターズ,0,8,0.00,0,0,0,6,2026/08/15
松山 晋也,中日ドラゴンズ,広島東洋カープ,0,2,0.00,0,0,0,1,2026/08/15
松山 晋也,中日ドラゴンズ,阪神タイガース,0,5,9.00,0,2,0,3,2026/08/15
松山 晋也,中日ドラゴンズ,埼玉西武ライオンズ,0,2,0.00,1,0,1,0,2026/08/15
松山 晋也,中日ドラゴンズ,千葉ロッテマリーンズ,0,0,,0,0,0,0,2026/08/15
松山 晋也,中日ドラゴンズ,東京ヤクルトスワローズ,0,4,0.00,0,0,0,4,2026/08/15
松山 晋也,中日ドラゴンズ,東北楽天ゴールデンイーグルス,0,2,0.00,0,0,0,2,2026/08/15
松山 晋也,中日ドラゴンズ,読売ジャイアンツ,0,6,0.00,0,0,0,5,2026/08/15
松山 晋也,中日ドラゴンズ,福岡ソフトバンクホークス,0,1,0.00,0,0,1,0,2026/08/15
松山 晋也,中日ドラゴンズ,北海道日本ハムファイターズ,0,1,0.00,0,0,0,0,2026/08/15
メヒア,中日ドラゴンズ,オリックス・バファローズ,0,1,0.00,0,0,0,0,2026/08/15
メヒア,中日ドラゴンズ,横浜DeNAベイスターズ,0,3,10.13,0,0,0,0,2026/08/15
メヒア,中日ドラゴンズ,広島東洋カープ,0,4,0.00,0,0,1,0,2026/08/15
メヒア,中日ドラゴンズ,阪神タイガース,0,3,0.00,0,0,1,0,2026/08/15
メヒア,中日ドラゴンズ,埼玉西武ライオンズ,0,0,,0,0,0,0,2026/08/15
メヒア,中日ドラゴンズ,千葉ロッテマリーンズ,0,0,,0,0,0,0,2026/08/15
メヒア,中日ドラゴンズ,東京ヤクルトスワローズ,0,4,2.70,0,0,1,0,2026/08/15
メヒア,中日ドラゴンズ,東北楽天ゴールデンイーグルス,0,0,,0,0,0,0,2026/08/15
メヒア,中日ドラゴンズ,読売ジャイアンツ,0,3,6.00,0,1,1,0,2026/08/15
メヒア,中日ドラゴンズ,福岡ソフトバンクホークス,0,0,,0,0,0,0,2026/08/15
メヒア,中日ドラゴンズ,北海道日本ハムファイターズ,0,0,,0,0,0,0,2026/08/15
マラー,中日ドラゴンズ,オリックス・バファローズ,0,0,,0,0,0,0,2026/08/15
マラー,中日ドラゴンズ,横浜DeNAベイスターズ,4,0,2.49,1,2,0,0,2026/08/15
マラー,中日ドラゴンズ,広島東洋カープ,2,0,1.74,1,1,0,0,2026/08/15
マラー,中日ドラゴンズ,阪神タイガース,4,0,3.33,1,1,0,0,2026/08/15
マラー,中日ドラゴンズ,埼玉西武ライオンズ,0,0,,0,0,0,0,2026/08/15
マラー,中日ドラゴンズ,千葉ロッテマリーンズ,1,0,4.76,0,1,0,0,2026/08/15
マラー,中日ドラゴンズ,東京ヤクルトスワローズ,0,0,,0,0,0,0,2026/08/15
マラー,中日ドラゴンズ,東北楽天ゴールデンイーグルス,1,0,0.00,1,0,0,0,2026/08/15
マラー,中日ドラゴンズ,読売ジャイアンツ,1,0,0.00,1,0,0,0,2026/08/15
マラー,中日ドラゴンズ,福岡ソフトバンクホークス,1,0,4.50,0,1,0,0,2026/08/15
マラー,中日ドラゴンズ,北海道日本ハムファイターズ,0,0,,0,0,0,0,2026/08/15
キハダ,東京ヤクルトスワローズ,オリックス・バファローズ,0,1,81.00,0,1,0,0,2026/08/15
キハダ,東京ヤクルトスワローズ,横浜DeNAベイスターズ,0,4,0.00,1,0,0,3,2026/08/15
キハダ,東京ヤクルトスワローズ,広島東洋カープ,0,9,4.91,0,2,1,4,2026/08/15
キハダ,東京ヤクルトスワローズ,阪神タイガース,0,5,1.80,0,1,0,4,2026/08/15
キハダ,東京ヤクルトスワローズ,埼玉西武ライオンズ,0,2,4.50,0,1,1,0,2026/08/15
キハダ,東京ヤクルトスワローズ,千葉ロッテマリーンズ,0,1,0.00,0,0,0,1,2026/08/15
キハダ,東京ヤクルトスワローズ,中日ドラゴンズ,0,6,4.76,1,1,0,2,2026/08/15
キハダ,東京ヤクルトスワローズ,東北楽天ゴールデンイーグルス,0,1,9.00,0,0,0,0,2026/08/15
キハダ,東京ヤクルトスワローズ,読売ジャイアンツ,0,7,0.00,0,0,0,6,2026/08/15
キハダ,東京ヤクルトスワローズ,福岡ソフトバンクホークス,0,1,0.00,0,0,0,1,2026/08/15
キハダ,東京ヤクルトスワローズ,北海道日本ハムファイターズ,0,1,54.00,0,1,0,0,2026/08/15
石山 泰稚,東京ヤクルトスワローズ,オリックス・バファローズ,0,0,,0,0,0,0,2026/08/15
石山 泰稚,東京ヤクルトスワローズ,横浜DeNAベイスターズ,0,0,,0,0,0,0,2026/08/15
石山 泰稚,東京ヤクルトスワローズ,広島東洋カープ,0,0,,0,0,0,0,2026/08/15
石山 泰稚,東京ヤクルトスワローズ,阪神タイガース,0,0,,0,0,0,0,2026/08/15
石山 泰稚,東京ヤクルトスワローズ,埼玉西武ライオンズ,0,0,,0,0,0,0,2026/08/15
石山 泰稚,東京ヤクルトスワローズ,千葉ロッテマリーンズ,0,0,,0,0,0,0,2026/08/15
石山 泰稚,東京ヤクルトスワローズ,中日ドラゴンズ,0,0,,0,0,0,0,2026/08/15
石山 泰稚,東京ヤクルトスワローズ,東北楽天ゴールデンイーグルス,0,0,,0,0,0,0,2026/08/15
石山 泰稚,東京ヤクルトスワローズ,読売ジャイアンツ,0,0,,0,0,0,0,2026/08/15
石山 泰稚,東京ヤクルトスワローズ,福岡ソフトバンクホークス,0,0,,0,0,0,0,2026/08/15
石山 泰稚,東京ヤクルトスワローズ,北海道日本ハムファイターズ,0,0,,0,0,0,0,2026/08/15
西舘 昂汰,東京ヤクルトスワローズ,オリックス・バファローズ,0,0,,0,0,0,0,2026/08/15
西舘 昂汰,東京ヤクルトスワローズ,横浜DeNAベイスターズ,0,0,,0,0,0,0,2026/08/15
西舘 昂汰,東京ヤクルトスワローズ,広島東洋カープ,1,0,0.00,0,0,0,0,2026/08/15
西舘 昂汰,東京ヤクルトスワローズ,阪神タイガース,0,0,,0,0,0,0,2026/08/15
西舘 昂汰,東京ヤクルトスワローズ,埼玉西武ライオンズ,0,0,,0,0,0,0,2026/08/15
西舘 昂汰,東京ヤクルトスワローズ,千葉ロッテマリーンズ,0,0,,0,0,0,0,2026/08/15
西舘 昂汰,東京ヤクルトスワローズ,中日ドラゴンズ,0,0,,0,0,0,0,2026/08/15
西舘 昂汰,東京ヤクルトスワローズ,東北楽天ゴールデンイーグルス,0,0,,0,0,0,0,2026/08/15
西舘 昂汰,東京ヤクルトスワローズ,読売ジャイアンツ,0,0,,0,0,0,0,2026/08/15
西舘 昂汰,東京ヤクルトスワローズ,福岡ソフトバンクホークス,0,0,,0,0,0,0,2026/08/15
西舘 昂汰,東京ヤクルトスワローズ,北海道日本ハムファイターズ,0,0,,0,0,0,0,2026/08/15
中村 優斗,東京ヤクルトスワローズ,オリックス・バファローズ,0,0,,0,0,0,0,2026/08/15
中村 優斗,東京ヤクルトスワローズ,横浜DeNAベイスターズ,0,0,,0,0,0,0,2026/08/15
中村 優斗,東京ヤクルトスワローズ,広島東洋カープ,0,0,,0,0,0,0,2026/08/15
中村 優斗,東京ヤクルトスワローズ,阪神タイガース,0,0,,0,0,0,0,2026/08/15
中村 優斗,東京ヤクルトスワローズ,埼玉西武ライオンズ,0,0,,0,0,0,0,2026/08/15
中村 優斗,東京ヤクルトスワローズ,千葉ロッテマリーンズ,0,0,,0,0,0,0,2026/08/15
中村 優斗,東京ヤクルトスワローズ,中日ドラゴンズ,0,0,,0,0,0,0,2026/08/15
中村 優斗,東京ヤクルトスワローズ,東北楽天ゴールデンイーグルス,0,0,,0,0,0,0,2026/08/15
中村 優斗,東京ヤクルトスワローズ,読売ジャイアンツ,0,0,,0,0,0,0,2026/08/15
中村 優斗,東京ヤクルトスワローズ,福岡ソフトバンクホークス,0,0,,0,0,0,0,2026/08/15
中村 優斗,東京ヤクルトスワローズ,北海道日本ハムファイターズ,0,0,,0,0,0,0,2026/08/15
清水 昇,東京ヤクルトスワローズ,オリックス・バファローズ,0,1,0.00,0,0,1,0,2026/08/15
清水 昇,東京ヤクルトスワローズ,横浜DeNAベイスターズ,0,4,2.70,1,0,0,0,2026/08/15
清水 昇,東京ヤクルトスワローズ,広島東洋カープ,0,8,2.84,0,0,3,0,2026/08/15
清水 昇,東京ヤクルトスワローズ,阪神タイガース,0,5,0.00,0,0,4,0,2026/08/15
清水 昇,東京ヤクルトスワローズ,埼玉西武ライオンズ,0,1,0.00,0,0,1,0,2026/08/15
清水 昇,東京ヤクルトスワローズ,千葉ロッテマリーンズ,0,0,,0,0,0,0,2026/08/15
清水 昇,東京ヤクルトスワローズ,中日ドラゴンズ,0,5,2.08,0,1,2,0,2026/08/15
清水 昇,東京ヤクルトスワローズ,東北楽天ゴールデンイーグルス,0,2,0.00,0,0,0,1,2026/08/15
清水 昇,東京ヤクルトスワローズ,読売ジャイアンツ,0,5,1.80,1,0,2,0,2026/08/15
清水 昇,東京ヤクルトスワローズ,福岡ソフトバンクホークス,0,1,0.00,0,0,1,0,2026/08/15
清水 昇,東京ヤクルトスワローズ,北海道日本ハムファイターズ,0,1,0.00,0,0,1,0,2026/08/15
奥川 恭伸,東京ヤクルトスワローズ,オリックス・バファローズ,0,0,,0,0,0,0,2026/08/15
奥川 恭伸,東京ヤクルトスワローズ,横浜DeNAベイスターズ,2,0,1.84,1,1,0,0,2026/08/15
奥川 恭伸,東京ヤクルトスワローズ,広島東洋カープ,2,0,2.40,0,0,0,0,2026/08/15
奥川 恭伸,東京ヤクルトスワローズ,阪神タイガース,2,0,1.64,0,1,0,0,2026/08/15
奥川 恭伸,東京ヤクルトスワローズ,埼玉西武ライオンズ,0,0,,0,0,0,0,2026/08/15
奥川 恭伸,東京ヤクルトスワローズ,千葉ロッテマリーンズ,0,0,,0,0,0,0,2026/08/15
奥川 恭伸,東京ヤクルトスワローズ,中日ドラゴンズ,3,0,5.89,1,2,0,0,2026/08/15
奥川 恭伸,東京ヤクルトスワローズ,東北楽天ゴールデンイーグルス,1,0,1.29,1,0,0,0,2026/08/15
奥川 恭伸,東京ヤクルトスワローズ,読売ジャイアンツ,5,0,3.34,2,2,0,0,2026/08/15
奥川 恭伸,東京ヤクルトスワローズ,福岡ソフトバンクホークス,1,0,0.00,1,0,0,0,2026/08/15
奥川 恭伸,東京ヤクルトスワローズ,北海道日本ハムファイターズ,1,0,5.40,0,1,0,0,2026/08/15
石川 雅規,東京ヤクルトスワローズ,オリックス・バファローズ,0,0,,0,0,0,0,2026/08/15
石川 雅規,東京ヤクルトスワローズ,横浜DeNAベイスターズ,0,0,,0,0,0,0,2026/08/15
石川 雅規,東京ヤクルトスワローズ,広島東洋カープ,0,0,,0,0,0,0,2026/08/15
石川 雅規,東京ヤクルトスワローズ,阪神タイガース,0,0,,0,0,0,0,2026/08/15
石川 雅規,東京ヤクルトスワローズ,埼玉西武ライオンズ,0,0,,0,0,0,0,2026/08/15
石川 雅規,東京ヤクルトスワローズ,千葉ロッテマリーンズ,0,0,,0,0,0,0,2026/08/15
石川 雅規,東京ヤクルトスワローズ,中日ドラゴンズ,0,0,,0,0,0,0,2026/08/15
石川 雅規,東京ヤクルトスワローズ,東北楽天ゴールデンイーグルス,0,0,,0,0,0,0,2026/08/15
石川 雅規,東京ヤクルトスワローズ,読売ジャイアンツ,0,0,,0,0,0,0,2026/08/15
石川 雅規,東京ヤクルトスワローズ,福岡ソフトバンクホークス,0,0,,0,0,0,0,2026/08/15
石川 雅規,東京ヤクルトスワローズ,北海道日本ハムファイターズ,0,0,,0,0,0,0,2026/08/15
木澤 尚文,東京ヤクルトスワローズ,オリックス・バファローズ,0,0,,0,0,0,0,2026/08/15
木澤 尚文,東京ヤクルトスワローズ,横浜DeNAベイスターズ,0,3,0.00,0,0,2,0,2026/08/15
木澤 尚文,東京ヤクルトスワローズ,広島東洋カープ,0,0,,0,0,0,0,2026/08/15
木澤 尚文,東京ヤクルトスワローズ,阪神タイガース,0,4,4.91,0,0,0,0,2026/08/15
木澤 尚文,東京ヤクルトスワローズ,埼玉西武ライオンズ,0,0,,0,0,0,0,2026/08/15
木澤 尚文,東京ヤクルトスワローズ,千葉ロッテマリーンズ,0,0,,0,0,0,0,2026/08/15
木澤 尚文,東京ヤクルトスワローズ,中日ドラゴンズ,0,3,3.38,0,0,1,0,2026/08/15
木澤 尚文,東京ヤクルトスワローズ,東北楽天ゴールデンイーグルス,0,0,,0,0,0,0,2026/08/15
木澤 尚文,東京ヤクルトスワローズ,読売ジャイアンツ,0,1,0.00,0,0,0,0,2026/08/15
木澤 尚文,東京ヤクルトスワローズ,福岡ソフトバンクホークス,0,0,,0,0,0,0,2026/08/15
木澤 尚文,東京ヤクルトスワローズ,北海道日本ハムファイターズ,0,0,,0,0,0,0,2026/08/15
吉村 貢司郎,東京ヤクルトスワローズ,オリックス・バファローズ,0,0,,0,0,0,0,2026/08/15
吉村 貢司郎,東京ヤクルトスワローズ,横浜DeNAベイスターズ,3,0,6.61,1,2,0,0,2026/08/15
吉村 貢司郎,東京ヤクルトスワローズ,広島東洋カープ,3,0,3.15,1,1,0,0,2026/08/15
吉村 貢司郎,東京ヤクルトスワローズ,阪神タイガース,3,0,6.57,1,2,0,0,2026/08/15
吉村 貢司郎,東京ヤクルトスワローズ,埼玉西武ライオンズ,0,0,,0,0,0,0,2026/08/15
吉村 貢司郎,東京ヤクルトスワローズ,千葉ロッテマリーンズ,0,0,,0,0,0,0,2026/08/15
吉村 貢司郎,東京ヤクルトスワローズ,中日ドラゴンズ,3,0,3.18,0,1,0,0,2026/08/15
吉村 貢司郎,東京ヤクルトスワローズ,東北楽天ゴールデンイーグルス,0,0,,0,0,0,0,2026/08/15
吉村 貢司郎,東京ヤクルトスワローズ,読売ジャイアンツ,2,0,3.00,0,2,0,0,2026/08/15
吉村 貢司郎,東京ヤクルトスワローズ,福岡ソフトバンクホークス,1,0,3.18,1,0,0,0,2026/08/15
吉村 貢司郎,東京ヤクルトスワローズ,北海道日本ハムファイターズ,0,0,,0,0,0,0,2026/08/15
星 知弥,東京ヤクルトスワローズ,オリックス・バファローズ,0,1,0.00,0,0,1,0,2026/08/15
星 知弥,東京ヤクルトスワローズ,横浜DeNAベイスターズ,0,5,7.71,0,1,3,1,2026/08/15
星 知弥,東京ヤクルトスワローズ,広島東洋カープ,0,6,1.59,0,1,4,0,2026/08/15
星 知弥,東京ヤクルトスワローズ,阪神タイガース,0,5,3.60,0,0,3,0,2026/08/15
星 知弥,東京ヤクルトスワローズ,埼玉西武ライオンズ,0,1,0.00,0,0,1,0,2026/08/15
星 知弥,東京ヤクルトスワローズ,千葉ロッテマリーンズ,0,1,0.00,0,0,1,0,2026/08/15
星 知弥,東京ヤクルトスワローズ,中日ドラゴンズ,0,7,4.26,0,1,5,0,2026/08/15
星 知弥,東京ヤクルトスワローズ,東北楽天ゴールデンイーグルス,0,2,0.00,0,0,1,0,2026/08/15
星 知弥,東京ヤクルトスワローズ,読売ジャイアンツ,0,6,0.00,1,0,3,0,2026/08/15
星 知弥,東京ヤクルトスワローズ,福岡ソフトバンクホークス,0,1,0.00,0,0,1,0,2026/08/15
星 知弥,東京ヤクルトスワローズ,北海道日本ハムファイターズ,0,1,0.00,0,0,0,0,2026/08/15
山野 太一,東京ヤクルトスワローズ,オリックス・バファローズ,0,0,,0,0,0,0,2026/08/15
山野 太一,東京ヤクルトスワローズ,横浜DeNAベイスターズ,1,0,2.57,1,0,0,0,2026/08/15
山野 太一,東京ヤクルトスワローズ,広島東洋カープ,3,0,0.00,2,0,0,0,2026/08/15
山野 太一,東京ヤクルトスワローズ,阪神タイガース,3,0,1.53,0,1,0,0,2026/08/15
山野 太一,東京ヤクルトスワローズ,埼玉西武ライオンズ,0,0,,0,0,0,0,2026/08/15
山野 太一,東京ヤクルトスワローズ,千葉ロッテマリーンズ,0,0,,0,0,0,0,2026/08/15
山野 太一,東京ヤクルトスワローズ,中日ドラゴンズ,3,0,5.82,1,1,0,0,2026/08/15
山野 太一,東京ヤクルトスワローズ,東北楽天ゴールデンイーグルス,1,0,1.50,1,0,0,0,2026/08/15
山野 太一,東京ヤクルトスワローズ,読売ジャイアンツ,5,0,1.69,4,0,0,0,2026/08/15
山野 太一,東京ヤクルトスワローズ,福岡ソフトバンクホークス,1,0,7.94,0,1,0,0,2026/08/15
山野 太一,東京ヤクルトスワローズ,北海道日本ハムファイターズ,1,0,1.00,0,0,0,0,2026/08/15
松本 健吾,東京ヤクルトスワローズ,オリックス・バファローズ,1,0,1.69,0,0,0,0,2026/08/15
松本 健吾,東京ヤクルトスワローズ,横浜DeNAベイスターズ,4,0,5.91,2,2,0,0,2026/08/15
松本 健吾,東京ヤクルトスワローズ,広島東洋カープ,2,1,2.45,2,0,0,0,2026/08/15
松本 健吾,東京ヤクルトスワローズ,阪神タイガース,2,0,2.45,0,0,0,0,2026/08/15
松本 健吾,東京ヤクルトスワローズ,埼玉西武ライオンズ,1,0,0.00,0,0,0,0,2026/08/15
松本 健吾,東京ヤクルトスワローズ,千葉ロッテマリーンズ,1,0,5.79,0,1,0,0,2026/08/15
松本 健吾,東京ヤクルトスワローズ,中日ドラゴンズ,2,0,2.77,1,0,0,0,2026/08/15
松本 健吾,東京ヤクルトスワローズ,東北楽天ゴールデンイーグルス,0,0,,0,0,0,0,2026/08/15
松本 健吾,東京ヤクルトスワローズ,読売ジャイアンツ,1,0,8.44,0,1,0,0,2026/08/15
松本 健吾,東京ヤクルトスワローズ,福岡ソフトバンクホークス,0,0,,0,0,0,0,2026/08/15
松本 健吾,東京ヤクルトスワローズ,北海道日本ハムファイターズ,0,0,,0,0,0,0,2026/08/15
小川 泰弘,東京ヤクルトスワローズ,オリックス・バファローズ,0,0,,0,0,0,0,2026/08/15
小川 泰弘,東京ヤクルトスワローズ,横浜DeNAベイスターズ,2,0,6.52,0,0,0,0,2026/08/15
小川 泰弘,東京ヤクルトスワローズ,広島東洋カープ,1,0,4.76,1,0,0,0,2026/08/15
小川 泰弘,東京ヤクルトスワローズ,阪神タイガース,1,0,0.00,0,1,0,0,2026/08/15
小川 泰弘,東京ヤクルトスワローズ,埼玉西武ライオンズ,1,0,3.86,0,1,0,0,2026/08/15
小川 泰弘,東京ヤクルトスワローズ,千葉ロッテマリーンズ,1,0,9.00,0,1,0,0,2026/08/15
小川 泰弘,東京ヤクルトスワローズ,中日ドラゴンズ,1,0,7.50,0,1,0,0,2026/08/15
小川 泰弘,東京ヤクルトスワローズ,東北楽天ゴールデンイーグルス,0,0,,0,0,0,0,2026/08/15
小川 泰弘,東京ヤクルトスワローズ,読売ジャイアンツ,0,0,,0,0,0,0,2026/08/15
小川 泰弘,東京ヤクルトスワローズ,福岡ソフトバンクホークス,0,0,,0,0,0,0,2026/08/15
小川 泰弘,東京ヤクルトスワローズ,北海道日本ハムファイターズ,0,0,,0,0,0,0,2026/08/15
荘司 宏太,東京ヤクルトスワローズ,オリックス・バファローズ,0,1,108.00,0,0,0,0,2026/08/15
荘司 宏太,東京ヤクルトスワローズ,横浜DeNAベイスターズ,0,2,4.50,1,0,0,0,2026/08/15
荘司 宏太,東京ヤクルトスワローズ,広島東洋カープ,0,2,0.00,0,0,2,0,2026/08/15
荘司 宏太,東京ヤクルトスワローズ,阪神タイガース,0,6,0.00,1,0,1,0,2026/08/15
荘司 宏太,東京ヤクルトスワローズ,埼玉西武ライオンズ,0,1,0.00,0,0,0,0,2026/08/15
荘司 宏太,東京ヤクルトスワローズ,千葉ロッテマリーンズ,0,2,9.00,0,0,0,0,2026/08/15
荘司 宏太,東京ヤクルトスワローズ,中日ドラゴンズ,0,4,7.20,1,0,0,0,2026/08/15
荘司 宏太,東京ヤクルトスワローズ,東北楽天ゴールデンイーグルス,0,0,,0,0,0,0,2026/08/15
荘司 宏太,東京ヤクルトスワローズ,読売ジャイアンツ,0,4,1.80,0,0,0,0,2026/08/15
荘司 宏太,東京ヤクルトスワローズ,福岡ソフトバンクホークス,0,0,,0,0,0,0,2026/08/15
荘司 宏太,東京ヤクルトスワローズ,北海道日本ハムファイターズ,0,1,0.00,0,0,0,0,2026/08/15
山崎 太陽,東京ヤクルトスワローズ,オリックス・バファローズ,0,0,,0,0,0,0,2026/08/15
山崎 太陽,東京ヤクルトスワローズ,横浜DeNAベイスターズ,0,0,,0,0,0,0,2026/08/15
山崎 太陽,東京ヤクルトスワローズ,広島東洋カープ,0,0,,0,0,0,0,2026/08/15
山崎 太陽,東京ヤクルトスワローズ,阪神タイガース,0,0,,0,0,0,0,2026/08/15
山崎 太陽,東京ヤクルトスワローズ,埼玉西武ライオンズ,0,0,,0,0,0,0,2026/08/15
山崎 太陽,東京ヤクルトスワローズ,千葉ロッテマリーンズ,0,0,,0,0,0,0,2026/08/15
山崎 太陽,東京ヤクルトスワローズ,中日ドラゴンズ,0,0,,0,0,0,0,2026/08/15
山崎 太陽,東京ヤクルトスワローズ,東北楽天ゴールデンイーグルス,0,0,,0,0,0,0,2026/08/15
山崎 太陽,東京ヤクルトスワローズ,読売ジャイアンツ,0,0,,0,0,0,0,2026/08/15
山崎 太陽,東京ヤクルトスワローズ,福岡ソフトバンクホークス,0,0,,0,0,0,0,2026/08/15
山崎 太陽,東京ヤクルトスワローズ,北海道日本ハムファイターズ,0,0,,0,0,0,0,2026/08/15
田口 麗斗,東京ヤクルトスワローズ,オリックス・バファローズ,0,0,,0,0,0,0,2026/08/15
田口 麗斗,東京ヤクルトスワローズ,横浜DeNAベイスターズ,0,3,15.43,1,0,0,0,2026/08/15
田口 麗斗,東京ヤクルトスワローズ,広島東洋カープ,0,0,,0,0,0,0,2026/08/15
田口 麗斗,東京ヤクルトスワローズ,阪神タイガース,0,5,1.93,0,0,0,0,2026/08/15
田口 麗斗,東京ヤクルトスワローズ,埼玉西武ライオンズ,0,0,,0,0,0,0,2026/08/15
田口 麗斗,東京ヤクルトスワローズ,千葉ロッテマリーンズ,0,0,,0,0,0,0,2026/08/15
田口 麗斗,東京ヤクルトスワローズ,中日ドラゴンズ,0,4,0.00,0,0,1,0,2026/08/15
田口 麗斗,東京ヤクルトスワローズ,東北楽天ゴールデンイーグルス,0,0,,0,0,0,0,2026/08/15
田口 麗斗,東京ヤクルトスワローズ,読売ジャイアンツ,0,2,0.00,0,0,0,0,2026/08/15
田口 麗斗,東京ヤクルトスワローズ,福岡ソフトバンクホークス,0,0,,0,0,0,0,2026/08/15
田口 麗斗,東京ヤクルトスワローズ,北海道日本ハムファイターズ,0,0,,0,0,0,0,2026/08/15
石原 勇輝,東京ヤクルトスワローズ,オリックス・バファローズ,0,0,,0,0,0,0,2026/08/15
石原 勇輝,東京ヤクルトスワローズ,横浜DeNAベイスターズ,0,2,5.40,0,0,0,0,2026/08/15
石原 勇輝,東京ヤクルトスワローズ,広島東洋カープ,1,1,2.45,0,1,0,0,2026/08/15
石原 勇輝,東京ヤクルトスワローズ,阪神タイガース,0,0,,0,0,0,0,2026/08/15
石原 勇輝,東京ヤクルトスワローズ,埼玉西武ライオンズ,0,0,,0,0,0,0,2026/08/15
石原 勇輝,東京ヤクルトスワローズ,千葉ロッテマリーンズ,0,0,,0,0,0,0,2026/08/15
石原 勇輝,東京ヤクルトスワローズ,中日ドラゴンズ,0,1,0.00,0,0,0,0,2026/08/15
石原 勇輝,東京ヤクルトスワローズ,東北楽天ゴールデンイーグルス,0,0,,0,0,0,0,2026/08/15
石原 勇輝,東京ヤクルトスワローズ,読売ジャイアンツ,0,1,9.00,0,0,0,0,2026/08/15
石原 勇輝,東京ヤクルトスワローズ,福岡ソフトバンクホークス,0,0,,0,0,0,0,2026/08/15
石原 勇輝,東京ヤクルトスワローズ,北海道日本ハムファイターズ,0,0,,0,0,0,0,2026/08/15
高梨 裕稔,東京ヤクルトスワローズ,オリックス・バファローズ,0,0,,0,0,0,0,2026/08/15
高梨 裕稔,東京ヤクルトスワローズ,横浜DeNAベイスターズ,2,0,0.69,1,0,0,0,2026/08/15
高梨 裕稔,東京ヤクルトスワローズ,広島東洋カープ,2,0,0.79,2,0,0,0,2026/08/15
高梨 裕稔,東京ヤクルトスワローズ,阪神タイガース,1,0,11.37,0,1,0,0,2026/08/15
高梨 裕稔,東京ヤクルトスワローズ,埼玉西武ライオンズ,0,0,,0,0,0,0,2026/08/15
高梨 裕稔,東京ヤクルトスワローズ,千葉ロッテマリーンズ,0,0,,0,0,0,0,2026/08/15
高梨 裕稔,東京ヤクルトスワローズ,中日ドラゴンズ,2,0,2.38,0,0,0,0,2026/08/15
高梨 裕稔,東京ヤクルトスワローズ,東北楽天ゴールデンイーグルス,1,0,5.14,1,0,0,0,2026/08/15
高梨 裕稔,東京ヤクルトスワローズ,読売ジャイアンツ,1,0,0.00,1,0,0,0,2026/08/15
高梨 裕稔,東京ヤクルトスワローズ,福岡ソフトバンクホークス,0,0,,0,0,0,0,2026/08/15
高梨 裕稔,東京ヤクルトスワローズ,北海道日本ハムファイターズ,1,0,2.70,0,1,0,0,2026/08/15
拓也,東京ヤクルトスワローズ,オリックス・バファローズ,0,0,,0,0,0,0,2026/08/15
拓也,東京ヤクルトスワローズ,横浜DeNAベイスターズ,0,2,9.00,0,0,0,0,2026/08/15
拓也,東京ヤクルトスワローズ,広島東洋カープ,0,1,9.00,0,0,0,0,2026/08/15
拓也,東京ヤクルトスワローズ,阪神タイガース,0,2,32.40,0,0,0,0,2026/08/15
拓也,東京ヤクルトスワローズ,埼玉西武ライオンズ,0,0,,0,0,0,0,2026/08/15
拓也,東京ヤクルトスワローズ,千葉ロッテマリーンズ,0,0,,0,0,0,0,2026/08/15
拓也,東京ヤクルトスワローズ,中日ドラゴンズ,0,1,0.00,0,0,0,0,2026/08/15
拓也,東京ヤクルトスワローズ,東北楽天ゴールデンイーグルス,0,0,,0,0,0,0,2026/08/15
拓也,東京ヤクルトスワローズ,読売ジャイアンツ,0,0,,0,0,0,0,2026/08/15
拓也,東京ヤクルトスワローズ,福岡ソフトバンクホークス,0,1,9.00,0,0,0,0,2026/08/15
拓也,東京ヤクルトスワローズ,北海道日本ハムファイターズ,0,0,,0,0,0,0,2026/08/15
増居 翔太,東京ヤクルトスワローズ,オリックス・バファローズ,0,0,,0,0,0,0,2026/08/15
増居 翔太,東京ヤクルトスワローズ,横浜DeNAベイスターズ,1,0,4.50,0,0,0,0,2026/08/15
増居 翔太,東京ヤクルトスワローズ,広島東洋カープ,0,0,,0,0,0,0,2026/08/15
増居 翔太,東京ヤクルトスワローズ,阪神タイガース,0,0,,0,0,0,0,2026/08/15
増居 翔太,東京ヤクルトスワローズ,埼玉西武ライオンズ,0,0,,0,0,0,0,2026/08/15
増居 翔太,東京ヤクルトスワローズ,千葉ロッテマリーンズ,0,0,,0,0,0,0,2026/08/15
増居 翔太,東京ヤクルトスワローズ,中日ドラゴンズ,1,0,0.00,0,0,0,0,2026/08/15
増居 翔太,東京ヤクルトスワローズ,東北楽天ゴールデンイーグルス,0,0,,0,0,0,0,2026/08/15
増居 翔太,東京ヤクルトスワローズ,読売ジャイアンツ,2,1,0.82,1,0,1,0,2026/08/15
増居 翔太,東京ヤクルトスワローズ,福岡ソフトバンクホークス,0,0,,0,0,0,0,2026/08/15
増居 翔太,東京ヤクルトスワローズ,北海道日本ハムファイターズ,0,0,,0,0,0,0,2026/08/15
大西 広樹,東京ヤクルトスワローズ,オリックス・バファローズ,0,0,,0,0,0,0,2026/08/15
大西 広樹,東京ヤクルトスワローズ,横浜DeNAベイスターズ,0,3,18.00,0,0,1,0,2026/08/15
大西 広樹,東京ヤクルトスワローズ,広島東洋カープ,0,1,0.00,0,0,1,0,2026/08/15
大西 広樹,東京ヤクルトスワローズ,阪神タイガース,0,1,18.00,0,0,0,0,2026/08/15
大西 広樹,東京ヤクルトスワローズ,埼玉西武ライオンズ,0,0,,0,0,0,0,2026/08/15
大西 広樹,東京ヤクルトスワローズ,千葉ロッテマリーンズ,0,0,,0,0,0,0,2026/08/15
大西 広樹,東京ヤクルトスワローズ,中日ドラゴンズ,0,3,13.50,0,0,0,0,2026/08/15
大西 広樹,東京ヤクルトスワローズ,東北楽天ゴールデンイーグルス,0,0,,0,0,0,0,2026/08/15
大西 広樹,東京ヤクルトスワローズ,読売ジャイアンツ,0,1,0.00,0,0,0,0,2026/08/15
大西 広樹,東京ヤクルトスワローズ,福岡ソフトバンクホークス,0,0,,0,0,0,0,2026/08/15
大西 広樹,東京ヤクルトスワローズ,北海道日本ハムファイターズ,0,0,,0,0,0,0,2026/08/15
小澤 怜史,東京ヤクルトスワローズ,オリックス・バファローズ,0,1,0.00,0,0,0,0,2026/08/15
小澤 怜史,東京ヤクルトスワローズ,横浜DeNAベイスターズ,0,2,13.50,0,0,0,0,2026/08/15
小澤 怜史,東京ヤクルトスワローズ,広島東洋カープ,0,1,0.00,0,0,0,0,2026/08/15
小澤 怜史,東京ヤクルトスワローズ,阪神タイガース,0,1,0.00,0,0,0,0,2026/08/15
小澤 怜史,東京ヤクルトスワローズ,埼玉西武ライオンズ,0,1,0.00,0,0,0,0,2026/08/15
小澤 怜史,東京ヤクルトスワローズ,千葉ロッテマリーンズ,0,1,0.00,0,0,0,0,2026/08/15
小澤 怜史,東京ヤクルトスワローズ,中日ドラゴンズ,0,0,,0,0,0,0,2026/08/15
小澤 怜史,東京ヤクルトスワローズ,東北楽天ゴールデンイーグルス,0,0,,0,0,0,0,2026/08/15
小澤 怜史,東京ヤクルトスワローズ,読売ジャイアンツ,0,1,0.00,0,0,0,0,2026/08/15
小澤 怜史,東京ヤクルトスワローズ,福岡ソフトバンクホークス,0,1,18.00,0,0,0,0,2026/08/15
小澤 怜史,東京ヤクルトスワローズ,北海道日本ハムファイターズ,0,2,0.00,0,0,0,0,2026/08/15
大道 温貴,東京ヤクルトスワローズ,オリックス・バファローズ,0,0,,0,0,0,0,2026/08/15
大道 温貴,東京ヤクルトスワローズ,横浜DeNAベイスターズ,0,0,,0,0,0,0,2026/08/15
大道 温貴,東京ヤクルトスワローズ,広島東洋カープ,0,0,,0,0,0,0,2026/08/15
大道 温貴,東京ヤクルトスワローズ,阪神タイガース,0,0,,0,0,0,0,2026/08/15
大道 温貴,東京ヤクルトスワローズ,埼玉西武ライオンズ,0,1,16.20,0,0,0,0,2026/08/15
大道 温貴,東京ヤクルトスワローズ,千葉ロッテマリーンズ,0,0,,0,0,0,0,2026/08/15
大道 温貴,東京ヤクルトスワローズ,中日ドラゴンズ,0,0,,0,0,0,0,2026/08/15
大道 温貴,東京ヤクルトスワローズ,東北楽天ゴールデンイーグルス,0,0,,0,0,0,0,2026/08/15
大道 温貴,東京ヤクルトスワローズ,読売ジャイアンツ,0,0,,0,0,0,0,2026/08/15
大道 温貴,東京ヤクルトスワローズ,福岡ソフトバンクホークス,0,0,,0,0,0,0,2026/08/15
大道 温貴,東京ヤクルトスワローズ,北海道日本ハムファイターズ,0,0,,0,0,0,0,2026/08/15
高橋 奎二,東京ヤクルトスワローズ,オリックス・バファローズ,1,0,7.71,0,1,0,0,2026/08/15
高橋 奎二,東京ヤクルトスワローズ,横浜DeNAベイスターズ,2,0,4.63,0,1,0,0,2026/08/15
高橋 奎二,東京ヤクルトスワローズ,広島東洋カープ,2,0,4.09,0,1,0,0,2026/08/15
高橋 奎二,東京ヤクルトスワローズ,阪神タイガース,2,0,5.54,1,1,0,0,2026/08/15
高橋 奎二,東京ヤクルトスワローズ,埼玉西武ライオンズ,1,0,3.00,0,0,0,0,2026/08/15
高橋 奎二,東京ヤクルトスワローズ,千葉ロッテマリーンズ,1,0,0.00,1,0,0,0,2026/08/15
高橋 奎二,東京ヤクルトスワローズ,中日ドラゴンズ,0,0,,0,0,0,0,2026/08/15
高橋 奎二,東京ヤクルトスワローズ,東北楽天ゴールデンイーグルス,0,0,,0,0,0,0,2026/08/15
高橋 奎二,東京ヤクルトスワローズ,読売ジャイアンツ,2,0,10.29,0,2,0,0,2026/08/15
高橋 奎二,東京ヤクルトスワローズ,福岡ソフトバンクホークス,0,0,,0,0,0,0,2026/08/15
高橋 奎二,東京ヤクルトスワローズ,北海道日本ハムファイターズ,0,0,,0,0,0,0,2026/08/15
鈴木 蓮吾,東京ヤクルトスワローズ,オリックス・バファローズ,0,0,,0,0,0,0,2026/08/15
鈴木 蓮吾,東京ヤクルトスワローズ,横浜DeNAベイスターズ,0,0,,0,0,0,0,2026/08/15
鈴木 蓮吾,東京ヤクルトスワローズ,広島東洋カープ,0,0,,0,0,0,0,2026/08/15
鈴木 蓮吾,東京ヤクルトスワローズ,阪神タイガース,0,0,,0,0,0,0,2026/08/15
鈴木 蓮吾,東京ヤクルトスワローズ,埼玉西武ライオンズ,0,0,,0,0,0,0,2026/08/15
鈴木 蓮吾,東京ヤクルトスワローズ,千葉ロッテマリーンズ,0,0,,0,0,0,0,2026/08/15
鈴木 蓮吾,東京ヤクルトスワローズ,中日ドラゴンズ,0,0,,0,0,0,0,2026/08/15
鈴木 蓮吾,東京ヤクルトスワローズ,東北楽天ゴールデンイーグルス,0,0,,0,0,0,0,2026/08/15
鈴木 蓮吾,東京ヤクルトスワローズ,読売ジャイアンツ,0,0,,0,0,0,0,2026/08/15
鈴木 蓮吾,東京ヤクルトスワローズ,福岡ソフトバンクホークス,0,0,,0,0,0,0,2026/08/15
鈴木 蓮吾,東京ヤクルトスワローズ,北海道日本ハムファイターズ,0,0,,0,0,0,0,2026/08/15
長谷川 宙輝,東京ヤクルトスワローズ,オリックス・バファローズ,0,0,,0,0,0,0,2026/08/15
長谷川 宙輝,東京ヤクルトスワローズ,横浜DeNAベイスターズ,0,1,27.00,0,0,0,0,2026/08/15
長谷川 宙輝,東京ヤクルトスワローズ,広島東洋カープ,0,0,,0,0,0,0,2026/08/15
長谷川 宙輝,東京ヤクルトスワローズ,阪神タイガース,0,0,,0,0,0,0,2026/08/15
長谷川 宙輝,東京ヤクルトスワローズ,埼玉西武ライオンズ,0,0,,0,0,0,0,2026/08/15
長谷川 宙輝,東京ヤクルトスワローズ,千葉ロッテマリーンズ,0,0,,0,0,0,0,2026/08/15
長谷川 宙輝,東京ヤクルトスワローズ,中日ドラゴンズ,0,0,,0,0,0,0,2026/08/15
長谷川 宙輝,東京ヤクルトスワローズ,東北楽天ゴールデンイーグルス,0,0,,0,0,0,0,2026/08/15
長谷川 宙輝,東京ヤクルトスワローズ,読売ジャイアンツ,0,0,,0,0,0,0,2026/08/15
長谷川 宙輝,東京ヤクルトスワローズ,福岡ソフトバンクホークス,0,0,,0,0,0,0,2026/08/15
長谷川 宙輝,東京ヤクルトスワローズ,北海道日本ハムファイターズ,0,0,,0,0,0,0,2026/08/15
坂本 拓己,東京ヤクルトスワローズ,オリックス・バファローズ,0,0,,0,0,0,0,2026/08/15
坂本 拓己,東京ヤクルトスワローズ,横浜DeNAベイスターズ,0,0,,0,0,0,0,2026/08/15
坂本 拓己,東京ヤクルトスワローズ,広島東洋カープ,0,0,,0,0,0,0,2026/08/15
坂本 拓己,東京ヤクルトスワローズ,阪神タイガース,0,0,,0,0,0,0,2026/08/15
坂本 拓己,東京ヤクルトスワローズ,埼玉西武ライオンズ,0,0,,0,0,0,0,2026/08/15
坂本 拓己,東京ヤクルトスワローズ,千葉ロッテマリーンズ,0,0,,0,0,0,0,2026/08/15
坂本 拓己,東京ヤクルトスワローズ,中日ドラゴンズ,0,0,,0,0,0,0,2026/08/15
坂本 拓己,東京ヤクルトスワローズ,東北楽天ゴールデンイーグルス,0,0,,0,0,0,0,2026/08/15
坂本 拓己,東京ヤクルトスワローズ,読売ジャイアンツ,0,0,,0,0,0,0,2026/08/15
坂本 拓己,東京ヤクルトスワローズ,福岡ソフトバンクホークス,0,0,,0,0,0,0,2026/08/15
坂本 拓己,東京ヤクルトスワローズ,北海道日本ハムファイターズ,0,0,,0,0,0,0,2026/08/15
ウォルターズ,東京ヤクルトスワローズ,オリックス・バファローズ,0,0,,0,0,0,0,2026/08/15
ウォルターズ,東京ヤクルトスワローズ,横浜DeNAベイスターズ,1,1,4.05,0,1,0,0,2026/08/15
ウォルターズ,東京ヤクルトスワローズ,広島東洋カープ,1,1,0.00,1,0,0,0,2026/08/15
ウォルターズ,東京ヤクルトスワローズ,阪神タイガース,1,0,6.75,0,0,0,0,2026/08/15
ウォルターズ,東京ヤクルトスワローズ,埼玉西武ライオンズ,0,0,,0,0,0,0,2026/08/15
ウォルターズ,東京ヤクルトスワローズ,千葉ロッテマリーンズ,0,0,,0,0,0,0,2026/08/15
ウォルターズ,東京ヤクルトスワローズ,中日ドラゴンズ,1,0,7.20,0,1,0,0,2026/08/15
ウォルターズ,東京ヤクルトスワローズ,東北楽天ゴールデンイーグルス,0,0,,0,0,0,0,2026/08/15
ウォルターズ,東京ヤクルトスワローズ,読売ジャイアンツ,1,2,13.50,0,1,0,0,2026/08/15
ウォルターズ,東京ヤクルトスワローズ,福岡ソフトバンクホークス,0,0,,0,0,0,0,2026/08/15
ウォルターズ,東京ヤクルトスワローズ,北海道日本ハムファイターズ,0,0,,0,0,0,0,2026/08/15
飯田 琉斗,東京ヤクルトスワローズ,オリックス・バファローズ,0,0,,0,0,0,0,2026/08/15
飯田 琉斗,東京ヤクルトスワローズ,横浜DeNAベイスターズ,0,0,,0,0,0,0,2026/08/15
飯田 琉斗,東京ヤクルトスワローズ,広島東洋カープ,0,0,,0,0,0,0,2026/08/15
飯田 琉斗,東京ヤクルトスワローズ,阪神タイガース,0,0,,0,0,0,0,2026/08/15
飯田 琉斗,東京ヤクルトスワローズ,埼玉西武ライオンズ,0,0,,0,0,0,0,2026/08/15
飯田 琉斗,東京ヤクルトスワローズ,千葉ロッテマリーンズ,0,0,,0,0,0,0,2026/08/15
飯田 琉斗,東京ヤクルトスワローズ,中日ドラゴンズ,0,0,,0,0,0,0,2026/08/15
飯田 琉斗,東京ヤクルトスワローズ,東北楽天ゴールデンイーグルス,0,0,,0,0,0,0,2026/08/15
飯田 琉斗,東京ヤクルトスワローズ,読売ジャイアンツ,0,0,,0,0,0,0,2026/08/15
飯田 琉斗,東京ヤクルトスワローズ,福岡ソフトバンクホークス,0,0,,0,0,0,0,2026/08/15
飯田 琉斗,東京ヤクルトスワローズ,北海道日本ハムファイターズ,0,1,9.00,0,0,0,0,2026/08/15
リランソ,東京ヤクルトスワローズ,オリックス・バファローズ,0,2,0.00,0,0,1,0,2026/08/15
リランソ,東京ヤクルトスワローズ,横浜DeNAベイスターズ,0,5,0.00,0,0,3,0,2026/08/15
リランソ,東京ヤクルトスワローズ,広島東洋カープ,0,8,0.00,1,0,2,0,2026/08/15
リランソ,東京ヤクルトスワローズ,阪神タイガース,0,4,0.00,1,1,1,0,2026/08/15
リランソ,東京ヤクルトスワローズ,埼玉西武ライオンズ,0,0,,0,0,0,0,2026/08/15
リランソ,東京ヤクルトスワローズ,千葉ロッテマリーンズ,0,1,0.00,0,0,0,0,2026/08/15
リランソ,東京ヤクルトスワローズ,中日ドラゴンズ,0,2,36.00,0,1,0,0,2026/08/15
リランソ,東京ヤクルトスワローズ,東北楽天ゴールデンイーグルス,0,0,,0,0,0,0,2026/08/15
リランソ,東京ヤクルトスワローズ,読売ジャイアンツ,0,2,0.00,0,0,1,0,2026/08/15
リランソ,東京ヤクルトスワローズ,福岡ソフトバンクホークス,0,0,,0,0,0,0,2026/08/15
リランソ,東京ヤクルトスワローズ,北海道日本ハムファイターズ,0,1,0.00,0,0,0,0,2026/08/15
阪口 皓亮,東京ヤクルトスワローズ,オリックス・バファローズ,0,2,0.00,0,0,0,0,2026/08/15
阪口 皓亮,東京ヤクルトスワローズ,横浜DeNAベイスターズ,0,2,9.00,0,0,0,0,2026/08/15
阪口 皓亮,東京ヤクルトスワローズ,広島東洋カープ,0,4,0.00,0,0,2,0,2026/08/15
阪口 皓亮,東京ヤクルトスワローズ,阪神タイガース,0,1,0.00,0,0,0,0,2026/08/15
阪口 皓亮,東京ヤクルトスワローズ,埼玉西武ライオンズ,0,2,0.00,0,0,0,0,2026/08/15
阪口 皓亮,東京ヤクルトスワローズ,千葉ロッテマリーンズ,0,2,0.00,0,0,0,0,2026/08/15
阪口 皓亮,東京ヤクルトスワローズ,中日ドラゴンズ,0,3,3.86,0,0,0,0,2026/08/15
阪口 皓亮,東京ヤクルトスワローズ,東北楽天ゴールデンイーグルス,0,0,,0,0,0,0,2026/08/15
阪口 皓亮,東京ヤクルトスワローズ,読売ジャイアンツ,0,4,4.91,0,0,0,0,2026/08/15
阪口 皓亮,東京ヤクルトスワローズ,福岡ソフトバンクホークス,0,0,,0,0,0,0,2026/08/15
阪口 皓亮,東京ヤクルトスワローズ,北海道日本ハムファイターズ,0,1,0.00,0,0,0,0,2026/08/15
丸山 翔大,東京ヤクルトスワローズ,オリックス・バファローズ,0,1,0.00,0,0,1,0,2026/08/15
丸山 翔大,東京ヤクルトスワローズ,横浜DeNAベイスターズ,0,4,9.00,0,0,0,0,2026/08/15
丸山 翔大,東京ヤクルトスワローズ,広島東洋カープ,0,6,0.00,0,0,2,0,2026/08/15
丸山 翔大,東京ヤクルトスワローズ,阪神タイガース,0,5,7.71,0,1,1,0,2026/08/15
丸山 翔大,東京ヤクルトスワローズ,埼玉西武ライオンズ,0,2,0.00,0,0,0,0,2026/08/15
丸山 翔大,東京ヤクルトスワローズ,千葉ロッテマリーンズ,0,0,,0,0,0,0,2026/08/15
丸山 翔大,東京ヤクルトスワローズ,中日ドラゴンズ,0,2,0.00,0,0,0,0,2026/08/15
丸山 翔大,東京ヤクルトスワローズ,東北楽天ゴールデンイーグルス,0,1,0.00,0,0,0,0,2026/08/15
丸山 翔大,東京ヤクルトスワローズ,読売ジャイアンツ,0,5,7.11,0,1,0,0,2026/08/15
丸山 翔大,東京ヤクルトスワローズ,福岡ソフトバンクホークス,0,1,0.00,0,0,1,0,2026/08/15
丸山 翔大,東京ヤクルトスワローズ,北海道日本ハムファイターズ,0,1,0.00,0,0,0,0,2026/08/15
下川 隼佑,東京ヤクルトスワローズ,オリックス・バファローズ,1,0,6.23,0,1,0,0,2026/08/15
下川 隼佑,東京ヤクルトスワローズ,横浜DeNAベイスターズ,0,1,0.00,0,0,0,0,2026/08/15
下川 隼佑,東京ヤクルトスワローズ,広島東洋カープ,0,0,,0,0,0,0,2026/08/15
下川 隼佑,東京ヤクルトスワローズ,阪神タイガース,0,0,,0,0,0,0,2026/08/15
下川 隼佑,東京ヤクルトスワローズ,埼玉西武ライオンズ,0,0,,0,0,0,0,2026/08/15
下川 隼佑,東京ヤクルトスワローズ,千葉ロッテマリーンズ,0,0,,0,0,0,0,2026/08/15
下川 隼佑,東京ヤクルトスワローズ,中日ドラゴンズ,0,1,18.00,0,0,0,0,2026/08/15
下川 隼佑,東京ヤクルトスワローズ,東北楽天ゴールデンイーグルス,0,0,,0,0,0,0,2026/08/15
下川 隼佑,東京ヤクルトスワローズ,読売ジャイアンツ,0,0,,0,0,0,0,2026/08/15
下川 隼佑,東京ヤクルトスワローズ,福岡ソフトバンクホークス,0,0,,0,0,0,0,2026/08/15
下川 隼佑,東京ヤクルトスワローズ,北海道日本ハムファイターズ,0,0,,0,0,0,0,2026/08/15
廣澤 優,東京ヤクルトスワローズ,オリックス・バファローズ,0,1,0.00,0,0,0,0,2026/08/15
廣澤 優,東京ヤクルトスワローズ,横浜DeNAベイスターズ,0,6,0.00,0,0,1,0,2026/08/15
廣澤 優,東京ヤクルトスワローズ,広島東洋カープ,0,6,6.00,1,1,2,0,2026/08/15
廣澤 優,東京ヤクルトスワローズ,阪神タイガース,0,5,3.60,1,0,1,0,2026/08/15
廣澤 優,東京ヤクルトスワローズ,埼玉西武ライオンズ,0,1,0.00,0,0,1,0,2026/08/15
廣澤 優,東京ヤクルトスワローズ,千葉ロッテマリーンズ,0,1,0.00,0,0,0,0,2026/08/15
廣澤 優,東京ヤクルトスワローズ,中日ドラゴンズ,0,4,4.50,1,0,1,0,2026/08/15
廣澤 優,東京ヤクルトスワローズ,東北楽天ゴールデンイーグルス,0,1,9.00,0,0,0,0,2026/08/15
廣澤 優,東京ヤクルトスワローズ,読売ジャイアンツ,0,7,1.29,0,0,1,0,2026/08/15
廣澤 優,東京ヤクルトスワローズ,福岡ソフトバンクホークス,0,1,0.00,0,0,0,0,2026/08/15
廣澤 優,東京ヤクルトスワローズ,北海道日本ハムファイターズ,0,1,0.00,0,0,0,0,2026/08/15
沼田 翔平,東京ヤクルトスワローズ,オリックス・バファローズ,0,0,,0,0,0,0,2026/08/15
沼田 翔平,東京ヤクルトスワローズ,横浜DeNAベイスターズ,0,0,,0,0,0,0,2026/08/15
沼田 翔平,東京ヤクルトスワローズ,広島東洋カープ,0,0,,0,0,0,0,2026/08/15
沼田 翔平,東京ヤクルトスワローズ,阪神タイガース,0,0,,0,0,0,0,2026/08/15
沼田 翔平,東京ヤクルトスワローズ,埼玉西武ライオンズ,0,0,,0,0,0,0,2026/08/15
沼田 翔平,東京ヤクルトスワローズ,千葉ロッテマリーンズ,0,0,,0,0,0,0,2026/08/15
沼田 翔平,東京ヤクルトスワローズ,中日ドラゴンズ,0,0,,0,0,0,0,2026/08/15
沼田 翔平,東京ヤクルトスワローズ,東北楽天ゴールデンイーグルス,0,0,,0,0,0,0,2026/08/15
沼田 翔平,東京ヤクルトスワローズ,読売ジャイアンツ,0,0,,0,0,0,0,2026/08/15
沼田 翔平,東京ヤクルトスワローズ,福岡ソフトバンクホークス,0,0,,0,0,0,0,2026/08/15
沼田 翔平,東京ヤクルトスワローズ,北海道日本ハムファイターズ,0,0,,0,0,0,0,2026/08/15
青柳 晃洋,東京ヤクルトスワローズ,オリックス・バファローズ,0,0,,0,0,0,0,2026/08/15
青柳 晃洋,東京ヤクルトスワローズ,横浜DeNAベイスターズ,0,0,,0,0,0,0,2026/08/15
青柳 晃洋,東京ヤクルトスワローズ,広島東洋カープ,0,0,,0,0,0,0,2026/08/15
青柳 晃洋,東京ヤクルトスワローズ,阪神タイガース,0,0,,0,0,0,0,2026/08/15
青柳 晃洋,東京ヤクルトスワローズ,埼玉西武ライオンズ,0,0,,0,0,0,0,2026/08/15
青柳 晃洋,東京ヤクルトスワローズ,千葉ロッテマリーンズ,0,0,,0,0,0,0,2026/08/15
青柳 晃洋,東京ヤクルトスワローズ,中日ドラゴンズ,0,0,,0,0,0,0,2026/08/15
青柳 晃洋,東京ヤクルトスワローズ,東北楽天ゴールデンイーグルス,0,0,,0,0,0,0,2026/08/15
青柳 晃洋,東京ヤクルトスワローズ,読売ジャイアンツ,0,0,,0,0,0,0,2026/08/15
青柳 晃洋,東京ヤクルトスワローズ,福岡ソフトバンクホークス,0,0,,0,0,0,0,2026/08/15
青柳 晃洋,東京ヤクルトスワローズ,北海道日本ハムファイターズ,0,0,,0,0,0,0,2026/08/15
スチュワート・ジュニア,福岡ソフトバンクホークス,オリックス・バファローズ,1,0,2.57,1,0,0,0,2026/08/15
スチュワート・ジュニア,福岡ソフトバンクホークス,横浜DeNAベイスターズ,0,0,,0,0,0,0,2026/08/15
スチュワート・ジュニア,福岡ソフトバンクホークス,広島東洋カープ,0,0,,0,0,0,0,2026/08/15
スチュワート・ジュニア,福岡ソフトバンクホークス,阪神タイガース,1,0,3.18,0,0,0,0,2026/08/15
スチュワート・ジュニア,福岡ソフトバンクホークス,埼玉西武ライオンズ,1,0,54.00,0,1,0,0,2026/08/15
スチュワート・ジュニア,福岡ソフトバンクホークス,千葉ロッテマリーンズ,3,0,3.46,2,1,0,0,2026/08/15
スチュワート・ジュニア,福岡ソフトバンクホークス,中日ドラゴンズ,1,0,1.69,1,0,0,0,2026/08/15
スチュワート・ジュニア,福岡ソフトバンクホークス,東京ヤクルトスワローズ,0,0,,0,0,0,0,2026/08/15
スチュワート・ジュニア,福岡ソフトバンクホークス,東北楽天ゴールデンイーグルス,2,0,5.00,0,2,0,0,2026/08/15
スチュワート・ジュニア,福岡ソフトバンクホークス,読売ジャイアンツ,1,0,7.20,1,0,0,0,2026/08/15
スチュワート・ジュニア,福岡ソフトバンクホークス,北海道日本ハムファイターズ,4,0,6.11,1,1,0,0,2026/08/15
上沢 直之,福岡ソフトバンクホークス,オリックス・バファローズ,4,0,2.49,2,2,0,0,2026/08/15
上沢 直之,福岡ソフトバンクホークス,横浜DeNAベイスターズ,0,0,,0,0,0,0,2026/08/15
上沢 直之,福岡ソフトバンクホークス,広島東洋カープ,0,0,,0,0,0,0,2026/08/15
上沢 直之,福岡ソフトバンクホークス,阪神タイガース,0,0,,0,0,0,0,2026/08/15
上沢 直之,福岡ソフトバンクホークス,埼玉西武ライオンズ,1,0,0.00,1,0,0,0,2026/08/15
上沢 直之,福岡ソフトバンクホークス,千葉ロッテマリーンズ,4,0,5.25,1,1,0,0,2026/08/15
上沢 直之,福岡ソフトバンクホークス,中日ドラゴンズ,0,0,,0,0,0,0,2026/08/15
上沢 直之,福岡ソフトバンクホークス,東京ヤクルトスワローズ,0,0,,0,0,0,0,2026/08/15
上沢 直之,福岡ソフトバンクホークス,東北楽天ゴールデンイーグルス,2,0,0.00,1,1,0,0,2026/08/15
上沢 直之,福岡ソフトバンクホークス,読売ジャイアンツ,0,0,,0,0,0,0,2026/08/15
上沢 直之,福岡ソフトバンクホークス,北海道日本ハムファイターズ,4,0,1.44,2,0,0,0,2026/08/15
津森 宥紀,福岡ソフトバンクホークス,オリックス・バファローズ,0,5,0.00,0,0,3,0,2026/08/15
津森 宥紀,福岡ソフトバンクホークス,横浜DeNAベイスターズ,0,1,0.00,0,0,0,0,2026/08/15
津森 宥紀,福岡ソフトバンクホークス,広島東洋カープ,0,0,,0,0,0,0,2026/08/15
津森 宥紀,福岡ソフトバンクホークス,阪神タイガース,0,2,0.00,0,0,1,0,2026/08/15
津森 宥紀,福岡ソフトバンクホークス,埼玉西武ライオンズ,0,4,0.00,0,0,0,0,2026/08/15
津森 宥紀,福岡ソフトバンクホークス,千葉ロッテマリーンズ,0,9,1.08,1,0,4,1,2026/08/15
津森 宥紀,福岡ソフトバンクホークス,中日ドラゴンズ,0,1,27.00,0,0,0,0,2026/08/15
津森 宥紀,福岡ソフトバンクホークス,東京ヤクルトスワローズ,0,2,0.00,0,0,0,0,2026/08/15
津森 宥紀,福岡ソフトバンクホークス,東北楽天ゴールデンイーグルス,0,4,6.75,0,0,0,0,2026/08/15
津森 宥紀,福岡ソフトバンクホークス,読売ジャイアンツ,0,2,0.00,0,0,0,0,2026/08/15
津森 宥紀,福岡ソフトバンクホークス,北海道日本ハムファイターズ,0,5,0.00,1,0,1,0,2026/08/15
稲川 竜汰,福岡ソフトバンクホークス,オリックス・バファローズ,0,0,,0,0,0,0,2026/08/15
稲川 竜汰,福岡ソフトバンクホークス,横浜DeNAベイスターズ,0,0,,0,0,0,0,2026/08/15
稲川 竜汰,福岡ソフトバンクホークス,広島東洋カープ,0,0,,0,0,0,0,2026/08/15
稲川 竜汰,福岡ソフトバンクホークス,阪神タイガース,0,0,,0,0,0,0,2026/08/15
稲川 竜汰,福岡ソフトバンクホークス,埼玉西武ライオンズ,0,0,,0,0,0,0,2026/08/15
稲川 竜汰,福岡ソフトバンクホークス,千葉ロッテマリーンズ,0,0,,0,0,0,0,2026/08/15
稲川 竜汰,福岡ソフトバンクホークス,中日ドラゴンズ,0,0,,0,0,0,0,2026/08/15
稲川 竜汰,福岡ソフトバンクホークス,東京ヤクルトスワローズ,0,0,,0,0,0,0,2026/08/15
稲川 竜汰,福岡ソフトバンクホークス,東北楽天ゴールデンイーグルス,0,1,13.50,0,0,0,0,2026/08/15
稲川 竜汰,福岡ソフトバンクホークス,読売ジャイアンツ,0,0,,0,0,0,0,2026/08/15
稲川 竜汰,福岡ソフトバンクホークス,北海道日本ハムファイターズ,0,0,,0,0,0,0,2026/08/15
ラトリッジ,福岡ソフトバンクホークス,オリックス・バファローズ,0,0,,0,0,0,0,2026/08/15
ラトリッジ,福岡ソフトバンクホークス,横浜DeNAベイスターズ,0,0,,0,0,0,0,2026/08/15
ラトリッジ,福岡ソフトバンクホークス,広島東洋カープ,0,0,,0,0,0,0,2026/08/15
ラトリッジ,福岡ソフトバンクホークス,阪神タイガース,0,0,,0,0,0,0,2026/08/15
ラトリッジ,福岡ソフトバンクホークス,埼玉西武ライオンズ,0,0,,0,0,0,0,2026/08/15
ラトリッジ,福岡ソフトバンクホークス,千葉ロッテマリーンズ,0,0,,0,0,0,0,2026/08/15
ラトリッジ,福岡ソフトバンクホークス,中日ドラゴンズ,0,0,,0,0,0,0,2026/08/15
ラトリッジ,福岡ソフトバンクホークス,東京ヤクルトスワローズ,0,0,,0,0,0,0,2026/08/15
ラトリッジ,福岡ソフトバンクホークス,東北楽天ゴールデンイーグルス,0,0,,0,0,0,0,2026/08/15
ラトリッジ,福岡ソフトバンクホークス,読売ジャイアンツ,0,0,,0,0,0,0,2026/08/15
ラトリッジ,福岡ソフトバンクホークス,北海道日本ハムファイターズ,0,0,,0,0,0,0,2026/08/15
東浜 巨,福岡ソフトバンクホークス,オリックス・バファローズ,0,0,,0,0,0,0,2026/08/15
東浜 巨,福岡ソフトバンクホークス,横浜DeNAベイスターズ,0,0,,0,0,0,0,2026/08/15
東浜 巨,福岡ソフトバンクホークス,広島東洋カープ,0,0,,0,0,0,0,2026/08/15
東浜 巨,福岡ソフトバンクホークス,阪神タイガース,0,0,,0,0,0,0,2026/08/15
東浜 巨,福岡ソフトバンクホークス,埼玉西武ライオンズ,0,0,,0,0,0,0,2026/08/15
東浜 巨,福岡ソフトバンクホークス,千葉ロッテマリーンズ,0,0,,0,0,0,0,2026/08/15
東浜 巨,福岡ソフトバンクホークス,中日ドラゴンズ,0,0,,0,0,0,0,2026/08/15
東浜 巨,福岡ソフトバンクホークス,東京ヤクルトスワローズ,0,0,,0,0,0,0,2026/08/15
東浜 巨,福岡ソフトバンクホークス,東北楽天ゴールデンイーグルス,0,0,,0,0,0,0,2026/08/15
東浜 巨,福岡ソフトバンクホークス,読売ジャイアンツ,0,0,,0,0,0,0,2026/08/15
東浜 巨,福岡ソフトバンクホークス,北海道日本ハムファイターズ,0,0,,0,0,0,0,2026/08/15
張 峻ウェイ,福岡ソフトバンクホークス,オリックス・バファローズ,0,0,,0,0,0,0,2026/08/15
張 峻ウェイ,福岡ソフトバンクホークス,横浜DeNAベイスターズ,0,0,,0,0,0,0,2026/08/15
張 峻ウェイ,福岡ソフトバンクホークス,広島東洋カープ,0,0,,0,0,0,0,2026/08/15
張 峻ウェイ,福岡ソフトバンクホークス,阪神タイガース,0,0,,0,0,0,0,2026/08/15
張 峻ウェイ,福岡ソフトバンクホークス,埼玉西武ライオンズ,0,0,,0,0,0,0,2026/08/15
張 峻ウェイ,福岡ソフトバンクホークス,千葉ロッテマリーンズ,0,0,,0,0,0,0,2026/08/15
張 峻ウェイ,福岡ソフトバンクホークス,中日ドラゴンズ,0,0,,0,0,0,0,2026/08/15
張 峻ウェイ,福岡ソフトバンクホークス,東京ヤクルトスワローズ,0,0,,0,0,0,0,2026/08/15
張 峻ウェイ,福岡ソフトバンクホークス,東北楽天ゴールデンイーグルス,0,0,,0,0,0,0,2026/08/15
張 峻ウェイ,福岡ソフトバンクホークス,読売ジャイアンツ,0,0,,0,0,0,0,2026/08/15
張 峻ウェイ,福岡ソフトバンクホークス,北海道日本ハムファイターズ,0,0,,0,0,0,0,2026/08/15
徐 若熙,福岡ソフトバンクホークス,オリックス・バファローズ,1,0,37.80,0,1,0,0,2026/08/15
徐 若熙,福岡ソフトバンクホークス,横浜DeNAベイスターズ,1,0,3.00,0,0,0,0,2026/08/15
徐 若熙,福岡ソフトバンクホークス,広島東洋カープ,1,0,0.00,1,0,0,0,2026/08/15
徐 若熙,福岡ソフトバンクホークス,阪神タイガース,0,0,,0,0,0,0,2026/08/15
徐 若熙,福岡ソフトバンクホークス,埼玉西武ライオンズ,2,0,6.55,0,2,0,0,2026/08/15
徐 若熙,福岡ソフトバンクホークス,千葉ロッテマリーンズ,0,0,,0,0,0,0,2026/08/15
徐 若熙,福岡ソフトバンクホークス,中日ドラゴンズ,0,0,,0,0,0,0,2026/08/15
徐 若熙,福岡ソフトバンクホークス,東京ヤクルトスワローズ,0,0,,0,0,0,0,2026/08/15
徐 若熙,福岡ソフトバンクホークス,東北楽天ゴールデンイーグルス,1,0,0.00,1,0,0,0,2026/08/15
徐 若熙,福岡ソフトバンクホークス,読売ジャイアンツ,0,0,,0,0,0,0,2026/08/15
徐 若熙,福岡ソフトバンクホークス,北海道日本ハムファイターズ,0,0,,0,0,0,0,2026/08/15
大津 亮介,福岡ソフトバンクホークス,オリックス・バファローズ,1,0,1.50,0,1,0,0,2026/08/15
大津 亮介,福岡ソフトバンクホークス,横浜DeNAベイスターズ,0,0,,0,0,0,0,2026/08/15
大津 亮介,福岡ソフトバンクホークス,広島東洋カープ,0,0,,0,0,0,0,2026/08/15
大津 亮介,福岡ソフトバンクホークス,阪神タイガース,1,0,4.50,1,0,0,0,2026/08/15
大津 亮介,福岡ソフトバンクホークス,埼玉西武ライオンズ,4,0,2.77,3,0,0,0,2026/08/15
大津 亮介,福岡ソフトバンクホークス,千葉ロッテマリーンズ,2,0,4.76,1,0,0,0,2026/08/15
大津 亮介,福岡ソフトバンクホークス,中日ドラゴンズ,1,0,0.00,1,0,0,0,2026/08/15
大津 亮介,福岡ソフトバンクホークス,東京ヤクルトスワローズ,0,0,,0,0,0,0,2026/08/15
大津 亮介,福岡ソフトバンクホークス,東北楽天ゴールデンイーグルス,5,0,2.57,2,1,0,0,2026/08/15
大津 亮介,福岡ソフトバンクホークス,読売ジャイアンツ,1,0,0.00,1,0,0,0,2026/08/15
大津 亮介,福岡ソフトバンクホークス,北海道日本ハムファイターズ,2,0,4.50,0,1,0,0,2026/08/15
村上 泰斗,福岡ソフトバンクホークス,オリックス・バファローズ,0,0,,0,0,0,0,2026/08/15
村上 泰斗,福岡ソフトバンクホークス,横浜DeNAベイスターズ,0,0,,0,0,0,0,2026/08/15
村上 泰斗,福岡ソフトバンクホークス,広島東洋カープ,0,0,,0,0,0,0,2026/08/15
村上 泰斗,福岡ソフトバンクホークス,阪神タイガース,0,0,,0,0,0,0,2026/08/15
村上 泰斗,福岡ソフトバンクホークス,埼玉西武ライオンズ,0,0,,0,0,0,0,2026/08/15
村上 泰斗,福岡ソフトバンクホークス,千葉ロッテマリーンズ,0,0,,0,0,0,0,2026/08/15
村上 泰斗,福岡ソフトバンクホークス,中日ドラゴンズ,0,0,,0,0,0,0,2026/08/15
村上 泰斗,福岡ソフトバンクホークス,東京ヤクルトスワローズ,0,0,,0,0,0,0,2026/08/15
村上 泰斗,福岡ソフトバンクホークス,東北楽天ゴールデンイーグルス,0,1,0.00,0,0,0,0,2026/08/15
村上 泰斗,福岡ソフトバンクホークス,読売ジャイアンツ,0,0,,0,0,0,0,2026/08/15
村上 泰斗,福岡ソフトバンクホークス,北海道日本ハムファイターズ,0,0,,0,0,0,0,2026/08/15
藤原 大翔,福岡ソフトバンクホークス,オリックス・バファローズ,1,0,16.88,0,1,0,0,2026/08/15
藤原 大翔,福岡ソフトバンクホークス,横浜DeNAベイスターズ,0,0,,0,0,0,0,2026/08/15
藤原 大翔,福岡ソフトバンクホークス,広島東洋カープ,0,0,,0,0,0,0,2026/08/15
藤原 大翔,福岡ソフトバンクホークス,阪神タイガース,0,0,,0,0,0,0,2026/08/15
藤原 大翔,福岡ソフトバンクホークス,埼玉西武ライオンズ,1,0,4.50,0,1,0,0,2026/08/15
藤原 大翔,福岡ソフトバンクホークス,千葉ロッテマリーンズ,0,0,,0,0,0,0,2026/08/15
藤原 大翔,福岡ソフトバンクホークス,中日ドラゴンズ,0,0,,0,0,0,0,2026/08/15
藤原 大翔,福岡ソフトバンクホークス,東京ヤクルトスワローズ,0,0,,0,0,0,0,2026/08/15
藤原 大翔,福岡ソフトバンクホークス,東北楽天ゴールデンイーグルス,0,0,,0,0,0,0,2026/08/15
藤原 大翔,福岡ソフトバンクホークス,読売ジャイアンツ,0,0,,0,0,0,0,2026/08/15
藤原 大翔,福岡ソフトバンクホークス,北海道日本ハムファイターズ,0,0,,0,0,0,0,2026/08/15
鈴木 豪太,福岡ソフトバンクホークス,オリックス・バファローズ,0,4,4.05,1,0,0,0,2026/08/15
鈴木 豪太,福岡ソフトバンクホークス,横浜DeNAベイスターズ,0,1,0.00,0,0,0,0,2026/08/15
鈴木 豪太,福岡ソフトバンクホークス,広島東洋カープ,0,0,,0,0,0,0,2026/08/15
鈴木 豪太,福岡ソフトバンクホークス,阪神タイガース,0,1,0.00,0,0,0,0,2026/08/15
鈴木 豪太,福岡ソフトバンクホークス,埼玉西武ライオンズ,0,5,3.00,0,0,0,0,2026/08/15
鈴木 豪太,福岡ソフトバンクホークス,千葉ロッテマリーンズ,0,6,0.00,0,0,2,0,2026/08/15
鈴木 豪太,福岡ソフトバンクホークス,中日ドラゴンズ,0,0,,0,0,0,0,2026/08/15
鈴木 豪太,福岡ソフトバンクホークス,東京ヤクルトスワローズ,0,2,0.00,0,0,0,0,2026/08/15
鈴木 豪太,福岡ソフトバンクホークス,東北楽天ゴールデンイーグルス,0,4,1.50,0,0,0,0,2026/08/15
鈴木 豪太,福岡ソフトバンクホークス,読売ジャイアンツ,0,1,0.00,0,0,0,0,2026/08/15
鈴木 豪太,福岡ソフトバンクホークス,北海道日本ハムファイターズ,0,3,3.00,0,0,1,0,2026/08/15
岩井 俊介,福岡ソフトバンクホークス,オリックス・バファローズ,0,3,0.00,0,0,0,0,2026/08/15
岩井 俊介,福岡ソフトバンクホークス,横浜DeNAベイスターズ,0,0,,0,0,0,0,2026/08/15
岩井 俊介,福岡ソフトバンクホークス,広島東洋カープ,0,0,,0,0,0,0,2026/08/15
岩井 俊介,福岡ソフトバンクホークス,阪神タイガース,0,0,,0,0,0,0,2026/08/15
岩井 俊介,福岡ソフトバンクホークス,埼玉西武ライオンズ,0,0,,0,0,0,0,2026/08/15
岩井 俊介,福岡ソフトバンクホークス,千葉ロッテマリーンズ,0,1,0.00,0,0,0,0,2026/08/15
岩井 俊介,福岡ソフトバンクホークス,中日ドラゴンズ,0,0,,0,0,0,0,2026/08/15
岩井 俊介,福岡ソフトバンクホークス,東京ヤクルトスワローズ,0,0,,0,0,0,0,2026/08/15
岩井 俊介,福岡ソフトバンクホークス,東北楽天ゴールデンイーグルス,0,1,0.00,0,0,0,0,2026/08/15
岩井 俊介,福岡ソフトバンクホークス,読売ジャイアンツ,0,0,,0,0,0,0,2026/08/15
岩井 俊介,福岡ソフトバンクホークス,北海道日本ハムファイターズ,0,0,,0,0,0,0,2026/08/15
安德 駿,福岡ソフトバンクホークス,オリックス・バファローズ,0,0,,0,0,0,0,2026/08/15
安德 駿,福岡ソフトバンクホークス,横浜DeNAベイスターズ,0,0,,0,0,0,0,2026/08/15
安德 駿,福岡ソフトバンクホークス,広島東洋カープ,0,0,,0,0,0,0,2026/08/15
安德 駿,福岡ソフトバンクホークス,阪神タイガース,0,0,,0,0,0,0,2026/08/15
安德 駿,福岡ソフトバンクホークス,埼玉西武ライオンズ,0,0,,0,0,0,0,2026/08/15
安德 駿,福岡ソフトバンクホークス,千葉ロッテマリーンズ,0,0,,0,0,0,0,2026/08/15
安德 駿,福岡ソフトバンクホークス,中日ドラゴンズ,0,0,,0,0,0,0,2026/08/15
安德 駿,福岡ソフトバンクホークス,東京ヤクルトスワローズ,0,0,,0,0,0,0,2026/08/15
安德 駿,福岡ソフトバンクホークス,東北楽天ゴールデンイーグルス,0,0,,0,0,0,0,2026/08/15
安德 駿,福岡ソフトバンクホークス,読売ジャイアンツ,0,0,,0,0,0,0,2026/08/15
安德 駿,福岡ソフトバンクホークス,北海道日本ハムファイターズ,0,0,,0,0,0,0,2026/08/15
大江 竜聖,福岡ソフトバンクホークス,オリックス・バファローズ,0,0,,0,0,0,0,2026/08/15
大江 竜聖,福岡ソフトバンクホークス,横浜DeNAベイスターズ,0,0,,0,0,0,0,2026/08/15
大江 竜聖,福岡ソフトバンクホークス,広島東洋カープ,0,0,,0,0,0,0,2026/08/15
大江 竜聖,福岡ソフトバンクホークス,阪神タイガース,0,0,,0,0,0,0,2026/08/15
大江 竜聖,福岡ソフトバンクホークス,埼玉西武ライオンズ,0,0,,0,0,0,0,2026/08/15
大江 竜聖,福岡ソフトバンクホークス,千葉ロッテマリーンズ,0,0,,0,0,0,0,2026/08/15
大江 竜聖,福岡ソフトバンクホークス,中日ドラゴンズ,0,0,,0,0,0,0,2026/08/15
大江 竜聖,福岡ソフトバンクホークス,東京ヤクルトスワローズ,0,0,,0,0,0,0,2026/08/15
大江 竜聖,福岡ソフトバンクホークス,東北楽天ゴールデンイーグルス,0,2,0.00,0,0,0,0,2026/08/15
大江 竜聖,福岡ソフトバンクホークス,読売ジャイアンツ,0,0,,0,0,0,0,2026/08/15
大江 竜聖,福岡ソフトバンクホークス,北海道日本ハムファイターズ,0,1,0.00,0,0,0,0,2026/08/15
中村 稔弥,福岡ソフトバンクホークス,オリックス・バファローズ,1,1,6.75,0,0,0,0,2026/08/15
中村 稔弥,福岡ソフトバンクホークス,横浜DeNAベイスターズ,0,0,,0,0,0,0,2026/08/15
中村 稔弥,福岡ソフトバンクホークス,広島東洋カープ,0,0,,0,0,0,0,2026/08/15
中村 稔弥,福岡ソフトバンクホークス,阪神タイガース,0,0,,0,0,0,0,2026/08/15
中村 稔弥,福岡ソフトバンクホークス,埼玉西武ライオンズ,0,1,0.00,0,0,0,0,2026/08/15
中村 稔弥,福岡ソフトバンクホークス,千葉ロッテマリーンズ,0,1,0.00,0,0,0,0,2026/08/15
中村 稔弥,福岡ソフトバンクホークス,中日ドラゴンズ,0,0,,0,0,0,0,2026/08/15
中村 稔弥,福岡ソフトバンクホークス,東京ヤクルトスワローズ,0,2,0.00,0,0,0,0,2026/08/15
中村 稔弥,福岡ソフトバンクホークス,東北楽天ゴールデンイーグルス,0,0,,0,0,0,0,2026/08/15
中村 稔弥,福岡ソフトバンクホークス,読売ジャイアンツ,0,0,,0,0,0,0,2026/08/15
中村 稔弥,福岡ソフトバンクホークス,北海道日本ハムファイターズ,0,1,0.00,0,0,0,0,2026/08/15
アルメンタ,福岡ソフトバンクホークス,オリックス・バファローズ,0,0,,0,0,0,0,2026/08/15
アルメンタ,福岡ソフトバンクホークス,横浜DeNAベイスターズ,0,0,,0,0,0,0,2026/08/15
アルメンタ,福岡ソフトバンクホークス,広島東洋カープ,0,0,,0,0,0,0,2026/08/15
アルメンタ,福岡ソフトバンクホークス,阪神タイガース,0,0,,0,0,0,0,2026/08/15
アルメンタ,福岡ソフトバンクホークス,埼玉西武ライオンズ,0,0,,0,0,0,0,2026/08/15
アルメンタ,福岡ソフトバンクホークス,千葉ロッテマリーンズ,0,0,,0,0,0,0,2026/08/15
アルメンタ,福岡ソフトバンクホークス,中日ドラゴンズ,0,0,,0,0,0,0,2026/08/15
アルメンタ,福岡ソフトバンクホークス,東京ヤクルトスワローズ,1,0,7.71,0,1,0,0,2026/08/15
アルメンタ,福岡ソフトバンクホークス,東北楽天ゴールデンイーグルス,0,0,,0,0,0,0,2026/08/15
アルメンタ,福岡ソフトバンクホークス,読売ジャイアンツ,1,0,19.29,0,1,0,0,2026/08/15
アルメンタ,福岡ソフトバンクホークス,北海道日本ハムファイターズ,0,0,,0,0,0,0,2026/08/15
モイネロ,福岡ソフトバンクホークス,オリックス・バファローズ,0,0,,0,0,0,0,2026/08/15
モイネロ,福岡ソフトバンクホークス,横浜DeNAベイスターズ,0,0,,0,0,0,0,2026/08/15
モイネロ,福岡ソフトバンクホークス,広島東洋カープ,0,0,,0,0,0,0,2026/08/15
モイネロ,福岡ソフトバンクホークス,阪神タイガース,0,0,,0,0,0,0,2026/08/15
モイネロ,福岡ソフトバンクホークス,埼玉西武ライオンズ,0,0,,0,0,0,0,2026/08/15
モイネロ,福岡ソフトバンクホークス,千葉ロッテマリーンズ,1,0,0.00,1,0,0,0,2026/08/15
モイネロ,福岡ソフトバンクホークス,中日ドラゴンズ,0,0,,0,0,0,0,2026/08/15
モイネロ,福岡ソフトバンクホークス,東京ヤクルトスワローズ,0,0,,0,0,0,0,2026/08/15
モイネロ,福岡ソフトバンクホークス,東北楽天ゴールデンイーグルス,0,0,,0,0,0,0,2026/08/15
モイネロ,福岡ソフトバンクホークス,読売ジャイアンツ,0,0,,0,0,0,0,2026/08/15
モイネロ,福岡ソフトバンクホークス,北海道日本ハムファイターズ,0,0,,0,0,0,0,2026/08/15
尾形 崇斗,福岡ソフトバンクホークス,オリックス・バファローズ,0,2,0.00,0,0,0,0,2026/08/15
尾形 崇斗,福岡ソフトバンクホークス,横浜DeNAベイスターズ,0,0,,0,0,0,0,2026/08/15
尾形 崇斗,福岡ソフトバンクホークス,広島東洋カープ,0,0,,0,0,0,0,2026/08/15
尾形 崇斗,福岡ソフトバンクホークス,阪神タイガース,2,0,1.50,1,1,0,0,2026/08/15
尾形 崇斗,福岡ソフトバンクホークス,埼玉西武ライオンズ,1,3,0.00,1,0,0,0,2026/08/15
尾形 崇斗,福岡ソフトバンクホークス,千葉ロッテマリーンズ,1,1,6.35,0,1,0,0,2026/08/15
尾形 崇斗,福岡ソフトバンクホークス,中日ドラゴンズ,2,0,5.40,0,1,0,0,2026/08/15
尾形 崇斗,福岡ソフトバンクホークス,東京ヤクルトスワローズ,2,0,2.25,1,0,0,0,2026/08/15
尾形 崇斗,福岡ソフトバンクホークス,東北楽天ゴールデンイーグルス,0,3,6.75,0,2,0,0,2026/08/15
尾形 崇斗,福岡ソフトバンクホークス,読売ジャイアンツ,1,0,12.00,0,0,0,0,2026/08/15
尾形 崇斗,福岡ソフトバンクホークス,北海道日本ハムファイターズ,0,1,18.00,0,0,0,0,2026/08/15
杉山 一樹,福岡ソフトバンクホークス,オリックス・バファローズ,0,5,10.38,1,1,0,2,2026/08/15
杉山 一樹,福岡ソフトバンクホークス,横浜DeNAベイスターズ,0,2,0.00,0,0,0,2,2026/08/15
杉山 一樹,福岡ソフトバンクホークス,広島東洋カープ,0,2,0.00,0,0,0,2,2026/08/15
杉山 一樹,福岡ソフトバンクホークス,阪神タイガース,0,2,0.00,0,0,0,1,2026/08/15
杉山 一樹,福岡ソフトバンクホークス,埼玉西武ライオンズ,0,5,0.00,0,0,0,4,2026/08/15
杉山 一樹,福岡ソフトバンクホークス,千葉ロッテマリーンズ,0,7,6.00,0,1,1,4,2026/08/15
杉山 一樹,福岡ソフトバンクホークス,中日ドラゴンズ,0,2,0.00,0,0,1,1,2026/08/15
杉山 一樹,福岡ソフトバンクホークス,東京ヤクルトスワローズ,0,0,,0,0,0,0,2026/08/15
杉山 一樹,福岡ソフトバンクホークス,東北楽天ゴールデンイーグルス,0,4,0.00,0,0,0,2,2026/08/15
杉山 一樹,福岡ソフトバンクホークス,読売ジャイアンツ,0,1,0.00,0,0,0,0,2026/08/15
杉山 一樹,福岡ソフトバンクホークス,北海道日本ハムファイターズ,0,9,4.00,0,0,0,6,2026/08/15
前田 悠伍,福岡ソフトバンクホークス,オリックス・バファローズ,1,0,1.29,0,0,0,0,2026/08/15
前田 悠伍,福岡ソフトバンクホークス,横浜DeNAベイスターズ,1,0,1.80,1,0,0,0,2026/08/15
前田 悠伍,福岡ソフトバンクホークス,広島東洋カープ,0,0,,0,0,0,0,2026/08/15
前田 悠伍,福岡ソフトバンクホークス,阪神タイガース,0,0,,0,0,0,0,2026/08/15
前田 悠伍,福岡ソフトバンクホークス,埼玉西武ライオンズ,3,0,0.00,3,0,0,0,2026/08/15
前田 悠伍,福岡ソフトバンクホークス,千葉ロッテマリーンズ,3,0,1.93,2,0,0,0,2026/08/15
前田 悠伍,福岡ソフトバンクホークス,中日ドラゴンズ,0,0,,0,0,0,0,2026/08/15
前田 悠伍,福岡ソフトバンクホークス,東京ヤクルトスワローズ,1,0,1.29,1,0,0,0,2026/08/15
前田 悠伍,福岡ソフトバンクホークス,東北楽天ゴールデンイーグルス,3,0,3.38,2,0,0,0,2026/08/15
前田 悠伍,福岡ソフトバンクホークス,読売ジャイアンツ,0,0,,0,0,0,0,2026/08/15
前田 悠伍,福岡ソフトバンクホークス,北海道日本ハムファイターズ,2,0,3.60,1,0,0,0,2026/08/15
伊藤 優輔,福岡ソフトバンクホークス,オリックス・バファローズ,0,2,10.13,0,0,0,0,2026/08/15
伊藤 優輔,福岡ソフトバンクホークス,横浜DeNAベイスターズ,0,2,0.00,1,0,0,0,2026/08/15
伊藤 優輔,福岡ソフトバンクホークス,広島東洋カープ,0,0,,0,0,0,0,2026/08/15
伊藤 優輔,福岡ソフトバンクホークス,阪神タイガース,0,1,9.00,0,0,0,0,2026/08/15
伊藤 優輔,福岡ソフトバンクホークス,埼玉西武ライオンズ,0,4,0.00,0,0,0,0,2026/08/15
伊藤 優輔,福岡ソフトバンクホークス,千葉ロッテマリーンズ,0,4,0.00,0,0,0,0,2026/08/15
伊藤 優輔,福岡ソフトバンクホークス,中日ドラゴンズ,0,0,,0,0,0,0,2026/08/15
伊藤 優輔,福岡ソフトバンクホークス,東京ヤクルトスワローズ,0,2,0.00,0,0,0,0,2026/08/15
伊藤 優輔,福岡ソフトバンクホークス,東北楽天ゴールデンイーグルス,0,5,0.00,0,0,0,0,2026/08/15
伊藤 優輔,福岡ソフトバンクホークス,読売ジャイアンツ,0,0,,0,0,0,0,2026/08/15
伊藤 優輔,福岡ソフトバンクホークス,北海道日本ハムファイターズ,0,4,5.40,0,0,0,0,2026/08/15
北斗,福岡ソフトバンクホークス,オリックス・バファローズ,0,0,,0,0,0,0,2026/08/15
北斗,福岡ソフトバンクホークス,横浜DeNAベイスターズ,0,0,,0,0,0,0,2026/08/15
北斗,福岡ソフトバンクホークス,広島東洋カープ,0,0,,0,0,0,0,2026/08/15
北斗,福岡ソフトバンクホークス,阪神タイガース,0,0,,0,0,0,0,2026/08/15
北斗,福岡ソフトバンクホークス,埼玉西武ライオンズ,0,0,,0,0,0,0,2026/08/15
北斗,福岡ソフトバンクホークス,千葉ロッテマリーンズ,1,0,36.00,0,1,0,0,2026/08/15
北斗,福岡ソフトバンクホークス,中日ドラゴンズ,0,0,,0,0,0,0,2026/08/15
北斗,福岡ソフトバンクホークス,東京ヤクルトスワローズ,0,0,,0,0,0,0,2026/08/15
北斗,福岡ソフトバンクホークス,東北楽天ゴールデンイーグルス,0,0,,0,0,0,0,2026/08/15
北斗,福岡ソフトバンクホークス,読売ジャイアンツ,0,0,,0,0,0,0,2026/08/15
北斗,福岡ソフトバンクホークス,北海道日本ハムファイターズ,0,0,,0,0,0,0,2026/08/15
大関 友久,福岡ソフトバンクホークス,オリックス・バファローズ,1,0,4.50,0,0,0,0,2026/08/15
大関 友久,福岡ソフトバンクホークス,横浜DeNAベイスターズ,1,0,14.40,0,1,0,0,2026/08/15
大関 友久,福岡ソフトバンクホークス,広島東洋カープ,1,0,0.00,1,0,0,0,2026/08/15
大関 友久,福岡ソフトバンクホークス,阪神タイガース,0,0,,0,0,0,0,2026/08/15
大関 友久,福岡ソフトバンクホークス,埼玉西武ライオンズ,3,0,8.82,0,3,0,0,2026/08/15
大関 友久,福岡ソフトバンクホークス,千葉ロッテマリーンズ,1,0,5.06,0,0,0,0,2026/08/15
大関 友久,福岡ソフトバンクホークス,中日ドラゴンズ,0,0,,0,0,0,0,2026/08/15
大関 友久,福岡ソフトバンクホークス,東京ヤクルトスワローズ,0,0,,0,0,0,0,2026/08/15
大関 友久,福岡ソフトバンクホークス,東北楽天ゴールデンイーグルス,3,0,2.55,2,0,0,0,2026/08/15
大関 友久,福岡ソフトバンクホークス,読売ジャイアンツ,0,0,,0,0,0,0,2026/08/15
大関 友久,福岡ソフトバンクホークス,北海道日本ハムファイターズ,0,0,,0,0,0,0,2026/08/15
藤井 皓哉,福岡ソフトバンクホークス,オリックス・バファローズ,0,0,,0,0,0,0,2026/08/15
藤井 皓哉,福岡ソフトバンクホークス,横浜DeNAベイスターズ,0,0,,0,0,0,0,2026/08/15
藤井 皓哉,福岡ソフトバンクホークス,広島東洋カープ,0,0,,0,0,0,0,2026/08/15
藤井 皓哉,福岡ソフトバンクホークス,阪神タイガース,0,0,,0,0,0,0,2026/08/15
藤井 皓哉,福岡ソフトバンクホークス,埼玉西武ライオンズ,0,0,,0,0,0,0,2026/08/15
藤井 皓哉,福岡ソフトバンクホークス,千葉ロッテマリーンズ,0,0,,0,0,0,0,2026/08/15
藤井 皓哉,福岡ソフトバンクホークス,中日ドラゴンズ,0,0,,0,0,0,0,2026/08/15
藤井 皓哉,福岡ソフトバンクホークス,東京ヤクルトスワローズ,0,0,,0,0,0,0,2026/08/15
藤井 皓哉,福岡ソフトバンクホークス,東北楽天ゴールデンイーグルス,0,0,,0,0,0,0,2026/08/15
藤井 皓哉,福岡ソフトバンクホークス,読売ジャイアンツ,0,0,,0,0,0,0,2026/08/15
藤井 皓哉,福岡ソフトバンクホークス,北海道日本ハムファイターズ,0,0,,0,0,0,0,2026/08/15
松本 晴,福岡ソフトバンクホークス,オリックス・バファローズ,3,0,2.33,0,1,0,0,2026/08/15
松本 晴,福岡ソフトバンクホークス,横浜DeNAベイスターズ,0,0,,0,0,0,0,2026/08/15
松本 晴,福岡ソフトバンクホークス,広島東洋カープ,0,0,,0,0,0,0,2026/08/15
松本 晴,福岡ソフトバンクホークス,阪神タイガース,1,0,3.60,1,0,0,0,2026/08/15
松本 晴,福岡ソフトバンクホークス,埼玉西武ライオンズ,3,0,3.12,1,1,0,0,2026/08/15
松本 晴,福岡ソフトバンクホークス,千葉ロッテマリーンズ,3,0,3.18,2,0,0,0,2026/08/15
松本 晴,福岡ソフトバンクホークス,中日ドラゴンズ,1,0,7.20,0,0,0,0,2026/08/15
松本 晴,福岡ソフトバンクホークス,東京ヤクルトスワローズ,0,0,,0,0,0,0,2026/08/15
松本 晴,福岡ソフトバンクホークス,東北楽天ゴールデンイーグルス,1,0,0.00,1,0,0,0,2026/08/15
松本 晴,福岡ソフトバンクホークス,読売ジャイアンツ,0,0,,0,0,0,0,2026/08/15
松本 晴,福岡ソフトバンクホークス,北海道日本ハムファイターズ,3,0,5.27,2,0,0,0,2026/08/15
相良 雅斗,福岡ソフトバンクホークス,オリックス・バファローズ,0,0,,0,0,0,0,2026/08/15
相良 雅斗,福岡ソフトバンクホークス,横浜DeNAベイスターズ,0,0,,0,0,0,0,2026/08/15
相良 雅斗,福岡ソフトバンクホークス,広島東洋カープ,0,0,,0,0,0,0,2026/08/15
相良 雅斗,福岡ソフトバンクホークス,阪神タイガース,0,0,,0,0,0,0,2026/08/15
相良 雅斗,福岡ソフトバンクホークス,埼玉西武ライオンズ,0,0,,0,0,0,0,2026/08/15
相良 雅斗,福岡ソフトバンクホークス,千葉ロッテマリーンズ,0,0,,0,0,0,0,2026/08/15
相良 雅斗,福岡ソフトバンクホークス,中日ドラゴンズ,0,0,,0,0,0,0,2026/08/15
相良 雅斗,福岡ソフトバンクホークス,東京ヤクルトスワローズ,0,0,,0,0,0,0,2026/08/15
相良 雅斗,福岡ソフトバンクホークス,東北楽天ゴールデンイーグルス,0,0,,0,0,0,0,2026/08/15
相良 雅斗,福岡ソフトバンクホークス,読売ジャイアンツ,0,0,,0,0,0,0,2026/08/15
相良 雅斗,福岡ソフトバンクホークス,北海道日本ハムファイターズ,0,0,,0,0,0,0,2026/08/15
前田 純,福岡ソフトバンクホークス,オリックス・バファローズ,1,0,3.38,0,0,0,0,2026/08/15
前田 純,福岡ソフトバンクホークス,横浜DeNAベイスターズ,0,0,,0,0,0,0,2026/08/15
前田 純,福岡ソフトバンクホークス,広島東洋カープ,1,0,3.60,0,0,0,0,2026/08/15
前田 純,福岡ソフトバンクホークス,阪神タイガース,0,0,,0,0,0,0,2026/08/15
前田 純,福岡ソフトバンクホークス,埼玉西武ライオンズ,0,0,,0,0,0,0,2026/08/15
前田 純,福岡ソフトバンクホークス,千葉ロッテマリーンズ,0,0,,0,0,0,0,2026/08/15
前田 純,福岡ソフトバンクホークス,中日ドラゴンズ,0,0,,0,0,0,0,2026/08/15
前田 純,福岡ソフトバンクホークス,東京ヤクルトスワローズ,1,0,6.75,0,1,0,0,2026/08/15
前田 純,福岡ソフトバンクホークス,東北楽天ゴールデンイーグルス,0,0,,0,0,0,0,2026/08/15
前田 純,福岡ソフトバンクホークス,読売ジャイアンツ,0,0,,0,0,0,0,2026/08/15
前田 純,福岡ソフトバンクホークス,北海道日本ハムファイターズ,1,0,0.00,1,0,0,0,2026/08/15
大山 凌,福岡ソフトバンクホークス,オリックス・バファローズ,0,0,,0,0,0,0,2026/08/15
大山 凌,福岡ソフトバンクホークス,横浜DeNAベイスターズ,0,0,,0,0,0,0,2026/08/15
大山 凌,福岡ソフトバンクホークス,広島東洋カープ,0,0,,0,0,0,0,2026/08/15
大山 凌,福岡ソフトバンクホークス,阪神タイガース,0,0,,0,0,0,0,2026/08/15
大山 凌,福岡ソフトバンクホークス,埼玉西武ライオンズ,0,0,,0,0,0,0,2026/08/15
大山 凌,福岡ソフトバンクホークス,千葉ロッテマリーンズ,0,0,,0,0,0,0,2026/08/15
大山 凌,福岡ソフトバンクホークス,中日ドラゴンズ,0,0,,0,0,0,0,2026/08/15
大山 凌,福岡ソフトバンクホークス,東京ヤクルトスワローズ,0,0,,0,0,0,0,2026/08/15
大山 凌,福岡ソフトバンクホークス,東北楽天ゴールデンイーグルス,0,0,,0,0,0,0,2026/08/15
大山 凌,福岡ソフトバンクホークス,読売ジャイアンツ,0,1,,0,0,0,0,2026/08/15
大山 凌,福岡ソフトバンクホークス,北海道日本ハムファイターズ,0,1,0.00,0,0,0,0,2026/08/15
オスナ,福岡ソフトバンクホークス,オリックス・バファローズ,0,6,4.50,0,1,2,0,2026/08/15
オスナ,福岡ソフトバンクホークス,横浜DeNAベイスターズ,0,2,0.00,0,0,2,0,2026/08/15
オスナ,福岡ソフトバンクホークス,広島東洋カープ,0,2,0.00,0,0,2,0,2026/08/15
オスナ,福岡ソフトバンクホークス,阪神タイガース,0,1,0.00,0,0,1,0,2026/08/15
オスナ,福岡ソフトバンクホークス,埼玉西武ライオンズ,0,6,0.00,0,0,2,0,2026/08/15
オスナ,福岡ソフトバンクホークス,千葉ロッテマリーンズ,0,6,1.50,1,0,3,0,2026/08/15
オスナ,福岡ソフトバンクホークス,中日ドラゴンズ,0,2,0.00,0,0,2,0,2026/08/15
オスナ,福岡ソフトバンクホークス,東京ヤクルトスワローズ,0,0,,0,0,0,0,2026/08/15
オスナ,福岡ソフトバンクホークス,東北楽天ゴールデンイーグルス,0,4,0.00,0,0,2,0,2026/08/15
オスナ,福岡ソフトバンクホークス,読売ジャイアンツ,0,1,0.00,0,0,0,0,2026/08/15
オスナ,福岡ソフトバンクホークス,北海道日本ハムファイターズ,0,7,5.68,0,1,2,0,2026/08/15
木村 大成,福岡ソフトバンクホークス,オリックス・バファローズ,0,0,,0,0,0,0,2026/08/15
木村 大成,福岡ソフトバンクホークス,横浜DeNAベイスターズ,0,0,,0,0,0,0,2026/08/15
木村 大成,福岡ソフトバンクホークス,広島東洋カープ,0,0,,0,0,0,0,2026/08/15
木村 大成,福岡ソフトバンクホークス,阪神タイガース,0,0,,0,0,0,0,2026/08/15
木村 大成,福岡ソフトバンクホークス,埼玉西武ライオンズ,0,0,,0,0,0,0,2026/08/15
木村 大成,福岡ソフトバンクホークス,千葉ロッテマリーンズ,0,0,,0,0,0,0,2026/08/15
木村 大成,福岡ソフトバンクホークス,中日ドラゴンズ,0,0,,0,0,0,0,2026/08/15
木村 大成,福岡ソフトバンクホークス,東京ヤクルトスワローズ,0,0,,0,0,0,0,2026/08/15
木村 大成,福岡ソフトバンクホークス,東北楽天ゴールデンイーグルス,0,0,,0,0,0,0,2026/08/15
木村 大成,福岡ソフトバンクホークス,読売ジャイアンツ,0,0,,0,0,0,0,2026/08/15
木村 大成,福岡ソフトバンクホークス,北海道日本ハムファイターズ,0,0,,0,0,0,0,2026/08/15
大竹 風雅,福岡ソフトバンクホークス,オリックス・バファローズ,0,0,,0,0,0,0,2026/08/15
大竹 風雅,福岡ソフトバンクホークス,横浜DeNAベイスターズ,0,0,,0,0,0,0,2026/08/15
大竹 風雅,福岡ソフトバンクホークス,広島東洋カープ,0,0,,0,0,0,0,2026/08/15
大竹 風雅,福岡ソフトバンクホークス,阪神タイガース,0,0,,0,0,0,0,2026/08/15
大竹 風雅,福岡ソフトバンクホークス,埼玉西武ライオンズ,0,3,0.00,0,0,0,0,2026/08/15
大竹 風雅,福岡ソフトバンクホークス,千葉ロッテマリーンズ,0,1,0.00,0,0,0,0,2026/08/15
大竹 風雅,福岡ソフトバンクホークス,中日ドラゴンズ,0,0,,0,0,0,0,2026/08/15
大竹 風雅,福岡ソフトバンクホークス,東京ヤクルトスワローズ,0,0,,0,0,0,0,2026/08/15
大竹 風雅,福岡ソフトバンクホークス,東北楽天ゴールデンイーグルス,0,2,0.00,0,0,0,0,2026/08/15
大竹 風雅,福岡ソフトバンクホークス,読売ジャイアンツ,0,0,,0,0,0,0,2026/08/15
大竹 風雅,福岡ソフトバンクホークス,北海道日本ハムファイターズ,0,0,,0,0,0,0,2026/08/15
大野 稼頭央,福岡ソフトバンクホークス,オリックス・バファローズ,0,2,6.75,0,0,0,0,2026/08/15
大野 稼頭央,福岡ソフトバンクホークス,横浜DeNAベイスターズ,0,0,,0,0,0,0,2026/08/15
大野 稼頭央,福岡ソフトバンクホークス,広島東洋カープ,0,0,,0,0,0,0,2026/08/15
大野 稼頭央,福岡ソフトバンクホークス,阪神タイガース,0,0,,0,0,0,0,2026/08/15
大野 稼頭央,福岡ソフトバンクホークス,埼玉西武ライオンズ,0,1,0.00,0,0,0,0,2026/08/15
大野 稼頭央,福岡ソフトバンクホークス,千葉ロッテマリーンズ,0,0,,0,0,0,0,2026/08/15
大野 稼頭央,福岡ソフトバンクホークス,中日ドラゴンズ,0,0,,0,0,0,0,2026/08/15
大野 稼頭央,福岡ソフトバンクホークス,東京ヤクルトスワローズ,0,0,,0,0,0,0,2026/08/15
大野 稼頭央,福岡ソフトバンクホークス,東北楽天ゴールデンイーグルス,0,1,0.00,0,0,0,0,2026/08/15
大野 稼頭央,福岡ソフトバンクホークス,読売ジャイアンツ,0,0,,0,0,0,0,2026/08/15
大野 稼頭央,福岡ソフトバンクホークス,北海道日本ハムファイターズ,0,0,,0,0,0,0,2026/08/15
ヘルナンデス,福岡ソフトバンクホークス,オリックス・バファローズ,0,2,0.00,0,0,0,0,2026/08/15
ヘルナンデス,福岡ソフトバンクホークス,横浜DeNAベイスターズ,0,2,0.00,0,0,2,0,2026/08/15
ヘルナンデス,福岡ソフトバンクホークス,広島東洋カープ,0,0,,0,0,0,0,2026/08/15
ヘルナンデス,福岡ソフトバンクホークス,阪神タイガース,0,0,,0,0,0,0,2026/08/15
ヘルナンデス,福岡ソフトバンクホークス,埼玉西武ライオンズ,0,7,3.86,0,1,1,0,2026/08/15
ヘルナンデス,福岡ソフトバンクホークス,千葉ロッテマリーンズ,0,5,0.00,0,0,2,0,2026/08/15
ヘルナンデス,福岡ソフトバンクホークス,中日ドラゴンズ,0,2,0.00,0,0,1,0,2026/08/15
ヘルナンデス,福岡ソフトバンクホークス,東京ヤクルトスワローズ,0,0,,0,0,0,0,2026/08/15
ヘルナンデス,福岡ソフトバンクホークス,東北楽天ゴールデンイーグルス,0,5,1.80,0,0,2,0,2026/08/15
ヘルナンデス,福岡ソフトバンクホークス,読売ジャイアンツ,0,2,0.00,0,0,1,0,2026/08/15
ヘルナンデス,福岡ソフトバンクホークス,北海道日本ハムファイターズ,0,7,1.29,0,0,3,0,2026/08/15
上茶谷 大河,福岡ソフトバンクホークス,オリックス・バファローズ,0,2,3.00,2,0,0,0,2026/08/15
上茶谷 大河,福岡ソフトバンクホークス,横浜DeNAベイスターズ,0,1,0.00,0,0,1,0,2026/08/15
上茶谷 大河,福岡ソフトバンクホークス,広島東洋カープ,0,0,,0,0,0,0,2026/08/15
上茶谷 大河,福岡ソフトバンクホークス,阪神タイガース,0,0,,0,0,0,0,2026/08/15
上茶谷 大河,福岡ソフトバンクホークス,埼玉西武ライオンズ,2,2,2.45,2,0,0,0,2026/08/15
上茶谷 大河,福岡ソフトバンクホークス,千葉ロッテマリーンズ,0,5,1.13,0,0,4,0,2026/08/15
上茶谷 大河,福岡ソフトバンクホークス,中日ドラゴンズ,0,1,0.00,0,0,0,1,2026/08/15
上茶谷 大河,福岡ソフトバンクホークス,東京ヤクルトスワローズ,0,2,6.75,0,0,0,0,2026/08/15
上茶谷 大河,福岡ソフトバンクホークス,東北楽天ゴールデンイーグルス,2,5,2.84,1,1,1,0,2026/08/15
上茶谷 大河,福岡ソフトバンクホークス,読売ジャイアンツ,0,1,0.00,0,0,0,0,2026/08/15
上茶谷 大河,福岡ソフトバンクホークス,北海道日本ハムファイターズ,1,7,2.65,2,0,4,0,2026/08/15
松本 裕樹,福岡ソフトバンクホークス,オリックス・バファローズ,0,4,2.25,0,0,2,0,2026/08/15
松本 裕樹,福岡ソフトバンクホークス,横浜DeNAベイスターズ,0,2,0.00,0,0,2,0,2026/08/15
松本 裕樹,福岡ソフトバンクホークス,広島東洋カープ,0,2,4.50,0,0,2,0,2026/08/15
松本 裕樹,福岡ソフトバンクホークス,阪神タイガース,0,2,0.00,0,0,1,0,2026/08/15
松本 裕樹,福岡ソフトバンクホークス,埼玉西武ライオンズ,0,8,4.50,0,1,3,2,2026/08/15
松本 裕樹,福岡ソフトバンクホークス,千葉ロッテマリーンズ,0,7,1.29,0,1,4,1,2026/08/15
松本 裕樹,福岡ソフトバンクホークス,中日ドラゴンズ,0,1,0.00,0,0,1,0,2026/08/15
松本 裕樹,福岡ソフトバンクホークス,東京ヤクルトスワローズ,0,0,,0,0,0,0,2026/08/15
松本 裕樹,福岡ソフトバンクホークス,東北楽天ゴールデンイーグルス,0,7,6.75,0,2,2,1,2026/08/15
松本 裕樹,福岡ソフトバンクホークス,読売ジャイアンツ,0,1,0.00,0,0,0,0,2026/08/15
松本 裕樹,福岡ソフトバンクホークス,北海道日本ハムファイターズ,0,8,0.00,4,0,1,0,2026/08/15
木村 光,福岡ソフトバンクホークス,オリックス・バファローズ,0,4,0.00,0,0,2,0,2026/08/15
木村 光,福岡ソフトバンクホークス,横浜DeNAベイスターズ,0,1,54.00,0,0,0,0,2026/08/15
木村 光,福岡ソフトバンクホークス,広島東洋カープ,0,1,0.00,1,0,0,0,2026/08/15
木村 光,福岡ソフトバンクホークス,阪神タイガース,0,2,0.00,1,0,1,0,2026/08/15
木村 光,福岡ソフトバンクホークス,埼玉西武ライオンズ,0,5,1.80,0,0,2,0,2026/08/15
木村 光,福岡ソフトバンクホークス,千葉ロッテマリーンズ,0,4,4.50,0,0,0,0,2026/08/15
木村 光,福岡ソフトバンクホークス,中日ドラゴンズ,0,2,0.00,1,0,1,0,2026/08/15
木村 光,福岡ソフトバンクホークス,東京ヤクルトスワローズ,0,1,0.00,0,0,0,0,2026/08/15
木村 光,福岡ソフトバンクホークス,東北楽天ゴールデンイーグルス,0,5,1.80,0,0,1,0,2026/08/15
木村 光,福岡ソフトバンクホークス,読売ジャイアンツ,0,2,0.00,0,0,0,0,2026/08/15
木村 光,福岡ソフトバンクホークス,北海道日本ハムファイターズ,0,6,3.18,0,0,3,0,2026/08/15
岩崎 峻典,福岡ソフトバンクホークス,オリックス・バファローズ,0,0,,0,0,0,0,2026/08/15
岩崎 峻典,福岡ソフトバンクホークス,横浜DeNAベイスターズ,0,0,,0,0,0,0,2026/08/15
岩崎 峻典,福岡ソフトバンクホークス,広島東洋カープ,0,0,,0,0,0,0,2026/08/15
岩崎 峻典,福岡ソフトバンクホークス,阪神タイガース,0,0,,0,0,0,0,2026/08/15
岩崎 峻典,福岡ソフトバンクホークス,埼玉西武ライオンズ,0,0,,0,0,0,0,2026/08/15
岩崎 峻典,福岡ソフトバンクホークス,千葉ロッテマリーンズ,0,0,,0,0,0,0,2026/08/15
岩崎 峻典,福岡ソフトバンクホークス,中日ドラゴンズ,0,0,,0,0,0,0,2026/08/15
岩崎 峻典,福岡ソフトバンクホークス,東京ヤクルトスワローズ,0,0,,0,0,0,0,2026/08/15
岩崎 峻典,福岡ソフトバンクホークス,東北楽天ゴールデンイーグルス,0,0,,0,0,0,0,2026/08/15
岩崎 峻典,福岡ソフトバンクホークス,読売ジャイアンツ,0,0,,0,0,0,0,2026/08/15
岩崎 峻典,福岡ソフトバンクホークス,北海道日本ハムファイターズ,0,0,,0,0,0,0,2026/08/15
ロドリゲス,福岡ソフトバンクホークス,オリックス・バファローズ,0,0,,0,0,0,0,2026/08/15
ロドリゲス,福岡ソフトバンクホークス,横浜DeNAベイスターズ,0,0,,0,0,0,0,2026/08/15
ロドリゲス,福岡ソフトバンクホークス,広島東洋カープ,0,0,,0,0,0,0,2026/08/15
ロドリゲス,福岡ソフトバンクホークス,阪神タイガース,0,0,,0,0,0,0,2026/08/15
ロドリゲス,福岡ソフトバンクホークス,埼玉西武ライオンズ,0,0,,0,0,0,0,2026/08/15
ロドリゲス,福岡ソフトバンクホークス,千葉ロッテマリーンズ,0,0,,0,0,0,0,2026/08/15
ロドリゲス,福岡ソフトバンクホークス,中日ドラゴンズ,0,0,,0,0,0,0,2026/08/15
ロドリゲス,福岡ソフトバンクホークス,東京ヤクルトスワローズ,0,0,,0,0,0,0,2026/08/15
ロドリゲス,福岡ソフトバンクホークス,東北楽天ゴールデンイーグルス,0,0,,0,0,0,0,2026/08/15
ロドリゲス,福岡ソフトバンクホークス,読売ジャイアンツ,0,0,,0,0,0,0,2026/08/15
ロドリゲス,福岡ソフトバンクホークス,北海道日本ハムファイターズ,0,0,,0,0,0,0,2026/08/15
小林 樹斗,福岡ソフトバンクホークス,オリックス・バファローズ,0,0,,0,0,0,0,2026/08/15
小林 樹斗,福岡ソフトバンクホークス,横浜DeNAベイスターズ,0,0,,0,0,0,0,2026/08/15
小林 樹斗,福岡ソフトバンクホークス,広島東洋カープ,0,0,,0,0,0,0,2026/08/15
小林 樹斗,福岡ソフトバンクホークス,阪神タイガース,0,0,,0,0,0,0,2026/08/15
小林 樹斗,福岡ソフトバンクホークス,埼玉西武ライオンズ,0,0,,0,0,0,0,2026/08/15
小林 樹斗,福岡ソフトバンクホークス,千葉ロッテマリーンズ,0,2,4.76,0,0,0,0,2026/08/15
小林 樹斗,福岡ソフトバンクホークス,中日ドラゴンズ,0,0,,0,0,0,0,2026/08/15
小林 樹斗,福岡ソフトバンクホークス,東京ヤクルトスワローズ,0,0,,0,0,0,0,2026/08/15
小林 樹斗,福岡ソフトバンクホークス,東北楽天ゴールデンイーグルス,0,0,,0,0,0,0,2026/08/15
小林 樹斗,福岡ソフトバンクホークス,読売ジャイアンツ,0,0,,0,0,0,0,2026/08/15
小林 樹斗,福岡ソフトバンクホークス,北海道日本ハムファイターズ,0,0,,0,0,0,0,2026/08/15
矢澤 宏太,北海道日本ハムファイターズ,オリックス・バファローズ,0,0,,0,0,0,0,2026/08/15
矢澤 宏太,北海道日本ハムファイターズ,横浜DeNAベイスターズ,0,0,,0,0,0,0,2026/08/15
矢澤 宏太,北海道日本ハムファイターズ,広島東洋カープ,0,0,,0,0,0,0,2026/08/15
矢澤 宏太,北海道日本ハムファイターズ,阪神タイガース,0,0,,0,0,0,0,2026/08/15
矢澤 宏太,北海道日本ハムファイターズ,埼玉西武ライオンズ,0,0,,0,0,0,0,2026/08/15
矢澤 宏太,北海道日本ハムファイターズ,千葉ロッテマリーンズ,0,0,,0,0,0,0,2026/08/15
矢澤 宏太,北海道日本ハムファイターズ,中日ドラゴンズ,0,0,,0,0,0,0,2026/08/15
矢澤 宏太,北海道日本ハムファイターズ,東京ヤクルトスワローズ,0,0,,0,0,0,0,2026/08/15
矢澤 宏太,北海道日本ハムファイターズ,東北楽天ゴールデンイーグルス,0,0,,0,0,0,0,2026/08/15
矢澤 宏太,北海道日本ハムファイターズ,読売ジャイアンツ,0,0,,0,0,0,0,2026/08/15
矢澤 宏太,北海道日本ハムファイターズ,福岡ソフトバンクホークス,0,1,0.00,0,0,0,0,2026/08/15
生田目 翼,北海道日本ハムファイターズ,オリックス・バファローズ,0,3,2.45,0,0,0,0,2026/08/15
生田目 翼,北海道日本ハムファイターズ,横浜DeNAベイスターズ,0,0,,0,0,0,0,2026/08/15
生田目 翼,北海道日本ハムファイターズ,広島東洋カープ,0,0,,0,0,0,0,2026/08/15
生田目 翼,北海道日本ハムファイターズ,阪神タイガース,0,0,,0,0,0,0,2026/08/15
生田目 翼,北海道日本ハムファイターズ,埼玉西武ライオンズ,0,4,3.00,0,0,0,0,2026/08/15
生田目 翼,北海道日本ハムファイターズ,千葉ロッテマリーンズ,0,1,0.00,0,0,0,0,2026/08/15
生田目 翼,北海道日本ハムファイターズ,中日ドラゴンズ,0,0,,0,0,0,0,2026/08/15
生田目 翼,北海道日本ハムファイターズ,東京ヤクルトスワローズ,0,0,,0,0,0,0,2026/08/15
生田目 翼,北海道日本ハムファイターズ,東北楽天ゴールデンイーグルス,0,2,0.00,0,0,0,0,2026/08/15
生田目 翼,北海道日本ハムファイターズ,読売ジャイアンツ,0,0,,0,0,0,0,2026/08/15
生田目 翼,北海道日本ハムファイターズ,福岡ソフトバンクホークス,0,2,15.00,0,0,0,0,2026/08/15
加藤 貴之,北海道日本ハムファイターズ,オリックス・バファローズ,4,0,0.95,4,0,0,0,2026/08/15
加藤 貴之,北海道日本ハムファイターズ,横浜DeNAベイスターズ,1,0,2.57,1,0,0,0,2026/08/15
加藤 貴之,北海道日本ハムファイターズ,広島東洋カープ,0,1,0.00,0,0,0,0,2026/08/15
加藤 貴之,北海道日本ハムファイターズ,阪神タイガース,1,0,3.60,1,0,0,0,2026/08/15
加藤 貴之,北海道日本ハムファイターズ,埼玉西武ライオンズ,1,0,7.20,0,0,0,0,2026/08/15
加藤 貴之,北海道日本ハムファイターズ,千葉ロッテマリーンズ,5,0,3.95,3,1,0,0,2026/08/15
加藤 貴之,北海道日本ハムファイターズ,中日ドラゴンズ,0,0,,0,0,0,0,2026/08/15
加藤 貴之,北海道日本ハムファイターズ,東京ヤクルトスワローズ,0,0,,0,0,0,0,2026/08/15
加藤 貴之,北海道日本ハムファイターズ,東北楽天ゴールデンイーグルス,4,0,2.42,1,1,0,0,2026/08/15
加藤 貴之,北海道日本ハムファイターズ,読売ジャイアンツ,0,0,,0,0,0,0,2026/08/15
加藤 貴之,北海道日本ハムファイターズ,福岡ソフトバンクホークス,1,0,3.60,1,0,0,0,2026/08/15
北山 亘基,北海道日本ハムファイターズ,オリックス・バファローズ,4,0,1.61,3,1,0,0,2026/08/15
北山 亘基,北海道日本ハムファイターズ,横浜DeNAベイスターズ,0,0,,0,0,0,0,2026/08/15
北山 亘基,北海道日本ハムファイターズ,広島東洋カープ,1,0,0.00,1,0,0,0,2026/08/15
北山 亘基,北海道日本ハムファイターズ,阪神タイガース,0,0,,0,0,0,0,2026/08/15
北山 亘基,北海道日本ハムファイターズ,埼玉西武ライオンズ,4,0,1.57,1,0,0,0,2026/08/15
北山 亘基,北海道日本ハムファイターズ,千葉ロッテマリーンズ,3,0,3.57,1,2,0,0,2026/08/15
北山 亘基,北海道日本ハムファイターズ,中日ドラゴンズ,0,0,,0,0,0,0,2026/08/15
北山 亘基,北海道日本ハムファイターズ,東京ヤクルトスワローズ,1,0,1.00,1,0,0,0,2026/08/15
北山 亘基,北海道日本ハムファイターズ,東北楽天ゴールデンイーグルス,1,0,0.00,1,0,0,0,2026/08/15
北山 亘基,北海道日本ハムファイターズ,読売ジャイアンツ,1,0,0.00,1,0,0,0,2026/08/15
北山 亘基,北海道日本ハムファイターズ,福岡ソフトバンクホークス,3,0,6.92,0,0,0,0,2026/08/15
達 孝太,北海道日本ハムファイターズ,オリックス・バファローズ,3,0,3.38,0,1,0,0,2026/08/15
達 孝太,北海道日本ハムファイターズ,横浜DeNAベイスターズ,0,0,,0,0,0,0,2026/08/15
達 孝太,北海道日本ハムファイターズ,広島東洋カープ,0,1,0.00,0,0,1,0,2026/08/15
達 孝太,北海道日本ハムファイターズ,阪神タイガース,0,0,,0,0,0,0,2026/08/15
達 孝太,北海道日本ハムファイターズ,埼玉西武ライオンズ,2,3,3.18,0,2,1,1,2026/08/15
達 孝太,北海道日本ハムファイターズ,千葉ロッテマリーンズ,2,2,0.56,2,0,0,1,2026/08/15
達 孝太,北海道日本ハムファイターズ,中日ドラゴンズ,0,0,,0,0,0,0,2026/08/15
達 孝太,北海道日本ハムファイターズ,東京ヤクルトスワローズ,0,0,,0,0,0,0,2026/08/15
達 孝太,北海道日本ハムファイターズ,東北楽天ゴールデンイーグルス,2,1,1.69,1,0,1,0,2026/08/15
達 孝太,北海道日本ハムファイターズ,読売ジャイアンツ,1,0,6.35,0,1,0,0,2026/08/15
達 孝太,北海道日本ハムファイターズ,福岡ソフトバンクホークス,2,3,5.87,0,2,2,0,2026/08/15
伊藤 大海,北海道日本ハムファイターズ,オリックス・バファローズ,2,0,1.93,1,1,0,0,2026/08/15
伊藤 大海,北海道日本ハムファイターズ,横浜DeNAベイスターズ,1,0,1.00,1,0,0,0,2026/08/15
伊藤 大海,北海道日本ハムファイターズ,広島東洋カープ,1,0,5.40,0,1,0,0,2026/08/15
伊藤 大海,北海道日本ハムファイターズ,阪神タイガース,1,0,0.00,1,0,0,0,2026/08/15
伊藤 大海,北海道日本ハムファイターズ,埼玉西武ライオンズ,6,0,2.23,1,1,0,0,2026/08/15
伊藤 大海,北海道日本ハムファイターズ,千葉ロッテマリーンズ,1,0,1.29,1,0,0,0,2026/08/15
伊藤 大海,北海道日本ハムファイターズ,中日ドラゴンズ,0,0,,0,0,0,0,2026/08/15
伊藤 大海,北海道日本ハムファイターズ,東京ヤクルトスワローズ,0,0,,0,0,0,0,2026/08/15
伊藤 大海,北海道日本ハムファイターズ,東北楽天ゴールデンイーグルス,3,0,4.05,2,1,0,0,2026/08/15
伊藤 大海,北海道日本ハムファイターズ,読売ジャイアンツ,0,0,,0,0,0,0,2026/08/15
伊藤 大海,北海道日本ハムファイターズ,福岡ソフトバンクホークス,5,0,5.34,1,3,0,0,2026/08/15
山﨑 福也,北海道日本ハムファイターズ,オリックス・バファローズ,1,0,1.80,1,0,0,0,2026/08/15
山﨑 福也,北海道日本ハムファイターズ,横浜DeNAベイスターズ,0,0,,0,0,0,0,2026/08/15
山﨑 福也,北海道日本ハムファイターズ,広島東洋カープ,0,0,,0,0,0,0,2026/08/15
山﨑 福也,北海道日本ハムファイターズ,阪神タイガース,0,0,,0,0,0,0,2026/08/15
山﨑 福也,北海道日本ハムファイターズ,埼玉西武ライオンズ,3,1,3.18,2,0,0,0,2026/08/15
山﨑 福也,北海道日本ハムファイターズ,千葉ロッテマリーンズ,0,1,0.00,0,0,0,0,2026/08/15
山﨑 福也,北海道日本ハムファイターズ,中日ドラゴンズ,0,0,,0,0,0,0,2026/08/15
山﨑 福也,北海道日本ハムファイターズ,東京ヤクルトスワローズ,1,0,0.00,1,0,0,0,2026/08/15
山﨑 福也,北海道日本ハムファイターズ,東北楽天ゴールデンイーグルス,1,1,1.50,1,0,0,0,2026/08/15
山﨑 福也,北海道日本ハムファイターズ,読売ジャイアンツ,0,0,,0,0,0,0,2026/08/15
山﨑 福也,北海道日本ハムファイターズ,福岡ソフトバンクホークス,0,4,6.75,0,0,0,0,2026/08/15
玉井 大翔,北海道日本ハムファイターズ,オリックス・バファローズ,0,4,5.40,0,0,0,0,2026/08/15
玉井 大翔,北海道日本ハムファイターズ,横浜DeNAベイスターズ,0,0,,0,0,0,0,2026/08/15
玉井 大翔,北海道日本ハムファイターズ,広島東洋カープ,0,0,,0,0,0,0,2026/08/15
玉井 大翔,北海道日本ハムファイターズ,阪神タイガース,0,0,,0,0,0,0,2026/08/15
玉井 大翔,北海道日本ハムファイターズ,埼玉西武ライオンズ,0,2,0.00,1,0,0,0,2026/08/15
玉井 大翔,北海道日本ハムファイターズ,千葉ロッテマリーンズ,0,2,0.00,0,0,0,0,2026/08/15
玉井 大翔,北海道日本ハムファイターズ,中日ドラゴンズ,0,0,,0,0,0,0,2026/08/15
玉井 大翔,北海道日本ハムファイターズ,東京ヤクルトスワローズ,0,0,,0,0,0,0,2026/08/15
玉井 大翔,北海道日本ハムファイターズ,東北楽天ゴールデンイーグルス,0,4,3.00,0,0,1,0,2026/08/15
玉井 大翔,北海道日本ハムファイターズ,読売ジャイアンツ,0,0,,0,0,0,0,2026/08/15
玉井 大翔,北海道日本ハムファイターズ,福岡ソフトバンクホークス,0,0,,0,0,0,0,2026/08/15
上原 健太,北海道日本ハムファイターズ,オリックス・バファローズ,0,7,0.00,1,0,1,0,2026/08/15
上原 健太,北海道日本ハムファイターズ,横浜DeNAベイスターズ,0,0,,0,0,0,0,2026/08/15
上原 健太,北海道日本ハムファイターズ,広島東洋カープ,0,0,,0,0,0,0,2026/08/15
上原 健太,北海道日本ハムファイターズ,阪神タイガース,0,0,,0,0,0,0,2026/08/15
上原 健太,北海道日本ハムファイターズ,埼玉西武ライオンズ,0,8,9.45,0,3,2,0,2026/08/15
上原 健太,北海道日本ハムファイターズ,千葉ロッテマリーンズ,0,5,4.15,0,0,3,0,2026/08/15
上原 健太,北海道日本ハムファイターズ,中日ドラゴンズ,0,0,,0,0,0,0,2026/08/15
上原 健太,北海道日本ハムファイターズ,東京ヤクルトスワローズ,0,0,,0,0,0,0,2026/08/15
上原 健太,北海道日本ハムファイターズ,東北楽天ゴールデンイーグルス,0,6,2.84,1,0,2,0,2026/08/15
上原 健太,北海道日本ハムファイターズ,読売ジャイアンツ,0,0,,0,0,0,0,2026/08/15
上原 健太,北海道日本ハムファイターズ,福岡ソフトバンクホークス,0,6,1.42,0,0,1,0,2026/08/15
杉浦 稔大,北海道日本ハムファイターズ,オリックス・バファローズ,0,0,,0,0,0,0,2026/08/15
杉浦 稔大,北海道日本ハムファイターズ,横浜DeNAベイスターズ,0,2,0.00,0,0,2,0,2026/08/15
杉浦 稔大,北海道日本ハムファイターズ,広島東洋カープ,0,1,0.00,0,0,0,0,2026/08/15
杉浦 稔大,北海道日本ハムファイターズ,阪神タイガース,0,3,9.00,0,1,1,0,2026/08/15
杉浦 稔大,北海道日本ハムファイターズ,埼玉西武ライオンズ,0,0,,0,0,0,0,2026/08/15
杉浦 稔大,北海道日本ハムファイターズ,千葉ロッテマリーンズ,0,0,,0,0,0,0,2026/08/15
杉浦 稔大,北海道日本ハムファイターズ,中日ドラゴンズ,0,0,,0,0,0,0,2026/08/15
杉浦 稔大,北海道日本ハムファイターズ,東京ヤクルトスワローズ,0,3,10.13,1,1,1,0,2026/08/15
杉浦 稔大,北海道日本ハムファイターズ,東北楽天ゴールデンイーグルス,0,0,,0,0,0,0,2026/08/15
杉浦 稔大,北海道日本ハムファイターズ,読売ジャイアンツ,0,2,9.00,0,0,0,0,2026/08/15
杉浦 稔大,北海道日本ハムファイターズ,福岡ソフトバンクホークス,0,0,,0,0,0,0,2026/08/15
金村 尚真,北海道日本ハムファイターズ,オリックス・バファローズ,0,2,0.00,0,0,0,0,2026/08/15
金村 尚真,北海道日本ハムファイターズ,横浜DeNAベイスターズ,0,0,,0,0,0,0,2026/08/15
金村 尚真,北海道日本ハムファイターズ,広島東洋カープ,0,0,,0,0,0,0,2026/08/15
金村 尚真,北海道日本ハムファイターズ,阪神タイガース,0,0,,0,0,0,0,2026/08/15
金村 尚真,北海道日本ハムファイターズ,埼玉西武ライオンズ,0,4,0.00,0,0,0,0,2026/08/15
金村 尚真,北海道日本ハムファイターズ,千葉ロッテマリーンズ,0,2,3.86,0,0,0,0,2026/08/15
金村 尚真,北海道日本ハムファイターズ,中日ドラゴンズ,0,0,,0,0,0,0,2026/08/15
金村 尚真,北海道日本ハムファイターズ,東京ヤクルトスワローズ,0,0,,0,0,0,0,2026/08/15
金村 尚真,北海道日本ハムファイターズ,東北楽天ゴールデンイーグルス,0,1,0.00,0,0,0,0,2026/08/15
金村 尚真,北海道日本ハムファイターズ,読売ジャイアンツ,0,0,,0,0,0,0,2026/08/15
金村 尚真,北海道日本ハムファイターズ,福岡ソフトバンクホークス,0,2,3.00,0,0,0,0,2026/08/15
宮西 尚生,北海道日本ハムファイターズ,オリックス・バファローズ,0,1,18.00,0,0,0,0,2026/08/15
宮西 尚生,北海道日本ハムファイターズ,横浜DeNAベイスターズ,0,0,,0,0,0,0,2026/08/15
宮西 尚生,北海道日本ハムファイターズ,広島東洋カープ,0,0,,0,0,0,0,2026/08/15
宮西 尚生,北海道日本ハムファイターズ,阪神タイガース,0,0,,0,0,0,0,2026/08/15
宮西 尚生,北海道日本ハムファイターズ,埼玉西武ライオンズ,0,0,,0,0,0,0,2026/08/15
宮西 尚生,北海道日本ハムファイターズ,千葉ロッテマリーンズ,0,0,,0,0,0,0,2026/08/15
宮西 尚生,北海道日本ハムファイターズ,中日ドラゴンズ,0,0,,0,0,0,0,2026/08/15
宮西 尚生,北海道日本ハムファイターズ,東京ヤクルトスワローズ,0,0,,0,0,0,0,2026/08/15
宮西 尚生,北海道日本ハムファイターズ,東北楽天ゴールデンイーグルス,0,0,,0,0,0,0,2026/08/15
宮西 尚生,北海道日本ハムファイターズ,読売ジャイアンツ,0,0,,0,0,0,0,2026/08/15
宮西 尚生,北海道日本ハムファイターズ,福岡ソフトバンクホークス,0,0,,0,0,0,0,2026/08/15
田中 正義,北海道日本ハムファイターズ,オリックス・バファローズ,0,5,3.86,0,1,2,0,2026/08/15
田中 正義,北海道日本ハムファイターズ,横浜DeNAベイスターズ,0,2,0.00,0,0,2,0,2026/08/15
田中 正義,北海道日本ハムファイターズ,広島東洋カープ,0,1,0.00,0,0,1,0,2026/08/15
田中 正義,北海道日本ハムファイターズ,阪神タイガース,0,1,0.00,0,0,1,0,2026/08/15
田中 正義,北海道日本ハムファイターズ,埼玉西武ライオンズ,0,8,4.26,1,2,3,0,2026/08/15
田中 正義,北海道日本ハムファイターズ,千葉ロッテマリーンズ,0,4,2.25,0,0,1,0,2026/08/15
田中 正義,北海道日本ハムファイターズ,中日ドラゴンズ,0,1,0.00,0,0,1,0,2026/08/15
田中 正義,北海道日本ハムファイターズ,東京ヤクルトスワローズ,0,2,0.00,0,0,2,0,2026/08/15
田中 正義,北海道日本ハムファイターズ,東北楽天ゴールデンイーグルス,0,7,2.45,0,0,3,1,2026/08/15
田中 正義,北海道日本ハムファイターズ,読売ジャイアンツ,0,1,0.00,0,0,1,0,2026/08/15
田中 正義,北海道日本ハムファイターズ,福岡ソフトバンクホークス,0,4,16.20,0,1,1,0,2026/08/15
大川 慈英,北海道日本ハムファイターズ,オリックス・バファローズ,0,0,,0,0,0,0,2026/08/15
大川 慈英,北海道日本ハムファイターズ,横浜DeNAベイスターズ,0,0,,0,0,0,0,2026/08/15
大川 慈英,北海道日本ハムファイターズ,広島東洋カープ,0,0,,0,0,0,0,2026/08/15
大川 慈英,北海道日本ハムファイターズ,阪神タイガース,0,0,,0,0,0,0,2026/08/15
大川 慈英,北海道日本ハムファイターズ,埼玉西武ライオンズ,0,1,54.00,0,0,0,0,2026/08/15
大川 慈英,北海道日本ハムファイターズ,千葉ロッテマリーンズ,0,0,,0,0,0,0,2026/08/15
大川 慈英,北海道日本ハムファイターズ,中日ドラゴンズ,0,0,,0,0,0,0,2026/08/15
大川 慈英,北海道日本ハムファイターズ,東京ヤクルトスワローズ,0,0,,0,0,0,0,2026/08/15
大川 慈英,北海道日本ハムファイターズ,東北楽天ゴールデンイーグルス,0,1,0.00,0,0,0,0,2026/08/15
大川 慈英,北海道日本ハムファイターズ,読売ジャイアンツ,0,0,,0,0,0,0,2026/08/15
大川 慈英,北海道日本ハムファイターズ,福岡ソフトバンクホークス,0,0,,0,0,0,0,2026/08/15
河野 竜生,北海道日本ハムファイターズ,オリックス・バファローズ,0,0,,0,0,0,0,2026/08/15
河野 竜生,北海道日本ハムファイターズ,横浜DeNAベイスターズ,0,0,,0,0,0,0,2026/08/15
河野 竜生,北海道日本ハムファイターズ,広島東洋カープ,0,1,0.00,0,0,0,0,2026/08/15
河野 竜生,北海道日本ハムファイターズ,阪神タイガース,0,0,,0,0,0,0,2026/08/15
河野 竜生,北海道日本ハムファイターズ,埼玉西武ライオンズ,0,0,,0,0,0,0,2026/08/15
河野 竜生,北海道日本ハムファイターズ,千葉ロッテマリーンズ,0,0,,0,0,0,0,2026/08/15
河野 竜生,北海道日本ハムファイターズ,中日ドラゴンズ,0,1,0.00,0,0,0,0,2026/08/15
河野 竜生,北海道日本ハムファイターズ,東京ヤクルトスワローズ,0,0,,0,0,0,0,2026/08/15
河野 竜生,北海道日本ハムファイターズ,東北楽天ゴールデンイーグルス,0,0,,0,0,0,0,2026/08/15
河野 竜生,北海道日本ハムファイターズ,読売ジャイアンツ,0,1,0.00,0,0,0,0,2026/08/15
河野 竜生,北海道日本ハムファイターズ,福岡ソフトバンクホークス,0,2,0.00,0,0,0,0,2026/08/15
細野 晴希,北海道日本ハムファイターズ,オリックス・バファローズ,1,0,0.00,1,0,0,0,2026/08/15
細野 晴希,北海道日本ハムファイターズ,横浜DeNAベイスターズ,0,0,,0,0,0,0,2026/08/15
細野 晴希,北海道日本ハムファイターズ,広島東洋カープ,0,0,,0,0,0,0,2026/08/15
細野 晴希,北海道日本ハムファイターズ,阪神タイガース,0,0,,0,0,0,0,2026/08/15
細野 晴希,北海道日本ハムファイターズ,埼玉西武ライオンズ,1,0,1.17,0,0,0,0,2026/08/15
細野 晴希,北海道日本ハムファイターズ,千葉ロッテマリーンズ,3,0,3.20,1,1,0,0,2026/08/15
細野 晴希,北海道日本ハムファイターズ,中日ドラゴンズ,1,0,0.00,1,0,0,0,2026/08/15
細野 晴希,北海道日本ハムファイターズ,東京ヤクルトスワローズ,0,0,,0,0,0,0,2026/08/15
細野 晴希,北海道日本ハムファイターズ,東北楽天ゴールデンイーグルス,3,0,3.72,0,3,0,0,2026/08/15
細野 晴希,北海道日本ハムファイターズ,読売ジャイアンツ,0,0,,0,0,0,0,2026/08/15
細野 晴希,北海道日本ハムファイターズ,福岡ソフトバンクホークス,2,0,6.00,0,1,0,0,2026/08/15
ラオ,北海道日本ハムファイターズ,オリックス・バファローズ,0,0,,0,0,0,0,2026/08/15
ラオ,北海道日本ハムファイターズ,横浜DeNAベイスターズ,0,0,,0,0,0,0,2026/08/15
ラオ,北海道日本ハムファイターズ,広島東洋カープ,0,0,,0,0,0,0,2026/08/15
ラオ,北海道日本ハムファイターズ,阪神タイガース,0,0,,0,0,0,0,2026/08/15
ラオ,北海道日本ハムファイターズ,埼玉西武ライオンズ,0,0,,0,0,0,0,2026/08/15
ラオ,北海道日本ハムファイターズ,千葉ロッテマリーンズ,0,0,,0,0,0,0,2026/08/15
ラオ,北海道日本ハムファイターズ,中日ドラゴンズ,0,0,,0,0,0,0,2026/08/15
ラオ,北海道日本ハムファイターズ,東京ヤクルトスワローズ,0,0,,0,0,0,0,2026/08/15
ラオ,北海道日本ハムファイターズ,東北楽天ゴールデンイーグルス,0,0,,0,0,0,0,2026/08/15
ラオ,北海道日本ハムファイターズ,読売ジャイアンツ,0,0,,0,0,0,0,2026/08/15
ラオ,北海道日本ハムファイターズ,福岡ソフトバンクホークス,0,0,,0,0,0,0,2026/08/15
柴田 獅子,北海道日本ハムファイターズ,オリックス・バファローズ,0,1,0.00,0,0,0,0,2026/08/15
柴田 獅子,北海道日本ハムファイターズ,横浜DeNAベイスターズ,0,0,,0,0,0,0,2026/08/15
柴田 獅子,北海道日本ハムファイターズ,広島東洋カープ,1,0,2.25,0,0,0,0,2026/08/15
柴田 獅子,北海道日本ハムファイターズ,阪神タイガース,0,0,,0,0,0,0,2026/08/15
柴田 獅子,北海道日本ハムファイターズ,埼玉西武ライオンズ,0,1,0.00,0,0,1,0,2026/08/15
柴田 獅子,北海道日本ハムファイターズ,千葉ロッテマリーンズ,0,0,,0,0,0,0,2026/08/15
柴田 獅子,北海道日本ハムファイターズ,中日ドラゴンズ,0,0,,0,0,0,0,2026/08/15
柴田 獅子,北海道日本ハムファイターズ,東京ヤクルトスワローズ,0,0,,0,0,0,0,2026/08/15
柴田 獅子,北海道日本ハムファイターズ,東北楽天ゴールデンイーグルス,0,1,9.00,0,0,0,0,2026/08/15
柴田 獅子,北海道日本ハムファイターズ,読売ジャイアンツ,0,0,,0,0,0,0,2026/08/15
柴田 獅子,北海道日本ハムファイターズ,福岡ソフトバンクホークス,1,1,2.70,0,1,1,0,2026/08/15
藤田 琉生,北海道日本ハムファイターズ,オリックス・バファローズ,0,0,,0,0,0,0,2026/08/15
藤田 琉生,北海道日本ハムファイターズ,横浜DeNAベイスターズ,0,0,,0,0,0,0,2026/08/15
藤田 琉生,北海道日本ハムファイターズ,広島東洋カープ,0,0,,0,0,0,0,2026/08/15
藤田 琉生,北海道日本ハムファイターズ,阪神タイガース,0,0,,0,0,0,0,2026/08/15
藤田 琉生,北海道日本ハムファイターズ,埼玉西武ライオンズ,0,0,,0,0,0,0,2026/08/15
藤田 琉生,北海道日本ハムファイターズ,千葉ロッテマリーンズ,0,0,,0,0,0,0,2026/08/15
藤田 琉生,北海道日本ハムファイターズ,中日ドラゴンズ,0,0,,0,0,0,0,2026/08/15
藤田 琉生,北海道日本ハムファイターズ,東京ヤクルトスワローズ,0,0,,0,0,0,0,2026/08/15
藤田 琉生,北海道日本ハムファイターズ,東北楽天ゴールデンイーグルス,0,0,,0,0,0,0,2026/08/15
藤田 琉生,北海道日本ハムファイターズ,読売ジャイアンツ,0,0,,0,0,0,0,2026/08/15
藤田 琉生,北海道日本ハムファイターズ,福岡ソフトバンクホークス,0,0,,0,0,0,0,2026/08/15
堀 瑞輝,北海道日本ハムファイターズ,オリックス・バファローズ,0,2,13.50,0,1,0,0,2026/08/15
堀 瑞輝,北海道日本ハムファイターズ,横浜DeNAベイスターズ,0,0,,0,0,0,0,2026/08/15
堀 瑞輝,北海道日本ハムファイターズ,広島東洋カープ,0,2,0.00,0,0,2,0,2026/08/15
堀 瑞輝,北海道日本ハムファイターズ,阪神タイガース,0,1,0.00,0,0,1,0,2026/08/15
堀 瑞輝,北海道日本ハムファイターズ,埼玉西武ライオンズ,0,6,1.50,0,0,1,0,2026/08/15
堀 瑞輝,北海道日本ハムファイターズ,千葉ロッテマリーンズ,0,2,0.00,0,0,0,0,2026/08/15
堀 瑞輝,北海道日本ハムファイターズ,中日ドラゴンズ,0,1,0.00,1,0,0,0,2026/08/15
堀 瑞輝,北海道日本ハムファイターズ,東京ヤクルトスワローズ,0,1,0.00,0,0,1,0,2026/08/15
堀 瑞輝,北海道日本ハムファイターズ,東北楽天ゴールデンイーグルス,0,4,6.00,1,0,0,0,2026/08/15
堀 瑞輝,北海道日本ハムファイターズ,読売ジャイアンツ,0,0,,0,0,0,0,2026/08/15
堀 瑞輝,北海道日本ハムファイターズ,福岡ソフトバンクホークス,0,6,0.00,1,0,0,1,2026/08/15
浅利 太門,北海道日本ハムファイターズ,オリックス・バファローズ,0,0,,0,0,0,0,2026/08/15
浅利 太門,北海道日本ハムファイターズ,横浜DeNAベイスターズ,0,0,,0,0,0,0,2026/08/15
浅利 太門,北海道日本ハムファイターズ,広島東洋カープ,0,0,,0,0,0,0,2026/08/15
浅利 太門,北海道日本ハムファイターズ,阪神タイガース,0,0,,0,0,0,0,2026/08/15
浅利 太門,北海道日本ハムファイターズ,埼玉西武ライオンズ,0,0,,0,0,0,0,2026/08/15
浅利 太門,北海道日本ハムファイターズ,千葉ロッテマリーンズ,0,0,,0,0,0,0,2026/08/15
浅利 太門,北海道日本ハムファイターズ,中日ドラゴンズ,0,0,,0,0,0,0,2026/08/15
浅利 太門,北海道日本ハムファイターズ,東京ヤクルトスワローズ,0,0,,0,0,0,0,2026/08/15
浅利 太門,北海道日本ハムファイターズ,東北楽天ゴールデンイーグルス,0,0,,0,0,0,0,2026/08/15
浅利 太門,北海道日本ハムファイターズ,読売ジャイアンツ,0,0,,0,0,0,0,2026/08/15
浅利 太門,北海道日本ハムファイターズ,福岡ソフトバンクホークス,0,0,,0,0,0,0,2026/08/15
古林 睿煬,北海道日本ハムファイターズ,オリックス・バファローズ,1,1,3.60,0,0,0,0,2026/08/15
古林 睿煬,北海道日本ハムファイターズ,横浜DeNAベイスターズ,0,0,,0,0,0,0,2026/08/15
古林 睿煬,北海道日本ハムファイターズ,広島東洋カープ,0,0,,0,0,0,0,2026/08/15
古林 睿煬,北海道日本ハムファイターズ,阪神タイガース,0,0,,0,0,0,0,2026/08/15
古林 睿煬,北海道日本ハムファイターズ,埼玉西武ライオンズ,0,0,,0,0,0,0,2026/08/15
古林 睿煬,北海道日本ハムファイターズ,千葉ロッテマリーンズ,0,1,0.00,0,0,0,0,2026/08/15
古林 睿煬,北海道日本ハムファイターズ,中日ドラゴンズ,1,0,12.27,0,0,0,0,2026/08/15
古林 睿煬,北海道日本ハムファイターズ,東京ヤクルトスワローズ,0,0,,0,0,0,0,2026/08/15
古林 睿煬,北海道日本ハムファイターズ,東北楽天ゴールデンイーグルス,0,1,0.00,0,0,1,0,2026/08/15
古林 睿煬,北海道日本ハムファイターズ,読売ジャイアンツ,0,0,,0,0,0,0,2026/08/15
古林 睿煬,北海道日本ハムファイターズ,福岡ソフトバンクホークス,0,2,20.25,0,1,0,0,2026/08/15
島本 浩也,北海道日本ハムファイターズ,オリックス・バファローズ,0,4,9.00,0,0,2,0,2026/08/15
島本 浩也,北海道日本ハムファイターズ,横浜DeNAベイスターズ,0,1,0.00,0,0,1,0,2026/08/15
島本 浩也,北海道日本ハムファイターズ,広島東洋カープ,0,2,0.00,0,0,2,0,2026/08/15
島本 浩也,北海道日本ハムファイターズ,阪神タイガース,0,2,0.00,0,0,2,0,2026/08/15
島本 浩也,北海道日本ハムファイターズ,埼玉西武ライオンズ,0,9,1.13,1,1,4,1,2026/08/15
島本 浩也,北海道日本ハムファイターズ,千葉ロッテマリーンズ,0,6,0.00,0,0,3,0,2026/08/15
島本 浩也,北海道日本ハムファイターズ,中日ドラゴンズ,0,1,0.00,0,0,0,1,2026/08/15
島本 浩也,北海道日本ハムファイターズ,東京ヤクルトスワローズ,0,1,0.00,0,0,1,0,2026/08/15
島本 浩也,北海道日本ハムファイターズ,東北楽天ゴールデンイーグルス,0,5,1.93,1,0,2,0,2026/08/15
島本 浩也,北海道日本ハムファイターズ,読売ジャイアンツ,0,1,0.00,0,0,1,0,2026/08/15
島本 浩也,北海道日本ハムファイターズ,福岡ソフトバンクホークス,0,6,10.80,0,2,1,0,2026/08/15
福谷 浩司,北海道日本ハムファイターズ,オリックス・バファローズ,0,2,9.00,0,0,0,0,2026/08/15
福谷 浩司,北海道日本ハムファイターズ,横浜DeNAベイスターズ,0,0,,0,0,0,0,2026/08/15
福谷 浩司,北海道日本ハムファイターズ,広島東洋カープ,0,1,0.00,0,0,1,0,2026/08/15
福谷 浩司,北海道日本ハムファイターズ,阪神タイガース,0,0,,0,0,0,0,2026/08/15
福谷 浩司,北海道日本ハムファイターズ,埼玉西武ライオンズ,0,1,0.00,0,0,0,0,2026/08/15
福谷 浩司,北海道日本ハムファイターズ,千葉ロッテマリーンズ,0,2,0.00,0,0,0,0,2026/08/15
福谷 浩司,北海道日本ハムファイターズ,中日ドラゴンズ,0,1,20.25,0,1,0,0,2026/08/15
福谷 浩司,北海道日本ハムファイターズ,東京ヤクルトスワローズ,0,0,,0,0,0,0,2026/08/15
福谷 浩司,北海道日本ハムファイターズ,東北楽天ゴールデンイーグルス,0,2,0.00,0,0,0,0,2026/08/15
福谷 浩司,北海道日本ハムファイターズ,読売ジャイアンツ,0,1,0.00,0,0,0,0,2026/08/15
福谷 浩司,北海道日本ハムファイターズ,福岡ソフトバンクホークス,0,2,4.50,0,0,0,0,2026/08/15
福島 蓮,北海道日本ハムファイターズ,オリックス・バファローズ,0,1,0.00,0,0,1,0,2026/08/15
福島 蓮,北海道日本ハムファイターズ,横浜DeNAベイスターズ,0,0,,0,0,0,0,2026/08/15
福島 蓮,北海道日本ハムファイターズ,広島東洋カープ,0,0,,0,0,0,0,2026/08/15
福島 蓮,北海道日本ハムファイターズ,阪神タイガース,1,0,1.29,1,0,0,0,2026/08/15
福島 蓮,北海道日本ハムファイターズ,埼玉西武ライオンズ,2,1,5.73,1,1,0,0,2026/08/15
福島 蓮,北海道日本ハムファイターズ,千葉ロッテマリーンズ,1,2,4.00,1,1,0,0,2026/08/15
福島 蓮,北海道日本ハムファイターズ,中日ドラゴンズ,1,0,1.29,0,0,0,0,2026/08/15
福島 蓮,北海道日本ハムファイターズ,東京ヤクルトスワローズ,1,0,1.29,0,0,0,0,2026/08/15
福島 蓮,北海道日本ハムファイターズ,東北楽天ゴールデンイーグルス,4,0,4.50,0,2,0,0,2026/08/15
福島 蓮,北海道日本ハムファイターズ,読売ジャイアンツ,0,0,,0,0,0,0,2026/08/15
福島 蓮,北海道日本ハムファイターズ,福岡ソフトバンクホークス,0,1,0.00,0,0,1,0,2026/08/15
畔柳 亨丞,北海道日本ハムファイターズ,オリックス・バファローズ,0,1,0.00,0,0,0,0,2026/08/15
畔柳 亨丞,北海道日本ハムファイターズ,横浜DeNAベイスターズ,0,0,,0,0,0,0,2026/08/15
畔柳 亨丞,北海道日本ハムファイターズ,広島東洋カープ,0,1,0.00,0,0,0,0,2026/08/15
畔柳 亨丞,北海道日本ハムファイターズ,阪神タイガース,0,0,,0,0,0,0,2026/08/15
畔柳 亨丞,北海道日本ハムファイターズ,埼玉西武ライオンズ,0,0,,0,0,0,0,2026/08/15
畔柳 亨丞,北海道日本ハムファイターズ,千葉ロッテマリーンズ,0,0,,0,0,0,0,2026/08/15
畔柳 亨丞,北海道日本ハムファイターズ,中日ドラゴンズ,0,2,3.38,0,0,1,0,2026/08/15
畔柳 亨丞,北海道日本ハムファイターズ,東京ヤクルトスワローズ,0,1,0.00,0,0,1,0,2026/08/15
畔柳 亨丞,北海道日本ハムファイターズ,東北楽天ゴールデンイーグルス,0,1,18.00,0,0,0,0,2026/08/15
畔柳 亨丞,北海道日本ハムファイターズ,読売ジャイアンツ,0,0,,0,0,0,0,2026/08/15
畔柳 亨丞,北海道日本ハムファイターズ,福岡ソフトバンクホークス,0,1,0.00,0,0,0,0,2026/08/15
柳川 大晟,北海道日本ハムファイターズ,オリックス・バファローズ,0,4,0.00,0,0,0,3,2026/08/15
柳川 大晟,北海道日本ハムファイターズ,横浜DeNAベイスターズ,0,2,0.00,0,0,0,2,2026/08/15
柳川 大晟,北海道日本ハムファイターズ,広島東洋カープ,0,2,0.00,0,0,0,1,2026/08/15
柳川 大晟,北海道日本ハムファイターズ,阪神タイガース,0,2,4.50,0,0,0,2,2026/08/15
柳川 大晟,北海道日本ハムファイターズ,埼玉西武ライオンズ,0,6,1.50,1,0,0,3,2026/08/15
柳川 大晟,北海道日本ハムファイターズ,千葉ロッテマリーンズ,0,5,3.86,0,0,0,1,2026/08/15
柳川 大晟,北海道日本ハムファイターズ,中日ドラゴンズ,0,1,27.00,0,0,0,0,2026/08/15
柳川 大晟,北海道日本ハムファイターズ,東京ヤクルトスワローズ,0,2,0.00,1,0,0,1,2026/08/15
柳川 大晟,北海道日本ハムファイターズ,東北楽天ゴールデンイーグルス,0,9,1.00,2,0,2,4,2026/08/15
柳川 大晟,北海道日本ハムファイターズ,読売ジャイアンツ,0,1,0.00,0,0,0,1,2026/08/15
柳川 大晟,北海道日本ハムファイターズ,福岡ソフトバンクホークス,0,3,3.00,0,0,0,1,2026/08/15
齋藤 友貴哉,北海道日本ハムファイターズ,オリックス・バファローズ,0,5,6.23,0,0,1,0,2026/08/15
齋藤 友貴哉,北海道日本ハムファイターズ,横浜DeNAベイスターズ,0,0,,0,0,0,0,2026/08/15
齋藤 友貴哉,北海道日本ハムファイターズ,広島東洋カープ,0,0,,0,0,0,0,2026/08/15
齋藤 友貴哉,北海道日本ハムファイターズ,阪神タイガース,0,0,,0,0,0,0,2026/08/15
齋藤 友貴哉,北海道日本ハムファイターズ,埼玉西武ライオンズ,0,3,18.00,0,0,1,0,2026/08/15
齋藤 友貴哉,北海道日本ハムファイターズ,千葉ロッテマリーンズ,0,3,6.00,0,1,0,0,2026/08/15
齋藤 友貴哉,北海道日本ハムファイターズ,中日ドラゴンズ,0,0,,0,0,0,0,2026/08/15
齋藤 友貴哉,北海道日本ハムファイターズ,東京ヤクルトスワローズ,0,0,,0,0,0,0,2026/08/15
齋藤 友貴哉,北海道日本ハムファイターズ,東北楽天ゴールデンイーグルス,0,4,0.00,0,0,0,0,2026/08/15
齋藤 友貴哉,北海道日本ハムファイターズ,読売ジャイアンツ,0,0,,0,0,0,0,2026/08/15
齋藤 友貴哉,北海道日本ハムファイターズ,福岡ソフトバンクホークス,0,2,18.00,0,0,0,0,2026/08/15
池田 隆英,北海道日本ハムファイターズ,オリックス・バファローズ,0,1,0.00,0,0,0,0,2026/08/15
池田 隆英,北海道日本ハムファイターズ,横浜DeNAベイスターズ,0,0,,0,0,0,0,2026/08/15
池田 隆英,北海道日本ハムファイターズ,広島東洋カープ,0,0,,0,0,0,0,2026/08/15
池田 隆英,北海道日本ハムファイターズ,阪神タイガース,0,0,,0,0,0,0,2026/08/15
池田 隆英,北海道日本ハムファイターズ,埼玉西武ライオンズ,0,1,27.00,0,0,0,0,2026/08/15
池田 隆英,北海道日本ハムファイターズ,千葉ロッテマリーンズ,0,1,0.00,0,0,0,0,2026/08/15
池田 隆英,北海道日本ハムファイターズ,中日ドラゴンズ,0,0,,0,0,0,0,2026/08/15
池田 隆英,北海道日本ハムファイターズ,東京ヤクルトスワローズ,0,0,,0,0,0,0,2026/08/15
池田 隆英,北海道日本ハムファイターズ,東北楽天ゴールデンイーグルス,0,0,,0,0,0,0,2026/08/15
池田 隆英,北海道日本ハムファイターズ,読売ジャイアンツ,0,0,,0,0,0,0,2026/08/15
池田 隆英,北海道日本ハムファイターズ,福岡ソフトバンクホークス,0,3,0.00,0,0,0,0,2026/08/15
菊地 大稀,北海道日本ハムファイターズ,オリックス・バファローズ,0,0,,0,0,0,0,2026/08/15
菊地 大稀,北海道日本ハムファイターズ,横浜DeNAベイスターズ,0,0,,0,0,0,0,2026/08/15
菊地 大稀,北海道日本ハムファイターズ,広島東洋カープ,0,1,0.00,0,0,0,1,2026/08/15
菊地 大稀,北海道日本ハムファイターズ,阪神タイガース,0,0,,0,0,0,0,2026/08/15
菊地 大稀,北海道日本ハムファイターズ,埼玉西武ライオンズ,0,0,,0,0,0,0,2026/08/15
菊地 大稀,北海道日本ハムファイターズ,千葉ロッテマリーンズ,0,0,,0,0,0,0,2026/08/15
菊地 大稀,北海道日本ハムファイターズ,中日ドラゴンズ,0,1,0.00,0,0,0,0,2026/08/15
菊地 大稀,北海道日本ハムファイターズ,東京ヤクルトスワローズ,0,0,,0,0,0,0,2026/08/15
菊地 大稀,北海道日本ハムファイターズ,東北楽天ゴールデンイーグルス,0,0,,0,0,0,0,2026/08/15
菊地 大稀,北海道日本ハムファイターズ,読売ジャイアンツ,0,2,4.50,0,0,0,0,2026/08/15
菊地 大稀,北海道日本ハムファイターズ,福岡ソフトバンクホークス,0,2,7.71,0,0,0,0,2026/08/15
清水 大暉,北海道日本ハムファイターズ,オリックス・バファローズ,0,0,,0,0,0,0,2026/08/15
清水 大暉,北海道日本ハムファイターズ,横浜DeNAベイスターズ,0,0,,0,0,0,0,2026/08/15
清水 大暉,北海道日本ハムファイターズ,広島東洋カープ,0,0,,0,0,0,0,2026/08/15
清水 大暉,北海道日本ハムファイターズ,阪神タイガース,0,0,,0,0,0,0,2026/08/15
清水 大暉,北海道日本ハムファイターズ,埼玉西武ライオンズ,0,0,,0,0,0,0,2026/08/15
清水 大暉,北海道日本ハムファイターズ,千葉ロッテマリーンズ,0,0,,0,0,0,0,2026/08/15
清水 大暉,北海道日本ハムファイターズ,中日ドラゴンズ,0,0,,0,0,0,0,2026/08/15
清水 大暉,北海道日本ハムファイターズ,東京ヤクルトスワローズ,0,0,,0,0,0,0,2026/08/15
清水 大暉,北海道日本ハムファイターズ,東北楽天ゴールデンイーグルス,0,0,,0,0,0,0,2026/08/15
清水 大暉,北海道日本ハムファイターズ,読売ジャイアンツ,0,1,0.00,0,0,0,0,2026/08/15
清水 大暉,北海道日本ハムファイターズ,福岡ソフトバンクホークス,0,1,27.00,0,0,0,0,2026/08/15
山城 航太郎,北海道日本ハムファイターズ,オリックス・バファローズ,0,0,,0,0,0,0,2026/08/15
山城 航太郎,北海道日本ハムファイターズ,横浜DeNAベイスターズ,0,0,,0,0,0,0,2026/08/15
山城 航太郎,北海道日本ハムファイターズ,広島東洋カープ,0,0,,0,0,0,0,2026/08/15
山城 航太郎,北海道日本ハムファイターズ,阪神タイガース,0,0,,0,0,0,0,2026/08/15
山城 航太郎,北海道日本ハムファイターズ,埼玉西武ライオンズ,0,0,,0,0,0,0,2026/08/15
山城 航太郎,北海道日本ハムファイターズ,千葉ロッテマリーンズ,0,0,,0,0,0,0,2026/08/15
山城 航太郎,北海道日本ハムファイターズ,中日ドラゴンズ,0,0,,0,0,0,0,2026/08/15
山城 航太郎,北海道日本ハムファイターズ,東京ヤクルトスワローズ,0,0,,0,0,0,0,2026/08/15
山城 航太郎,北海道日本ハムファイターズ,東北楽天ゴールデンイーグルス,0,0,,0,0,0,0,2026/08/15
山城 航太郎,北海道日本ハムファイターズ,読売ジャイアンツ,0,0,,0,0,0,0,2026/08/15
山城 航太郎,北海道日本ハムファイターズ,福岡ソフトバンクホークス,0,0,,0,0,0,0,2026/08/15
山本 拓実,北海道日本ハムファイターズ,オリックス・バファローズ,0,3,6.75,0,0,0,0,2026/08/15
山本 拓実,北海道日本ハムファイターズ,横浜DeNAベイスターズ,0,0,,0,0,0,0,2026/08/15
山本 拓実,北海道日本ハムファイターズ,広島東洋カープ,0,1,0.00,1,0,0,0,2026/08/15
山本 拓実,北海道日本ハムファイターズ,阪神タイガース,0,0,,0,0,0,0,2026/08/15
山本 拓実,北海道日本ハムファイターズ,埼玉西武ライオンズ,0,1,0.00,0,0,0,0,2026/08/15
山本 拓実,北海道日本ハムファイターズ,千葉ロッテマリーンズ,0,1,0.00,0,0,0,0,2026/08/15
山本 拓実,北海道日本ハムファイターズ,中日ドラゴンズ,0,2,0.00,0,0,1,0,2026/08/15
山本 拓実,北海道日本ハムファイターズ,東京ヤクルトスワローズ,0,2,0.00,0,0,1,1,2026/08/15
山本 拓実,北海道日本ハムファイターズ,東北楽天ゴールデンイーグルス,0,0,,0,0,0,0,2026/08/15
山本 拓実,北海道日本ハムファイターズ,読売ジャイアンツ,0,1,0.00,0,0,0,0,2026/08/15
山本 拓実,北海道日本ハムファイターズ,福岡ソフトバンクホークス,0,4,11.25,0,0,0,0,2026/08/15
有原 航平,北海道日本ハムファイターズ,オリックス・バファローズ,4,0,4.84,2,2,0,0,2026/08/15
有原 航平,北海道日本ハムファイターズ,横浜DeNAベイスターズ,0,0,,0,0,0,0,2026/08/15
有原 航平,北海道日本ハムファイターズ,広島東洋カープ,0,0,,0,0,0,0,2026/08/15
有原 航平,北海道日本ハムファイターズ,阪神タイガース,0,0,,0,0,0,0,2026/08/15
有原 航平,北海道日本ハムファイターズ,埼玉西武ライオンズ,1,0,7.50,0,1,0,0,2026/08/15
有原 航平,北海道日本ハムファイターズ,千葉ロッテマリーンズ,1,0,0.00,1,0,0,0,2026/08/15
有原 航平,北海道日本ハムファイターズ,中日ドラゴンズ,0,0,,0,0,0,0,2026/08/15
有原 航平,北海道日本ハムファイターズ,東京ヤクルトスワローズ,0,0,,0,0,0,0,2026/08/15
有原 航平,北海道日本ハムファイターズ,東北楽天ゴールデンイーグルス,1,0,0.00,1,0,0,0,2026/08/15
有原 航平,北海道日本ハムファイターズ,読売ジャイアンツ,1,0,3.86,0,1,0,0,2026/08/15
有原 航平,北海道日本ハムファイターズ,福岡ソフトバンクホークス,2,0,8.18,0,2,0,0,2026/08/15
松岡 洸希,北海道日本ハムファイターズ,オリックス・バファローズ,0,0,,0,0,0,0,2026/08/15
松岡 洸希,北海道日本ハムファイターズ,横浜DeNAベイスターズ,0,0,,0,0,0,0,2026/08/15
松岡 洸希,北海道日本ハムファイターズ,広島東洋カープ,0,0,,0,0,0,0,2026/08/15
松岡 洸希,北海道日本ハムファイターズ,阪神タイガース,0,0,,0,0,0,0,2026/08/15
松岡 洸希,北海道日本ハムファイターズ,埼玉西武ライオンズ,0,0,,0,0,0,0,2026/08/15
松岡 洸希,北海道日本ハムファイターズ,千葉ロッテマリーンズ,0,0,,0,0,0,0,2026/08/15
松岡 洸希,北海道日本ハムファイターズ,中日ドラゴンズ,0,0,,0,0,0,0,2026/08/15
松岡 洸希,北海道日本ハムファイターズ,東京ヤクルトスワローズ,0,0,,0,0,0,0,2026/08/15
松岡 洸希,北海道日本ハムファイターズ,東北楽天ゴールデンイーグルス,0,0,,0,0,0,0,2026/08/15
松岡 洸希,北海道日本ハムファイターズ,読売ジャイアンツ,0,0,,0,0,0,0,2026/08/15
松岡 洸希,北海道日本ハムファイターズ,福岡ソフトバンクホークス,0,0,,0,0,0,0,2026/08/15
清宮 虎多朗,北海道日本ハムファイターズ,オリックス・バファローズ,0,0,,0,0,0,0,2026/08/15
清宮 虎多朗,北海道日本ハムファイターズ,横浜DeNAベイスターズ,0,0,,0,0,0,0,2026/08/15
清宮 虎多朗,北海道日本ハムファイターズ,広島東洋カープ,0,0,,0,0,0,0,2026/08/15
清宮 虎多朗,北海道日本ハムファイターズ,阪神タイガース,0,0,,0,0,0,0,2026/08/15
清宮 虎多朗,北海道日本ハムファイターズ,埼玉西武ライオンズ,0,0,,0,0,0,0,2026/08/15
清宮 虎多朗,北海道日本ハムファイターズ,千葉ロッテマリーンズ,0,0,,0,0,0,0,2026/08/15
清宮 虎多朗,北海道日本ハムファイターズ,中日ドラゴンズ,0,0,,0,0,0,0,2026/08/15
清宮 虎多朗,北海道日本ハムファイターズ,東京ヤクルトスワローズ,0,0,,0,0,0,0,2026/08/15
清宮 虎多朗,北海道日本ハムファイターズ,東北楽天ゴールデンイーグルス,0,0,,0,0,0,0,2026/08/15
清宮 虎多朗,北海道日本ハムファイターズ,読売ジャイアンツ,0,0,,0,0,0,0,2026/08/15
清宮 虎多朗,北海道日本ハムファイターズ,福岡ソフトバンクホークス,0,0,,0,0,0,0,2026/08/15
孫 易磊,北海道日本ハムファイターズ,オリックス・バファローズ,0,2,0.00,0,0,1,0,2026/08/15
孫 易磊,北海道日本ハムファイターズ,横浜DeNAベイスターズ,1,0,0.00,1,0,0,0,2026/08/15
孫 易磊,北海道日本ハムファイターズ,広島東洋カープ,0,0,,0,0,0,0,2026/08/15
孫 易磊,北海道日本ハムファイターズ,阪神タイガース,0,0,,0,0,0,0,2026/08/15
孫 易磊,北海道日本ハムファイターズ,埼玉西武ライオンズ,0,2,0.00,0,0,1,0,2026/08/15
孫 易磊,北海道日本ハムファイターズ,千葉ロッテマリーンズ,0,0,,0,0,0,0,2026/08/15
孫 易磊,北海道日本ハムファイターズ,中日ドラゴンズ,0,0,,0,0,0,0,2026/08/15
孫 易磊,北海道日本ハムファイターズ,東京ヤクルトスワローズ,0,0,,0,0,0,0,2026/08/15
孫 易磊,北海道日本ハムファイターズ,東北楽天ゴールデンイーグルス,0,2,3.38,0,0,0,0,2026/08/15
孫 易磊,北海道日本ハムファイターズ,読売ジャイアンツ,0,0,,0,0,0,0,2026/08/15
孫 易磊,北海道日本ハムファイターズ,福岡ソフトバンクホークス,1,1,7.71,0,1,1,0,2026/08/15
エスピノーザ,オリックス・バファローズ,横浜DeNAベイスターズ,1,0,0.00,0,0,0,0,2026/08/15
エスピノーザ,オリックス・バファローズ,広島東洋カープ,0,0,,0,0,0,0,2026/08/15
エスピノーザ,オリックス・バファローズ,阪神タイガース,0,0,,0,0,0,0,2026/08/15
エスピノーザ,オリックス・バファローズ,埼玉西武ライオンズ,4,0,1.93,3,0,0,0,2026/08/15
エスピノーザ,オリックス・バファローズ,千葉ロッテマリーンズ,2,0,1.93,2,0,0,0,2026/08/15
エスピノーザ,オリックス・バファローズ,中日ドラゴンズ,0,0,,0,0,0,0,2026/08/15
エスピノーザ,オリックス・バファローズ,東京ヤクルトスワローズ,1,0,0.00,1,0,0,0,2026/08/15
エスピノーザ,オリックス・バファローズ,東北楽天ゴールデンイーグルス,3,0,4.00,1,2,0,0,2026/08/15
エスピノーザ,オリックス・バファローズ,読売ジャイアンツ,1,0,2.45,0,1,0,0,2026/08/15
エスピノーザ,オリックス・バファローズ,福岡ソフトバンクホークス,2,0,2.08,2,0,0,0,2026/08/15
エスピノーザ,オリックス・バファローズ,北海道日本ハムファイターズ,3,0,5.17,1,1,0,0,2026/08/15
山下 舜平大,オリックス・バファローズ,横浜DeNAベイスターズ,0,0,,0,0,0,0,2026/08/15
山下 舜平大,オリックス・バファローズ,広島東洋カープ,0,0,,0,0,0,0,2026/08/15
山下 舜平大,オリックス・バファローズ,阪神タイガース,0,0,,0,0,0,0,2026/08/15
山下 舜平大,オリックス・バファローズ,埼玉西武ライオンズ,0,0,,0,0,0,0,2026/08/15
山下 舜平大,オリックス・バファローズ,千葉ロッテマリーンズ,0,0,,0,0,0,0,2026/08/15
山下 舜平大,オリックス・バファローズ,中日ドラゴンズ,0,0,,0,0,0,0,2026/08/15
山下 舜平大,オリックス・バファローズ,東京ヤクルトスワローズ,0,0,,0,0,0,0,2026/08/15
山下 舜平大,オリックス・バファローズ,東北楽天ゴールデンイーグルス,0,0,,0,0,0,0,2026/08/15
山下 舜平大,オリックス・バファローズ,読売ジャイアンツ,0,0,,0,0,0,0,2026/08/15
山下 舜平大,オリックス・バファローズ,福岡ソフトバンクホークス,0,0,,0,0,0,0,2026/08/15
山下 舜平大,オリックス・バファローズ,北海道日本ハムファイターズ,0,0,,0,0,0,0,2026/08/15
東 晃平,オリックス・バファローズ,横浜DeNAベイスターズ,0,0,,0,0,0,0,2026/08/15
東 晃平,オリックス・バファローズ,広島東洋カープ,0,0,,0,0,0,0,2026/08/15
東 晃平,オリックス・バファローズ,阪神タイガース,0,0,,0,0,0,0,2026/08/15
東 晃平,オリックス・バファローズ,埼玉西武ライオンズ,0,0,,0,0,0,0,2026/08/15
東 晃平,オリックス・バファローズ,千葉ロッテマリーンズ,0,0,,0,0,0,0,2026/08/15
東 晃平,オリックス・バファローズ,中日ドラゴンズ,0,0,,0,0,0,0,2026/08/15
東 晃平,オリックス・バファローズ,東京ヤクルトスワローズ,0,0,,0,0,0,0,2026/08/15
東 晃平,オリックス・バファローズ,東北楽天ゴールデンイーグルス,0,0,,0,0,0,0,2026/08/15
東 晃平,オリックス・バファローズ,読売ジャイアンツ,0,0,,0,0,0,0,2026/08/15
東 晃平,オリックス・バファローズ,福岡ソフトバンクホークス,0,0,,0,0,0,0,2026/08/15
東 晃平,オリックス・バファローズ,北海道日本ハムファイターズ,0,0,,0,0,0,0,2026/08/15
寺西 成騎,オリックス・バファローズ,横浜DeNAベイスターズ,0,1,0.00,0,0,1,0,2026/08/15
寺西 成騎,オリックス・バファローズ,広島東洋カープ,0,2,0.00,0,0,0,0,2026/08/15
寺西 成騎,オリックス・バファローズ,阪神タイガース,0,2,0.00,0,0,0,0,2026/08/15
寺西 成騎,オリックス・バファローズ,埼玉西武ライオンズ,2,1,1.50,1,0,1,0,2026/08/15
寺西 成騎,オリックス・バファローズ,千葉ロッテマリーンズ,2,3,2.77,1,0,2,0,2026/08/15
寺西 成騎,オリックス・バファローズ,中日ドラゴンズ,0,2,10.80,0,1,1,0,2026/08/15
寺西 成騎,オリックス・バファローズ,東京ヤクルトスワローズ,0,1,27.00,0,0,0,0,2026/08/15
寺西 成騎,オリックス・バファローズ,東北楽天ゴールデンイーグルス,0,2,6.75,0,0,0,0,2026/08/15
寺西 成騎,オリックス・バファローズ,読売ジャイアンツ,0,1,0.00,0,0,0,0,2026/08/15
寺西 成騎,オリックス・バファローズ,福岡ソフトバンクホークス,0,3,0.00,1,0,2,0,2026/08/15
寺西 成騎,オリックス・バファローズ,北海道日本ハムファイターズ,2,3,7.71,1,2,2,0,2026/08/15
椋木 蓮,オリックス・バファローズ,横浜DeNAベイスターズ,0,1,0.00,0,0,1,0,2026/08/15
椋木 蓮,オリックス・バファローズ,広島東洋カープ,0,1,0.00,0,0,1,0,2026/08/15
椋木 蓮,オリックス・バファローズ,阪神タイガース,0,2,0.00,0,0,2,0,2026/08/15
椋木 蓮,オリックス・バファローズ,埼玉西武ライオンズ,0,8,1.13,0,0,4,1,2026/08/15
椋木 蓮,オリックス・バファローズ,千葉ロッテマリーンズ,0,7,0.00,0,0,6,0,2026/08/15
椋木 蓮,オリックス・バファローズ,中日ドラゴンズ,0,2,0.00,0,0,2,0,2026/08/15
椋木 蓮,オリックス・バファローズ,東京ヤクルトスワローズ,0,1,0.00,0,0,1,0,2026/08/15
椋木 蓮,オリックス・バファローズ,東北楽天ゴールデンイーグルス,0,7,1.29,0,1,5,0,2026/08/15
椋木 蓮,オリックス・バファローズ,読売ジャイアンツ,0,1,108.00,0,1,0,0,2026/08/15
椋木 蓮,オリックス・バファローズ,福岡ソフトバンクホークス,0,7,4.50,2,2,2,0,2026/08/15
椋木 蓮,オリックス・バファローズ,北海道日本ハムファイターズ,0,4,0.00,0,0,4,0,2026/08/15
平野 佳寿,オリックス・バファローズ,横浜DeNAベイスターズ,0,0,,0,0,0,0,2026/08/15
平野 佳寿,オリックス・バファローズ,広島東洋カープ,0,0,,0,0,0,0,2026/08/15
平野 佳寿,オリックス・バファローズ,阪神タイガース,0,0,,0,0,0,0,2026/08/15
平野 佳寿,オリックス・バファローズ,埼玉西武ライオンズ,0,0,,0,0,0,0,2026/08/15
平野 佳寿,オリックス・バファローズ,千葉ロッテマリーンズ,0,0,,0,0,0,0,2026/08/15
平野 佳寿,オリックス・バファローズ,中日ドラゴンズ,0,0,,0,0,0,0,2026/08/15
平野 佳寿,オリックス・バファローズ,東京ヤクルトスワローズ,0,0,,0,0,0,0,2026/08/15
平野 佳寿,オリックス・バファローズ,東北楽天ゴールデンイーグルス,0,1,9.00,0,0,1,0,2026/08/15
平野 佳寿,オリックス・バファローズ,読売ジャイアンツ,0,0,,0,0,0,0,2026/08/15
平野 佳寿,オリックス・バファローズ,福岡ソフトバンクホークス,0,0,,0,0,0,0,2026/08/15
平野 佳寿,オリックス・バファローズ,北海道日本ハムファイターズ,0,1,0.00,0,0,0,0,2026/08/15
曽谷 龍平,オリックス・バファローズ,横浜DeNAベイスターズ,1,0,3.60,1,0,0,0,2026/08/15
曽谷 龍平,オリックス・バファローズ,広島東洋カープ,0,0,,0,0,0,0,2026/08/15
曽谷 龍平,オリックス・バファローズ,阪神タイガース,0,0,,0,0,0,0,2026/08/15
曽谷 龍平,オリックス・バファローズ,埼玉西武ライオンズ,1,0,1.80,1,0,0,0,2026/08/15
曽谷 龍平,オリックス・バファローズ,千葉ロッテマリーンズ,3,0,4.00,1,2,0,0,2026/08/15
曽谷 龍平,オリックス・バファローズ,中日ドラゴンズ,0,0,,0,0,0,0,2026/08/15
曽谷 龍平,オリックス・バファローズ,東京ヤクルトスワローズ,1,0,4.00,1,0,0,0,2026/08/15
曽谷 龍平,オリックス・バファローズ,東北楽天ゴールデンイーグルス,0,0,,0,0,0,0,2026/08/15
曽谷 龍平,オリックス・バファローズ,読売ジャイアンツ,1,0,1.29,0,0,0,0,2026/08/15
曽谷 龍平,オリックス・バファローズ,福岡ソフトバンクホークス,0,0,,0,0,0,0,2026/08/15
曽谷 龍平,オリックス・バファローズ,北海道日本ハムファイターズ,2,0,4.22,0,2,0,0,2026/08/15
宮城 大弥,オリックス・バファローズ,横浜DeNAベイスターズ,0,0,,0,0,0,0,2026/08/15
宮城 大弥,オリックス・バファローズ,広島東洋カープ,0,0,,0,0,0,0,2026/08/15
宮城 大弥,オリックス・バファローズ,阪神タイガース,0,0,,0,0,0,0,2026/08/15
宮城 大弥,オリックス・バファローズ,埼玉西武ライオンズ,1,0,4.50,1,0,0,0,2026/08/15
宮城 大弥,オリックス・バファローズ,千葉ロッテマリーンズ,1,0,1.59,0,0,0,0,2026/08/15
宮城 大弥,オリックス・バファローズ,中日ドラゴンズ,0,0,,0,0,0,0,2026/08/15
宮城 大弥,オリックス・バファローズ,東京ヤクルトスワローズ,0,0,,0,0,0,0,2026/08/15
宮城 大弥,オリックス・バファローズ,東北楽天ゴールデンイーグルス,1,0,10.80,0,1,0,0,2026/08/15
宮城 大弥,オリックス・バファローズ,読売ジャイアンツ,0,0,,0,0,0,0,2026/08/15
宮城 大弥,オリックス・バファローズ,福岡ソフトバンクホークス,0,0,,0,0,0,0,2026/08/15
宮城 大弥,オリックス・バファローズ,北海道日本ハムファイターズ,0,0,,0,0,0,0,2026/08/15
山岡 泰輔,オリックス・バファローズ,横浜DeNAベイスターズ,0,0,,0,0,0,0,2026/08/15
山岡 泰輔,オリックス・バファローズ,広島東洋カープ,0,0,,0,0,0,0,2026/08/15
山岡 泰輔,オリックス・バファローズ,阪神タイガース,0,0,,0,0,0,0,2026/08/15
山岡 泰輔,オリックス・バファローズ,埼玉西武ライオンズ,1,2,27.00,0,0,0,1,2026/08/15
山岡 泰輔,オリックス・バファローズ,千葉ロッテマリーンズ,0,2,0.00,0,0,0,0,2026/08/15
山岡 泰輔,オリックス・バファローズ,中日ドラゴンズ,0,0,,0,0,0,0,2026/08/15
山岡 泰輔,オリックス・バファローズ,東京ヤクルトスワローズ,0,0,,0,0,0,0,2026/08/15
山岡 泰輔,オリックス・バファローズ,東北楽天ゴールデンイーグルス,0,2,0.00,0,0,0,0,2026/08/15
山岡 泰輔,オリックス・バファローズ,読売ジャイアンツ,0,0,,0,0,0,0,2026/08/15
山岡 泰輔,オリックス・バファローズ,福岡ソフトバンクホークス,0,1,18.00,0,0,0,0,2026/08/15
山岡 泰輔,オリックス・バファローズ,北海道日本ハムファイターズ,0,2,9.00,0,0,0,0,2026/08/15
阿部 翔太,オリックス・バファローズ,横浜DeNAベイスターズ,0,0,,0,0,0,0,2026/08/15
阿部 翔太,オリックス・バファローズ,広島東洋カープ,0,0,,0,0,0,0,2026/08/15
阿部 翔太,オリックス・バファローズ,阪神タイガース,0,0,,0,0,0,0,2026/08/15
阿部 翔太,オリックス・バファローズ,埼玉西武ライオンズ,0,1,0.00,0,0,0,0,2026/08/15
阿部 翔太,オリックス・バファローズ,千葉ロッテマリーンズ,0,1,0.00,0,0,0,0,2026/08/15
阿部 翔太,オリックス・バファローズ,中日ドラゴンズ,0,1,27.00,0,0,0,0,2026/08/15
阿部 翔太,オリックス・バファローズ,東京ヤクルトスワローズ,0,0,,0,0,0,0,2026/08/15
阿部 翔太,オリックス・バファローズ,東北楽天ゴールデンイーグルス,0,5,4.15,0,0,0,0,2026/08/15
阿部 翔太,オリックス・バファローズ,読売ジャイアンツ,0,0,,0,0,0,0,2026/08/15
阿部 翔太,オリックス・バファローズ,福岡ソフトバンクホークス,0,0,,0,0,0,0,2026/08/15
阿部 翔太,オリックス・バファローズ,北海道日本ハムファイターズ,0,4,10.80,0,0,0,0,2026/08/15
山﨑 颯一郎,オリックス・バファローズ,横浜DeNAベイスターズ,0,0,,0,0,0,0,2026/08/15
山﨑 颯一郎,オリックス・バファローズ,広島東洋カープ,0,2,0.00,0,0,1,0,2026/08/15
山﨑 颯一郎,オリックス・バファローズ,阪神タイガース,0,2,0.00,0,0,1,0,2026/08/15
山﨑 颯一郎,オリックス・バファローズ,埼玉西武ライオンズ,0,9,0.87,0,1,6,0,2026/08/15
山﨑 颯一郎,オリックス・バファローズ,千葉ロッテマリーンズ,0,9,3.52,1,1,2,0,2026/08/15
山﨑 颯一郎,オリックス・バファローズ,中日ドラゴンズ,0,2,0.00,0,0,2,0,2026/08/15
山﨑 颯一郎,オリックス・バファローズ,東京ヤクルトスワローズ,0,0,,0,0,0,0,2026/08/15
山﨑 颯一郎,オリックス・バファローズ,東北楽天ゴールデンイーグルス,0,5,3.00,1,0,2,0,2026/08/15
山﨑 颯一郎,オリックス・バファローズ,読売ジャイアンツ,0,0,,0,0,0,0,2026/08/15
山﨑 颯一郎,オリックス・バファローズ,福岡ソフトバンクホークス,0,8,4.05,0,1,0,0,2026/08/15
山﨑 颯一郎,オリックス・バファローズ,北海道日本ハムファイターズ,0,4,7.36,1,1,1,0,2026/08/15
九里 亜蓮,オリックス・バファローズ,横浜DeNAベイスターズ,1,0,1.13,1,0,0,0,2026/08/15
九里 亜蓮,オリックス・バファローズ,広島東洋カープ,0,0,,0,0,0,0,2026/08/15
九里 亜蓮,オリックス・バファローズ,阪神タイガース,1,0,3.60,0,0,0,0,2026/08/15
九里 亜蓮,オリックス・バファローズ,埼玉西武ライオンズ,1,0,7.50,0,1,0,0,2026/08/15
九里 亜蓮,オリックス・バファローズ,千葉ロッテマリーンズ,1,0,4.50,0,1,0,0,2026/08/15
九里 亜蓮,オリックス・バファローズ,中日ドラゴンズ,0,0,,0,0,0,0,2026/08/15
九里 亜蓮,オリックス・バファローズ,東京ヤクルトスワローズ,1,0,1.50,0,0,0,0,2026/08/15
九里 亜蓮,オリックス・バファローズ,東北楽天ゴールデンイーグルス,7,0,2.38,4,2,0,0,2026/08/15
九里 亜蓮,オリックス・バファローズ,読売ジャイアンツ,1,0,4.76,0,1,0,0,2026/08/15
九里 亜蓮,オリックス・バファローズ,福岡ソフトバンクホークス,3,0,2.50,1,1,0,0,2026/08/15
九里 亜蓮,オリックス・バファローズ,北海道日本ハムファイターズ,4,0,2.67,2,1,0,0,2026/08/15
吉田 輝星,オリックス・バファローズ,横浜DeNAベイスターズ,0,2,13.50,0,1,1,0,2026/08/15
吉田 輝星,オリックス・バファローズ,広島東洋カープ,0,2,0.00,0,0,0,0,2026/08/15
吉田 輝星,オリックス・バファローズ,阪神タイガース,0,2,0.00,1,0,1,0,2026/08/15
吉田 輝星,オリックス・バファローズ,埼玉西武ライオンズ,0,4,4.15,1,1,0,0,2026/08/15
吉田 輝星,オリックス・バファローズ,千葉ロッテマリーンズ,0,3,10.13,0,0,0,0,2026/08/15
吉田 輝星,オリックス・バファローズ,中日ドラゴンズ,0,0,,0,0,0,0,2026/08/15
吉田 輝星,オリックス・バファローズ,東京ヤクルトスワローズ,0,1,0.00,0,0,0,0,2026/08/15
吉田 輝星,オリックス・バファローズ,東北楽天ゴールデンイーグルス,0,2,0.00,0,0,1,0,2026/08/15
吉田 輝星,オリックス・バファローズ,読売ジャイアンツ,0,1,0.00,0,0,0,0,2026/08/15
吉田 輝星,オリックス・バファローズ,福岡ソフトバンクホークス,0,4,0.00,0,0,2,0,2026/08/15
吉田 輝星,オリックス・バファローズ,北海道日本ハムファイターズ,0,5,4.15,0,0,3,0,2026/08/15
齋藤 響介,オリックス・バファローズ,横浜DeNAベイスターズ,0,0,,0,0,0,0,2026/08/15
齋藤 響介,オリックス・バファローズ,広島東洋カープ,0,0,,0,0,0,0,2026/08/15
齋藤 響介,オリックス・バファローズ,阪神タイガース,0,0,,0,0,0,0,2026/08/15
齋藤 響介,オリックス・バファローズ,埼玉西武ライオンズ,0,0,,0,0,0,0,2026/08/15
齋藤 響介,オリックス・バファローズ,千葉ロッテマリーンズ,0,0,,0,0,0,0,2026/08/15
齋藤 響介,オリックス・バファローズ,中日ドラゴンズ,0,0,,0,0,0,0,2026/08/15
齋藤 響介,オリックス・バファローズ,東京ヤクルトスワローズ,0,0,,0,0,0,0,2026/08/15
齋藤 響介,オリックス・バファローズ,東北楽天ゴールデンイーグルス,0,0,,0,0,0,0,2026/08/15
齋藤 響介,オリックス・バファローズ,読売ジャイアンツ,0,0,,0,0,0,0,2026/08/15
齋藤 響介,オリックス・バファローズ,福岡ソフトバンクホークス,0,1,189.00,0,0,0,0,2026/08/15
齋藤 響介,オリックス・バファローズ,北海道日本ハムファイターズ,0,0,,0,0,0,0,2026/08/15
富山 凌雅,オリックス・バファローズ,横浜DeNAベイスターズ,0,0,,0,0,0,0,2026/08/15
富山 凌雅,オリックス・バファローズ,広島東洋カープ,0,0,,0,0,0,0,2026/08/15
富山 凌雅,オリックス・バファローズ,阪神タイガース,0,0,,0,0,0,0,2026/08/15
富山 凌雅,オリックス・バファローズ,埼玉西武ライオンズ,0,0,,0,0,0,0,2026/08/15
富山 凌雅,オリックス・バファローズ,千葉ロッテマリーンズ,0,1,0.00,0,0,0,0,2026/08/15
富山 凌雅,オリックス・バファローズ,中日ドラゴンズ,0,0,,0,0,0,0,2026/08/15
富山 凌雅,オリックス・バファローズ,東京ヤクルトスワローズ,0,0,,0,0,0,0,2026/08/15
富山 凌雅,オリックス・バファローズ,東北楽天ゴールデンイーグルス,0,2,0.00,0,0,0,0,2026/08/15
富山 凌雅,オリックス・バファローズ,読売ジャイアンツ,0,0,,0,0,0,0,2026/08/15
富山 凌雅,オリックス・バファローズ,福岡ソフトバンクホークス,0,0,,0,0,0,0,2026/08/15
富山 凌雅,オリックス・バファローズ,北海道日本ハムファイターズ,0,1,0.00,0,0,0,0,2026/08/15
田嶋 大樹,オリックス・バファローズ,横浜DeNAベイスターズ,0,0,,0,0,0,0,2026/08/15
田嶋 大樹,オリックス・バファローズ,広島東洋カープ,1,0,11.25,0,1,0,0,2026/08/15
田嶋 大樹,オリックス・バファローズ,阪神タイガース,0,0,,0,0,0,0,2026/08/15
田嶋 大樹,オリックス・バファローズ,埼玉西武ライオンズ,0,0,,0,0,0,0,2026/08/15
田嶋 大樹,オリックス・バファローズ,千葉ロッテマリーンズ,4,0,4.58,1,1,0,0,2026/08/15
田嶋 大樹,オリックス・バファローズ,中日ドラゴンズ,1,0,1.50,1,0,0,0,2026/08/15
田嶋 大樹,オリックス・バファローズ,東京ヤクルトスワローズ,0,0,,0,0,0,0,2026/08/15
田嶋 大樹,オリックス・バファローズ,東北楽天ゴールデンイーグルス,3,0,7.00,0,1,0,0,2026/08/15
田嶋 大樹,オリックス・バファローズ,読売ジャイアンツ,0,0,,0,0,0,0,2026/08/15
田嶋 大樹,オリックス・バファローズ,福岡ソフトバンクホークス,2,1,13.06,0,1,0,0,2026/08/15
田嶋 大樹,オリックス・バファローズ,北海道日本ハムファイターズ,1,0,5.14,0,1,0,0,2026/08/15
藤川 敦也,オリックス・バファローズ,横浜DeNAベイスターズ,0,0,,0,0,0,0,2026/08/15
藤川 敦也,オリックス・バファローズ,広島東洋カープ,0,0,,0,0,0,0,2026/08/15
藤川 敦也,オリックス・バファローズ,阪神タイガース,0,0,,0,0,0,0,2026/08/15
藤川 敦也,オリックス・バファローズ,埼玉西武ライオンズ,0,0,,0,0,0,0,2026/08/15
藤川 敦也,オリックス・バファローズ,千葉ロッテマリーンズ,0,0,,0,0,0,0,2026/08/15
藤川 敦也,オリックス・バファローズ,中日ドラゴンズ,0,0,,0,0,0,0,2026/08/15
藤川 敦也,オリックス・バファローズ,東京ヤクルトスワローズ,0,0,,0,0,0,0,2026/08/15
藤川 敦也,オリックス・バファローズ,東北楽天ゴールデンイーグルス,0,0,,0,0,0,0,2026/08/15
藤川 敦也,オリックス・バファローズ,読売ジャイアンツ,0,0,,0,0,0,0,2026/08/15
藤川 敦也,オリックス・バファローズ,福岡ソフトバンクホークス,0,0,,0,0,0,0,2026/08/15
藤川 敦也,オリックス・バファローズ,北海道日本ハムファイターズ,0,0,,0,0,0,0,2026/08/15
古田島 成龍,オリックス・バファローズ,横浜DeNAベイスターズ,0,0,,0,0,0,0,2026/08/15
古田島 成龍,オリックス・バファローズ,広島東洋カープ,0,0,,0,0,0,0,2026/08/15
古田島 成龍,オリックス・バファローズ,阪神タイガース,0,0,,0,0,0,0,2026/08/15
古田島 成龍,オリックス・バファローズ,埼玉西武ライオンズ,0,2,0.00,0,0,2,0,2026/08/15
古田島 成龍,オリックス・バファローズ,千葉ロッテマリーンズ,0,1,0.00,0,0,0,0,2026/08/15
古田島 成龍,オリックス・バファローズ,中日ドラゴンズ,0,0,,0,0,0,0,2026/08/15
古田島 成龍,オリックス・バファローズ,東京ヤクルトスワローズ,0,0,,0,0,0,0,2026/08/15
古田島 成龍,オリックス・バファローズ,東北楽天ゴールデンイーグルス,0,2,21.60,0,0,1,0,2026/08/15
古田島 成龍,オリックス・バファローズ,読売ジャイアンツ,0,0,,0,0,0,0,2026/08/15
古田島 成龍,オリックス・バファローズ,福岡ソフトバンクホークス,0,0,,0,0,0,0,2026/08/15
古田島 成龍,オリックス・バファローズ,北海道日本ハムファイターズ,0,1,0.00,0,0,0,0,2026/08/15
森 陽樹,オリックス・バファローズ,横浜DeNAベイスターズ,0,0,,0,0,0,0,2026/08/15
森 陽樹,オリックス・バファローズ,広島東洋カープ,0,0,,0,0,0,0,2026/08/15
森 陽樹,オリックス・バファローズ,阪神タイガース,0,0,,0,0,0,0,2026/08/15
森 陽樹,オリックス・バファローズ,埼玉西武ライオンズ,0,0,,0,0,0,0,2026/08/15
森 陽樹,オリックス・バファローズ,千葉ロッテマリーンズ,0,0,,0,0,0,0,2026/08/15
森 陽樹,オリックス・バファローズ,中日ドラゴンズ,0,0,,0,0,0,0,2026/08/15
森 陽樹,オリックス・バファローズ,東京ヤクルトスワローズ,0,0,,0,0,0,0,2026/08/15
森 陽樹,オリックス・バファローズ,東北楽天ゴールデンイーグルス,0,0,,0,0,0,0,2026/08/15
森 陽樹,オリックス・バファローズ,読売ジャイアンツ,0,0,,0,0,0,0,2026/08/15
森 陽樹,オリックス・バファローズ,福岡ソフトバンクホークス,0,0,,0,0,0,0,2026/08/15
森 陽樹,オリックス・バファローズ,北海道日本ハムファイターズ,0,0,,0,0,0,0,2026/08/15
岩嵜 翔,オリックス・バファローズ,横浜DeNAベイスターズ,0,0,,0,0,0,0,2026/08/15
岩嵜 翔,オリックス・バファローズ,広島東洋カープ,0,2,0.00,0,0,0,0,2026/08/15
岩嵜 翔,オリックス・バファローズ,阪神タイガース,0,2,10.80,0,0,1,0,2026/08/15
岩嵜 翔,オリックス・バファローズ,埼玉西武ライオンズ,0,3,0.00,0,0,1,0,2026/08/15
岩嵜 翔,オリックス・バファローズ,千葉ロッテマリーンズ,0,1,108.00,0,1,0,0,2026/08/15
岩嵜 翔,オリックス・バファローズ,中日ドラゴンズ,0,0,,0,0,0,0,2026/08/15
岩嵜 翔,オリックス・バファローズ,東京ヤクルトスワローズ,0,0,,0,0,0,0,2026/08/15
岩嵜 翔,オリックス・バファローズ,東北楽天ゴールデンイーグルス,0,3,15.43,0,1,0,0,2026/08/15
岩嵜 翔,オリックス・バファローズ,読売ジャイアンツ,0,1,0.00,0,0,0,0,2026/08/15
岩嵜 翔,オリックス・バファローズ,福岡ソフトバンクホークス,0,0,,0,0,0,0,2026/08/15
岩嵜 翔,オリックス・バファローズ,北海道日本ハムファイターズ,0,0,,0,0,0,0,2026/08/15
佐藤 龍月,オリックス・バファローズ,横浜DeNAベイスターズ,0,0,,0,0,0,0,2026/08/15
佐藤 龍月,オリックス・バファローズ,広島東洋カープ,0,0,,0,0,0,0,2026/08/15
佐藤 龍月,オリックス・バファローズ,阪神タイガース,0,0,,0,0,0,0,2026/08/15
佐藤 龍月,オリックス・バファローズ,埼玉西武ライオンズ,0,0,,0,0,0,0,2026/08/15
佐藤 龍月,オリックス・バファローズ,千葉ロッテマリーンズ,0,0,,0,0,0,0,2026/08/15
佐藤 龍月,オリックス・バファローズ,中日ドラゴンズ,0,0,,0,0,0,0,2026/08/15
佐藤 龍月,オリックス・バファローズ,東京ヤクルトスワローズ,0,0,,0,0,0,0,2026/08/15
佐藤 龍月,オリックス・バファローズ,東北楽天ゴールデンイーグルス,0,0,,0,0,0,0,2026/08/15
佐藤 龍月,オリックス・バファローズ,読売ジャイアンツ,0,0,,0,0,0,0,2026/08/15
佐藤 龍月,オリックス・バファローズ,福岡ソフトバンクホークス,0,0,,0,0,0,0,2026/08/15
佐藤 龍月,オリックス・バファローズ,北海道日本ハムファイターズ,0,0,,0,0,0,0,2026/08/15
マチャド,オリックス・バファローズ,横浜DeNAベイスターズ,0,1,0.00,0,0,0,1,2026/08/15
マチャド,オリックス・バファローズ,広島東洋カープ,0,1,0.00,0,0,1,0,2026/08/15
マチャド,オリックス・バファローズ,阪神タイガース,0,2,0.00,0,0,1,1,2026/08/15
マチャド,オリックス・バファローズ,埼玉西武ライオンズ,0,6,0.00,1,0,2,1,2026/08/15
マチャド,オリックス・バファローズ,千葉ロッテマリーンズ,0,7,0.00,0,0,1,5,2026/08/15
マチャド,オリックス・バファローズ,中日ドラゴンズ,0,2,0.00,0,0,0,2,2026/08/15
マチャド,オリックス・バファローズ,東京ヤクルトスワローズ,0,1,9.00,0,0,0,1,2026/08/15
マチャド,オリックス・バファローズ,東北楽天ゴールデンイーグルス,0,5,0.00,1,0,0,4,2026/08/15
マチャド,オリックス・バファローズ,読売ジャイアンツ,0,0,,0,0,0,0,2026/08/15
マチャド,オリックス・バファローズ,福岡ソフトバンクホークス,0,6,0.00,0,0,1,4,2026/08/15
マチャド,オリックス・バファローズ,北海道日本ハムファイターズ,0,6,4.50,0,0,0,5,2026/08/15
髙谷 舟,オリックス・バファローズ,横浜DeNAベイスターズ,0,0,,0,0,0,0,2026/08/15
髙谷 舟,オリックス・バファローズ,広島東洋カープ,0,0,,0,0,0,0,2026/08/15
髙谷 舟,オリックス・バファローズ,阪神タイガース,0,0,,0,0,0,0,2026/08/15
髙谷 舟,オリックス・バファローズ,埼玉西武ライオンズ,0,0,,0,0,0,0,2026/08/15
髙谷 舟,オリックス・バファローズ,千葉ロッテマリーンズ,0,0,,0,0,0,0,2026/08/15
髙谷 舟,オリックス・バファローズ,中日ドラゴンズ,0,0,,0,0,0,0,2026/08/15
髙谷 舟,オリックス・バファローズ,東京ヤクルトスワローズ,0,0,,0,0,0,0,2026/08/15
髙谷 舟,オリックス・バファローズ,東北楽天ゴールデンイーグルス,0,0,,0,0,0,0,2026/08/15
髙谷 舟,オリックス・バファローズ,読売ジャイアンツ,0,0,,0,0,0,0,2026/08/15
髙谷 舟,オリックス・バファローズ,福岡ソフトバンクホークス,0,0,,0,0,0,0,2026/08/15
髙谷 舟,オリックス・バファローズ,北海道日本ハムファイターズ,0,1,45.00,0,0,0,0,2026/08/15
本田 仁海,オリックス・バファローズ,横浜DeNAベイスターズ,0,0,,0,0,0,0,2026/08/15
本田 仁海,オリックス・バファローズ,広島東洋カープ,0,0,,0,0,0,0,2026/08/15
本田 仁海,オリックス・バファローズ,阪神タイガース,0,0,,0,0,0,0,2026/08/15
本田 仁海,オリックス・バファローズ,埼玉西武ライオンズ,0,0,,0,0,0,0,2026/08/15
本田 仁海,オリックス・バファローズ,千葉ロッテマリーンズ,0,0,,0,0,0,0,2026/08/15
本田 仁海,オリックス・バファローズ,中日ドラゴンズ,0,0,,0,0,0,0,2026/08/15
本田 仁海,オリックス・バファローズ,東京ヤクルトスワローズ,0,0,,0,0,0,0,2026/08/15
本田 仁海,オリックス・バファローズ,東北楽天ゴールデンイーグルス,0,0,,0,0,0,0,2026/08/15
本田 仁海,オリックス・バファローズ,読売ジャイアンツ,0,0,,0,0,0,0,2026/08/15
本田 仁海,オリックス・バファローズ,福岡ソフトバンクホークス,0,0,,0,0,0,0,2026/08/15
本田 仁海,オリックス・バファローズ,北海道日本ハムファイターズ,0,0,,0,0,0,0,2026/08/15
山口 廉王,オリックス・バファローズ,横浜DeNAベイスターズ,0,0,,0,0,0,0,2026/08/15
山口 廉王,オリックス・バファローズ,広島東洋カープ,0,0,,0,0,0,0,2026/08/15
山口 廉王,オリックス・バファローズ,阪神タイガース,0,0,,0,0,0,0,2026/08/15
山口 廉王,オリックス・バファローズ,埼玉西武ライオンズ,0,0,,0,0,0,0,2026/08/15
山口 廉王,オリックス・バファローズ,千葉ロッテマリーンズ,0,0,,0,0,0,0,2026/08/15
山口 廉王,オリックス・バファローズ,中日ドラゴンズ,0,0,,0,0,0,0,2026/08/15
山口 廉王,オリックス・バファローズ,東京ヤクルトスワローズ,0,0,,0,0,0,0,2026/08/15
山口 廉王,オリックス・バファローズ,東北楽天ゴールデンイーグルス,0,0,,0,0,0,0,2026/08/15
山口 廉王,オリックス・バファローズ,読売ジャイアンツ,0,0,,0,0,0,0,2026/08/15
山口 廉王,オリックス・バファローズ,福岡ソフトバンクホークス,1,0,6.75,0,0,0,0,2026/08/15
山口 廉王,オリックス・バファローズ,北海道日本ハムファイターズ,0,0,,0,0,0,0,2026/08/15
東松 快征,オリックス・バファローズ,横浜DeNAベイスターズ,0,0,,0,0,0,0,2026/08/15
東松 快征,オリックス・バファローズ,広島東洋カープ,0,0,,0,0,0,0,2026/08/15
東松 快征,オリックス・バファローズ,阪神タイガース,0,0,,0,0,0,0,2026/08/15
東松 快征,オリックス・バファローズ,埼玉西武ライオンズ,0,1,0.00,0,0,0,0,2026/08/15
東松 快征,オリックス・バファローズ,千葉ロッテマリーンズ,0,1,0.00,0,0,0,0,2026/08/15
東松 快征,オリックス・バファローズ,中日ドラゴンズ,0,0,,0,0,0,0,2026/08/15
東松 快征,オリックス・バファローズ,東京ヤクルトスワローズ,0,0,,0,0,0,0,2026/08/15
東松 快征,オリックス・バファローズ,東北楽天ゴールデンイーグルス,0,2,27.00,0,0,0,0,2026/08/15
東松 快征,オリックス・バファローズ,読売ジャイアンツ,0,0,,0,0,0,0,2026/08/15
東松 快征,オリックス・バファローズ,福岡ソフトバンクホークス,0,0,,0,0,0,0,2026/08/15
東松 快征,オリックス・バファローズ,北海道日本ハムファイターズ,0,1,0.00,0,0,0,0,2026/08/15
片山 楽生,オリックス・バファローズ,横浜DeNAベイスターズ,0,0,,0,0,0,0,2026/08/15
片山 楽生,オリックス・バファローズ,広島東洋カープ,0,1,0.00,0,0,0,0,2026/08/15
片山 楽生,オリックス・バファローズ,阪神タイガース,0,1,0.00,0,0,0,0,2026/08/15
片山 楽生,オリックス・バファローズ,埼玉西武ライオンズ,0,4,1.59,0,0,1,0,2026/08/15
片山 楽生,オリックス・バファローズ,千葉ロッテマリーンズ,0,3,3.00,1,0,0,0,2026/08/15
片山 楽生,オリックス・バファローズ,中日ドラゴンズ,0,1,0.00,0,0,0,0,2026/08/15
片山 楽生,オリックス・バファローズ,東京ヤクルトスワローズ,0,0,,0,0,0,0,2026/08/15
片山 楽生,オリックス・バファローズ,東北楽天ゴールデンイーグルス,1,2,2.16,1,0,0,0,2026/08/15
片山 楽生,オリックス・バファローズ,読売ジャイアンツ,0,0,,0,0,0,0,2026/08/15
片山 楽生,オリックス・バファローズ,福岡ソフトバンクホークス,1,2,11.25,0,1,0,0,2026/08/15
片山 楽生,オリックス・バファローズ,北海道日本ハムファイターズ,0,4,6.14,0,0,0,0,2026/08/15
横山 楓,オリックス・バファローズ,横浜DeNAベイスターズ,0,0,,0,0,0,0,2026/08/15
横山 楓,オリックス・バファローズ,広島東洋カープ,0,0,,0,0,0,0,2026/08/15
横山 楓,オリックス・バファローズ,阪神タイガース,0,0,,0,0,0,0,2026/08/15
横山 楓,オリックス・バファローズ,埼玉西武ライオンズ,0,1,0.00,0,0,0,0,2026/08/15
横山 楓,オリックス・バファローズ,千葉ロッテマリーンズ,0,2,9.00,1,1,0,0,2026/08/15
横山 楓,オリックス・バファローズ,中日ドラゴンズ,0,0,,0,0,0,0,2026/08/15
横山 楓,オリックス・バファローズ,東京ヤクルトスワローズ,0,0,,0,0,0,0,2026/08/15
横山 楓,オリックス・バファローズ,東北楽天ゴールデンイーグルス,0,3,0.00,0,0,1,0,2026/08/15
横山 楓,オリックス・バファローズ,読売ジャイアンツ,0,0,,0,0,0,0,2026/08/15
横山 楓,オリックス・バファローズ,福岡ソフトバンクホークス,0,0,,0,0,0,0,2026/08/15
横山 楓,オリックス・バファローズ,北海道日本ハムファイターズ,0,1,0.00,0,0,0,0,2026/08/15
東山 玲士,オリックス・バファローズ,横浜DeNAベイスターズ,0,0,,0,0,0,0,2026/08/15
東山 玲士,オリックス・バファローズ,広島東洋カープ,0,0,,0,0,0,0,2026/08/15
東山 玲士,オリックス・バファローズ,阪神タイガース,0,0,,0,0,0,0,2026/08/15
東山 玲士,オリックス・バファローズ,埼玉西武ライオンズ,0,0,,0,0,0,0,2026/08/15
東山 玲士,オリックス・バファローズ,千葉ロッテマリーンズ,0,0,,0,0,0,0,2026/08/15
東山 玲士,オリックス・バファローズ,中日ドラゴンズ,0,0,,0,0,0,0,2026/08/15
東山 玲士,オリックス・バファローズ,東京ヤクルトスワローズ,0,0,,0,0,0,0,2026/08/15
東山 玲士,オリックス・バファローズ,東北楽天ゴールデンイーグルス,0,0,,0,0,0,0,2026/08/15
東山 玲士,オリックス・バファローズ,読売ジャイアンツ,0,0,,0,0,0,0,2026/08/15
東山 玲士,オリックス・バファローズ,福岡ソフトバンクホークス,0,0,,0,0,0,0,2026/08/15
東山 玲士,オリックス・バファローズ,北海道日本ハムファイターズ,0,0,,0,0,0,0,2026/08/15
山田 修義,オリックス・バファローズ,横浜DeNAベイスターズ,0,0,,0,0,0,0,2026/08/15
山田 修義,オリックス・バファローズ,広島東洋カープ,0,0,,0,0,0,0,2026/08/15
山田 修義,オリックス・バファローズ,阪神タイガース,0,0,,0,0,0,0,2026/08/15
山田 修義,オリックス・バファローズ,埼玉西武ライオンズ,0,2,0.00,0,0,1,0,2026/08/15
山田 修義,オリックス・バファローズ,千葉ロッテマリーンズ,0,2,0.00,0,0,0,0,2026/08/15
山田 修義,オリックス・バファローズ,中日ドラゴンズ,0,0,,0,0,0,0,2026/08/15
山田 修義,オリックス・バファローズ,東京ヤクルトスワローズ,0,0,,0,0,0,0,2026/08/15
山田 修義,オリックス・バファローズ,東北楽天ゴールデンイーグルス,0,3,0.00,0,0,0,0,2026/08/15
山田 修義,オリックス・バファローズ,読売ジャイアンツ,0,0,,0,0,0,0,2026/08/15
山田 修義,オリックス・バファローズ,福岡ソフトバンクホークス,0,4,3.00,0,0,0,0,2026/08/15
山田 修義,オリックス・バファローズ,北海道日本ハムファイターズ,0,3,0.00,0,0,1,0,2026/08/15
ペルドモ,オリックス・バファローズ,横浜DeNAベイスターズ,0,0,,0,0,0,0,2026/08/15
ペルドモ,オリックス・バファローズ,広島東洋カープ,0,0,,0,0,0,0,2026/08/15
ペルドモ,オリックス・バファローズ,阪神タイガース,1,0,0.00,0,0,0,0,2026/08/15
ペルドモ,オリックス・バファローズ,埼玉西武ライオンズ,1,3,9.00,0,2,1,0,2026/08/15
ペルドモ,オリックス・バファローズ,千葉ロッテマリーンズ,0,2,0.00,1,0,1,0,2026/08/15
ペルドモ,オリックス・バファローズ,中日ドラゴンズ,0,0,,0,0,0,0,2026/08/15
ペルドモ,オリックス・バファローズ,東京ヤクルトスワローズ,0,0,,0,0,0,0,2026/08/15
ペルドモ,オリックス・バファローズ,東北楽天ゴールデンイーグルス,0,1,0.00,0,0,1,0,2026/08/15
ペルドモ,オリックス・バファローズ,読売ジャイアンツ,0,0,,0,0,0,0,2026/08/15
ペルドモ,オリックス・バファローズ,福岡ソフトバンクホークス,0,1,67.50,0,0,0,0,2026/08/15
ペルドモ,オリックス・バファローズ,北海道日本ハムファイターズ,0,1,27.00,0,1,0,0,2026/08/15
宮國 凌空,オリックス・バファローズ,横浜DeNAベイスターズ,0,0,,0,0,0,0,2026/08/15
宮國 凌空,オリックス・バファローズ,広島東洋カープ,1,0,21.60,0,1,0,0,2026/08/15
宮國 凌空,オリックス・バファローズ,阪神タイガース,0,0,,0,0,0,0,2026/08/15
宮國 凌空,オリックス・バファローズ,埼玉西武ライオンズ,0,1,,0,0,0,0,2026/08/15
宮國 凌空,オリックス・バファローズ,千葉ロッテマリーンズ,0,1,0.00,0,0,0,0,2026/08/15
宮國 凌空,オリックス・バファローズ,中日ドラゴンズ,0,0,,0,0,0,0,2026/08/15
宮國 凌空,オリックス・バファローズ,東京ヤクルトスワローズ,0,0,,0,0,0,0,2026/08/15
宮國 凌空,オリックス・バファローズ,東北楽天ゴールデンイーグルス,0,0,,0,0,0,0,2026/08/15
宮國 凌空,オリックス・バファローズ,読売ジャイアンツ,0,0,,0,0,0,0,2026/08/15
宮國 凌空,オリックス・バファローズ,福岡ソフトバンクホークス,0,1,0.00,0,0,0,0,2026/08/15
宮國 凌空,オリックス・バファローズ,北海道日本ハムファイターズ,1,3,6.75,0,0,0,0,2026/08/15
博志,オリックス・バファローズ,横浜DeNAベイスターズ,0,1,0.00,0,0,0,0,2026/08/15
博志,オリックス・バファローズ,広島東洋カープ,0,2,3.00,0,0,0,0,2026/08/15
博志,オリックス・バファローズ,阪神タイガース,0,0,,0,0,0,0,2026/08/15
博志,オリックス・バファローズ,埼玉西武ライオンズ,0,3,0.00,0,0,0,0,2026/08/15
博志,オリックス・バファローズ,千葉ロッテマリーンズ,0,1,0.00,0,0,0,0,2026/08/15
博志,オリックス・バファローズ,中日ドラゴンズ,0,1,3.38,1,0,0,0,2026/08/15
博志,オリックス・バファローズ,東京ヤクルトスワローズ,0,0,,0,0,0,0,2026/08/15
博志,オリックス・バファローズ,東北楽天ゴールデンイーグルス,1,0,6.23,0,0,0,0,2026/08/15
博志,オリックス・バファローズ,読売ジャイアンツ,0,0,,0,0,0,0,2026/08/15
博志,オリックス・バファローズ,福岡ソフトバンクホークス,0,4,4.50,0,0,0,0,2026/08/15
博志,オリックス・バファローズ,北海道日本ハムファイターズ,0,4,0.00,1,0,0,0,2026/08/15
入山 海斗,オリックス・バファローズ,横浜DeNAベイスターズ,0,1,0.00,0,0,0,0,2026/08/15
入山 海斗,オリックス・バファローズ,広島東洋カープ,0,2,13.50,0,0,0,0,2026/08/15
入山 海斗,オリックス・バファローズ,阪神タイガース,0,2,0.00,1,0,0,0,2026/08/15
入山 海斗,オリックス・バファローズ,埼玉西武ライオンズ,0,5,1.80,0,0,1,0,2026/08/15
入山 海斗,オリックス・バファローズ,千葉ロッテマリーンズ,0,5,4.50,0,0,1,0,2026/08/15
入山 海斗,オリックス・バファローズ,中日ドラゴンズ,0,1,0.00,0,0,0,0,2026/08/15
入山 海斗,オリックス・バファローズ,東京ヤクルトスワローズ,0,0,,0,0,0,0,2026/08/15
入山 海斗,オリックス・バファローズ,東北楽天ゴールデンイーグルス,0,6,1.69,0,0,1,0,2026/08/15
入山 海斗,オリックス・バファローズ,読売ジャイアンツ,0,2,0.00,0,0,0,0,2026/08/15
入山 海斗,オリックス・バファローズ,福岡ソフトバンクホークス,0,4,6.75,0,0,0,0,2026/08/15
入山 海斗,オリックス・バファローズ,北海道日本ハムファイターズ,0,7,0.00,0,0,1,0,2026/08/15
ジェリー,オリックス・バファローズ,横浜DeNAベイスターズ,0,0,,0,0,0,0,2026/08/15
ジェリー,オリックス・バファローズ,広島東洋カープ,1,0,0.00,0,0,0,0,2026/08/15
ジェリー,オリックス・バファローズ,阪神タイガース,1,0,3.00,0,1,0,0,2026/08/15
ジェリー,オリックス・バファローズ,埼玉西武ライオンズ,2,0,0.00,1,0,0,0,2026/08/15
ジェリー,オリックス・バファローズ,千葉ロッテマリーンズ,3,0,3.00,1,1,0,0,2026/08/15
ジェリー,オリックス・バファローズ,中日ドラゴンズ,1,0,1.59,0,0,0,0,2026/08/15
ジェリー,オリックス・バファローズ,東京ヤクルトスワローズ,0,0,,0,0,0,0,2026/08/15
ジェリー,オリックス・バファローズ,東北楽天ゴールデンイーグルス,2,0,4.00,0,2,0,0,2026/08/15
ジェリー,オリックス・バファローズ,読売ジャイアンツ,0,0,,0,0,0,0,2026/08/15
ジェリー,オリックス・バファローズ,福岡ソフトバンクホークス,4,0,1.80,1,1,0,0,2026/08/15
ジェリー,オリックス・バファローズ,北海道日本ハムファイターズ,3,0,6.75,0,2,0,0,2026/08/15
陳 睦衡,オリックス・バファローズ,横浜DeNAベイスターズ,0,0,,0,0,0,0,2026/08/15
陳 睦衡,オリックス・バファローズ,広島東洋カープ,0,0,,0,0,0,0,2026/08/15
陳 睦衡,オリックス・バファローズ,阪神タイガース,0,0,,0,0,0,0,2026/08/15
陳 睦衡,オリックス・バファローズ,埼玉西武ライオンズ,0,0,,0,0,0,0,2026/08/15
陳 睦衡,オリックス・バファローズ,千葉ロッテマリーンズ,0,0,,0,0,0,0,2026/08/15
陳 睦衡,オリックス・バファローズ,中日ドラゴンズ,0,0,,0,0,0,0,2026/08/15
陳 睦衡,オリックス・バファローズ,東京ヤクルトスワローズ,0,0,,0,0,0,0,2026/08/15
陳 睦衡,オリックス・バファローズ,東北楽天ゴールデンイーグルス,0,0,,0,0,0,0,2026/08/15
陳 睦衡,オリックス・バファローズ,読売ジャイアンツ,0,0,,0,0,0,0,2026/08/15
陳 睦衡,オリックス・バファローズ,福岡ソフトバンクホークス,0,0,,0,0,0,0,2026/08/15
陳 睦衡,オリックス・バファローズ,北海道日本ハムファイターズ,0,0,,0,0,0,0,2026/08/15
佐藤 一磨,オリックス・バファローズ,横浜DeNAベイスターズ,0,0,,0,0,0,0,2026/08/15
佐藤 一磨,オリックス・バファローズ,広島東洋カープ,0,0,,0,0,0,0,2026/08/15
佐藤 一磨,オリックス・バファローズ,阪神タイガース,0,0,,0,0,0,0,2026/08/15
佐藤 一磨,オリックス・バファローズ,埼玉西武ライオンズ,0,0,,0,0,0,0,2026/08/15
佐藤 一磨,オリックス・バファローズ,千葉ロッテマリーンズ,0,0,,0,0,0,0,2026/08/15
佐藤 一磨,オリックス・バファローズ,中日ドラゴンズ,0,0,,0,0,0,0,2026/08/15
佐藤 一磨,オリックス・バファローズ,東京ヤクルトスワローズ,0,0,,0,0,0,0,2026/08/15
佐藤 一磨,オリックス・バファローズ,東北楽天ゴールデンイーグルス,0,1,3.38,0,0,0,0,2026/08/15
佐藤 一磨,オリックス・バファローズ,読売ジャイアンツ,0,0,,0,0,0,0,2026/08/15
佐藤 一磨,オリックス・バファローズ,福岡ソフトバンクホークス,0,1,0.00,0,0,0,0,2026/08/15
佐藤 一磨,オリックス・バファローズ,北海道日本ハムファイターズ,1,2,19.29,0,1,0,0,2026/08/15
川瀬 堅斗,オリックス・バファローズ,横浜DeNAベイスターズ,0,0,,0,0,0,0,2026/08/15
川瀬 堅斗,オリックス・バファローズ,広島東洋カープ,0,0,,0,0,0,0,2026/08/15
川瀬 堅斗,オリックス・バファローズ,阪神タイガース,0,0,,0,0,0,0,2026/08/15
川瀬 堅斗,オリックス・バファローズ,埼玉西武ライオンズ,0,2,13.50,0,0,1,0,2026/08/15
川瀬 堅斗,オリックス・バファローズ,千葉ロッテマリーンズ,0,2,3.00,0,0,0,0,2026/08/15
川瀬 堅斗,オリックス・バファローズ,中日ドラゴンズ,0,0,,0,0,0,0,2026/08/15
川瀬 堅斗,オリックス・バファローズ,東京ヤクルトスワローズ,0,0,,0,0,0,0,2026/08/15
川瀬 堅斗,オリックス・バファローズ,東北楽天ゴールデンイーグルス,0,3,0.00,0,0,1,0,2026/08/15
川瀬 堅斗,オリックス・バファローズ,読売ジャイアンツ,0,0,,0,0,0,0,2026/08/15
川瀬 堅斗,オリックス・バファローズ,福岡ソフトバンクホークス,0,2,4.50,0,0,0,0,2026/08/15
川瀬 堅斗,オリックス・バファローズ,北海道日本ハムファイターズ,0,2,11.57,0,0,0,0,2026/08/15
才木 海翔,オリックス・バファローズ,横浜DeNAベイスターズ,0,0,,0,0,0,0,2026/08/15
才木 海翔,オリックス・バファローズ,広島東洋カープ,0,0,,0,0,0,0,2026/08/15
才木 海翔,オリックス・バファローズ,阪神タイガース,0,0,,0,0,0,0,2026/08/15
才木 海翔,オリックス・バファローズ,埼玉西武ライオンズ,0,1,0.00,0,0,1,0,2026/08/15
才木 海翔,オリックス・バファローズ,千葉ロッテマリーンズ,0,4,0.00,0,0,1,0,2026/08/15
才木 海翔,オリックス・バファローズ,中日ドラゴンズ,0,0,,0,0,0,0,2026/08/15
才木 海翔,オリックス・バファローズ,東京ヤクルトスワローズ,0,0,,0,0,0,0,2026/08/15
才木 海翔,オリックス・バファローズ,東北楽天ゴールデンイーグルス,0,2,0.00,0,0,1,0,2026/08/15
才木 海翔,オリックス・バファローズ,読売ジャイアンツ,0,0,,0,0,0,0,2026/08/15
才木 海翔,オリックス・バファローズ,福岡ソフトバンクホークス,0,2,0.00,0,0,0,0,2026/08/15
才木 海翔,オリックス・バファローズ,北海道日本ハムファイターズ,0,1,18.00,0,0,0,0,2026/08/15
髙島 泰都,オリックス・バファローズ,横浜DeNAベイスターズ,0,0,,0,0,0,0,2026/08/15
髙島 泰都,オリックス・バファローズ,広島東洋カープ,0,0,,0,0,0,0,2026/08/15
髙島 泰都,オリックス・バファローズ,阪神タイガース,0,1,13.50,0,0,1,0,2026/08/15
髙島 泰都,オリックス・バファローズ,埼玉西武ライオンズ,4,1,4.66,0,2,0,0,2026/08/15
髙島 泰都,オリックス・バファローズ,千葉ロッテマリーンズ,4,1,2.10,2,0,0,0,2026/08/15
髙島 泰都,オリックス・バファローズ,中日ドラゴンズ,1,0,27.00,0,0,0,0,2026/08/15
髙島 泰都,オリックス・バファローズ,東京ヤクルトスワローズ,0,0,,0,0,0,0,2026/08/15
髙島 泰都,オリックス・バファローズ,東北楽天ゴールデンイーグルス,0,0,,0,0,0,0,2026/08/15
髙島 泰都,オリックス・バファローズ,読売ジャイアンツ,0,0,,0,0,0,0,2026/08/15
髙島 泰都,オリックス・バファローズ,福岡ソフトバンクホークス,2,0,3.38,1,0,0,0,2026/08/15
髙島 泰都,オリックス・バファローズ,北海道日本ハムファイターズ,3,0,3.68,1,1,0,0,2026/08/15
権田 琉成,オリックス・バファローズ,横浜DeNAベイスターズ,0,0,,0,0,0,0,2026/08/15
権田 琉成,オリックス・バファローズ,広島東洋カープ,0,1,0.00,0,0,0,0,2026/08/15
権田 琉成,オリックス・バファローズ,阪神タイガース,0,0,,0,0,0,0,2026/08/15
権田 琉成,オリックス・バファローズ,埼玉西武ライオンズ,0,3,0.00,0,0,0,0,2026/08/15
権田 琉成,オリックス・バファローズ,千葉ロッテマリーンズ,0,2,0.00,0,0,0,0,2026/08/15
権田 琉成,オリックス・バファローズ,中日ドラゴンズ,0,1,0.00,0,0,0,0,2026/08/15
権田 琉成,オリックス・バファローズ,東京ヤクルトスワローズ,0,1,0.00,1,0,0,0,2026/08/15
権田 琉成,オリックス・バファローズ,東北楽天ゴールデンイーグルス,0,3,6.75,0,0,1,0,2026/08/15
権田 琉成,オリックス・バファローズ,読売ジャイアンツ,0,0,,0,0,0,0,2026/08/15
権田 琉成,オリックス・バファローズ,福岡ソフトバンクホークス,0,5,9.53,0,0,0,0,2026/08/15
権田 琉成,オリックス・バファローズ,北海道日本ハムファイターズ,0,2,6.75,0,0,0,0,2026/08/15
上田 大河,埼玉西武ライオンズ,オリックス・バファローズ,0,1,0.00,1,0,0,0,2026/08/15
上田 大河,埼玉西武ライオンズ,横浜DeNAベイスターズ,0,2,0.00,0,0,0,0,2026/08/15
上田 大河,埼玉西武ライオンズ,広島東洋カープ,0,0,,0,0,0,0,2026/08/15
上田 大河,埼玉西武ライオンズ,阪神タイガース,0,0,,0,0,0,0,2026/08/15
上田 大河,埼玉西武ライオンズ,千葉ロッテマリーンズ,0,0,,0,0,0,0,2026/08/15
上田 大河,埼玉西武ライオンズ,中日ドラゴンズ,0,1,0.00,1,0,0,0,2026/08/15
上田 大河,埼玉西武ライオンズ,東京ヤクルトスワローズ,0,1,0.00,0,0,1,0,2026/08/15
上田 大河,埼玉西武ライオンズ,東北楽天ゴールデンイーグルス,0,2,3.38,0,1,0,0,2026/08/15
上田 大河,埼玉西武ライオンズ,読売ジャイアンツ,0,0,,0,0,0,0,2026/08/15
上田 大河,埼玉西武ライオンズ,福岡ソフトバンクホークス,0,4,2.57,0,0,0,0,2026/08/15
上田 大河,埼玉西武ライオンズ,北海道日本ハムファイターズ,0,3,7.94,0,0,0,0,2026/08/15
渡邉 勇太朗,埼玉西武ライオンズ,オリックス・バファローズ,2,0,3.00,1,0,0,0,2026/08/15
渡邉 勇太朗,埼玉西武ライオンズ,横浜DeNAベイスターズ,0,0,,0,0,0,0,2026/08/15
渡邉 勇太朗,埼玉西武ライオンズ,広島東洋カープ,1,0,2.57,0,0,0,0,2026/08/15
渡邉 勇太朗,埼玉西武ライオンズ,阪神タイガース,1,0,0.00,1,0,0,0,2026/08/15
渡邉 勇太朗,埼玉西武ライオンズ,千葉ロッテマリーンズ,3,0,3.48,0,2,0,0,2026/08/15
渡邉 勇太朗,埼玉西武ライオンズ,中日ドラゴンズ,0,0,,0,0,0,0,2026/08/15
渡邉 勇太朗,埼玉西武ライオンズ,東京ヤクルトスワローズ,1,0,0.00,0,0,0,0,2026/08/15
渡邉 勇太朗,埼玉西武ライオンズ,東北楽天ゴールデンイーグルス,2,0,5.54,0,1,0,0,2026/08/15
渡邉 勇太朗,埼玉西武ライオンズ,読売ジャイアンツ,0,0,,0,0,0,0,2026/08/15
渡邉 勇太朗,埼玉西武ライオンズ,福岡ソフトバンクホークス,3,0,5.09,1,2,0,0,2026/08/15
渡邉 勇太朗,埼玉西武ライオンズ,北海道日本ハムファイターズ,4,0,2.89,2,1,0,0,2026/08/15
髙橋 光成,埼玉西武ライオンズ,オリックス・バファローズ,4,0,3.86,0,2,0,0,2026/08/15
髙橋 光成,埼玉西武ライオンズ,横浜DeNAベイスターズ,1,0,3.52,1,0,0,0,2026/08/15
髙橋 光成,埼玉西武ライオンズ,広島東洋カープ,0,0,,0,0,0,0,2026/08/15
髙橋 光成,埼玉西武ライオンズ,阪神タイガース,0,0,,0,0,0,0,2026/08/15
髙橋 光成,埼玉西武ライオンズ,千葉ロッテマリーンズ,0,0,,0,0,0,0,2026/08/15
髙橋 光成,埼玉西武ライオンズ,中日ドラゴンズ,1,0,1.04,0,1,0,0,2026/08/15
髙橋 光成,埼玉西武ライオンズ,東京ヤクルトスワローズ,0,0,,0,0,0,0,2026/08/15
髙橋 光成,埼玉西武ライオンズ,東北楽天ゴールデンイーグルス,1,0,4.50,1,0,0,0,2026/08/15
髙橋 光成,埼玉西武ライオンズ,読売ジャイアンツ,1,0,0.00,1,0,0,0,2026/08/15
髙橋 光成,埼玉西武ライオンズ,福岡ソフトバンクホークス,6,0,1.17,4,1,0,0,2026/08/15
髙橋 光成,埼玉西武ライオンズ,北海道日本ハムファイターズ,3,0,4.67,1,1,0,0,2026/08/15
與座 海人,埼玉西武ライオンズ,オリックス・バファローズ,0,0,,0,0,0,0,2026/08/15
與座 海人,埼玉西武ライオンズ,横浜DeNAベイスターズ,0,0,,0,0,0,0,2026/08/15
與座 海人,埼玉西武ライオンズ,広島東洋カープ,0,0,,0,0,0,0,2026/08/15
與座 海人,埼玉西武ライオンズ,阪神タイガース,0,0,,0,0,0,0,2026/08/15
與座 海人,埼玉西武ライオンズ,千葉ロッテマリーンズ,0,0,,0,0,0,0,2026/08/15
與座 海人,埼玉西武ライオンズ,中日ドラゴンズ,0,0,,0,0,0,0,2026/08/15
與座 海人,埼玉西武ライオンズ,東京ヤクルトスワローズ,0,0,,0,0,0,0,2026/08/15
與座 海人,埼玉西武ライオンズ,東北楽天ゴールデンイーグルス,0,0,,0,0,0,0,2026/08/15
與座 海人,埼玉西武ライオンズ,読売ジャイアンツ,0,0,,0,0,0,0,2026/08/15
與座 海人,埼玉西武ライオンズ,福岡ソフトバンクホークス,0,0,,0,0,0,0,2026/08/15
與座 海人,埼玉西武ライオンズ,北海道日本ハムファイターズ,0,0,,0,0,0,0,2026/08/15
隅田 知一郎,埼玉西武ライオンズ,オリックス・バファローズ,6,0,2.61,1,3,0,0,2026/08/15
隅田 知一郎,埼玉西武ライオンズ,横浜DeNAベイスターズ,1,0,0.00,1,0,0,0,2026/08/15
隅田 知一郎,埼玉西武ライオンズ,広島東洋カープ,0,0,,0,0,0,0,2026/08/15
隅田 知一郎,埼玉西武ライオンズ,阪神タイガース,0,0,,0,0,0,0,2026/08/15
隅田 知一郎,埼玉西武ライオンズ,千葉ロッテマリーンズ,1,0,1.29,0,0,0,0,2026/08/15
隅田 知一郎,埼玉西武ライオンズ,中日ドラゴンズ,1,0,2.25,1,0,0,0,2026/08/15
隅田 知一郎,埼玉西武ライオンズ,東京ヤクルトスワローズ,0,0,,0,0,0,0,2026/08/15
隅田 知一郎,埼玉西武ライオンズ,東北楽天ゴールデンイーグルス,1,0,2.25,1,0,0,0,2026/08/15
隅田 知一郎,埼玉西武ライオンズ,読売ジャイアンツ,1,0,2.00,0,1,0,0,2026/08/15
隅田 知一郎,埼玉西武ライオンズ,福岡ソフトバンクホークス,3,0,3.43,2,0,0,0,2026/08/15
隅田 知一郎,埼玉西武ライオンズ,北海道日本ハムファイターズ,4,0,3.00,1,2,0,0,2026/08/15
松本 航,埼玉西武ライオンズ,オリックス・バファローズ,0,0,,0,0,0,0,2026/08/15
松本 航,埼玉西武ライオンズ,横浜DeNAベイスターズ,0,0,,0,0,0,0,2026/08/15
松本 航,埼玉西武ライオンズ,広島東洋カープ,0,0,,0,0,0,0,2026/08/15
松本 航,埼玉西武ライオンズ,阪神タイガース,0,0,,0,0,0,0,2026/08/15
松本 航,埼玉西武ライオンズ,千葉ロッテマリーンズ,0,1,0.00,0,0,0,0,2026/08/15
松本 航,埼玉西武ライオンズ,中日ドラゴンズ,0,0,,0,0,0,0,2026/08/15
松本 航,埼玉西武ライオンズ,東京ヤクルトスワローズ,0,0,,0,0,0,0,2026/08/15
松本 航,埼玉西武ライオンズ,東北楽天ゴールデンイーグルス,0,0,,0,0,0,0,2026/08/15
松本 航,埼玉西武ライオンズ,読売ジャイアンツ,0,0,,0,0,0,0,2026/08/15
松本 航,埼玉西武ライオンズ,福岡ソフトバンクホークス,0,0,,0,0,0,0,2026/08/15
松本 航,埼玉西武ライオンズ,北海道日本ハムファイターズ,0,0,,0,0,0,0,2026/08/15
佐藤 隼輔,埼玉西武ライオンズ,オリックス・バファローズ,0,4,7.36,2,0,1,0,2026/08/15
佐藤 隼輔,埼玉西武ライオンズ,横浜DeNAベイスターズ,0,0,,0,0,0,0,2026/08/15
佐藤 隼輔,埼玉西武ライオンズ,広島東洋カープ,0,1,0.00,1,0,0,0,2026/08/15
佐藤 隼輔,埼玉西武ライオンズ,阪神タイガース,0,0,,0,0,0,0,2026/08/15
佐藤 隼輔,埼玉西武ライオンズ,千葉ロッテマリーンズ,0,3,0.00,0,1,1,0,2026/08/15
佐藤 隼輔,埼玉西武ライオンズ,中日ドラゴンズ,0,1,9.00,0,0,0,0,2026/08/15
佐藤 隼輔,埼玉西武ライオンズ,東京ヤクルトスワローズ,0,2,0.00,0,0,1,1,2026/08/15
佐藤 隼輔,埼玉西武ライオンズ,東北楽天ゴールデンイーグルス,0,2,27.00,0,0,0,0,2026/08/15
佐藤 隼輔,埼玉西武ライオンズ,読売ジャイアンツ,0,1,0.00,0,0,1,0,2026/08/15
佐藤 隼輔,埼玉西武ライオンズ,福岡ソフトバンクホークス,0,5,4.15,0,0,1,0,2026/08/15
佐藤 隼輔,埼玉西武ライオンズ,北海道日本ハムファイターズ,0,4,2.45,0,0,1,0,2026/08/15
岩城 颯空,埼玉西武ライオンズ,オリックス・バファローズ,0,4,4.50,0,0,0,3,2026/08/15
岩城 颯空,埼玉西武ライオンズ,横浜DeNAベイスターズ,0,0,,0,0,0,0,2026/08/15
岩城 颯空,埼玉西武ライオンズ,広島東洋カープ,0,2,9.00,1,0,0,0,2026/08/15
岩城 颯空,埼玉西武ライオンズ,阪神タイガース,0,2,9.00,0,0,0,2,2026/08/15
岩城 颯空,埼玉西武ライオンズ,千葉ロッテマリーンズ,0,7,2.70,1,0,0,3,2026/08/15
岩城 颯空,埼玉西武ライオンズ,中日ドラゴンズ,0,0,,0,0,0,0,2026/08/15
岩城 颯空,埼玉西武ライオンズ,東京ヤクルトスワローズ,0,1,0.00,0,0,1,0,2026/08/15
岩城 颯空,埼玉西武ライオンズ,東北楽天ゴールデンイーグルス,0,5,1.80,0,0,1,3,2026/08/15
岩城 颯空,埼玉西武ライオンズ,読売ジャイアンツ,0,0,,0,0,0,0,2026/08/15
岩城 颯空,埼玉西武ライオンズ,福岡ソフトバンクホークス,0,6,3.00,0,0,0,4,2026/08/15
岩城 颯空,埼玉西武ライオンズ,北海道日本ハムファイターズ,0,4,2.25,0,1,0,3,2026/08/15
武内 夏暉,埼玉西武ライオンズ,オリックス・バファローズ,1,0,1.29,1,0,0,0,2026/08/15
武内 夏暉,埼玉西武ライオンズ,横浜DeNAベイスターズ,0,0,,0,0,0,0,2026/08/15
武内 夏暉,埼玉西武ライオンズ,広島東洋カープ,1,0,3.86,0,0,0,0,2026/08/15
武内 夏暉,埼玉西武ライオンズ,阪神タイガース,1,0,0.00,1,0,0,0,2026/08/15
武内 夏暉,埼玉西武ライオンズ,千葉ロッテマリーンズ,4,0,3.51,3,1,0,0,2026/08/15
武内 夏暉,埼玉西武ライオンズ,中日ドラゴンズ,0,0,,0,0,0,0,2026/08/15
武内 夏暉,埼玉西武ライオンズ,東京ヤクルトスワローズ,1,0,0.00,1,0,0,0,2026/08/15
武内 夏暉,埼玉西武ライオンズ,東北楽天ゴールデンイーグルス,4,0,3.33,0,2,0,0,2026/08/15
武内 夏暉,埼玉西武ライオンズ,読売ジャイアンツ,0,0,,0,0,0,0,2026/08/15
武内 夏暉,埼玉西武ライオンズ,福岡ソフトバンクホークス,3,0,5.89,1,2,0,0,2026/08/15
武内 夏暉,埼玉西武ライオンズ,北海道日本ハムファイターズ,2,0,0.75,1,1,0,0,2026/08/15
糸川 亮太,埼玉西武ライオンズ,オリックス・バファローズ,0,1,5.40,0,0,0,0,2026/08/15
糸川 亮太,埼玉西武ライオンズ,横浜DeNAベイスターズ,0,0,,0,0,0,0,2026/08/15
糸川 亮太,埼玉西武ライオンズ,広島東洋カープ,0,0,,0,0,0,0,2026/08/15
糸川 亮太,埼玉西武ライオンズ,阪神タイガース,0,0,,0,0,0,0,2026/08/15
糸川 亮太,埼玉西武ライオンズ,千葉ロッテマリーンズ,0,4,7.71,0,0,0,0,2026/08/15
糸川 亮太,埼玉西武ライオンズ,中日ドラゴンズ,0,0,,0,0,0,0,2026/08/15
糸川 亮太,埼玉西武ライオンズ,東京ヤクルトスワローズ,0,0,,0,0,0,0,2026/08/15
糸川 亮太,埼玉西武ライオンズ,東北楽天ゴールデンイーグルス,0,0,,0,0,0,0,2026/08/15
糸川 亮太,埼玉西武ライオンズ,読売ジャイアンツ,0,0,,0,0,0,0,2026/08/15
糸川 亮太,埼玉西武ライオンズ,福岡ソフトバンクホークス,0,2,4.50,0,1,0,0,2026/08/15
糸川 亮太,埼玉西武ライオンズ,北海道日本ハムファイターズ,0,2,0.00,0,0,2,0,2026/08/15
森脇 亮介,埼玉西武ライオンズ,オリックス・バファローズ,0,4,0.00,0,0,2,0,2026/08/15
森脇 亮介,埼玉西武ライオンズ,横浜DeNAベイスターズ,0,0,,0,0,0,0,2026/08/15
森脇 亮介,埼玉西武ライオンズ,広島東洋カープ,0,0,,0,0,0,0,2026/08/15
森脇 亮介,埼玉西武ライオンズ,阪神タイガース,0,0,,0,0,0,0,2026/08/15
森脇 亮介,埼玉西武ライオンズ,千葉ロッテマリーンズ,0,2,0.00,0,0,0,0,2026/08/15
森脇 亮介,埼玉西武ライオンズ,中日ドラゴンズ,0,0,,0,0,0,0,2026/08/15
森脇 亮介,埼玉西武ライオンズ,東京ヤクルトスワローズ,0,0,,0,0,0,0,2026/08/15
森脇 亮介,埼玉西武ライオンズ,東北楽天ゴールデンイーグルス,0,2,0.00,0,0,1,0,2026/08/15
森脇 亮介,埼玉西武ライオンズ,読売ジャイアンツ,0,0,,0,0,0,0,2026/08/15
森脇 亮介,埼玉西武ライオンズ,福岡ソフトバンクホークス,0,2,9.00,0,1,1,0,2026/08/15
森脇 亮介,埼玉西武ライオンズ,北海道日本ハムファイターズ,0,2,0.00,0,0,1,0,2026/08/15
青山 美夏人,埼玉西武ライオンズ,オリックス・バファローズ,0,0,,0,0,0,0,2026/08/15
青山 美夏人,埼玉西武ライオンズ,横浜DeNAベイスターズ,0,1,18.00,0,0,0,0,2026/08/15
青山 美夏人,埼玉西武ライオンズ,広島東洋カープ,0,0,,0,0,0,0,2026/08/15
青山 美夏人,埼玉西武ライオンズ,阪神タイガース,0,0,,0,0,0,0,2026/08/15
青山 美夏人,埼玉西武ライオンズ,千葉ロッテマリーンズ,0,0,,0,0,0,0,2026/08/15
青山 美夏人,埼玉西武ライオンズ,中日ドラゴンズ,0,0,,0,0,0,0,2026/08/15
青山 美夏人,埼玉西武ライオンズ,東京ヤクルトスワローズ,0,1,0.00,0,0,0,0,2026/08/15
青山 美夏人,埼玉西武ライオンズ,東北楽天ゴールデンイーグルス,0,0,,0,0,0,0,2026/08/15
青山 美夏人,埼玉西武ライオンズ,読売ジャイアンツ,0,0,,0,0,0,0,2026/08/15
青山 美夏人,埼玉西武ライオンズ,福岡ソフトバンクホークス,0,0,,0,0,0,0,2026/08/15
青山 美夏人,埼玉西武ライオンズ,北海道日本ハムファイターズ,0,0,,0,0,0,0,2026/08/15
ワイナンス,埼玉西武ライオンズ,オリックス・バファローズ,1,0,1.80,0,0,0,0,2026/08/15
ワイナンス,埼玉西武ライオンズ,横浜DeNAベイスターズ,1,0,7.20,0,1,0,0,2026/08/15
ワイナンス,埼玉西武ライオンズ,広島東洋カープ,0,0,,0,0,0,0,2026/08/15
ワイナンス,埼玉西武ライオンズ,阪神タイガース,0,0,,0,0,0,0,2026/08/15
ワイナンス,埼玉西武ライオンズ,千葉ロッテマリーンズ,0,0,,0,0,0,0,2026/08/15
ワイナンス,埼玉西武ライオンズ,中日ドラゴンズ,1,0,0.00,0,0,0,0,2026/08/15
ワイナンス,埼玉西武ライオンズ,東京ヤクルトスワローズ,0,0,,0,0,0,0,2026/08/15
ワイナンス,埼玉西武ライオンズ,東北楽天ゴールデンイーグルス,1,0,9.00,0,1,0,0,2026/08/15
ワイナンス,埼玉西武ライオンズ,読売ジャイアンツ,1,0,0.00,1,0,0,0,2026/08/15
ワイナンス,埼玉西武ライオンズ,福岡ソフトバンクホークス,1,0,13.50,0,1,0,0,2026/08/15
ワイナンス,埼玉西武ライオンズ,北海道日本ハムファイターズ,2,0,7.59,1,1,0,0,2026/08/15
甲斐野 央,埼玉西武ライオンズ,オリックス・バファローズ,0,7,0.00,0,0,5,2,2026/08/15
甲斐野 央,埼玉西武ライオンズ,横浜DeNAベイスターズ,0,0,,0,0,0,0,2026/08/15
甲斐野 央,埼玉西武ライオンズ,広島東洋カープ,0,2,0.00,0,0,1,1,2026/08/15
甲斐野 央,埼玉西武ライオンズ,阪神タイガース,0,2,0.00,0,0,1,1,2026/08/15
甲斐野 央,埼玉西武ライオンズ,千葉ロッテマリーンズ,0,4,2.70,0,0,3,1,2026/08/15
甲斐野 央,埼玉西武ライオンズ,中日ドラゴンズ,0,1,0.00,0,0,1,0,2026/08/15
甲斐野 央,埼玉西武ライオンズ,東京ヤクルトスワローズ,0,2,4.50,0,0,1,0,2026/08/15
甲斐野 央,埼玉西武ライオンズ,東北楽天ゴールデンイーグルス,0,9,5.00,1,1,2,2,2026/08/15
甲斐野 央,埼玉西武ライオンズ,読売ジャイアンツ,0,2,0.00,0,0,0,2,2026/08/15
甲斐野 央,埼玉西武ライオンズ,福岡ソフトバンクホークス,0,5,0.00,0,0,3,2,2026/08/15
甲斐野 央,埼玉西武ライオンズ,北海道日本ハムファイターズ,0,10,1.00,1,1,3,4,2026/08/15
山田 陽翔,埼玉西武ライオンズ,オリックス・バファローズ,0,2,0.00,0,0,1,0,2026/08/15
山田 陽翔,埼玉西武ライオンズ,横浜DeNAベイスターズ,0,0,,0,0,0,0,2026/08/15
山田 陽翔,埼玉西武ライオンズ,広島東洋カープ,0,0,,0,0,0,0,2026/08/15
山田 陽翔,埼玉西武ライオンズ,阪神タイガース,0,0,,0,0,0,0,2026/08/15
山田 陽翔,埼玉西武ライオンズ,千葉ロッテマリーンズ,0,0,,0,0,0,0,2026/08/15
山田 陽翔,埼玉西武ライオンズ,中日ドラゴンズ,0,0,,0,0,0,0,2026/08/15
山田 陽翔,埼玉西武ライオンズ,東京ヤクルトスワローズ,0,0,,0,0,0,0,2026/08/15
山田 陽翔,埼玉西武ライオンズ,東北楽天ゴールデンイーグルス,0,0,,0,0,0,0,2026/08/15
山田 陽翔,埼玉西武ライオンズ,読売ジャイアンツ,0,0,,0,0,0,0,2026/08/15
山田 陽翔,埼玉西武ライオンズ,福岡ソフトバンクホークス,0,1,0.00,0,0,0,0,2026/08/15
山田 陽翔,埼玉西武ライオンズ,北海道日本ハムファイターズ,0,1,0.00,0,0,0,0,2026/08/15
堀越 啓太,埼玉西武ライオンズ,オリックス・バファローズ,0,0,,0,0,0,0,2026/08/15
堀越 啓太,埼玉西武ライオンズ,横浜DeNAベイスターズ,0,0,,0,0,0,0,2026/08/15
堀越 啓太,埼玉西武ライオンズ,広島東洋カープ,0,0,,0,0,0,0,2026/08/15
堀越 啓太,埼玉西武ライオンズ,阪神タイガース,0,0,,0,0,0,0,2026/08/15
堀越 啓太,埼玉西武ライオンズ,千葉ロッテマリーンズ,0,0,,0,0,0,0,2026/08/15
堀越 啓太,埼玉西武ライオンズ,中日ドラゴンズ,0,0,,0,0,0,0,2026/08/15
堀越 啓太,埼玉西武ライオンズ,東京ヤクルトスワローズ,0,0,,0,0,0,0,2026/08/15
堀越 啓太,埼玉西武ライオンズ,東北楽天ゴールデンイーグルス,0,1,0.00,0,0,0,0,2026/08/15
堀越 啓太,埼玉西武ライオンズ,読売ジャイアンツ,0,0,,0,0,0,0,2026/08/15
堀越 啓太,埼玉西武ライオンズ,福岡ソフトバンクホークス,0,1,9.00,0,0,0,0,2026/08/15
堀越 啓太,埼玉西武ライオンズ,北海道日本ハムファイターズ,0,0,,0,0,0,0,2026/08/15
成田 晴風,埼玉西武ライオンズ,オリックス・バファローズ,0,0,,0,0,0,0,2026/08/15
成田 晴風,埼玉西武ライオンズ,横浜DeNAベイスターズ,0,0,,0,0,0,0,2026/08/15
成田 晴風,埼玉西武ライオンズ,広島東洋カープ,0,0,,0,0,0,0,2026/08/15
成田 晴風,埼玉西武ライオンズ,阪神タイガース,0,0,,0,0,0,0,2026/08/15
成田 晴風,埼玉西武ライオンズ,千葉ロッテマリーンズ,0,0,,0,0,0,0,2026/08/15
成田 晴風,埼玉西武ライオンズ,中日ドラゴンズ,0,0,,0,0,0,0,2026/08/15
成田 晴風,埼玉西武ライオンズ,東京ヤクルトスワローズ,0,0,,0,0,0,0,2026/08/15
成田 晴風,埼玉西武ライオンズ,東北楽天ゴールデンイーグルス,0,0,,0,0,0,0,2026/08/15
成田 晴風,埼玉西武ライオンズ,読売ジャイアンツ,0,0,,0,0,0,0,2026/08/15
成田 晴風,埼玉西武ライオンズ,福岡ソフトバンクホークス,0,1,18.00,0,0,0,0,2026/08/15
成田 晴風,埼玉西武ライオンズ,北海道日本ハムファイターズ,0,1,9.00,0,0,0,0,2026/08/15
ボー・タカハシ,埼玉西武ライオンズ,オリックス・バファローズ,0,0,,0,0,0,0,2026/08/15
ボー・タカハシ,埼玉西武ライオンズ,横浜DeNAベイスターズ,0,0,,0,0,0,0,2026/08/15
ボー・タカハシ,埼玉西武ライオンズ,広島東洋カープ,0,0,,0,0,0,0,2026/08/15
ボー・タカハシ,埼玉西武ライオンズ,阪神タイガース,0,0,,0,0,0,0,2026/08/15
ボー・タカハシ,埼玉西武ライオンズ,千葉ロッテマリーンズ,0,0,,0,0,0,0,2026/08/15
ボー・タカハシ,埼玉西武ライオンズ,中日ドラゴンズ,0,0,,0,0,0,0,2026/08/15
ボー・タカハシ,埼玉西武ライオンズ,東京ヤクルトスワローズ,0,0,,0,0,0,0,2026/08/15
ボー・タカハシ,埼玉西武ライオンズ,東北楽天ゴールデンイーグルス,0,0,,0,0,0,0,2026/08/15
ボー・タカハシ,埼玉西武ライオンズ,読売ジャイアンツ,0,0,,0,0,0,0,2026/08/15
ボー・タカハシ,埼玉西武ライオンズ,福岡ソフトバンクホークス,0,0,,0,0,0,0,2026/08/15
ボー・タカハシ,埼玉西武ライオンズ,北海道日本ハムファイターズ,0,0,,0,0,0,0,2026/08/15
羽田 慎之介,埼玉西武ライオンズ,オリックス・バファローズ,0,2,0.00,0,0,0,0,2026/08/15
羽田 慎之介,埼玉西武ライオンズ,横浜DeNAベイスターズ,0,0,,0,0,0,0,2026/08/15
羽田 慎之介,埼玉西武ライオンズ,広島東洋カープ,0,0,,0,0,0,0,2026/08/15
羽田 慎之介,埼玉西武ライオンズ,阪神タイガース,0,0,,0,0,0,0,2026/08/15
羽田 慎之介,埼玉西武ライオンズ,千葉ロッテマリーンズ,0,3,9.00,1,0,0,0,2026/08/15
羽田 慎之介,埼玉西武ライオンズ,中日ドラゴンズ,0,0,,0,0,0,0,2026/08/15
羽田 慎之介,埼玉西武ライオンズ,東京ヤクルトスワローズ,0,0,,0,0,0,0,2026/08/15
羽田 慎之介,埼玉西武ライオンズ,東北楽天ゴールデンイーグルス,0,1,0.00,0,0,1,0,2026/08/15
羽田 慎之介,埼玉西武ライオンズ,読売ジャイアンツ,0,0,,0,0,0,0,2026/08/15
羽田 慎之介,埼玉西武ライオンズ,福岡ソフトバンクホークス,0,0,,0,0,0,0,2026/08/15
羽田 慎之介,埼玉西武ライオンズ,北海道日本ハムファイターズ,0,2,20.25,0,1,0,0,2026/08/15
ウィンゲンター,埼玉西武ライオンズ,オリックス・バファローズ,0,5,0.00,0,0,5,0,2026/08/15
ウィンゲンター,埼玉西武ライオンズ,横浜DeNAベイスターズ,0,0,,0,0,0,0,2026/08/15
ウィンゲンター,埼玉西武ライオンズ,広島東洋カープ,0,1,0.00,0,0,1,0,2026/08/15
ウィンゲンター,埼玉西武ライオンズ,阪神タイガース,0,1,0.00,0,0,1,0,2026/08/15
ウィンゲンター,埼玉西武ライオンズ,千葉ロッテマリーンズ,0,3,11.57,0,1,2,0,2026/08/15
ウィンゲンター,埼玉西武ライオンズ,中日ドラゴンズ,0,0,,0,0,0,0,2026/08/15
ウィンゲンター,埼玉西武ライオンズ,東京ヤクルトスワローズ,0,0,,0,0,0,0,2026/08/15
ウィンゲンター,埼玉西武ライオンズ,東北楽天ゴールデンイーグルス,0,4,0.00,0,0,4,0,2026/08/15
ウィンゲンター,埼玉西武ライオンズ,読売ジャイアンツ,0,1,0.00,0,0,1,0,2026/08/15
ウィンゲンター,埼玉西武ライオンズ,福岡ソフトバンクホークス,0,1,0.00,0,0,1,0,2026/08/15
ウィンゲンター,埼玉西武ライオンズ,北海道日本ハムファイターズ,0,5,0.00,0,0,5,0,2026/08/15
狩生 聖真,埼玉西武ライオンズ,オリックス・バファローズ,0,0,,0,0,0,0,2026/08/15
狩生 聖真,埼玉西武ライオンズ,横浜DeNAベイスターズ,0,0,,0,0,0,0,2026/08/15
狩生 聖真,埼玉西武ライオンズ,広島東洋カープ,0,0,,0,0,0,0,2026/08/15
狩生 聖真,埼玉西武ライオンズ,阪神タイガース,0,0,,0,0,0,0,2026/08/15
狩生 聖真,埼玉西武ライオンズ,千葉ロッテマリーンズ,0,0,,0,0,0,0,2026/08/15
狩生 聖真,埼玉西武ライオンズ,中日ドラゴンズ,0,0,,0,0,0,0,2026/08/15
狩生 聖真,埼玉西武ライオンズ,東京ヤクルトスワローズ,0,0,,0,0,0,0,2026/08/15
狩生 聖真,埼玉西武ライオンズ,東北楽天ゴールデンイーグルス,0,0,,0,0,0,0,2026/08/15
狩生 聖真,埼玉西武ライオンズ,読売ジャイアンツ,0,0,,0,0,0,0,2026/08/15
狩生 聖真,埼玉西武ライオンズ,福岡ソフトバンクホークス,0,0,,0,0,0,0,2026/08/15
狩生 聖真,埼玉西武ライオンズ,北海道日本ハムファイターズ,0,0,,0,0,0,0,2026/08/15
杉山 遙希,埼玉西武ライオンズ,オリックス・バファローズ,0,0,,0,0,0,0,2026/08/15
杉山 遙希,埼玉西武ライオンズ,横浜DeNAベイスターズ,0,0,,0,0,0,0,2026/08/15
杉山 遙希,埼玉西武ライオンズ,広島東洋カープ,0,0,,0,0,0,0,2026/08/15
杉山 遙希,埼玉西武ライオンズ,阪神タイガース,0,0,,0,0,0,0,2026/08/15
杉山 遙希,埼玉西武ライオンズ,千葉ロッテマリーンズ,0,0,,0,0,0,0,2026/08/15
杉山 遙希,埼玉西武ライオンズ,中日ドラゴンズ,0,0,,0,0,0,0,2026/08/15
杉山 遙希,埼玉西武ライオンズ,東京ヤクルトスワローズ,0,0,,0,0,0,0,2026/08/15
杉山 遙希,埼玉西武ライオンズ,東北楽天ゴールデンイーグルス,0,0,,0,0,0,0,2026/08/15
杉山 遙希,埼玉西武ライオンズ,読売ジャイアンツ,0,0,,0,0,0,0,2026/08/15
杉山 遙希,埼玉西武ライオンズ,福岡ソフトバンクホークス,0,0,,0,0,0,0,2026/08/15
杉山 遙希,埼玉西武ライオンズ,北海道日本ハムファイターズ,0,0,,0,0,0,0,2026/08/15
篠原 響,埼玉西武ライオンズ,オリックス・バファローズ,0,6,0.00,0,0,5,0,2026/08/15
篠原 響,埼玉西武ライオンズ,横浜DeNAベイスターズ,0,0,,0,0,0,0,2026/08/15
篠原 響,埼玉西武ライオンズ,広島東洋カープ,0,1,0.00,0,0,1,0,2026/08/15
篠原 響,埼玉西武ライオンズ,阪神タイガース,0,2,0.00,0,0,2,0,2026/08/15
篠原 響,埼玉西武ライオンズ,千葉ロッテマリーンズ,0,5,0.00,0,1,3,0,2026/08/15
篠原 響,埼玉西武ライオンズ,中日ドラゴンズ,0,1,0.00,0,0,0,1,2026/08/15
篠原 響,埼玉西武ライオンズ,東京ヤクルトスワローズ,0,1,18.00,0,0,0,0,2026/08/15
篠原 響,埼玉西武ライオンズ,東北楽天ゴールデンイーグルス,0,10,3.72,1,1,7,0,2026/08/15
篠原 響,埼玉西武ライオンズ,読売ジャイアンツ,0,1,0.00,0,0,1,0,2026/08/15
篠原 響,埼玉西武ライオンズ,福岡ソフトバンクホークス,0,2,0.00,1,0,1,0,2026/08/15
篠原 響,埼玉西武ライオンズ,北海道日本ハムファイターズ,0,4,2.45,0,0,3,0,2026/08/15
黒木 優太,埼玉西武ライオンズ,オリックス・バファローズ,0,0,,0,0,0,0,2026/08/15
黒木 優太,埼玉西武ライオンズ,横浜DeNAベイスターズ,0,0,,0,0,0,0,2026/08/15
黒木 優太,埼玉西武ライオンズ,広島東洋カープ,0,0,,0,0,0,0,2026/08/15
黒木 優太,埼玉西武ライオンズ,阪神タイガース,0,0,,0,0,0,0,2026/08/15
黒木 優太,埼玉西武ライオンズ,千葉ロッテマリーンズ,0,1,0.00,0,0,0,0,2026/08/15
黒木 優太,埼玉西武ライオンズ,中日ドラゴンズ,0,0,,0,0,0,0,2026/08/15
黒木 優太,埼玉西武ライオンズ,東京ヤクルトスワローズ,0,0,,0,0,0,0,2026/08/15
黒木 優太,埼玉西武ライオンズ,東北楽天ゴールデンイーグルス,0,0,,0,0,0,0,2026/08/15
黒木 優太,埼玉西武ライオンズ,読売ジャイアンツ,0,0,,0,0,0,0,2026/08/15
黒木 優太,埼玉西武ライオンズ,福岡ソフトバンクホークス,0,1,0.00,0,0,0,0,2026/08/15
黒木 優太,埼玉西武ライオンズ,北海道日本ハムファイターズ,0,1,0.00,0,0,0,0,2026/08/15
Ｅ．ラミレス,埼玉西武ライオンズ,オリックス・バファローズ,0,1,0.00,1,0,0,0,2026/08/15
Ｅ．ラミレス,埼玉西武ライオンズ,横浜DeNAベイスターズ,0,0,,0,0,0,0,2026/08/15
Ｅ．ラミレス,埼玉西武ライオンズ,広島東洋カープ,0,0,,0,0,0,0,2026/08/15
Ｅ．ラミレス,埼玉西武ライオンズ,阪神タイガース,0,0,,0,0,0,0,2026/08/15
Ｅ．ラミレス,埼玉西武ライオンズ,千葉ロッテマリーンズ,0,1,9.00,1,0,0,0,2026/08/15
Ｅ．ラミレス,埼玉西武ライオンズ,中日ドラゴンズ,0,0,,0,0,0,0,2026/08/15
Ｅ．ラミレス,埼玉西武ライオンズ,東京ヤクルトスワローズ,0,0,,0,0,0,0,2026/08/15
Ｅ．ラミレス,埼玉西武ライオンズ,東北楽天ゴールデンイーグルス,1,2,0.00,0,0,0,0,2026/08/15
Ｅ．ラミレス,埼玉西武ライオンズ,読売ジャイアンツ,0,0,,0,0,0,0,2026/08/15
Ｅ．ラミレス,埼玉西武ライオンズ,福岡ソフトバンクホークス,0,2,22.50,0,1,0,0,2026/08/15
Ｅ．ラミレス,埼玉西武ライオンズ,北海道日本ハムファイターズ,0,1,0.00,0,0,1,0,2026/08/15
黒田 将矢,埼玉西武ライオンズ,オリックス・バファローズ,0,5,7.20,0,0,2,0,2026/08/15
黒田 将矢,埼玉西武ライオンズ,横浜DeNAベイスターズ,0,0,,0,0,0,0,2026/08/15
黒田 将矢,埼玉西武ライオンズ,広島東洋カープ,0,1,0.00,0,0,1,0,2026/08/15
黒田 将矢,埼玉西武ライオンズ,阪神タイガース,0,0,,0,0,0,0,2026/08/15
黒田 将矢,埼玉西武ライオンズ,千葉ロッテマリーンズ,0,7,3.18,0,0,0,0,2026/08/15
黒田 将矢,埼玉西武ライオンズ,中日ドラゴンズ,0,1,0.00,0,0,1,0,2026/08/15
黒田 将矢,埼玉西武ライオンズ,東京ヤクルトスワローズ,0,2,0.00,1,0,1,0,2026/08/15
黒田 将矢,埼玉西武ライオンズ,東北楽天ゴールデンイーグルス,0,5,9.00,1,0,0,0,2026/08/15
黒田 将矢,埼玉西武ライオンズ,読売ジャイアンツ,0,0,,0,0,0,0,2026/08/15
黒田 将矢,埼玉西武ライオンズ,福岡ソフトバンクホークス,0,4,2.45,0,0,0,0,2026/08/15
黒田 将矢,埼玉西武ライオンズ,北海道日本ハムファイターズ,0,4,0.00,0,0,1,0,2026/08/15
中村 祐太,埼玉西武ライオンズ,オリックス・バファローズ,0,3,3.60,0,1,0,0,2026/08/15
中村 祐太,埼玉西武ライオンズ,横浜DeNAベイスターズ,0,0,,0,0,0,0,2026/08/15
中村 祐太,埼玉西武ライオンズ,広島東洋カープ,0,0,,0,0,0,0,2026/08/15
中村 祐太,埼玉西武ライオンズ,阪神タイガース,0,0,,0,0,0,0,2026/08/15
中村 祐太,埼玉西武ライオンズ,千葉ロッテマリーンズ,0,3,4.91,0,0,0,0,2026/08/15
中村 祐太,埼玉西武ライオンズ,中日ドラゴンズ,0,0,,0,0,0,0,2026/08/15
中村 祐太,埼玉西武ライオンズ,東京ヤクルトスワローズ,0,0,,0,0,0,0,2026/08/15
中村 祐太,埼玉西武ライオンズ,東北楽天ゴールデンイーグルス,0,4,0.00,1,0,1,0,2026/08/15
中村 祐太,埼玉西武ライオンズ,読売ジャイアンツ,0,0,,0,0,0,0,2026/08/15
中村 祐太,埼玉西武ライオンズ,福岡ソフトバンクホークス,0,2,4.50,0,0,0,0,2026/08/15
中村 祐太,埼玉西武ライオンズ,北海道日本ハムファイターズ,0,6,1.50,0,0,1,0,2026/08/15
平良 海馬,埼玉西武ライオンズ,オリックス・バファローズ,0,0,,0,0,0,0,2026/08/15
平良 海馬,埼玉西武ライオンズ,横浜DeNAベイスターズ,0,0,,0,0,0,0,2026/08/15
平良 海馬,埼玉西武ライオンズ,広島東洋カープ,1,0,1.50,1,0,0,0,2026/08/15
平良 海馬,埼玉西武ライオンズ,阪神タイガース,1,0,1.29,1,0,0,0,2026/08/15
平良 海馬,埼玉西武ライオンズ,千葉ロッテマリーンズ,5,0,2.42,2,2,0,0,2026/08/15
平良 海馬,埼玉西武ライオンズ,中日ドラゴンズ,0,0,,0,0,0,0,2026/08/15
平良 海馬,埼玉西武ライオンズ,東京ヤクルトスワローズ,1,0,0.00,0,0,0,0,2026/08/15
平良 海馬,埼玉西武ライオンズ,東北楽天ゴールデンイーグルス,4,0,0.36,1,0,0,0,2026/08/15
平良 海馬,埼玉西武ライオンズ,読売ジャイアンツ,0,0,,0,0,0,0,2026/08/15
平良 海馬,埼玉西武ライオンズ,福岡ソフトバンクホークス,1,0,3.00,0,1,0,0,2026/08/15
平良 海馬,埼玉西武ライオンズ,北海道日本ハムファイターズ,4,0,1.80,3,0,0,0,2026/08/15
冨士 大和,埼玉西武ライオンズ,オリックス・バファローズ,0,1,0.00,0,0,0,0,2026/08/15
冨士 大和,埼玉西武ライオンズ,横浜DeNAベイスターズ,0,0,,0,0,0,0,2026/08/15
冨士 大和,埼玉西武ライオンズ,広島東洋カープ,0,0,,0,0,0,0,2026/08/15
冨士 大和,埼玉西武ライオンズ,阪神タイガース,0,0,,0,0,0,0,2026/08/15
冨士 大和,埼玉西武ライオンズ,千葉ロッテマリーンズ,0,1,,0,0,0,0,2026/08/15
冨士 大和,埼玉西武ライオンズ,中日ドラゴンズ,0,0,,0,0,0,0,2026/08/15
冨士 大和,埼玉西武ライオンズ,東京ヤクルトスワローズ,0,0,,0,0,0,0,2026/08/15
冨士 大和,埼玉西武ライオンズ,東北楽天ゴールデンイーグルス,0,0,,0,0,0,0,2026/08/15
冨士 大和,埼玉西武ライオンズ,読売ジャイアンツ,0,0,,0,0,0,0,2026/08/15
冨士 大和,埼玉西武ライオンズ,福岡ソフトバンクホークス,0,0,,0,0,0,0,2026/08/15
冨士 大和,埼玉西武ライオンズ,北海道日本ハムファイターズ,0,0,,0,0,0,0,2026/08/15
豆田 泰志,埼玉西武ライオンズ,オリックス・バファローズ,0,4,7.20,0,0,0,0,2026/08/15
豆田 泰志,埼玉西武ライオンズ,横浜DeNAベイスターズ,0,1,0.00,0,0,0,0,2026/08/15
豆田 泰志,埼玉西武ライオンズ,広島東洋カープ,0,0,,0,0,0,0,2026/08/15
豆田 泰志,埼玉西武ライオンズ,阪神タイガース,0,0,,0,0,0,0,2026/08/15
豆田 泰志,埼玉西武ライオンズ,千葉ロッテマリーンズ,1,1,0.00,0,0,0,0,2026/08/15
豆田 泰志,埼玉西武ライオンズ,中日ドラゴンズ,0,1,0.00,0,0,0,1,2026/08/15
豆田 泰志,埼玉西武ライオンズ,東京ヤクルトスワローズ,0,2,0.00,0,0,1,0,2026/08/15
豆田 泰志,埼玉西武ライオンズ,東北楽天ゴールデンイーグルス,0,3,0.00,0,0,2,0,2026/08/15
豆田 泰志,埼玉西武ライオンズ,読売ジャイアンツ,0,0,,0,0,0,0,2026/08/15
豆田 泰志,埼玉西武ライオンズ,福岡ソフトバンクホークス,0,2,0.00,0,0,0,0,2026/08/15
豆田 泰志,埼玉西武ライオンズ,北海道日本ハムファイターズ,0,5,2.08,1,0,0,0,2026/08/15
菅井 信也,埼玉西武ライオンズ,オリックス・バファローズ,2,0,7.71,0,2,0,0,2026/08/15
菅井 信也,埼玉西武ライオンズ,横浜DeNAベイスターズ,0,0,,0,0,0,0,2026/08/15
菅井 信也,埼玉西武ライオンズ,広島東洋カープ,0,0,,0,0,0,0,2026/08/15
菅井 信也,埼玉西武ライオンズ,阪神タイガース,0,0,,0,0,0,0,2026/08/15
菅井 信也,埼玉西武ライオンズ,千葉ロッテマリーンズ,1,0,1.29,0,0,0,0,2026/08/15
菅井 信也,埼玉西武ライオンズ,中日ドラゴンズ,0,0,,0,0,0,0,2026/08/15
菅井 信也,埼玉西武ライオンズ,東京ヤクルトスワローズ,0,0,,0,0,0,0,2026/08/15
菅井 信也,埼玉西武ライオンズ,東北楽天ゴールデンイーグルス,1,0,1.80,1,0,0,0,2026/08/15
菅井 信也,埼玉西武ライオンズ,読売ジャイアンツ,0,0,,0,0,0,0,2026/08/15
菅井 信也,埼玉西武ライオンズ,福岡ソフトバンクホークス,3,0,1.59,1,0,0,0,2026/08/15
菅井 信也,埼玉西武ライオンズ,北海道日本ハムファイターズ,0,0,,0,0,0,0,2026/08/15
佐藤 爽,埼玉西武ライオンズ,オリックス・バファローズ,1,0,2.08,0,0,0,0,2026/08/15
佐藤 爽,埼玉西武ライオンズ,横浜DeNAベイスターズ,0,0,,0,0,0,0,2026/08/15
佐藤 爽,埼玉西武ライオンズ,広島東洋カープ,0,0,,0,0,0,0,2026/08/15
佐藤 爽,埼玉西武ライオンズ,阪神タイガース,0,0,,0,0,0,0,2026/08/15
佐藤 爽,埼玉西武ライオンズ,千葉ロッテマリーンズ,3,0,3.93,1,1,0,0,2026/08/15
佐藤 爽,埼玉西武ライオンズ,中日ドラゴンズ,0,0,,0,0,0,0,2026/08/15
佐藤 爽,埼玉西武ライオンズ,東京ヤクルトスワローズ,0,0,,0,0,0,0,2026/08/15
佐藤 爽,埼玉西武ライオンズ,東北楽天ゴールデンイーグルス,1,0,3.60,0,0,0,0,2026/08/15
佐藤 爽,埼玉西武ライオンズ,読売ジャイアンツ,0,0,,0,0,0,0,2026/08/15
佐藤 爽,埼玉西武ライオンズ,福岡ソフトバンクホークス,0,0,,0,0,0,0,2026/08/15
佐藤 爽,埼玉西武ライオンズ,北海道日本ハムファイターズ,1,0,7.71,0,0,0,0,2026/08/15
浜屋 将太,埼玉西武ライオンズ,オリックス・バファローズ,0,5,0.00,0,1,0,0,2026/08/15
浜屋 将太,埼玉西武ライオンズ,横浜DeNAベイスターズ,0,1,0.00,0,0,0,0,2026/08/15
浜屋 将太,埼玉西武ライオンズ,広島東洋カープ,0,0,,0,0,0,0,2026/08/15
浜屋 将太,埼玉西武ライオンズ,阪神タイガース,0,0,,0,0,0,0,2026/08/15
浜屋 将太,埼玉西武ライオンズ,千葉ロッテマリーンズ,0,3,0.00,0,0,0,0,2026/08/15
浜屋 将太,埼玉西武ライオンズ,中日ドラゴンズ,0,1,0.00,0,0,1,0,2026/08/15
浜屋 将太,埼玉西武ライオンズ,東京ヤクルトスワローズ,0,1,0.00,0,0,1,0,2026/08/15
浜屋 将太,埼玉西武ライオンズ,東北楽天ゴールデンイーグルス,0,3,0.00,0,0,0,0,2026/08/15
浜屋 将太,埼玉西武ライオンズ,読売ジャイアンツ,0,0,,0,0,0,0,2026/08/15
浜屋 将太,埼玉西武ライオンズ,福岡ソフトバンクホークス,0,4,9.82,0,0,0,0,2026/08/15
浜屋 将太,埼玉西武ライオンズ,北海道日本ハムファイターズ,0,3,0.00,0,0,2,0,2026/08/15
岸 孝之,東北楽天ゴールデンイーグルス,オリックス・バファローズ,2,0,1.29,2,0,0,0,2026/08/15
岸 孝之,東北楽天ゴールデンイーグルス,横浜DeNAベイスターズ,0,0,,0,0,0,0,2026/08/15
岸 孝之,東北楽天ゴールデンイーグルス,広島東洋カープ,1,0,1.29,1,0,0,0,2026/08/15
岸 孝之,東北楽天ゴールデンイーグルス,阪神タイガース,1,0,3.60,0,1,0,0,2026/08/15
岸 孝之,東北楽天ゴールデンイーグルス,埼玉西武ライオンズ,2,0,3.75,0,1,0,0,2026/08/15
岸 孝之,東北楽天ゴールデンイーグルス,千葉ロッテマリーンズ,0,0,,0,0,0,0,2026/08/15
岸 孝之,東北楽天ゴールデンイーグルス,中日ドラゴンズ,0,0,,0,0,0,0,2026/08/15
岸 孝之,東北楽天ゴールデンイーグルス,東京ヤクルトスワローズ,1,0,5.40,0,1,0,0,2026/08/15
岸 孝之,東北楽天ゴールデンイーグルス,読売ジャイアンツ,0,0,,0,0,0,0,2026/08/15
岸 孝之,東北楽天ゴールデンイーグルス,福岡ソフトバンクホークス,0,0,,0,0,0,0,2026/08/15
岸 孝之,東北楽天ゴールデンイーグルス,北海道日本ハムファイターズ,0,0,,0,0,0,0,2026/08/15
藤原 聡大,東北楽天ゴールデンイーグルス,オリックス・バファローズ,1,1,6.75,0,1,0,0,2026/08/15
藤原 聡大,東北楽天ゴールデンイーグルス,横浜DeNAベイスターズ,0,0,,0,0,0,0,2026/08/15
藤原 聡大,東北楽天ゴールデンイーグルス,広島東洋カープ,0,1,0.00,0,0,0,0,2026/08/15
藤原 聡大,東北楽天ゴールデンイーグルス,阪神タイガース,0,1,18.00,0,0,0,0,2026/08/15
藤原 聡大,東北楽天ゴールデンイーグルス,埼玉西武ライオンズ,1,2,4.05,0,0,0,0,2026/08/15
藤原 聡大,東北楽天ゴールデンイーグルス,千葉ロッテマリーンズ,0,2,0.00,0,0,0,0,2026/08/15
藤原 聡大,東北楽天ゴールデンイーグルス,中日ドラゴンズ,0,0,,0,0,0,0,2026/08/15
藤原 聡大,東北楽天ゴールデンイーグルス,東京ヤクルトスワローズ,0,0,,0,0,0,0,2026/08/15
藤原 聡大,東北楽天ゴールデンイーグルス,読売ジャイアンツ,0,1,4.50,0,0,0,0,2026/08/15
藤原 聡大,東北楽天ゴールデンイーグルス,福岡ソフトバンクホークス,1,1,7.50,0,1,0,0,2026/08/15
藤原 聡大,東北楽天ゴールデンイーグルス,北海道日本ハムファイターズ,0,0,,0,0,0,0,2026/08/15
コントレラス,東北楽天ゴールデンイーグルス,オリックス・バファローズ,1,1,7.50,0,0,0,0,2026/08/15
コントレラス,東北楽天ゴールデンイーグルス,横浜DeNAベイスターズ,0,0,,0,0,0,0,2026/08/15
コントレラス,東北楽天ゴールデンイーグルス,広島東洋カープ,0,0,,0,0,0,0,2026/08/15
コントレラス,東北楽天ゴールデンイーグルス,阪神タイガース,0,0,,0,0,0,0,2026/08/15
コントレラス,東北楽天ゴールデンイーグルス,埼玉西武ライオンズ,0,0,,0,0,0,0,2026/08/15
コントレラス,東北楽天ゴールデンイーグルス,千葉ロッテマリーンズ,0,0,,0,0,0,0,2026/08/15
コントレラス,東北楽天ゴールデンイーグルス,中日ドラゴンズ,0,0,,0,0,0,0,2026/08/15
コントレラス,東北楽天ゴールデンイーグルス,東京ヤクルトスワローズ,0,0,,0,0,0,0,2026/08/15
コントレラス,東北楽天ゴールデンイーグルス,読売ジャイアンツ,0,0,,0,0,0,0,2026/08/15
コントレラス,東北楽天ゴールデンイーグルス,福岡ソフトバンクホークス,0,1,0.00,0,0,0,0,2026/08/15
コントレラス,東北楽天ゴールデンイーグルス,北海道日本ハムファイターズ,1,1,9.00,0,1,0,0,2026/08/15
古謝 樹,東北楽天ゴールデンイーグルス,オリックス・バファローズ,0,0,,0,0,0,0,2026/08/15
古謝 樹,東北楽天ゴールデンイーグルス,横浜DeNAベイスターズ,1,0,0.00,0,0,0,0,2026/08/15
古謝 樹,東北楽天ゴールデンイーグルス,広島東洋カープ,0,0,,0,0,0,0,2026/08/15
古謝 樹,東北楽天ゴールデンイーグルス,阪神タイガース,0,0,,0,0,0,0,2026/08/15
古謝 樹,東北楽天ゴールデンイーグルス,埼玉西武ライオンズ,1,0,7.71,0,1,0,0,2026/08/15
古謝 樹,東北楽天ゴールデンイーグルス,千葉ロッテマリーンズ,1,0,4.50,0,0,0,0,2026/08/15
古謝 樹,東北楽天ゴールデンイーグルス,中日ドラゴンズ,1,0,9.00,0,1,0,0,2026/08/15
古謝 樹,東北楽天ゴールデンイーグルス,東京ヤクルトスワローズ,0,0,,0,0,0,0,2026/08/15
古謝 樹,東北楽天ゴールデンイーグルス,読売ジャイアンツ,1,0,9.00,0,1,0,0,2026/08/15
古謝 樹,東北楽天ゴールデンイーグルス,福岡ソフトバンクホークス,6,0,3.97,1,3,0,0,2026/08/15
古謝 樹,東北楽天ゴールデンイーグルス,北海道日本ハムファイターズ,3,0,1.96,0,2,0,0,2026/08/15
前田 健太,東北楽天ゴールデンイーグルス,オリックス・バファローズ,2,0,2.57,1,0,0,0,2026/08/15
前田 健太,東北楽天ゴールデンイーグルス,横浜DeNAベイスターズ,0,0,,0,0,0,0,2026/08/15
前田 健太,東北楽天ゴールデンイーグルス,広島東洋カープ,0,0,,0,0,0,0,2026/08/15
前田 健太,東北楽天ゴールデンイーグルス,阪神タイガース,1,0,3.60,0,1,0,0,2026/08/15
前田 健太,東北楽天ゴールデンイーグルス,埼玉西武ライオンズ,1,0,0.00,1,0,0,0,2026/08/15
前田 健太,東北楽天ゴールデンイーグルス,千葉ロッテマリーンズ,1,0,11.25,0,1,0,0,2026/08/15
前田 健太,東北楽天ゴールデンイーグルス,中日ドラゴンズ,0,0,,0,0,0,0,2026/08/15
前田 健太,東北楽天ゴールデンイーグルス,東京ヤクルトスワローズ,0,0,,0,0,0,0,2026/08/15
前田 健太,東北楽天ゴールデンイーグルス,読売ジャイアンツ,0,0,,0,0,0,0,2026/08/15
前田 健太,東北楽天ゴールデンイーグルス,福岡ソフトバンクホークス,1,0,4.50,0,1,0,0,2026/08/15
前田 健太,東北楽天ゴールデンイーグルス,北海道日本ハムファイターズ,4,0,1.86,1,0,0,0,2026/08/15
荘司 康誠,東北楽天ゴールデンイーグルス,オリックス・バファローズ,4,0,2.67,1,2,0,0,2026/08/15
荘司 康誠,東北楽天ゴールデンイーグルス,横浜DeNAベイスターズ,1,0,3.00,0,0,0,0,2026/08/15
荘司 康誠,東北楽天ゴールデンイーグルス,広島東洋カープ,0,0,,0,0,0,0,2026/08/15
荘司 康誠,東北楽天ゴールデンイーグルス,阪神タイガース,0,0,,0,0,0,0,2026/08/15
荘司 康誠,東北楽天ゴールデンイーグルス,埼玉西武ライオンズ,3,0,4.26,2,1,0,0,2026/08/15
荘司 康誠,東北楽天ゴールデンイーグルス,千葉ロッテマリーンズ,3,0,5.63,0,2,0,0,2026/08/15
荘司 康誠,東北楽天ゴールデンイーグルス,中日ドラゴンズ,1,0,1.29,0,1,0,0,2026/08/15
荘司 康誠,東北楽天ゴールデンイーグルス,東京ヤクルトスワローズ,0,0,,0,0,0,0,2026/08/15
荘司 康誠,東北楽天ゴールデンイーグルス,読売ジャイアンツ,1,0,7.71,0,1,0,0,2026/08/15
荘司 康誠,東北楽天ゴールデンイーグルス,福岡ソフトバンクホークス,1,0,3.60,1,0,0,0,2026/08/15
荘司 康誠,東北楽天ゴールデンイーグルス,北海道日本ハムファイターズ,4,0,4.88,1,2,0,0,2026/08/15
伊藤 樹,東北楽天ゴールデンイーグルス,オリックス・バファローズ,0,0,,0,0,0,0,2026/08/15
伊藤 樹,東北楽天ゴールデンイーグルス,横浜DeNAベイスターズ,0,0,,0,0,0,0,2026/08/15
伊藤 樹,東北楽天ゴールデンイーグルス,広島東洋カープ,0,0,,0,0,0,0,2026/08/15
伊藤 樹,東北楽天ゴールデンイーグルス,阪神タイガース,0,1,18.00,0,0,0,0,2026/08/15
伊藤 樹,東北楽天ゴールデンイーグルス,埼玉西武ライオンズ,0,0,,0,0,0,0,2026/08/15
伊藤 樹,東北楽天ゴールデンイーグルス,千葉ロッテマリーンズ,0,0,,0,0,0,0,2026/08/15
伊藤 樹,東北楽天ゴールデンイーグルス,中日ドラゴンズ,0,0,,0,0,0,0,2026/08/15
伊藤 樹,東北楽天ゴールデンイーグルス,東京ヤクルトスワローズ,0,0,,0,0,0,0,2026/08/15
伊藤 樹,東北楽天ゴールデンイーグルス,読売ジャイアンツ,0,0,,0,0,0,0,2026/08/15
伊藤 樹,東北楽天ゴールデンイーグルス,福岡ソフトバンクホークス,0,0,,0,0,0,0,2026/08/15
伊藤 樹,東北楽天ゴールデンイーグルス,北海道日本ハムファイターズ,0,0,,0,0,0,0,2026/08/15
早川 隆久,東北楽天ゴールデンイーグルス,オリックス・バファローズ,1,0,1.29,1,0,0,0,2026/08/15
早川 隆久,東北楽天ゴールデンイーグルス,横浜DeNAベイスターズ,0,0,,0,0,0,0,2026/08/15
早川 隆久,東北楽天ゴールデンイーグルス,広島東洋カープ,1,0,3.60,0,1,0,0,2026/08/15
早川 隆久,東北楽天ゴールデンイーグルス,阪神タイガース,1,0,1.50,0,1,0,0,2026/08/15
早川 隆久,東北楽天ゴールデンイーグルス,埼玉西武ライオンズ,2,0,1.20,0,0,0,0,2026/08/15
早川 隆久,東北楽天ゴールデンイーグルス,千葉ロッテマリーンズ,3,0,5.68,0,1,0,0,2026/08/15
早川 隆久,東北楽天ゴールデンイーグルス,中日ドラゴンズ,0,0,,0,0,0,0,2026/08/15
早川 隆久,東北楽天ゴールデンイーグルス,東京ヤクルトスワローズ,1,0,9.00,0,1,0,0,2026/08/15
早川 隆久,東北楽天ゴールデンイーグルス,読売ジャイアンツ,0,0,,0,0,0,0,2026/08/15
早川 隆久,東北楽天ゴールデンイーグルス,福岡ソフトバンクホークス,5,0,2.65,3,1,0,0,2026/08/15
早川 隆久,東北楽天ゴールデンイーグルス,北海道日本ハムファイターズ,2,0,0.00,2,0,0,0,2026/08/15
ウレーニャ,東北楽天ゴールデンイーグルス,オリックス・バファローズ,1,0,0.00,1,0,0,0,2026/08/15
ウレーニャ,東北楽天ゴールデンイーグルス,横浜DeNAベイスターズ,0,0,,0,0,0,0,2026/08/15
ウレーニャ,東北楽天ゴールデンイーグルス,広島東洋カープ,0,0,,0,0,0,0,2026/08/15
ウレーニャ,東北楽天ゴールデンイーグルス,阪神タイガース,0,0,,0,0,0,0,2026/08/15
ウレーニャ,東北楽天ゴールデンイーグルス,埼玉西武ライオンズ,3,0,5.63,0,2,0,0,2026/08/15
ウレーニャ,東北楽天ゴールデンイーグルス,千葉ロッテマリーンズ,2,0,2.57,1,0,0,0,2026/08/15
ウレーニャ,東北楽天ゴールデンイーグルス,中日ドラゴンズ,0,0,,0,0,0,0,2026/08/15
ウレーニャ,東北楽天ゴールデンイーグルス,東京ヤクルトスワローズ,0,0,,0,0,0,0,2026/08/15
ウレーニャ,東北楽天ゴールデンイーグルス,読売ジャイアンツ,0,0,,0,0,0,0,2026/08/15
ウレーニャ,東北楽天ゴールデンイーグルス,福岡ソフトバンクホークス,3,0,9.00,0,2,0,0,2026/08/15
ウレーニャ,東北楽天ゴールデンイーグルス,北海道日本ハムファイターズ,2,0,0.00,0,0,0,0,2026/08/15
マルテ,東北楽天ゴールデンイーグルス,オリックス・バファローズ,0,2,10.80,0,0,0,0,2026/08/15
マルテ,東北楽天ゴールデンイーグルス,横浜DeNAベイスターズ,0,0,,0,0,0,0,2026/08/15
マルテ,東北楽天ゴールデンイーグルス,広島東洋カープ,0,0,,0,0,0,0,2026/08/15
マルテ,東北楽天ゴールデンイーグルス,阪神タイガース,0,0,,0,0,0,0,2026/08/15
マルテ,東北楽天ゴールデンイーグルス,埼玉西武ライオンズ,0,0,,0,0,0,0,2026/08/15
マルテ,東北楽天ゴールデンイーグルス,千葉ロッテマリーンズ,0,0,,0,0,0,0,2026/08/15
マルテ,東北楽天ゴールデンイーグルス,中日ドラゴンズ,0,0,,0,0,0,0,2026/08/15
マルテ,東北楽天ゴールデンイーグルス,東京ヤクルトスワローズ,0,0,,0,0,0,0,2026/08/15
マルテ,東北楽天ゴールデンイーグルス,読売ジャイアンツ,0,0,,0,0,0,0,2026/08/15
マルテ,東北楽天ゴールデンイーグルス,福岡ソフトバンクホークス,0,1,0.00,0,0,0,0,2026/08/15
マルテ,東北楽天ゴールデンイーグルス,北海道日本ハムファイターズ,0,2,4.50,0,0,0,0,2026/08/15
中込 陽翔,東北楽天ゴールデンイーグルス,オリックス・バファローズ,0,3,27.00,0,1,1,0,2026/08/15
中込 陽翔,東北楽天ゴールデンイーグルス,横浜DeNAベイスターズ,0,0,,0,0,0,0,2026/08/15
中込 陽翔,東北楽天ゴールデンイーグルス,広島東洋カープ,0,2,0.00,0,0,0,0,2026/08/15
中込 陽翔,東北楽天ゴールデンイーグルス,阪神タイガース,0,0,,0,0,0,0,2026/08/15
中込 陽翔,東北楽天ゴールデンイーグルス,埼玉西武ライオンズ,0,3,6.00,1,0,0,0,2026/08/15
中込 陽翔,東北楽天ゴールデンイーグルス,千葉ロッテマリーンズ,0,2,0.00,0,0,0,0,2026/08/15
中込 陽翔,東北楽天ゴールデンイーグルス,中日ドラゴンズ,0,0,,0,0,0,0,2026/08/15
中込 陽翔,東北楽天ゴールデンイーグルス,東京ヤクルトスワローズ,0,0,,0,0,0,0,2026/08/15
中込 陽翔,東北楽天ゴールデンイーグルス,読売ジャイアンツ,0,0,,0,0,0,0,2026/08/15
中込 陽翔,東北楽天ゴールデンイーグルス,福岡ソフトバンクホークス,0,3,0.00,0,0,0,0,2026/08/15
中込 陽翔,東北楽天ゴールデンイーグルス,北海道日本ハムファイターズ,0,3,13.50,0,1,0,0,2026/08/15
酒居 知史,東北楽天ゴールデンイーグルス,オリックス・バファローズ,0,0,,0,0,0,0,2026/08/15
酒居 知史,東北楽天ゴールデンイーグルス,横浜DeNAベイスターズ,0,0,,0,0,0,0,2026/08/15
酒居 知史,東北楽天ゴールデンイーグルス,広島東洋カープ,0,0,,0,0,0,0,2026/08/15
酒居 知史,東北楽天ゴールデンイーグルス,阪神タイガース,0,0,,0,0,0,0,2026/08/15
酒居 知史,東北楽天ゴールデンイーグルス,埼玉西武ライオンズ,0,0,,0,0,0,0,2026/08/15
酒居 知史,東北楽天ゴールデンイーグルス,千葉ロッテマリーンズ,0,0,,0,0,0,0,2026/08/15
酒居 知史,東北楽天ゴールデンイーグルス,中日ドラゴンズ,0,0,,0,0,0,0,2026/08/15
酒居 知史,東北楽天ゴールデンイーグルス,東京ヤクルトスワローズ,0,0,,0,0,0,0,2026/08/15
酒居 知史,東北楽天ゴールデンイーグルス,読売ジャイアンツ,0,0,,0,0,0,0,2026/08/15
酒居 知史,東北楽天ゴールデンイーグルス,福岡ソフトバンクホークス,0,0,,0,0,0,0,2026/08/15
酒居 知史,東北楽天ゴールデンイーグルス,北海道日本ハムファイターズ,0,0,,0,0,0,0,2026/08/15
田中 千晴,東北楽天ゴールデンイーグルス,オリックス・バファローズ,0,3,9.00,0,0,1,0,2026/08/15
田中 千晴,東北楽天ゴールデンイーグルス,横浜DeNAベイスターズ,0,0,,0,0,0,0,2026/08/15
田中 千晴,東北楽天ゴールデンイーグルス,広島東洋カープ,0,0,,0,0,0,0,2026/08/15
田中 千晴,東北楽天ゴールデンイーグルス,阪神タイガース,0,0,,0,0,0,0,2026/08/15
田中 千晴,東北楽天ゴールデンイーグルス,埼玉西武ライオンズ,0,5,1.80,0,0,1,1,2026/08/15
田中 千晴,東北楽天ゴールデンイーグルス,千葉ロッテマリーンズ,0,2,9.00,0,1,1,0,2026/08/15
田中 千晴,東北楽天ゴールデンイーグルス,中日ドラゴンズ,0,0,,0,0,0,0,2026/08/15
田中 千晴,東北楽天ゴールデンイーグルス,東京ヤクルトスワローズ,0,0,,0,0,0,0,2026/08/15
田中 千晴,東北楽天ゴールデンイーグルス,読売ジャイアンツ,0,0,,0,0,0,0,2026/08/15
田中 千晴,東北楽天ゴールデンイーグルス,福岡ソフトバンクホークス,0,5,1.80,1,0,1,0,2026/08/15
田中 千晴,東北楽天ゴールデンイーグルス,北海道日本ハムファイターズ,0,3,3.38,0,1,0,0,2026/08/15
渡辺 翔太,東北楽天ゴールデンイーグルス,オリックス・バファローズ,0,0,,0,0,0,0,2026/08/15
渡辺 翔太,東北楽天ゴールデンイーグルス,横浜DeNAベイスターズ,0,0,,0,0,0,0,2026/08/15
渡辺 翔太,東北楽天ゴールデンイーグルス,広島東洋カープ,0,0,,0,0,0,0,2026/08/15
渡辺 翔太,東北楽天ゴールデンイーグルス,阪神タイガース,0,1,18.00,0,0,0,0,2026/08/15
渡辺 翔太,東北楽天ゴールデンイーグルス,埼玉西武ライオンズ,0,0,,0,0,0,0,2026/08/15
渡辺 翔太,東北楽天ゴールデンイーグルス,千葉ロッテマリーンズ,0,2,0.00,0,0,0,0,2026/08/15
渡辺 翔太,東北楽天ゴールデンイーグルス,中日ドラゴンズ,0,1,0.00,0,0,0,0,2026/08/15
渡辺 翔太,東北楽天ゴールデンイーグルス,東京ヤクルトスワローズ,0,1,0.00,0,0,0,0,2026/08/15
渡辺 翔太,東北楽天ゴールデンイーグルス,読売ジャイアンツ,0,0,,0,0,0,0,2026/08/15
渡辺 翔太,東北楽天ゴールデンイーグルス,福岡ソフトバンクホークス,0,0,,0,0,0,0,2026/08/15
渡辺 翔太,東北楽天ゴールデンイーグルス,北海道日本ハムファイターズ,0,1,67.50,0,0,0,0,2026/08/15
江原 雅裕,東北楽天ゴールデンイーグルス,オリックス・バファローズ,0,0,,0,0,0,0,2026/08/15
江原 雅裕,東北楽天ゴールデンイーグルス,横浜DeNAベイスターズ,0,0,,0,0,0,0,2026/08/15
江原 雅裕,東北楽天ゴールデンイーグルス,広島東洋カープ,0,0,,0,0,0,0,2026/08/15
江原 雅裕,東北楽天ゴールデンイーグルス,阪神タイガース,0,0,,0,0,0,0,2026/08/15
江原 雅裕,東北楽天ゴールデンイーグルス,埼玉西武ライオンズ,0,0,,0,0,0,0,2026/08/15
江原 雅裕,東北楽天ゴールデンイーグルス,千葉ロッテマリーンズ,0,0,,0,0,0,0,2026/08/15
江原 雅裕,東北楽天ゴールデンイーグルス,中日ドラゴンズ,0,0,,0,0,0,0,2026/08/15
江原 雅裕,東北楽天ゴールデンイーグルス,東京ヤクルトスワローズ,0,0,,0,0,0,0,2026/08/15
江原 雅裕,東北楽天ゴールデンイーグルス,読売ジャイアンツ,0,0,,0,0,0,0,2026/08/15
江原 雅裕,東北楽天ゴールデンイーグルス,福岡ソフトバンクホークス,0,1,4.50,0,0,0,0,2026/08/15
江原 雅裕,東北楽天ゴールデンイーグルス,北海道日本ハムファイターズ,0,0,,0,0,0,0,2026/08/15
加治屋 蓮,東北楽天ゴールデンイーグルス,オリックス・バファローズ,0,5,2.08,0,0,2,0,2026/08/15
加治屋 蓮,東北楽天ゴールデンイーグルス,横浜DeNAベイスターズ,0,2,16.20,0,0,1,0,2026/08/15
加治屋 蓮,東北楽天ゴールデンイーグルス,広島東洋カープ,0,0,,0,0,0,0,2026/08/15
加治屋 蓮,東北楽天ゴールデンイーグルス,阪神タイガース,0,0,,0,0,0,0,2026/08/15
加治屋 蓮,東北楽天ゴールデンイーグルス,埼玉西武ライオンズ,0,5,5.79,0,1,3,0,2026/08/15
加治屋 蓮,東北楽天ゴールデンイーグルス,千葉ロッテマリーンズ,0,7,3.86,1,1,0,0,2026/08/15
加治屋 蓮,東北楽天ゴールデンイーグルス,中日ドラゴンズ,0,1,0.00,0,0,1,0,2026/08/15
加治屋 蓮,東北楽天ゴールデンイーグルス,東京ヤクルトスワローズ,0,2,4.50,0,0,0,0,2026/08/15
加治屋 蓮,東北楽天ゴールデンイーグルス,読売ジャイアンツ,0,1,0.00,0,0,0,0,2026/08/15
加治屋 蓮,東北楽天ゴールデンイーグルス,福岡ソフトバンクホークス,0,6,1.93,0,0,3,0,2026/08/15
加治屋 蓮,東北楽天ゴールデンイーグルス,北海道日本ハムファイターズ,0,8,1.13,1,0,3,0,2026/08/15
宋 家豪,東北楽天ゴールデンイーグルス,オリックス・バファローズ,0,2,0.00,0,0,0,0,2026/08/15
宋 家豪,東北楽天ゴールデンイーグルス,横浜DeNAベイスターズ,0,0,,0,0,0,0,2026/08/15
宋 家豪,東北楽天ゴールデンイーグルス,広島東洋カープ,0,1,0.00,0,0,0,0,2026/08/15
宋 家豪,東北楽天ゴールデンイーグルス,阪神タイガース,0,1,18.00,0,0,0,0,2026/08/15
宋 家豪,東北楽天ゴールデンイーグルス,埼玉西武ライオンズ,0,2,0.00,1,0,1,0,2026/08/15
宋 家豪,東北楽天ゴールデンイーグルス,千葉ロッテマリーンズ,0,4,0.00,0,0,1,0,2026/08/15
宋 家豪,東北楽天ゴールデンイーグルス,中日ドラゴンズ,0,0,,0,0,0,0,2026/08/15
宋 家豪,東北楽天ゴールデンイーグルス,東京ヤクルトスワローズ,0,0,,0,0,0,0,2026/08/15
宋 家豪,東北楽天ゴールデンイーグルス,読売ジャイアンツ,0,1,9.00,0,0,0,0,2026/08/15
宋 家豪,東北楽天ゴールデンイーグルス,福岡ソフトバンクホークス,0,5,2.70,1,0,0,0,2026/08/15
宋 家豪,東北楽天ゴールデンイーグルス,北海道日本ハムファイターズ,0,2,6.75,0,0,0,0,2026/08/15
九谷 瑠,東北楽天ゴールデンイーグルス,オリックス・バファローズ,0,6,1.50,0,0,3,0,2026/08/15
九谷 瑠,東北楽天ゴールデンイーグルス,横浜DeNAベイスターズ,0,1,0.00,0,0,0,0,2026/08/15
九谷 瑠,東北楽天ゴールデンイーグルス,広島東洋カープ,0,1,0.00,0,0,1,0,2026/08/15
九谷 瑠,東北楽天ゴールデンイーグルス,阪神タイガース,0,2,0.00,0,0,0,0,2026/08/15
九谷 瑠,東北楽天ゴールデンイーグルス,埼玉西武ライオンズ,0,4,4.50,0,0,1,0,2026/08/15
九谷 瑠,東北楽天ゴールデンイーグルス,千葉ロッテマリーンズ,0,2,0.00,1,0,0,0,2026/08/15
九谷 瑠,東北楽天ゴールデンイーグルス,中日ドラゴンズ,0,1,0.00,0,0,0,0,2026/08/15
九谷 瑠,東北楽天ゴールデンイーグルス,東京ヤクルトスワローズ,0,2,0.00,0,0,0,0,2026/08/15
九谷 瑠,東北楽天ゴールデンイーグルス,読売ジャイアンツ,0,0,,0,0,0,0,2026/08/15
九谷 瑠,東北楽天ゴールデンイーグルス,福岡ソフトバンクホークス,0,5,1.69,0,0,3,0,2026/08/15
九谷 瑠,東北楽天ゴールデンイーグルス,北海道日本ハムファイターズ,0,3,6.00,0,0,0,0,2026/08/15
藤平 尚真,東北楽天ゴールデンイーグルス,オリックス・バファローズ,0,7,4.26,0,1,0,4,2026/08/15
藤平 尚真,東北楽天ゴールデンイーグルス,横浜DeNAベイスターズ,0,2,0.00,0,0,0,1,2026/08/15
藤平 尚真,東北楽天ゴールデンイーグルス,広島東洋カープ,0,1,0.00,0,0,0,1,2026/08/15
藤平 尚真,東北楽天ゴールデンイーグルス,阪神タイガース,0,0,,0,0,0,0,2026/08/15
藤平 尚真,東北楽天ゴールデンイーグルス,埼玉西武ライオンズ,0,8,0.00,0,0,3,4,2026/08/15
藤平 尚真,東北楽天ゴールデンイーグルス,千葉ロッテマリーンズ,0,4,16.20,0,1,1,1,2026/08/15
藤平 尚真,東北楽天ゴールデンイーグルス,中日ドラゴンズ,0,0,,0,0,0,0,2026/08/15
藤平 尚真,東北楽天ゴールデンイーグルス,東京ヤクルトスワローズ,0,1,0.00,0,0,0,0,2026/08/15
藤平 尚真,東北楽天ゴールデンイーグルス,読売ジャイアンツ,0,1,0.00,0,0,0,0,2026/08/15
藤平 尚真,東北楽天ゴールデンイーグルス,福岡ソフトバンクホークス,0,7,1.29,0,0,0,7,2026/08/15
藤平 尚真,東北楽天ゴールデンイーグルス,北海道日本ハムファイターズ,0,6,0.00,0,0,1,5,2026/08/15
藤井 聖,東北楽天ゴールデンイーグルス,オリックス・バファローズ,1,0,1.80,0,0,0,0,2026/08/15
藤井 聖,東北楽天ゴールデンイーグルス,横浜DeNAベイスターズ,0,0,,0,0,0,0,2026/08/15
藤井 聖,東北楽天ゴールデンイーグルス,広島東洋カープ,1,0,3.68,0,1,0,0,2026/08/15
藤井 聖,東北楽天ゴールデンイーグルス,阪神タイガース,0,0,,0,0,0,0,2026/08/15
藤井 聖,東北楽天ゴールデンイーグルス,埼玉西武ライオンズ,0,1,9.00,0,0,0,0,2026/08/15
藤井 聖,東北楽天ゴールデンイーグルス,千葉ロッテマリーンズ,3,0,3.38,1,0,0,0,2026/08/15
藤井 聖,東北楽天ゴールデンイーグルス,中日ドラゴンズ,0,0,,0,0,0,0,2026/08/15
藤井 聖,東北楽天ゴールデンイーグルス,東京ヤクルトスワローズ,1,0,4.15,0,1,0,0,2026/08/15
藤井 聖,東北楽天ゴールデンイーグルス,読売ジャイアンツ,0,0,,0,0,0,0,2026/08/15
藤井 聖,東北楽天ゴールデンイーグルス,福岡ソフトバンクホークス,2,0,2.31,1,1,0,0,2026/08/15
藤井 聖,東北楽天ゴールデンイーグルス,北海道日本ハムファイターズ,0,0,,0,0,0,0,2026/08/15
西垣 雅矢,東北楽天ゴールデンイーグルス,オリックス・バファローズ,0,4,0.00,0,0,2,0,2026/08/15
西垣 雅矢,東北楽天ゴールデンイーグルス,横浜DeNAベイスターズ,0,2,5.40,1,1,0,0,2026/08/15
西垣 雅矢,東北楽天ゴールデンイーグルス,広島東洋カープ,0,0,,0,0,0,0,2026/08/15
西垣 雅矢,東北楽天ゴールデンイーグルス,阪神タイガース,0,0,,0,0,0,0,2026/08/15
西垣 雅矢,東北楽天ゴールデンイーグルス,埼玉西武ライオンズ,0,5,12.46,0,1,2,0,2026/08/15
西垣 雅矢,東北楽天ゴールデンイーグルス,千葉ロッテマリーンズ,0,2,0.00,0,0,1,0,2026/08/15
西垣 雅矢,東北楽天ゴールデンイーグルス,中日ドラゴンズ,0,1,0.00,0,0,0,0,2026/08/15
西垣 雅矢,東北楽天ゴールデンイーグルス,東京ヤクルトスワローズ,0,2,0.00,0,0,0,0,2026/08/15
西垣 雅矢,東北楽天ゴールデンイーグルス,読売ジャイアンツ,0,2,4.50,0,0,0,0,2026/08/15
西垣 雅矢,東北楽天ゴールデンイーグルス,福岡ソフトバンクホークス,0,5,15.00,1,1,2,0,2026/08/15
西垣 雅矢,東北楽天ゴールデンイーグルス,北海道日本ハムファイターズ,0,7,4.26,1,0,2,0,2026/08/15
津留﨑 大成,東北楽天ゴールデンイーグルス,オリックス・バファローズ,0,5,1.59,0,0,0,0,2026/08/15
津留﨑 大成,東北楽天ゴールデンイーグルス,横浜DeNAベイスターズ,0,1,0.00,0,0,0,0,2026/08/15
津留﨑 大成,東北楽天ゴールデンイーグルス,広島東洋カープ,0,0,,0,0,0,0,2026/08/15
津留﨑 大成,東北楽天ゴールデンイーグルス,阪神タイガース,0,0,,0,0,0,0,2026/08/15
津留﨑 大成,東北楽天ゴールデンイーグルス,埼玉西武ライオンズ,0,3,2.70,0,0,0,0,2026/08/15
津留﨑 大成,東北楽天ゴールデンイーグルス,千葉ロッテマリーンズ,0,3,0.00,0,0,0,0,2026/08/15
津留﨑 大成,東北楽天ゴールデンイーグルス,中日ドラゴンズ,0,1,0.00,0,0,0,0,2026/08/15
津留﨑 大成,東北楽天ゴールデンイーグルス,東京ヤクルトスワローズ,0,1,27.00,0,0,0,0,2026/08/15
津留﨑 大成,東北楽天ゴールデンイーグルス,読売ジャイアンツ,0,2,4.50,0,0,0,0,2026/08/15
津留﨑 大成,東北楽天ゴールデンイーグルス,福岡ソフトバンクホークス,0,3,5.40,0,0,0,0,2026/08/15
津留﨑 大成,東北楽天ゴールデンイーグルス,北海道日本ハムファイターズ,0,3,0.00,0,0,0,0,2026/08/15
坂井 陽翔,東北楽天ゴールデンイーグルス,オリックス・バファローズ,0,0,,0,0,0,0,2026/08/15
坂井 陽翔,東北楽天ゴールデンイーグルス,横浜DeNAベイスターズ,0,0,,0,0,0,0,2026/08/15
坂井 陽翔,東北楽天ゴールデンイーグルス,広島東洋カープ,0,0,,0,0,0,0,2026/08/15
坂井 陽翔,東北楽天ゴールデンイーグルス,阪神タイガース,0,0,,0,0,0,0,2026/08/15
坂井 陽翔,東北楽天ゴールデンイーグルス,埼玉西武ライオンズ,0,0,,0,0,0,0,2026/08/15
坂井 陽翔,東北楽天ゴールデンイーグルス,千葉ロッテマリーンズ,0,0,,0,0,0,0,2026/08/15
坂井 陽翔,東北楽天ゴールデンイーグルス,中日ドラゴンズ,0,0,,0,0,0,0,2026/08/15
坂井 陽翔,東北楽天ゴールデンイーグルス,東京ヤクルトスワローズ,0,0,,0,0,0,0,2026/08/15
坂井 陽翔,東北楽天ゴールデンイーグルス,読売ジャイアンツ,0,0,,0,0,0,0,2026/08/15
坂井 陽翔,東北楽天ゴールデンイーグルス,福岡ソフトバンクホークス,0,0,,0,0,0,0,2026/08/15
坂井 陽翔,東北楽天ゴールデンイーグルス,北海道日本ハムファイターズ,0,0,,0,0,0,0,2026/08/15
日當 直喜,東北楽天ゴールデンイーグルス,オリックス・バファローズ,0,1,0.00,0,0,0,0,2026/08/15
日當 直喜,東北楽天ゴールデンイーグルス,横浜DeNAベイスターズ,0,0,,0,0,0,0,2026/08/15
日當 直喜,東北楽天ゴールデンイーグルス,広島東洋カープ,0,0,,0,0,0,0,2026/08/15
日當 直喜,東北楽天ゴールデンイーグルス,阪神タイガース,0,0,,0,0,0,0,2026/08/15
日當 直喜,東北楽天ゴールデンイーグルス,埼玉西武ライオンズ,0,0,,0,0,0,0,2026/08/15
日當 直喜,東北楽天ゴールデンイーグルス,千葉ロッテマリーンズ,0,2,3.00,0,0,0,0,2026/08/15
日當 直喜,東北楽天ゴールデンイーグルス,中日ドラゴンズ,0,0,,0,0,0,0,2026/08/15
日當 直喜,東北楽天ゴールデンイーグルス,東京ヤクルトスワローズ,0,0,,0,0,0,0,2026/08/15
日當 直喜,東北楽天ゴールデンイーグルス,読売ジャイアンツ,0,0,,0,0,0,0,2026/08/15
日當 直喜,東北楽天ゴールデンイーグルス,福岡ソフトバンクホークス,0,1,9.00,0,0,0,0,2026/08/15
日當 直喜,東北楽天ゴールデンイーグルス,北海道日本ハムファイターズ,0,1,0.00,0,0,0,0,2026/08/15
鈴木 翔天,東北楽天ゴールデンイーグルス,オリックス・バファローズ,0,2,0.00,0,0,1,0,2026/08/15
鈴木 翔天,東北楽天ゴールデンイーグルス,横浜DeNAベイスターズ,0,1,0.00,0,0,1,0,2026/08/15
鈴木 翔天,東北楽天ゴールデンイーグルス,広島東洋カープ,0,0,,0,0,0,0,2026/08/15
鈴木 翔天,東北楽天ゴールデンイーグルス,阪神タイガース,0,1,0.00,0,0,0,0,2026/08/15
鈴木 翔天,東北楽天ゴールデンイーグルス,埼玉西武ライオンズ,0,4,2.25,0,0,3,0,2026/08/15
鈴木 翔天,東北楽天ゴールデンイーグルス,千葉ロッテマリーンズ,0,4,15.00,0,1,0,0,2026/08/15
鈴木 翔天,東北楽天ゴールデンイーグルス,中日ドラゴンズ,0,1,54.00,0,1,0,0,2026/08/15
鈴木 翔天,東北楽天ゴールデンイーグルス,東京ヤクルトスワローズ,0,1,18.00,0,0,0,0,2026/08/15
鈴木 翔天,東北楽天ゴールデンイーグルス,読売ジャイアンツ,0,1,9.00,0,0,0,0,2026/08/15
鈴木 翔天,東北楽天ゴールデンイーグルス,福岡ソフトバンクホークス,0,5,0.00,0,0,5,0,2026/08/15
鈴木 翔天,東北楽天ゴールデンイーグルス,北海道日本ハムファイターズ,0,5,5.79,0,1,3,0,2026/08/15
瀧中 瞭太,東北楽天ゴールデンイーグルス,オリックス・バファローズ,5,0,3.45,2,3,0,0,2026/08/15
瀧中 瞭太,東北楽天ゴールデンイーグルス,横浜DeNAベイスターズ,1,0,0.00,0,0,0,0,2026/08/15
瀧中 瞭太,東北楽天ゴールデンイーグルス,広島東洋カープ,0,0,,0,0,0,0,2026/08/15
瀧中 瞭太,東北楽天ゴールデンイーグルス,阪神タイガース,0,0,,0,0,0,0,2026/08/15
瀧中 瞭太,東北楽天ゴールデンイーグルス,埼玉西武ライオンズ,3,0,2.63,1,1,0,0,2026/08/15
瀧中 瞭太,東北楽天ゴールデンイーグルス,千葉ロッテマリーンズ,1,0,6.75,0,1,0,0,2026/08/15
瀧中 瞭太,東北楽天ゴールデンイーグルス,中日ドラゴンズ,1,0,0.00,0,0,0,0,2026/08/15
瀧中 瞭太,東北楽天ゴールデンイーグルス,東京ヤクルトスワローズ,0,0,,0,0,0,0,2026/08/15
瀧中 瞭太,東北楽天ゴールデンイーグルス,読売ジャイアンツ,1,0,2.25,1,0,0,0,2026/08/15
瀧中 瞭太,東北楽天ゴールデンイーグルス,福岡ソフトバンクホークス,0,0,,0,0,0,0,2026/08/15
瀧中 瞭太,東北楽天ゴールデンイーグルス,北海道日本ハムファイターズ,3,0,3.94,1,1,0,0,2026/08/15
辛島 航,東北楽天ゴールデンイーグルス,オリックス・バファローズ,0,0,,0,0,0,0,2026/08/15
辛島 航,東北楽天ゴールデンイーグルス,横浜DeNAベイスターズ,0,0,,0,0,0,0,2026/08/15
辛島 航,東北楽天ゴールデンイーグルス,広島東洋カープ,0,0,,0,0,0,0,2026/08/15
辛島 航,東北楽天ゴールデンイーグルス,阪神タイガース,0,0,,0,0,0,0,2026/08/15
辛島 航,東北楽天ゴールデンイーグルス,埼玉西武ライオンズ,0,0,,0,0,0,0,2026/08/15
辛島 航,東北楽天ゴールデンイーグルス,千葉ロッテマリーンズ,0,0,,0,0,0,0,2026/08/15
辛島 航,東北楽天ゴールデンイーグルス,中日ドラゴンズ,0,0,,0,0,0,0,2026/08/15
辛島 航,東北楽天ゴールデンイーグルス,東京ヤクルトスワローズ,0,0,,0,0,0,0,2026/08/15
辛島 航,東北楽天ゴールデンイーグルス,読売ジャイアンツ,0,0,,0,0,0,0,2026/08/15
辛島 航,東北楽天ゴールデンイーグルス,福岡ソフトバンクホークス,0,0,,0,0,0,0,2026/08/15
辛島 航,東北楽天ゴールデンイーグルス,北海道日本ハムファイターズ,0,0,,0,0,0,0,2026/08/15
泰 勝利,東北楽天ゴールデンイーグルス,オリックス・バファローズ,0,3,0.00,1,0,2,0,2026/08/15
泰 勝利,東北楽天ゴールデンイーグルス,横浜DeNAベイスターズ,0,0,,0,0,0,0,2026/08/15
泰 勝利,東北楽天ゴールデンイーグルス,広島東洋カープ,0,1,0.00,0,0,0,0,2026/08/15
泰 勝利,東北楽天ゴールデンイーグルス,阪神タイガース,0,0,,0,0,0,0,2026/08/15
泰 勝利,東北楽天ゴールデンイーグルス,埼玉西武ライオンズ,0,4,0.00,1,0,1,0,2026/08/15
泰 勝利,東北楽天ゴールデンイーグルス,千葉ロッテマリーンズ,0,3,0.00,0,0,1,0,2026/08/15
泰 勝利,東北楽天ゴールデンイーグルス,中日ドラゴンズ,0,0,,0,0,0,0,2026/08/15
泰 勝利,東北楽天ゴールデンイーグルス,東京ヤクルトスワローズ,0,0,,0,0,0,0,2026/08/15
泰 勝利,東北楽天ゴールデンイーグルス,読売ジャイアンツ,0,0,,0,0,0,0,2026/08/15
泰 勝利,東北楽天ゴールデンイーグルス,福岡ソフトバンクホークス,0,1,0.00,0,0,1,0,2026/08/15
泰 勝利,東北楽天ゴールデンイーグルス,北海道日本ハムファイターズ,0,2,6.75,0,1,1,0,2026/08/15
古賀 康誠,東北楽天ゴールデンイーグルス,オリックス・バファローズ,0,0,,0,0,0,0,2026/08/15
古賀 康誠,東北楽天ゴールデンイーグルス,横浜DeNAベイスターズ,0,0,,0,0,0,0,2026/08/15
古賀 康誠,東北楽天ゴールデンイーグルス,広島東洋カープ,0,0,,0,0,0,0,2026/08/15
古賀 康誠,東北楽天ゴールデンイーグルス,阪神タイガース,0,0,,0,0,0,0,2026/08/15
古賀 康誠,東北楽天ゴールデンイーグルス,埼玉西武ライオンズ,0,0,,0,0,0,0,2026/08/15
古賀 康誠,東北楽天ゴールデンイーグルス,千葉ロッテマリーンズ,0,0,,0,0,0,0,2026/08/15
古賀 康誠,東北楽天ゴールデンイーグルス,中日ドラゴンズ,0,0,,0,0,0,0,2026/08/15
古賀 康誠,東北楽天ゴールデンイーグルス,東京ヤクルトスワローズ,0,1,18.00,0,0,0,0,2026/08/15
古賀 康誠,東北楽天ゴールデンイーグルス,読売ジャイアンツ,0,0,,0,0,0,0,2026/08/15
古賀 康誠,東北楽天ゴールデンイーグルス,福岡ソフトバンクホークス,0,0,,0,0,0,0,2026/08/15
古賀 康誠,東北楽天ゴールデンイーグルス,北海道日本ハムファイターズ,0,0,,0,0,0,0,2026/08/15
西口 直人,東北楽天ゴールデンイーグルス,オリックス・バファローズ,0,0,,0,0,0,0,2026/08/15
西口 直人,東北楽天ゴールデンイーグルス,横浜DeNAベイスターズ,0,0,,0,0,0,0,2026/08/15
西口 直人,東北楽天ゴールデンイーグルス,広島東洋カープ,0,0,,0,0,0,0,2026/08/15
西口 直人,東北楽天ゴールデンイーグルス,阪神タイガース,0,0,,0,0,0,0,2026/08/15
西口 直人,東北楽天ゴールデンイーグルス,埼玉西武ライオンズ,0,0,,0,0,0,0,2026/08/15
西口 直人,東北楽天ゴールデンイーグルス,千葉ロッテマリーンズ,0,0,,0,0,0,0,2026/08/15
西口 直人,東北楽天ゴールデンイーグルス,中日ドラゴンズ,0,0,,0,0,0,0,2026/08/15
西口 直人,東北楽天ゴールデンイーグルス,東京ヤクルトスワローズ,0,0,,0,0,0,0,2026/08/15
西口 直人,東北楽天ゴールデンイーグルス,読売ジャイアンツ,0,0,,0,0,0,0,2026/08/15
西口 直人,東北楽天ゴールデンイーグルス,福岡ソフトバンクホークス,0,0,,0,0,0,0,2026/08/15
西口 直人,東北楽天ゴールデンイーグルス,北海道日本ハムファイターズ,0,0,,0,0,0,0,2026/08/15
林 優樹,東北楽天ゴールデンイーグルス,オリックス・バファローズ,0,0,,0,0,0,0,2026/08/15
林 優樹,東北楽天ゴールデンイーグルス,横浜DeNAベイスターズ,0,0,,0,0,0,0,2026/08/15
林 優樹,東北楽天ゴールデンイーグルス,広島東洋カープ,0,0,,0,0,0,0,2026/08/15
林 優樹,東北楽天ゴールデンイーグルス,阪神タイガース,0,0,,0,0,0,0,2026/08/15
林 優樹,東北楽天ゴールデンイーグルス,埼玉西武ライオンズ,0,0,,0,0,0,0,2026/08/15
林 優樹,東北楽天ゴールデンイーグルス,千葉ロッテマリーンズ,0,0,,0,0,0,0,2026/08/15
林 優樹,東北楽天ゴールデンイーグルス,中日ドラゴンズ,0,0,,0,0,0,0,2026/08/15
林 優樹,東北楽天ゴールデンイーグルス,東京ヤクルトスワローズ,0,0,,0,0,0,0,2026/08/15
林 優樹,東北楽天ゴールデンイーグルス,読売ジャイアンツ,0,0,,0,0,0,0,2026/08/15
林 優樹,東北楽天ゴールデンイーグルス,福岡ソフトバンクホークス,0,0,,0,0,0,0,2026/08/15
林 優樹,東北楽天ゴールデンイーグルス,北海道日本ハムファイターズ,0,0,,0,0,0,0,2026/08/15
今野 龍太,東北楽天ゴールデンイーグルス,オリックス・バファローズ,0,0,,0,0,0,0,2026/08/15
今野 龍太,東北楽天ゴールデンイーグルス,横浜DeNAベイスターズ,0,0,,0,0,0,0,2026/08/15
今野 龍太,東北楽天ゴールデンイーグルス,広島東洋カープ,0,0,,0,0,0,0,2026/08/15
今野 龍太,東北楽天ゴールデンイーグルス,阪神タイガース,0,0,,0,0,0,0,2026/08/15
今野 龍太,東北楽天ゴールデンイーグルス,埼玉西武ライオンズ,0,0,,0,0,0,0,2026/08/15
今野 龍太,東北楽天ゴールデンイーグルス,千葉ロッテマリーンズ,0,0,,0,0,0,0,2026/08/15
今野 龍太,東北楽天ゴールデンイーグルス,中日ドラゴンズ,0,0,,0,0,0,0,2026/08/15
今野 龍太,東北楽天ゴールデンイーグルス,東京ヤクルトスワローズ,0,0,,0,0,0,0,2026/08/15
今野 龍太,東北楽天ゴールデンイーグルス,読売ジャイアンツ,0,0,,0,0,0,0,2026/08/15
今野 龍太,東北楽天ゴールデンイーグルス,福岡ソフトバンクホークス,0,0,,0,0,0,0,2026/08/15
今野 龍太,東北楽天ゴールデンイーグルス,北海道日本ハムファイターズ,0,0,,0,0,0,0,2026/08/15
大内 誠弥,東北楽天ゴールデンイーグルス,オリックス・バファローズ,0,0,,0,0,0,0,2026/08/15
大内 誠弥,東北楽天ゴールデンイーグルス,横浜DeNAベイスターズ,0,0,,0,0,0,0,2026/08/15
大内 誠弥,東北楽天ゴールデンイーグルス,広島東洋カープ,0,0,,0,0,0,0,2026/08/15
大内 誠弥,東北楽天ゴールデンイーグルス,阪神タイガース,0,0,,0,0,0,0,2026/08/15
大内 誠弥,東北楽天ゴールデンイーグルス,埼玉西武ライオンズ,0,0,,0,0,0,0,2026/08/15
大内 誠弥,東北楽天ゴールデンイーグルス,千葉ロッテマリーンズ,0,0,,0,0,0,0,2026/08/15
大内 誠弥,東北楽天ゴールデンイーグルス,中日ドラゴンズ,0,0,,0,0,0,0,2026/08/15
大内 誠弥,東北楽天ゴールデンイーグルス,東京ヤクルトスワローズ,0,0,,0,0,0,0,2026/08/15
大内 誠弥,東北楽天ゴールデンイーグルス,読売ジャイアンツ,0,0,,0,0,0,0,2026/08/15
大内 誠弥,東北楽天ゴールデンイーグルス,福岡ソフトバンクホークス,0,0,,0,0,0,0,2026/08/15
大内 誠弥,東北楽天ゴールデンイーグルス,北海道日本ハムファイターズ,0,0,,0,0,0,0,2026/08/15
内 星龍,東北楽天ゴールデンイーグルス,オリックス・バファローズ,0,4,22.50,0,0,0,0,2026/08/15
内 星龍,東北楽天ゴールデンイーグルス,横浜DeNAベイスターズ,0,0,,0,0,0,0,2026/08/15
内 星龍,東北楽天ゴールデンイーグルス,広島東洋カープ,0,1,0.00,0,0,0,0,2026/08/15
内 星龍,東北楽天ゴールデンイーグルス,阪神タイガース,0,0,,0,0,0,0,2026/08/15
内 星龍,東北楽天ゴールデンイーグルス,埼玉西武ライオンズ,0,3,0.00,0,0,0,0,2026/08/15
内 星龍,東北楽天ゴールデンイーグルス,千葉ロッテマリーンズ,0,4,2.25,0,0,0,0,2026/08/15
内 星龍,東北楽天ゴールデンイーグルス,中日ドラゴンズ,0,1,27.00,0,0,0,0,2026/08/15
内 星龍,東北楽天ゴールデンイーグルス,東京ヤクルトスワローズ,0,0,,0,0,0,0,2026/08/15
内 星龍,東北楽天ゴールデンイーグルス,読売ジャイアンツ,0,0,,0,0,0,0,2026/08/15
内 星龍,東北楽天ゴールデンイーグルス,福岡ソフトバンクホークス,0,6,2.57,0,0,2,0,2026/08/15
内 星龍,東北楽天ゴールデンイーグルス,北海道日本ハムファイターズ,0,6,7.50,0,2,2,0,2026/08/15
柴田 大地,東北楽天ゴールデンイーグルス,オリックス・バファローズ,0,5,10.13,1,0,1,0,2026/08/15
柴田 大地,東北楽天ゴールデンイーグルス,横浜DeNAベイスターズ,0,2,36.00,1,0,0,0,2026/08/15
柴田 大地,東北楽天ゴールデンイーグルス,広島東洋カープ,0,1,0.00,0,0,0,0,2026/08/15
柴田 大地,東北楽天ゴールデンイーグルス,阪神タイガース,0,0,,0,0,0,0,2026/08/15
柴田 大地,東北楽天ゴールデンイーグルス,埼玉西武ライオンズ,0,4,0.00,0,0,1,0,2026/08/15
柴田 大地,東北楽天ゴールデンイーグルス,千葉ロッテマリーンズ,0,5,4.50,0,1,1,0,2026/08/15
柴田 大地,東北楽天ゴールデンイーグルス,中日ドラゴンズ,0,0,,0,0,0,0,2026/08/15
柴田 大地,東北楽天ゴールデンイーグルス,東京ヤクルトスワローズ,0,2,0.00,0,0,0,0,2026/08/15
柴田 大地,東北楽天ゴールデンイーグルス,読売ジャイアンツ,0,1,0.00,0,0,0,0,2026/08/15
柴田 大地,東北楽天ゴールデンイーグルス,福岡ソフトバンクホークス,0,4,12.00,0,0,0,1,2026/08/15
柴田 大地,東北楽天ゴールデンイーグルス,北海道日本ハムファイターズ,0,4,0.00,0,0,1,0,2026/08/15
伊藤 大晟,東北楽天ゴールデンイーグルス,オリックス・バファローズ,0,0,,0,0,0,0,2026/08/15
伊藤 大晟,東北楽天ゴールデンイーグルス,横浜DeNAベイスターズ,0,0,,0,0,0,0,2026/08/15
伊藤 大晟,東北楽天ゴールデンイーグルス,広島東洋カープ,0,0,,0,0,0,0,2026/08/15
伊藤 大晟,東北楽天ゴールデンイーグルス,阪神タイガース,0,0,,0,0,0,0,2026/08/15
伊藤 大晟,東北楽天ゴールデンイーグルス,埼玉西武ライオンズ,0,0,,0,0,0,0,2026/08/15
伊藤 大晟,東北楽天ゴールデンイーグルス,千葉ロッテマリーンズ,0,0,,0,0,0,0,2026/08/15
伊藤 大晟,東北楽天ゴールデンイーグルス,中日ドラゴンズ,0,0,,0,0,0,0,2026/08/15
伊藤 大晟,東北楽天ゴールデンイーグルス,東京ヤクルトスワローズ,0,0,,0,0,0,0,2026/08/15
伊藤 大晟,東北楽天ゴールデンイーグルス,読売ジャイアンツ,0,0,,0,0,0,0,2026/08/15
伊藤 大晟,東北楽天ゴールデンイーグルス,福岡ソフトバンクホークス,0,0,,0,0,0,0,2026/08/15
伊藤 大晟,東北楽天ゴールデンイーグルス,北海道日本ハムファイターズ,0,0,,0,0,0,0,2026/08/15
カスティーヨ,千葉ロッテマリーンズ,オリックス・バファローズ,0,2,0.00,0,0,0,0,2026/08/15
カスティーヨ,千葉ロッテマリーンズ,横浜DeNAベイスターズ,0,0,,0,0,0,0,2026/08/15
カスティーヨ,千葉ロッテマリーンズ,広島東洋カープ,0,0,,0,0,0,0,2026/08/15
カスティーヨ,千葉ロッテマリーンズ,阪神タイガース,0,0,,0,0,0,0,2026/08/15
カスティーヨ,千葉ロッテマリーンズ,埼玉西武ライオンズ,0,1,,0,1,0,0,2026/08/15
カスティーヨ,千葉ロッテマリーンズ,中日ドラゴンズ,0,0,,0,0,0,0,2026/08/15
カスティーヨ,千葉ロッテマリーンズ,東京ヤクルトスワローズ,0,0,,0,0,0,0,2026/08/15
カスティーヨ,千葉ロッテマリーンズ,東北楽天ゴールデンイーグルス,0,0,,0,0,0,0,2026/08/15
カスティーヨ,千葉ロッテマリーンズ,読売ジャイアンツ,0,0,,0,0,0,0,2026/08/15
カスティーヨ,千葉ロッテマリーンズ,福岡ソフトバンクホークス,0,2,0.00,0,0,0,0,2026/08/15
カスティーヨ,千葉ロッテマリーンズ,北海道日本ハムファイターズ,0,2,4.50,0,0,0,0,2026/08/15
毛利 海大,千葉ロッテマリーンズ,オリックス・バファローズ,1,0,5.79,0,1,0,0,2026/08/15
毛利 海大,千葉ロッテマリーンズ,横浜DeNAベイスターズ,0,0,,0,0,0,0,2026/08/15
毛利 海大,千葉ロッテマリーンズ,広島東洋カープ,1,0,6.00,0,0,0,0,2026/08/15
毛利 海大,千葉ロッテマリーンズ,阪神タイガース,0,0,,0,0,0,0,2026/08/15
毛利 海大,千葉ロッテマリーンズ,埼玉西武ライオンズ,5,0,0.92,3,0,0,0,2026/08/15
毛利 海大,千葉ロッテマリーンズ,中日ドラゴンズ,1,0,30.00,0,1,0,0,2026/08/15
毛利 海大,千葉ロッテマリーンズ,東京ヤクルトスワローズ,1,0,0.00,0,0,0,0,2026/08/15
毛利 海大,千葉ロッテマリーンズ,東北楽天ゴールデンイーグルス,1,0,2.25,0,0,0,0,2026/08/15
毛利 海大,千葉ロッテマリーンズ,読売ジャイアンツ,0,0,,0,0,0,0,2026/08/15
毛利 海大,千葉ロッテマリーンズ,福岡ソフトバンクホークス,2,0,5.56,0,1,0,0,2026/08/15
毛利 海大,千葉ロッテマリーンズ,北海道日本ハムファイターズ,1,0,15.00,0,0,0,0,2026/08/15
小島 和哉,千葉ロッテマリーンズ,オリックス・バファローズ,2,0,3.00,0,2,0,0,2026/08/15
小島 和哉,千葉ロッテマリーンズ,横浜DeNAベイスターズ,0,0,,0,0,0,0,2026/08/15
小島 和哉,千葉ロッテマリーンズ,広島東洋カープ,0,0,,0,0,0,0,2026/08/15
小島 和哉,千葉ロッテマリーンズ,阪神タイガース,0,0,,0,0,0,0,2026/08/15
小島 和哉,千葉ロッテマリーンズ,埼玉西武ライオンズ,3,0,3.38,1,2,0,0,2026/08/15
小島 和哉,千葉ロッテマリーンズ,中日ドラゴンズ,1,0,1.59,0,0,0,0,2026/08/15
小島 和哉,千葉ロッテマリーンズ,東京ヤクルトスワローズ,1,0,1.29,1,0,0,0,2026/08/15
小島 和哉,千葉ロッテマリーンズ,東北楽天ゴールデンイーグルス,3,0,1.96,2,0,0,0,2026/08/15
小島 和哉,千葉ロッテマリーンズ,読売ジャイアンツ,0,0,,0,0,0,0,2026/08/15
小島 和哉,千葉ロッテマリーンズ,福岡ソフトバンクホークス,3,0,9.64,0,2,0,0,2026/08/15
小島 和哉,千葉ロッテマリーンズ,北海道日本ハムファイターズ,1,0,3.86,0,1,0,0,2026/08/15
横山 陸人,千葉ロッテマリーンズ,オリックス・バファローズ,0,7,1.42,0,0,1,4,2026/08/15
横山 陸人,千葉ロッテマリーンズ,横浜DeNAベイスターズ,0,1,0.00,0,0,0,1,2026/08/15
横山 陸人,千葉ロッテマリーンズ,広島東洋カープ,0,3,0.00,0,0,0,3,2026/08/15
横山 陸人,千葉ロッテマリーンズ,阪神タイガース,0,1,0.00,0,0,0,1,2026/08/15
横山 陸人,千葉ロッテマリーンズ,埼玉西武ライオンズ,0,6,1.50,0,0,0,4,2026/08/15
横山 陸人,千葉ロッテマリーンズ,中日ドラゴンズ,0,2,0.00,0,0,1,1,2026/08/15
横山 陸人,千葉ロッテマリーンズ,東京ヤクルトスワローズ,0,1,0.00,0,0,0,1,2026/08/15
横山 陸人,千葉ロッテマリーンズ,東北楽天ゴールデンイーグルス,0,7,1.29,0,0,0,7,2026/08/15
横山 陸人,千葉ロッテマリーンズ,読売ジャイアンツ,0,2,0.00,0,0,2,0,2026/08/15
横山 陸人,千葉ロッテマリーンズ,福岡ソフトバンクホークス,0,6,7.94,0,2,1,2,2026/08/15
横山 陸人,千葉ロッテマリーンズ,北海道日本ハムファイターズ,0,5,1.69,0,0,1,4,2026/08/15
種市 篤暉,千葉ロッテマリーンズ,オリックス・バファローズ,0,0,,0,0,0,0,2026/08/15
種市 篤暉,千葉ロッテマリーンズ,横浜DeNAベイスターズ,0,0,,0,0,0,0,2026/08/15
種市 篤暉,千葉ロッテマリーンズ,広島東洋カープ,0,0,,0,0,0,0,2026/08/15
種市 篤暉,千葉ロッテマリーンズ,阪神タイガース,0,0,,0,0,0,0,2026/08/15
種市 篤暉,千葉ロッテマリーンズ,埼玉西武ライオンズ,0,0,,0,0,0,0,2026/08/15
種市 篤暉,千葉ロッテマリーンズ,中日ドラゴンズ,0,0,,0,0,0,0,2026/08/15
種市 篤暉,千葉ロッテマリーンズ,東京ヤクルトスワローズ,0,0,,0,0,0,0,2026/08/15
種市 篤暉,千葉ロッテマリーンズ,東北楽天ゴールデンイーグルス,1,0,0.00,0,0,0,0,2026/08/15
種市 篤暉,千葉ロッテマリーンズ,読売ジャイアンツ,0,0,,0,0,0,0,2026/08/15
種市 篤暉,千葉ロッテマリーンズ,福岡ソフトバンクホークス,1,0,0.00,0,0,0,0,2026/08/15
種市 篤暉,千葉ロッテマリーンズ,北海道日本ハムファイターズ,0,0,,0,0,0,0,2026/08/15
石垣 元気,千葉ロッテマリーンズ,オリックス・バファローズ,0,0,,0,0,0,0,2026/08/15
石垣 元気,千葉ロッテマリーンズ,横浜DeNAベイスターズ,0,0,,0,0,0,0,2026/08/15
石垣 元気,千葉ロッテマリーンズ,広島東洋カープ,0,0,,0,0,0,0,2026/08/15
石垣 元気,千葉ロッテマリーンズ,阪神タイガース,0,0,,0,0,0,0,2026/08/15
石垣 元気,千葉ロッテマリーンズ,埼玉西武ライオンズ,0,0,,0,0,0,0,2026/08/15
石垣 元気,千葉ロッテマリーンズ,中日ドラゴンズ,0,0,,0,0,0,0,2026/08/15
石垣 元気,千葉ロッテマリーンズ,東京ヤクルトスワローズ,0,0,,0,0,0,0,2026/08/15
石垣 元気,千葉ロッテマリーンズ,東北楽天ゴールデンイーグルス,0,0,,0,0,0,0,2026/08/15
石垣 元気,千葉ロッテマリーンズ,読売ジャイアンツ,0,0,,0,0,0,0,2026/08/15
石垣 元気,千葉ロッテマリーンズ,福岡ソフトバンクホークス,0,0,,0,0,0,0,2026/08/15
石垣 元気,千葉ロッテマリーンズ,北海道日本ハムファイターズ,0,0,,0,0,0,0,2026/08/15
唐川 侑己,千葉ロッテマリーンズ,オリックス・バファローズ,0,0,,0,0,0,0,2026/08/15
唐川 侑己,千葉ロッテマリーンズ,横浜DeNAベイスターズ,0,0,,0,0,0,0,2026/08/15
唐川 侑己,千葉ロッテマリーンズ,広島東洋カープ,0,0,,0,0,0,0,2026/08/15
唐川 侑己,千葉ロッテマリーンズ,阪神タイガース,1,0,7.20,0,1,0,0,2026/08/15
唐川 侑己,千葉ロッテマリーンズ,埼玉西武ライオンズ,0,0,,0,0,0,0,2026/08/15
唐川 侑己,千葉ロッテマリーンズ,中日ドラゴンズ,0,0,,0,0,0,0,2026/08/15
唐川 侑己,千葉ロッテマリーンズ,東京ヤクルトスワローズ,0,0,,0,0,0,0,2026/08/15
唐川 侑己,千葉ロッテマリーンズ,東北楽天ゴールデンイーグルス,0,0,,0,0,0,0,2026/08/15
唐川 侑己,千葉ロッテマリーンズ,読売ジャイアンツ,0,0,,0,0,0,0,2026/08/15
唐川 侑己,千葉ロッテマリーンズ,福岡ソフトバンクホークス,0,0,,0,0,0,0,2026/08/15
唐川 侑己,千葉ロッテマリーンズ,北海道日本ハムファイターズ,0,0,,0,0,0,0,2026/08/15
石川 柊太,千葉ロッテマリーンズ,オリックス・バファローズ,0,0,,0,0,0,0,2026/08/15
石川 柊太,千葉ロッテマリーンズ,横浜DeNAベイスターズ,0,0,,0,0,0,0,2026/08/15
石川 柊太,千葉ロッテマリーンズ,広島東洋カープ,0,0,,0,0,0,0,2026/08/15
石川 柊太,千葉ロッテマリーンズ,阪神タイガース,0,0,,0,0,0,0,2026/08/15
石川 柊太,千葉ロッテマリーンズ,埼玉西武ライオンズ,0,0,,0,0,0,0,2026/08/15
石川 柊太,千葉ロッテマリーンズ,中日ドラゴンズ,0,0,,0,0,0,0,2026/08/15
石川 柊太,千葉ロッテマリーンズ,東京ヤクルトスワローズ,0,0,,0,0,0,0,2026/08/15
石川 柊太,千葉ロッテマリーンズ,東北楽天ゴールデンイーグルス,0,0,,0,0,0,0,2026/08/15
石川 柊太,千葉ロッテマリーンズ,読売ジャイアンツ,0,0,,0,0,0,0,2026/08/15
石川 柊太,千葉ロッテマリーンズ,福岡ソフトバンクホークス,0,2,5.40,0,0,0,0,2026/08/15
石川 柊太,千葉ロッテマリーンズ,北海道日本ハムファイターズ,0,1,0.00,0,0,0,0,2026/08/15
東妻 勇輔,千葉ロッテマリーンズ,オリックス・バファローズ,0,0,,0,0,0,0,2026/08/15
東妻 勇輔,千葉ロッテマリーンズ,横浜DeNAベイスターズ,0,0,,0,0,0,0,2026/08/15
東妻 勇輔,千葉ロッテマリーンズ,広島東洋カープ,0,0,,0,0,0,0,2026/08/15
東妻 勇輔,千葉ロッテマリーンズ,阪神タイガース,0,0,,0,0,0,0,2026/08/15
東妻 勇輔,千葉ロッテマリーンズ,埼玉西武ライオンズ,0,1,9.00,0,0,0,0,2026/08/15
東妻 勇輔,千葉ロッテマリーンズ,中日ドラゴンズ,0,0,,0,0,0,0,2026/08/15
東妻 勇輔,千葉ロッテマリーンズ,東京ヤクルトスワローズ,0,0,,0,0,0,0,2026/08/15
東妻 勇輔,千葉ロッテマリーンズ,東北楽天ゴールデンイーグルス,0,0,,0,0,0,0,2026/08/15
東妻 勇輔,千葉ロッテマリーンズ,読売ジャイアンツ,0,0,,0,0,0,0,2026/08/15
東妻 勇輔,千葉ロッテマリーンズ,福岡ソフトバンクホークス,0,0,,0,0,0,0,2026/08/15
東妻 勇輔,千葉ロッテマリーンズ,北海道日本ハムファイターズ,0,0,,0,0,0,0,2026/08/15
菊地 吏玖,千葉ロッテマリーンズ,オリックス・バファローズ,0,1,0.00,0,0,0,0,2026/08/15
菊地 吏玖,千葉ロッテマリーンズ,横浜DeNAベイスターズ,0,0,,0,0,0,0,2026/08/15
菊地 吏玖,千葉ロッテマリーンズ,広島東洋カープ,0,0,,0,0,0,0,2026/08/15
菊地 吏玖,千葉ロッテマリーンズ,阪神タイガース,0,0,,0,0,0,0,2026/08/15
菊地 吏玖,千葉ロッテマリーンズ,埼玉西武ライオンズ,0,0,,0,0,0,0,2026/08/15
菊地 吏玖,千葉ロッテマリーンズ,中日ドラゴンズ,0,0,,0,0,0,0,2026/08/15
菊地 吏玖,千葉ロッテマリーンズ,東京ヤクルトスワローズ,0,0,,0,0,0,0,2026/08/15
菊地 吏玖,千葉ロッテマリーンズ,東北楽天ゴールデンイーグルス,0,1,9.00,0,0,0,0,2026/08/15
菊地 吏玖,千葉ロッテマリーンズ,読売ジャイアンツ,0,0,,0,0,0,0,2026/08/15
菊地 吏玖,千葉ロッテマリーンズ,福岡ソフトバンクホークス,0,0,,0,0,0,0,2026/08/15
菊地 吏玖,千葉ロッテマリーンズ,北海道日本ハムファイターズ,0,0,,0,0,0,0,2026/08/15
西野 勇士,千葉ロッテマリーンズ,オリックス・バファローズ,2,0,2.45,0,1,0,0,2026/08/15
西野 勇士,千葉ロッテマリーンズ,横浜DeNAベイスターズ,0,0,,0,0,0,0,2026/08/15
西野 勇士,千葉ロッテマリーンズ,広島東洋カープ,0,0,,0,0,0,0,2026/08/15
西野 勇士,千葉ロッテマリーンズ,阪神タイガース,0,0,,0,0,0,0,2026/08/15
西野 勇士,千葉ロッテマリーンズ,埼玉西武ライオンズ,0,0,,0,0,0,0,2026/08/15
西野 勇士,千葉ロッテマリーンズ,中日ドラゴンズ,0,0,,0,0,0,0,2026/08/15
西野 勇士,千葉ロッテマリーンズ,東京ヤクルトスワローズ,0,0,,0,0,0,0,2026/08/15
西野 勇士,千葉ロッテマリーンズ,東北楽天ゴールデンイーグルス,2,0,6.52,0,0,0,0,2026/08/15
西野 勇士,千葉ロッテマリーンズ,読売ジャイアンツ,0,0,,0,0,0,0,2026/08/15
西野 勇士,千葉ロッテマリーンズ,福岡ソフトバンクホークス,0,0,,0,0,0,0,2026/08/15
西野 勇士,千葉ロッテマリーンズ,北海道日本ハムファイターズ,2,0,4.50,1,1,0,0,2026/08/15
廣畑 敦也,千葉ロッテマリーンズ,オリックス・バファローズ,0,1,9.00,0,0,0,0,2026/08/15
廣畑 敦也,千葉ロッテマリーンズ,横浜DeNAベイスターズ,0,1,11.25,0,0,0,0,2026/08/15
廣畑 敦也,千葉ロッテマリーンズ,広島東洋カープ,0,0,,0,0,0,0,2026/08/15
廣畑 敦也,千葉ロッテマリーンズ,阪神タイガース,0,0,,0,0,0,0,2026/08/15
廣畑 敦也,千葉ロッテマリーンズ,埼玉西武ライオンズ,0,0,,0,0,0,0,2026/08/15
廣畑 敦也,千葉ロッテマリーンズ,中日ドラゴンズ,0,0,,0,0,0,0,2026/08/15
廣畑 敦也,千葉ロッテマリーンズ,東京ヤクルトスワローズ,0,0,,0,0,0,0,2026/08/15
廣畑 敦也,千葉ロッテマリーンズ,東北楽天ゴールデンイーグルス,0,0,,0,0,0,0,2026/08/15
廣畑 敦也,千葉ロッテマリーンズ,読売ジャイアンツ,0,0,,0,0,0,0,2026/08/15
廣畑 敦也,千葉ロッテマリーンズ,福岡ソフトバンクホークス,0,1,0.00,0,0,0,0,2026/08/15
廣畑 敦也,千葉ロッテマリーンズ,北海道日本ハムファイターズ,0,1,9.00,0,0,0,0,2026/08/15
大谷 輝龍,千葉ロッテマリーンズ,オリックス・バファローズ,0,0,,0,0,0,0,2026/08/15
大谷 輝龍,千葉ロッテマリーンズ,横浜DeNAベイスターズ,0,0,,0,0,0,0,2026/08/15
大谷 輝龍,千葉ロッテマリーンズ,広島東洋カープ,0,0,,0,0,0,0,2026/08/15
大谷 輝龍,千葉ロッテマリーンズ,阪神タイガース,0,0,,0,0,0,0,2026/08/15
大谷 輝龍,千葉ロッテマリーンズ,埼玉西武ライオンズ,0,0,,0,0,0,0,2026/08/15
大谷 輝龍,千葉ロッテマリーンズ,中日ドラゴンズ,0,0,,0,0,0,0,2026/08/15
大谷 輝龍,千葉ロッテマリーンズ,東京ヤクルトスワローズ,0,0,,0,0,0,0,2026/08/15
大谷 輝龍,千葉ロッテマリーンズ,東北楽天ゴールデンイーグルス,0,0,,0,0,0,0,2026/08/15
大谷 輝龍,千葉ロッテマリーンズ,読売ジャイアンツ,0,0,,0,0,0,0,2026/08/15
大谷 輝龍,千葉ロッテマリーンズ,福岡ソフトバンクホークス,0,0,,0,0,0,0,2026/08/15
大谷 輝龍,千葉ロッテマリーンズ,北海道日本ハムファイターズ,0,0,,0,0,0,0,2026/08/15
八木 彬,千葉ロッテマリーンズ,オリックス・バファローズ,0,7,1.80,2,0,1,0,2026/08/15
八木 彬,千葉ロッテマリーンズ,横浜DeNAベイスターズ,0,1,0.00,0,0,1,0,2026/08/15
八木 彬,千葉ロッテマリーンズ,広島東洋カープ,0,2,6.75,1,0,1,0,2026/08/15
八木 彬,千葉ロッテマリーンズ,阪神タイガース,0,1,0.00,0,0,0,0,2026/08/15
八木 彬,千葉ロッテマリーンズ,埼玉西武ライオンズ,0,4,0.00,0,0,2,0,2026/08/15
八木 彬,千葉ロッテマリーンズ,中日ドラゴンズ,0,1,0.00,0,0,0,0,2026/08/15
八木 彬,千葉ロッテマリーンズ,東京ヤクルトスワローズ,0,0,,0,0,0,0,2026/08/15
八木 彬,千葉ロッテマリーンズ,東北楽天ゴールデンイーグルス,0,6,0.00,3,0,1,0,2026/08/15
八木 彬,千葉ロッテマリーンズ,読売ジャイアンツ,0,2,9.00,0,0,1,0,2026/08/15
八木 彬,千葉ロッテマリーンズ,福岡ソフトバンクホークス,0,5,3.12,1,0,0,0,2026/08/15
八木 彬,千葉ロッテマリーンズ,北海道日本ハムファイターズ,0,3,1.80,2,0,1,0,2026/08/15
高野 脩汰,千葉ロッテマリーンズ,オリックス・バファローズ,0,3,10.80,0,1,1,0,2026/08/15
高野 脩汰,千葉ロッテマリーンズ,横浜DeNAベイスターズ,0,1,9.00,0,0,0,0,2026/08/15
高野 脩汰,千葉ロッテマリーンズ,広島東洋カープ,0,1,0.00,0,0,0,0,2026/08/15
高野 脩汰,千葉ロッテマリーンズ,阪神タイガース,0,1,0.00,0,0,0,0,2026/08/15
高野 脩汰,千葉ロッテマリーンズ,埼玉西武ライオンズ,0,3,0.00,0,0,1,0,2026/08/15
高野 脩汰,千葉ロッテマリーンズ,中日ドラゴンズ,0,0,,0,0,0,0,2026/08/15
高野 脩汰,千葉ロッテマリーンズ,東京ヤクルトスワローズ,0,1,9.00,0,1,0,0,2026/08/15
高野 脩汰,千葉ロッテマリーンズ,東北楽天ゴールデンイーグルス,0,4,1.80,1,0,1,0,2026/08/15
高野 脩汰,千葉ロッテマリーンズ,読売ジャイアンツ,0,1,0.00,0,0,0,0,2026/08/15
高野 脩汰,千葉ロッテマリーンズ,福岡ソフトバンクホークス,0,6,6.23,0,1,0,0,2026/08/15
高野 脩汰,千葉ロッテマリーンズ,北海道日本ハムファイターズ,0,4,5.79,0,0,1,0,2026/08/15
田中 晴也,千葉ロッテマリーンズ,オリックス・バファローズ,1,0,0.00,0,0,0,0,2026/08/15
田中 晴也,千葉ロッテマリーンズ,横浜DeNAベイスターズ,1,0,47.25,0,1,0,0,2026/08/15
田中 晴也,千葉ロッテマリーンズ,広島東洋カープ,0,0,,0,0,0,0,2026/08/15
田中 晴也,千葉ロッテマリーンズ,阪神タイガース,1,0,1.50,0,1,0,0,2026/08/15
田中 晴也,千葉ロッテマリーンズ,埼玉西武ライオンズ,3,0,4.00,1,2,0,0,2026/08/15
田中 晴也,千葉ロッテマリーンズ,中日ドラゴンズ,0,0,,0,0,0,0,2026/08/15
田中 晴也,千葉ロッテマリーンズ,東京ヤクルトスワローズ,0,0,,0,0,0,0,2026/08/15
田中 晴也,千葉ロッテマリーンズ,東北楽天ゴールデンイーグルス,1,0,12.60,0,1,0,0,2026/08/15
田中 晴也,千葉ロッテマリーンズ,読売ジャイアンツ,1,0,0.00,0,0,0,0,2026/08/15
田中 晴也,千葉ロッテマリーンズ,福岡ソフトバンクホークス,4,0,3.18,1,0,0,0,2026/08/15
田中 晴也,千葉ロッテマリーンズ,北海道日本ハムファイターズ,0,0,,0,0,0,0,2026/08/15
坂本 光士郎,千葉ロッテマリーンズ,オリックス・バファローズ,0,4,0.00,1,0,0,0,2026/08/15
坂本 光士郎,千葉ロッテマリーンズ,横浜DeNAベイスターズ,0,1,16.20,0,0,0,0,2026/08/15
坂本 光士郎,千葉ロッテマリーンズ,広島東洋カープ,0,1,9.00,1,0,0,0,2026/08/15
坂本 光士郎,千葉ロッテマリーンズ,阪神タイガース,0,0,,0,0,0,0,2026/08/15
坂本 光士郎,千葉ロッテマリーンズ,埼玉西武ライオンズ,0,3,6.75,0,0,0,0,2026/08/15
坂本 光士郎,千葉ロッテマリーンズ,中日ドラゴンズ,0,1,4.50,0,0,0,0,2026/08/15
坂本 光士郎,千葉ロッテマリーンズ,東京ヤクルトスワローズ,0,0,,0,0,0,0,2026/08/15
坂本 光士郎,千葉ロッテマリーンズ,東北楽天ゴールデンイーグルス,0,2,0.00,0,1,0,0,2026/08/15
坂本 光士郎,千葉ロッテマリーンズ,読売ジャイアンツ,0,2,0.00,0,0,0,0,2026/08/15
坂本 光士郎,千葉ロッテマリーンズ,福岡ソフトバンクホークス,0,4,7.20,0,0,0,0,2026/08/15
坂本 光士郎,千葉ロッテマリーンズ,北海道日本ハムファイターズ,0,4,2.25,0,0,1,0,2026/08/15
小野 郁,千葉ロッテマリーンズ,オリックス・バファローズ,0,4,0.00,1,0,0,0,2026/08/15
小野 郁,千葉ロッテマリーンズ,横浜DeNAベイスターズ,0,1,9.00,1,0,0,0,2026/08/15
小野 郁,千葉ロッテマリーンズ,広島東洋カープ,0,0,,0,0,0,0,2026/08/15
小野 郁,千葉ロッテマリーンズ,阪神タイガース,0,2,3.00,0,0,0,0,2026/08/15
小野 郁,千葉ロッテマリーンズ,埼玉西武ライオンズ,0,4,1.80,0,0,0,0,2026/08/15
小野 郁,千葉ロッテマリーンズ,中日ドラゴンズ,0,1,0.00,0,0,1,0,2026/08/15
小野 郁,千葉ロッテマリーンズ,東京ヤクルトスワローズ,0,1,0.00,0,0,0,0,2026/08/15
小野 郁,千葉ロッテマリーンズ,東北楽天ゴールデンイーグルス,0,3,0.00,0,0,1,0,2026/08/15
小野 郁,千葉ロッテマリーンズ,読売ジャイアンツ,0,2,0.00,0,0,2,0,2026/08/15
小野 郁,千葉ロッテマリーンズ,福岡ソフトバンクホークス,0,4,0.00,0,0,1,0,2026/08/15
小野 郁,千葉ロッテマリーンズ,北海道日本ハムファイターズ,0,4,6.75,0,1,0,0,2026/08/15
奥村 頼人,千葉ロッテマリーンズ,オリックス・バファローズ,0,0,,0,0,0,0,2026/08/15
奥村 頼人,千葉ロッテマリーンズ,横浜DeNAベイスターズ,0,0,,0,0,0,0,2026/08/15
奥村 頼人,千葉ロッテマリーンズ,広島東洋カープ,0,0,,0,0,0,0,2026/08/15
奥村 頼人,千葉ロッテマリーンズ,阪神タイガース,0,0,,0,0,0,0,2026/08/15
奥村 頼人,千葉ロッテマリーンズ,埼玉西武ライオンズ,0,0,,0,0,0,0,2026/08/15
奥村 頼人,千葉ロッテマリーンズ,中日ドラゴンズ,0,0,,0,0,0,0,2026/08/15
奥村 頼人,千葉ロッテマリーンズ,東京ヤクルトスワローズ,0,0,,0,0,0,0,2026/08/15
奥村 頼人,千葉ロッテマリーンズ,東北楽天ゴールデンイーグルス,0,0,,0,0,0,0,2026/08/15
奥村 頼人,千葉ロッテマリーンズ,読売ジャイアンツ,0,0,,0,0,0,0,2026/08/15
奥村 頼人,千葉ロッテマリーンズ,福岡ソフトバンクホークス,0,0,,0,0,0,0,2026/08/15
奥村 頼人,千葉ロッテマリーンズ,北海道日本ハムファイターズ,0,0,,0,0,0,0,2026/08/15
一條 力真,千葉ロッテマリーンズ,オリックス・バファローズ,0,0,,0,0,0,0,2026/08/15
一條 力真,千葉ロッテマリーンズ,横浜DeNAベイスターズ,0,0,,0,0,0,0,2026/08/15
一條 力真,千葉ロッテマリーンズ,広島東洋カープ,0,0,,0,0,0,0,2026/08/15
一條 力真,千葉ロッテマリーンズ,阪神タイガース,0,0,,0,0,0,0,2026/08/15
一條 力真,千葉ロッテマリーンズ,埼玉西武ライオンズ,0,0,,0,0,0,0,2026/08/15
一條 力真,千葉ロッテマリーンズ,中日ドラゴンズ,0,0,,0,0,0,0,2026/08/15
一條 力真,千葉ロッテマリーンズ,東京ヤクルトスワローズ,0,0,,0,0,0,0,2026/08/15
一條 力真,千葉ロッテマリーンズ,東北楽天ゴールデンイーグルス,0,0,,0,0,0,0,2026/08/15
一條 力真,千葉ロッテマリーンズ,読売ジャイアンツ,0,0,,0,0,0,0,2026/08/15
一條 力真,千葉ロッテマリーンズ,福岡ソフトバンクホークス,0,0,,0,0,0,0,2026/08/15
一條 力真,千葉ロッテマリーンズ,北海道日本ハムファイターズ,0,0,,0,0,0,0,2026/08/15
ジャクソン,千葉ロッテマリーンズ,オリックス・バファローズ,5,0,4.60,2,2,0,0,2026/08/15
ジャクソン,千葉ロッテマリーンズ,横浜DeNAベイスターズ,0,0,,0,0,0,0,2026/08/15
ジャクソン,千葉ロッテマリーンズ,広島東洋カープ,1,0,1.50,0,0,0,0,2026/08/15
ジャクソン,千葉ロッテマリーンズ,阪神タイガース,0,0,,0,0,0,0,2026/08/15
ジャクソン,千葉ロッテマリーンズ,埼玉西武ライオンズ,3,0,3.00,0,2,0,0,2026/08/15
ジャクソン,千葉ロッテマリーンズ,中日ドラゴンズ,1,0,1.50,1,0,0,0,2026/08/15
ジャクソン,千葉ロッテマリーンズ,東京ヤクルトスワローズ,1,0,0.00,1,0,0,0,2026/08/15
ジャクソン,千葉ロッテマリーンズ,東北楽天ゴールデンイーグルス,3,0,1.50,2,0,0,0,2026/08/15
ジャクソン,千葉ロッテマリーンズ,読売ジャイアンツ,0,0,,0,0,0,0,2026/08/15
ジャクソン,千葉ロッテマリーンズ,福岡ソフトバンクホークス,1,0,7.20,0,0,0,0,2026/08/15
ジャクソン,千葉ロッテマリーンズ,北海道日本ハムファイターズ,5,0,3.31,2,3,0,0,2026/08/15
冨士 隼斗,千葉ロッテマリーンズ,オリックス・バファローズ,0,0,,0,0,0,0,2026/08/15
冨士 隼斗,千葉ロッテマリーンズ,横浜DeNAベイスターズ,0,0,,0,0,0,0,2026/08/15
冨士 隼斗,千葉ロッテマリーンズ,広島東洋カープ,0,0,,0,0,0,0,2026/08/15
冨士 隼斗,千葉ロッテマリーンズ,阪神タイガース,0,0,,0,0,0,0,2026/08/15
冨士 隼斗,千葉ロッテマリーンズ,埼玉西武ライオンズ,0,0,,0,0,0,0,2026/08/15
冨士 隼斗,千葉ロッテマリーンズ,中日ドラゴンズ,0,0,,0,0,0,0,2026/08/15
冨士 隼斗,千葉ロッテマリーンズ,東京ヤクルトスワローズ,0,0,,0,0,0,0,2026/08/15
冨士 隼斗,千葉ロッテマリーンズ,東北楽天ゴールデンイーグルス,0,0,,0,0,0,0,2026/08/15
冨士 隼斗,千葉ロッテマリーンズ,読売ジャイアンツ,0,0,,0,0,0,0,2026/08/15
冨士 隼斗,千葉ロッテマリーンズ,福岡ソフトバンクホークス,0,0,,0,0,0,0,2026/08/15
冨士 隼斗,千葉ロッテマリーンズ,北海道日本ハムファイターズ,0,0,,0,0,0,0,2026/08/15
鈴木 昭汰,千葉ロッテマリーンズ,オリックス・バファローズ,0,8,2.35,0,0,5,0,2026/08/15
鈴木 昭汰,千葉ロッテマリーンズ,横浜DeNAベイスターズ,0,2,9.00,1,0,0,0,2026/08/15
鈴木 昭汰,千葉ロッテマリーンズ,広島東洋カープ,0,2,4.50,0,0,2,0,2026/08/15
鈴木 昭汰,千葉ロッテマリーンズ,阪神タイガース,0,1,0.00,1,0,0,0,2026/08/15
鈴木 昭汰,千葉ロッテマリーンズ,埼玉西武ライオンズ,0,6,3.00,2,0,4,0,2026/08/15
鈴木 昭汰,千葉ロッテマリーンズ,中日ドラゴンズ,0,2,4.50,0,0,1,0,2026/08/15
鈴木 昭汰,千葉ロッテマリーンズ,東京ヤクルトスワローズ,0,0,,0,0,0,0,2026/08/15
鈴木 昭汰,千葉ロッテマリーンズ,東北楽天ゴールデンイーグルス,0,5,5.79,0,1,3,0,2026/08/15
鈴木 昭汰,千葉ロッテマリーンズ,読売ジャイアンツ,0,2,0.00,0,0,2,0,2026/08/15
鈴木 昭汰,千葉ロッテマリーンズ,福岡ソフトバンクホークス,0,6,0.00,1,0,3,0,2026/08/15
鈴木 昭汰,千葉ロッテマリーンズ,北海道日本ハムファイターズ,0,5,0.00,0,0,2,1,2026/08/15
ルケーシー,千葉ロッテマリーンズ,オリックス・バファローズ,1,0,4.50,0,0,0,0,2026/08/15
ルケーシー,千葉ロッテマリーンズ,横浜DeNAベイスターズ,0,0,,0,0,0,0,2026/08/15
ルケーシー,千葉ロッテマリーンズ,広島東洋カープ,0,0,,0,0,0,0,2026/08/15
ルケーシー,千葉ロッテマリーンズ,阪神タイガース,0,0,,0,0,0,0,2026/08/15
ルケーシー,千葉ロッテマリーンズ,埼玉西武ライオンズ,0,0,,0,0,0,0,2026/08/15
ルケーシー,千葉ロッテマリーンズ,中日ドラゴンズ,0,0,,0,0,0,0,2026/08/15
ルケーシー,千葉ロッテマリーンズ,東京ヤクルトスワローズ,0,0,,0,0,0,0,2026/08/15
ルケーシー,千葉ロッテマリーンズ,東北楽天ゴールデンイーグルス,0,0,,0,0,0,0,2026/08/15
ルケーシー,千葉ロッテマリーンズ,読売ジャイアンツ,0,0,,0,0,0,0,2026/08/15
ルケーシー,千葉ロッテマリーンズ,福岡ソフトバンクホークス,0,0,,0,0,0,0,2026/08/15
ルケーシー,千葉ロッテマリーンズ,北海道日本ハムファイターズ,0,0,,0,0,0,0,2026/08/15
益田 直也,千葉ロッテマリーンズ,オリックス・バファローズ,0,7,1.42,0,0,2,1,2026/08/15
益田 直也,千葉ロッテマリーンズ,横浜DeNAベイスターズ,0,1,0.00,0,0,0,0,2026/08/15
益田 直也,千葉ロッテマリーンズ,広島東洋カープ,0,0,,0,0,0,0,2026/08/15
益田 直也,千葉ロッテマリーンズ,阪神タイガース,0,1,0.00,0,0,0,0,2026/08/15
益田 直也,千葉ロッテマリーンズ,埼玉西武ライオンズ,0,6,3.00,0,0,0,1,2026/08/15
益田 直也,千葉ロッテマリーンズ,中日ドラゴンズ,0,1,0.00,0,0,0,0,2026/08/15
益田 直也,千葉ロッテマリーンズ,東京ヤクルトスワローズ,0,1,0.00,0,0,0,0,2026/08/15
益田 直也,千葉ロッテマリーンズ,東北楽天ゴールデンイーグルス,0,4,2.25,1,0,0,0,2026/08/15
益田 直也,千葉ロッテマリーンズ,読売ジャイアンツ,0,1,18.00,0,0,0,0,2026/08/15
益田 直也,千葉ロッテマリーンズ,福岡ソフトバンクホークス,0,5,7.20,0,0,0,0,2026/08/15
益田 直也,千葉ロッテマリーンズ,北海道日本ハムファイターズ,0,1,0.00,0,0,0,0,2026/08/15
木村 優人,千葉ロッテマリーンズ,オリックス・バファローズ,1,0,1.50,0,0,0,0,2026/08/15
木村 優人,千葉ロッテマリーンズ,横浜DeNAベイスターズ,0,0,,0,0,0,0,2026/08/15
木村 優人,千葉ロッテマリーンズ,広島東洋カープ,0,0,,0,0,0,0,2026/08/15
木村 優人,千葉ロッテマリーンズ,阪神タイガース,0,0,,0,0,0,0,2026/08/15
木村 優人,千葉ロッテマリーンズ,埼玉西武ライオンズ,0,0,,0,0,0,0,2026/08/15
木村 優人,千葉ロッテマリーンズ,中日ドラゴンズ,0,0,,0,0,0,0,2026/08/15
木村 優人,千葉ロッテマリーンズ,東京ヤクルトスワローズ,0,0,,0,0,0,0,2026/08/15
木村 優人,千葉ロッテマリーンズ,東北楽天ゴールデンイーグルス,0,0,,0,0,0,0,2026/08/15
木村 優人,千葉ロッテマリーンズ,読売ジャイアンツ,0,0,,0,0,0,0,2026/08/15
木村 優人,千葉ロッテマリーンズ,福岡ソフトバンクホークス,0,0,,0,0,0,0,2026/08/15
木村 優人,千葉ロッテマリーンズ,北海道日本ハムファイターズ,2,0,8.10,0,1,0,0,2026/08/15
澤田 圭佑,千葉ロッテマリーンズ,オリックス・バファローズ,0,4,9.00,0,1,2,0,2026/08/15
澤田 圭佑,千葉ロッテマリーンズ,横浜DeNAベイスターズ,0,0,,0,0,0,0,2026/08/15
澤田 圭佑,千葉ロッテマリーンズ,広島東洋カープ,0,1,0.00,0,0,1,0,2026/08/15
澤田 圭佑,千葉ロッテマリーンズ,阪神タイガース,0,1,0.00,0,0,1,0,2026/08/15
澤田 圭佑,千葉ロッテマリーンズ,埼玉西武ライオンズ,0,7,3.86,0,0,1,0,2026/08/15
澤田 圭佑,千葉ロッテマリーンズ,中日ドラゴンズ,0,2,0.00,1,0,1,0,2026/08/15
澤田 圭佑,千葉ロッテマリーンズ,東京ヤクルトスワローズ,0,2,4.50,0,0,0,0,2026/08/15
澤田 圭佑,千葉ロッテマリーンズ,東北楽天ゴールデンイーグルス,0,5,0.00,0,0,2,0,2026/08/15
澤田 圭佑,千葉ロッテマリーンズ,読売ジャイアンツ,0,2,4.50,0,0,0,0,2026/08/15
澤田 圭佑,千葉ロッテマリーンズ,福岡ソフトバンクホークス,0,7,0.00,1,0,2,0,2026/08/15
澤田 圭佑,千葉ロッテマリーンズ,北海道日本ハムファイターズ,0,4,13.50,0,0,1,0,2026/08/15
中森 俊介,千葉ロッテマリーンズ,オリックス・バファローズ,0,6,1.50,1,1,2,1,2026/08/15
中森 俊介,千葉ロッテマリーンズ,横浜DeNAベイスターズ,0,1,0.00,0,0,1,0,2026/08/15
中森 俊介,千葉ロッテマリーンズ,広島東洋カープ,0,2,0.00,0,0,2,0,2026/08/15
中森 俊介,千葉ロッテマリーンズ,阪神タイガース,0,1,0.00,0,0,1,0,2026/08/15
中森 俊介,千葉ロッテマリーンズ,埼玉西武ライオンズ,0,5,0.00,2,0,2,0,2026/08/15
中森 俊介,千葉ロッテマリーンズ,中日ドラゴンズ,0,1,0.00,0,0,1,0,2026/08/15
中森 俊介,千葉ロッテマリーンズ,東京ヤクルトスワローズ,0,1,0.00,0,0,0,0,2026/08/15
中森 俊介,千葉ロッテマリーンズ,東北楽天ゴールデンイーグルス,0,3,6.00,0,0,1,0,2026/08/15
中森 俊介,千葉ロッテマリーンズ,読売ジャイアンツ,0,2,4.50,0,0,1,0,2026/08/15
中森 俊介,千葉ロッテマリーンズ,福岡ソフトバンクホークス,0,4,0.00,0,0,2,0,2026/08/15
中森 俊介,千葉ロッテマリーンズ,北海道日本ハムファイターズ,0,3,0.00,1,0,0,0,2026/08/15
河村 説人,千葉ロッテマリーンズ,オリックス・バファローズ,1,0,2.16,0,1,0,0,2026/08/15
河村 説人,千葉ロッテマリーンズ,横浜DeNAベイスターズ,0,0,,0,0,0,0,2026/08/15
河村 説人,千葉ロッテマリーンズ,広島東洋カープ,0,0,,0,0,0,0,2026/08/15
河村 説人,千葉ロッテマリーンズ,阪神タイガース,0,0,,0,0,0,0,2026/08/15
河村 説人,千葉ロッテマリーンズ,埼玉西武ライオンズ,2,0,2.45,0,0,0,0,2026/08/15
河村 説人,千葉ロッテマリーンズ,中日ドラゴンズ,0,0,,0,0,0,0,2026/08/15
河村 説人,千葉ロッテマリーンズ,東京ヤクルトスワローズ,0,0,,0,0,0,0,2026/08/15
河村 説人,千葉ロッテマリーンズ,東北楽天ゴールデンイーグルス,1,0,0.00,1,0,0,0,2026/08/15
河村 説人,千葉ロッテマリーンズ,読売ジャイアンツ,0,0,,0,0,0,0,2026/08/15
河村 説人,千葉ロッテマリーンズ,福岡ソフトバンクホークス,1,0,15.75,0,1,0,0,2026/08/15
河村 説人,千葉ロッテマリーンズ,北海道日本ハムファイターズ,3,0,7.71,0,2,0,0,2026/08/15
早坂 響,千葉ロッテマリーンズ,オリックス・バファローズ,0,0,,0,0,0,0,2026/08/15
早坂 響,千葉ロッテマリーンズ,横浜DeNAベイスターズ,0,0,,0,0,0,0,2026/08/15
早坂 響,千葉ロッテマリーンズ,広島東洋カープ,0,0,,0,0,0,0,2026/08/15
早坂 響,千葉ロッテマリーンズ,阪神タイガース,0,0,,0,0,0,0,2026/08/15
早坂 響,千葉ロッテマリーンズ,埼玉西武ライオンズ,0,0,,0,0,0,0,2026/08/15
早坂 響,千葉ロッテマリーンズ,中日ドラゴンズ,0,0,,0,0,0,0,2026/08/15
早坂 響,千葉ロッテマリーンズ,東京ヤクルトスワローズ,0,0,,0,0,0,0,2026/08/15
早坂 響,千葉ロッテマリーンズ,東北楽天ゴールデンイーグルス,0,0,,0,0,0,0,2026/08/15
早坂 響,千葉ロッテマリーンズ,読売ジャイアンツ,0,0,,0,0,0,0,2026/08/15
早坂 響,千葉ロッテマリーンズ,福岡ソフトバンクホークス,0,0,,0,0,0,0,2026/08/15
早坂 響,千葉ロッテマリーンズ,北海道日本ハムファイターズ,0,0,,0,0,0,0,2026/08/15
大聖,千葉ロッテマリーンズ,オリックス・バファローズ,0,1,18.00,0,0,0,0,2026/08/15
大聖,千葉ロッテマリーンズ,横浜DeNAベイスターズ,0,0,,0,0,0,0,2026/08/15
大聖,千葉ロッテマリーンズ,広島東洋カープ,0,0,,0,0,0,0,2026/08/15
大聖,千葉ロッテマリーンズ,阪神タイガース,0,0,,0,0,0,0,2026/08/15
大聖,千葉ロッテマリーンズ,埼玉西武ライオンズ,0,0,,0,0,0,0,2026/08/15
大聖,千葉ロッテマリーンズ,中日ドラゴンズ,0,0,,0,0,0,0,2026/08/15
大聖,千葉ロッテマリーンズ,東京ヤクルトスワローズ,0,0,,0,0,0,0,2026/08/15
大聖,千葉ロッテマリーンズ,東北楽天ゴールデンイーグルス,0,0,,0,0,0,0,2026/08/15
大聖,千葉ロッテマリーンズ,読売ジャイアンツ,0,0,,0,0,0,0,2026/08/15
大聖,千葉ロッテマリーンズ,福岡ソフトバンクホークス,0,0,,0,0,0,0,2026/08/15
大聖,千葉ロッテマリーンズ,北海道日本ハムファイターズ,0,0,,0,0,0,0,2026/08/15
坂井 遼,千葉ロッテマリーンズ,オリックス・バファローズ,0,0,,0,0,0,0,2026/08/15
坂井 遼,千葉ロッテマリーンズ,横浜DeNAベイスターズ,0,0,,0,0,0,0,2026/08/15
坂井 遼,千葉ロッテマリーンズ,広島東洋カープ,0,0,,0,0,0,0,2026/08/15
坂井 遼,千葉ロッテマリーンズ,阪神タイガース,0,0,,0,0,0,0,2026/08/15
坂井 遼,千葉ロッテマリーンズ,埼玉西武ライオンズ,0,0,,0,0,0,0,2026/08/15
坂井 遼,千葉ロッテマリーンズ,中日ドラゴンズ,0,0,,0,0,0,0,2026/08/15
坂井 遼,千葉ロッテマリーンズ,東京ヤクルトスワローズ,0,0,,0,0,0,0,2026/08/15
坂井 遼,千葉ロッテマリーンズ,東北楽天ゴールデンイーグルス,0,0,,0,0,0,0,2026/08/15
坂井 遼,千葉ロッテマリーンズ,読売ジャイアンツ,0,0,,0,0,0,0,2026/08/15
坂井 遼,千葉ロッテマリーンズ,福岡ソフトバンクホークス,0,0,,0,0,0,0,2026/08/15
坂井 遼,千葉ロッテマリーンズ,北海道日本ハムファイターズ,0,0,,0,0,0,0,2026/08/15
廣池 康志郎,千葉ロッテマリーンズ,オリックス・バファローズ,4,0,5.48,1,1,0,0,2026/08/15
廣池 康志郎,千葉ロッテマリーンズ,横浜DeNAベイスターズ,1,0,2.25,0,0,0,0,2026/08/15
廣池 康志郎,千葉ロッテマリーンズ,広島東洋カープ,1,0,1.50,1,0,0,0,2026/08/15
廣池 康志郎,千葉ロッテマリーンズ,阪神タイガース,0,0,,0,0,0,0,2026/08/15
廣池 康志郎,千葉ロッテマリーンズ,埼玉西武ライオンズ,2,1,2.84,0,1,0,0,2026/08/15
廣池 康志郎,千葉ロッテマリーンズ,中日ドラゴンズ,0,0,,0,0,0,0,2026/08/15
廣池 康志郎,千葉ロッテマリーンズ,東京ヤクルトスワローズ,0,0,,0,0,0,0,2026/08/15
廣池 康志郎,千葉ロッテマリーンズ,東北楽天ゴールデンイーグルス,1,0,6.35,0,0,0,0,2026/08/15
廣池 康志郎,千葉ロッテマリーンズ,読売ジャイアンツ,1,0,7.20,0,1,0,0,2026/08/15
廣池 康志郎,千葉ロッテマリーンズ,福岡ソフトバンクホークス,3,1,4.35,0,2,0,0,2026/08/15
廣池 康志郎,千葉ロッテマリーンズ,北海道日本ハムファイターズ,1,0,4.50,0,1,0,0,2026/08/15
宮﨑 颯,千葉ロッテマリーンズ,オリックス・バファローズ,0,0,,0,0,0,0,2026/08/15
宮﨑 颯,千葉ロッテマリーンズ,横浜DeNAベイスターズ,0,0,,0,0,0,0,2026/08/15
宮﨑 颯,千葉ロッテマリーンズ,広島東洋カープ,0,0,,0,0,0,0,2026/08/15
宮﨑 颯,千葉ロッテマリーンズ,阪神タイガース,0,0,,0,0,0,0,2026/08/15
宮﨑 颯,千葉ロッテマリーンズ,埼玉西武ライオンズ,0,1,0.00,0,0,0,0,2026/08/15
宮﨑 颯,千葉ロッテマリーンズ,中日ドラゴンズ,0,0,,0,0,0,0,2026/08/15
宮﨑 颯,千葉ロッテマリーンズ,東京ヤクルトスワローズ,0,0,,0,0,0,0,2026/08/15
宮﨑 颯,千葉ロッテマリーンズ,東北楽天ゴールデンイーグルス,0,0,,0,0,0,0,2026/08/15
宮﨑 颯,千葉ロッテマリーンズ,読売ジャイアンツ,0,0,,0,0,0,0,2026/08/15
宮﨑 颯,千葉ロッテマリーンズ,福岡ソフトバンクホークス,0,1,18.00,0,0,0,0,2026/08/15
宮﨑 颯,千葉ロッテマリーンズ,北海道日本ハムファイターズ,0,2,6.00,0,0,0,0,2026/08/15
ロング,千葉ロッテマリーンズ,オリックス・バファローズ,2,2,6.00,0,1,2,0,2026/08/15
ロング,千葉ロッテマリーンズ,横浜DeNAベイスターズ,1,0,2.25,0,0,0,0,2026/08/15
ロング,千葉ロッテマリーンズ,広島東洋カープ,0,0,,0,0,0,0,2026/08/15
ロング,千葉ロッテマリーンズ,阪神タイガース,1,0,0.00,0,0,0,0,2026/08/15
ロング,千葉ロッテマリーンズ,埼玉西武ライオンズ,0,5,1.69,0,1,2,0,2026/08/15
ロング,千葉ロッテマリーンズ,中日ドラゴンズ,0,0,,0,0,0,0,2026/08/15
ロング,千葉ロッテマリーンズ,東京ヤクルトスワローズ,0,0,,0,0,0,0,2026/08/15
ロング,千葉ロッテマリーンズ,東北楽天ゴールデンイーグルス,1,3,24.30,0,1,2,0,2026/08/15
ロング,千葉ロッテマリーンズ,読売ジャイアンツ,1,0,1.80,0,0,0,0,2026/08/15
ロング,千葉ロッテマリーンズ,福岡ソフトバンクホークス,3,2,3.50,1,2,0,0,2026/08/15
ロング,千葉ロッテマリーンズ,北海道日本ハムファイターズ,1,1,3.00,0,0,1,0,2026/08/15
吉川 悠斗,千葉ロッテマリーンズ,オリックス・バファローズ,0,0,,0,0,0,0,2026/08/15
吉川 悠斗,千葉ロッテマリーンズ,横浜DeNAベイスターズ,0,0,,0,0,0,0,2026/08/15
吉川 悠斗,千葉ロッテマリーンズ,広島東洋カープ,0,0,,0,0,0,0,2026/08/15
吉川 悠斗,千葉ロッテマリーンズ,阪神タイガース,0,0,,0,0,0,0,2026/08/15
吉川 悠斗,千葉ロッテマリーンズ,埼玉西武ライオンズ,0,0,,0,0,0,0,2026/08/15
吉川 悠斗,千葉ロッテマリーンズ,中日ドラゴンズ,0,0,,0,0,0,0,2026/08/15
吉川 悠斗,千葉ロッテマリーンズ,東京ヤクルトスワローズ,0,0,,0,0,0,0,2026/08/15
吉川 悠斗,千葉ロッテマリーンズ,東北楽天ゴールデンイーグルス,0,0,,0,0,0,0,2026/08/15
吉川 悠斗,千葉ロッテマリーンズ,読売ジャイアンツ,0,0,,0,0,0,0,2026/08/15
吉川 悠斗,千葉ロッテマリーンズ,福岡ソフトバンクホークス,0,0,,0,0,0,0,2026/08/15
吉川 悠斗,千葉ロッテマリーンズ,北海道日本ハムファイターズ,0,0,,0,0,0,0,2026/08/15
森 遼大朗,千葉ロッテマリーンズ,オリックス・バファローズ,0,0,,0,0,0,0,2026/08/15
森 遼大朗,千葉ロッテマリーンズ,横浜DeNAベイスターズ,0,0,,0,0,0,0,2026/08/15
森 遼大朗,千葉ロッテマリーンズ,広島東洋カープ,0,0,,0,0,0,0,2026/08/15
森 遼大朗,千葉ロッテマリーンズ,阪神タイガース,0,0,,0,0,0,0,2026/08/15
森 遼大朗,千葉ロッテマリーンズ,埼玉西武ライオンズ,0,0,,0,0,0,0,2026/08/15
森 遼大朗,千葉ロッテマリーンズ,中日ドラゴンズ,0,0,,0,0,0,0,2026/08/15
森 遼大朗,千葉ロッテマリーンズ,東京ヤクルトスワローズ,0,0,,0,0,0,0,2026/08/15
森 遼大朗,千葉ロッテマリーンズ,東北楽天ゴールデンイーグルス,0,0,,0,0,0,0,2026/08/15
森 遼大朗,千葉ロッテマリーンズ,読売ジャイアンツ,0,0,,0,0,0,0,2026/08/15
森 遼大朗,千葉ロッテマリーンズ,福岡ソフトバンクホークス,0,0,,0,0,0,0,2026/08/15
森 遼大朗,千葉ロッテマリーンズ,北海道日本ハムファイターズ,0,0,,0,0,0,0,2026/08/15
髙橋 快秀,千葉ロッテマリーンズ,オリックス・バファローズ,0,1,0.00,0,0,0,0,2026/08/15
髙橋 快秀,千葉ロッテマリーンズ,横浜DeNAベイスターズ,0,0,,0,0,0,0,2026/08/15
髙橋 快秀,千葉ロッテマリーンズ,広島東洋カープ,0,0,,0,0,0,0,2026/08/15
髙橋 快秀,千葉ロッテマリーンズ,阪神タイガース,0,0,,0,0,0,0,2026/08/15
髙橋 快秀,千葉ロッテマリーンズ,埼玉西武ライオンズ,0,0,,0,0,0,0,2026/08/15
髙橋 快秀,千葉ロッテマリーンズ,中日ドラゴンズ,0,0,,0,0,0,0,2026/08/15
髙橋 快秀,千葉ロッテマリーンズ,東京ヤクルトスワローズ,0,0,,0,0,0,0,2026/08/15
髙橋 快秀,千葉ロッテマリーンズ,東北楽天ゴールデンイーグルス,0,0,,0,0,0,0,2026/08/15
髙橋 快秀,千葉ロッテマリーンズ,読売ジャイアンツ,0,0,,0,0,0,0,2026/08/15
髙橋 快秀,千葉ロッテマリーンズ,福岡ソフトバンクホークス,0,1,27.00,0,0,0,0,2026/08/15
髙橋 快秀,千葉ロッテマリーンズ,北海道日本ハムファイターズ,0,0,,0,0,0,0,2026/08/15