球団名,選手名,ポジション,対戦球団,打率,打席,打数,安打,単打,二塁打,三塁打,本塁打,打点,三振,四球,犠打,犠飛,死球,試合数,更新日
読売ジャイアンツ,田中 将大,投手,オリックス・バファローズ,0.000,2,2,0,0,0,0,0,0,2,0,0,0,0,1,2026/09/22
読売ジャイアンツ,田中 将大,投手,横浜DeNAベイスターズ,0.000,2,2,0,0,0,0,0,0,1,0,0,0,0,1,2026/09/22
読売ジャイアンツ,田中 将大,投手,広島東洋カープ,0.000,3,3,0,0,0,0,0,0,1,0,0,0,0,2,2026/09/22
読売ジャイアンツ,田中 将大,投手,阪神タイガース,0.000,10,7,0,0,0,0,0,0,2,0,3,0,0,3,2026/09/22
読売ジャイアンツ,田中 将大,投手,埼玉西武ライオンズ,,0,0,0,0,0,0,0,0,0,0,0,0,0,0,2026/09/22
読売ジャイアンツ,田中 将大,投手,千葉ロッテマリーンズ,,0,0,0,0,0,0,0,0,0,0,0,0,0,0,2026/09/22
読売ジャイアンツ,田中 将大,投手,中日ドラゴンズ,0.000,8,7,0,0,0,0,0,0,5,0,1,0,0,3,2026/09/22
読売ジャイアンツ,田中 将大,投手,東京ヤクルトスワローズ,0.000,1,1,0,0,0,0,0,0,0,0,0,0,0,1,2026/09/22
読売ジャイアンツ,田中 将大,投手,東北楽天ゴールデンイーグルス,,0,0,0,0,0,0,0,0,0,0,0,0,0,0,2026/09/22
読売ジャイアンツ,田中 将大,投手,福岡ソフトバンクホークス,0.000,2,2,0,0,0,0,0,0,1,0,0,0,0,1,2026/09/22
読売ジャイアンツ,田中 将大,投手,北海道日本ハムファイターズ,,0,0,0,0,0,0,0,0,0,0,0,0,0,0,2026/09/22
読売ジャイアンツ,大勢,投手,オリックス・バファローズ,,0,0,0,0,0,0,0,0,0,0,0,0,0,0,2026/09/22
読売ジャイアンツ,大勢,投手,横浜DeNAベイスターズ,,0,0,0,0,0,0,0,0,0,0,0,0,0,0,2026/09/22
読売ジャイアンツ,大勢,投手,広島東洋カープ,,0,0,0,0,0,0,0,0,0,0,0,0,0,0,2026/09/22
読売ジャイアンツ,大勢,投手,阪神タイガース,,0,0,0,0,0,0,0,0,0,0,0,0,0,0,2026/09/22
読売ジャイアンツ,大勢,投手,埼玉西武ライオンズ,,0,0,0,0,0,0,0,0,0,0,0,0,0,0,2026/09/22
読売ジャイアンツ,大勢,投手,千葉ロッテマリーンズ,,0,0,0,0,0,0,0,0,0,0,0,0,0,0,2026/09/22
読売ジャイアンツ,大勢,投手,中日ドラゴンズ,,0,0,0,0,0,0,0,0,0,0,0,0,0,0,2026/09/22
読売ジャイアンツ,大勢,投手,東京ヤクルトスワローズ,,0,0,0,0,0,0,0,0,0,0,0,0,0,0,2026/09/22
読売ジャイアンツ,大勢,投手,東北楽天ゴールデンイーグルス,,0,0,0,0,0,0,0,0,0,0,0,0,0,0,2026/09/22
読売ジャイアンツ,大勢,投手,福岡ソフトバンクホークス,,0,0,0,0,0,0,0,0,0,0,0,0,0,0,2026/09/22
読売ジャイアンツ,大勢,投手,北海道日本ハムファイターズ,,0,0,0,0,0,0,0,0,0,0,0,0,0,0,2026/09/22
読売ジャイアンツ,西舘 勇陽,投手,オリックス・バファローズ,,0,0,0,0,0,0,0,0,0,0,0,0,0,0,2026/09/22
読売ジャイアンツ,西舘 勇陽,投手,横浜DeNAベイスターズ,0.000,2,2,0,0,0,0,0,0,2,0,0,0,0,2,2026/09/22
読売ジャイアンツ,西舘 勇陽,投手,広島東洋カープ,1.000,1,1,1,1,0,0,0,0,0,0,0,0,0,1,2026/09/22
読売ジャイアンツ,西舘 勇陽,投手,阪神タイガース,0.000,4,4,0,0,0,0,0,0,3,0,0,0,0,2,2026/09/22
読売ジャイアンツ,西舘 勇陽,投手,埼玉西武ライオンズ,,0,0,0,0,0,0,0,0,0,0,0,0,0,0,2026/09/22
読売ジャイアンツ,西舘 勇陽,投手,千葉ロッテマリーンズ,0.000,2,2,0,0,0,0,0,0,1,0,0,0,0,1,2026/09/22
読売ジャイアンツ,西舘 勇陽,投手,中日ドラゴンズ,,0,0,0,0,0,0,0,0,0,0,0,0,0,0,2026/09/22
読売ジャイアンツ,西舘 勇陽,投手,東京ヤクルトスワローズ,0.000,3,3,0,0,0,0,0,0,3,0,0,0,0,1,2026/09/22
読売ジャイアンツ,西舘 勇陽,投手,東北楽天ゴールデンイーグルス,,0,0,0,0,0,0,0,0,0,0,0,0,0,0,2026/09/22
読売ジャイアンツ,西舘 勇陽,投手,福岡ソフトバンクホークス,,0,0,0,0,0,0,0,0,0,0,0,0,0,0,2026/09/22
読売ジャイアンツ,西舘 勇陽,投手,北海道日本ハムファイターズ,,0,0,0,0,0,0,0,0,0,0,0,0,0,0,2026/09/22
読売ジャイアンツ,山﨑 伊織,投手,オリックス・バファローズ,,0,0,0,0,0,0,0,0,0,0,0,0,0,0,2026/09/22
読売ジャイアンツ,山﨑 伊織,投手,横浜DeNAベイスターズ,0.000,2,2,0,0,0,0,0,0,2,0,0,0,0,1,2026/09/22
読売ジャイアンツ,山﨑 伊織,投手,広島東洋カープ,0.200,7,5,1,0,1,0,0,0,3,1,1,0,0,2,2026/09/22
読売ジャイアンツ,山﨑 伊織,投手,阪神タイガース,0.000,2,2,0,0,0,0,0,0,1,0,0,0,0,1,2026/09/22
読売ジャイアンツ,山﨑 伊織,投手,埼玉西武ライオンズ,,0,0,0,0,0,0,0,0,0,0,0,0,0,0,2026/09/22
読売ジャイアンツ,山﨑 伊織,投手,千葉ロッテマリーンズ,,0,0,0,0,0,0,0,0,0,0,0,0,0,0,2026/09/22
読売ジャイアンツ,山﨑 伊織,投手,中日ドラゴンズ,,0,0,0,0,0,0,0,0,0,0,0,0,0,0,2026/09/22
読売ジャイアンツ,山﨑 伊織,投手,東京ヤクルトスワローズ,0.000,2,2,0,0,0,0,0,0,1,0,0,0,0,1,2026/09/22
読売ジャイアンツ,山﨑 伊織,投手,東北楽天ゴールデンイーグルス,,0,0,0,0,0,0,0,0,0,0,0,0,0,0,2026/09/22
読売ジャイアンツ,山﨑 伊織,投手,福岡ソフトバンクホークス,,0,0,0,0,0,0,0,0,0,0,0,0,0,0,2026/09/22
読売ジャイアンツ,山﨑 伊織,投手,北海道日本ハムファイターズ,,0,0,0,0,0,0,0,0,0,0,0,0,0,0,2026/09/22
読売ジャイアンツ,戸郷 翔征,投手,オリックス・バファローズ,,0,0,0,0,0,0,0,0,0,0,0,0,0,0,2026/09/22
読売ジャイアンツ,戸郷 翔征,投手,横浜DeNAベイスターズ,0.000,1,1,0,0,0,0,0,0,1,0,0,0,0,1,2026/09/22
読売ジャイアンツ,戸郷 翔征,投手,広島東洋カープ,0.000,8,5,0,0,0,0,0,0,0,1,2,0,0,3,2026/09/22
読売ジャイアンツ,戸郷 翔征,投手,阪神タイガース,0.000,2,2,0,0,0,0,0,0,1,0,0,0,0,1,2026/09/22
読売ジャイアンツ,戸郷 翔征,投手,埼玉西武ライオンズ,,0,0,0,0,0,0,0,0,0,0,0,0,0,0,2026/09/22
読売ジャイアンツ,戸郷 翔征,投手,千葉ロッテマリーンズ,,0,0,0,0,0,0,0,0,0,0,0,0,0,0,2026/09/22
読売ジャイアンツ,戸郷 翔征,投手,中日ドラゴンズ,0.000,2,2,0,0,0,0,0,0,0,0,0,0,0,1,2026/09/22
読売ジャイアンツ,戸郷 翔征,投手,東京ヤクルトスワローズ,0.286,8,7,2,1,1,0,0,0,3,0,1,0,0,3,2026/09/22
読売ジャイアンツ,戸郷 翔征,投手,東北楽天ゴールデンイーグルス,,0,0,0,0,0,0,0,0,0,0,0,0,0,0,2026/09/22
読売ジャイアンツ,戸郷 翔征,投手,福岡ソフトバンクホークス,0.333,3,3,1,1,0,0,0,1,1,0,0,0,0,1,2026/09/22
読売ジャイアンツ,戸郷 翔征,投手,北海道日本ハムファイターズ,,0,0,0,0,0,0,0,0,0,0,0,0,0,0,2026/09/22
読売ジャイアンツ,竹丸 和幸,投手,オリックス・バファローズ,,0,0,0,0,0,0,0,0,0,0,0,0,0,0,2026/09/22
読売ジャイアンツ,竹丸 和幸,投手,横浜DeNAベイスターズ,0.000,7,6,0,0,0,0,0,0,4,0,1,0,0,3,2026/09/22
読売ジャイアンツ,竹丸 和幸,投手,広島東洋カープ,0.000,5,4,0,0,0,0,0,1,1,0,1,0,0,2,2026/09/22
読売ジャイアンツ,竹丸 和幸,投手,阪神タイガース,0.000,8,7,0,0,0,0,0,0,7,1,0,0,0,4,2026/09/22
読売ジャイアンツ,竹丸 和幸,投手,埼玉西武ライオンズ,,0,0,0,0,0,0,0,0,0,0,0,0,0,0,2026/09/22
読売ジャイアンツ,竹丸 和幸,投手,千葉ロッテマリーンズ,,0,0,0,0,0,0,0,0,0,0,0,0,0,0,2026/09/22
読売ジャイアンツ,竹丸 和幸,投手,中日ドラゴンズ,0.111,9,9,1,1,0,0,0,0,6,0,0,0,0,5,2026/09/22
読売ジャイアンツ,竹丸 和幸,投手,東京ヤクルトスワローズ,0.167,8,6,1,1,0,0,0,1,1,1,1,0,0,3,2026/09/22
読売ジャイアンツ,竹丸 和幸,投手,東北楽天ゴールデンイーグルス,,0,0,0,0,0,0,0,0,0,0,0,0,0,0,2026/09/22
読売ジャイアンツ,竹丸 和幸,投手,福岡ソフトバンクホークス,,0,0,0,0,0,0,0,0,0,0,0,0,0,0,2026/09/22
読売ジャイアンツ,竹丸 和幸,投手,北海道日本ハムファイターズ,,0,0,0,0,0,0,0,0,0,0,0,0,0,0,2026/09/22
読売ジャイアンツ,代木 大和,投手,オリックス・バファローズ,,0,0,0,0,0,0,0,0,0,0,0,0,0,0,2026/09/22
読売ジャイアンツ,代木 大和,投手,横浜DeNAベイスターズ,,0,0,0,0,0,0,0,0,0,0,0,0,0,0,2026/09/22
読売ジャイアンツ,代木 大和,投手,広島東洋カープ,0.000,1,1,0,0,0,0,0,0,1,0,0,0,0,1,2026/09/22
読売ジャイアンツ,代木 大和,投手,阪神タイガース,,0,0,0,0,0,0,0,0,0,0,0,0,0,0,2026/09/22
読売ジャイアンツ,代木 大和,投手,埼玉西武ライオンズ,,0,0,0,0,0,0,0,0,0,0,0,0,0,0,2026/09/22
読売ジャイアンツ,代木 大和,投手,千葉ロッテマリーンズ,,0,0,0,0,0,0,0,0,0,0,0,0,0,0,2026/09/22
読売ジャイアンツ,代木 大和,投手,中日ドラゴンズ,,1,0,0,0,0,0,0,0,0,1,0,0,0,1,2026/09/22
読売ジャイアンツ,代木 大和,投手,東京ヤクルトスワローズ,,0,0,0,0,0,0,0,0,0,0,0,0,0,0,2026/09/22
読売ジャイアンツ,代木 大和,投手,東北楽天ゴールデンイーグルス,,0,0,0,0,0,0,0,0,0,0,0,0,0,0,2026/09/22
読売ジャイアンツ,代木 大和,投手,福岡ソフトバンクホークス,,0,0,0,0,0,0,0,0,0,0,0,0,0,0,2026/09/22
読売ジャイアンツ,代木 大和,投手,北海道日本ハムファイターズ,,0,0,0,0,0,0,0,0,0,0,0,0,0,0,2026/09/22
読売ジャイアンツ,ウィットリー,投手,オリックス・バファローズ,,0,0,0,0,0,0,0,0,0,0,0,0,0,0,2026/09/22
読売ジャイアンツ,ウィットリー,投手,横浜DeNAベイスターズ,0.250,4,4,1,1,0,0,0,0,1,0,0,0,0,2,2026/09/22
読売ジャイアンツ,ウィットリー,投手,広島東洋カープ,0.000,4,4,0,0,0,0,0,0,2,0,0,0,0,2,2026/09/22
読売ジャイアンツ,ウィットリー,投手,阪神タイガース,0.000,4,3,0,0,0,0,0,0,2,0,1,0,0,2,2026/09/22
読売ジャイアンツ,ウィットリー,投手,埼玉西武ライオンズ,,0,0,0,0,0,0,0,0,0,0,0,0,0,0,2026/09/22
読売ジャイアンツ,ウィットリー,投手,千葉ロッテマリーンズ,0.000,2,1,0,0,0,0,0,0,1,1,0,0,0,1,2026/09/22
読売ジャイアンツ,ウィットリー,投手,中日ドラゴンズ,0.000,10,9,0,0,0,0,0,0,7,0,1,0,0,5,2026/09/22
読売ジャイアンツ,ウィットリー,投手,東京ヤクルトスワローズ,0.000,5,4,0,0,0,0,0,1,1,1,0,0,0,1,2026/09/22
読売ジャイアンツ,ウィットリー,投手,東北楽天ゴールデンイーグルス,,0,0,0,0,0,0,0,0,0,0,0,0,0,0,2026/09/22
読売ジャイアンツ,ウィットリー,投手,福岡ソフトバンクホークス,,0,0,0,0,0,0,0,0,0,0,0,0,0,0,2026/09/22
読売ジャイアンツ,ウィットリー,投手,北海道日本ハムファイターズ,,0,0,0,0,0,0,0,0,0,0,0,0,0,0,2026/09/22
読売ジャイアンツ,ハワード,投手,オリックス・バファローズ,,0,0,0,0,0,0,0,0,0,0,0,0,0,0,2026/09/22
読売ジャイアンツ,ハワード,投手,横浜DeNAベイスターズ,0.000,3,3,0,0,0,0,0,0,2,0,0,0,0,2,2026/09/22
読売ジャイアンツ,ハワード,投手,広島東洋カープ,0.000,2,2,0,0,0,0,0,0,1,0,0,0,0,1,2026/09/22
読売ジャイアンツ,ハワード,投手,阪神タイガース,0.000,2,2,0,0,0,0,0,0,1,0,0,0,0,2,2026/09/22
読売ジャイアンツ,ハワード,投手,埼玉西武ライオンズ,,0,0,0,0,0,0,0,0,0,0,0,0,0,0,2026/09/22
読売ジャイアンツ,ハワード,投手,千葉ロッテマリーンズ,,0,0,0,0,0,0,0,0,0,0,0,0,0,0,2026/09/22
読売ジャイアンツ,ハワード,投手,中日ドラゴンズ,0.000,3,2,0,0,0,0,0,0,1,0,1,0,0,1,2026/09/22
読売ジャイアンツ,ハワード,投手,東京ヤクルトスワローズ,0.000,2,2,0,0,0,0,0,0,2,0,0,0,0,1,2026/09/22
読売ジャイアンツ,ハワード,投手,東北楽天ゴールデンイーグルス,,0,0,0,0,0,0,0,0,0,0,0,0,0,0,2026/09/22
読売ジャイアンツ,ハワード,投手,福岡ソフトバンクホークス,,0,0,0,0,0,0,0,0,0,0,0,0,0,0,2026/09/22
読売ジャイアンツ,ハワード,投手,北海道日本ハムファイターズ,,0,0,0,0,0,0,0,0,0,0,0,0,0,0,2026/09/22
読売ジャイアンツ,田和 廉,投手,オリックス・バファローズ,,0,0,0,0,0,0,0,0,0,0,0,0,0,0,2026/09/22
読売ジャイアンツ,田和 廉,投手,横浜DeNAベイスターズ,,0,0,0,0,0,0,0,0,0,0,0,0,0,0,2026/09/22
読売ジャイアンツ,田和 廉,投手,広島東洋カープ,,0,0,0,0,0,0,0,0,0,0,0,0,0,0,2026/09/22
読売ジャイアンツ,田和 廉,投手,阪神タイガース,,0,0,0,0,0,0,0,0,0,0,0,0,0,0,2026/09/22
読売ジャイアンツ,田和 廉,投手,埼玉西武ライオンズ,,0,0,0,0,0,0,0,0,0,0,0,0,0,0,2026/09/22
読売ジャイアンツ,田和 廉,投手,千葉ロッテマリーンズ,,0,0,0,0,0,0,0,0,0,0,0,0,0,0,2026/09/22
読売ジャイアンツ,田和 廉,投手,中日ドラゴンズ,,0,0,0,0,0,0,0,0,0,0,0,0,0,0,2026/09/22
読売ジャイアンツ,田和 廉,投手,東京ヤクルトスワローズ,,0,0,0,0,0,0,0,0,0,0,0,0,0,0,2026/09/22
読売ジャイアンツ,田和 廉,投手,東北楽天ゴールデンイーグルス,,0,0,0,0,0,0,0,0,0,0,0,0,0,0,2026/09/22
読売ジャイアンツ,田和 廉,投手,福岡ソフトバンクホークス,,0,0,0,0,0,0,0,0,0,0,0,0,0,0,2026/09/22
読売ジャイアンツ,田和 廉,投手,北海道日本ハムファイターズ,,0,0,0,0,0,0,0,0,0,0,0,0,0,0,2026/09/22
読売ジャイアンツ,赤星 優志,投手,オリックス・バファローズ,,0,0,0,0,0,0,0,0,0,0,0,0,0,0,2026/09/22
読売ジャイアンツ,赤星 優志,投手,横浜DeNAベイスターズ,,0,0,0,0,0,0,0,0,0,0,0,0,0,0,2026/09/22
読売ジャイアンツ,赤星 優志,投手,広島東洋カープ,,0,0,0,0,0,0,0,0,0,0,0,0,0,0,2026/09/22
読売ジャイアンツ,赤星 優志,投手,阪神タイガース,0.000,1,1,0,0,0,0,0,0,0,0,0,0,0,1,2026/09/22
読売ジャイアンツ,赤星 優志,投手,埼玉西武ライオンズ,,0,0,0,0,0,0,0,0,0,0,0,0,0,0,2026/09/22
読売ジャイアンツ,赤星 優志,投手,千葉ロッテマリーンズ,,0,0,0,0,0,0,0,0,0,0,0,0,0,0,2026/09/22
読売ジャイアンツ,赤星 優志,投手,中日ドラゴンズ,,0,0,0,0,0,0,0,0,0,0,0,0,0,0,2026/09/22
読売ジャイアンツ,赤星 優志,投手,東京ヤクルトスワローズ,0.000,3,2,0,0,0,0,0,0,1,0,1,0,0,2,2026/09/22
読売ジャイアンツ,赤星 優志,投手,東北楽天ゴールデンイーグルス,,0,0,0,0,0,0,0,0,0,0,0,0,0,0,2026/09/22
読売ジャイアンツ,赤星 優志,投手,福岡ソフトバンクホークス,,0,0,0,0,0,0,0,0,0,0,0,0,0,0,2026/09/22
読売ジャイアンツ,赤星 優志,投手,北海道日本ハムファイターズ,,0,0,0,0,0,0,0,0,0,0,0,0,0,0,2026/09/22
読売ジャイアンツ,山城 京平,投手,オリックス・バファローズ,,0,0,0,0,0,0,0,0,0,0,0,0,0,0,2026/09/22
読売ジャイアンツ,山城 京平,投手,横浜DeNAベイスターズ,,0,0,0,0,0,0,0,0,0,0,0,0,0,0,2026/09/22
読売ジャイアンツ,山城 京平,投手,広島東洋カープ,,0,0,0,0,0,0,0,0,0,0,0,0,0,0,2026/09/22
読売ジャイアンツ,山城 京平,投手,阪神タイガース,,0,0,0,0,0,0,0,0,0,0,0,0,0,0,2026/09/22
読売ジャイアンツ,山城 京平,投手,埼玉西武ライオンズ,,0,0,0,0,0,0,0,0,0,0,0,0,0,0,2026/09/22
読売ジャイアンツ,山城 京平,投手,千葉ロッテマリーンズ,,0,0,0,0,0,0,0,0,0,0,0,0,0,0,2026/09/22
読売ジャイアンツ,山城 京平,投手,中日ドラゴンズ,,0,0,0,0,0,0,0,0,0,0,0,0,0,0,2026/09/22
読売ジャイアンツ,山城 京平,投手,東京ヤクルトスワローズ,,0,0,0,0,0,0,0,0,0,0,0,0,0,0,2026/09/22
読売ジャイアンツ,山城 京平,投手,東北楽天ゴールデンイーグルス,,0,0,0,0,0,0,0,0,0,0,0,0,0,0,2026/09/22
読売ジャイアンツ,山城 京平,投手,福岡ソフトバンクホークス,,0,0,0,0,0,0,0,0,0,0,0,0,0,0,2026/09/22
読売ジャイアンツ,山城 京平,投手,北海道日本ハムファイターズ,,0,0,0,0,0,0,0,0,0,0,0,0,0,0,2026/09/22
読売ジャイアンツ,中川 皓太,投手,オリックス・バファローズ,,0,0,0,0,0,0,0,0,0,0,0,0,0,0,2026/09/22
読売ジャイアンツ,中川 皓太,投手,横浜DeNAベイスターズ,,0,0,0,0,0,0,0,0,0,0,0,0,0,0,2026/09/22
読売ジャイアンツ,中川 皓太,投手,広島東洋カープ,,0,0,0,0,0,0,0,0,0,0,0,0,0,0,2026/09/22
読売ジャイアンツ,中川 皓太,投手,阪神タイガース,,0,0,0,0,0,0,0,0,0,0,0,0,0,0,2026/09/22
読売ジャイアンツ,中川 皓太,投手,埼玉西武ライオンズ,,0,0,0,0,0,0,0,0,0,0,0,0,0,0,2026/09/22
読売ジャイアンツ,中川 皓太,投手,千葉ロッテマリーンズ,,0,0,0,0,0,0,0,0,0,0,0,0,0,0,2026/09/22
読売ジャイアンツ,中川 皓太,投手,中日ドラゴンズ,,0,0,0,0,0,0,0,0,0,0,0,0,0,0,2026/09/22
読売ジャイアンツ,中川 皓太,投手,東京ヤクルトスワローズ,,0,0,0,0,0,0,0,0,0,0,0,0,0,0,2026/09/22
読売ジャイアンツ,中川 皓太,投手,東北楽天ゴールデンイーグルス,,0,0,0,0,0,0,0,0,0,0,0,0,0,0,2026/09/22
読売ジャイアンツ,中川 皓太,投手,福岡ソフトバンクホークス,,0,0,0,0,0,0,0,0,0,0,0,0,0,0,2026/09/22
読売ジャイアンツ,中川 皓太,投手,北海道日本ハムファイターズ,,0,0,0,0,0,0,0,0,0,0,0,0,0,0,2026/09/22
読売ジャイアンツ,マタ,投手,オリックス・バファローズ,,0,0,0,0,0,0,0,0,0,0,0,0,0,0,2026/09/22
読売ジャイアンツ,マタ,投手,横浜DeNAベイスターズ,0.000,4,4,0,0,0,0,0,0,4,0,0,0,0,2,2026/09/22
読売ジャイアンツ,マタ,投手,広島東洋カープ,,0,0,0,0,0,0,0,0,0,0,0,0,0,0,2026/09/22
読売ジャイアンツ,マタ,投手,阪神タイガース,,0,0,0,0,0,0,0,0,0,0,0,0,0,0,2026/09/22
読売ジャイアンツ,マタ,投手,埼玉西武ライオンズ,,0,0,0,0,0,0,0,0,0,0,0,0,0,0,2026/09/22
読売ジャイアンツ,マタ,投手,千葉ロッテマリーンズ,,0,0,0,0,0,0,0,0,0,0,0,0,0,0,2026/09/22
読売ジャイアンツ,マタ,投手,中日ドラゴンズ,0.000,1,1,0,0,0,0,0,0,1,0,0,0,0,1,2026/09/22
読売ジャイアンツ,マタ,投手,東京ヤクルトスワローズ,0.000,11,9,0,0,0,0,0,0,4,1,1,0,0,4,2026/09/22
読売ジャイアンツ,マタ,投手,東北楽天ゴールデンイーグルス,,0,0,0,0,0,0,0,0,0,0,0,0,0,0,2026/09/22
読売ジャイアンツ,マタ,投手,福岡ソフトバンクホークス,,0,0,0,0,0,0,0,0,0,0,0,0,0,0,2026/09/22
読売ジャイアンツ,マタ,投手,北海道日本ハムファイターズ,,0,0,0,0,0,0,0,0,0,0,0,0,0,0,2026/09/22
読売ジャイアンツ,則本 昂大,投手,オリックス・バファローズ,0.000,3,2,0,0,0,0,0,0,1,0,1,0,0,1,2026/09/22
読売ジャイアンツ,則本 昂大,投手,横浜DeNAベイスターズ,,0,0,0,0,0,0,0,0,0,0,0,0,0,0,2026/09/22
読売ジャイアンツ,則本 昂大,投手,広島東洋カープ,0.000,3,3,0,0,0,0,0,0,2,0,0,0,0,2,2026/09/22
読売ジャイアンツ,則本 昂大,投手,阪神タイガース,0.000,3,3,0,0,0,0,0,0,3,0,0,0,0,2,2026/09/22
読売ジャイアンツ,則本 昂大,投手,埼玉西武ライオンズ,,0,0,0,0,0,0,0,0,0,0,0,0,0,0,2026/09/22
読売ジャイアンツ,則本 昂大,投手,千葉ロッテマリーンズ,,0,0,0,0,0,0,0,0,0,0,0,0,0,0,2026/09/22
読売ジャイアンツ,則本 昂大,投手,中日ドラゴンズ,0.500,2,2,1,1,0,0,0,0,1,0,0,0,0,2,2026/09/22
読売ジャイアンツ,則本 昂大,投手,東京ヤクルトスワローズ,0.000,2,1,0,0,0,0,0,0,0,0,1,0,0,1,2026/09/22
読売ジャイアンツ,則本 昂大,投手,東北楽天ゴールデンイーグルス,,0,0,0,0,0,0,0,0,0,0,0,0,0,0,2026/09/22
読売ジャイアンツ,則本 昂大,投手,福岡ソフトバンクホークス,0.000,1,1,0,0,0,0,0,0,0,0,0,0,0,1,2026/09/22
読売ジャイアンツ,則本 昂大,投手,北海道日本ハムファイターズ,,0,0,0,0,0,0,0,0,0,0,0,0,0,0,2026/09/22
読売ジャイアンツ,田中 瑛斗,投手,オリックス・バファローズ,,0,0,0,0,0,0,0,0,0,0,0,0,0,0,2026/09/22
読売ジャイアンツ,田中 瑛斗,投手,横浜DeNAベイスターズ,,0,0,0,0,0,0,0,0,0,0,0,0,0,0,2026/09/22
読売ジャイアンツ,田中 瑛斗,投手,広島東洋カープ,,0,0,0,0,0,0,0,0,0,0,0,0,0,0,2026/09/22
読売ジャイアンツ,田中 瑛斗,投手,阪神タイガース,,0,0,0,0,0,0,0,0,0,0,0,0,0,0,2026/09/22
読売ジャイアンツ,田中 瑛斗,投手,埼玉西武ライオンズ,,0,0,0,0,0,0,0,0,0,0,0,0,0,0,2026/09/22
読売ジャイアンツ,田中 瑛斗,投手,千葉ロッテマリーンズ,,0,0,0,0,0,0,0,0,0,0,0,0,0,0,2026/09/22
読売ジャイアンツ,田中 瑛斗,投手,中日ドラゴンズ,,0,0,0,0,0,0,0,0,0,0,0,0,0,0,2026/09/22
読売ジャイアンツ,田中 瑛斗,投手,東京ヤクルトスワローズ,,0,0,0,0,0,0,0,0,0,0,0,0,0,0,2026/09/22
読売ジャイアンツ,田中 瑛斗,投手,東北楽天ゴールデンイーグルス,,0,0,0,0,0,0,0,0,0,0,0,0,0,0,2026/09/22
読売ジャイアンツ,田中 瑛斗,投手,福岡ソフトバンクホークス,,0,0,0,0,0,0,0,0,0,0,0,0,0,0,2026/09/22
読売ジャイアンツ,田中 瑛斗,投手,北海道日本ハムファイターズ,,0,0,0,0,0,0,0,0,0,0,0,0,0,0,2026/09/22
読売ジャイアンツ,又木 鉄平,投手,オリックス・バファローズ,,0,0,0,0,0,0,0,0,0,0,0,0,0,0,2026/09/22
読売ジャイアンツ,又木 鉄平,投手,横浜DeNAベイスターズ,0.000,1,1,0,0,0,0,0,0,0,0,0,0,0,1,2026/09/22
読売ジャイアンツ,又木 鉄平,投手,広島東洋カープ,0.000,3,2,0,0,0,0,0,0,0,0,1,0,0,1,2026/09/22
読売ジャイアンツ,又木 鉄平,投手,阪神タイガース,0.000,1,1,0,0,0,0,0,0,1,0,0,0,0,1,2026/09/22
読売ジャイアンツ,又木 鉄平,投手,埼玉西武ライオンズ,,0,0,0,0,0,0,0,0,0,0,0,0,0,0,2026/09/22
読売ジャイアンツ,又木 鉄平,投手,千葉ロッテマリーンズ,,0,0,0,0,0,0,0,0,0,0,0,0,0,0,2026/09/22
読売ジャイアンツ,又木 鉄平,投手,中日ドラゴンズ,,0,0,0,0,0,0,0,0,0,0,0,0,0,0,2026/09/22
読売ジャイアンツ,又木 鉄平,投手,東京ヤクルトスワローズ,,0,0,0,0,0,0,0,0,0,0,0,0,0,0,2026/09/22
読売ジャイアンツ,又木 鉄平,投手,東北楽天ゴールデンイーグルス,,0,0,0,0,0,0,0,0,0,0,0,0,0,0,2026/09/22
読売ジャイアンツ,又木 鉄平,投手,福岡ソフトバンクホークス,,0,0,0,0,0,0,0,0,0,0,0,0,0,0,2026/09/22
読売ジャイアンツ,又木 鉄平,投手,北海道日本ハムファイターズ,,0,0,0,0,0,0,0,0,0,0,0,0,0,0,2026/09/22
読売ジャイアンツ,森田 駿哉,投手,オリックス・バファローズ,0.000,1,1,0,0,0,0,0,0,0,0,0,0,0,1,2026/09/22
読売ジャイアンツ,森田 駿哉,投手,横浜DeNAベイスターズ,,0,0,0,0,0,0,0,0,0,0,0,0,0,0,2026/09/22
読売ジャイアンツ,森田 駿哉,投手,広島東洋カープ,,0,0,0,0,0,0,0,0,0,0,0,0,0,0,2026/09/22
読売ジャイアンツ,森田 駿哉,投手,阪神タイガース,,0,0,0,0,0,0,0,0,0,0,0,0,0,0,2026/09/22
読売ジャイアンツ,森田 駿哉,投手,埼玉西武ライオンズ,,0,0,0,0,0,0,0,0,0,0,0,0,0,0,2026/09/22
読売ジャイアンツ,森田 駿哉,投手,千葉ロッテマリーンズ,,0,0,0,0,0,0,0,0,0,0,0,0,0,0,2026/09/22
読売ジャイアンツ,森田 駿哉,投手,中日ドラゴンズ,,1,0,0,0,0,0,0,0,0,1,0,0,0,1,2026/09/22
読売ジャイアンツ,森田 駿哉,投手,東京ヤクルトスワローズ,,0,0,0,0,0,0,0,0,0,0,0,0,0,0,2026/09/22
読売ジャイアンツ,森田 駿哉,投手,東北楽天ゴールデンイーグルス,,0,0,0,0,0,0,0,0,0,0,0,0,0,0,2026/09/22
読売ジャイアンツ,森田 駿哉,投手,福岡ソフトバンクホークス,,0,0,0,0,0,0,0,0,0,0,0,0,0,0,2026/09/22
読売ジャイアンツ,森田 駿哉,投手,北海道日本ハムファイターズ,,0,0,0,0,0,0,0,0,0,0,0,0,0,0,2026/09/22
読売ジャイアンツ,ルシアーノ,投手,オリックス・バファローズ,,0,0,0,0,0,0,0,0,0,0,0,0,0,0,2026/09/22
読売ジャイアンツ,ルシアーノ,投手,横浜DeNAベイスターズ,,0,0,0,0,0,0,0,0,0,0,0,0,0,0,2026/09/22
読売ジャイアンツ,ルシアーノ,投手,広島東洋カープ,,0,0,0,0,0,0,0,0,0,0,0,0,0,0,2026/09/22
読売ジャイアンツ,ルシアーノ,投手,阪神タイガース,,0,0,0,0,0,0,0,0,0,0,0,0,0,0,2026/09/22
読売ジャイアンツ,ルシアーノ,投手,埼玉西武ライオンズ,,0,0,0,0,0,0,0,0,0,0,0,0,0,0,2026/09/22
読売ジャイアンツ,ルシアーノ,投手,千葉ロッテマリーンズ,,0,0,0,0,0,0,0,0,0,0,0,0,0,0,2026/09/22
読売ジャイアンツ,ルシアーノ,投手,中日ドラゴンズ,,0,0,0,0,0,0,0,0,0,0,0,0,0,0,2026/09/22
読売ジャイアンツ,ルシアーノ,投手,東京ヤクルトスワローズ,,0,0,0,0,0,0,0,0,0,0,0,0,0,0,2026/09/22
読売ジャイアンツ,ルシアーノ,投手,東北楽天ゴールデンイーグルス,,0,0,0,0,0,0,0,0,0,0,0,0,0,0,2026/09/22
読売ジャイアンツ,ルシアーノ,投手,福岡ソフトバンクホークス,,0,0,0,0,0,0,0,0,0,0,0,0,0,0,2026/09/22
読売ジャイアンツ,ルシアーノ,投手,北海道日本ハムファイターズ,,0,0,0,0,0,0,0,0,0,0,0,0,0,0,2026/09/22
読売ジャイアンツ,バルドナード,投手,オリックス・バファローズ,,0,0,0,0,0,0,0,0,0,0,0,0,0,0,2026/09/22
読売ジャイアンツ,バルドナード,投手,横浜DeNAベイスターズ,,0,0,0,0,0,0,0,0,0,0,0,0,0,0,2026/09/22
読売ジャイアンツ,バルドナード,投手,広島東洋カープ,,0,0,0,0,0,0,0,0,0,0,0,0,0,0,2026/09/22
読売ジャイアンツ,バルドナード,投手,阪神タイガース,,0,0,0,0,0,0,0,0,0,0,0,0,0,0,2026/09/22
読売ジャイアンツ,バルドナード,投手,埼玉西武ライオンズ,,0,0,0,0,0,0,0,0,0,0,0,0,0,0,2026/09/22
読売ジャイアンツ,バルドナード,投手,千葉ロッテマリーンズ,,0,0,0,0,0,0,0,0,0,0,0,0,0,0,2026/09/22
読売ジャイアンツ,バルドナード,投手,中日ドラゴンズ,,0,0,0,0,0,0,0,0,0,0,0,0,0,0,2026/09/22
読売ジャイアンツ,バルドナード,投手,東京ヤクルトスワローズ,,0,0,0,0,0,0,0,0,0,0,0,0,0,0,2026/09/22
読売ジャイアンツ,バルドナード,投手,東北楽天ゴールデンイーグルス,,0,0,0,0,0,0,0,0,0,0,0,0,0,0,2026/09/22
読売ジャイアンツ,バルドナード,投手,福岡ソフトバンクホークス,,0,0,0,0,0,0,0,0,0,0,0,0,0,0,2026/09/22
読売ジャイアンツ,バルドナード,投手,北海道日本ハムファイターズ,,0,0,0,0,0,0,0,0,0,0,0,0,0,0,2026/09/22
読売ジャイアンツ,高梨 雄平,投手,オリックス・バファローズ,,0,0,0,0,0,0,0,0,0,0,0,0,0,0,2026/09/22
読売ジャイアンツ,高梨 雄平,投手,横浜DeNAベイスターズ,,0,0,0,0,0,0,0,0,0,0,0,0,0,0,2026/09/22
読売ジャイアンツ,高梨 雄平,投手,広島東洋カープ,,0,0,0,0,0,0,0,0,0,0,0,0,0,0,2026/09/22
読売ジャイアンツ,高梨 雄平,投手,阪神タイガース,,0,0,0,0,0,0,0,0,0,0,0,0,0,0,2026/09/22
読売ジャイアンツ,高梨 雄平,投手,埼玉西武ライオンズ,,0,0,0,0,0,0,0,0,0,0,0,0,0,0,2026/09/22
読売ジャイアンツ,高梨 雄平,投手,千葉ロッテマリーンズ,,0,0,0,0,0,0,0,0,0,0,0,0,0,0,2026/09/22
読売ジャイアンツ,高梨 雄平,投手,中日ドラゴンズ,,0,0,0,0,0,0,0,0,0,0,0,0,0,0,2026/09/22
読売ジャイアンツ,高梨 雄平,投手,東京ヤクルトスワローズ,,0,0,0,0,0,0,0,0,0,0,0,0,0,0,2026/09/22
読売ジャイアンツ,高梨 雄平,投手,東北楽天ゴールデンイーグルス,,0,0,0,0,0,0,0,0,0,0,0,0,0,0,2026/09/22
読売ジャイアンツ,高梨 雄平,投手,福岡ソフトバンクホークス,,0,0,0,0,0,0,0,0,0,0,0,0,0,0,2026/09/22
読売ジャイアンツ,高梨 雄平,投手,北海道日本ハムファイターズ,,0,0,0,0,0,0,0,0,0,0,0,0,0,0,2026/09/22
読売ジャイアンツ,松浦 慶斗,投手,オリックス・バファローズ,,0,0,0,0,0,0,0,0,0,0,0,0,0,0,2026/09/22
読売ジャイアンツ,松浦 慶斗,投手,横浜DeNAベイスターズ,,0,0,0,0,0,0,0,0,0,0,0,0,0,0,2026/09/22
読売ジャイアンツ,松浦 慶斗,投手,広島東洋カープ,,0,0,0,0,0,0,0,0,0,0,0,0,0,0,2026/09/22
読売ジャイアンツ,松浦 慶斗,投手,阪神タイガース,,0,0,0,0,0,0,0,0,0,0,0,0,0,0,2026/09/22
読売ジャイアンツ,松浦 慶斗,投手,埼玉西武ライオンズ,,0,0,0,0,0,0,0,0,0,0,0,0,0,0,2026/09/22
読売ジャイアンツ,松浦 慶斗,投手,千葉ロッテマリーンズ,,0,0,0,0,0,0,0,0,0,0,0,0,0,0,2026/09/22
読売ジャイアンツ,松浦 慶斗,投手,中日ドラゴンズ,,0,0,0,0,0,0,0,0,0,0,0,0,0,0,2026/09/22
読売ジャイアンツ,松浦 慶斗,投手,東京ヤクルトスワローズ,,0,0,0,0,0,0,0,0,0,0,0,0,0,0,2026/09/22
読売ジャイアンツ,松浦 慶斗,投手,東北楽天ゴールデンイーグルス,,0,0,0,0,0,0,0,0,0,0,0,0,0,0,2026/09/22
読売ジャイアンツ,松浦 慶斗,投手,福岡ソフトバンクホークス,,0,0,0,0,0,0,0,0,0,0,0,0,0,0,2026/09/22
読売ジャイアンツ,松浦 慶斗,投手,北海道日本ハムファイターズ,,0,0,0,0,0,0,0,0,0,0,0,0,0,0,2026/09/22
読売ジャイアンツ,北浦 竜次,投手,オリックス・バファローズ,,0,0,0,0,0,0,0,0,0,0,0,0,0,0,2026/09/22
読売ジャイアンツ,北浦 竜次,投手,横浜DeNAベイスターズ,,0,0,0,0,0,0,0,0,0,0,0,0,0,0,2026/09/22
読売ジャイアンツ,北浦 竜次,投手,広島東洋カープ,,0,0,0,0,0,0,0,0,0,0,0,0,0,0,2026/09/22
読売ジャイアンツ,北浦 竜次,投手,阪神タイガース,,0,0,0,0,0,0,0,0,0,0,0,0,0,0,2026/09/22
読売ジャイアンツ,北浦 竜次,投手,埼玉西武ライオンズ,,0,0,0,0,0,0,0,0,0,0,0,0,0,0,2026/09/22
読売ジャイアンツ,北浦 竜次,投手,千葉ロッテマリーンズ,,0,0,0,0,0,0,0,0,0,0,0,0,0,0,2026/09/22
読売ジャイアンツ,北浦 竜次,投手,中日ドラゴンズ,,0,0,0,0,0,0,0,0,0,0,0,0,0,0,2026/09/22
読売ジャイアンツ,北浦 竜次,投手,東京ヤクルトスワローズ,,0,0,0,0,0,0,0,0,0,0,0,0,0,0,2026/09/22
読売ジャイアンツ,北浦 竜次,投手,東北楽天ゴールデンイーグルス,,0,0,0,0,0,0,0,0,0,0,0,0,0,0,2026/09/22
読売ジャイアンツ,北浦 竜次,投手,福岡ソフトバンクホークス,,0,0,0,0,0,0,0,0,0,0,0,0,0,0,2026/09/22
読売ジャイアンツ,北浦 竜次,投手,北海道日本ハムファイターズ,,0,0,0,0,0,0,0,0,0,0,0,0,0,0,2026/09/22
読売ジャイアンツ,宮原 駿介,投手,オリックス・バファローズ,,0,0,0,0,0,0,0,0,0,0,0,0,0,0,2026/09/22
読売ジャイアンツ,宮原 駿介,投手,横浜DeNAベイスターズ,,0,0,0,0,0,0,0,0,0,0,0,0,0,0,2026/09/22
読売ジャイアンツ,宮原 駿介,投手,広島東洋カープ,,0,0,0,0,0,0,0,0,0,0,0,0,0,0,2026/09/22
読売ジャイアンツ,宮原 駿介,投手,阪神タイガース,,0,0,0,0,0,0,0,0,0,0,0,0,0,0,2026/09/22
読売ジャイアンツ,宮原 駿介,投手,埼玉西武ライオンズ,,0,0,0,0,0,0,0,0,0,0,0,0,0,0,2026/09/22
読売ジャイアンツ,宮原 駿介,投手,千葉ロッテマリーンズ,,0,0,0,0,0,0,0,0,0,0,0,0,0,0,2026/09/22
読売ジャイアンツ,宮原 駿介,投手,中日ドラゴンズ,,0,0,0,0,0,0,0,0,0,0,0,0,0,0,2026/09/22
読売ジャイアンツ,宮原 駿介,投手,東京ヤクルトスワローズ,,0,0,0,0,0,0,0,0,0,0,0,0,0,0,2026/09/22
読売ジャイアンツ,宮原 駿介,投手,東北楽天ゴールデンイーグルス,,0,0,0,0,0,0,0,0,0,0,0,0,0,0,2026/09/22
読売ジャイアンツ,宮原 駿介,投手,福岡ソフトバンクホークス,,0,0,0,0,0,0,0,0,0,0,0,0,0,0,2026/09/22
読売ジャイアンツ,宮原 駿介,投手,北海道日本ハムファイターズ,,0,0,0,0,0,0,0,0,0,0,0,0,0,0,2026/09/22
読売ジャイアンツ,船迫 大雅,投手,オリックス・バファローズ,,0,0,0,0,0,0,0,0,0,0,0,0,0,0,2026/09/22
読売ジャイアンツ,船迫 大雅,投手,横浜DeNAベイスターズ,,0,0,0,0,0,0,0,0,0,0,0,0,0,0,2026/09/22
読売ジャイアンツ,船迫 大雅,投手,広島東洋カープ,,0,0,0,0,0,0,0,0,0,0,0,0,0,0,2026/09/22
読売ジャイアンツ,船迫 大雅,投手,阪神タイガース,,0,0,0,0,0,0,0,0,0,0,0,0,0,0,2026/09/22
読売ジャイアンツ,船迫 大雅,投手,埼玉西武ライオンズ,,0,0,0,0,0,0,0,0,0,0,0,0,0,0,2026/09/22
読売ジャイアンツ,船迫 大雅,投手,千葉ロッテマリーンズ,,0,0,0,0,0,0,0,0,0,0,0,0,0,0,2026/09/22
読売ジャイアンツ,船迫 大雅,投手,中日ドラゴンズ,,0,0,0,0,0,0,0,0,0,0,0,0,0,0,2026/09/22
読売ジャイアンツ,船迫 大雅,投手,東京ヤクルトスワローズ,,0,0,0,0,0,0,0,0,0,0,0,0,0,0,2026/09/22
読売ジャイアンツ,船迫 大雅,投手,東北楽天ゴールデンイーグルス,,0,0,0,0,0,0,0,0,0,0,0,0,0,0,2026/09/22
読売ジャイアンツ,船迫 大雅,投手,福岡ソフトバンクホークス,,0,0,0,0,0,0,0,0,0,0,0,0,0,0,2026/09/22
読売ジャイアンツ,船迫 大雅,投手,北海道日本ハムファイターズ,,0,0,0,0,0,0,0,0,0,0,0,0,0,0,2026/09/22
読売ジャイアンツ,横川 凱,投手,オリックス・バファローズ,,0,0,0,0,0,0,0,0,0,0,0,0,0,0,2026/09/22
読売ジャイアンツ,横川 凱,投手,横浜DeNAベイスターズ,,0,0,0,0,0,0,0,0,0,0,0,0,0,0,2026/09/22
読売ジャイアンツ,横川 凱,投手,広島東洋カープ,,0,0,0,0,0,0,0,0,0,0,0,0,0,0,2026/09/22
読売ジャイアンツ,横川 凱,投手,阪神タイガース,,0,0,0,0,0,0,0,0,0,0,0,0,0,0,2026/09/22
読売ジャイアンツ,横川 凱,投手,埼玉西武ライオンズ,,0,0,0,0,0,0,0,0,0,0,0,0,0,0,2026/09/22
読売ジャイアンツ,横川 凱,投手,千葉ロッテマリーンズ,,0,0,0,0,0,0,0,0,0,0,0,0,0,0,2026/09/22
読売ジャイアンツ,横川 凱,投手,中日ドラゴンズ,,0,0,0,0,0,0,0,0,0,0,0,0,0,0,2026/09/22
読売ジャイアンツ,横川 凱,投手,東京ヤクルトスワローズ,,0,0,0,0,0,0,0,0,0,0,0,0,0,0,2026/09/22
読売ジャイアンツ,横川 凱,投手,東北楽天ゴールデンイーグルス,,0,0,0,0,0,0,0,0,0,0,0,0,0,0,2026/09/22
読売ジャイアンツ,横川 凱,投手,福岡ソフトバンクホークス,,0,0,0,0,0,0,0,0,0,0,0,0,0,0,2026/09/22
読売ジャイアンツ,横川 凱,投手,北海道日本ハムファイターズ,,0,0,0,0,0,0,0,0,0,0,0,0,0,0,2026/09/22
読売ジャイアンツ,泉 圭輔,投手,オリックス・バファローズ,,0,0,0,0,0,0,0,0,0,0,0,0,0,0,2026/09/22
読売ジャイアンツ,泉 圭輔,投手,横浜DeNAベイスターズ,,0,0,0,0,0,0,0,0,0,0,0,0,0,0,2026/09/22
読売ジャイアンツ,泉 圭輔,投手,広島東洋カープ,,0,0,0,0,0,0,0,0,0,0,0,0,0,0,2026/09/22
読売ジャイアンツ,泉 圭輔,投手,阪神タイガース,,0,0,0,0,0,0,0,0,0,0,0,0,0,0,2026/09/22
読売ジャイアンツ,泉 圭輔,投手,埼玉西武ライオンズ,,0,0,0,0,0,0,0,0,0,0,0,0,0,0,2026/09/22
読売ジャイアンツ,泉 圭輔,投手,千葉ロッテマリーンズ,,0,0,0,0,0,0,0,0,0,0,0,0,0,0,2026/09/22
読売ジャイアンツ,泉 圭輔,投手,中日ドラゴンズ,,0,0,0,0,0,0,0,0,0,0,0,0,0,0,2026/09/22
読売ジャイアンツ,泉 圭輔,投手,東京ヤクルトスワローズ,,0,0,0,0,0,0,0,0,0,0,0,0,0,0,2026/09/22
読売ジャイアンツ,泉 圭輔,投手,東北楽天ゴールデンイーグルス,,0,0,0,0,0,0,0,0,0,0,0,0,0,0,2026/09/22
読売ジャイアンツ,泉 圭輔,投手,福岡ソフトバンクホークス,,0,0,0,0,0,0,0,0,0,0,0,0,0,0,2026/09/22
読売ジャイアンツ,泉 圭輔,投手,北海道日本ハムファイターズ,,0,0,0,0,0,0,0,0,0,0,0,0,0,0,2026/09/22
読売ジャイアンツ,山田 龍聖,投手,オリックス・バファローズ,,0,0,0,0,0,0,0,0,0,0,0,0,0,0,2026/09/22
読売ジャイアンツ,山田 龍聖,投手,横浜DeNAベイスターズ,,0,0,0,0,0,0,0,0,0,0,0,0,0,0,2026/09/22
読売ジャイアンツ,山田 龍聖,投手,広島東洋カープ,,0,0,0,0,0,0,0,0,0,0,0,0,0,0,2026/09/22
読売ジャイアンツ,山田 龍聖,投手,阪神タイガース,,0,0,0,0,0,0,0,0,0,0,0,0,0,0,2026/09/22
読売ジャイアンツ,山田 龍聖,投手,埼玉西武ライオンズ,,0,0,0,0,0,0,0,0,0,0,0,0,0,0,2026/09/22
読売ジャイアンツ,山田 龍聖,投手,千葉ロッテマリーンズ,,0,0,0,0,0,0,0,0,0,0,0,0,0,0,2026/09/22
読売ジャイアンツ,山田 龍聖,投手,中日ドラゴンズ,,0,0,0,0,0,0,0,0,0,0,0,0,0,0,2026/09/22
読売ジャイアンツ,山田 龍聖,投手,東京ヤクルトスワローズ,,0,0,0,0,0,0,0,0,0,0,0,0,0,0,2026/09/22
読売ジャイアンツ,山田 龍聖,投手,東北楽天ゴールデンイーグルス,,0,0,0,0,0,0,0,0,0,0,0,0,0,0,2026/09/22
読売ジャイアンツ,山田 龍聖,投手,福岡ソフトバンクホークス,,0,0,0,0,0,0,0,0,0,0,0,0,0,0,2026/09/22
読売ジャイアンツ,山田 龍聖,投手,北海道日本ハムファイターズ,,0,0,0,0,0,0,0,0,0,0,0,0,0,0,2026/09/22
読売ジャイアンツ,石川 達也,投手,オリックス・バファローズ,,0,0,0,0,0,0,0,0,0,0,0,0,0,0,2026/09/22
読売ジャイアンツ,石川 達也,投手,横浜DeNAベイスターズ,,0,0,0,0,0,0,0,0,0,0,0,0,0,0,2026/09/22
読売ジャイアンツ,石川 達也,投手,広島東洋カープ,,0,0,0,0,0,0,0,0,0,0,0,0,0,0,2026/09/22
読売ジャイアンツ,石川 達也,投手,阪神タイガース,,0,0,0,0,0,0,0,0,0,0,0,0,0,0,2026/09/22
読売ジャイアンツ,石川 達也,投手,埼玉西武ライオンズ,,0,0,0,0,0,0,0,0,0,0,0,0,0,0,2026/09/22
読売ジャイアンツ,石川 達也,投手,千葉ロッテマリーンズ,,0,0,0,0,0,0,0,0,0,0,0,0,0,0,2026/09/22
読売ジャイアンツ,石川 達也,投手,中日ドラゴンズ,,0,0,0,0,0,0,0,0,0,0,0,0,0,0,2026/09/22
読売ジャイアンツ,石川 達也,投手,東京ヤクルトスワローズ,,0,0,0,0,0,0,0,0,0,0,0,0,0,0,2026/09/22
読売ジャイアンツ,石川 達也,投手,東北楽天ゴールデンイーグルス,,0,0,0,0,0,0,0,0,0,0,0,0,0,0,2026/09/22
読売ジャイアンツ,石川 達也,投手,福岡ソフトバンクホークス,,0,0,0,0,0,0,0,0,0,0,0,0,0,0,2026/09/22
読売ジャイアンツ,石川 達也,投手,北海道日本ハムファイターズ,,0,0,0,0,0,0,0,0,0,0,0,0,0,0,2026/09/22
読売ジャイアンツ,平内 龍太,投手,オリックス・バファローズ,,0,0,0,0,0,0,0,0,0,0,0,0,0,0,2026/09/22
読売ジャイアンツ,平内 龍太,投手,横浜DeNAベイスターズ,,0,0,0,0,0,0,0,0,0,0,0,0,0,0,2026/09/22
読売ジャイアンツ,平内 龍太,投手,広島東洋カープ,,0,0,0,0,0,0,0,0,0,0,0,0,0,0,2026/09/22
読売ジャイアンツ,平内 龍太,投手,阪神タイガース,,0,0,0,0,0,0,0,0,0,0,0,0,0,0,2026/09/22
読売ジャイアンツ,平内 龍太,投手,埼玉西武ライオンズ,,0,0,0,0,0,0,0,0,0,0,0,0,0,0,2026/09/22
読売ジャイアンツ,平内 龍太,投手,千葉ロッテマリーンズ,,0,0,0,0,0,0,0,0,0,0,0,0,0,0,2026/09/22
読売ジャイアンツ,平内 龍太,投手,中日ドラゴンズ,,0,0,0,0,0,0,0,0,0,0,0,0,0,0,2026/09/22
読売ジャイアンツ,平内 龍太,投手,東京ヤクルトスワローズ,,0,0,0,0,0,0,0,0,0,0,0,0,0,0,2026/09/22
読売ジャイアンツ,平内 龍太,投手,東北楽天ゴールデンイーグルス,,0,0,0,0,0,0,0,0,0,0,0,0,0,0,2026/09/22
読売ジャイアンツ,平内 龍太,投手,福岡ソフトバンクホークス,,0,0,0,0,0,0,0,0,0,0,0,0,0,0,2026/09/22
読売ジャイアンツ,平内 龍太,投手,北海道日本ハムファイターズ,,0,0,0,0,0,0,0,0,0,0,0,0,0,0,2026/09/22
読売ジャイアンツ,堀田 賢慎,投手,オリックス・バファローズ,,0,0,0,0,0,0,0,0,0,0,0,0,0,0,2026/09/22
読売ジャイアンツ,堀田 賢慎,投手,横浜DeNAベイスターズ,,0,0,0,0,0,0,0,0,0,0,0,0,0,0,2026/09/22
読売ジャイアンツ,堀田 賢慎,投手,広島東洋カープ,,0,0,0,0,0,0,0,0,0,0,0,0,0,0,2026/09/22
読売ジャイアンツ,堀田 賢慎,投手,阪神タイガース,,0,0,0,0,0,0,0,0,0,0,0,0,0,0,2026/09/22
読売ジャイアンツ,堀田 賢慎,投手,埼玉西武ライオンズ,,0,0,0,0,0,0,0,0,0,0,0,0,0,0,2026/09/22
読売ジャイアンツ,堀田 賢慎,投手,千葉ロッテマリーンズ,,0,0,0,0,0,0,0,0,0,0,0,0,0,0,2026/09/22
読売ジャイアンツ,堀田 賢慎,投手,中日ドラゴンズ,,0,0,0,0,0,0,0,0,0,0,0,0,0,0,2026/09/22
読売ジャイアンツ,堀田 賢慎,投手,東京ヤクルトスワローズ,,0,0,0,0,0,0,0,0,0,0,0,0,0,0,2026/09/22
読売ジャイアンツ,堀田 賢慎,投手,東北楽天ゴールデンイーグルス,,0,0,0,0,0,0,0,0,0,0,0,0,0,0,2026/09/22
読売ジャイアンツ,堀田 賢慎,投手,福岡ソフトバンクホークス,,0,0,0,0,0,0,0,0,0,0,0,0,0,0,2026/09/22
読売ジャイアンツ,堀田 賢慎,投手,北海道日本ハムファイターズ,,0,0,0,0,0,0,0,0,0,0,0,0,0,0,2026/09/22
読売ジャイアンツ,マルティネス,投手,オリックス・バファローズ,,0,0,0,0,0,0,0,0,0,0,0,0,0,0,2026/09/22
読売ジャイアンツ,マルティネス,投手,横浜DeNAベイスターズ,,0,0,0,0,0,0,0,0,0,0,0,0,0,0,2026/09/22
読売ジャイアンツ,マルティネス,投手,広島東洋カープ,,0,0,0,0,0,0,0,0,0,0,0,0,0,0,2026/09/22
読売ジャイアンツ,マルティネス,投手,阪神タイガース,,0,0,0,0,0,0,0,0,0,0,0,0,0,0,2026/09/22
読売ジャイアンツ,マルティネス,投手,埼玉西武ライオンズ,,0,0,0,0,0,0,0,0,0,0,0,0,0,0,2026/09/22
読売ジャイアンツ,マルティネス,投手,千葉ロッテマリーンズ,,0,0,0,0,0,0,0,0,0,0,0,0,0,0,2026/09/22
読売ジャイアンツ,マルティネス,投手,中日ドラゴンズ,,0,0,0,0,0,0,0,0,0,0,0,0,0,0,2026/09/22
読売ジャイアンツ,マルティネス,投手,東京ヤクルトスワローズ,,0,0,0,0,0,0,0,0,0,0,0,0,0,0,2026/09/22
読売ジャイアンツ,マルティネス,投手,東北楽天ゴールデンイーグルス,,0,0,0,0,0,0,0,0,0,0,0,0,0,0,2026/09/22
読売ジャイアンツ,マルティネス,投手,福岡ソフトバンクホークス,,0,0,0,0,0,0,0,0,0,0,0,0,0,0,2026/09/22
読売ジャイアンツ,マルティネス,投手,北海道日本ハムファイターズ,,0,0,0,0,0,0,0,0,0,0,0,0,0,0,2026/09/22
読売ジャイアンツ,井上 温大,投手,オリックス・バファローズ,,0,0,0,0,0,0,0,0,0,0,0,0,0,0,2026/09/22
読売ジャイアンツ,井上 温大,投手,横浜DeNAベイスターズ,0.000,15,13,0,0,0,0,0,2,5,0,0,2,0,6,2026/09/22
読売ジャイアンツ,井上 温大,投手,広島東洋カープ,0.167,9,6,1,1,0,0,0,0,2,0,3,0,0,2,2026/09/22
読売ジャイアンツ,井上 温大,投手,阪神タイガース,0.250,5,4,1,1,0,0,0,0,2,0,1,0,0,3,2026/09/22
読売ジャイアンツ,井上 温大,投手,埼玉西武ライオンズ,,0,0,0,0,0,0,0,0,0,0,0,0,0,0,2026/09/22
読売ジャイアンツ,井上 温大,投手,千葉ロッテマリーンズ,0.000,4,4,0,0,0,0,0,0,3,0,0,0,0,1,2026/09/22
読売ジャイアンツ,井上 温大,投手,中日ドラゴンズ,0.000,8,8,0,0,0,0,0,0,4,0,0,0,0,4,2026/09/22
読売ジャイアンツ,井上 温大,投手,東京ヤクルトスワローズ,0.000,5,5,0,0,0,0,0,0,1,0,0,0,0,3,2026/09/22
読売ジャイアンツ,井上 温大,投手,東北楽天ゴールデンイーグルス,,0,0,0,0,0,0,0,0,0,0,0,0,0,0,2026/09/22
読売ジャイアンツ,井上 温大,投手,福岡ソフトバンクホークス,,0,0,0,0,0,0,0,0,0,0,0,0,0,0,2026/09/22
読売ジャイアンツ,井上 温大,投手,北海道日本ハムファイターズ,,0,0,0,0,0,0,0,0,0,0,0,0,0,0,2026/09/22
読売ジャイアンツ,小笠原 慎之介,投手,オリックス・バファローズ,,0,0,0,0,0,0,0,0,0,0,0,0,0,0,2026/09/22
読売ジャイアンツ,小笠原 慎之介,投手,横浜DeNAベイスターズ,1.000,2,2,2,1,0,1,0,0,0,0,0,0,0,2,2026/09/22
読売ジャイアンツ,小笠原 慎之介,投手,広島東洋カープ,0.333,7,6,2,1,1,0,0,0,2,0,1,0,0,2,2026/09/22
読売ジャイアンツ,小笠原 慎之介,投手,阪神タイガース,0.000,4,3,0,0,0,0,0,0,2,0,1,0,0,2,2026/09/22
読売ジャイアンツ,小笠原 慎之介,投手,埼玉西武ライオンズ,,0,0,0,0,0,0,0,0,0,0,0,0,0,0,2026/09/22
読売ジャイアンツ,小笠原 慎之介,投手,千葉ロッテマリーンズ,,0,0,0,0,0,0,0,0,0,0,0,0,0,0,2026/09/22
読売ジャイアンツ,小笠原 慎之介,投手,中日ドラゴンズ,0.000,5,5,0,0,0,0,0,0,4,0,0,0,0,2,2026/09/22
読売ジャイアンツ,小笠原 慎之介,投手,東京ヤクルトスワローズ,0.000,3,3,0,0,0,0,0,0,1,0,0,0,0,2,2026/09/22
読売ジャイアンツ,小笠原 慎之介,投手,東北楽天ゴールデンイーグルス,,0,0,0,0,0,0,0,0,0,0,0,0,0,0,2026/09/22
読売ジャイアンツ,小笠原 慎之介,投手,福岡ソフトバンクホークス,,0,0,0,0,0,0,0,0,0,0,0,0,0,0,2026/09/22
読売ジャイアンツ,小笠原 慎之介,投手,北海道日本ハムファイターズ,,0,0,0,0,0,0,0,0,0,0,0,0,0,0,2026/09/22
読売ジャイアンツ,甲斐 拓也,捕手,オリックス・バファローズ,,0,0,0,0,0,0,0,0,0,0,0,0,0,0,2026/09/22
読売ジャイアンツ,甲斐 拓也,捕手,横浜DeNAベイスターズ,0.000,2,2,0,0,0,0,0,0,1,0,0,0,0,2,2026/09/22
読売ジャイアンツ,甲斐 拓也,捕手,広島東洋カープ,0.250,4,4,1,0,0,0,1,1,1,0,0,0,0,2,2026/09/22
読売ジャイアンツ,甲斐 拓也,捕手,阪神タイガース,0.000,4,3,0,0,0,0,0,0,0,1,0,0,0,1,2026/09/22
読売ジャイアンツ,甲斐 拓也,捕手,埼玉西武ライオンズ,,0,0,0,0,0,0,0,0,0,0,0,0,0,0,2026/09/22
読売ジャイアンツ,甲斐 拓也,捕手,千葉ロッテマリーンズ,,0,0,0,0,0,0,0,0,0,0,0,0,0,0,2026/09/22
読売ジャイアンツ,甲斐 拓也,捕手,中日ドラゴンズ,0.000,6,5,0,0,0,0,0,0,2,0,1,0,0,3,2026/09/22
読売ジャイアンツ,甲斐 拓也,捕手,東京ヤクルトスワローズ,0.200,5,5,1,0,0,0,1,1,2,0,0,0,0,3,2026/09/22
読売ジャイアンツ,甲斐 拓也,捕手,東北楽天ゴールデンイーグルス,,0,0,0,0,0,0,0,0,0,0,0,0,0,0,2026/09/22
読売ジャイアンツ,甲斐 拓也,捕手,福岡ソフトバンクホークス,,0,0,0,0,0,0,0,0,0,0,0,0,0,0,2026/09/22
読売ジャイアンツ,甲斐 拓也,捕手,北海道日本ハムファイターズ,,0,0,0,0,0,0,0,0,0,0,0,0,0,0,2026/09/22
読売ジャイアンツ,小林 誠司,捕手,オリックス・バファローズ,0.000,3,2,0,0,0,0,0,0,0,1,0,0,0,1,2026/09/22
読売ジャイアンツ,小林 誠司,捕手,横浜DeNAベイスターズ,0.000,3,2,0,0,0,0,0,0,0,1,0,0,0,2,2026/09/22
読売ジャイアンツ,小林 誠司,捕手,広島東洋カープ,1.000,1,1,1,0,1,0,0,0,0,0,0,0,0,1,2026/09/22
読売ジャイアンツ,小林 誠司,捕手,阪神タイガース,0.000,3,3,0,0,0,0,0,0,2,0,0,0,0,2,2026/09/22
読売ジャイアンツ,小林 誠司,捕手,埼玉西武ライオンズ,,0,0,0,0,0,0,0,0,0,0,0,0,0,0,2026/09/22
読売ジャイアンツ,小林 誠司,捕手,千葉ロッテマリーンズ,,0,0,0,0,0,0,0,0,0,0,0,0,0,0,2026/09/22
読売ジャイアンツ,小林 誠司,捕手,中日ドラゴンズ,0.000,1,1,0,0,0,0,0,0,1,0,0,0,0,1,2026/09/22
読売ジャイアンツ,小林 誠司,捕手,東京ヤクルトスワローズ,0.000,1,1,0,0,0,0,0,0,0,0,0,0,0,1,2026/09/22
読売ジャイアンツ,小林 誠司,捕手,東北楽天ゴールデンイーグルス,0.000,2,2,0,0,0,0,0,0,1,0,0,0,0,1,2026/09/22
読売ジャイアンツ,小林 誠司,捕手,福岡ソフトバンクホークス,,0,0,0,0,0,0,0,0,0,0,0,0,0,0,2026/09/22
読売ジャイアンツ,小林 誠司,捕手,北海道日本ハムファイターズ,,0,0,0,0,0,0,0,0,0,0,0,0,0,0,2026/09/22
読売ジャイアンツ,大城 卓三,捕手,オリックス・バファローズ,0.125,8,8,1,1,0,0,0,0,6,0,0,0,0,2,2026/09/22
読売ジャイアンツ,大城 卓三,捕手,横浜DeNAベイスターズ,0.266,73,64,17,8,6,0,3,14,15,8,1,0,0,22,2026/09/22
読売ジャイアンツ,大城 卓三,捕手,広島東洋カープ,0.320,61,50,16,11,2,1,2,7,12,9,0,0,2,16,2026/09/22
読売ジャイアンツ,大城 卓三,捕手,阪神タイガース,0.220,46,41,9,7,1,0,1,2,13,3,0,0,2,16,2026/09/22
読売ジャイアンツ,大城 卓三,捕手,埼玉西武ライオンズ,0.091,12,11,1,0,1,0,0,0,5,1,0,0,0,3,2026/09/22
読売ジャイアンツ,大城 卓三,捕手,千葉ロッテマリーンズ,0.167,6,6,1,0,0,0,1,1,0,0,0,0,0,2,2026/09/22
読売ジャイアンツ,大城 卓三,捕手,中日ドラゴンズ,0.233,65,60,14,11,2,1,0,8,23,3,0,2,0,19,2026/09/22
読売ジャイアンツ,大城 卓三,捕手,東京ヤクルトスワローズ,0.313,56,48,15,10,3,0,2,7,14,7,0,0,1,16,2026/09/22
読売ジャイアンツ,大城 卓三,捕手,東北楽天ゴールデンイーグルス,0.364,12,11,4,2,1,0,1,1,5,1,0,0,0,3,2026/09/22
読売ジャイアンツ,大城 卓三,捕手,福岡ソフトバンクホークス,0.625,9,8,5,1,4,0,0,1,3,1,0,0,0,3,2026/09/22
読売ジャイアンツ,大城 卓三,捕手,北海道日本ハムファイターズ,0.333,6,6,2,2,0,0,0,1,2,0,0,0,0,2,2026/09/22
読売ジャイアンツ,岸田 行倫,捕手,オリックス・バファローズ,,0,0,0,0,0,0,0,0,0,0,0,0,0,0,2026/09/22
読売ジャイアンツ,岸田 行倫,捕手,横浜DeNAベイスターズ,0.344,37,32,11,10,1,0,0,7,4,3,0,1,1,8,2026/09/22
読売ジャイアンツ,岸田 行倫,捕手,広島東洋カープ,0.208,26,24,5,5,0,0,0,0,5,1,1,0,0,8,2026/09/22
読売ジャイアンツ,岸田 行倫,捕手,阪神タイガース,0.206,37,34,7,5,1,0,1,2,7,2,0,1,0,11,2026/09/22
読売ジャイアンツ,岸田 行倫,捕手,埼玉西武ライオンズ,0.000,9,6,0,0,0,0,0,0,2,2,0,0,1,2,2026/09/22
読売ジャイアンツ,岸田 行倫,捕手,千葉ロッテマリーンズ,0.222,11,9,2,2,0,0,0,0,5,0,1,0,1,3,2026/09/22
読売ジャイアンツ,岸田 行倫,捕手,中日ドラゴンズ,0.135,38,37,5,2,2,0,1,2,7,0,1,0,0,10,2026/09/22
読売ジャイアンツ,岸田 行倫,捕手,東京ヤクルトスワローズ,0.261,24,23,6,6,0,0,0,0,5,1,0,0,0,8,2026/09/22
読売ジャイアンツ,岸田 行倫,捕手,東北楽天ゴールデンイーグルス,0.333,10,9,3,2,0,0,1,3,1,1,0,0,0,3,2026/09/22
読売ジャイアンツ,岸田 行倫,捕手,福岡ソフトバンクホークス,0.000,1,1,0,0,0,0,0,0,0,0,0,0,0,1,2026/09/22
読売ジャイアンツ,岸田 行倫,捕手,北海道日本ハムファイターズ,0.400,13,10,4,3,0,0,1,1,1,2,1,0,0,3,2026/09/22
読売ジャイアンツ,郡 拓也,捕手,オリックス・バファローズ,,0,0,0,0,0,0,0,0,0,0,0,0,0,0,2026/09/22
読売ジャイアンツ,郡 拓也,捕手,横浜DeNAベイスターズ,,0,0,0,0,0,0,0,0,0,0,0,0,0,0,2026/09/22
読売ジャイアンツ,郡 拓也,捕手,広島東洋カープ,,0,0,0,0,0,0,0,0,0,0,0,0,0,0,2026/09/22
読売ジャイアンツ,郡 拓也,捕手,阪神タイガース,,0,0,0,0,0,0,0,0,0,0,0,0,0,0,2026/09/22
読売ジャイアンツ,郡 拓也,捕手,埼玉西武ライオンズ,,0,0,0,0,0,0,0,0,0,0,0,0,0,0,2026/09/22
読売ジャイアンツ,郡 拓也,捕手,千葉ロッテマリーンズ,,0,0,0,0,0,0,0,0,0,0,0,0,0,0,2026/09/22
読売ジャイアンツ,郡 拓也,捕手,中日ドラゴンズ,,0,0,0,0,0,0,0,0,0,0,0,0,0,0,2026/09/22
読売ジャイアンツ,郡 拓也,捕手,東京ヤクルトスワローズ,,0,0,0,0,0,0,0,0,0,0,0,0,0,0,2026/09/22
読売ジャイアンツ,郡 拓也,捕手,東北楽天ゴールデンイーグルス,,0,0,0,0,0,0,0,0,0,0,0,0,0,0,2026/09/22
読売ジャイアンツ,郡 拓也,捕手,福岡ソフトバンクホークス,,0,0,0,0,0,0,0,0,0,0,0,0,0,0,2026/09/22
読売ジャイアンツ,郡 拓也,捕手,北海道日本ハムファイターズ,,0,0,0,0,0,0,0,0,0,0,0,0,0,0,2026/09/22
読売ジャイアンツ,山瀬 慎之助,捕手,オリックス・バファローズ,,0,0,0,0,0,0,0,0,0,0,0,0,0,0,2026/09/22
読売ジャイアンツ,山瀬 慎之助,捕手,横浜DeNAベイスターズ,0.000,1,1,0,0,0,0,0,0,1,0,0,0,0,1,2026/09/22
読売ジャイアンツ,山瀬 慎之助,捕手,広島東洋カープ,0.500,2,2,1,1,0,0,0,0,1,0,0,0,0,2,2026/09/22
読売ジャイアンツ,山瀬 慎之助,捕手,阪神タイガース,0.000,3,3,0,0,0,0,0,0,1,0,0,0,0,1,2026/09/22
読売ジャイアンツ,山瀬 慎之助,捕手,埼玉西武ライオンズ,,0,0,0,0,0,0,0,0,0,0,0,0,0,0,2026/09/22
読売ジャイアンツ,山瀬 慎之助,捕手,千葉ロッテマリーンズ,,0,0,0,0,0,0,0,0,0,0,0,0,0,0,2026/09/22
読売ジャイアンツ,山瀬 慎之助,捕手,中日ドラゴンズ,0.333,3,3,1,0,1,0,0,0,3,0,0,0,0,2,2026/09/22
読売ジャイアンツ,山瀬 慎之助,捕手,東京ヤクルトスワローズ,0.250,8,8,2,1,0,0,1,2,3,0,0,0,0,3,2026/09/22
読売ジャイアンツ,山瀬 慎之助,捕手,東北楽天ゴールデンイーグルス,,0,0,0,0,0,0,0,0,0,0,0,0,0,0,2026/09/22
読売ジャイアンツ,山瀬 慎之助,捕手,福岡ソフトバンクホークス,,0,0,0,0,0,0,0,0,0,0,0,0,0,0,2026/09/22
読売ジャイアンツ,山瀬 慎之助,捕手,北海道日本ハムファイターズ,,0,0,0,0,0,0,0,0,0,0,0,0,0,0,2026/09/22
読売ジャイアンツ,湯浅 大,内野手,オリックス・バファローズ,,0,0,0,0,0,0,0,0,0,0,0,0,0,0,2026/09/22
読売ジャイアンツ,湯浅 大,内野手,横浜DeNAベイスターズ,,0,0,0,0,0,0,0,0,0,0,0,0,0,0,2026/09/22
読売ジャイアンツ,湯浅 大,内野手,広島東洋カープ,0.000,1,1,0,0,0,0,0,0,1,0,0,0,0,1,2026/09/22
読売ジャイアンツ,湯浅 大,内野手,阪神タイガース,,0,0,0,0,0,0,0,0,0,0,0,0,0,0,2026/09/22
読売ジャイアンツ,湯浅 大,内野手,埼玉西武ライオンズ,,0,0,0,0,0,0,0,0,0,0,0,0,0,0,2026/09/22
読売ジャイアンツ,湯浅 大,内野手,千葉ロッテマリーンズ,,0,0,0,0,0,0,0,0,0,0,0,0,0,0,2026/09/22
読売ジャイアンツ,湯浅 大,内野手,中日ドラゴンズ,,0,0,0,0,0,0,0,0,0,0,0,0,0,0,2026/09/22
読売ジャイアンツ,湯浅 大,内野手,東京ヤクルトスワローズ,0.000,1,1,0,0,0,0,0,0,1,0,0,0,0,1,2026/09/22
読売ジャイアンツ,湯浅 大,内野手,東北楽天ゴールデンイーグルス,,0,0,0,0,0,0,0,0,0,0,0,0,0,0,2026/09/22
読売ジャイアンツ,湯浅 大,内野手,福岡ソフトバンクホークス,,0,0,0,0,0,0,0,0,0,0,0,0,0,0,2026/09/22
読売ジャイアンツ,湯浅 大,内野手,北海道日本ハムファイターズ,,0,0,0,0,0,0,0,0,0,0,0,0,0,0,2026/09/22
読売ジャイアンツ,増田 大輝,内野手,オリックス・バファローズ,,0,0,0,0,0,0,0,0,0,0,0,0,0,0,2026/09/22
読売ジャイアンツ,増田 大輝,内野手,横浜DeNAベイスターズ,0.000,2,2,0,0,0,0,0,0,0,0,0,0,0,2,2026/09/22
読売ジャイアンツ,増田 大輝,内野手,広島東洋カープ,0.000,2,2,0,0,0,0,0,0,1,0,0,0,0,2,2026/09/22
読売ジャイアンツ,増田 大輝,内野手,阪神タイガース,0.000,1,1,0,0,0,0,0,0,1,0,0,0,0,1,2026/09/22
読売ジャイアンツ,増田 大輝,内野手,埼玉西武ライオンズ,,0,0,0,0,0,0,0,0,0,0,0,0,0,0,2026/09/22
読売ジャイアンツ,増田 大輝,内野手,千葉ロッテマリーンズ,0.000,3,2,0,0,0,0,0,0,0,0,1,0,0,1,2026/09/22
読売ジャイアンツ,増田 大輝,内野手,中日ドラゴンズ,0.364,12,11,4,4,0,0,0,0,3,0,1,0,0,5,2026/09/22
読売ジャイアンツ,増田 大輝,内野手,東京ヤクルトスワローズ,0.000,2,1,0,0,0,0,0,0,0,0,1,0,0,1,2026/09/22
読売ジャイアンツ,増田 大輝,内野手,東北楽天ゴールデンイーグルス,,0,0,0,0,0,0,0,0,0,0,0,0,0,0,2026/09/22
読売ジャイアンツ,増田 大輝,内野手,福岡ソフトバンクホークス,,0,0,0,0,0,0,0,0,0,0,0,0,0,0,2026/09/22
読売ジャイアンツ,増田 大輝,内野手,北海道日本ハムファイターズ,,0,0,0,0,0,0,0,0,0,0,0,0,0,0,2026/09/22
読売ジャイアンツ,吉川 尚輝,内野手,オリックス・バファローズ,0.000,8,8,0,0,0,0,0,0,1,0,0,0,0,3,2026/09/22
読売ジャイアンツ,吉川 尚輝,内野手,横浜DeNAベイスターズ,0.222,9,9,2,2,0,0,0,0,1,0,0,0,0,3,2026/09/22
読売ジャイアンツ,吉川 尚輝,内野手,広島東洋カープ,0.200,27,25,5,3,2,0,0,1,3,2,0,0,0,8,2026/09/22
読売ジャイアンツ,吉川 尚輝,内野手,阪神タイガース,0.188,17,16,3,2,0,0,1,2,3,1,0,0,0,5,2026/09/22
読売ジャイアンツ,吉川 尚輝,内野手,埼玉西武ライオンズ,0.000,3,3,0,0,0,0,0,0,2,0,0,0,0,1,2026/09/22
読売ジャイアンツ,吉川 尚輝,内野手,千葉ロッテマリーンズ,0.455,14,11,5,5,0,0,0,2,2,2,0,0,1,3,2026/09/22
読売ジャイアンツ,吉川 尚輝,内野手,中日ドラゴンズ,0.545,25,22,12,11,1,0,0,4,3,2,1,0,0,7,2026/09/22
読売ジャイアンツ,吉川 尚輝,内野手,東京ヤクルトスワローズ,0.100,22,20,2,2,0,0,0,0,3,2,0,0,0,6,2026/09/22
読売ジャイアンツ,吉川 尚輝,内野手,東北楽天ゴールデンイーグルス,0.143,7,7,1,1,0,0,0,0,3,0,0,0,0,2,2026/09/22
読売ジャイアンツ,吉川 尚輝,内野手,福岡ソフトバンクホークス,0.167,13,12,2,2,0,0,0,0,3,1,0,0,0,3,2026/09/22
読売ジャイアンツ,吉川 尚輝,内野手,北海道日本ハムファイターズ,0.429,7,7,3,3,0,0,0,0,1,0,0,0,0,2,2026/09/22
読売ジャイアンツ,門脇 誠,内野手,オリックス・バファローズ,,0,0,0,0,0,0,0,0,0,0,0,0,0,0,2026/09/22
読売ジャイアンツ,門脇 誠,内野手,横浜DeNAベイスターズ,0.056,23,18,1,1,0,0,0,1,2,3,2,0,0,6,2026/09/22
読売ジャイアンツ,門脇 誠,内野手,広島東洋カープ,0.333,3,3,1,1,0,0,0,1,1,0,0,0,0,3,2026/09/22
読売ジャイアンツ,門脇 誠,内野手,阪神タイガース,0.111,9,9,1,0,0,1,0,0,2,0,0,0,0,5,2026/09/22
読売ジャイアンツ,門脇 誠,内野手,埼玉西武ライオンズ,0.000,3,3,0,0,0,0,0,0,1,0,0,0,0,1,2026/09/22
読売ジャイアンツ,門脇 誠,内野手,千葉ロッテマリーンズ,0.000,2,2,0,0,0,0,0,0,0,0,0,0,0,2,2026/09/22
読売ジャイアンツ,門脇 誠,内野手,中日ドラゴンズ,0.333,13,12,4,4,0,0,0,2,3,1,0,0,0,6,2026/09/22
読売ジャイアンツ,門脇 誠,内野手,東京ヤクルトスワローズ,0.167,13,12,2,0,2,0,0,1,1,1,0,0,0,6,2026/09/22
読売ジャイアンツ,門脇 誠,内野手,東北楽天ゴールデンイーグルス,0.000,1,1,0,0,0,0,0,0,1,0,0,0,0,1,2026/09/22
読売ジャイアンツ,門脇 誠,内野手,福岡ソフトバンクホークス,,0,0,0,0,0,0,0,0,0,0,0,0,0,0,2026/09/22
読売ジャイアンツ,門脇 誠,内野手,北海道日本ハムファイターズ,0.000,2,1,0,0,0,0,0,0,0,0,1,0,0,1,2026/09/22
読売ジャイアンツ,坂本 勇人,内野手,オリックス・バファローズ,0.000,7,7,0,0,0,0,0,0,5,0,0,0,0,2,2026/09/22
読売ジャイアンツ,坂本 勇人,内野手,横浜DeNAベイスターズ,0.129,32,31,4,4,0,0,0,0,9,1,0,0,0,11,2026/09/22
読売ジャイアンツ,坂本 勇人,内野手,広島東洋カープ,0.185,31,27,5,2,1,0,2,6,8,4,0,0,0,11,2026/09/22
読売ジャイアンツ,坂本 勇人,内野手,阪神タイガース,0.174,25,23,4,3,1,0,0,3,3,2,0,0,0,10,2026/09/22
読売ジャイアンツ,坂本 勇人,内野手,埼玉西武ライオンズ,0.000,4,4,0,0,0,0,0,0,3,0,0,0,0,1,2026/09/22
読売ジャイアンツ,坂本 勇人,内野手,千葉ロッテマリーンズ,0.000,6,5,0,0,0,0,0,0,2,1,0,0,0,2,2026/09/22
読売ジャイアンツ,坂本 勇人,内野手,中日ドラゴンズ,0.226,37,31,7,4,2,0,1,4,4,6,0,0,0,14,2026/09/22
読売ジャイアンツ,坂本 勇人,内野手,東京ヤクルトスワローズ,0.174,25,23,4,2,0,0,2,5,5,2,0,0,0,9,2026/09/22
読売ジャイアンツ,坂本 勇人,内野手,東北楽天ゴールデンイーグルス,,0,0,0,0,0,0,0,0,0,0,0,0,0,0,2026/09/22
読売ジャイアンツ,坂本 勇人,内野手,福岡ソフトバンクホークス,0.250,10,8,2,1,1,0,0,1,3,1,0,1,0,3,2026/09/22
読売ジャイアンツ,坂本 勇人,内野手,北海道日本ハムファイターズ,0.000,1,1,0,0,0,0,0,0,0,0,0,0,0,1,2026/09/22
読売ジャイアンツ,石塚 裕惺,内野手,オリックス・バファローズ,,0,0,0,0,0,0,0,0,0,0,0,0,0,0,2026/09/22
読売ジャイアンツ,石塚 裕惺,内野手,横浜DeNAベイスターズ,0.179,37,28,5,4,1,0,0,2,5,5,2,1,1,10,2026/09/22
読売ジャイアンツ,石塚 裕惺,内野手,広島東洋カープ,0.206,37,34,7,5,2,0,0,2,7,3,0,0,0,11,2026/09/22
読売ジャイアンツ,石塚 裕惺,内野手,阪神タイガース,0.333,26,24,8,6,2,0,0,2,5,2,0,0,0,10,2026/09/22
読売ジャイアンツ,石塚 裕惺,内野手,埼玉西武ライオンズ,,0,0,0,0,0,0,0,0,0,0,0,0,0,0,2026/09/22
読売ジャイアンツ,石塚 裕惺,内野手,千葉ロッテマリーンズ,,0,0,0,0,0,0,0,0,0,0,0,0,0,0,2026/09/22
読売ジャイアンツ,石塚 裕惺,内野手,中日ドラゴンズ,0.136,23,22,3,2,0,1,0,2,7,1,0,0,0,8,2026/09/22
読売ジャイアンツ,石塚 裕惺,内野手,東京ヤクルトスワローズ,0.286,10,7,2,1,1,0,0,1,1,2,0,0,1,5,2026/09/22
読売ジャイアンツ,石塚 裕惺,内野手,東北楽天ゴールデンイーグルス,,0,0,0,0,0,0,0,0,0,0,0,0,0,0,2026/09/22
読売ジャイアンツ,石塚 裕惺,内野手,福岡ソフトバンクホークス,,0,0,0,0,0,0,0,0,0,0,0,0,0,0,2026/09/22
読売ジャイアンツ,石塚 裕惺,内野手,北海道日本ハムファイターズ,,0,0,0,0,0,0,0,0,0,0,0,0,0,0,2026/09/22
読売ジャイアンツ,ダルベック,内野手,オリックス・バファローズ,0.091,12,11,1,0,0,0,1,1,7,1,0,0,0,3,2026/09/22
読売ジャイアンツ,ダルベック,内野手,横浜DeNAベイスターズ,0.224,97,85,19,11,7,0,1,7,35,9,0,2,1,23,2026/09/22
読売ジャイアンツ,ダルベック,内野手,広島東洋カープ,0.277,69,65,18,14,3,0,1,11,19,4,0,0,0,17,2026/09/22
読売ジャイアンツ,ダルベック,内野手,阪神タイガース,0.293,91,82,24,12,3,0,9,18,32,9,0,0,0,24,2026/09/22
読売ジャイアンツ,ダルベック,内野手,埼玉西武ライオンズ,0.333,13,12,4,3,1,0,0,1,4,1,0,0,0,3,2026/09/22
読売ジャイアンツ,ダルベック,内野手,千葉ロッテマリーンズ,0.143,7,7,1,1,0,0,0,0,2,0,0,0,0,2,2026/09/22
読売ジャイアンツ,ダルベック,内野手,中日ドラゴンズ,0.310,96,84,26,18,4,0,4,17,29,10,0,1,1,25,2026/09/22
読売ジャイアンツ,ダルベック,内野手,東京ヤクルトスワローズ,0.225,85,80,18,8,3,1,6,18,33,4,0,1,0,22,2026/09/22
読売ジャイアンツ,ダルベック,内野手,東北楽天ゴールデンイーグルス,0.333,11,9,3,0,1,0,2,4,4,2,0,0,0,3,2026/09/22
読売ジャイアンツ,ダルベック,内野手,福岡ソフトバンクホークス,0.444,9,9,4,3,1,0,0,1,4,0,0,0,0,3,2026/09/22
読売ジャイアンツ,ダルベック,内野手,北海道日本ハムファイターズ,0.182,14,11,2,1,1,0,0,2,4,3,0,0,0,3,2026/09/22
読売ジャイアンツ,浦田 俊輔,内野手,オリックス・バファローズ,0.444,10,9,4,4,0,0,0,0,1,1,0,0,0,3,2026/09/22
読売ジャイアンツ,浦田 俊輔,内野手,横浜DeNAベイスターズ,0.313,94,80,25,22,3,0,0,6,7,7,4,2,1,22,2026/09/22
読売ジャイアンツ,浦田 俊輔,内野手,広島東洋カープ,0.211,86,71,15,12,3,0,0,6,12,10,2,1,2,18,2026/09/22
読売ジャイアンツ,浦田 俊輔,内野手,阪神タイガース,0.236,81,72,17,15,2,0,0,4,12,6,2,1,0,21,2026/09/22
読売ジャイアンツ,浦田 俊輔,内野手,埼玉西武ライオンズ,0.333,6,6,2,2,0,0,0,0,1,0,0,0,0,2,2026/09/22
読売ジャイアンツ,浦田 俊輔,内野手,千葉ロッテマリーンズ,0.375,8,8,3,3,0,0,0,0,1,0,0,0,0,2,2026/09/22
読売ジャイアンツ,浦田 俊輔,内野手,中日ドラゴンズ,0.288,79,73,21,17,3,1,0,4,12,5,0,0,1,20,2026/09/22
読売ジャイアンツ,浦田 俊輔,内野手,東京ヤクルトスワローズ,0.303,71,66,20,18,1,1,0,5,11,3,0,0,2,19,2026/09/22
読売ジャイアンツ,浦田 俊輔,内野手,東北楽天ゴールデンイーグルス,0.333,14,12,4,4,0,0,0,2,2,0,1,0,1,3,2026/09/22
読売ジャイアンツ,浦田 俊輔,内野手,福岡ソフトバンクホークス,0.200,6,5,1,1,0,0,0,0,0,0,1,0,0,2,2026/09/22
読売ジャイアンツ,浦田 俊輔,内野手,北海道日本ハムファイターズ,0.286,8,7,2,2,0,0,0,0,0,0,0,0,1,2,2026/09/22
読売ジャイアンツ,小濱 佑斗,内野手,オリックス・バファローズ,,0,0,0,0,0,0,0,0,0,0,0,0,0,0,2026/09/22
読売ジャイアンツ,小濱 佑斗,内野手,横浜DeNAベイスターズ,0.375,9,8,3,2,1,0,0,4,2,1,0,0,0,2,2026/09/22
読売ジャイアンツ,小濱 佑斗,内野手,広島東洋カープ,0.167,12,12,2,2,0,0,0,2,4,0,0,0,0,5,2026/09/22
読売ジャイアンツ,小濱 佑斗,内野手,阪神タイガース,0.273,11,11,3,2,0,0,1,3,1,0,0,0,0,5,2026/09/22
読売ジャイアンツ,小濱 佑斗,内野手,埼玉西武ライオンズ,0.167,6,6,1,1,0,0,0,0,3,0,0,0,0,2,2026/09/22
読売ジャイアンツ,小濱 佑斗,内野手,千葉ロッテマリーンズ,,0,0,0,0,0,0,0,0,0,0,0,0,0,0,2026/09/22
読売ジャイアンツ,小濱 佑斗,内野手,中日ドラゴンズ,0.143,17,14,2,1,0,1,0,0,2,3,0,0,0,5,2026/09/22
読売ジャイアンツ,小濱 佑斗,内野手,東京ヤクルトスワローズ,0.000,3,3,0,0,0,0,0,0,0,0,0,0,0,1,2026/09/22
読売ジャイアンツ,小濱 佑斗,内野手,東北楽天ゴールデンイーグルス,0.000,1,1,0,0,0,0,0,0,0,0,0,0,0,1,2026/09/22
読売ジャイアンツ,小濱 佑斗,内野手,福岡ソフトバンクホークス,,0,0,0,0,0,0,0,0,0,0,0,0,0,0,2026/09/22
読売ジャイアンツ,小濱 佑斗,内野手,北海道日本ハムファイターズ,,0,0,0,0,0,0,0,0,0,0,0,0,0,0,2026/09/22
読売ジャイアンツ,泉口 友汰,内野手,オリックス・バファローズ,0.333,6,6,2,1,1,0,0,1,2,0,0,0,0,2,2026/09/22
読売ジャイアンツ,泉口 友汰,内野手,横浜DeNAベイスターズ,0.292,82,72,21,17,2,0,2,6,9,8,1,0,1,21,2026/09/22
読売ジャイアンツ,泉口 友汰,内野手,広島東洋カープ,0.268,83,71,19,13,4,0,2,14,11,8,0,3,1,17,2026/09/22
読売ジャイアンツ,泉口 友汰,内野手,阪神タイガース,0.270,74,63,17,11,5,0,1,3,5,8,0,2,1,20,2026/09/22
読売ジャイアンツ,泉口 友汰,内野手,埼玉西武ライオンズ,0.000,5,4,0,0,0,0,0,0,2,1,0,0,0,2,2026/09/22
読売ジャイアンツ,泉口 友汰,内野手,千葉ロッテマリーンズ,0.286,16,14,4,4,0,0,0,0,1,2,0,0,0,3,2026/09/22
読売ジャイアンツ,泉口 友汰,内野手,中日ドラゴンズ,0.241,96,87,21,14,3,1,3,10,15,8,1,0,0,23,2026/09/22
読売ジャイアンツ,泉口 友汰,内野手,東京ヤクルトスワローズ,0.250,98,88,22,15,6,1,0,8,14,7,0,2,1,23,2026/09/22
読売ジャイアンツ,泉口 友汰,内野手,東北楽天ゴールデンイーグルス,0.375,11,8,3,2,0,1,0,1,2,2,1,0,0,3,2026/09/22
読売ジャイアンツ,泉口 友汰,内野手,福岡ソフトバンクホークス,0.182,13,11,2,1,1,0,0,1,0,0,0,0,2,3,2026/09/22
読売ジャイアンツ,泉口 友汰,内野手,北海道日本ハムファイターズ,0.077,15,13,1,1,0,0,0,1,1,2,0,0,0,3,2026/09/22
読売ジャイアンツ,リチャード,内野手,オリックス・バファローズ,,0,0,0,0,0,0,0,0,0,0,0,0,0,0,2026/09/22
読売ジャイアンツ,リチャード,内野手,横浜DeNAベイスターズ,0.000,13,10,0,0,0,0,0,0,4,3,0,0,0,3,2026/09/22
読売ジャイアンツ,リチャード,内野手,広島東洋カープ,,0,0,0,0,0,0,0,0,0,0,0,0,0,0,2026/09/22
読売ジャイアンツ,リチャード,内野手,阪神タイガース,,0,0,0,0,0,0,0,0,0,0,0,0,0,0,2026/09/22
読売ジャイアンツ,リチャード,内野手,埼玉西武ライオンズ,0.200,5,5,1,0,0,0,1,1,3,0,0,0,0,2,2026/09/22
読売ジャイアンツ,リチャード,内野手,千葉ロッテマリーンズ,,0,0,0,0,0,0,0,0,0,0,0,0,0,0,2026/09/22
読売ジャイアンツ,リチャード,内野手,中日ドラゴンズ,0.000,3,3,0,0,0,0,0,0,2,0,0,0,0,1,2026/09/22
読売ジャイアンツ,リチャード,内野手,東京ヤクルトスワローズ,0.000,3,3,0,0,0,0,0,0,2,0,0,0,0,2,2026/09/22
読売ジャイアンツ,リチャード,内野手,東北楽天ゴールデンイーグルス,,0,0,0,0,0,0,0,0,0,0,0,0,0,0,2026/09/22
読売ジャイアンツ,リチャード,内野手,福岡ソフトバンクホークス,,0,0,0,0,0,0,0,0,0,0,0,0,0,0,2026/09/22
読売ジャイアンツ,リチャード,内野手,北海道日本ハムファイターズ,,0,0,0,0,0,0,0,0,0,0,0,0,0,0,2026/09/22
読売ジャイアンツ,荒巻 悠,内野手,オリックス・バファローズ,,0,0,0,0,0,0,0,0,0,0,0,0,0,0,2026/09/22
読売ジャイアンツ,荒巻 悠,内野手,横浜DeNAベイスターズ,,0,0,0,0,0,0,0,0,0,0,0,0,0,0,2026/09/22
読売ジャイアンツ,荒巻 悠,内野手,広島東洋カープ,,0,0,0,0,0,0,0,0,0,0,0,0,0,0,2026/09/22
読売ジャイアンツ,荒巻 悠,内野手,阪神タイガース,,0,0,0,0,0,0,0,0,0,0,0,0,0,0,2026/09/22
読売ジャイアンツ,荒巻 悠,内野手,埼玉西武ライオンズ,,0,0,0,0,0,0,0,0,0,0,0,0,0,0,2026/09/22
読売ジャイアンツ,荒巻 悠,内野手,千葉ロッテマリーンズ,,0,0,0,0,0,0,0,0,0,0,0,0,0,0,2026/09/22
読売ジャイアンツ,荒巻 悠,内野手,中日ドラゴンズ,,0,0,0,0,0,0,0,0,0,0,0,0,0,0,2026/09/22
読売ジャイアンツ,荒巻 悠,内野手,東京ヤクルトスワローズ,,0,0,0,0,0,0,0,0,0,0,0,0,0,0,2026/09/22
読売ジャイアンツ,荒巻 悠,内野手,東北楽天ゴールデンイーグルス,,0,0,0,0,0,0,0,0,0,0,0,0,0,0,2026/09/22
読売ジャイアンツ,荒巻 悠,内野手,福岡ソフトバンクホークス,,0,0,0,0,0,0,0,0,0,0,0,0,0,0,2026/09/22
読売ジャイアンツ,荒巻 悠,内野手,北海道日本ハムファイターズ,,0,0,0,0,0,0,0,0,0,0,0,0,0,0,2026/09/22
読売ジャイアンツ,増田 陸,内野手,オリックス・バファローズ,,0,0,0,0,0,0,0,0,0,0,0,0,0,0,2026/09/22
読売ジャイアンツ,増田 陸,内野手,横浜DeNAベイスターズ,0.263,21,19,5,3,0,0,2,3,3,2,0,0,0,9,2026/09/22
読売ジャイアンツ,増田 陸,内野手,広島東洋カープ,0.324,38,34,11,8,0,0,3,6,9,3,0,1,0,10,2026/09/22
読売ジャイアンツ,増田 陸,内野手,阪神タイガース,0.143,29,28,4,2,2,0,0,1,14,0,0,0,1,11,2026/09/22
読売ジャイアンツ,増田 陸,内野手,埼玉西武ライオンズ,,0,0,0,0,0,0,0,0,0,0,0,0,0,0,2026/09/22
読売ジャイアンツ,増田 陸,内野手,千葉ロッテマリーンズ,,0,0,0,0,0,0,0,0,0,0,0,0,0,0,2026/09/22
読売ジャイアンツ,増田 陸,内野手,中日ドラゴンズ,0.190,22,21,4,3,1,0,0,0,8,1,0,0,0,8,2026/09/22
読売ジャイアンツ,増田 陸,内野手,東京ヤクルトスワローズ,0.306,37,36,11,8,3,0,0,5,7,0,1,0,0,13,2026/09/22
読売ジャイアンツ,増田 陸,内野手,東北楽天ゴールデンイーグルス,,0,0,0,0,0,0,0,0,0,0,0,0,0,0,2026/09/22
読売ジャイアンツ,増田 陸,内野手,福岡ソフトバンクホークス,0.000,1,1,0,0,0,0,0,0,0,0,0,0,0,1,2026/09/22
読売ジャイアンツ,増田 陸,内野手,北海道日本ハムファイターズ,,0,0,0,0,0,0,0,0,0,0,0,0,0,0,2026/09/22
読売ジャイアンツ,宇都宮 葵星,内野手,オリックス・バファローズ,,0,0,0,0,0,0,0,0,0,0,0,0,0,0,2026/09/22
読売ジャイアンツ,宇都宮 葵星,内野手,横浜DeNAベイスターズ,1.000,1,1,1,1,0,0,0,0,0,0,0,0,0,1,2026/09/22
読売ジャイアンツ,宇都宮 葵星,内野手,広島東洋カープ,,0,0,0,0,0,0,0,0,0,0,0,0,0,0,2026/09/22
読売ジャイアンツ,宇都宮 葵星,内野手,阪神タイガース,,0,0,0,0,0,0,0,0,0,0,0,0,0,0,2026/09/22
読売ジャイアンツ,宇都宮 葵星,内野手,埼玉西武ライオンズ,,0,0,0,0,0,0,0,0,0,0,0,0,0,0,2026/09/22
読売ジャイアンツ,宇都宮 葵星,内野手,千葉ロッテマリーンズ,,0,0,0,0,0,0,0,0,0,0,0,0,0,0,2026/09/22
読売ジャイアンツ,宇都宮 葵星,内野手,中日ドラゴンズ,,0,0,0,0,0,0,0,0,0,0,0,0,0,0,2026/09/22
読売ジャイアンツ,宇都宮 葵星,内野手,東京ヤクルトスワローズ,0.000,1,1,0,0,0,0,0,0,0,0,0,0,0,1,2026/09/22
読売ジャイアンツ,宇都宮 葵星,内野手,東北楽天ゴールデンイーグルス,,0,0,0,0,0,0,0,0,0,0,0,0,0,0,2026/09/22
読売ジャイアンツ,宇都宮 葵星,内野手,福岡ソフトバンクホークス,,0,0,0,0,0,0,0,0,0,0,0,0,0,0,2026/09/22
読売ジャイアンツ,宇都宮 葵星,内野手,北海道日本ハムファイターズ,,0,0,0,0,0,0,0,0,0,0,0,0,0,0,2026/09/22
読売ジャイアンツ,平山 功太,内野手,オリックス・バファローズ,,0,0,0,0,0,0,0,0,0,0,0,0,0,0,2026/09/22
読売ジャイアンツ,平山 功太,内野手,横浜DeNAベイスターズ,0.444,19,18,8,5,1,0,2,2,3,1,0,0,0,5,2026/09/22
読売ジャイアンツ,平山 功太,内野手,広島東洋カープ,0.304,24,23,7,6,0,1,0,2,4,1,0,0,0,6,2026/09/22
読売ジャイアンツ,平山 功太,内野手,阪神タイガース,0.333,12,12,4,3,1,0,0,2,0,0,0,0,0,5,2026/09/22
読売ジャイアンツ,平山 功太,内野手,埼玉西武ライオンズ,,0,0,0,0,0,0,0,0,0,0,0,0,0,0,2026/09/22
読売ジャイアンツ,平山 功太,内野手,千葉ロッテマリーンズ,,0,0,0,0,0,0,0,0,0,0,0,0,0,0,2026/09/22
読売ジャイアンツ,平山 功太,内野手,中日ドラゴンズ,0.211,20,19,4,3,1,0,0,3,7,1,0,0,0,6,2026/09/22
読売ジャイアンツ,平山 功太,内野手,東京ヤクルトスワローズ,0.125,26,24,3,2,0,0,1,1,7,0,0,0,2,9,2026/09/22
読売ジャイアンツ,平山 功太,内野手,東北楽天ゴールデンイーグルス,,0,0,0,0,0,0,0,0,0,0,0,0,0,0,2026/09/22
読売ジャイアンツ,平山 功太,内野手,福岡ソフトバンクホークス,,0,0,0,0,0,0,0,0,0,0,0,0,0,0,2026/09/22
読売ジャイアンツ,平山 功太,内野手,北海道日本ハムファイターズ,,0,0,0,0,0,0,0,0,0,0,0,0,0,0,2026/09/22
読売ジャイアンツ,藤井 健翔,内野手,オリックス・バファローズ,,0,0,0,0,0,0,0,0,0,0,0,0,0,0,2026/09/22
読売ジャイアンツ,藤井 健翔,内野手,横浜DeNAベイスターズ,,0,0,0,0,0,0,0,0,0,0,0,0,0,0,2026/09/22
読売ジャイアンツ,藤井 健翔,内野手,広島東洋カープ,,0,0,0,0,0,0,0,0,0,0,0,0,0,0,2026/09/22
読売ジャイアンツ,藤井 健翔,内野手,阪神タイガース,,0,0,0,0,0,0,0,0,0,0,0,0,0,0,2026/09/22
読売ジャイアンツ,藤井 健翔,内野手,埼玉西武ライオンズ,,0,0,0,0,0,0,0,0,0,0,0,0,0,0,2026/09/22
読売ジャイアンツ,藤井 健翔,内野手,千葉ロッテマリーンズ,,0,0,0,0,0,0,0,0,0,0,0,0,0,0,2026/09/22
読売ジャイアンツ,藤井 健翔,内野手,中日ドラゴンズ,,0,0,0,0,0,0,0,0,0,0,0,0,0,0,2026/09/22
読売ジャイアンツ,藤井 健翔,内野手,東京ヤクルトスワローズ,,0,0,0,0,0,0,0,0,0,0,0,0,0,0,2026/09/22
読売ジャイアンツ,藤井 健翔,内野手,東北楽天ゴールデンイーグルス,,0,0,0,0,0,0,0,0,0,0,0,0,0,0,2026/09/22
読売ジャイアンツ,藤井 健翔,内野手,福岡ソフトバンクホークス,,0,0,0,0,0,0,0,0,0,0,0,0,0,0,2026/09/22
読売ジャイアンツ,藤井 健翔,内野手,北海道日本ハムファイターズ,,0,0,0,0,0,0,0,0,0,0,0,0,0,0,2026/09/22
読売ジャイアンツ,丸 佳浩,外野手,オリックス・バファローズ,0.143,8,7,1,0,0,0,1,4,1,1,0,0,0,3,2026/09/22
読売ジャイアンツ,丸 佳浩,外野手,横浜DeNAベイスターズ,0.182,24,22,4,3,1,0,0,2,3,2,0,0,0,13,2026/09/22
読売ジャイアンツ,丸 佳浩,外野手,広島東洋カープ,0.000,12,11,0,0,0,0,0,0,4,1,0,0,0,8,2026/09/22
読売ジャイアンツ,丸 佳浩,外野手,阪神タイガース,0.467,17,15,7,5,2,0,0,0,3,2,0,0,0,11,2026/09/22
読売ジャイアンツ,丸 佳浩,外野手,埼玉西武ライオンズ,0.000,5,5,0,0,0,0,0,0,0,0,0,0,0,2,2026/09/22
読売ジャイアンツ,丸 佳浩,外野手,千葉ロッテマリーンズ,0.000,6,5,0,0,0,0,0,0,2,1,0,0,0,2,2026/09/22
読売ジャイアンツ,丸 佳浩,外野手,中日ドラゴンズ,0.286,27,21,6,3,2,0,1,7,4,6,0,0,0,14,2026/09/22
読売ジャイアンツ,丸 佳浩,外野手,東京ヤクルトスワローズ,0.077,18,13,1,0,1,0,0,3,2,5,0,0,0,9,2026/09/22
読売ジャイアンツ,丸 佳浩,外野手,東北楽天ゴールデンイーグルス,,0,0,0,0,0,0,0,0,0,0,0,0,0,0,2026/09/22
読売ジャイアンツ,丸 佳浩,外野手,福岡ソフトバンクホークス,0.400,5,5,2,2,0,0,0,1,2,0,0,0,0,3,2026/09/22
読売ジャイアンツ,丸 佳浩,外野手,北海道日本ハムファイターズ,0.667,3,3,2,2,0,0,0,1,0,0,0,0,0,2,2026/09/22
読売ジャイアンツ,松本 剛,外野手,オリックス・バファローズ,0.333,11,9,3,2,1,0,0,1,0,0,2,0,0,3,2026/09/22
読売ジャイアンツ,松本 剛,外野手,横浜DeNAベイスターズ,0.367,67,60,22,18,3,0,1,4,8,4,3,0,0,20,2026/09/22
読売ジャイアンツ,松本 剛,外野手,広島東洋カープ,0.254,70,63,16,15,0,0,1,5,12,4,2,0,1,17,2026/09/22
読売ジャイアンツ,松本 剛,外野手,阪神タイガース,0.186,77,70,13,9,4,0,0,3,11,4,3,0,0,21,2026/09/22
読売ジャイアンツ,松本 剛,外野手,埼玉西武ライオンズ,0.400,11,10,4,4,0,0,0,0,4,0,0,0,1,3,2026/09/22
読売ジャイアンツ,松本 剛,外野手,千葉ロッテマリーンズ,0.400,5,5,2,2,0,0,0,1,1,0,0,0,0,2,2026/09/22
読売ジャイアンツ,松本 剛,外野手,中日ドラゴンズ,0.238,92,84,20,18,1,0,1,5,8,4,4,0,0,21,2026/09/22
読売ジャイアンツ,松本 剛,外野手,東京ヤクルトスワローズ,0.339,67,59,20,18,2,0,0,3,6,8,0,0,0,18,2026/09/22
読売ジャイアンツ,松本 剛,外野手,東北楽天ゴールデンイーグルス,0.308,16,13,4,2,2,0,0,1,4,1,0,0,2,3,2026/09/22
読売ジャイアンツ,松本 剛,外野手,福岡ソフトバンクホークス,0.600,6,5,3,3,0,0,0,0,0,0,0,0,1,2,2026/09/22
読売ジャイアンツ,松本 剛,外野手,北海道日本ハムファイターズ,0.250,13,12,3,1,2,0,0,2,2,1,0,0,0,3,2026/09/22
読売ジャイアンツ,萩尾 匡也,外野手,オリックス・バファローズ,,0,0,0,0,0,0,0,0,0,0,0,0,0,0,2026/09/22
読売ジャイアンツ,萩尾 匡也,外野手,横浜DeNAベイスターズ,0.000,6,5,0,0,0,0,0,0,0,1,0,0,0,4,2026/09/22
読売ジャイアンツ,萩尾 匡也,外野手,広島東洋カープ,0.000,2,2,0,0,0,0,0,0,2,0,0,0,0,2,2026/09/22
読売ジャイアンツ,萩尾 匡也,外野手,阪神タイガース,,0,0,0,0,0,0,0,0,0,0,0,0,0,0,2026/09/22
読売ジャイアンツ,萩尾 匡也,外野手,埼玉西武ライオンズ,,0,0,0,0,0,0,0,0,0,0,0,0,0,0,2026/09/22
読売ジャイアンツ,萩尾 匡也,外野手,千葉ロッテマリーンズ,,0,0,0,0,0,0,0,0,0,0,0,0,0,0,2026/09/22
読売ジャイアンツ,萩尾 匡也,外野手,中日ドラゴンズ,,0,0,0,0,0,0,0,0,0,0,0,0,0,0,2026/09/22
読売ジャイアンツ,萩尾 匡也,外野手,東京ヤクルトスワローズ,,0,0,0,0,0,0,0,0,0,0,0,0,0,0,2026/09/22
読売ジャイアンツ,萩尾 匡也,外野手,東北楽天ゴールデンイーグルス,,0,0,0,0,0,0,0,0,0,0,0,0,0,0,2026/09/22
読売ジャイアンツ,萩尾 匡也,外野手,福岡ソフトバンクホークス,,0,0,0,0,0,0,0,0,0,0,0,0,0,0,2026/09/22
読売ジャイアンツ,萩尾 匡也,外野手,北海道日本ハムファイターズ,,0,0,0,0,0,0,0,0,0,0,0,0,0,0,2026/09/22
読売ジャイアンツ,キャベッジ,外野手,オリックス・バファローズ,0.300,12,10,3,1,0,0,2,3,5,2,0,0,0,3,2026/09/22
読売ジャイアンツ,キャベッジ,外野手,横浜DeNAベイスターズ,0.250,71,64,16,8,5,0,3,6,19,5,0,0,2,21,2026/09/22
読売ジャイアンツ,キャベッジ,外野手,広島東洋カープ,0.273,34,33,9,6,1,0,2,3,14,1,0,0,0,11,2026/09/22
読売ジャイアンツ,キャベッジ,外野手,阪神タイガース,0.220,61,59,13,8,2,0,3,5,23,2,0,0,0,18,2026/09/22
読売ジャイアンツ,キャベッジ,外野手,埼玉西武ライオンズ,0.000,7,7,0,0,0,0,0,0,3,0,0,0,0,3,2026/09/22
読売ジャイアンツ,キャベッジ,外野手,千葉ロッテマリーンズ,0.111,10,9,1,0,0,0,1,1,5,1,0,0,0,3,2026/09/22
読売ジャイアンツ,キャベッジ,外野手,中日ドラゴンズ,0.357,76,70,25,19,6,0,0,2,23,6,0,0,0,21,2026/09/22
読売ジャイアンツ,キャベッジ,外野手,東京ヤクルトスワローズ,0.156,49,45,7,5,1,0,1,3,19,3,0,0,1,14,2026/09/22
読売ジャイアンツ,キャベッジ,外野手,東北楽天ゴールデンイーグルス,0.000,11,11,0,0,0,0,0,0,2,0,0,0,0,3,2026/09/22
読売ジャイアンツ,キャベッジ,外野手,福岡ソフトバンクホークス,0.444,10,9,4,3,1,0,0,5,1,1,0,0,0,3,2026/09/22
読売ジャイアンツ,キャベッジ,外野手,北海道日本ハムファイターズ,0.333,10,9,3,2,0,0,1,1,5,0,0,0,1,3,2026/09/22
読売ジャイアンツ,岡田 悠希,外野手,オリックス・バファローズ,,0,0,0,0,0,0,0,0,0,0,0,0,0,0,2026/09/22
読売ジャイアンツ,岡田 悠希,外野手,横浜DeNAベイスターズ,,0,0,0,0,0,0,0,0,0,0,0,0,0,0,2026/09/22
読売ジャイアンツ,岡田 悠希,外野手,広島東洋カープ,,0,0,0,0,0,0,0,0,0,0,0,0,0,0,2026/09/22
読売ジャイアンツ,岡田 悠希,外野手,阪神タイガース,0.000,4,4,0,0,0,0,0,0,2,0,0,0,0,2,2026/09/22
読売ジャイアンツ,岡田 悠希,外野手,埼玉西武ライオンズ,,0,0,0,0,0,0,0,0,0,0,0,0,0,0,2026/09/22
読売ジャイアンツ,岡田 悠希,外野手,千葉ロッテマリーンズ,,0,0,0,0,0,0,0,0,0,0,0,0,0,0,2026/09/22
読売ジャイアンツ,岡田 悠希,外野手,中日ドラゴンズ,,0,0,0,0,0,0,0,0,0,0,0,0,0,0,2026/09/22
読売ジャイアンツ,岡田 悠希,外野手,東京ヤクルトスワローズ,0.333,4,3,1,1,0,0,0,1,0,1,0,0,0,1,2026/09/22
読売ジャイアンツ,岡田 悠希,外野手,東北楽天ゴールデンイーグルス,,0,0,0,0,0,0,0,0,0,0,0,0,0,0,2026/09/22
読売ジャイアンツ,岡田 悠希,外野手,福岡ソフトバンクホークス,,0,0,0,0,0,0,0,0,0,0,0,0,0,0,2026/09/22
読売ジャイアンツ,岡田 悠希,外野手,北海道日本ハムファイターズ,,0,0,0,0,0,0,0,0,0,0,0,0,0,0,2026/09/22
読売ジャイアンツ,皆川 岳飛,外野手,オリックス・バファローズ,,0,0,0,0,0,0,0,0,0,0,0,0,0,0,2026/09/22
読売ジャイアンツ,皆川 岳飛,外野手,横浜DeNAベイスターズ,0.250,4,4,1,1,0,0,0,0,0,0,0,0,0,1,2026/09/22
読売ジャイアンツ,皆川 岳飛,外野手,広島東洋カープ,0.143,8,7,1,1,0,0,0,0,2,1,0,0,0,4,2026/09/22
読売ジャイアンツ,皆川 岳飛,外野手,阪神タイガース,0.000,1,1,0,0,0,0,0,0,1,0,0,0,0,1,2026/09/22
読売ジャイアンツ,皆川 岳飛,外野手,埼玉西武ライオンズ,,0,0,0,0,0,0,0,0,0,0,0,0,0,0,2026/09/22
読売ジャイアンツ,皆川 岳飛,外野手,千葉ロッテマリーンズ,,0,0,0,0,0,0,0,0,0,0,0,0,0,0,2026/09/22
読売ジャイアンツ,皆川 岳飛,外野手,中日ドラゴンズ,0.000,1,1,0,0,0,0,0,0,0,0,0,0,0,1,2026/09/22
読売ジャイアンツ,皆川 岳飛,外野手,東京ヤクルトスワローズ,0.000,3,3,0,0,0,0,0,0,2,0,0,0,0,2,2026/09/22
読売ジャイアンツ,皆川 岳飛,外野手,東北楽天ゴールデンイーグルス,,0,0,0,0,0,0,0,0,0,0,0,0,0,0,2026/09/22
読売ジャイアンツ,皆川 岳飛,外野手,福岡ソフトバンクホークス,,0,0,0,0,0,0,0,0,0,0,0,0,0,0,2026/09/22
読売ジャイアンツ,皆川 岳飛,外野手,北海道日本ハムファイターズ,,0,0,0,0,0,0,0,0,0,0,0,0,0,0,2026/09/22
読売ジャイアンツ,中山 礼都,外野手,オリックス・バファローズ,0.000,1,1,0,0,0,0,0,0,0,0,0,0,0,1,2026/09/22
読売ジャイアンツ,中山 礼都,外野手,横浜DeNAベイスターズ,0.190,23,21,4,2,1,0,1,2,6,2,0,0,0,10,2026/09/22
読売ジャイアンツ,中山 礼都,外野手,広島東洋カープ,0.111,18,18,2,2,0,0,0,3,4,0,0,0,0,7,2026/09/22
読売ジャイアンツ,中山 礼都,外野手,阪神タイガース,0.161,35,31,5,3,1,0,1,2,5,4,0,0,0,10,2026/09/22
読売ジャイアンツ,中山 礼都,外野手,埼玉西武ライオンズ,0.200,5,5,1,1,0,0,0,0,1,0,0,0,0,2,2026/09/22
読売ジャイアンツ,中山 礼都,外野手,千葉ロッテマリーンズ,0.308,16,13,4,1,3,0,0,5,2,2,0,1,0,3,2026/09/22
読売ジャイアンツ,中山 礼都,外野手,中日ドラゴンズ,0.292,27,24,7,7,0,0,0,3,2,2,0,1,0,11,2026/09/22
読売ジャイアンツ,中山 礼都,外野手,東京ヤクルトスワローズ,0.125,27,24,3,3,0,0,0,1,4,2,0,1,0,10,2026/09/22
読売ジャイアンツ,中山 礼都,外野手,東北楽天ゴールデンイーグルス,0.500,2,2,1,1,0,0,0,0,0,0,0,0,0,2,2026/09/22
読売ジャイアンツ,中山 礼都,外野手,福岡ソフトバンクホークス,0.000,1,1,0,0,0,0,0,0,1,0,0,0,0,1,2026/09/22
読売ジャイアンツ,中山 礼都,外野手,北海道日本ハムファイターズ,0.000,5,4,0,0,0,0,0,0,1,1,0,0,0,2,2026/09/22
読売ジャイアンツ,佐々木 俊輔,外野手,オリックス・バファローズ,0.429,8,7,3,3,0,0,0,0,1,1,0,0,0,3,2026/09/22
読売ジャイアンツ,佐々木 俊輔,外野手,横浜DeNAベイスターズ,0.349,67,63,22,15,5,0,2,8,15,3,1,0,0,19,2026/09/22
読売ジャイアンツ,佐々木 俊輔,外野手,広島東洋カープ,0.231,77,65,15,9,5,0,1,6,17,10,1,0,1,19,2026/09/22
読売ジャイアンツ,佐々木 俊輔,外野手,阪神タイガース,0.196,55,51,10,6,2,0,2,5,18,3,1,0,0,20,2026/09/22
読売ジャイアンツ,佐々木 俊輔,外野手,埼玉西武ライオンズ,0.000,3,3,0,0,0,0,0,0,1,0,0,0,0,1,2026/09/22
読売ジャイアンツ,佐々木 俊輔,外野手,千葉ロッテマリーンズ,0.111,10,9,1,1,0,0,0,1,0,1,0,0,0,3,2026/09/22
読売ジャイアンツ,佐々木 俊輔,外野手,中日ドラゴンズ,0.275,43,40,11,7,2,0,2,8,10,2,0,0,1,16,2026/09/22
読売ジャイアンツ,佐々木 俊輔,外野手,東京ヤクルトスワローズ,0.345,64,55,19,12,5,0,2,7,13,8,0,0,1,18,2026/09/22
読売ジャイアンツ,佐々木 俊輔,外野手,東北楽天ゴールデンイーグルス,0.333,10,9,3,2,0,0,1,3,2,0,0,0,1,3,2026/09/22
読売ジャイアンツ,佐々木 俊輔,外野手,福岡ソフトバンクホークス,0.286,9,7,2,1,1,0,0,1,2,1,1,0,0,2,2026/09/22
読売ジャイアンツ,佐々木 俊輔,外野手,北海道日本ハムファイターズ,0.143,7,7,1,0,1,0,0,0,3,0,0,0,0,2,2026/09/22
読売ジャイアンツ,ティマ,外野手,オリックス・バファローズ,0.500,2,2,1,1,0,0,0,0,1,0,0,0,0,1,2026/09/22
読売ジャイアンツ,ティマ,外野手,横浜DeNAベイスターズ,0.000,3,3,0,0,0,0,0,0,1,0,0,0,0,1,2026/09/22
読売ジャイアンツ,ティマ,外野手,広島東洋カープ,,0,0,0,0,0,0,0,0,0,0,0,0,0,0,2026/09/22
読売ジャイアンツ,ティマ,外野手,阪神タイガース,0.000,9,9,0,0,0,0,0,0,4,0,0,0,0,3,2026/09/22
読売ジャイアンツ,ティマ,外野手,埼玉西武ライオンズ,,0,0,0,0,0,0,0,0,0,0,0,0,0,0,2026/09/22
読売ジャイアンツ,ティマ,外野手,千葉ロッテマリーンズ,0.200,5,5,1,1,0,0,0,0,2,0,0,0,0,2,2026/09/22
読売ジャイアンツ,ティマ,外野手,中日ドラゴンズ,,0,0,0,0,0,0,0,0,0,0,0,0,0,0,2026/09/22
読売ジャイアンツ,ティマ,外野手,東京ヤクルトスワローズ,,0,0,0,0,0,0,0,0,0,0,0,0,0,0,2026/09/22
読売ジャイアンツ,ティマ,外野手,東北楽天ゴールデンイーグルス,0.333,3,3,1,1,0,0,0,0,0,0,0,0,0,1,2026/09/22
読売ジャイアンツ,ティマ,外野手,福岡ソフトバンクホークス,0.000,1,1,0,0,0,0,0,0,0,0,0,0,0,1,2026/09/22
読売ジャイアンツ,ティマ,外野手,北海道日本ハムファイターズ,0.000,7,7,0,0,0,0,0,0,3,0,0,0,0,2,2026/09/22
読売ジャイアンツ,浅野 翔吾,外野手,オリックス・バファローズ,,0,0,0,0,0,0,0,0,0,0,0,0,0,0,2026/09/22
読売ジャイアンツ,浅野 翔吾,外野手,横浜DeNAベイスターズ,0.250,5,4,1,1,0,0,0,0,2,1,0,0,0,1,2026/09/22
読売ジャイアンツ,浅野 翔吾,外野手,広島東洋カープ,0.333,3,3,1,1,0,0,0,0,1,0,0,0,0,1,2026/09/22
読売ジャイアンツ,浅野 翔吾,外野手,阪神タイガース,0.167,6,6,1,0,1,0,0,0,1,0,0,0,0,2,2026/09/22
読売ジャイアンツ,浅野 翔吾,外野手,埼玉西武ライオンズ,,0,0,0,0,0,0,0,0,0,0,0,0,0,0,2026/09/22
読売ジャイアンツ,浅野 翔吾,外野手,千葉ロッテマリーンズ,,0,0,0,0,0,0,0,0,0,0,0,0,0,0,2026/09/22
読売ジャイアンツ,浅野 翔吾,外野手,中日ドラゴンズ,0.250,8,8,2,1,0,0,1,1,0,0,0,0,0,3,2026/09/22
読売ジャイアンツ,浅野 翔吾,外野手,東京ヤクルトスワローズ,0.000,1,1,0,0,0,0,0,0,1,0,0,0,0,1,2026/09/22
読売ジャイアンツ,浅野 翔吾,外野手,東北楽天ゴールデンイーグルス,,0,0,0,0,0,0,0,0,0,0,0,0,0,0,2026/09/22
読売ジャイアンツ,浅野 翔吾,外野手,福岡ソフトバンクホークス,0.000,3,3,0,0,0,0,0,0,1,0,0,0,0,1,2026/09/22
読売ジャイアンツ,浅野 翔吾,外野手,北海道日本ハムファイターズ,,0,0,0,0,0,0,0,0,0,0,0,0,0,0,2026/09/22
読売ジャイアンツ,鈴木 大和,外野手,オリックス・バファローズ,,0,0,0,0,0,0,0,0,0,0,0,0,0,0,2026/09/22
読売ジャイアンツ,鈴木 大和,外野手,横浜DeNAベイスターズ,0.250,5,4,1,0,1,0,0,1,1,0,0,0,1,1,2026/09/22
読売ジャイアンツ,鈴木 大和,外野手,広島東洋カープ,0.167,13,12,2,2,0,0,0,1,2,1,0,0,0,3,2026/09/22
読売ジャイアンツ,鈴木 大和,外野手,阪神タイガース,,0,0,0,0,0,0,0,0,0,0,0,0,0,0,2026/09/22
読売ジャイアンツ,鈴木 大和,外野手,埼玉西武ライオンズ,,0,0,0,0,0,0,0,0,0,0,0,0,0,0,2026/09/22
読売ジャイアンツ,鈴木 大和,外野手,千葉ロッテマリーンズ,,0,0,0,0,0,0,0,0,0,0,0,0,0,0,2026/09/22
読売ジャイアンツ,鈴木 大和,外野手,中日ドラゴンズ,,1,0,0,0,0,0,0,0,0,0,0,0,1,1,2026/09/22
読売ジャイアンツ,鈴木 大和,外野手,東京ヤクルトスワローズ,0.400,5,5,2,2,0,0,0,3,1,0,0,0,0,1,2026/09/22
読売ジャイアンツ,鈴木 大和,外野手,東北楽天ゴールデンイーグルス,,0,0,0,0,0,0,0,0,0,0,0,0,0,0,2026/09/22
読売ジャイアンツ,鈴木 大和,外野手,福岡ソフトバンクホークス,,0,0,0,0,0,0,0,0,0,0,0,0,0,0,2026/09/22
読売ジャイアンツ,鈴木 大和,外野手,北海道日本ハムファイターズ,,0,0,0,0,0,0,0,0,0,0,0,0,0,0,2026/09/22
読売ジャイアンツ,若林 楽人,外野手,オリックス・バファローズ,0.143,9,7,1,1,0,0,0,0,1,2,0,0,0,0,2026/09/22
読売ジャイアンツ,若林 楽人,外野手,横浜DeNAベイスターズ,0.250,4,4,1,1,0,0,0,0,1,0,0,0,0,0,2026/09/22
読売ジャイアンツ,若林 楽人,外野手,広島東洋カープ,0.000,1,1,0,0,0,0,0,0,0,0,0,0,0,1,2026/09/22
読売ジャイアンツ,若林 楽人,外野手,阪神タイガース,0.000,7,7,0,0,0,0,0,0,1,0,0,0,0,2,2026/09/22
読売ジャイアンツ,若林 楽人,外野手,埼玉西武ライオンズ,,0,0,0,0,0,0,0,0,0,0,0,0,0,3,2026/09/22
読売ジャイアンツ,若林 楽人,外野手,千葉ロッテマリーンズ,0.000,6,5,0,0,0,0,0,0,3,1,0,0,0,2,2026/09/22
読売ジャイアンツ,若林 楽人,外野手,中日ドラゴンズ,0.250,5,4,1,1,0,0,0,0,3,1,0,0,0,5,2026/09/22
読売ジャイアンツ,若林 楽人,外野手,東京ヤクルトスワローズ,0.273,11,11,3,2,1,0,0,0,2,0,0,0,0,1,2026/09/22
読売ジャイアンツ,若林 楽人,外野手,東北楽天ゴールデンイーグルス,,0,0,0,0,0,0,0,0,0,0,0,0,0,0,2026/09/22
読売ジャイアンツ,若林 楽人,外野手,福岡ソフトバンクホークス,0.333,3,3,1,1,0,0,0,0,2,0,0,0,0,0,2026/09/22
読売ジャイアンツ,若林 楽人,外野手,北海道日本ハムファイターズ,,0,0,0,0,0,0,0,0,0,0,0,0,0,0,2026/09/22
読売ジャイアンツ,知念 大成,外野手,オリックス・バファローズ,,0,0,0,0,0,0,0,0,0,0,0,0,0,0,2026/09/22
読売ジャイアンツ,知念 大成,外野手,横浜DeNAベイスターズ,0.143,7,7,1,1,0,0,0,0,2,0,0,0,0,3,2026/09/22
読売ジャイアンツ,知念 大成,外野手,広島東洋カープ,0.667,6,6,4,3,1,0,0,2,0,0,0,0,0,3,2026/09/22
読売ジャイアンツ,知念 大成,外野手,阪神タイガース,0.333,6,6,2,2,0,0,0,0,0,0,0,0,0,3,2026/09/22
読売ジャイアンツ,知念 大成,外野手,埼玉西武ライオンズ,,0,0,0,0,0,0,0,0,0,0,0,0,0,0,2026/09/22
読売ジャイアンツ,知念 大成,外野手,千葉ロッテマリーンズ,,0,0,0,0,0,0,0,0,0,0,0,0,0,0,2026/09/22
読売ジャイアンツ,知念 大成,外野手,中日ドラゴンズ,0.250,4,4,1,1,0,0,0,0,0,0,0,0,0,1,2026/09/22
読売ジャイアンツ,知念 大成,外野手,東京ヤクルトスワローズ,0.000,4,4,0,0,0,0,0,0,2,0,0,0,0,2,2026/09/22
読売ジャイアンツ,知念 大成,外野手,東北楽天ゴールデンイーグルス,,0,0,0,0,0,0,0,0,0,0,0,0,0,0,2026/09/22
読売ジャイアンツ,知念 大成,外野手,福岡ソフトバンクホークス,,0,0,0,0,0,0,0,0,0,0,0,0,0,0,2026/09/22
読売ジャイアンツ,知念 大成,外野手,北海道日本ハムファイターズ,,0,0,0,0,0,0,0,0,0,0,0,0,0,0,2026/09/22
読売ジャイアンツ,笹原 操希,外野手,オリックス・バファローズ,,0,0,0,0,0,0,0,0,0,0,0,0,0,0,2026/09/22
読売ジャイアンツ,笹原 操希,外野手,横浜DeNAベイスターズ,0.250,17,16,4,3,1,0,0,2,6,1,0,0,0,8,2026/09/22
読売ジャイアンツ,笹原 操希,外野手,広島東洋カープ,0.263,20,19,5,2,3,0,0,3,7,1,0,0,0,8,2026/09/22
読売ジャイアンツ,笹原 操希,外野手,阪神タイガース,0.095,22,21,2,1,1,0,0,0,7,0,1,0,0,8,2026/09/22
読売ジャイアンツ,笹原 操希,外野手,埼玉西武ライオンズ,,0,0,0,0,0,0,0,0,0,0,0,0,0,0,2026/09/22
読売ジャイアンツ,笹原 操希,外野手,千葉ロッテマリーンズ,,0,0,0,0,0,0,0,0,0,0,0,0,0,0,2026/09/22
読売ジャイアンツ,笹原 操希,外野手,中日ドラゴンズ,0.333,16,15,5,2,2,0,1,5,4,1,0,0,0,8,2026/09/22
読売ジャイアンツ,笹原 操希,外野手,東京ヤクルトスワローズ,0.238,23,21,5,3,1,0,1,5,4,2,0,0,0,6,2026/09/22
読売ジャイアンツ,笹原 操希,外野手,東北楽天ゴールデンイーグルス,,0,0,0,0,0,0,0,0,0,0,0,0,0,0,2026/09/22
読売ジャイアンツ,笹原 操希,外野手,福岡ソフトバンクホークス,,0,0,0,0,0,0,0,0,0,0,0,0,0,0,2026/09/22
読売ジャイアンツ,笹原 操希,外野手,北海道日本ハムファイターズ,,0,0,0,0,0,0,0,0,0,0,0,0,0,0,2026/09/22
読売ジャイアンツ,三塚 琉生,外野手,オリックス・バファローズ,,0,0,0,0,0,0,0,0,0,0,0,0,0,0,2026/09/22
読売ジャイアンツ,三塚 琉生,外野手,横浜DeNAベイスターズ,,0,0,0,0,0,0,0,0,0,0,0,0,0,0,2026/09/22
読売ジャイアンツ,三塚 琉生,外野手,広島東洋カープ,,0,0,0,0,0,0,0,0,0,0,0,0,0,0,2026/09/22
読売ジャイアンツ,三塚 琉生,外野手,阪神タイガース,,0,0,0,0,0,0,0,0,0,0,0,0,0,0,2026/09/22
読売ジャイアンツ,三塚 琉生,外野手,埼玉西武ライオンズ,,0,0,0,0,0,0,0,0,0,0,0,0,0,0,2026/09/22
読売ジャイアンツ,三塚 琉生,外野手,千葉ロッテマリーンズ,,0,0,0,0,0,0,0,0,0,0,0,0,0,0,2026/09/22
読売ジャイアンツ,三塚 琉生,外野手,中日ドラゴンズ,,0,0,0,0,0,0,0,0,0,0,0,0,0,0,2026/09/22
読売ジャイアンツ,三塚 琉生,外野手,東京ヤクルトスワローズ,,0,0,0,0,0,0,0,0,0,0,0,0,0,0,2026/09/22
読売ジャイアンツ,三塚 琉生,外野手,東北楽天ゴールデンイーグルス,,0,0,0,0,0,0,0,0,0,0,0,0,0,0,2026/09/22
読売ジャイアンツ,三塚 琉生,外野手,福岡ソフトバンクホークス,,0,0,0,0,0,0,0,0,0,0,0,0,0,0,2026/09/22
読売ジャイアンツ,三塚 琉生,外野手,北海道日本ハムファイターズ,,0,0,0,0,0,0,0,0,0,0,0,0,0,0,2026/09/22
阪神タイガース,岩崎 優,投手,オリックス・バファローズ,,0,0,0,0,0,0,0,0,0,0,0,0,0,0,2026/09/22
阪神タイガース,岩崎 優,投手,横浜DeNAベイスターズ,,0,0,0,0,0,0,0,0,0,0,0,0,0,0,2026/09/22
阪神タイガース,岩崎 優,投手,広島東洋カープ,,0,0,0,0,0,0,0,0,0,0,0,0,0,0,2026/09/22
阪神タイガース,岩崎 優,投手,埼玉西武ライオンズ,,0,0,0,0,0,0,0,0,0,0,0,0,0,0,2026/09/22
阪神タイガース,岩崎 優,投手,千葉ロッテマリーンズ,,0,0,0,0,0,0,0,0,0,0,0,0,0,0,2026/09/22
阪神タイガース,岩崎 優,投手,中日ドラゴンズ,,0,0,0,0,0,0,0,0,0,0,0,0,0,0,2026/09/22
阪神タイガース,岩崎 優,投手,東京ヤクルトスワローズ,,0,0,0,0,0,0,0,0,0,0,0,0,0,0,2026/09/22
阪神タイガース,岩崎 優,投手,東北楽天ゴールデンイーグルス,,0,0,0,0,0,0,0,0,0,0,0,0,0,0,2026/09/22
阪神タイガース,岩崎 優,投手,読売ジャイアンツ,,0,0,0,0,0,0,0,0,0,0,0,0,0,0,2026/09/22
阪神タイガース,岩崎 優,投手,福岡ソフトバンクホークス,,0,0,0,0,0,0,0,0,0,0,0,0,0,0,2026/09/22
阪神タイガース,岩崎 優,投手,北海道日本ハムファイターズ,,0,0,0,0,0,0,0,0,0,0,0,0,0,0,2026/09/22
阪神タイガース,岩貞 祐太,投手,オリックス・バファローズ,,0,0,0,0,0,0,0,0,0,0,0,0,0,0,2026/09/22
阪神タイガース,岩貞 祐太,投手,横浜DeNAベイスターズ,,0,0,0,0,0,0,0,0,0,0,0,0,0,0,2026/09/22
阪神タイガース,岩貞 祐太,投手,広島東洋カープ,,0,0,0,0,0,0,0,0,0,0,0,0,0,0,2026/09/22
阪神タイガース,岩貞 祐太,投手,埼玉西武ライオンズ,,0,0,0,0,0,0,0,0,0,0,0,0,0,0,2026/09/22
阪神タイガース,岩貞 祐太,投手,千葉ロッテマリーンズ,,0,0,0,0,0,0,0,0,0,0,0,0,0,0,2026/09/22
阪神タイガース,岩貞 祐太,投手,中日ドラゴンズ,,0,0,0,0,0,0,0,0,0,0,0,0,0,0,2026/09/22
阪神タイガース,岩貞 祐太,投手,東京ヤクルトスワローズ,,0,0,0,0,0,0,0,0,0,0,0,0,0,0,2026/09/22
阪神タイガース,岩貞 祐太,投手,東北楽天ゴールデンイーグルス,,0,0,0,0,0,0,0,0,0,0,0,0,0,0,2026/09/22
阪神タイガース,岩貞 祐太,投手,読売ジャイアンツ,,0,0,0,0,0,0,0,0,0,0,0,0,0,0,2026/09/22
阪神タイガース,岩貞 祐太,投手,福岡ソフトバンクホークス,,0,0,0,0,0,0,0,0,0,0,0,0,0,0,2026/09/22
阪神タイガース,岩貞 祐太,投手,北海道日本ハムファイターズ,,0,0,0,0,0,0,0,0,0,0,0,0,0,0,2026/09/22
阪神タイガース,西 勇輝,投手,オリックス・バファローズ,,0,0,0,0,0,0,0,0,0,0,0,0,0,0,2026/09/22
阪神タイガース,西 勇輝,投手,横浜DeNAベイスターズ,,0,0,0,0,0,0,0,0,0,0,0,0,0,0,2026/09/22
阪神タイガース,西 勇輝,投手,広島東洋カープ,,0,0,0,0,0,0,0,0,0,0,0,0,0,0,2026/09/22
阪神タイガース,西 勇輝,投手,埼玉西武ライオンズ,0.000,1,1,0,0,0,0,0,0,0,0,0,0,0,1,2026/09/22
阪神タイガース,西 勇輝,投手,千葉ロッテマリーンズ,,0,0,0,0,0,0,0,0,0,0,0,0,0,0,2026/09/22
阪神タイガース,西 勇輝,投手,中日ドラゴンズ,0.000,4,4,0,0,0,0,0,0,1,0,0,0,0,2,2026/09/22
阪神タイガース,西 勇輝,投手,東京ヤクルトスワローズ,0.000,6,5,0,0,0,0,0,0,1,0,1,0,0,3,2026/09/22
阪神タイガース,西 勇輝,投手,東北楽天ゴールデンイーグルス,,0,0,0,0,0,0,0,0,0,0,0,0,0,0,2026/09/22
阪神タイガース,西 勇輝,投手,読売ジャイアンツ,,0,0,0,0,0,0,0,0,0,0,0,0,0,0,2026/09/22
阪神タイガース,西 勇輝,投手,福岡ソフトバンクホークス,,0,0,0,0,0,0,0,0,0,0,0,0,0,0,2026/09/22
阪神タイガース,西 勇輝,投手,北海道日本ハムファイターズ,0.000,2,2,0,0,0,0,0,0,1,0,0,0,0,1,2026/09/22
阪神タイガース,伊原 陵人,投手,オリックス・バファローズ,,0,0,0,0,0,0,0,0,0,0,0,0,0,0,2026/09/22
阪神タイガース,伊原 陵人,投手,横浜DeNAベイスターズ,0.000,3,2,0,0,0,0,0,0,0,0,1,0,0,1,2026/09/22
阪神タイガース,伊原 陵人,投手,広島東洋カープ,2.000,1,1,2,2,0,0,0,0,0,0,0,0,0,1,2026/09/22
阪神タイガース,伊原 陵人,投手,埼玉西武ライオンズ,,0,0,0,0,0,0,0,0,0,0,0,0,0,0,2026/09/22
阪神タイガース,伊原 陵人,投手,千葉ロッテマリーンズ,,0,0,0,0,0,0,0,0,0,0,0,0,0,0,2026/09/22
阪神タイガース,伊原 陵人,投手,中日ドラゴンズ,0.167,7,6,1,1,0,0,0,1,2,0,1,0,0,3,2026/09/22
阪神タイガース,伊原 陵人,投手,東京ヤクルトスワローズ,,0,0,0,0,0,0,0,0,0,0,0,0,0,0,2026/09/22
阪神タイガース,伊原 陵人,投手,東北楽天ゴールデンイーグルス,,0,0,0,0,0,0,0,0,0,0,0,0,0,0,2026/09/22
阪神タイガース,伊原 陵人,投手,読売ジャイアンツ,0.000,4,4,0,0,0,0,0,0,4,0,0,0,0,2,2026/09/22
阪神タイガース,伊原 陵人,投手,福岡ソフトバンクホークス,,0,0,0,0,0,0,0,0,0,0,0,0,0,0,2026/09/22
阪神タイガース,伊原 陵人,投手,北海道日本ハムファイターズ,,0,0,0,0,0,0,0,0,0,0,0,0,0,0,2026/09/22
阪神タイガース,下村 海翔,投手,オリックス・バファローズ,,0,0,0,0,0,0,0,0,0,0,0,0,0,0,2026/09/22
阪神タイガース,下村 海翔,投手,横浜DeNAベイスターズ,0.000,2,2,0,0,0,0,0,1,1,0,0,0,0,1,2026/09/22
阪神タイガース,下村 海翔,投手,広島東洋カープ,,0,0,0,0,0,0,0,0,0,0,0,0,0,0,2026/09/22
阪神タイガース,下村 海翔,投手,埼玉西武ライオンズ,,0,0,0,0,0,0,0,0,0,0,0,0,0,0,2026/09/22
阪神タイガース,下村 海翔,投手,千葉ロッテマリーンズ,,0,0,0,0,0,0,0,0,0,0,0,0,0,0,2026/09/22
阪神タイガース,下村 海翔,投手,中日ドラゴンズ,0.000,2,2,0,0,0,0,0,0,1,0,0,0,0,2,2026/09/22
阪神タイガース,下村 海翔,投手,東京ヤクルトスワローズ,0.000,7,6,0,0,0,0,0,0,3,1,0,0,0,3,2026/09/22
阪神タイガース,下村 海翔,投手,東北楽天ゴールデンイーグルス,,0,0,0,0,0,0,0,0,0,0,0,0,0,0,2026/09/22
阪神タイガース,下村 海翔,投手,読売ジャイアンツ,0.000,2,2,0,0,0,0,0,0,2,0,0,0,0,1,2026/09/22
阪神タイガース,下村 海翔,投手,福岡ソフトバンクホークス,,0,0,0,0,0,0,0,0,0,0,0,0,0,0,2026/09/22
阪神タイガース,下村 海翔,投手,北海道日本ハムファイターズ,,0,0,0,0,0,0,0,0,0,0,0,0,0,0,2026/09/22
阪神タイガース,大竹 耕太郎,投手,オリックス・バファローズ,,0,0,0,0,0,0,0,0,0,0,0,0,0,0,2026/09/22
阪神タイガース,大竹 耕太郎,投手,横浜DeNAベイスターズ,0.125,9,8,1,1,0,0,0,0,3,0,1,0,0,3,2026/09/22
阪神タイガース,大竹 耕太郎,投手,広島東洋カープ,0.000,8,8,0,0,0,0,0,0,6,0,0,0,0,5,2026/09/22
阪神タイガース,大竹 耕太郎,投手,埼玉西武ライオンズ,0.000,2,2,0,0,0,0,0,0,1,0,0,0,0,1,2026/09/22
阪神タイガース,大竹 耕太郎,投手,千葉ロッテマリーンズ,,0,0,0,0,0,0,0,0,0,0,0,0,0,0,2026/09/22
阪神タイガース,大竹 耕太郎,投手,中日ドラゴンズ,0.000,3,2,0,0,0,0,0,0,1,0,1,0,0,1,2026/09/22
阪神タイガース,大竹 耕太郎,投手,東京ヤクルトスワローズ,,0,0,0,0,0,0,0,0,0,0,0,0,0,0,2026/09/22
阪神タイガース,大竹 耕太郎,投手,東北楽天ゴールデンイーグルス,0.500,2,2,1,1,0,0,0,0,0,0,0,0,0,1,2026/09/22
阪神タイガース,大竹 耕太郎,投手,読売ジャイアンツ,0.500,5,4,2,2,0,0,0,0,1,0,1,0,0,2,2026/09/22
阪神タイガース,大竹 耕太郎,投手,福岡ソフトバンクホークス,,0,0,0,0,0,0,0,0,0,0,0,0,0,0,2026/09/22
阪神タイガース,大竹 耕太郎,投手,北海道日本ハムファイターズ,0.000,2,2,0,0,0,0,0,0,0,0,0,0,0,1,2026/09/22
阪神タイガース,椎葉 剛,投手,オリックス・バファローズ,,0,0,0,0,0,0,0,0,0,0,0,0,0,0,2026/09/22
阪神タイガース,椎葉 剛,投手,横浜DeNAベイスターズ,,0,0,0,0,0,0,0,0,0,0,0,0,0,0,2026/09/22
阪神タイガース,椎葉 剛,投手,広島東洋カープ,,0,0,0,0,0,0,0,0,0,0,0,0,0,0,2026/09/22
阪神タイガース,椎葉 剛,投手,埼玉西武ライオンズ,,0,0,0,0,0,0,0,0,0,0,0,0,0,0,2026/09/22
阪神タイガース,椎葉 剛,投手,千葉ロッテマリーンズ,,0,0,0,0,0,0,0,0,0,0,0,0,0,0,2026/09/22
阪神タイガース,椎葉 剛,投手,中日ドラゴンズ,0.000,2,1,0,0,0,0,0,0,0,0,1,0,0,1,2026/09/22
阪神タイガース,椎葉 剛,投手,東京ヤクルトスワローズ,,0,0,0,0,0,0,0,0,0,0,0,0,0,0,2026/09/22
阪神タイガース,椎葉 剛,投手,東北楽天ゴールデンイーグルス,,0,0,0,0,0,0,0,0,0,0,0,0,0,0,2026/09/22
阪神タイガース,椎葉 剛,投手,読売ジャイアンツ,,0,0,0,0,0,0,0,0,0,0,0,0,0,0,2026/09/22
阪神タイガース,椎葉 剛,投手,福岡ソフトバンクホークス,,0,0,0,0,0,0,0,0,0,0,0,0,0,0,2026/09/22
阪神タイガース,椎葉 剛,投手,北海道日本ハムファイターズ,,0,0,0,0,0,0,0,0,0,0,0,0,0,0,2026/09/22
阪神タイガース,伊藤 将司,投手,オリックス・バファローズ,,0,0,0,0,0,0,0,0,0,0,0,0,0,0,2026/09/22
阪神タイガース,伊藤 将司,投手,横浜DeNAベイスターズ,,0,0,0,0,0,0,0,0,0,0,0,0,0,0,2026/09/22
阪神タイガース,伊藤 将司,投手,広島東洋カープ,0.000,2,2,0,0,0,0,0,0,2,0,0,0,0,1,2026/09/22
阪神タイガース,伊藤 将司,投手,埼玉西武ライオンズ,,0,0,0,0,0,0,0,0,0,0,0,0,0,0,2026/09/22
阪神タイガース,伊藤 将司,投手,千葉ロッテマリーンズ,,0,0,0,0,0,0,0,0,0,0,0,0,0,0,2026/09/22
阪神タイガース,伊藤 将司,投手,中日ドラゴンズ,0.000,4,4,0,0,0,0,0,0,2,0,0,0,0,3,2026/09/22
阪神タイガース,伊藤 将司,投手,東京ヤクルトスワローズ,0.100,10,10,1,1,0,0,0,0,4,0,0,0,0,5,2026/09/22
阪神タイガース,伊藤 将司,投手,東北楽天ゴールデンイーグルス,,0,0,0,0,0,0,0,0,0,0,0,0,0,0,2026/09/22
阪神タイガース,伊藤 将司,投手,読売ジャイアンツ,1.000,1,1,1,0,1,0,0,2,0,0,0,0,0,1,2026/09/22
阪神タイガース,伊藤 将司,投手,福岡ソフトバンクホークス,,0,0,0,0,0,0,0,0,0,0,0,0,0,0,2026/09/22
阪神タイガース,伊藤 将司,投手,北海道日本ハムファイターズ,,0,0,0,0,0,0,0,0,0,0,0,0,0,0,2026/09/22
阪神タイガース,今朝丸 裕喜,投手,オリックス・バファローズ,,0,0,0,0,0,0,0,0,0,0,0,0,0,0,2026/09/22
阪神タイガース,今朝丸 裕喜,投手,横浜DeNAベイスターズ,,0,0,0,0,0,0,0,0,0,0,0,0,0,0,2026/09/22
阪神タイガース,今朝丸 裕喜,投手,広島東洋カープ,0.000,1,1,0,0,0,0,0,0,1,0,0,0,0,1,2026/09/22
阪神タイガース,今朝丸 裕喜,投手,埼玉西武ライオンズ,,0,0,0,0,0,0,0,0,0,0,0,0,0,0,2026/09/22
阪神タイガース,今朝丸 裕喜,投手,千葉ロッテマリーンズ,,0,0,0,0,0,0,0,0,0,0,0,0,0,0,2026/09/22
阪神タイガース,今朝丸 裕喜,投手,中日ドラゴンズ,0.000,2,2,0,0,0,0,0,0,2,0,0,0,0,1,2026/09/22
阪神タイガース,今朝丸 裕喜,投手,東京ヤクルトスワローズ,,0,0,0,0,0,0,0,0,0,0,0,0,0,0,2026/09/22
阪神タイガース,今朝丸 裕喜,投手,東北楽天ゴールデンイーグルス,,0,0,0,0,0,0,0,0,0,0,0,0,0,0,2026/09/22
阪神タイガース,今朝丸 裕喜,投手,読売ジャイアンツ,,0,0,0,0,0,0,0,0,0,0,0,0,0,0,2026/09/22
阪神タイガース,今朝丸 裕喜,投手,福岡ソフトバンクホークス,,0,0,0,0,0,0,0,0,0,0,0,0,0,0,2026/09/22
阪神タイガース,今朝丸 裕喜,投手,北海道日本ハムファイターズ,,0,0,0,0,0,0,0,0,0,0,0,0,0,0,2026/09/22
阪神タイガース,髙橋 遥人,投手,オリックス・バファローズ,,0,0,0,0,0,0,0,0,0,0,0,0,0,0,2026/09/22
阪神タイガース,髙橋 遥人,投手,横浜DeNAベイスターズ,0.000,10,9,0,0,0,0,0,0,2,0,1,0,0,4,2026/09/22
阪神タイガース,髙橋 遥人,投手,広島東洋カープ,0.111,12,9,1,0,1,0,0,0,2,0,3,0,0,4,2026/09/22
阪神タイガース,髙橋 遥人,投手,埼玉西武ライオンズ,,0,0,0,0,0,0,0,0,0,0,0,0,0,0,2026/09/22
阪神タイガース,髙橋 遥人,投手,千葉ロッテマリーンズ,,0,0,0,0,0,0,0,0,0,0,0,0,0,0,2026/09/22
阪神タイガース,髙橋 遥人,投手,中日ドラゴンズ,0.111,10,9,1,1,0,0,0,0,6,0,1,0,0,3,2026/09/22
阪神タイガース,髙橋 遥人,投手,東京ヤクルトスワローズ,0.333,9,9,3,3,0,0,0,1,2,0,0,0,0,3,2026/09/22
阪神タイガース,髙橋 遥人,投手,東北楽天ゴールデンイーグルス,0.500,3,2,1,1,0,0,0,0,0,0,1,0,0,1,2026/09/22
阪神タイガース,髙橋 遥人,投手,読売ジャイアンツ,0.083,13,12,1,1,0,0,0,0,7,0,1,0,0,4,2026/09/22
阪神タイガース,髙橋 遥人,投手,福岡ソフトバンクホークス,,0,0,0,0,0,0,0,0,0,0,0,0,0,0,2026/09/22
阪神タイガース,髙橋 遥人,投手,北海道日本ハムファイターズ,,0,0,0,0,0,0,0,0,0,0,0,0,0,0,2026/09/22
阪神タイガース,門別 啓人,投手,オリックス・バファローズ,,0,0,0,0,0,0,0,0,0,0,0,0,0,0,2026/09/22
阪神タイガース,門別 啓人,投手,横浜DeNAベイスターズ,,0,0,0,0,0,0,0,0,0,0,0,0,0,0,2026/09/22
阪神タイガース,門別 啓人,投手,広島東洋カープ,,0,0,0,0,0,0,0,0,0,0,0,0,0,0,2026/09/22
阪神タイガース,門別 啓人,投手,埼玉西武ライオンズ,,0,0,0,0,0,0,0,0,0,0,0,0,0,0,2026/09/22
阪神タイガース,門別 啓人,投手,千葉ロッテマリーンズ,,0,0,0,0,0,0,0,0,0,0,0,0,0,0,2026/09/22
阪神タイガース,門別 啓人,投手,中日ドラゴンズ,0.000,1,1,0,0,0,0,0,0,1,0,0,0,0,1,2026/09/22
阪神タイガース,門別 啓人,投手,東京ヤクルトスワローズ,,0,0,0,0,0,0,0,0,0,0,0,0,0,0,2026/09/22
阪神タイガース,門別 啓人,投手,東北楽天ゴールデンイーグルス,,0,0,0,0,0,0,0,0,0,0,0,0,0,0,2026/09/22
阪神タイガース,門別 啓人,投手,読売ジャイアンツ,,0,0,0,0,0,0,0,0,0,0,0,0,0,0,2026/09/22
阪神タイガース,門別 啓人,投手,福岡ソフトバンクホークス,,0,0,0,0,0,0,0,0,0,0,0,0,0,0,2026/09/22
阪神タイガース,門別 啓人,投手,北海道日本ハムファイターズ,,0,0,0,0,0,0,0,0,0,0,0,0,0,0,2026/09/22
阪神タイガース,才木 浩人,投手,オリックス・バファローズ,,0,0,0,0,0,0,0,0,0,0,0,0,0,0,2026/09/22
阪神タイガース,才木 浩人,投手,横浜DeNAベイスターズ,0.000,12,9,0,0,0,0,0,1,4,1,2,0,0,4,2026/09/22
阪神タイガース,才木 浩人,投手,広島東洋カープ,0.000,8,7,0,0,0,0,0,0,4,0,1,0,0,3,2026/09/22
阪神タイガース,才木 浩人,投手,埼玉西武ライオンズ,1.000,1,1,1,1,0,0,0,0,1,0,0,0,0,1,2026/09/22
阪神タイガース,才木 浩人,投手,千葉ロッテマリーンズ,,0,0,0,0,0,0,0,0,0,0,0,0,0,0,2026/09/22
阪神タイガース,才木 浩人,投手,中日ドラゴンズ,0.143,8,7,1,1,0,0,0,0,4,1,0,0,0,3,2026/09/22
阪神タイガース,才木 浩人,投手,東京ヤクルトスワローズ,0.000,10,8,0,0,0,0,0,0,4,0,2,0,0,3,2026/09/22
阪神タイガース,才木 浩人,投手,東北楽天ゴールデンイーグルス,,0,0,0,0,0,0,0,0,0,0,0,0,0,0,2026/09/22
阪神タイガース,才木 浩人,投手,読売ジャイアンツ,0.143,18,14,2,2,0,0,0,0,7,0,4,0,0,6,2026/09/22
阪神タイガース,才木 浩人,投手,福岡ソフトバンクホークス,,0,0,0,0,0,0,0,0,0,0,0,0,0,0,2026/09/22
阪神タイガース,才木 浩人,投手,北海道日本ハムファイターズ,,0,0,0,0,0,0,0,0,0,0,0,0,0,0,2026/09/22
阪神タイガース,畠 世周,投手,オリックス・バファローズ,,0,0,0,0,0,0,0,0,0,0,0,0,0,0,2026/09/22
阪神タイガース,畠 世周,投手,横浜DeNAベイスターズ,,0,0,0,0,0,0,0,0,0,0,0,0,0,0,2026/09/22
阪神タイガース,畠 世周,投手,広島東洋カープ,,0,0,0,0,0,0,0,0,0,0,0,0,0,0,2026/09/22
阪神タイガース,畠 世周,投手,埼玉西武ライオンズ,,0,0,0,0,0,0,0,0,0,0,0,0,0,0,2026/09/22
阪神タイガース,畠 世周,投手,千葉ロッテマリーンズ,,0,0,0,0,0,0,0,0,0,0,0,0,0,0,2026/09/22
阪神タイガース,畠 世周,投手,中日ドラゴンズ,,0,0,0,0,0,0,0,0,0,0,0,0,0,0,2026/09/22
阪神タイガース,畠 世周,投手,東京ヤクルトスワローズ,,0,0,0,0,0,0,0,0,0,0,0,0,0,0,2026/09/22
阪神タイガース,畠 世周,投手,東北楽天ゴールデンイーグルス,,0,0,0,0,0,0,0,0,0,0,0,0,0,0,2026/09/22
阪神タイガース,畠 世周,投手,読売ジャイアンツ,,0,0,0,0,0,0,0,0,0,0,0,0,0,0,2026/09/22
阪神タイガース,畠 世周,投手,福岡ソフトバンクホークス,,0,0,0,0,0,0,0,0,0,0,0,0,0,0,2026/09/22
阪神タイガース,畠 世周,投手,北海道日本ハムファイターズ,,0,0,0,0,0,0,0,0,0,0,0,0,0,0,2026/09/22
阪神タイガース,及川 雅貴,投手,オリックス・バファローズ,,0,0,0,0,0,0,0,0,0,0,0,0,0,0,2026/09/22
阪神タイガース,及川 雅貴,投手,横浜DeNAベイスターズ,,0,0,0,0,0,0,0,0,0,0,0,0,0,0,2026/09/22
阪神タイガース,及川 雅貴,投手,広島東洋カープ,,0,0,0,0,0,0,0,0,0,0,0,0,0,0,2026/09/22
阪神タイガース,及川 雅貴,投手,埼玉西武ライオンズ,,0,0,0,0,0,0,0,0,0,0,0,0,0,0,2026/09/22
阪神タイガース,及川 雅貴,投手,千葉ロッテマリーンズ,,0,0,0,0,0,0,0,0,0,0,0,0,0,0,2026/09/22
阪神タイガース,及川 雅貴,投手,中日ドラゴンズ,,0,0,0,0,0,0,0,0,0,0,0,0,0,0,2026/09/22
阪神タイガース,及川 雅貴,投手,東京ヤクルトスワローズ,,0,0,0,0,0,0,0,0,0,0,0,0,0,0,2026/09/22
阪神タイガース,及川 雅貴,投手,東北楽天ゴールデンイーグルス,,0,0,0,0,0,0,0,0,0,0,0,0,0,0,2026/09/22
阪神タイガース,及川 雅貴,投手,読売ジャイアンツ,,0,0,0,0,0,0,0,0,0,0,0,0,0,0,2026/09/22
阪神タイガース,及川 雅貴,投手,福岡ソフトバンクホークス,,0,0,0,0,0,0,0,0,0,0,0,0,0,0,2026/09/22
阪神タイガース,及川 雅貴,投手,北海道日本ハムファイターズ,,0,0,0,0,0,0,0,0,0,0,0,0,0,0,2026/09/22
阪神タイガース,村上 頌樹,投手,オリックス・バファローズ,,0,0,0,0,0,0,0,0,0,0,0,0,0,0,2026/09/22
阪神タイガース,村上 頌樹,投手,横浜DeNAベイスターズ,0.000,11,9,0,0,0,0,0,0,4,0,2,0,0,4,2026/09/22
阪神タイガース,村上 頌樹,投手,広島東洋カープ,0.133,16,15,2,2,0,0,0,0,9,1,0,0,0,7,2026/09/22
阪神タイガース,村上 頌樹,投手,埼玉西武ライオンズ,,0,0,0,0,0,0,0,0,0,0,0,0,0,0,2026/09/22
阪神タイガース,村上 頌樹,投手,千葉ロッテマリーンズ,,0,0,0,0,0,0,0,0,0,0,0,0,0,0,2026/09/22
阪神タイガース,村上 頌樹,投手,中日ドラゴンズ,0.000,4,4,0,0,0,0,0,0,3,0,0,0,0,2,2026/09/22
阪神タイガース,村上 頌樹,投手,東京ヤクルトスワローズ,0.000,3,3,0,0,0,0,0,0,3,0,0,0,0,2,2026/09/22
阪神タイガース,村上 頌樹,投手,東北楽天ゴールデンイーグルス,0.000,3,2,0,0,0,0,0,0,1,0,1,0,0,1,2026/09/22
阪神タイガース,村上 頌樹,投手,読売ジャイアンツ,0.000,25,20,0,0,0,0,0,0,13,0,5,0,0,7,2026/09/22
阪神タイガース,村上 頌樹,投手,福岡ソフトバンクホークス,,0,0,0,0,0,0,0,0,0,0,0,0,0,0,2026/09/22
阪神タイガース,村上 頌樹,投手,北海道日本ハムファイターズ,,0,0,0,0,0,0,0,0,0,0,0,0,0,0,2026/09/22
阪神タイガース,ルーカス,投手,オリックス・バファローズ,,0,0,0,0,0,0,0,0,0,0,0,0,0,0,2026/09/22
阪神タイガース,ルーカス,投手,横浜DeNAベイスターズ,0.000,2,2,0,0,0,0,0,0,1,0,0,0,0,2,2026/09/22
阪神タイガース,ルーカス,投手,広島東洋カープ,,0,0,0,0,0,0,0,0,0,0,0,0,0,0,2026/09/22
阪神タイガース,ルーカス,投手,埼玉西武ライオンズ,,0,0,0,0,0,0,0,0,0,0,0,0,0,0,2026/09/22
阪神タイガース,ルーカス,投手,千葉ロッテマリーンズ,,0,0,0,0,0,0,0,0,0,0,0,0,0,0,2026/09/22
阪神タイガース,ルーカス,投手,中日ドラゴンズ,0.000,1,1,0,0,0,0,0,0,1,0,0,0,0,1,2026/09/22
阪神タイガース,ルーカス,投手,東京ヤクルトスワローズ,0.000,3,2,0,0,0,0,0,0,1,0,1,0,0,1,2026/09/22
阪神タイガース,ルーカス,投手,東北楽天ゴールデンイーグルス,,0,0,0,0,0,0,0,0,0,0,0,0,0,0,2026/09/22
阪神タイガース,ルーカス,投手,読売ジャイアンツ,0.000,1,1,0,0,0,0,0,0,1,0,0,0,0,1,2026/09/22
阪神タイガース,ルーカス,投手,福岡ソフトバンクホークス,,0,0,0,0,0,0,0,0,0,0,0,0,0,0,2026/09/22
阪神タイガース,ルーカス,投手,北海道日本ハムファイターズ,,0,0,0,0,0,0,0,0,0,0,0,0,0,0,2026/09/22
阪神タイガース,早瀬 朔,投手,オリックス・バファローズ,,0,0,0,0,0,0,0,0,0,0,0,0,0,0,2026/09/22
阪神タイガース,早瀬 朔,投手,横浜DeNAベイスターズ,,0,0,0,0,0,0,0,0,0,0,0,0,0,0,2026/09/22
阪神タイガース,早瀬 朔,投手,広島東洋カープ,,0,0,0,0,0,0,0,0,0,0,0,0,0,0,2026/09/22
阪神タイガース,早瀬 朔,投手,埼玉西武ライオンズ,,0,0,0,0,0,0,0,0,0,0,0,0,0,0,2026/09/22
阪神タイガース,早瀬 朔,投手,千葉ロッテマリーンズ,,0,0,0,0,0,0,0,0,0,0,0,0,0,0,2026/09/22
阪神タイガース,早瀬 朔,投手,中日ドラゴンズ,,0,0,0,0,0,0,0,0,0,0,0,0,0,0,2026/09/22
阪神タイガース,早瀬 朔,投手,東京ヤクルトスワローズ,,0,0,0,0,0,0,0,0,0,0,0,0,0,0,2026/09/22
阪神タイガース,早瀬 朔,投手,東北楽天ゴールデンイーグルス,,0,0,0,0,0,0,0,0,0,0,0,0,0,0,2026/09/22
阪神タイガース,早瀬 朔,投手,読売ジャイアンツ,,0,0,0,0,0,0,0,0,0,0,0,0,0,0,2026/09/22
阪神タイガース,早瀬 朔,投手,福岡ソフトバンクホークス,,0,0,0,0,0,0,0,0,0,0,0,0,0,0,2026/09/22
阪神タイガース,早瀬 朔,投手,北海道日本ハムファイターズ,,0,0,0,0,0,0,0,0,0,0,0,0,0,0,2026/09/22
阪神タイガース,ラグズデール,投手,オリックス・バファローズ,,0,0,0,0,0,0,0,0,0,0,0,0,0,0,2026/09/22
阪神タイガース,ラグズデール,投手,横浜DeNAベイスターズ,,0,0,0,0,0,0,0,0,0,0,0,0,0,0,2026/09/22
阪神タイガース,ラグズデール,投手,広島東洋カープ,,0,0,0,0,0,0,0,0,0,0,0,0,0,0,2026/09/22
阪神タイガース,ラグズデール,投手,埼玉西武ライオンズ,,0,0,0,0,0,0,0,0,0,0,0,0,0,0,2026/09/22
阪神タイガース,ラグズデール,投手,千葉ロッテマリーンズ,,0,0,0,0,0,0,0,0,0,0,0,0,0,0,2026/09/22
阪神タイガース,ラグズデール,投手,中日ドラゴンズ,,0,0,0,0,0,0,0,0,0,0,0,0,0,0,2026/09/22
阪神タイガース,ラグズデール,投手,東京ヤクルトスワローズ,,0,0,0,0,0,0,0,0,0,0,0,0,0,0,2026/09/22
阪神タイガース,ラグズデール,投手,東北楽天ゴールデンイーグルス,,0,0,0,0,0,0,0,0,0,0,0,0,0,0,2026/09/22
阪神タイガース,ラグズデール,投手,読売ジャイアンツ,,0,0,0,0,0,0,0,0,0,0,0,0,0,0,2026/09/22
阪神タイガース,ラグズデール,投手,福岡ソフトバンクホークス,,0,0,0,0,0,0,0,0,0,0,0,0,0,0,2026/09/22
阪神タイガース,ラグズデール,投手,北海道日本ハムファイターズ,,0,0,0,0,0,0,0,0,0,0,0,0,0,0,2026/09/22
阪神タイガース,桐敷 拓馬,投手,オリックス・バファローズ,,0,0,0,0,0,0,0,0,0,0,0,0,0,0,2026/09/22
阪神タイガース,桐敷 拓馬,投手,横浜DeNAベイスターズ,,0,0,0,0,0,0,0,0,0,0,0,0,0,0,2026/09/22
阪神タイガース,桐敷 拓馬,投手,広島東洋カープ,,0,0,0,0,0,0,0,0,0,0,0,0,0,0,2026/09/22
阪神タイガース,桐敷 拓馬,投手,埼玉西武ライオンズ,,0,0,0,0,0,0,0,0,0,0,0,0,0,0,2026/09/22
阪神タイガース,桐敷 拓馬,投手,千葉ロッテマリーンズ,,0,0,0,0,0,0,0,0,0,0,0,0,0,0,2026/09/22
阪神タイガース,桐敷 拓馬,投手,中日ドラゴンズ,,0,0,0,0,0,0,0,0,0,0,0,0,0,0,2026/09/22
阪神タイガース,桐敷 拓馬,投手,東京ヤクルトスワローズ,,0,0,0,0,0,0,0,0,0,0,0,0,0,0,2026/09/22
阪神タイガース,桐敷 拓馬,投手,東北楽天ゴールデンイーグルス,,0,0,0,0,0,0,0,0,0,0,0,0,0,0,2026/09/22
阪神タイガース,桐敷 拓馬,投手,読売ジャイアンツ,,0,0,0,0,0,0,0,0,0,0,0,0,0,0,2026/09/22
阪神タイガース,桐敷 拓馬,投手,福岡ソフトバンクホークス,,0,0,0,0,0,0,0,0,0,0,0,0,0,0,2026/09/22
阪神タイガース,桐敷 拓馬,投手,北海道日本ハムファイターズ,,0,0,0,0,0,0,0,0,0,0,0,0,0,0,2026/09/22
阪神タイガース,茨木 秀俊,投手,オリックス・バファローズ,,0,0,0,0,0,0,0,0,0,0,0,0,0,0,2026/09/22
阪神タイガース,茨木 秀俊,投手,横浜DeNAベイスターズ,0.000,2,1,0,0,0,0,0,0,0,1,0,0,0,1,2026/09/22
阪神タイガース,茨木 秀俊,投手,広島東洋カープ,,0,0,0,0,0,0,0,0,0,0,0,0,0,0,2026/09/22
阪神タイガース,茨木 秀俊,投手,埼玉西武ライオンズ,,0,0,0,0,0,0,0,0,0,0,0,0,0,0,2026/09/22
阪神タイガース,茨木 秀俊,投手,千葉ロッテマリーンズ,,0,0,0,0,0,0,0,0,0,0,0,0,0,0,2026/09/22
阪神タイガース,茨木 秀俊,投手,中日ドラゴンズ,,0,0,0,0,0,0,0,0,0,0,0,0,0,0,2026/09/22
阪神タイガース,茨木 秀俊,投手,東京ヤクルトスワローズ,0.000,2,2,0,0,0,0,0,0,2,0,0,0,0,1,2026/09/22
阪神タイガース,茨木 秀俊,投手,東北楽天ゴールデンイーグルス,,0,0,0,0,0,0,0,0,0,0,0,0,0,0,2026/09/22
阪神タイガース,茨木 秀俊,投手,読売ジャイアンツ,,0,0,0,0,0,0,0,0,0,0,0,0,0,0,2026/09/22
阪神タイガース,茨木 秀俊,投手,福岡ソフトバンクホークス,,0,0,0,0,0,0,0,0,0,0,0,0,0,0,2026/09/22
阪神タイガース,茨木 秀俊,投手,北海道日本ハムファイターズ,,0,0,0,0,0,0,0,0,0,0,0,0,0,0,2026/09/22
阪神タイガース,工藤 泰成,投手,オリックス・バファローズ,,0,0,0,0,0,0,0,0,0,0,0,0,0,0,2026/09/22
阪神タイガース,工藤 泰成,投手,横浜DeNAベイスターズ,,0,0,0,0,0,0,0,0,0,0,0,0,0,0,2026/09/22
阪神タイガース,工藤 泰成,投手,広島東洋カープ,,0,0,0,0,0,0,0,0,0,0,0,0,0,0,2026/09/22
阪神タイガース,工藤 泰成,投手,埼玉西武ライオンズ,,0,0,0,0,0,0,0,0,0,0,0,0,0,0,2026/09/22
阪神タイガース,工藤 泰成,投手,千葉ロッテマリーンズ,,0,0,0,0,0,0,0,0,0,0,0,0,0,0,2026/09/22
阪神タイガース,工藤 泰成,投手,中日ドラゴンズ,,0,0,0,0,0,0,0,0,0,0,0,0,0,0,2026/09/22
阪神タイガース,工藤 泰成,投手,東京ヤクルトスワローズ,,0,0,0,0,0,0,0,0,0,0,0,0,0,0,2026/09/22
阪神タイガース,工藤 泰成,投手,東北楽天ゴールデンイーグルス,,0,0,0,0,0,0,0,0,0,0,0,0,0,0,2026/09/22
阪神タイガース,工藤 泰成,投手,読売ジャイアンツ,,0,0,0,0,0,0,0,0,0,0,0,0,0,0,2026/09/22
阪神タイガース,工藤 泰成,投手,福岡ソフトバンクホークス,,0,0,0,0,0,0,0,0,0,0,0,0,0,0,2026/09/22
阪神タイガース,工藤 泰成,投手,北海道日本ハムファイターズ,,0,0,0,0,0,0,0,0,0,0,0,0,0,0,2026/09/22
阪神タイガース,富田 蓮,投手,オリックス・バファローズ,,0,0,0,0,0,0,0,0,0,0,0,0,0,0,2026/09/22
阪神タイガース,富田 蓮,投手,横浜DeNAベイスターズ,,0,0,0,0,0,0,0,0,0,0,0,0,0,0,2026/09/22
阪神タイガース,富田 蓮,投手,広島東洋カープ,,0,0,0,0,0,0,0,0,0,0,0,0,0,0,2026/09/22
阪神タイガース,富田 蓮,投手,埼玉西武ライオンズ,,0,0,0,0,0,0,0,0,0,0,0,0,0,0,2026/09/22
阪神タイガース,富田 蓮,投手,千葉ロッテマリーンズ,,0,0,0,0,0,0,0,0,0,0,0,0,0,0,2026/09/22
阪神タイガース,富田 蓮,投手,中日ドラゴンズ,,0,0,0,0,0,0,0,0,0,0,0,0,0,0,2026/09/22
阪神タイガース,富田 蓮,投手,東京ヤクルトスワローズ,,0,0,0,0,0,0,0,0,0,0,0,0,0,0,2026/09/22
阪神タイガース,富田 蓮,投手,東北楽天ゴールデンイーグルス,,0,0,0,0,0,0,0,0,0,0,0,0,0,0,2026/09/22
阪神タイガース,富田 蓮,投手,読売ジャイアンツ,,0,0,0,0,0,0,0,0,0,0,0,0,0,0,2026/09/22
阪神タイガース,富田 蓮,投手,福岡ソフトバンクホークス,,0,0,0,0,0,0,0,0,0,0,0,0,0,0,2026/09/22
阪神タイガース,富田 蓮,投手,北海道日本ハムファイターズ,,0,0,0,0,0,0,0,0,0,0,0,0,0,0,2026/09/22
阪神タイガース,早川 太貴,投手,オリックス・バファローズ,,0,0,0,0,0,0,0,0,0,0,0,0,0,0,2026/09/22
阪神タイガース,早川 太貴,投手,横浜DeNAベイスターズ,,0,0,0,0,0,0,0,0,0,0,0,0,0,0,2026/09/22
阪神タイガース,早川 太貴,投手,広島東洋カープ,,0,0,0,0,0,0,0,0,0,0,0,0,0,0,2026/09/22
阪神タイガース,早川 太貴,投手,埼玉西武ライオンズ,,0,0,0,0,0,0,0,0,0,0,0,0,0,0,2026/09/22
阪神タイガース,早川 太貴,投手,千葉ロッテマリーンズ,,0,0,0,0,0,0,0,0,0,0,0,0,0,0,2026/09/22
阪神タイガース,早川 太貴,投手,中日ドラゴンズ,0.000,1,1,0,0,0,0,0,0,1,0,0,0,0,1,2026/09/22
阪神タイガース,早川 太貴,投手,東京ヤクルトスワローズ,,0,0,0,0,0,0,0,0,0,0,0,0,0,0,2026/09/22
阪神タイガース,早川 太貴,投手,東北楽天ゴールデンイーグルス,,0,0,0,0,0,0,0,0,0,0,0,0,0,0,2026/09/22
阪神タイガース,早川 太貴,投手,読売ジャイアンツ,0.000,1,1,0,0,0,0,0,0,0,0,0,0,0,1,2026/09/22
阪神タイガース,早川 太貴,投手,福岡ソフトバンクホークス,,0,0,0,0,0,0,0,0,0,0,0,0,0,0,2026/09/22
阪神タイガース,早川 太貴,投手,北海道日本ハムファイターズ,,0,0,0,0,0,0,0,0,0,0,0,0,0,0,2026/09/22
阪神タイガース,木下 里都,投手,オリックス・バファローズ,,0,0,0,0,0,0,0,0,0,0,0,0,0,0,2026/09/22
阪神タイガース,木下 里都,投手,横浜DeNAベイスターズ,,0,0,0,0,0,0,0,0,0,0,0,0,0,0,2026/09/22
阪神タイガース,木下 里都,投手,広島東洋カープ,,0,0,0,0,0,0,0,0,0,0,0,0,0,0,2026/09/22
阪神タイガース,木下 里都,投手,埼玉西武ライオンズ,,0,0,0,0,0,0,0,0,0,0,0,0,0,0,2026/09/22
阪神タイガース,木下 里都,投手,千葉ロッテマリーンズ,,0,0,0,0,0,0,0,0,0,0,0,0,0,0,2026/09/22
阪神タイガース,木下 里都,投手,中日ドラゴンズ,,0,0,0,0,0,0,0,0,0,0,0,0,0,0,2026/09/22
阪神タイガース,木下 里都,投手,東京ヤクルトスワローズ,,0,0,0,0,0,0,0,0,0,0,0,0,0,0,2026/09/22
阪神タイガース,木下 里都,投手,東北楽天ゴールデンイーグルス,,0,0,0,0,0,0,0,0,0,0,0,0,0,0,2026/09/22
阪神タイガース,木下 里都,投手,読売ジャイアンツ,,0,0,0,0,0,0,0,0,0,0,0,0,0,0,2026/09/22
阪神タイガース,木下 里都,投手,福岡ソフトバンクホークス,,0,0,0,0,0,0,0,0,0,0,0,0,0,0,2026/09/22
阪神タイガース,木下 里都,投手,北海道日本ハムファイターズ,0.000,1,1,0,0,0,0,0,0,0,0,0,0,0,1,2026/09/22
阪神タイガース,能登 嵩都,投手,オリックス・バファローズ,,0,0,0,0,0,0,0,0,0,0,0,0,0,0,2026/09/22
阪神タイガース,能登 嵩都,投手,横浜DeNAベイスターズ,,0,0,0,0,0,0,0,0,0,0,0,0,0,0,2026/09/22
阪神タイガース,能登 嵩都,投手,広島東洋カープ,,0,0,0,0,0,0,0,0,0,0,0,0,0,0,2026/09/22
阪神タイガース,能登 嵩都,投手,埼玉西武ライオンズ,,0,0,0,0,0,0,0,0,0,0,0,0,0,0,2026/09/22
阪神タイガース,能登 嵩都,投手,千葉ロッテマリーンズ,,0,0,0,0,0,0,0,0,0,0,0,0,0,0,2026/09/22
阪神タイガース,能登 嵩都,投手,中日ドラゴンズ,,0,0,0,0,0,0,0,0,0,0,0,0,0,0,2026/09/22
阪神タイガース,能登 嵩都,投手,東京ヤクルトスワローズ,,0,0,0,0,0,0,0,0,0,0,0,0,0,0,2026/09/22
阪神タイガース,能登 嵩都,投手,東北楽天ゴールデンイーグルス,,0,0,0,0,0,0,0,0,0,0,0,0,0,0,2026/09/22
阪神タイガース,能登 嵩都,投手,読売ジャイアンツ,,0,0,0,0,0,0,0,0,0,0,0,0,0,0,2026/09/22
阪神タイガース,能登 嵩都,投手,福岡ソフトバンクホークス,,0,0,0,0,0,0,0,0,0,0,0,0,0,0,2026/09/22
阪神タイガース,能登 嵩都,投手,北海道日本ハムファイターズ,,0,0,0,0,0,0,0,0,0,0,0,0,0,0,2026/09/22
阪神タイガース,石黒 佑弥,投手,オリックス・バファローズ,,0,0,0,0,0,0,0,0,0,0,0,0,0,0,2026/09/22
阪神タイガース,石黒 佑弥,投手,横浜DeNAベイスターズ,,0,0,0,0,0,0,0,0,0,0,0,0,0,0,2026/09/22
阪神タイガース,石黒 佑弥,投手,広島東洋カープ,,0,0,0,0,0,0,0,0,0,0,0,0,0,0,2026/09/22
阪神タイガース,石黒 佑弥,投手,埼玉西武ライオンズ,,0,0,0,0,0,0,0,0,0,0,0,0,0,0,2026/09/22
阪神タイガース,石黒 佑弥,投手,千葉ロッテマリーンズ,,0,0,0,0,0,0,0,0,0,0,0,0,0,0,2026/09/22
阪神タイガース,石黒 佑弥,投手,中日ドラゴンズ,0.000,1,1,0,0,0,0,0,0,0,0,0,0,0,1,2026/09/22
阪神タイガース,石黒 佑弥,投手,東京ヤクルトスワローズ,,0,0,0,0,0,0,0,0,0,0,0,0,0,0,2026/09/22
阪神タイガース,石黒 佑弥,投手,東北楽天ゴールデンイーグルス,,0,0,0,0,0,0,0,0,0,0,0,0,0,0,2026/09/22
阪神タイガース,石黒 佑弥,投手,読売ジャイアンツ,,0,0,0,0,0,0,0,0,0,0,0,0,0,0,2026/09/22
阪神タイガース,石黒 佑弥,投手,福岡ソフトバンクホークス,,0,0,0,0,0,0,0,0,0,0,0,0,0,0,2026/09/22
阪神タイガース,石黒 佑弥,投手,北海道日本ハムファイターズ,,0,0,0,0,0,0,0,0,0,0,0,0,0,0,2026/09/22
阪神タイガース,岡留 英貴,投手,オリックス・バファローズ,,0,0,0,0,0,0,0,0,0,0,0,0,0,0,2026/09/22
阪神タイガース,岡留 英貴,投手,横浜DeNAベイスターズ,,0,0,0,0,0,0,0,0,0,0,0,0,0,0,2026/09/22
阪神タイガース,岡留 英貴,投手,広島東洋カープ,,0,0,0,0,0,0,0,0,0,0,0,0,0,0,2026/09/22
阪神タイガース,岡留 英貴,投手,埼玉西武ライオンズ,,0,0,0,0,0,0,0,0,0,0,0,0,0,0,2026/09/22
阪神タイガース,岡留 英貴,投手,千葉ロッテマリーンズ,,0,0,0,0,0,0,0,0,0,0,0,0,0,0,2026/09/22
阪神タイガース,岡留 英貴,投手,中日ドラゴンズ,,0,0,0,0,0,0,0,0,0,0,0,0,0,0,2026/09/22
阪神タイガース,岡留 英貴,投手,東京ヤクルトスワローズ,,0,0,0,0,0,0,0,0,0,0,0,0,0,0,2026/09/22
阪神タイガース,岡留 英貴,投手,東北楽天ゴールデンイーグルス,,0,0,0,0,0,0,0,0,0,0,0,0,0,0,2026/09/22
阪神タイガース,岡留 英貴,投手,読売ジャイアンツ,,0,0,0,0,0,0,0,0,0,0,0,0,0,0,2026/09/22
阪神タイガース,岡留 英貴,投手,福岡ソフトバンクホークス,,0,0,0,0,0,0,0,0,0,0,0,0,0,0,2026/09/22
阪神タイガース,岡留 英貴,投手,北海道日本ハムファイターズ,,0,0,0,0,0,0,0,0,0,0,0,0,0,0,2026/09/22
阪神タイガース,湯浅 京己,投手,オリックス・バファローズ,,0,0,0,0,0,0,0,0,0,0,0,0,0,0,2026/09/22
阪神タイガース,湯浅 京己,投手,横浜DeNAベイスターズ,,0,0,0,0,0,0,0,0,0,0,0,0,0,0,2026/09/22
阪神タイガース,湯浅 京己,投手,広島東洋カープ,,0,0,0,0,0,0,0,0,0,0,0,0,0,0,2026/09/22
阪神タイガース,湯浅 京己,投手,埼玉西武ライオンズ,,0,0,0,0,0,0,0,0,0,0,0,0,0,0,2026/09/22
阪神タイガース,湯浅 京己,投手,千葉ロッテマリーンズ,,0,0,0,0,0,0,0,0,0,0,0,0,0,0,2026/09/22
阪神タイガース,湯浅 京己,投手,中日ドラゴンズ,,0,0,0,0,0,0,0,0,0,0,0,0,0,0,2026/09/22
阪神タイガース,湯浅 京己,投手,東京ヤクルトスワローズ,,0,0,0,0,0,0,0,0,0,0,0,0,0,0,2026/09/22
阪神タイガース,湯浅 京己,投手,東北楽天ゴールデンイーグルス,,0,0,0,0,0,0,0,0,0,0,0,0,0,0,2026/09/22
阪神タイガース,湯浅 京己,投手,読売ジャイアンツ,,0,0,0,0,0,0,0,0,0,0,0,0,0,0,2026/09/22
阪神タイガース,湯浅 京己,投手,福岡ソフトバンクホークス,,0,0,0,0,0,0,0,0,0,0,0,0,0,0,2026/09/22
阪神タイガース,湯浅 京己,投手,北海道日本ハムファイターズ,,0,0,0,0,0,0,0,0,0,0,0,0,0,0,2026/09/22
阪神タイガース,津田 淳哉,投手,オリックス・バファローズ,,0,0,0,0,0,0,0,0,0,0,0,0,0,0,2026/09/22
阪神タイガース,津田 淳哉,投手,横浜DeNAベイスターズ,,0,0,0,0,0,0,0,0,0,0,0,0,0,0,2026/09/22
阪神タイガース,津田 淳哉,投手,広島東洋カープ,,0,0,0,0,0,0,0,0,0,0,0,0,0,0,2026/09/22
阪神タイガース,津田 淳哉,投手,埼玉西武ライオンズ,,0,0,0,0,0,0,0,0,0,0,0,0,0,0,2026/09/22
阪神タイガース,津田 淳哉,投手,千葉ロッテマリーンズ,,0,0,0,0,0,0,0,0,0,0,0,0,0,0,2026/09/22
阪神タイガース,津田 淳哉,投手,中日ドラゴンズ,,0,0,0,0,0,0,0,0,0,0,0,0,0,0,2026/09/22
阪神タイガース,津田 淳哉,投手,東京ヤクルトスワローズ,,0,0,0,0,0,0,0,0,0,0,0,0,0,0,2026/09/22
阪神タイガース,津田 淳哉,投手,東北楽天ゴールデンイーグルス,,0,0,0,0,0,0,0,0,0,0,0,0,0,0,2026/09/22
阪神タイガース,津田 淳哉,投手,読売ジャイアンツ,,0,0,0,0,0,0,0,0,0,0,0,0,0,0,2026/09/22
阪神タイガース,津田 淳哉,投手,福岡ソフトバンクホークス,,0,0,0,0,0,0,0,0,0,0,0,0,0,0,2026/09/22
阪神タイガース,津田 淳哉,投手,北海道日本ハムファイターズ,,0,0,0,0,0,0,0,0,0,0,0,0,0,0,2026/09/22
阪神タイガース,石井 大智,投手,オリックス・バファローズ,,0,0,0,0,0,0,0,0,0,0,0,0,0,0,2026/09/22
阪神タイガース,石井 大智,投手,横浜DeNAベイスターズ,,0,0,0,0,0,0,0,0,0,0,0,0,0,0,2026/09/22
阪神タイガース,石井 大智,投手,広島東洋カープ,,0,0,0,0,0,0,0,0,0,0,0,0,0,0,2026/09/22
阪神タイガース,石井 大智,投手,埼玉西武ライオンズ,,0,0,0,0,0,0,0,0,0,0,0,0,0,0,2026/09/22
阪神タイガース,石井 大智,投手,千葉ロッテマリーンズ,,0,0,0,0,0,0,0,0,0,0,0,0,0,0,2026/09/22
阪神タイガース,石井 大智,投手,中日ドラゴンズ,,0,0,0,0,0,0,0,0,0,0,0,0,0,0,2026/09/22
阪神タイガース,石井 大智,投手,東京ヤクルトスワローズ,,0,0,0,0,0,0,0,0,0,0,0,0,0,0,2026/09/22
阪神タイガース,石井 大智,投手,東北楽天ゴールデンイーグルス,,0,0,0,0,0,0,0,0,0,0,0,0,0,0,2026/09/22
阪神タイガース,石井 大智,投手,読売ジャイアンツ,,0,0,0,0,0,0,0,0,0,0,0,0,0,0,2026/09/22
阪神タイガース,石井 大智,投手,福岡ソフトバンクホークス,,0,0,0,0,0,0,0,0,0,0,0,0,0,0,2026/09/22
阪神タイガース,石井 大智,投手,北海道日本ハムファイターズ,,0,0,0,0,0,0,0,0,0,0,0,0,0,0,2026/09/22
阪神タイガース,神宮 僚介,投手,オリックス・バファローズ,,0,0,0,0,0,0,0,0,0,0,0,0,0,0,2026/09/22
阪神タイガース,神宮 僚介,投手,横浜DeNAベイスターズ,0.000,1,1,0,0,0,0,0,0,0,0,0,0,0,1,2026/09/22
阪神タイガース,神宮 僚介,投手,広島東洋カープ,,0,0,0,0,0,0,0,0,0,0,0,0,0,0,2026/09/22
阪神タイガース,神宮 僚介,投手,埼玉西武ライオンズ,,0,0,0,0,0,0,0,0,0,0,0,0,0,0,2026/09/22
阪神タイガース,神宮 僚介,投手,千葉ロッテマリーンズ,,0,0,0,0,0,0,0,0,0,0,0,0,0,0,2026/09/22
阪神タイガース,神宮 僚介,投手,中日ドラゴンズ,,0,0,0,0,0,0,0,0,0,0,0,0,0,0,2026/09/22
阪神タイガース,神宮 僚介,投手,東京ヤクルトスワローズ,,0,0,0,0,0,0,0,0,0,0,0,0,0,0,2026/09/22
阪神タイガース,神宮 僚介,投手,東北楽天ゴールデンイーグルス,,0,0,0,0,0,0,0,0,0,0,0,0,0,0,2026/09/22
阪神タイガース,神宮 僚介,投手,読売ジャイアンツ,,0,0,0,0,0,0,0,0,0,0,0,0,0,0,2026/09/22
阪神タイガース,神宮 僚介,投手,福岡ソフトバンクホークス,,0,0,0,0,0,0,0,0,0,0,0,0,0,0,2026/09/22
阪神タイガース,神宮 僚介,投手,北海道日本ハムファイターズ,,0,0,0,0,0,0,0,0,0,0,0,0,0,0,2026/09/22
阪神タイガース,セベリーノ,投手,オリックス・バファローズ,,0,0,0,0,0,0,0,0,0,0,0,0,0,0,2026/09/22
阪神タイガース,セベリーノ,投手,横浜DeNAベイスターズ,,0,0,0,0,0,0,0,0,0,0,0,0,0,0,2026/09/22
阪神タイガース,セベリーノ,投手,広島東洋カープ,,0,0,0,0,0,0,0,0,0,0,0,0,0,0,2026/09/22
阪神タイガース,セベリーノ,投手,埼玉西武ライオンズ,,0,0,0,0,0,0,0,0,0,0,0,0,0,0,2026/09/22
阪神タイガース,セベリーノ,投手,千葉ロッテマリーンズ,,0,0,0,0,0,0,0,0,0,0,0,0,0,0,2026/09/22
阪神タイガース,セベリーノ,投手,中日ドラゴンズ,,0,0,0,0,0,0,0,0,0,0,0,0,0,0,2026/09/22
阪神タイガース,セベリーノ,投手,東京ヤクルトスワローズ,,0,0,0,0,0,0,0,0,0,0,0,0,0,0,2026/09/22
阪神タイガース,セベリーノ,投手,東北楽天ゴールデンイーグルス,,0,0,0,0,0,0,0,0,0,0,0,0,0,0,2026/09/22
阪神タイガース,セベリーノ,投手,読売ジャイアンツ,,0,0,0,0,0,0,0,0,0,0,0,0,0,0,2026/09/22
阪神タイガース,セベリーノ,投手,福岡ソフトバンクホークス,,0,0,0,0,0,0,0,0,0,0,0,0,0,0,2026/09/22
阪神タイガース,セベリーノ,投手,北海道日本ハムファイターズ,,0,0,0,0,0,0,0,0,0,0,0,0,0,0,2026/09/22
阪神タイガース,ドリス,投手,オリックス・バファローズ,,0,0,0,0,0,0,0,0,0,0,0,0,0,0,2026/09/22
阪神タイガース,ドリス,投手,横浜DeNAベイスターズ,,0,0,0,0,0,0,0,0,0,0,0,0,0,0,2026/09/22
阪神タイガース,ドリス,投手,広島東洋カープ,,0,0,0,0,0,0,0,0,0,0,0,0,0,0,2026/09/22
阪神タイガース,ドリス,投手,埼玉西武ライオンズ,,0,0,0,0,0,0,0,0,0,0,0,0,0,0,2026/09/22
阪神タイガース,ドリス,投手,千葉ロッテマリーンズ,,0,0,0,0,0,0,0,0,0,0,0,0,0,0,2026/09/22
阪神タイガース,ドリス,投手,中日ドラゴンズ,,0,0,0,0,0,0,0,0,0,0,0,0,0,0,2026/09/22
阪神タイガース,ドリス,投手,東京ヤクルトスワローズ,,0,0,0,0,0,0,0,0,0,0,0,0,0,0,2026/09/22
阪神タイガース,ドリス,投手,東北楽天ゴールデンイーグルス,,0,0,0,0,0,0,0,0,0,0,0,0,0,0,2026/09/22
阪神タイガース,ドリス,投手,読売ジャイアンツ,,0,0,0,0,0,0,0,0,0,0,0,0,0,0,2026/09/22
阪神タイガース,ドリス,投手,福岡ソフトバンクホークス,,0,0,0,0,0,0,0,0,0,0,0,0,0,0,2026/09/22
阪神タイガース,ドリス,投手,北海道日本ハムファイターズ,,0,0,0,0,0,0,0,0,0,0,0,0,0,0,2026/09/22
阪神タイガース,モレッタ,投手,オリックス・バファローズ,,0,0,0,0,0,0,0,0,0,0,0,0,0,0,2026/09/22
阪神タイガース,モレッタ,投手,横浜DeNAベイスターズ,,0,0,0,0,0,0,0,0,0,0,0,0,0,0,2026/09/22
阪神タイガース,モレッタ,投手,広島東洋カープ,,0,0,0,0,0,0,0,0,0,0,0,0,0,0,2026/09/22
阪神タイガース,モレッタ,投手,埼玉西武ライオンズ,,0,0,0,0,0,0,0,0,0,0,0,0,0,0,2026/09/22
阪神タイガース,モレッタ,投手,千葉ロッテマリーンズ,,0,0,0,0,0,0,0,0,0,0,0,0,0,0,2026/09/22
阪神タイガース,モレッタ,投手,中日ドラゴンズ,,0,0,0,0,0,0,0,0,0,0,0,0,0,0,2026/09/22
阪神タイガース,モレッタ,投手,東京ヤクルトスワローズ,,0,0,0,0,0,0,0,0,0,0,0,0,0,0,2026/09/22
阪神タイガース,モレッタ,投手,東北楽天ゴールデンイーグルス,,0,0,0,0,0,0,0,0,0,0,0,0,0,0,2026/09/22
阪神タイガース,モレッタ,投手,読売ジャイアンツ,,0,0,0,0,0,0,0,0,0,0,0,0,0,0,2026/09/22
阪神タイガース,モレッタ,投手,福岡ソフトバンクホークス,,0,0,0,0,0,0,0,0,0,0,0,0,0,0,2026/09/22
阪神タイガース,モレッタ,投手,北海道日本ハムファイターズ,,0,0,0,0,0,0,0,0,0,0,0,0,0,0,2026/09/22
阪神タイガース,梅野 隆太郎,捕手,オリックス・バファローズ,,0,0,0,0,0,0,0,0,0,0,0,0,0,0,2026/09/22
阪神タイガース,梅野 隆太郎,捕手,横浜DeNAベイスターズ,2.000,1,1,2,2,0,0,0,0,1,0,0,0,0,1,2026/09/22
阪神タイガース,梅野 隆太郎,捕手,広島東洋カープ,0.235,19,17,4,4,0,0,0,2,6,1,0,1,0,5,2026/09/22
阪神タイガース,梅野 隆太郎,捕手,埼玉西武ライオンズ,,0,0,0,0,0,0,0,0,0,0,0,0,0,0,2026/09/22
阪神タイガース,梅野 隆太郎,捕手,千葉ロッテマリーンズ,0.000,4,3,0,0,0,0,0,0,1,0,0,0,1,1,2026/09/22
阪神タイガース,梅野 隆太郎,捕手,中日ドラゴンズ,0.083,13,12,1,1,0,0,0,0,6,0,1,0,0,4,2026/09/22
阪神タイガース,梅野 隆太郎,捕手,東京ヤクルトスワローズ,0.286,8,7,2,0,2,0,0,0,2,0,1,0,0,3,2026/09/22
阪神タイガース,梅野 隆太郎,捕手,東北楽天ゴールデンイーグルス,,0,0,0,0,0,0,0,0,0,0,0,0,0,0,2026/09/22
阪神タイガース,梅野 隆太郎,捕手,読売ジャイアンツ,0.143,24,21,3,2,0,0,1,1,3,1,0,0,2,6,2026/09/22
阪神タイガース,梅野 隆太郎,捕手,福岡ソフトバンクホークス,0.000,2,2,0,0,0,0,0,0,0,0,0,0,0,1,2026/09/22
阪神タイガース,梅野 隆太郎,捕手,北海道日本ハムファイターズ,0.000,3,3,0,0,0,0,0,0,1,0,0,0,0,1,2026/09/22
阪神タイガース,坂本 誠志郎,捕手,オリックス・バファローズ,0.091,14,11,1,1,0,0,0,0,3,1,2,0,0,3,2026/09/22
阪神タイガース,坂本 誠志郎,捕手,横浜DeNAベイスターズ,0.138,68,58,8,5,1,0,2,6,22,5,3,1,1,18,2026/09/22
阪神タイガース,坂本 誠志郎,捕手,広島東洋カープ,0.156,55,45,7,4,2,0,1,5,12,8,1,1,0,16,2026/09/22
阪神タイガース,坂本 誠志郎,捕手,埼玉西武ライオンズ,0.000,4,4,0,0,0,0,0,0,2,0,0,0,0,3,2026/09/22
阪神タイガース,坂本 誠志郎,捕手,千葉ロッテマリーンズ,0.000,4,4,0,0,0,0,0,0,2,0,0,0,0,1,2026/09/22
阪神タイガース,坂本 誠志郎,捕手,中日ドラゴンズ,0.159,48,44,7,5,1,0,1,7,17,2,1,0,1,12,2026/09/22
阪神タイガース,坂本 誠志郎,捕手,東京ヤクルトスワローズ,0.271,52,48,13,8,1,0,4,6,22,3,1,0,0,16,2026/09/22
阪神タイガース,坂本 誠志郎,捕手,東北楽天ゴールデンイーグルス,0.000,8,7,0,0,0,0,0,0,1,0,1,0,0,2,2026/09/22
阪神タイガース,坂本 誠志郎,捕手,読売ジャイアンツ,0.255,51,47,12,10,0,1,1,8,12,3,0,0,1,15,2026/09/22
阪神タイガース,坂本 誠志郎,捕手,福岡ソフトバンクホークス,0.333,3,3,1,1,0,0,0,0,1,0,0,0,0,1,2026/09/22
阪神タイガース,坂本 誠志郎,捕手,北海道日本ハムファイターズ,0.500,4,4,2,1,1,0,0,1,0,0,0,0,0,1,2026/09/22
阪神タイガース,伏見 寅威,捕手,オリックス・バファローズ,,0,0,0,0,0,0,0,0,0,0,0,0,0,0,2026/09/22
阪神タイガース,伏見 寅威,捕手,横浜DeNAベイスターズ,0.389,21,18,7,7,0,0,0,2,3,0,1,0,2,7,2026/09/22
阪神タイガース,伏見 寅威,捕手,広島東洋カープ,0.143,17,14,2,2,0,0,0,2,4,3,0,0,0,6,2026/09/22
阪神タイガース,伏見 寅威,捕手,埼玉西武ライオンズ,0.250,4,4,1,1,0,0,0,0,1,0,0,0,0,2,2026/09/22
阪神タイガース,伏見 寅威,捕手,千葉ロッテマリーンズ,0.250,4,4,1,1,0,0,0,0,1,0,0,0,0,1,2026/09/22
阪神タイガース,伏見 寅威,捕手,中日ドラゴンズ,0.057,38,35,2,2,0,0,0,1,9,1,1,1,0,10,2026/09/22
阪神タイガース,伏見 寅威,捕手,東京ヤクルトスワローズ,0.240,27,25,6,5,1,0,0,3,7,0,1,0,1,10,2026/09/22
阪神タイガース,伏見 寅威,捕手,東北楽天ゴールデンイーグルス,0.333,4,3,1,1,0,0,0,1,0,1,0,0,0,1,2026/09/22
阪神タイガース,伏見 寅威,捕手,読売ジャイアンツ,0.111,23,18,2,2,0,0,0,1,1,3,1,0,1,7,2026/09/22
阪神タイガース,伏見 寅威,捕手,福岡ソフトバンクホークス,0.333,3,3,1,0,1,0,0,2,0,0,0,0,0,1,2026/09/22
阪神タイガース,伏見 寅威,捕手,北海道日本ハムファイターズ,0.500,2,2,1,1,0,0,0,0,0,0,0,0,0,1,2026/09/22
阪神タイガース,榮枝 裕貴,捕手,オリックス・バファローズ,,0,0,0,0,0,0,0,0,0,0,0,0,0,0,2026/09/22
阪神タイガース,榮枝 裕貴,捕手,横浜DeNAベイスターズ,,0,0,0,0,0,0,0,0,0,0,0,0,0,0,2026/09/22
阪神タイガース,榮枝 裕貴,捕手,広島東洋カープ,0.000,1,1,0,0,0,0,0,0,1,0,0,0,0,1,2026/09/22
阪神タイガース,榮枝 裕貴,捕手,埼玉西武ライオンズ,,0,0,0,0,0,0,0,0,0,0,0,0,0,0,2026/09/22
阪神タイガース,榮枝 裕貴,捕手,千葉ロッテマリーンズ,,0,0,0,0,0,0,0,0,0,0,0,0,0,0,2026/09/22
阪神タイガース,榮枝 裕貴,捕手,中日ドラゴンズ,,0,0,0,0,0,0,0,0,0,0,0,0,0,0,2026/09/22
阪神タイガース,榮枝 裕貴,捕手,東京ヤクルトスワローズ,,0,0,0,0,0,0,0,0,0,0,0,0,0,0,2026/09/22
阪神タイガース,榮枝 裕貴,捕手,東北楽天ゴールデンイーグルス,,0,0,0,0,0,0,0,0,0,0,0,0,0,0,2026/09/22
阪神タイガース,榮枝 裕貴,捕手,読売ジャイアンツ,,0,0,0,0,0,0,0,0,0,0,0,0,0,0,2026/09/22
阪神タイガース,榮枝 裕貴,捕手,福岡ソフトバンクホークス,,0,0,0,0,0,0,0,0,0,0,0,0,0,0,2026/09/22
阪神タイガース,榮枝 裕貴,捕手,北海道日本ハムファイターズ,,0,0,0,0,0,0,0,0,0,0,0,0,0,0,2026/09/22
阪神タイガース,町田 隼乙,捕手,オリックス・バファローズ,,0,0,0,0,0,0,0,0,0,0,0,0,0,0,2026/09/22
阪神タイガース,町田 隼乙,捕手,横浜DeNAベイスターズ,,0,0,0,0,0,0,0,0,0,0,0,0,0,0,2026/09/22
阪神タイガース,町田 隼乙,捕手,広島東洋カープ,,0,0,0,0,0,0,0,0,0,0,0,0,0,0,2026/09/22
阪神タイガース,町田 隼乙,捕手,埼玉西武ライオンズ,,0,0,0,0,0,0,0,0,0,0,0,0,0,0,2026/09/22
阪神タイガース,町田 隼乙,捕手,千葉ロッテマリーンズ,,0,0,0,0,0,0,0,0,0,0,0,0,0,0,2026/09/22
阪神タイガース,町田 隼乙,捕手,中日ドラゴンズ,,0,0,0,0,0,0,0,0,0,0,0,0,0,0,2026/09/22
阪神タイガース,町田 隼乙,捕手,東京ヤクルトスワローズ,,0,0,0,0,0,0,0,0,0,0,0,0,0,0,2026/09/22
阪神タイガース,町田 隼乙,捕手,東北楽天ゴールデンイーグルス,,0,0,0,0,0,0,0,0,0,0,0,0,0,0,2026/09/22
阪神タイガース,町田 隼乙,捕手,読売ジャイアンツ,,0,0,0,0,0,0,0,0,0,0,0,0,0,0,2026/09/22
阪神タイガース,町田 隼乙,捕手,福岡ソフトバンクホークス,,0,0,0,0,0,0,0,0,0,0,0,0,0,0,2026/09/22
阪神タイガース,町田 隼乙,捕手,北海道日本ハムファイターズ,,0,0,0,0,0,0,0,0,0,0,0,0,0,0,2026/09/22
阪神タイガース,長坂 拳弥,捕手,オリックス・バファローズ,,0,0,0,0,0,0,0,0,0,0,0,0,0,0,2026/09/22
阪神タイガース,長坂 拳弥,捕手,横浜DeNAベイスターズ,,0,0,0,0,0,0,0,0,0,0,0,0,0,0,2026/09/22
阪神タイガース,長坂 拳弥,捕手,広島東洋カープ,,0,0,0,0,0,0,0,0,0,0,0,0,0,0,2026/09/22
阪神タイガース,長坂 拳弥,捕手,埼玉西武ライオンズ,,0,0,0,0,0,0,0,0,0,0,0,0,0,0,2026/09/22
阪神タイガース,長坂 拳弥,捕手,千葉ロッテマリーンズ,,0,0,0,0,0,0,0,0,0,0,0,0,0,0,2026/09/22
阪神タイガース,長坂 拳弥,捕手,中日ドラゴンズ,,0,0,0,0,0,0,0,0,0,0,0,0,0,0,2026/09/22
阪神タイガース,長坂 拳弥,捕手,東京ヤクルトスワローズ,,0,0,0,0,0,0,0,0,0,0,0,0,0,0,2026/09/22
阪神タイガース,長坂 拳弥,捕手,東北楽天ゴールデンイーグルス,,0,0,0,0,0,0,0,0,0,0,0,0,0,0,2026/09/22
阪神タイガース,長坂 拳弥,捕手,読売ジャイアンツ,,0,0,0,0,0,0,0,0,0,0,0,0,0,0,2026/09/22
阪神タイガース,長坂 拳弥,捕手,福岡ソフトバンクホークス,,0,0,0,0,0,0,0,0,0,0,0,0,0,0,2026/09/22
阪神タイガース,長坂 拳弥,捕手,北海道日本ハムファイターズ,,0,0,0,0,0,0,0,0,0,0,0,0,0,0,2026/09/22
阪神タイガース,藤田 健斗,捕手,オリックス・バファローズ,,0,0,0,0,0,0,0,0,0,0,0,0,0,0,2026/09/22
阪神タイガース,藤田 健斗,捕手,横浜DeNAベイスターズ,,0,0,0,0,0,0,0,0,0,0,0,0,0,0,2026/09/22
阪神タイガース,藤田 健斗,捕手,広島東洋カープ,,0,0,0,0,0,0,0,0,0,0,0,0,0,0,2026/09/22
阪神タイガース,藤田 健斗,捕手,埼玉西武ライオンズ,,0,0,0,0,0,0,0,0,0,0,0,0,0,0,2026/09/22
阪神タイガース,藤田 健斗,捕手,千葉ロッテマリーンズ,,0,0,0,0,0,0,0,0,0,0,0,0,0,0,2026/09/22
阪神タイガース,藤田 健斗,捕手,中日ドラゴンズ,,0,0,0,0,0,0,0,0,0,0,0,0,0,0,2026/09/22
阪神タイガース,藤田 健斗,捕手,東京ヤクルトスワローズ,,0,0,0,0,0,0,0,0,0,0,0,0,0,0,2026/09/22
阪神タイガース,藤田 健斗,捕手,東北楽天ゴールデンイーグルス,,0,0,0,0,0,0,0,0,0,0,0,0,0,0,2026/09/22
阪神タイガース,藤田 健斗,捕手,読売ジャイアンツ,,0,0,0,0,0,0,0,0,0,0,0,0,0,0,2026/09/22
阪神タイガース,藤田 健斗,捕手,福岡ソフトバンクホークス,,0,0,0,0,0,0,0,0,0,0,0,0,0,0,2026/09/22
阪神タイガース,藤田 健斗,捕手,北海道日本ハムファイターズ,,0,0,0,0,0,0,0,0,0,0,0,0,0,0,2026/09/22
阪神タイガース,中川 勇斗,捕手,オリックス・バファローズ,,0,0,0,0,0,0,0,0,0,0,0,0,0,0,2026/09/22
阪神タイガース,中川 勇斗,捕手,横浜DeNAベイスターズ,0.000,5,5,0,0,0,0,0,0,1,0,0,0,0,2,2026/09/22
阪神タイガース,中川 勇斗,捕手,広島東洋カープ,0.000,2,2,0,0,0,0,0,0,1,0,0,0,0,2,2026/09/22
阪神タイガース,中川 勇斗,捕手,埼玉西武ライオンズ,,0,0,0,0,0,0,0,0,0,0,0,0,0,0,2026/09/22
阪神タイガース,中川 勇斗,捕手,千葉ロッテマリーンズ,,0,0,0,0,0,0,0,0,0,0,0,0,0,0,2026/09/22
阪神タイガース,中川 勇斗,捕手,中日ドラゴンズ,0.000,11,7,0,0,0,0,0,0,0,4,0,0,0,3,2026/09/22
阪神タイガース,中川 勇斗,捕手,東京ヤクルトスワローズ,,0,0,0,0,0,0,0,0,0,0,0,0,0,0,2026/09/22
阪神タイガース,中川 勇斗,捕手,東北楽天ゴールデンイーグルス,,0,0,0,0,0,0,0,0,0,0,0,0,0,0,2026/09/22
阪神タイガース,中川 勇斗,捕手,読売ジャイアンツ,0.100,12,10,1,0,1,0,0,2,1,1,1,0,0,3,2026/09/22
阪神タイガース,中川 勇斗,捕手,福岡ソフトバンクホークス,,0,0,0,0,0,0,0,0,0,0,0,0,0,0,2026/09/22
阪神タイガース,中川 勇斗,捕手,北海道日本ハムファイターズ,,0,0,0,0,0,0,0,0,0,0,0,0,0,0,2026/09/22
阪神タイガース,嶋村 麟士朗,捕手,オリックス・バファローズ,0.125,8,8,1,1,0,0,0,0,2,0,0,0,0,3,2026/09/22
阪神タイガース,嶋村 麟士朗,捕手,横浜DeNAベイスターズ,0.667,3,3,2,2,0,0,0,1,2,0,0,0,0,3,2026/09/22
阪神タイガース,嶋村 麟士朗,捕手,広島東洋カープ,0.000,2,2,0,0,0,0,0,0,1,0,0,0,0,2,2026/09/22
阪神タイガース,嶋村 麟士朗,捕手,埼玉西武ライオンズ,0.500,4,4,2,2,0,0,0,1,1,0,0,0,0,3,2026/09/22
阪神タイガース,嶋村 麟士朗,捕手,千葉ロッテマリーンズ,0.250,4,4,1,1,0,0,0,0,1,0,0,0,0,2,2026/09/22
阪神タイガース,嶋村 麟士朗,捕手,中日ドラゴンズ,0.200,5,5,1,1,0,0,0,1,2,0,0,0,0,5,2026/09/22
阪神タイガース,嶋村 麟士朗,捕手,東京ヤクルトスワローズ,0.500,2,2,1,0,0,0,1,2,0,0,0,0,0,2,2026/09/22
阪神タイガース,嶋村 麟士朗,捕手,東北楽天ゴールデンイーグルス,0.000,1,1,0,0,0,0,0,0,0,0,0,0,0,1,2026/09/22
阪神タイガース,嶋村 麟士朗,捕手,読売ジャイアンツ,0.000,5,5,0,0,0,0,0,0,2,0,0,0,0,5,2026/09/22
阪神タイガース,嶋村 麟士朗,捕手,福岡ソフトバンクホークス,0.000,4,4,0,0,0,0,0,0,2,0,0,0,0,3,2026/09/22
阪神タイガース,嶋村 麟士朗,捕手,北海道日本ハムファイターズ,0.000,1,1,0,0,0,0,0,0,1,0,0,0,0,1,2026/09/22
阪神タイガース,元山 飛優,内野手,オリックス・バファローズ,,0,0,0,0,0,0,0,0,0,0,0,0,0,0,2026/09/22
阪神タイガース,元山 飛優,内野手,横浜DeNAベイスターズ,0.263,46,38,10,10,0,0,0,3,10,7,0,1,0,12,2026/09/22
阪神タイガース,元山 飛優,内野手,広島東洋カープ,0.250,12,12,3,3,0,0,0,0,3,0,0,0,0,5,2026/09/22
阪神タイガース,元山 飛優,内野手,埼玉西武ライオンズ,0.000,1,1,0,0,0,0,0,0,0,0,0,0,0,1,2026/09/22
阪神タイガース,元山 飛優,内野手,千葉ロッテマリーンズ,,0,0,0,0,0,0,0,0,0,0,0,0,0,0,2026/09/22
阪神タイガース,元山 飛優,内野手,中日ドラゴンズ,0.316,23,19,6,6,0,0,0,0,4,3,1,0,0,8,2026/09/22
阪神タイガース,元山 飛優,内野手,東京ヤクルトスワローズ,0.263,42,38,10,10,0,0,0,0,7,2,1,0,1,12,2026/09/22
阪神タイガース,元山 飛優,内野手,東北楽天ゴールデンイーグルス,,0,0,0,0,0,0,0,0,0,0,0,0,0,0,2026/09/22
阪神タイガース,元山 飛優,内野手,読売ジャイアンツ,0.156,42,32,5,4,0,1,0,4,7,6,3,1,0,10,2026/09/22
阪神タイガース,元山 飛優,内野手,福岡ソフトバンクホークス,,0,0,0,0,0,0,0,0,0,0,0,0,0,0,2026/09/22
阪神タイガース,元山 飛優,内野手,北海道日本ハムファイターズ,,0,0,0,0,0,0,0,0,0,0,0,0,0,0,2026/09/22
阪神タイガース,木浪 聖也,内野手,オリックス・バファローズ,0.000,8,7,0,0,0,0,0,0,2,1,0,0,0,2,2026/09/22
阪神タイガース,木浪 聖也,内野手,横浜DeNAベイスターズ,0.346,30,26,9,8,1,0,0,5,9,3,0,1,0,10,2026/09/22
阪神タイガース,木浪 聖也,内野手,広島東洋カープ,0.188,33,32,6,4,1,0,1,3,9,1,0,0,0,13,2026/09/22
阪神タイガース,木浪 聖也,内野手,埼玉西武ライオンズ,,0,0,0,0,0,0,0,0,0,0,0,0,0,0,2026/09/22
阪神タイガース,木浪 聖也,内野手,千葉ロッテマリーンズ,0.000,1,1,0,0,0,0,0,0,1,0,0,0,0,1,2026/09/22
阪神タイガース,木浪 聖也,内野手,中日ドラゴンズ,0.259,30,27,7,7,0,0,0,2,4,2,0,0,1,11,2026/09/22
阪神タイガース,木浪 聖也,内野手,東京ヤクルトスワローズ,0.231,13,13,3,3,0,0,0,2,5,0,0,0,0,6,2026/09/22
阪神タイガース,木浪 聖也,内野手,東北楽天ゴールデンイーグルス,0.000,1,1,0,0,0,0,0,0,1,0,0,0,0,1,2026/09/22
阪神タイガース,木浪 聖也,内野手,読売ジャイアンツ,0.136,24,22,3,3,0,0,0,3,3,2,0,0,0,9,2026/09/22
阪神タイガース,木浪 聖也,内野手,福岡ソフトバンクホークス,,0,0,0,0,0,0,0,0,0,0,0,0,0,0,2026/09/22
阪神タイガース,木浪 聖也,内野手,北海道日本ハムファイターズ,0.250,8,8,2,1,1,0,0,0,2,0,0,0,0,2,2026/09/22
阪神タイガース,大山 悠輔,内野手,オリックス・バファローズ,0.077,17,13,1,1,0,0,0,2,1,3,0,1,0,3,2026/09/22
阪神タイガース,大山 悠輔,内野手,横浜DeNAベイスターズ,0.303,90,76,23,13,4,0,6,17,13,11,0,1,2,20,2026/09/22
阪神タイガース,大山 悠輔,内野手,広島東洋カープ,0.266,89,79,21,16,4,0,1,7,12,5,0,2,3,22,2026/09/22
阪神タイガース,大山 悠輔,内野手,埼玉西武ライオンズ,0.111,11,9,1,1,0,0,0,0,4,2,0,0,0,3,2026/09/22
阪神タイガース,大山 悠輔,内野手,千葉ロッテマリーンズ,0.182,11,11,2,2,0,0,0,0,2,0,0,0,0,3,2026/09/22
阪神タイガース,大山 悠輔,内野手,中日ドラゴンズ,0.278,100,90,25,21,2,0,2,8,19,9,0,0,1,25,2026/09/22
阪神タイガース,大山 悠輔,内野手,東京ヤクルトスワローズ,0.358,95,81,29,16,8,0,5,21,8,12,0,2,0,22,2026/09/22
阪神タイガース,大山 悠輔,内野手,東北楽天ゴールデンイーグルス,0.375,10,8,3,2,0,0,1,3,2,1,0,1,0,3,2026/09/22
阪神タイガース,大山 悠輔,内野手,読売ジャイアンツ,0.244,105,86,21,15,4,1,1,16,13,14,0,3,2,24,2026/09/22
阪神タイガース,大山 悠輔,内野手,福岡ソフトバンクホークス,0.083,14,12,1,0,0,0,1,1,3,2,0,0,0,3,2026/09/22
阪神タイガース,大山 悠輔,内野手,北海道日本ハムファイターズ,0.444,9,9,4,4,0,0,0,1,4,0,0,0,0,3,2026/09/22
阪神タイガース,熊谷 敬宥,内野手,オリックス・バファローズ,0.167,13,12,2,1,1,0,0,2,3,0,1,0,0,3,2026/09/22
阪神タイガース,熊谷 敬宥,内野手,横浜DeNAベイスターズ,0.231,14,13,3,2,1,0,0,2,3,1,0,0,0,5,2026/09/22
阪神タイガース,熊谷 敬宥,内野手,広島東洋カープ,0.231,27,26,6,5,1,0,0,2,8,0,1,0,0,9,2026/09/22
阪神タイガース,熊谷 敬宥,内野手,埼玉西武ライオンズ,0.000,8,7,0,0,0,0,0,0,3,0,1,0,0,2,2026/09/22
阪神タイガース,熊谷 敬宥,内野手,千葉ロッテマリーンズ,0.100,12,10,1,1,0,0,0,0,2,1,1,0,0,3,2026/09/22
阪神タイガース,熊谷 敬宥,内野手,中日ドラゴンズ,0.200,32,30,6,6,0,0,0,0,6,1,1,0,0,9,2026/09/22
阪神タイガース,熊谷 敬宥,内野手,東京ヤクルトスワローズ,0.156,34,32,5,4,1,0,0,1,10,1,1,0,0,10,2026/09/22
阪神タイガース,熊谷 敬宥,内野手,東北楽天ゴールデンイーグルス,0.500,10,8,4,3,1,0,0,5,3,1,1,0,0,3,2026/09/22
阪神タイガース,熊谷 敬宥,内野手,読売ジャイアンツ,0.286,15,14,4,3,1,0,0,1,4,1,0,0,0,5,2026/09/22
阪神タイガース,熊谷 敬宥,内野手,福岡ソフトバンクホークス,0.444,10,9,4,4,0,0,0,0,1,0,1,0,0,3,2026/09/22
阪神タイガース,熊谷 敬宥,内野手,北海道日本ハムファイターズ,0.000,3,3,0,0,0,0,0,0,1,0,0,0,0,1,2026/09/22
阪神タイガース,中野 拓夢,内野手,オリックス・バファローズ,0.357,14,14,5,4,1,0,0,1,2,0,0,0,0,3,2026/09/22
阪神タイガース,中野 拓夢,内野手,横浜DeNAベイスターズ,0.300,94,80,24,22,2,0,0,2,12,9,5,0,0,22,2026/09/22
阪神タイガース,中野 拓夢,内野手,広島東洋カープ,0.173,93,81,14,13,0,1,0,4,12,5,7,0,0,22,2026/09/22
阪神タイガース,中野 拓夢,内野手,埼玉西武ライオンズ,0.333,11,9,3,3,0,0,0,0,1,2,0,0,0,3,2026/09/22
阪神タイガース,中野 拓夢,内野手,千葉ロッテマリーンズ,0.300,11,10,3,3,0,0,0,1,3,1,0,0,0,3,2026/09/22
阪神タイガース,中野 拓夢,内野手,中日ドラゴンズ,0.283,110,99,28,23,5,0,0,2,15,4,5,0,2,25,2026/09/22
阪神タイガース,中野 拓夢,内野手,東京ヤクルトスワローズ,0.294,78,68,20,18,2,0,0,5,15,4,3,3,0,22,2026/09/22
阪神タイガース,中野 拓夢,内野手,東北楽天ゴールデンイーグルス,0.333,12,12,4,4,0,0,0,1,0,0,0,0,0,3,2026/09/22
阪神タイガース,中野 拓夢,内野手,読売ジャイアンツ,0.300,105,90,27,23,4,0,0,6,10,10,4,1,0,24,2026/09/22
阪神タイガース,中野 拓夢,内野手,福岡ソフトバンクホークス,0.273,14,11,3,3,0,0,0,0,4,1,2,0,0,3,2026/09/22
阪神タイガース,中野 拓夢,内野手,北海道日本ハムファイターズ,0.333,13,12,4,4,0,0,0,0,2,0,1,0,0,3,2026/09/22
阪神タイガース,佐藤 輝明,内野手,オリックス・バファローズ,0.364,16,11,4,3,1,0,0,2,2,4,0,1,0,3,2026/09/22
阪神タイガース,佐藤 輝明,内野手,横浜DeNAベイスターズ,0.264,99,87,23,10,10,0,3,10,31,12,0,0,0,22,2026/09/22
阪神タイガース,佐藤 輝明,内野手,広島東洋カープ,0.308,84,78,24,14,6,0,4,13,22,5,0,1,0,22,2026/09/22
阪神タイガース,佐藤 輝明,内野手,埼玉西武ライオンズ,0.333,10,9,3,2,0,0,1,2,4,1,0,0,0,3,2026/09/22
阪神タイガース,佐藤 輝明,内野手,千葉ロッテマリーンズ,0.300,10,10,3,2,0,0,1,1,2,0,0,0,0,3,2026/09/22
阪神タイガース,佐藤 輝明,内野手,中日ドラゴンズ,0.326,106,89,29,16,2,2,9,22,31,16,0,1,0,25,2026/09/22
阪神タイガース,佐藤 輝明,内野手,東京ヤクルトスワローズ,0.329,96,85,28,13,5,0,10,26,27,10,0,1,0,22,2026/09/22
阪神タイガース,佐藤 輝明,内野手,東北楽天ゴールデンイーグルス,0.375,11,8,3,1,2,0,0,2,2,3,0,0,0,3,2026/09/22
阪神タイガース,佐藤 輝明,内野手,読売ジャイアンツ,0.395,97,86,34,15,11,1,7,19,26,9,0,0,2,24,2026/09/22
阪神タイガース,佐藤 輝明,内野手,福岡ソフトバンクホークス,0.167,13,12,2,2,0,0,0,0,6,1,0,0,0,3,2026/09/22
阪神タイガース,佐藤 輝明,内野手,北海道日本ハムファイターズ,0.444,10,9,4,3,0,0,1,1,2,1,0,0,0,3,2026/09/22
阪神タイガース,立石 正広,内野手,オリックス・バファローズ,0.000,5,5,0,0,0,0,0,0,2,0,0,0,0,2,2026/09/22
阪神タイガース,立石 正広,内野手,横浜DeNAベイスターズ,0.000,8,8,0,0,0,0,0,0,4,0,0,0,0,4,2026/09/22
阪神タイガース,立石 正広,内野手,広島東洋カープ,0.231,13,13,3,3,0,0,0,1,4,0,0,0,0,4,2026/09/22
阪神タイガース,立石 正広,内野手,埼玉西武ライオンズ,0.000,12,12,0,0,0,0,0,0,8,0,0,0,0,3,2026/09/22
阪神タイガース,立石 正広,内野手,千葉ロッテマリーンズ,0.300,11,10,3,3,0,0,0,0,1,1,0,0,0,3,2026/09/22
阪神タイガース,立石 正広,内野手,中日ドラゴンズ,0.167,12,12,2,2,0,0,0,0,2,0,0,0,0,5,2026/09/22
阪神タイガース,立石 正広,内野手,東京ヤクルトスワローズ,0.000,3,3,0,0,0,0,0,0,2,0,0,0,0,1,2026/09/22
阪神タイガース,立石 正広,内野手,東北楽天ゴールデンイーグルス,0.222,9,9,2,2,0,0,0,2,3,0,0,0,0,2,2026/09/22
阪神タイガース,立石 正広,内野手,読売ジャイアンツ,0.500,22,22,11,9,1,0,1,5,7,0,0,0,0,7,2026/09/22
阪神タイガース,立石 正広,内野手,福岡ソフトバンクホークス,0.300,11,10,3,1,1,0,1,2,5,1,0,0,0,3,2026/09/22
阪神タイガース,立石 正広,内野手,北海道日本ハムファイターズ,0.000,12,12,0,0,0,0,0,0,3,0,0,0,0,3,2026/09/22
阪神タイガース,ディベイニー,内野手,オリックス・バファローズ,,0,0,0,0,0,0,0,0,0,0,0,0,0,0,2026/09/22
阪神タイガース,ディベイニー,内野手,横浜DeNAベイスターズ,0.000,2,2,0,0,0,0,0,0,0,0,0,0,0,2,2026/09/22
阪神タイガース,ディベイニー,内野手,広島東洋カープ,,0,0,0,0,0,0,0,0,0,0,0,0,0,0,2026/09/22
阪神タイガース,ディベイニー,内野手,埼玉西武ライオンズ,,0,0,0,0,0,0,0,0,0,0,0,0,0,0,2026/09/22
阪神タイガース,ディベイニー,内野手,千葉ロッテマリーンズ,0.000,5,4,0,0,0,0,0,0,1,1,0,0,0,2,2026/09/22
阪神タイガース,ディベイニー,内野手,中日ドラゴンズ,,0,0,0,0,0,0,0,0,0,0,0,0,0,0,2026/09/22
阪神タイガース,ディベイニー,内野手,東京ヤクルトスワローズ,0.000,3,3,0,0,0,0,0,0,0,0,0,0,0,1,2026/09/22
阪神タイガース,ディベイニー,内野手,東北楽天ゴールデンイーグルス,0.000,1,1,0,0,0,0,0,0,1,0,0,0,0,1,2026/09/22
阪神タイガース,ディベイニー,内野手,読売ジャイアンツ,0.000,2,2,0,0,0,0,0,0,1,0,0,0,0,2,2026/09/22
阪神タイガース,ディベイニー,内野手,福岡ソフトバンクホークス,,0,0,0,0,0,0,0,0,0,0,0,0,0,0,2026/09/22
阪神タイガース,ディベイニー,内野手,北海道日本ハムファイターズ,0.500,2,2,1,1,0,0,0,0,1,0,0,0,0,2,2026/09/22
阪神タイガース,谷端 将伍,内野手,オリックス・バファローズ,,0,0,0,0,0,0,0,0,0,0,0,0,0,0,2026/09/22
阪神タイガース,谷端 将伍,内野手,横浜DeNAベイスターズ,,0,0,0,0,0,0,0,0,0,0,0,0,0,0,2026/09/22
阪神タイガース,谷端 将伍,内野手,広島東洋カープ,,0,0,0,0,0,0,0,0,0,0,0,0,0,0,2026/09/22
阪神タイガース,谷端 将伍,内野手,埼玉西武ライオンズ,,0,0,0,0,0,0,0,0,0,0,0,0,0,0,2026/09/22
阪神タイガース,谷端 将伍,内野手,千葉ロッテマリーンズ,,0,0,0,0,0,0,0,0,0,0,0,0,0,0,2026/09/22
阪神タイガース,谷端 将伍,内野手,中日ドラゴンズ,,0,0,0,0,0,0,0,0,0,0,0,0,0,0,2026/09/22
阪神タイガース,谷端 将伍,内野手,東京ヤクルトスワローズ,0.000,4,3,0,0,0,0,0,0,0,0,1,0,0,1,2026/09/22
阪神タイガース,谷端 将伍,内野手,東北楽天ゴールデンイーグルス,,0,0,0,0,0,0,0,0,0,0,0,0,0,0,2026/09/22
阪神タイガース,谷端 将伍,内野手,読売ジャイアンツ,,0,0,0,0,0,0,0,0,0,0,0,0,0,0,2026/09/22
阪神タイガース,谷端 将伍,内野手,福岡ソフトバンクホークス,,0,0,0,0,0,0,0,0,0,0,0,0,0,0,2026/09/22
阪神タイガース,谷端 将伍,内野手,北海道日本ハムファイターズ,,0,0,0,0,0,0,0,0,0,0,0,0,0,0,2026/09/22
阪神タイガース,糸原 健斗,内野手,オリックス・バファローズ,,0,0,0,0,0,0,0,0,0,0,0,0,0,0,2026/09/22
阪神タイガース,糸原 健斗,内野手,横浜DeNAベイスターズ,0.000,3,3,0,0,0,0,0,0,2,0,0,0,0,3,2026/09/22
阪神タイガース,糸原 健斗,内野手,広島東洋カープ,0.000,2,2,0,0,0,0,0,0,1,0,0,0,0,2,2026/09/22
阪神タイガース,糸原 健斗,内野手,埼玉西武ライオンズ,,0,0,0,0,0,0,0,0,0,0,0,0,0,0,2026/09/22
阪神タイガース,糸原 健斗,内野手,千葉ロッテマリーンズ,,0,0,0,0,0,0,0,0,0,0,0,0,0,0,2026/09/22
阪神タイガース,糸原 健斗,内野手,中日ドラゴンズ,0.000,1,1,0,0,0,0,0,0,0,0,0,0,0,1,2026/09/22
阪神タイガース,糸原 健斗,内野手,東京ヤクルトスワローズ,0.000,4,4,0,0,0,0,0,0,2,0,0,0,0,4,2026/09/22
阪神タイガース,糸原 健斗,内野手,東北楽天ゴールデンイーグルス,1.000,1,1,1,0,1,0,0,0,0,0,0,0,0,1,2026/09/22
阪神タイガース,糸原 健斗,内野手,読売ジャイアンツ,0.000,3,3,0,0,0,0,0,0,0,0,0,0,0,3,2026/09/22
阪神タイガース,糸原 健斗,内野手,福岡ソフトバンクホークス,0.000,1,1,0,0,0,0,0,0,0,0,0,0,0,1,2026/09/22
阪神タイガース,糸原 健斗,内野手,北海道日本ハムファイターズ,,0,0,0,0,0,0,0,0,0,0,0,0,0,0,2026/09/22
阪神タイガース,小幡 竜平,内野手,オリックス・バファローズ,,0,0,0,0,0,0,0,0,0,0,0,0,0,0,2026/09/22
阪神タイガース,小幡 竜平,内野手,横浜DeNAベイスターズ,0.056,20,18,1,1,0,0,0,0,9,1,1,0,0,8,2026/09/22
阪神タイガース,小幡 竜平,内野手,広島東洋カープ,0.133,17,15,2,2,0,0,0,1,6,2,0,0,0,5,2026/09/22
阪神タイガース,小幡 竜平,内野手,埼玉西武ライオンズ,0.000,3,3,0,0,0,0,0,0,1,0,0,0,0,1,2026/09/22
阪神タイガース,小幡 竜平,内野手,千葉ロッテマリーンズ,,0,0,0,0,0,0,0,0,0,0,0,0,0,0,2026/09/22
阪神タイガース,小幡 竜平,内野手,中日ドラゴンズ,0.125,18,16,2,2,0,0,0,0,6,1,1,0,0,5,2026/09/22
阪神タイガース,小幡 竜平,内野手,東京ヤクルトスワローズ,0.389,19,18,7,5,1,1,0,2,7,1,0,0,0,5,2026/09/22
阪神タイガース,小幡 竜平,内野手,東北楽天ゴールデンイーグルス,,0,0,0,0,0,0,0,0,0,0,0,0,0,0,2026/09/22
阪神タイガース,小幡 竜平,内野手,読売ジャイアンツ,0.296,30,27,8,8,0,0,0,1,8,1,1,0,1,8,2026/09/22
阪神タイガース,小幡 竜平,内野手,福岡ソフトバンクホークス,,0,0,0,0,0,0,0,0,0,0,0,0,0,0,2026/09/22
阪神タイガース,小幡 竜平,内野手,北海道日本ハムファイターズ,0.000,1,1,0,0,0,0,0,0,1,0,0,0,0,1,2026/09/22
阪神タイガース,佐野 大陽,内野手,オリックス・バファローズ,,0,0,0,0,0,0,0,0,0,0,0,0,0,0,2026/09/22
阪神タイガース,佐野 大陽,内野手,横浜DeNAベイスターズ,,0,0,0,0,0,0,0,0,0,0,0,0,0,0,2026/09/22
阪神タイガース,佐野 大陽,内野手,広島東洋カープ,,0,0,0,0,0,0,0,0,0,0,0,0,0,0,2026/09/22
阪神タイガース,佐野 大陽,内野手,埼玉西武ライオンズ,,0,0,0,0,0,0,0,0,0,0,0,0,0,0,2026/09/22
阪神タイガース,佐野 大陽,内野手,千葉ロッテマリーンズ,,0,0,0,0,0,0,0,0,0,0,0,0,0,0,2026/09/22
阪神タイガース,佐野 大陽,内野手,中日ドラゴンズ,,0,0,0,0,0,0,0,0,0,0,0,0,0,0,2026/09/22
阪神タイガース,佐野 大陽,内野手,東京ヤクルトスワローズ,,0,0,0,0,0,0,0,0,0,0,0,0,0,0,2026/09/22
阪神タイガース,佐野 大陽,内野手,東北楽天ゴールデンイーグルス,,0,0,0,0,0,0,0,0,0,0,0,0,0,0,2026/09/22
阪神タイガース,佐野 大陽,内野手,読売ジャイアンツ,,0,0,0,0,0,0,0,0,0,0,0,0,0,0,2026/09/22
阪神タイガース,佐野 大陽,内野手,福岡ソフトバンクホークス,,0,0,0,0,0,0,0,0,0,0,0,0,0,0,2026/09/22
阪神タイガース,佐野 大陽,内野手,北海道日本ハムファイターズ,,0,0,0,0,0,0,0,0,0,0,0,0,0,0,2026/09/22
阪神タイガース,山田 脩也,内野手,オリックス・バファローズ,,0,0,0,0,0,0,0,0,0,0,0,0,0,0,2026/09/22
阪神タイガース,山田 脩也,内野手,横浜DeNAベイスターズ,,0,0,0,0,0,0,0,0,0,0,0,0,0,0,2026/09/22
阪神タイガース,山田 脩也,内野手,広島東洋カープ,,0,0,0,0,0,0,0,0,0,0,0,0,0,0,2026/09/22
阪神タイガース,山田 脩也,内野手,埼玉西武ライオンズ,,0,0,0,0,0,0,0,0,0,0,0,0,0,0,2026/09/22
阪神タイガース,山田 脩也,内野手,千葉ロッテマリーンズ,,0,0,0,0,0,0,0,0,0,0,0,0,0,0,2026/09/22
阪神タイガース,山田 脩也,内野手,中日ドラゴンズ,,0,0,0,0,0,0,0,0,0,0,0,0,0,0,2026/09/22
阪神タイガース,山田 脩也,内野手,東京ヤクルトスワローズ,,0,0,0,0,0,0,0,0,0,0,0,0,0,0,2026/09/22
阪神タイガース,山田 脩也,内野手,東北楽天ゴールデンイーグルス,,0,0,0,0,0,0,0,0,0,0,0,0,0,0,2026/09/22
阪神タイガース,山田 脩也,内野手,読売ジャイアンツ,,0,0,0,0,0,0,0,0,0,0,0,0,0,0,2026/09/22
阪神タイガース,山田 脩也,内野手,福岡ソフトバンクホークス,,0,0,0,0,0,0,0,0,0,0,0,0,0,0,2026/09/22
阪神タイガース,山田 脩也,内野手,北海道日本ハムファイターズ,,0,0,0,0,0,0,0,0,0,0,0,0,0,0,2026/09/22
阪神タイガース,百﨑 蒼生,内野手,オリックス・バファローズ,,0,0,0,0,0,0,0,0,0,0,0,0,0,0,2026/09/22
阪神タイガース,百﨑 蒼生,内野手,横浜DeNAベイスターズ,,0,0,0,0,0,0,0,0,0,0,0,0,0,0,2026/09/22
阪神タイガース,百﨑 蒼生,内野手,広島東洋カープ,0.000,1,1,0,0,0,0,0,0,1,0,0,0,0,1,2026/09/22
阪神タイガース,百﨑 蒼生,内野手,埼玉西武ライオンズ,,0,0,0,0,0,0,0,0,0,0,0,0,0,0,2026/09/22
阪神タイガース,百﨑 蒼生,内野手,千葉ロッテマリーンズ,,0,0,0,0,0,0,0,0,0,0,0,0,0,0,2026/09/22
阪神タイガース,百﨑 蒼生,内野手,中日ドラゴンズ,0.000,1,1,0,0,0,0,0,0,1,0,0,0,0,1,2026/09/22
阪神タイガース,百﨑 蒼生,内野手,東京ヤクルトスワローズ,,0,0,0,0,0,0,0,0,0,0,0,0,0,0,2026/09/22
阪神タイガース,百﨑 蒼生,内野手,東北楽天ゴールデンイーグルス,,0,0,0,0,0,0,0,0,0,0,0,0,0,0,2026/09/22
阪神タイガース,百﨑 蒼生,内野手,読売ジャイアンツ,,0,0,0,0,0,0,0,0,0,0,0,0,0,0,2026/09/22
阪神タイガース,百﨑 蒼生,内野手,福岡ソフトバンクホークス,,0,0,0,0,0,0,0,0,0,0,0,0,0,0,2026/09/22
阪神タイガース,百﨑 蒼生,内野手,北海道日本ハムファイターズ,,0,0,0,0,0,0,0,0,0,0,0,0,0,0,2026/09/22
阪神タイガース,植田 海,内野手,オリックス・バファローズ,,0,0,0,0,0,0,0,0,0,0,0,0,0,0,2026/09/22
阪神タイガース,植田 海,内野手,横浜DeNAベイスターズ,0.000,1,1,0,0,0,0,0,0,0,0,0,0,0,1,2026/09/22
阪神タイガース,植田 海,内野手,広島東洋カープ,0.000,2,1,0,0,0,0,0,0,0,1,0,0,0,1,2026/09/22
阪神タイガース,植田 海,内野手,埼玉西武ライオンズ,,0,0,0,0,0,0,0,0,0,0,0,0,0,0,2026/09/22
阪神タイガース,植田 海,内野手,千葉ロッテマリーンズ,,0,0,0,0,0,0,0,0,0,0,0,0,0,0,2026/09/22
阪神タイガース,植田 海,内野手,中日ドラゴンズ,,0,0,0,0,0,0,0,0,0,0,0,0,0,0,2026/09/22
阪神タイガース,植田 海,内野手,東京ヤクルトスワローズ,0.333,5,3,1,1,0,0,0,1,0,2,0,0,0,3,2026/09/22
阪神タイガース,植田 海,内野手,東北楽天ゴールデンイーグルス,,0,0,0,0,0,0,0,0,0,0,0,0,0,0,2026/09/22
阪神タイガース,植田 海,内野手,読売ジャイアンツ,,0,0,0,0,0,0,0,0,0,0,0,0,0,0,2026/09/22
阪神タイガース,植田 海,内野手,福岡ソフトバンクホークス,,0,0,0,0,0,0,0,0,0,0,0,0,0,0,2026/09/22
阪神タイガース,植田 海,内野手,北海道日本ハムファイターズ,,0,0,0,0,0,0,0,0,0,0,0,0,0,0,2026/09/22
阪神タイガース,髙寺 望夢,内野手,オリックス・バファローズ,0.091,12,11,1,0,0,1,0,1,3,0,0,0,1,3,2026/09/22
阪神タイガース,髙寺 望夢,内野手,横浜DeNAベイスターズ,0.207,63,58,12,7,5,0,0,5,10,3,1,1,0,20,2026/09/22
阪神タイガース,髙寺 望夢,内野手,広島東洋カープ,0.356,51,45,16,13,3,0,0,4,12,5,1,0,0,17,2026/09/22
阪神タイガース,髙寺 望夢,内野手,埼玉西武ライオンズ,0.273,12,11,3,3,0,0,0,1,1,1,0,0,0,3,2026/09/22
阪神タイガース,髙寺 望夢,内野手,千葉ロッテマリーンズ,0.083,15,12,1,1,0,0,0,0,2,1,1,0,1,3,2026/09/22
阪神タイガース,髙寺 望夢,内野手,中日ドラゴンズ,0.175,45,40,7,6,0,0,1,4,10,5,0,0,0,17,2026/09/22
阪神タイガース,髙寺 望夢,内野手,東京ヤクルトスワローズ,0.111,55,45,5,3,0,0,2,3,12,8,1,0,1,19,2026/09/22
阪神タイガース,髙寺 望夢,内野手,東北楽天ゴールデンイーグルス,0.250,11,8,2,2,0,0,0,1,5,2,1,0,0,3,2026/09/22
阪神タイガース,髙寺 望夢,内野手,読売ジャイアンツ,0.255,64,55,14,13,1,0,0,4,7,8,0,0,1,21,2026/09/22
阪神タイガース,髙寺 望夢,内野手,福岡ソフトバンクホークス,0.125,9,8,1,1,0,0,0,0,4,1,0,0,0,3,2026/09/22
阪神タイガース,髙寺 望夢,内野手,北海道日本ハムファイターズ,0.182,12,11,2,2,0,0,0,0,3,1,0,0,0,3,2026/09/22
阪神タイガース,森下 翔太,外野手,オリックス・バファローズ,0.583,14,12,7,3,4,0,0,1,3,1,0,0,1,3,2026/09/22
阪神タイガース,森下 翔太,外野手,横浜DeNAベイスターズ,0.253,102,87,22,13,2,0,7,16,22,11,0,1,3,22,2026/09/22
阪神タイガース,森下 翔太,外野手,広島東洋カープ,0.221,96,86,19,10,4,0,5,16,10,9,0,0,1,22,2026/09/22
阪神タイガース,森下 翔太,外野手,埼玉西武ライオンズ,0.100,11,10,1,0,0,1,0,0,1,1,0,0,0,3,2026/09/22
阪神タイガース,森下 翔太,外野手,千葉ロッテマリーンズ,0.167,13,12,2,0,0,0,2,4,4,0,0,1,0,3,2026/09/22
阪神タイガース,森下 翔太,外野手,中日ドラゴンズ,0.314,118,102,32,15,8,0,9,17,16,12,0,0,4,25,2026/09/22
阪神タイガース,森下 翔太,外野手,東京ヤクルトスワローズ,0.279,99,86,24,16,4,0,4,14,13,11,0,0,2,22,2026/09/22
阪神タイガース,森下 翔太,外野手,東北楽天ゴールデンイーグルス,0.333,11,9,3,2,1,0,0,1,1,1,0,0,1,3,2026/09/22
阪神タイガース,森下 翔太,外野手,読売ジャイアンツ,0.322,106,87,28,16,6,0,6,11,13,12,0,2,5,23,2026/09/22
阪神タイガース,森下 翔太,外野手,福岡ソフトバンクホークス,0.364,13,11,4,2,1,0,1,2,2,1,0,0,1,3,2026/09/22
阪神タイガース,森下 翔太,外野手,北海道日本ハムファイターズ,0.333,13,12,4,3,0,0,1,1,4,1,0,0,0,3,2026/09/22
阪神タイガース,近本 光司,外野手,オリックス・バファローズ,,0,0,0,0,0,0,0,0,0,0,0,0,0,0,2026/09/22
阪神タイガース,近本 光司,外野手,横浜DeNAベイスターズ,0.308,71,65,20,15,5,0,0,4,8,6,0,0,0,17,2026/09/22
阪神タイガース,近本 光司,外野手,広島東洋カープ,0.449,57,49,22,21,1,0,0,2,5,6,0,1,1,15,2026/09/22
阪神タイガース,近本 光司,外野手,埼玉西武ライオンズ,,0,0,0,0,0,0,0,0,0,0,0,0,0,0,2026/09/22
阪神タイガース,近本 光司,外野手,千葉ロッテマリーンズ,,0,0,0,0,0,0,0,0,0,0,0,0,0,0,2026/09/22
阪神タイガース,近本 光司,外野手,中日ドラゴンズ,0.353,73,68,24,20,3,0,1,3,15,5,0,0,0,18,2026/09/22
阪神タイガース,近本 光司,外野手,東京ヤクルトスワローズ,0.345,60,55,19,16,1,1,1,3,11,5,0,0,0,15,2026/09/22
阪神タイガース,近本 光司,外野手,東北楽天ゴールデンイーグルス,,0,0,0,0,0,0,0,0,0,0,0,0,0,0,2026/09/22
阪神タイガース,近本 光司,外野手,読売ジャイアンツ,0.250,68,60,15,12,1,0,2,3,11,8,0,0,0,15,2026/09/22
阪神タイガース,近本 光司,外野手,福岡ソフトバンクホークス,,0,0,0,0,0,0,0,0,0,0,0,0,0,0,2026/09/22
阪神タイガース,近本 光司,外野手,北海道日本ハムファイターズ,,0,0,0,0,0,0,0,0,0,0,0,0,0,0,2026/09/22
阪神タイガース,濱田 太貴,外野手,オリックス・バファローズ,,0,0,0,0,0,0,0,0,0,0,0,0,0,0,2026/09/22
阪神タイガース,濱田 太貴,外野手,横浜DeNAベイスターズ,0.000,2,2,0,0,0,0,0,0,1,0,0,0,0,2,2026/09/22
阪神タイガース,濱田 太貴,外野手,広島東洋カープ,0.000,5,5,0,0,0,0,0,0,4,0,0,0,0,5,2026/09/22
阪神タイガース,濱田 太貴,外野手,埼玉西武ライオンズ,,0,0,0,0,0,0,0,0,0,0,0,0,0,0,2026/09/22
阪神タイガース,濱田 太貴,外野手,千葉ロッテマリーンズ,,0,0,0,0,0,0,0,0,0,0,0,0,0,0,2026/09/22
阪神タイガース,濱田 太貴,外野手,中日ドラゴンズ,0.273,11,11,3,2,0,0,1,2,4,0,0,0,0,5,2026/09/22
阪神タイガース,濱田 太貴,外野手,東京ヤクルトスワローズ,0.250,5,4,1,1,0,0,0,0,0,1,0,0,0,3,2026/09/22
阪神タイガース,濱田 太貴,外野手,東北楽天ゴールデンイーグルス,,0,0,0,0,0,0,0,0,0,0,0,0,0,0,2026/09/22
阪神タイガース,濱田 太貴,外野手,読売ジャイアンツ,0.000,5,4,0,0,0,0,0,0,3,1,0,0,0,4,2026/09/22
阪神タイガース,濱田 太貴,外野手,福岡ソフトバンクホークス,,0,0,0,0,0,0,0,0,0,0,0,0,0,0,2026/09/22
阪神タイガース,濱田 太貴,外野手,北海道日本ハムファイターズ,,0,0,0,0,0,0,0,0,0,0,0,0,0,0,2026/09/22
阪神タイガース,岡城 快生,外野手,オリックス・バファローズ,,0,0,0,0,0,0,0,0,0,0,0,0,0,0,2026/09/22
阪神タイガース,岡城 快生,外野手,横浜DeNAベイスターズ,,0,0,0,0,0,0,0,0,0,0,0,0,0,0,2026/09/22
阪神タイガース,岡城 快生,外野手,広島東洋カープ,,0,0,0,0,0,0,0,0,0,0,0,0,0,0,2026/09/22
阪神タイガース,岡城 快生,外野手,埼玉西武ライオンズ,,0,0,0,0,0,0,0,0,0,0,0,0,0,0,2026/09/22
阪神タイガース,岡城 快生,外野手,千葉ロッテマリーンズ,,0,0,0,0,0,0,0,0,0,0,0,0,0,0,2026/09/22
阪神タイガース,岡城 快生,外野手,中日ドラゴンズ,0.111,9,9,1,0,1,0,0,0,5,0,0,0,0,5,2026/09/22
阪神タイガース,岡城 快生,外野手,東京ヤクルトスワローズ,0.364,12,11,4,3,1,0,0,1,1,0,0,0,1,4,2026/09/22
阪神タイガース,岡城 快生,外野手,東北楽天ゴールデンイーグルス,,0,0,0,0,0,0,0,0,0,0,0,0,0,0,2026/09/22
阪神タイガース,岡城 快生,外野手,読売ジャイアンツ,0.000,8,8,0,0,0,0,0,0,4,0,0,0,0,3,2026/09/22
阪神タイガース,岡城 快生,外野手,福岡ソフトバンクホークス,0.000,3,3,0,0,0,0,0,0,1,0,0,0,0,1,2026/09/22
阪神タイガース,岡城 快生,外野手,北海道日本ハムファイターズ,,0,0,0,0,0,0,0,0,0,0,0,0,0,0,2026/09/22
阪神タイガース,井坪 陽生,外野手,オリックス・バファローズ,,0,0,0,0,0,0,0,0,0,0,0,0,0,0,2026/09/22
阪神タイガース,井坪 陽生,外野手,横浜DeNAベイスターズ,0.000,1,1,0,0,0,0,0,0,1,0,0,0,0,1,2026/09/22
阪神タイガース,井坪 陽生,外野手,広島東洋カープ,,0,0,0,0,0,0,0,0,0,0,0,0,0,0,2026/09/22
阪神タイガース,井坪 陽生,外野手,埼玉西武ライオンズ,,0,0,0,0,0,0,0,0,0,0,0,0,0,0,2026/09/22
阪神タイガース,井坪 陽生,外野手,千葉ロッテマリーンズ,,0,0,0,0,0,0,0,0,0,0,0,0,0,0,2026/09/22
阪神タイガース,井坪 陽生,外野手,中日ドラゴンズ,0.000,1,1,0,0,0,0,0,0,0,0,0,0,0,1,2026/09/22
阪神タイガース,井坪 陽生,外野手,東京ヤクルトスワローズ,,0,0,0,0,0,0,0,0,0,0,0,0,0,0,2026/09/22
阪神タイガース,井坪 陽生,外野手,東北楽天ゴールデンイーグルス,,0,0,0,0,0,0,0,0,0,0,0,0,0,0,2026/09/22
阪神タイガース,井坪 陽生,外野手,読売ジャイアンツ,,0,0,0,0,0,0,0,0,0,0,0,0,0,0,2026/09/22
阪神タイガース,井坪 陽生,外野手,福岡ソフトバンクホークス,,0,0,0,0,0,0,0,0,0,0,0,0,0,0,2026/09/22
阪神タイガース,井坪 陽生,外野手,北海道日本ハムファイターズ,,0,0,0,0,0,0,0,0,0,0,0,0,0,0,2026/09/22
阪神タイガース,島田 海吏,外野手,オリックス・バファローズ,,0,0,0,0,0,0,0,0,0,0,0,0,0,0,2026/09/22
阪神タイガース,島田 海吏,外野手,横浜DeNAベイスターズ,,0,0,0,0,0,0,0,0,0,0,0,0,0,0,2026/09/22
阪神タイガース,島田 海吏,外野手,広島東洋カープ,,0,0,0,0,0,0,0,0,0,0,0,0,0,0,2026/09/22
阪神タイガース,島田 海吏,外野手,埼玉西武ライオンズ,0.000,1,1,0,0,0,0,0,0,1,0,0,0,0,1,2026/09/22
阪神タイガース,島田 海吏,外野手,千葉ロッテマリーンズ,,0,0,0,0,0,0,0,0,0,0,0,0,0,0,2026/09/22
阪神タイガース,島田 海吏,外野手,中日ドラゴンズ,,0,0,0,0,0,0,0,0,0,0,0,0,0,0,2026/09/22
阪神タイガース,島田 海吏,外野手,東京ヤクルトスワローズ,,0,0,0,0,0,0,0,0,0,0,0,0,0,0,2026/09/22
阪神タイガース,島田 海吏,外野手,東北楽天ゴールデンイーグルス,0.000,2,2,0,0,0,0,0,0,1,0,0,0,0,2,2026/09/22
阪神タイガース,島田 海吏,外野手,読売ジャイアンツ,,0,0,0,0,0,0,0,0,0,0,0,0,0,0,2026/09/22
阪神タイガース,島田 海吏,外野手,福岡ソフトバンクホークス,,0,0,0,0,0,0,0,0,0,0,0,0,0,0,2026/09/22
阪神タイガース,島田 海吏,外野手,北海道日本ハムファイターズ,,0,0,0,0,0,0,0,0,0,0,0,0,0,0,2026/09/22
阪神タイガース,前川 右京,外野手,オリックス・バファローズ,0.000,5,4,0,0,0,0,0,0,0,0,0,0,1,1,2026/09/22
阪神タイガース,前川 右京,外野手,横浜DeNAベイスターズ,0.172,32,29,5,3,2,0,0,2,7,0,0,1,2,11,2026/09/22
阪神タイガース,前川 右京,外野手,広島東洋カープ,0.200,39,35,7,3,2,0,2,3,11,2,0,0,2,13,2026/09/22
阪神タイガース,前川 右京,外野手,埼玉西武ライオンズ,,0,0,0,0,0,0,0,0,0,0,0,0,0,0,2026/09/22
阪神タイガース,前川 右京,外野手,千葉ロッテマリーンズ,,0,0,0,0,0,0,0,0,0,0,0,0,0,0,2026/09/22
阪神タイガース,前川 右京,外野手,中日ドラゴンズ,0.288,54,52,15,9,5,0,1,6,10,2,0,0,0,20,2026/09/22
阪神タイガース,前川 右京,外野手,東京ヤクルトスワローズ,0.077,31,26,2,2,0,0,0,1,6,4,0,1,0,10,2026/09/22
阪神タイガース,前川 右京,外野手,東北楽天ゴールデンイーグルス,1.000,1,1,1,0,1,0,0,0,0,0,0,0,0,1,2026/09/22
阪神タイガース,前川 右京,外野手,読売ジャイアンツ,0.265,41,34,9,6,1,0,2,7,5,7,0,0,0,12,2026/09/22
阪神タイガース,前川 右京,外野手,福岡ソフトバンクホークス,0.182,14,11,2,2,0,0,0,1,3,3,0,0,0,3,2026/09/22
阪神タイガース,前川 右京,外野手,北海道日本ハムファイターズ,,0,0,0,0,0,0,0,0,0,0,0,0,0,0,2026/09/22
阪神タイガース,小野寺 暖,外野手,オリックス・バファローズ,,0,0,0,0,0,0,0,0,0,0,0,0,0,0,2026/09/22
阪神タイガース,小野寺 暖,外野手,横浜DeNAベイスターズ,0.250,4,4,1,1,0,0,0,0,2,0,0,0,0,4,2026/09/22
阪神タイガース,小野寺 暖,外野手,広島東洋カープ,,0,0,0,0,0,0,0,0,0,0,0,0,0,0,2026/09/22
阪神タイガース,小野寺 暖,外野手,埼玉西武ライオンズ,,0,0,0,0,0,0,0,0,0,0,0,0,0,0,2026/09/22
阪神タイガース,小野寺 暖,外野手,千葉ロッテマリーンズ,,0,0,0,0,0,0,0,0,0,0,0,0,0,0,2026/09/22
阪神タイガース,小野寺 暖,外野手,中日ドラゴンズ,0.000,1,1,0,0,0,0,0,0,0,0,0,0,0,1,2026/09/22
阪神タイガース,小野寺 暖,外野手,東京ヤクルトスワローズ,0.000,7,7,0,0,0,0,0,0,4,0,0,0,0,4,2026/09/22
阪神タイガース,小野寺 暖,外野手,東北楽天ゴールデンイーグルス,,0,0,0,0,0,0,0,0,0,0,0,0,0,0,2026/09/22
阪神タイガース,小野寺 暖,外野手,読売ジャイアンツ,0.250,4,4,1,1,0,0,0,1,2,0,0,0,0,2,2026/09/22
阪神タイガース,小野寺 暖,外野手,福岡ソフトバンクホークス,,0,0,0,0,0,0,0,0,0,0,0,0,0,0,2026/09/22
阪神タイガース,小野寺 暖,外野手,北海道日本ハムファイターズ,,0,0,0,0,0,0,0,0,0,0,0,0,0,0,2026/09/22
阪神タイガース,豊田 寛,外野手,オリックス・バファローズ,,0,0,0,0,0,0,0,0,0,0,0,0,0,0,2026/09/22
阪神タイガース,豊田 寛,外野手,横浜DeNAベイスターズ,,0,0,0,0,0,0,0,0,0,0,0,0,0,0,2026/09/22
阪神タイガース,豊田 寛,外野手,広島東洋カープ,0.000,1,1,0,0,0,0,0,0,1,0,0,0,0,1,2026/09/22
阪神タイガース,豊田 寛,外野手,埼玉西武ライオンズ,,0,0,0,0,0,0,0,0,0,0,0,0,0,0,2026/09/22
阪神タイガース,豊田 寛,外野手,千葉ロッテマリーンズ,,0,0,0,0,0,0,0,0,0,0,0,0,0,0,2026/09/22
阪神タイガース,豊田 寛,外野手,中日ドラゴンズ,0.000,3,2,0,0,0,0,0,0,2,0,0,0,1,3,2026/09/22
阪神タイガース,豊田 寛,外野手,東京ヤクルトスワローズ,,0,0,0,0,0,0,0,0,0,0,0,0,0,0,2026/09/22
阪神タイガース,豊田 寛,外野手,東北楽天ゴールデンイーグルス,,0,0,0,0,0,0,0,0,0,0,0,0,0,0,2026/09/22
阪神タイガース,豊田 寛,外野手,読売ジャイアンツ,,0,0,0,0,0,0,0,0,0,0,0,0,0,0,2026/09/22
阪神タイガース,豊田 寛,外野手,福岡ソフトバンクホークス,,0,0,0,0,0,0,0,0,0,0,0,0,0,0,2026/09/22
阪神タイガース,豊田 寛,外野手,北海道日本ハムファイターズ,,0,0,0,0,0,0,0,0,0,0,0,0,0,0,2026/09/22
阪神タイガース,福島 圭音,外野手,オリックス・バファローズ,0.200,6,5,1,1,0,0,0,0,0,0,0,0,1,3,2026/09/22
阪神タイガース,福島 圭音,外野手,横浜DeNAベイスターズ,0.172,32,29,5,3,2,0,0,1,8,1,0,0,2,11,2026/09/22
阪神タイガース,福島 圭音,外野手,広島東洋カープ,0.222,32,27,6,4,2,0,0,0,1,3,1,0,1,11,2026/09/22
阪神タイガース,福島 圭音,外野手,埼玉西武ライオンズ,0.000,1,1,0,0,0,0,0,0,0,0,0,0,0,1,2026/09/22
阪神タイガース,福島 圭音,外野手,千葉ロッテマリーンズ,0.000,6,4,0,0,0,0,0,0,0,2,0,0,0,1,2026/09/22
阪神タイガース,福島 圭音,外野手,中日ドラゴンズ,0.333,13,12,4,4,0,0,0,0,4,0,0,0,1,13,2026/09/22
阪神タイガース,福島 圭音,外野手,東京ヤクルトスワローズ,0.235,36,34,8,5,3,0,0,1,9,1,1,0,0,14,2026/09/22
阪神タイガース,福島 圭音,外野手,東北楽天ゴールデンイーグルス,0.200,5,5,1,1,0,0,0,2,2,0,0,0,0,1,2026/09/22
阪神タイガース,福島 圭音,外野手,読売ジャイアンツ,0.313,19,16,5,4,1,0,0,0,2,2,0,0,1,9,2026/09/22
阪神タイガース,福島 圭音,外野手,福岡ソフトバンクホークス,,0,0,0,0,0,0,0,0,0,0,0,0,0,0,2026/09/22
阪神タイガース,福島 圭音,外野手,北海道日本ハムファイターズ,0.333,3,3,1,1,0,0,0,0,1,0,0,0,0,3,2026/09/22
阪神タイガース,ガルシア,外野手,オリックス・バファローズ,,0,0,0,0,0,0,0,0,0,0,0,0,0,0,2026/09/22
阪神タイガース,ガルシア,外野手,横浜DeNAベイスターズ,0.429,8,7,3,1,0,0,2,7,4,0,0,0,1,4,2026/09/22
阪神タイガース,ガルシア,外野手,広島東洋カープ,0.000,3,3,0,0,0,0,0,0,2,0,0,0,0,3,2026/09/22
阪神タイガース,ガルシア,外野手,埼玉西武ライオンズ,,0,0,0,0,0,0,0,0,0,0,0,0,0,0,2026/09/22
阪神タイガース,ガルシア,外野手,千葉ロッテマリーンズ,,0,0,0,0,0,0,0,0,0,0,0,0,0,0,2026/09/22
阪神タイガース,ガルシア,外野手,中日ドラゴンズ,0.083,13,12,1,0,1,0,0,0,7,1,0,0,0,5,2026/09/22
阪神タイガース,ガルシア,外野手,東京ヤクルトスワローズ,0.000,8,6,0,0,0,0,0,0,2,1,0,0,1,4,2026/09/22
阪神タイガース,ガルシア,外野手,東北楽天ゴールデンイーグルス,,0,0,0,0,0,0,0,0,0,0,0,0,0,0,2026/09/22
阪神タイガース,ガルシア,外野手,読売ジャイアンツ,0.000,3,3,0,0,0,0,0,0,1,0,0,0,0,3,2026/09/22
阪神タイガース,ガルシア,外野手,福岡ソフトバンクホークス,,0,0,0,0,0,0,0,0,0,0,0,0,0,0,2026/09/22
阪神タイガース,ガルシア,外野手,北海道日本ハムファイターズ,,0,0,0,0,0,0,0,0,0,0,0,0,0,0,2026/09/22
横浜DeNAベイスターズ,デュプランティエ,投手,オリックス・バファローズ,,0,0,0,0,0,0,0,0,0,0,0,0,0,0,2026/09/22
横浜DeNAベイスターズ,デュプランティエ,投手,広島東洋カープ,,0,0,0,0,0,0,0,0,0,0,0,0,0,0,2026/09/22
横浜DeNAベイスターズ,デュプランティエ,投手,阪神タイガース,0.000,2,2,0,0,0,0,0,0,0,0,0,0,0,1,2026/09/22
横浜DeNAベイスターズ,デュプランティエ,投手,埼玉西武ライオンズ,,0,0,0,0,0,0,0,0,0,0,0,0,0,0,2026/09/22
横浜DeNAベイスターズ,デュプランティエ,投手,千葉ロッテマリーンズ,,0,0,0,0,0,0,0,0,0,0,0,0,0,0,2026/09/22
横浜DeNAベイスターズ,デュプランティエ,投手,中日ドラゴンズ,,0,0,0,0,0,0,0,0,0,0,0,0,0,0,2026/09/22
横浜DeNAベイスターズ,デュプランティエ,投手,東京ヤクルトスワローズ,0.000,1,1,0,0,0,0,0,0,0,0,0,0,0,1,2026/09/22
横浜DeNAベイスターズ,デュプランティエ,投手,東北楽天ゴールデンイーグルス,,0,0,0,0,0,0,0,0,0,0,0,0,0,0,2026/09/22
横浜DeNAベイスターズ,デュプランティエ,投手,読売ジャイアンツ,,0,0,0,0,0,0,0,0,0,0,0,0,0,0,2026/09/22
横浜DeNAベイスターズ,デュプランティエ,投手,福岡ソフトバンクホークス,,0,0,0,0,0,0,0,0,0,0,0,0,0,0,2026/09/22
横浜DeNAベイスターズ,デュプランティエ,投手,北海道日本ハムファイターズ,,0,0,0,0,0,0,0,0,0,0,0,0,0,0,2026/09/22
横浜DeNAベイスターズ,東 克樹,投手,オリックス・バファローズ,0.500,2,2,1,1,0,0,0,0,0,0,0,0,0,1,2026/09/22
横浜DeNAベイスターズ,東 克樹,投手,広島東洋カープ,0.000,19,17,0,0,0,0,0,0,10,0,2,0,0,7,2026/09/22
横浜DeNAベイスターズ,東 克樹,投手,阪神タイガース,0.000,4,3,0,0,0,0,0,0,0,0,1,0,0,1,2026/09/22
横浜DeNAベイスターズ,東 克樹,投手,埼玉西武ライオンズ,,0,0,0,0,0,0,0,0,0,0,0,0,0,0,2026/09/22
横浜DeNAベイスターズ,東 克樹,投手,千葉ロッテマリーンズ,,0,0,0,0,0,0,0,0,0,0,0,0,0,0,2026/09/22
横浜DeNAベイスターズ,東 克樹,投手,中日ドラゴンズ,0.053,21,19,1,1,0,0,0,0,4,0,2,0,0,7,2026/09/22
横浜DeNAベイスターズ,東 克樹,投手,東京ヤクルトスワローズ,0.000,4,4,0,0,0,0,0,0,2,0,0,0,0,2,2026/09/22
横浜DeNAベイスターズ,東 克樹,投手,東北楽天ゴールデンイーグルス,0.000,1,1,0,0,0,0,0,0,0,0,0,0,0,1,2026/09/22
横浜DeNAベイスターズ,東 克樹,投手,読売ジャイアンツ,0.000,13,12,0,0,0,0,0,0,7,0,1,0,0,4,2026/09/22
横浜DeNAベイスターズ,東 克樹,投手,福岡ソフトバンクホークス,,0,0,0,0,0,0,0,0,0,0,0,0,0,0,2026/09/22
横浜DeNAベイスターズ,東 克樹,投手,北海道日本ハムファイターズ,,0,0,0,0,0,0,0,0,0,0,0,0,0,0,2026/09/22
横浜DeNAベイスターズ,竹田 祐,投手,オリックス・バファローズ,,0,0,0,0,0,0,0,0,0,0,0,0,0,0,2026/09/22
横浜DeNAベイスターズ,竹田 祐,投手,広島東洋カープ,0.250,4,4,1,1,0,0,0,0,2,0,0,0,0,2,2026/09/22
横浜DeNAベイスターズ,竹田 祐,投手,阪神タイガース,0.167,7,6,1,1,0,0,0,1,1,1,0,0,0,4,2026/09/22
横浜DeNAベイスターズ,竹田 祐,投手,埼玉西武ライオンズ,,0,0,0,0,0,0,0,0,0,0,0,0,0,0,2026/09/22
横浜DeNAベイスターズ,竹田 祐,投手,千葉ロッテマリーンズ,,0,0,0,0,0,0,0,0,0,0,0,0,0,0,2026/09/22
横浜DeNAベイスターズ,竹田 祐,投手,中日ドラゴンズ,,0,0,0,0,0,0,0,0,0,0,0,0,0,0,2026/09/22
横浜DeNAベイスターズ,竹田 祐,投手,東京ヤクルトスワローズ,0.000,3,3,0,0,0,0,0,0,1,0,0,0,0,1,2026/09/22
横浜DeNAベイスターズ,竹田 祐,投手,東北楽天ゴールデンイーグルス,,0,0,0,0,0,0,0,0,0,0,0,0,0,0,2026/09/22
横浜DeNAベイスターズ,竹田 祐,投手,読売ジャイアンツ,0.000,2,2,0,0,0,0,0,0,2,0,0,0,0,1,2026/09/22
横浜DeNAベイスターズ,竹田 祐,投手,福岡ソフトバンクホークス,,0,0,0,0,0,0,0,0,0,0,0,0,0,0,2026/09/22
横浜DeNAベイスターズ,竹田 祐,投手,北海道日本ハムファイターズ,,0,0,0,0,0,0,0,0,0,0,0,0,0,0,2026/09/22
横浜DeNAベイスターズ,伊勢 大夢,投手,オリックス・バファローズ,,0,0,0,0,0,0,0,0,0,0,0,0,0,0,2026/09/22
横浜DeNAベイスターズ,伊勢 大夢,投手,広島東洋カープ,,0,0,0,0,0,0,0,0,0,0,0,0,0,0,2026/09/22
横浜DeNAベイスターズ,伊勢 大夢,投手,阪神タイガース,,0,0,0,0,0,0,0,0,0,0,0,0,0,0,2026/09/22
横浜DeNAベイスターズ,伊勢 大夢,投手,埼玉西武ライオンズ,,0,0,0,0,0,0,0,0,0,0,0,0,0,0,2026/09/22
横浜DeNAベイスターズ,伊勢 大夢,投手,千葉ロッテマリーンズ,,0,0,0,0,0,0,0,0,0,0,0,0,0,0,2026/09/22
横浜DeNAベイスターズ,伊勢 大夢,投手,中日ドラゴンズ,,0,0,0,0,0,0,0,0,0,0,0,0,0,0,2026/09/22
横浜DeNAベイスターズ,伊勢 大夢,投手,東京ヤクルトスワローズ,,0,0,0,0,0,0,0,0,0,0,0,0,0,0,2026/09/22
横浜DeNAベイスターズ,伊勢 大夢,投手,東北楽天ゴールデンイーグルス,,0,0,0,0,0,0,0,0,0,0,0,0,0,0,2026/09/22
横浜DeNAベイスターズ,伊勢 大夢,投手,読売ジャイアンツ,,0,0,0,0,0,0,0,0,0,0,0,0,0,0,2026/09/22
横浜DeNAベイスターズ,伊勢 大夢,投手,福岡ソフトバンクホークス,,0,0,0,0,0,0,0,0,0,0,0,0,0,0,2026/09/22
横浜DeNAベイスターズ,伊勢 大夢,投手,北海道日本ハムファイターズ,,0,0,0,0,0,0,0,0,0,0,0,0,0,0,2026/09/22
横浜DeNAベイスターズ,石田 健大,投手,オリックス・バファローズ,,0,0,0,0,0,0,0,0,0,0,0,0,0,0,2026/09/22
横浜DeNAベイスターズ,石田 健大,投手,広島東洋カープ,,0,0,0,0,0,0,0,0,0,0,0,0,0,0,2026/09/22
横浜DeNAベイスターズ,石田 健大,投手,阪神タイガース,,0,0,0,0,0,0,0,0,0,0,0,0,0,0,2026/09/22
横浜DeNAベイスターズ,石田 健大,投手,埼玉西武ライオンズ,,0,0,0,0,0,0,0,0,0,0,0,0,0,0,2026/09/22
横浜DeNAベイスターズ,石田 健大,投手,千葉ロッテマリーンズ,,0,0,0,0,0,0,0,0,0,0,0,0,0,0,2026/09/22
横浜DeNAベイスターズ,石田 健大,投手,中日ドラゴンズ,,0,0,0,0,0,0,0,0,0,0,0,0,0,0,2026/09/22
横浜DeNAベイスターズ,石田 健大,投手,東京ヤクルトスワローズ,,0,0,0,0,0,0,0,0,0,0,0,0,0,0,2026/09/22
横浜DeNAベイスターズ,石田 健大,投手,東北楽天ゴールデンイーグルス,,0,0,0,0,0,0,0,0,0,0,0,0,0,0,2026/09/22
横浜DeNAベイスターズ,石田 健大,投手,読売ジャイアンツ,,0,0,0,0,0,0,0,0,0,0,0,0,0,0,2026/09/22
横浜DeNAベイスターズ,石田 健大,投手,福岡ソフトバンクホークス,,0,0,0,0,0,0,0,0,0,0,0,0,0,0,2026/09/22
横浜DeNAベイスターズ,石田 健大,投手,北海道日本ハムファイターズ,,0,0,0,0,0,0,0,0,0,0,0,0,0,0,2026/09/22
横浜DeNAベイスターズ,島田 舜也,投手,オリックス・バファローズ,,0,0,0,0,0,0,0,0,0,0,0,0,0,0,2026/09/22
横浜DeNAベイスターズ,島田 舜也,投手,広島東洋カープ,0.000,3,1,0,0,0,0,0,0,0,1,1,0,0,1,2026/09/22
横浜DeNAベイスターズ,島田 舜也,投手,阪神タイガース,,0,0,0,0,0,0,0,0,0,0,0,0,0,0,2026/09/22
横浜DeNAベイスターズ,島田 舜也,投手,埼玉西武ライオンズ,,0,0,0,0,0,0,0,0,0,0,0,0,0,0,2026/09/22
横浜DeNAベイスターズ,島田 舜也,投手,千葉ロッテマリーンズ,,0,0,0,0,0,0,0,0,0,0,0,0,0,0,2026/09/22
横浜DeNAベイスターズ,島田 舜也,投手,中日ドラゴンズ,0.000,5,4,0,0,0,0,0,0,1,0,1,0,0,2,2026/09/22
横浜DeNAベイスターズ,島田 舜也,投手,東京ヤクルトスワローズ,,0,0,0,0,0,0,0,0,0,0,0,0,0,0,2026/09/22
横浜DeNAベイスターズ,島田 舜也,投手,東北楽天ゴールデンイーグルス,,0,0,0,0,0,0,0,0,0,0,0,0,0,0,2026/09/22
横浜DeNAベイスターズ,島田 舜也,投手,読売ジャイアンツ,,0,0,0,0,0,0,0,0,0,0,0,0,0,0,2026/09/22
横浜DeNAベイスターズ,島田 舜也,投手,福岡ソフトバンクホークス,,0,0,0,0,0,0,0,0,0,0,0,0,0,0,2026/09/22
横浜DeNAベイスターズ,島田 舜也,投手,北海道日本ハムファイターズ,,0,0,0,0,0,0,0,0,0,0,0,0,0,0,2026/09/22
横浜DeNAベイスターズ,大貫 晋一,投手,オリックス・バファローズ,,0,0,0,0,0,0,0,0,0,0,0,0,0,0,2026/09/22
横浜DeNAベイスターズ,大貫 晋一,投手,広島東洋カープ,,0,0,0,0,0,0,0,0,0,0,0,0,0,0,2026/09/22
横浜DeNAベイスターズ,大貫 晋一,投手,阪神タイガース,,0,0,0,0,0,0,0,0,0,0,0,0,0,0,2026/09/22
横浜DeNAベイスターズ,大貫 晋一,投手,埼玉西武ライオンズ,,0,0,0,0,0,0,0,0,0,0,0,0,0,0,2026/09/22
横浜DeNAベイスターズ,大貫 晋一,投手,千葉ロッテマリーンズ,,0,0,0,0,0,0,0,0,0,0,0,0,0,0,2026/09/22
横浜DeNAベイスターズ,大貫 晋一,投手,中日ドラゴンズ,,0,0,0,0,0,0,0,0,0,0,0,0,0,0,2026/09/22
横浜DeNAベイスターズ,大貫 晋一,投手,東京ヤクルトスワローズ,,0,0,0,0,0,0,0,0,0,0,0,0,0,0,2026/09/22
横浜DeNAベイスターズ,大貫 晋一,投手,東北楽天ゴールデンイーグルス,,0,0,0,0,0,0,0,0,0,0,0,0,0,0,2026/09/22
横浜DeNAベイスターズ,大貫 晋一,投手,読売ジャイアンツ,,0,0,0,0,0,0,0,0,0,0,0,0,0,0,2026/09/22
横浜DeNAベイスターズ,大貫 晋一,投手,福岡ソフトバンクホークス,,0,0,0,0,0,0,0,0,0,0,0,0,0,0,2026/09/22
横浜DeNAベイスターズ,大貫 晋一,投手,北海道日本ハムファイターズ,,0,0,0,0,0,0,0,0,0,0,0,0,0,0,2026/09/22
横浜DeNAベイスターズ,小園 健太,投手,オリックス・バファローズ,,0,0,0,0,0,0,0,0,0,0,0,0,0,0,2026/09/22
横浜DeNAベイスターズ,小園 健太,投手,広島東洋カープ,,0,0,0,0,0,0,0,0,0,0,0,0,0,0,2026/09/22
横浜DeNAベイスターズ,小園 健太,投手,阪神タイガース,,0,0,0,0,0,0,0,0,0,0,0,0,0,0,2026/09/22
横浜DeNAベイスターズ,小園 健太,投手,埼玉西武ライオンズ,,0,0,0,0,0,0,0,0,0,0,0,0,0,0,2026/09/22
横浜DeNAベイスターズ,小園 健太,投手,千葉ロッテマリーンズ,,0,0,0,0,0,0,0,0,0,0,0,0,0,0,2026/09/22
横浜DeNAベイスターズ,小園 健太,投手,中日ドラゴンズ,,0,0,0,0,0,0,0,0,0,0,0,0,0,0,2026/09/22
横浜DeNAベイスターズ,小園 健太,投手,東京ヤクルトスワローズ,,0,0,0,0,0,0,0,0,0,0,0,0,0,0,2026/09/22
横浜DeNAベイスターズ,小園 健太,投手,東北楽天ゴールデンイーグルス,,0,0,0,0,0,0,0,0,0,0,0,0,0,0,2026/09/22
横浜DeNAベイスターズ,小園 健太,投手,読売ジャイアンツ,,0,0,0,0,0,0,0,0,0,0,0,0,0,0,2026/09/22
横浜DeNAベイスターズ,小園 健太,投手,福岡ソフトバンクホークス,,0,0,0,0,0,0,0,0,0,0,0,0,0,0,2026/09/22
横浜DeNAベイスターズ,小園 健太,投手,北海道日本ハムファイターズ,,0,0,0,0,0,0,0,0,0,0,0,0,0,0,2026/09/22
横浜DeNAベイスターズ,山﨑 康晃,投手,オリックス・バファローズ,,0,0,0,0,0,0,0,0,0,0,0,0,0,0,2026/09/22
横浜DeNAベイスターズ,山﨑 康晃,投手,広島東洋カープ,,0,0,0,0,0,0,0,0,0,0,0,0,0,0,2026/09/22
横浜DeNAベイスターズ,山﨑 康晃,投手,阪神タイガース,,0,0,0,0,0,0,0,0,0,0,0,0,0,0,2026/09/22
横浜DeNAベイスターズ,山﨑 康晃,投手,埼玉西武ライオンズ,,0,0,0,0,0,0,0,0,0,0,0,0,0,0,2026/09/22
横浜DeNAベイスターズ,山﨑 康晃,投手,千葉ロッテマリーンズ,,0,0,0,0,0,0,0,0,0,0,0,0,0,0,2026/09/22
横浜DeNAベイスターズ,山﨑 康晃,投手,中日ドラゴンズ,,0,0,0,0,0,0,0,0,0,0,0,0,0,0,2026/09/22
横浜DeNAベイスターズ,山﨑 康晃,投手,東京ヤクルトスワローズ,,0,0,0,0,0,0,0,0,0,0,0,0,0,0,2026/09/22
横浜DeNAベイスターズ,山﨑 康晃,投手,東北楽天ゴールデンイーグルス,,0,0,0,0,0,0,0,0,0,0,0,0,0,0,2026/09/22
横浜DeNAベイスターズ,山﨑 康晃,投手,読売ジャイアンツ,,0,0,0,0,0,0,0,0,0,0,0,0,0,0,2026/09/22
横浜DeNAベイスターズ,山﨑 康晃,投手,福岡ソフトバンクホークス,,0,0,0,0,0,0,0,0,0,0,0,0,0,0,2026/09/22
横浜DeNAベイスターズ,山﨑 康晃,投手,北海道日本ハムファイターズ,,0,0,0,0,0,0,0,0,0,0,0,0,0,0,2026/09/22
横浜DeNAベイスターズ,坂本 裕哉,投手,オリックス・バファローズ,,0,0,0,0,0,0,0,0,0,0,0,0,0,0,2026/09/22
横浜DeNAベイスターズ,坂本 裕哉,投手,広島東洋カープ,,0,0,0,0,0,0,0,0,0,0,0,0,0,0,2026/09/22
横浜DeNAベイスターズ,坂本 裕哉,投手,阪神タイガース,,0,0,0,0,0,0,0,0,0,0,0,0,0,0,2026/09/22
横浜DeNAベイスターズ,坂本 裕哉,投手,埼玉西武ライオンズ,,0,0,0,0,0,0,0,0,0,0,0,0,0,0,2026/09/22
横浜DeNAベイスターズ,坂本 裕哉,投手,千葉ロッテマリーンズ,,0,0,0,0,0,0,0,0,0,0,0,0,0,0,2026/09/22
横浜DeNAベイスターズ,坂本 裕哉,投手,中日ドラゴンズ,,0,0,0,0,0,0,0,0,0,0,0,0,0,0,2026/09/22
横浜DeNAベイスターズ,坂本 裕哉,投手,東京ヤクルトスワローズ,,0,0,0,0,0,0,0,0,0,0,0,0,0,0,2026/09/22
横浜DeNAベイスターズ,坂本 裕哉,投手,東北楽天ゴールデンイーグルス,,0,0,0,0,0,0,0,0,0,0,0,0,0,0,2026/09/22
横浜DeNAベイスターズ,坂本 裕哉,投手,読売ジャイアンツ,,0,0,0,0,0,0,0,0,0,0,0,0,0,0,2026/09/22
横浜DeNAベイスターズ,坂本 裕哉,投手,福岡ソフトバンクホークス,,0,0,0,0,0,0,0,0,0,0,0,0,0,0,2026/09/22
横浜DeNAベイスターズ,坂本 裕哉,投手,北海道日本ハムファイターズ,,0,0,0,0,0,0,0,0,0,0,0,0,0,0,2026/09/22
横浜DeNAベイスターズ,入江 大生,投手,オリックス・バファローズ,,0,0,0,0,0,0,0,0,0,0,0,0,0,0,2026/09/22
横浜DeNAベイスターズ,入江 大生,投手,広島東洋カープ,,0,0,0,0,0,0,0,0,0,0,0,0,0,0,2026/09/22
横浜DeNAベイスターズ,入江 大生,投手,阪神タイガース,,0,0,0,0,0,0,0,0,0,0,0,0,0,0,2026/09/22
横浜DeNAベイスターズ,入江 大生,投手,埼玉西武ライオンズ,,0,0,0,0,0,0,0,0,0,0,0,0,0,0,2026/09/22
横浜DeNAベイスターズ,入江 大生,投手,千葉ロッテマリーンズ,,0,0,0,0,0,0,0,0,0,0,0,0,0,0,2026/09/22
横浜DeNAベイスターズ,入江 大生,投手,中日ドラゴンズ,0.000,6,4,0,0,0,0,0,0,1,0,2,0,0,2,2026/09/22
横浜DeNAベイスターズ,入江 大生,投手,東京ヤクルトスワローズ,0.333,3,3,1,0,1,0,0,2,1,0,0,0,0,2,2026/09/22
横浜DeNAベイスターズ,入江 大生,投手,東北楽天ゴールデンイーグルス,,0,0,0,0,0,0,0,0,0,0,0,0,0,0,2026/09/22
横浜DeNAベイスターズ,入江 大生,投手,読売ジャイアンツ,0.000,3,2,0,0,0,0,0,0,0,0,1,0,0,1,2026/09/22
横浜DeNAベイスターズ,入江 大生,投手,福岡ソフトバンクホークス,,0,0,0,0,0,0,0,0,0,0,0,0,0,0,2026/09/22
横浜DeNAベイスターズ,入江 大生,投手,北海道日本ハムファイターズ,,0,0,0,0,0,0,0,0,0,0,0,0,0,0,2026/09/22
横浜DeNAベイスターズ,吉野 光樹,投手,オリックス・バファローズ,,0,0,0,0,0,0,0,0,0,0,0,0,0,0,2026/09/22
横浜DeNAベイスターズ,吉野 光樹,投手,広島東洋カープ,,0,0,0,0,0,0,0,0,0,0,0,0,0,0,2026/09/22
横浜DeNAベイスターズ,吉野 光樹,投手,阪神タイガース,,0,0,0,0,0,0,0,0,0,0,0,0,0,0,2026/09/22
横浜DeNAベイスターズ,吉野 光樹,投手,埼玉西武ライオンズ,,0,0,0,0,0,0,0,0,0,0,0,0,0,0,2026/09/22
横浜DeNAベイスターズ,吉野 光樹,投手,千葉ロッテマリーンズ,,0,0,0,0,0,0,0,0,0,0,0,0,0,0,2026/09/22
横浜DeNAベイスターズ,吉野 光樹,投手,中日ドラゴンズ,,0,0,0,0,0,0,0,0,0,0,0,0,0,0,2026/09/22
横浜DeNAベイスターズ,吉野 光樹,投手,東京ヤクルトスワローズ,,0,0,0,0,0,0,0,0,0,0,0,0,0,0,2026/09/22
横浜DeNAベイスターズ,吉野 光樹,投手,東北楽天ゴールデンイーグルス,,0,0,0,0,0,0,0,0,0,0,0,0,0,0,2026/09/22
横浜DeNAベイスターズ,吉野 光樹,投手,読売ジャイアンツ,,0,0,0,0,0,0,0,0,0,0,0,0,0,0,2026/09/22
横浜DeNAベイスターズ,吉野 光樹,投手,福岡ソフトバンクホークス,,0,0,0,0,0,0,0,0,0,0,0,0,0,0,2026/09/22
横浜DeNAベイスターズ,吉野 光樹,投手,北海道日本ハムファイターズ,,0,0,0,0,0,0,0,0,0,0,0,0,0,0,2026/09/22
横浜DeNAベイスターズ,藤浪 晋太郎,投手,オリックス・バファローズ,,0,0,0,0,0,0,0,0,0,0,0,0,0,0,2026/09/22
横浜DeNAベイスターズ,藤浪 晋太郎,投手,広島東洋カープ,,0,0,0,0,0,0,0,0,0,0,0,0,0,0,2026/09/22
横浜DeNAベイスターズ,藤浪 晋太郎,投手,阪神タイガース,1.000,1,1,1,1,0,0,0,0,1,0,0,0,0,1,2026/09/22
横浜DeNAベイスターズ,藤浪 晋太郎,投手,埼玉西武ライオンズ,,0,0,0,0,0,0,0,0,0,0,0,0,0,0,2026/09/22
横浜DeNAベイスターズ,藤浪 晋太郎,投手,千葉ロッテマリーンズ,,0,0,0,0,0,0,0,0,0,0,0,0,0,0,2026/09/22
横浜DeNAベイスターズ,藤浪 晋太郎,投手,中日ドラゴンズ,,0,0,0,0,0,0,0,0,0,0,0,0,0,0,2026/09/22
横浜DeNAベイスターズ,藤浪 晋太郎,投手,東京ヤクルトスワローズ,,0,0,0,0,0,0,0,0,0,0,0,0,0,0,2026/09/22
横浜DeNAベイスターズ,藤浪 晋太郎,投手,東北楽天ゴールデンイーグルス,,0,0,0,0,0,0,0,0,0,0,0,0,0,0,2026/09/22
横浜DeNAベイスターズ,藤浪 晋太郎,投手,読売ジャイアンツ,0.000,2,1,0,0,0,0,0,0,0,0,1,0,0,1,2026/09/22
横浜DeNAベイスターズ,藤浪 晋太郎,投手,福岡ソフトバンクホークス,,0,0,0,0,0,0,0,0,0,0,0,0,0,0,2026/09/22
横浜DeNAベイスターズ,藤浪 晋太郎,投手,北海道日本ハムファイターズ,,0,0,0,0,0,0,0,0,0,0,0,0,0,0,2026/09/22
横浜DeNAベイスターズ,篠木 健太郎,投手,オリックス・バファローズ,0.000,2,2,0,0,0,0,0,0,2,0,0,0,0,1,2026/09/22
横浜DeNAベイスターズ,篠木 健太郎,投手,広島東洋カープ,0.500,3,2,1,1,0,0,0,0,0,0,1,0,0,1,2026/09/22
横浜DeNAベイスターズ,篠木 健太郎,投手,阪神タイガース,0.250,4,4,1,1,0,0,0,0,2,0,0,0,0,2,2026/09/22
横浜DeNAベイスターズ,篠木 健太郎,投手,埼玉西武ライオンズ,,0,0,0,0,0,0,0,0,0,0,0,0,0,0,2026/09/22
横浜DeNAベイスターズ,篠木 健太郎,投手,千葉ロッテマリーンズ,,0,0,0,0,0,0,0,0,0,0,0,0,0,0,2026/09/22
横浜DeNAベイスターズ,篠木 健太郎,投手,中日ドラゴンズ,0.333,3,3,1,1,0,0,0,0,2,0,0,0,0,2,2026/09/22
横浜DeNAベイスターズ,篠木 健太郎,投手,東京ヤクルトスワローズ,0.000,6,6,0,0,0,0,0,0,3,0,0,0,0,2,2026/09/22
横浜DeNAベイスターズ,篠木 健太郎,投手,東北楽天ゴールデンイーグルス,,0,0,0,0,0,0,0,0,0,0,0,0,0,0,2026/09/22
横浜DeNAベイスターズ,篠木 健太郎,投手,読売ジャイアンツ,0.000,6,5,0,0,0,0,0,0,3,1,0,0,0,3,2026/09/22
横浜DeNAベイスターズ,篠木 健太郎,投手,福岡ソフトバンクホークス,0.500,3,2,1,1,0,0,0,0,1,0,1,0,0,1,2026/09/22
横浜DeNAベイスターズ,篠木 健太郎,投手,北海道日本ハムファイターズ,,0,0,0,0,0,0,0,0,0,0,0,0,0,0,2026/09/22
横浜DeNAベイスターズ,武田 陸玖,投手,オリックス・バファローズ,,0,0,0,0,0,0,0,0,0,0,0,0,0,0,2026/09/22
横浜DeNAベイスターズ,武田 陸玖,投手,広島東洋カープ,,0,0,0,0,0,0,0,0,0,0,0,0,0,0,2026/09/22
横浜DeNAベイスターズ,武田 陸玖,投手,阪神タイガース,,0,0,0,0,0,0,0,0,0,0,0,0,0,0,2026/09/22
横浜DeNAベイスターズ,武田 陸玖,投手,埼玉西武ライオンズ,,0,0,0,0,0,0,0,0,0,0,0,0,0,0,2026/09/22
横浜DeNAベイスターズ,武田 陸玖,投手,千葉ロッテマリーンズ,,0,0,0,0,0,0,0,0,0,0,0,0,0,0,2026/09/22
横浜DeNAベイスターズ,武田 陸玖,投手,中日ドラゴンズ,,0,0,0,0,0,0,0,0,0,0,0,0,0,0,2026/09/22
横浜DeNAベイスターズ,武田 陸玖,投手,東京ヤクルトスワローズ,,0,0,0,0,0,0,0,0,0,0,0,0,0,0,2026/09/22
横浜DeNAベイスターズ,武田 陸玖,投手,東北楽天ゴールデンイーグルス,,0,0,0,0,0,0,0,0,0,0,0,0,0,0,2026/09/22
横浜DeNAベイスターズ,武田 陸玖,投手,読売ジャイアンツ,,0,0,0,0,0,0,0,0,0,0,0,0,0,0,2026/09/22
横浜DeNAベイスターズ,武田 陸玖,投手,福岡ソフトバンクホークス,,0,0,0,0,0,0,0,0,0,0,0,0,0,0,2026/09/22
横浜DeNAベイスターズ,武田 陸玖,投手,北海道日本ハムファイターズ,,0,0,0,0,0,0,0,0,0,0,0,0,0,0,2026/09/22
横浜DeNAベイスターズ,橋本 達弥,投手,オリックス・バファローズ,,0,0,0,0,0,0,0,0,0,0,0,0,0,0,2026/09/22
横浜DeNAベイスターズ,橋本 達弥,投手,広島東洋カープ,,0,0,0,0,0,0,0,0,0,0,0,0,0,0,2026/09/22
横浜DeNAベイスターズ,橋本 達弥,投手,阪神タイガース,,0,0,0,0,0,0,0,0,0,0,0,0,0,0,2026/09/22
横浜DeNAベイスターズ,橋本 達弥,投手,埼玉西武ライオンズ,,0,0,0,0,0,0,0,0,0,0,0,0,0,0,2026/09/22
横浜DeNAベイスターズ,橋本 達弥,投手,千葉ロッテマリーンズ,,0,0,0,0,0,0,0,0,0,0,0,0,0,0,2026/09/22
横浜DeNAベイスターズ,橋本 達弥,投手,中日ドラゴンズ,,0,0,0,0,0,0,0,0,0,0,0,0,0,0,2026/09/22
横浜DeNAベイスターズ,橋本 達弥,投手,東京ヤクルトスワローズ,,0,0,0,0,0,0,0,0,0,0,0,0,0,0,2026/09/22
横浜DeNAベイスターズ,橋本 達弥,投手,東北楽天ゴールデンイーグルス,,0,0,0,0,0,0,0,0,0,0,0,0,0,0,2026/09/22
横浜DeNAベイスターズ,橋本 達弥,投手,読売ジャイアンツ,,0,0,0,0,0,0,0,0,0,0,0,0,0,0,2026/09/22
横浜DeNAベイスターズ,橋本 達弥,投手,福岡ソフトバンクホークス,,0,0,0,0,0,0,0,0,0,0,0,0,0,0,2026/09/22
横浜DeNAベイスターズ,橋本 達弥,投手,北海道日本ハムファイターズ,,0,0,0,0,0,0,0,0,0,0,0,0,0,0,2026/09/22
横浜DeNAベイスターズ,尾形 崇斗,投手,オリックス・バファローズ,,0,0,0,0,0,0,0,0,0,0,0,0,0,0,2026/09/22
横浜DeNAベイスターズ,尾形 崇斗,投手,広島東洋カープ,0.000,3,3,0,0,0,0,0,0,2,0,0,0,0,1,2026/09/22
横浜DeNAベイスターズ,尾形 崇斗,投手,阪神タイガース,0.200,5,5,1,1,0,0,0,0,3,0,0,0,0,1,2026/09/22
横浜DeNAベイスターズ,尾形 崇斗,投手,埼玉西武ライオンズ,,0,0,0,0,0,0,0,0,0,0,0,0,0,0,2026/09/22
横浜DeNAベイスターズ,尾形 崇斗,投手,千葉ロッテマリーンズ,,0,0,0,0,0,0,0,0,0,0,0,0,0,0,2026/09/22
横浜DeNAベイスターズ,尾形 崇斗,投手,中日ドラゴンズ,0.000,4,4,0,0,0,0,0,0,3,0,0,0,0,2,2026/09/22
横浜DeNAベイスターズ,尾形 崇斗,投手,東京ヤクルトスワローズ,0.000,7,6,0,0,0,0,0,0,1,0,1,0,0,1,2026/09/22
横浜DeNAベイスターズ,尾形 崇斗,投手,東北楽天ゴールデンイーグルス,,0,0,0,0,0,0,0,0,0,0,0,0,0,0,2026/09/22
横浜DeNAベイスターズ,尾形 崇斗,投手,読売ジャイアンツ,0.000,5,4,0,0,0,0,0,0,2,0,1,0,0,0,2026/09/22
横浜DeNAベイスターズ,尾形 崇斗,投手,福岡ソフトバンクホークス,1.000,1,1,1,1,0,0,0,0,0,0,0,0,0,0,2026/09/22
横浜DeNAベイスターズ,尾形 崇斗,投手,北海道日本ハムファイターズ,,0,0,0,0,0,0,0,0,0,0,0,0,0,0,2026/09/22
横浜DeNAベイスターズ,松本 凌人,投手,オリックス・バファローズ,,0,0,0,0,0,0,0,0,0,0,0,0,0,0,2026/09/22
横浜DeNAベイスターズ,松本 凌人,投手,広島東洋カープ,,0,0,0,0,0,0,0,0,0,0,0,0,0,0,2026/09/22
横浜DeNAベイスターズ,松本 凌人,投手,阪神タイガース,,0,0,0,0,0,0,0,0,0,0,0,0,0,0,2026/09/22
横浜DeNAベイスターズ,松本 凌人,投手,埼玉西武ライオンズ,,0,0,0,0,0,0,0,0,0,0,0,0,0,0,2026/09/22
横浜DeNAベイスターズ,松本 凌人,投手,千葉ロッテマリーンズ,,0,0,0,0,0,0,0,0,0,0,0,0,0,0,2026/09/22
横浜DeNAベイスターズ,松本 凌人,投手,中日ドラゴンズ,,0,0,0,0,0,0,0,0,0,0,0,0,0,0,2026/09/22
横浜DeNAベイスターズ,松本 凌人,投手,東京ヤクルトスワローズ,,0,0,0,0,0,0,0,0,0,0,0,0,0,0,2026/09/22
横浜DeNAベイスターズ,松本 凌人,投手,東北楽天ゴールデンイーグルス,,0,0,0,0,0,0,0,0,0,0,0,0,0,0,2026/09/22
横浜DeNAベイスターズ,松本 凌人,投手,読売ジャイアンツ,,0,0,0,0,0,0,0,0,0,0,0,0,0,0,2026/09/22
横浜DeNAベイスターズ,松本 凌人,投手,福岡ソフトバンクホークス,,0,0,0,0,0,0,0,0,0,0,0,0,0,0,2026/09/22
横浜DeNAベイスターズ,松本 凌人,投手,北海道日本ハムファイターズ,,0,0,0,0,0,0,0,0,0,0,0,0,0,0,2026/09/22
横浜DeNAベイスターズ,若松 尚輝,投手,オリックス・バファローズ,,0,0,0,0,0,0,0,0,0,0,0,0,0,0,2026/09/22
横浜DeNAベイスターズ,若松 尚輝,投手,広島東洋カープ,,0,0,0,0,0,0,0,0,0,0,0,0,0,0,2026/09/22
横浜DeNAベイスターズ,若松 尚輝,投手,阪神タイガース,0.000,3,2,0,0,0,0,0,0,0,0,1,0,0,1,2026/09/22
横浜DeNAベイスターズ,若松 尚輝,投手,埼玉西武ライオンズ,,0,0,0,0,0,0,0,0,0,0,0,0,0,0,2026/09/22
横浜DeNAベイスターズ,若松 尚輝,投手,千葉ロッテマリーンズ,,0,0,0,0,0,0,0,0,0,0,0,0,0,0,2026/09/22
横浜DeNAベイスターズ,若松 尚輝,投手,中日ドラゴンズ,,0,0,0,0,0,0,0,0,0,0,0,0,0,0,2026/09/22
横浜DeNAベイスターズ,若松 尚輝,投手,東京ヤクルトスワローズ,0.000,1,1,0,0,0,0,0,0,1,0,0,0,0,1,2026/09/22
横浜DeNAベイスターズ,若松 尚輝,投手,東北楽天ゴールデンイーグルス,,0,0,0,0,0,0,0,0,0,0,0,0,0,0,2026/09/22
横浜DeNAベイスターズ,若松 尚輝,投手,読売ジャイアンツ,,0,0,0,0,0,0,0,0,0,0,0,0,0,0,2026/09/22
横浜DeNAベイスターズ,若松 尚輝,投手,福岡ソフトバンクホークス,,0,0,0,0,0,0,0,0,0,0,0,0,0,0,2026/09/22
横浜DeNAベイスターズ,若松 尚輝,投手,北海道日本ハムファイターズ,,0,0,0,0,0,0,0,0,0,0,0,0,0,0,2026/09/22
横浜DeNAベイスターズ,佐々木 千隼,投手,オリックス・バファローズ,,0,0,0,0,0,0,0,0,0,0,0,0,0,0,2026/09/22
横浜DeNAベイスターズ,佐々木 千隼,投手,広島東洋カープ,,0,0,0,0,0,0,0,0,0,0,0,0,0,0,2026/09/22
横浜DeNAベイスターズ,佐々木 千隼,投手,阪神タイガース,,0,0,0,0,0,0,0,0,0,0,0,0,0,0,2026/09/22
横浜DeNAベイスターズ,佐々木 千隼,投手,埼玉西武ライオンズ,,0,0,0,0,0,0,0,0,0,0,0,0,0,0,2026/09/22
横浜DeNAベイスターズ,佐々木 千隼,投手,千葉ロッテマリーンズ,,0,0,0,0,0,0,0,0,0,0,0,0,0,0,2026/09/22
横浜DeNAベイスターズ,佐々木 千隼,投手,中日ドラゴンズ,,0,0,0,0,0,0,0,0,0,0,0,0,0,0,2026/09/22
横浜DeNAベイスターズ,佐々木 千隼,投手,東京ヤクルトスワローズ,,0,0,0,0,0,0,0,0,0,0,0,0,0,0,2026/09/22
横浜DeNAベイスターズ,佐々木 千隼,投手,東北楽天ゴールデンイーグルス,,0,0,0,0,0,0,0,0,0,0,0,0,0,0,2026/09/22
横浜DeNAベイスターズ,佐々木 千隼,投手,読売ジャイアンツ,,0,0,0,0,0,0,0,0,0,0,0,0,0,0,2026/09/22
横浜DeNAベイスターズ,佐々木 千隼,投手,福岡ソフトバンクホークス,,0,0,0,0,0,0,0,0,0,0,0,0,0,0,2026/09/22
横浜DeNAベイスターズ,佐々木 千隼,投手,北海道日本ハムファイターズ,,0,0,0,0,0,0,0,0,0,0,0,0,0,0,2026/09/22
横浜DeNAベイスターズ,コックス,投手,オリックス・バファローズ,,0,0,0,0,0,0,0,0,0,0,0,0,0,0,2026/09/22
横浜DeNAベイスターズ,コックス,投手,広島東洋カープ,,0,0,0,0,0,0,0,0,0,0,0,0,0,0,2026/09/22
横浜DeNAベイスターズ,コックス,投手,阪神タイガース,0.000,3,3,0,0,0,0,0,0,2,0,0,0,0,1,2026/09/22
横浜DeNAベイスターズ,コックス,投手,埼玉西武ライオンズ,,0,0,0,0,0,0,0,0,0,0,0,0,0,0,2026/09/22
横浜DeNAベイスターズ,コックス,投手,千葉ロッテマリーンズ,,0,0,0,0,0,0,0,0,0,0,0,0,0,0,2026/09/22
横浜DeNAベイスターズ,コックス,投手,中日ドラゴンズ,0.000,1,1,0,0,0,0,0,0,1,0,0,0,0,1,2026/09/22
横浜DeNAベイスターズ,コックス,投手,東京ヤクルトスワローズ,,0,0,0,0,0,0,0,0,0,0,0,0,0,0,2026/09/22
横浜DeNAベイスターズ,コックス,投手,東北楽天ゴールデンイーグルス,,0,0,0,0,0,0,0,0,0,0,0,0,0,0,2026/09/22
横浜DeNAベイスターズ,コックス,投手,読売ジャイアンツ,,0,0,0,0,0,0,0,0,0,0,0,0,0,0,2026/09/22
横浜DeNAベイスターズ,コックス,投手,福岡ソフトバンクホークス,,0,0,0,0,0,0,0,0,0,0,0,0,0,0,2026/09/22
横浜DeNAベイスターズ,コックス,投手,北海道日本ハムファイターズ,,0,0,0,0,0,0,0,0,0,0,0,0,0,0,2026/09/22
横浜DeNAベイスターズ,ビド,投手,オリックス・バファローズ,,0,0,0,0,0,0,0,0,0,0,0,0,0,0,2026/09/22
横浜DeNAベイスターズ,ビド,投手,広島東洋カープ,,0,0,0,0,0,0,0,0,0,0,0,0,0,0,2026/09/22
横浜DeNAベイスターズ,ビド,投手,阪神タイガース,,0,0,0,0,0,0,0,0,0,0,0,0,0,0,2026/09/22
横浜DeNAベイスターズ,ビド,投手,埼玉西武ライオンズ,,0,0,0,0,0,0,0,0,0,0,0,0,0,0,2026/09/22
横浜DeNAベイスターズ,ビド,投手,千葉ロッテマリーンズ,,0,0,0,0,0,0,0,0,0,0,0,0,0,0,2026/09/22
横浜DeNAベイスターズ,ビド,投手,中日ドラゴンズ,0.000,2,2,0,0,0,0,0,0,2,0,0,0,0,1,2026/09/22
横浜DeNAベイスターズ,ビド,投手,東京ヤクルトスワローズ,,0,0,0,0,0,0,0,0,0,0,0,0,0,0,2026/09/22
横浜DeNAベイスターズ,ビド,投手,東北楽天ゴールデンイーグルス,,0,0,0,0,0,0,0,0,0,0,0,0,0,0,2026/09/22
横浜DeNAベイスターズ,ビド,投手,読売ジャイアンツ,,0,0,0,0,0,0,0,0,0,0,0,0,0,0,2026/09/22
横浜DeNAベイスターズ,ビド,投手,福岡ソフトバンクホークス,,0,0,0,0,0,0,0,0,0,0,0,0,0,0,2026/09/22
横浜DeNAベイスターズ,ビド,投手,北海道日本ハムファイターズ,,0,0,0,0,0,0,0,0,0,0,0,0,0,0,2026/09/22
横浜DeNAベイスターズ,深沢 鳳介,投手,オリックス・バファローズ,,0,0,0,0,0,0,0,0,0,0,0,0,0,0,2026/09/22
横浜DeNAベイスターズ,深沢 鳳介,投手,広島東洋カープ,0.000,5,4,0,0,0,0,0,0,0,0,1,0,0,2,2026/09/22
横浜DeNAベイスターズ,深沢 鳳介,投手,阪神タイガース,0.000,3,2,0,0,0,0,0,0,1,0,1,0,0,1,2026/09/22
横浜DeNAベイスターズ,深沢 鳳介,投手,埼玉西武ライオンズ,,0,0,0,0,0,0,0,0,0,0,0,0,0,0,2026/09/22
横浜DeNAベイスターズ,深沢 鳳介,投手,千葉ロッテマリーンズ,,0,0,0,0,0,0,0,0,0,0,0,0,0,0,2026/09/22
横浜DeNAベイスターズ,深沢 鳳介,投手,中日ドラゴンズ,0.333,3,3,1,1,0,0,0,0,2,0,0,0,0,2,2026/09/22
横浜DeNAベイスターズ,深沢 鳳介,投手,東京ヤクルトスワローズ,0.000,10,9,0,0,0,0,0,0,8,0,1,0,0,3,2026/09/22
横浜DeNAベイスターズ,深沢 鳳介,投手,東北楽天ゴールデンイーグルス,,0,0,0,0,0,0,0,0,0,0,0,0,0,0,2026/09/22
横浜DeNAベイスターズ,深沢 鳳介,投手,読売ジャイアンツ,0.000,2,2,0,0,0,0,0,0,0,0,0,0,0,1,2026/09/22
横浜DeNAベイスターズ,深沢 鳳介,投手,福岡ソフトバンクホークス,,0,0,0,0,0,0,0,0,0,0,0,0,0,0,2026/09/22
横浜DeNAベイスターズ,深沢 鳳介,投手,北海道日本ハムファイターズ,,0,0,0,0,0,0,0,0,0,0,0,0,0,0,2026/09/22
横浜DeNAベイスターズ,森原 康平,投手,オリックス・バファローズ,,0,0,0,0,0,0,0,0,0,0,0,0,0,0,2026/09/22
横浜DeNAベイスターズ,森原 康平,投手,広島東洋カープ,,0,0,0,0,0,0,0,0,0,0,0,0,0,0,2026/09/22
横浜DeNAベイスターズ,森原 康平,投手,阪神タイガース,,0,0,0,0,0,0,0,0,0,0,0,0,0,0,2026/09/22
横浜DeNAベイスターズ,森原 康平,投手,埼玉西武ライオンズ,,0,0,0,0,0,0,0,0,0,0,0,0,0,0,2026/09/22
横浜DeNAベイスターズ,森原 康平,投手,千葉ロッテマリーンズ,,0,0,0,0,0,0,0,0,0,0,0,0,0,0,2026/09/22
横浜DeNAベイスターズ,森原 康平,投手,中日ドラゴンズ,,0,0,0,0,0,0,0,0,0,0,0,0,0,0,2026/09/22
横浜DeNAベイスターズ,森原 康平,投手,東京ヤクルトスワローズ,,0,0,0,0,0,0,0,0,0,0,0,0,0,0,2026/09/22
横浜DeNAベイスターズ,森原 康平,投手,東北楽天ゴールデンイーグルス,,0,0,0,0,0,0,0,0,0,0,0,0,0,0,2026/09/22
横浜DeNAベイスターズ,森原 康平,投手,読売ジャイアンツ,,0,0,0,0,0,0,0,0,0,0,0,0,0,0,2026/09/22
横浜DeNAベイスターズ,森原 康平,投手,福岡ソフトバンクホークス,,0,0,0,0,0,0,0,0,0,0,0,0,0,0,2026/09/22
横浜DeNAベイスターズ,森原 康平,投手,北海道日本ハムファイターズ,,0,0,0,0,0,0,0,0,0,0,0,0,0,0,2026/09/22
横浜DeNAベイスターズ,坂口 翔颯,投手,オリックス・バファローズ,,0,0,0,0,0,0,0,0,0,0,0,0,0,0,2026/09/22
横浜DeNAベイスターズ,坂口 翔颯,投手,広島東洋カープ,,0,0,0,0,0,0,0,0,0,0,0,0,0,0,2026/09/22
横浜DeNAベイスターズ,坂口 翔颯,投手,阪神タイガース,,0,0,0,0,0,0,0,0,0,0,0,0,0,0,2026/09/22
横浜DeNAベイスターズ,坂口 翔颯,投手,埼玉西武ライオンズ,,0,0,0,0,0,0,0,0,0,0,0,0,0,0,2026/09/22
横浜DeNAベイスターズ,坂口 翔颯,投手,千葉ロッテマリーンズ,,0,0,0,0,0,0,0,0,0,0,0,0,0,0,2026/09/22
横浜DeNAベイスターズ,坂口 翔颯,投手,中日ドラゴンズ,,0,0,0,0,0,0,0,0,0,0,0,0,0,0,2026/09/22
横浜DeNAベイスターズ,坂口 翔颯,投手,東京ヤクルトスワローズ,,0,0,0,0,0,0,0,0,0,0,0,0,0,0,2026/09/22
横浜DeNAベイスターズ,坂口 翔颯,投手,東北楽天ゴールデンイーグルス,,0,0,0,0,0,0,0,0,0,0,0,0,0,0,2026/09/22
横浜DeNAベイスターズ,坂口 翔颯,投手,読売ジャイアンツ,,0,0,0,0,0,0,0,0,0,0,0,0,0,0,2026/09/22
横浜DeNAベイスターズ,坂口 翔颯,投手,福岡ソフトバンクホークス,,0,0,0,0,0,0,0,0,0,0,0,0,0,0,2026/09/22
横浜DeNAベイスターズ,坂口 翔颯,投手,北海道日本ハムファイターズ,,0,0,0,0,0,0,0,0,0,0,0,0,0,0,2026/09/22
横浜DeNAベイスターズ,片山 皓心,投手,オリックス・バファローズ,,0,0,0,0,0,0,0,0,0,0,0,0,0,0,2026/09/22
横浜DeNAベイスターズ,片山 皓心,投手,広島東洋カープ,0.000,6,5,0,0,0,0,0,0,3,0,1,0,0,3,2026/09/22
横浜DeNAベイスターズ,片山 皓心,投手,阪神タイガース,,0,0,0,0,0,0,0,0,0,0,0,0,0,0,2026/09/22
横浜DeNAベイスターズ,片山 皓心,投手,埼玉西武ライオンズ,,0,0,0,0,0,0,0,0,0,0,0,0,0,0,2026/09/22
横浜DeNAベイスターズ,片山 皓心,投手,千葉ロッテマリーンズ,,0,0,0,0,0,0,0,0,0,0,0,0,0,0,2026/09/22
横浜DeNAベイスターズ,片山 皓心,投手,中日ドラゴンズ,,0,0,0,0,0,0,0,0,0,0,0,0,0,0,2026/09/22
横浜DeNAベイスターズ,片山 皓心,投手,東京ヤクルトスワローズ,0.000,7,6,0,0,0,0,0,0,5,0,1,0,0,3,2026/09/22
横浜DeNAベイスターズ,片山 皓心,投手,東北楽天ゴールデンイーグルス,,0,0,0,0,0,0,0,0,0,0,0,0,0,0,2026/09/22
横浜DeNAベイスターズ,片山 皓心,投手,読売ジャイアンツ,,0,0,0,0,0,0,0,0,0,0,0,0,0,0,2026/09/22
横浜DeNAベイスターズ,片山 皓心,投手,福岡ソフトバンクホークス,,0,0,0,0,0,0,0,0,0,0,0,0,0,0,2026/09/22
横浜DeNAベイスターズ,片山 皓心,投手,北海道日本ハムファイターズ,,0,0,0,0,0,0,0,0,0,0,0,0,0,0,2026/09/22
横浜DeNAベイスターズ,ルイーズ,投手,オリックス・バファローズ,,0,0,0,0,0,0,0,0,0,0,0,0,0,0,2026/09/22
横浜DeNAベイスターズ,ルイーズ,投手,広島東洋カープ,,0,0,0,0,0,0,0,0,0,0,0,0,0,0,2026/09/22
横浜DeNAベイスターズ,ルイーズ,投手,阪神タイガース,,0,0,0,0,0,0,0,0,0,0,0,0,0,0,2026/09/22
横浜DeNAベイスターズ,ルイーズ,投手,埼玉西武ライオンズ,,0,0,0,0,0,0,0,0,0,0,0,0,0,0,2026/09/22
横浜DeNAベイスターズ,ルイーズ,投手,千葉ロッテマリーンズ,,0,0,0,0,0,0,0,0,0,0,0,0,0,0,2026/09/22
横浜DeNAベイスターズ,ルイーズ,投手,中日ドラゴンズ,,0,0,0,0,0,0,0,0,0,0,0,0,0,0,2026/09/22
横浜DeNAベイスターズ,ルイーズ,投手,東京ヤクルトスワローズ,,0,0,0,0,0,0,0,0,0,0,0,0,0,0,2026/09/22
横浜DeNAベイスターズ,ルイーズ,投手,東北楽天ゴールデンイーグルス,,0,0,0,0,0,0,0,0,0,0,0,0,0,0,2026/09/22
横浜DeNAベイスターズ,ルイーズ,投手,読売ジャイアンツ,,0,0,0,0,0,0,0,0,0,0,0,0,0,0,2026/09/22
横浜DeNAベイスターズ,ルイーズ,投手,福岡ソフトバンクホークス,,0,0,0,0,0,0,0,0,0,0,0,0,0,0,2026/09/22
横浜DeNAベイスターズ,ルイーズ,投手,北海道日本ハムファイターズ,,0,0,0,0,0,0,0,0,0,0,0,0,0,0,2026/09/22
横浜DeNAベイスターズ,浜地 真澄,投手,オリックス・バファローズ,,0,0,0,0,0,0,0,0,0,0,0,0,0,0,2026/09/22
横浜DeNAベイスターズ,浜地 真澄,投手,広島東洋カープ,,0,0,0,0,0,0,0,0,0,0,0,0,0,0,2026/09/22
横浜DeNAベイスターズ,浜地 真澄,投手,阪神タイガース,,0,0,0,0,0,0,0,0,0,0,0,0,0,0,2026/09/22
横浜DeNAベイスターズ,浜地 真澄,投手,埼玉西武ライオンズ,,0,0,0,0,0,0,0,0,0,0,0,0,0,0,2026/09/22
横浜DeNAベイスターズ,浜地 真澄,投手,千葉ロッテマリーンズ,,0,0,0,0,0,0,0,0,0,0,0,0,0,0,2026/09/22
横浜DeNAベイスターズ,浜地 真澄,投手,中日ドラゴンズ,,0,0,0,0,0,0,0,0,0,0,0,0,0,0,2026/09/22
横浜DeNAベイスターズ,浜地 真澄,投手,東京ヤクルトスワローズ,,0,0,0,0,0,0,0,0,0,0,0,0,0,0,2026/09/22
横浜DeNAベイスターズ,浜地 真澄,投手,東北楽天ゴールデンイーグルス,,0,0,0,0,0,0,0,0,0,0,0,0,0,0,2026/09/22
横浜DeNAベイスターズ,浜地 真澄,投手,読売ジャイアンツ,,0,0,0,0,0,0,0,0,0,0,0,0,0,0,2026/09/22
横浜DeNAベイスターズ,浜地 真澄,投手,福岡ソフトバンクホークス,,0,0,0,0,0,0,0,0,0,0,0,0,0,0,2026/09/22
横浜DeNAベイスターズ,浜地 真澄,投手,北海道日本ハムファイターズ,,0,0,0,0,0,0,0,0,0,0,0,0,0,0,2026/09/22
横浜DeNAベイスターズ,中川 颯,投手,オリックス・バファローズ,,0,0,0,0,0,0,0,0,0,0,0,0,0,0,2026/09/22
横浜DeNAベイスターズ,中川 颯,投手,広島東洋カープ,,0,0,0,0,0,0,0,0,0,0,0,0,0,0,2026/09/22
横浜DeNAベイスターズ,中川 颯,投手,阪神タイガース,,0,0,0,0,0,0,0,0,0,0,0,0,0,0,2026/09/22
横浜DeNAベイスターズ,中川 颯,投手,埼玉西武ライオンズ,,0,0,0,0,0,0,0,0,0,0,0,0,0,0,2026/09/22
横浜DeNAベイスターズ,中川 颯,投手,千葉ロッテマリーンズ,,0,0,0,0,0,0,0,0,0,0,0,0,0,0,2026/09/22
横浜DeNAベイスターズ,中川 颯,投手,中日ドラゴンズ,,0,0,0,0,0,0,0,0,0,0,0,0,0,0,2026/09/22
横浜DeNAベイスターズ,中川 颯,投手,東京ヤクルトスワローズ,0.000,1,1,0,0,0,0,0,0,0,0,0,0,0,1,2026/09/22
横浜DeNAベイスターズ,中川 颯,投手,東北楽天ゴールデンイーグルス,,0,0,0,0,0,0,0,0,0,0,0,0,0,0,2026/09/22
横浜DeNAベイスターズ,中川 颯,投手,読売ジャイアンツ,1.000,1,1,1,1,0,0,0,0,1,0,0,0,0,1,2026/09/22
横浜DeNAベイスターズ,中川 颯,投手,福岡ソフトバンクホークス,,0,0,0,0,0,0,0,0,0,0,0,0,0,0,2026/09/22
横浜DeNAベイスターズ,中川 颯,投手,北海道日本ハムファイターズ,,0,0,0,0,0,0,0,0,0,0,0,0,0,0,2026/09/22
横浜DeNAベイスターズ,石田 裕太郎,投手,オリックス・バファローズ,,0,0,0,0,0,0,0,0,0,0,0,0,0,0,2026/09/22
横浜DeNAベイスターズ,石田 裕太郎,投手,広島東洋カープ,0.000,6,4,0,0,0,0,0,0,0,0,2,0,0,3,2026/09/22
横浜DeNAベイスターズ,石田 裕太郎,投手,阪神タイガース,0.000,6,6,0,0,0,0,0,0,4,0,0,0,0,3,2026/09/22
横浜DeNAベイスターズ,石田 裕太郎,投手,埼玉西武ライオンズ,,0,0,0,0,0,0,0,0,0,0,0,0,0,0,2026/09/22
横浜DeNAベイスターズ,石田 裕太郎,投手,千葉ロッテマリーンズ,,0,0,0,0,0,0,0,0,0,0,0,0,0,0,2026/09/22
横浜DeNAベイスターズ,石田 裕太郎,投手,中日ドラゴンズ,0.000,5,4,0,0,0,0,0,1,1,0,1,0,0,1,2026/09/22
横浜DeNAベイスターズ,石田 裕太郎,投手,東京ヤクルトスワローズ,0.182,12,11,2,2,0,0,0,0,4,0,1,0,0,5,2026/09/22
横浜DeNAベイスターズ,石田 裕太郎,投手,東北楽天ゴールデンイーグルス,0.000,2,2,0,0,0,0,0,0,1,0,0,0,0,1,2026/09/22
横浜DeNAベイスターズ,石田 裕太郎,投手,読売ジャイアンツ,0.125,9,8,1,1,0,0,0,1,2,0,1,0,0,5,2026/09/22
横浜DeNAベイスターズ,石田 裕太郎,投手,福岡ソフトバンクホークス,,0,0,0,0,0,0,0,0,0,0,0,0,0,0,2026/09/22
横浜DeNAベイスターズ,石田 裕太郎,投手,北海道日本ハムファイターズ,,0,0,0,0,0,0,0,0,0,0,0,0,0,0,2026/09/22
横浜DeNAベイスターズ,平良 拳太郎,投手,オリックス・バファローズ,0.000,1,1,0,0,0,0,0,0,0,0,0,0,0,1,2026/09/22
横浜DeNAベイスターズ,平良 拳太郎,投手,広島東洋カープ,0.000,12,7,0,0,0,0,0,0,2,2,3,0,0,3,2026/09/22
横浜DeNAベイスターズ,平良 拳太郎,投手,阪神タイガース,0.000,9,8,0,0,0,0,0,0,5,0,1,0,0,4,2026/09/22
横浜DeNAベイスターズ,平良 拳太郎,投手,埼玉西武ライオンズ,,0,0,0,0,0,0,0,0,0,0,0,0,0,0,2026/09/22
横浜DeNAベイスターズ,平良 拳太郎,投手,千葉ロッテマリーンズ,,0,0,0,0,0,0,0,0,0,0,0,0,0,0,2026/09/22
横浜DeNAベイスターズ,平良 拳太郎,投手,中日ドラゴンズ,0.000,6,4,0,0,0,0,0,0,2,0,2,0,0,3,2026/09/22
横浜DeNAベイスターズ,平良 拳太郎,投手,東京ヤクルトスワローズ,0.000,3,2,0,0,0,0,0,0,1,0,1,0,0,1,2026/09/22
横浜DeNAベイスターズ,平良 拳太郎,投手,東北楽天ゴールデンイーグルス,0.000,1,1,0,0,0,0,0,0,1,0,0,0,0,1,2026/09/22
横浜DeNAベイスターズ,平良 拳太郎,投手,読売ジャイアンツ,0.000,8,6,0,0,0,0,0,0,1,0,2,0,0,4,2026/09/22
横浜DeNAベイスターズ,平良 拳太郎,投手,福岡ソフトバンクホークス,,0,0,0,0,0,0,0,0,0,0,0,0,0,0,2026/09/22
横浜DeNAベイスターズ,平良 拳太郎,投手,北海道日本ハムファイターズ,,0,0,0,0,0,0,0,0,0,0,0,0,0,0,2026/09/22
横浜DeNAベイスターズ,レイノルズ,投手,オリックス・バファローズ,,0,0,0,0,0,0,0,0,0,0,0,0,0,0,2026/09/22
横浜DeNAベイスターズ,レイノルズ,投手,広島東洋カープ,,0,0,0,0,0,0,0,0,0,0,0,0,0,0,2026/09/22
横浜DeNAベイスターズ,レイノルズ,投手,阪神タイガース,,0,0,0,0,0,0,0,0,0,0,0,0,0,0,2026/09/22
横浜DeNAベイスターズ,レイノルズ,投手,埼玉西武ライオンズ,,0,0,0,0,0,0,0,0,0,0,0,0,0,0,2026/09/22
横浜DeNAベイスターズ,レイノルズ,投手,千葉ロッテマリーンズ,,0,0,0,0,0,0,0,0,0,0,0,0,0,0,2026/09/22
横浜DeNAベイスターズ,レイノルズ,投手,中日ドラゴンズ,,0,0,0,0,0,0,0,0,0,0,0,0,0,0,2026/09/22
横浜DeNAベイスターズ,レイノルズ,投手,東京ヤクルトスワローズ,,0,0,0,0,0,0,0,0,0,0,0,0,0,0,2026/09/22
横浜DeNAベイスターズ,レイノルズ,投手,東北楽天ゴールデンイーグルス,,0,0,0,0,0,0,0,0,0,0,0,0,0,0,2026/09/22
横浜DeNAベイスターズ,レイノルズ,投手,読売ジャイアンツ,,0,0,0,0,0,0,0,0,0,0,0,0,0,0,2026/09/22
横浜DeNAベイスターズ,レイノルズ,投手,福岡ソフトバンクホークス,,0,0,0,0,0,0,0,0,0,0,0,0,0,0,2026/09/22
横浜DeNAベイスターズ,レイノルズ,投手,北海道日本ハムファイターズ,,0,0,0,0,0,0,0,0,0,0,0,0,0,0,2026/09/22
横浜DeNAベイスターズ,中川 虎大,投手,オリックス・バファローズ,,0,0,0,0,0,0,0,0,0,0,0,0,0,0,2026/09/22
横浜DeNAベイスターズ,中川 虎大,投手,広島東洋カープ,,0,0,0,0,0,0,0,0,0,0,0,0,0,0,2026/09/22
横浜DeNAベイスターズ,中川 虎大,投手,阪神タイガース,,0,0,0,0,0,0,0,0,0,0,0,0,0,0,2026/09/22
横浜DeNAベイスターズ,中川 虎大,投手,埼玉西武ライオンズ,,0,0,0,0,0,0,0,0,0,0,0,0,0,0,2026/09/22
横浜DeNAベイスターズ,中川 虎大,投手,千葉ロッテマリーンズ,,0,0,0,0,0,0,0,0,0,0,0,0,0,0,2026/09/22
横浜DeNAベイスターズ,中川 虎大,投手,中日ドラゴンズ,,0,0,0,0,0,0,0,0,0,0,0,0,0,0,2026/09/22
横浜DeNAベイスターズ,中川 虎大,投手,東京ヤクルトスワローズ,,0,0,0,0,0,0,0,0,0,0,0,0,0,0,2026/09/22
横浜DeNAベイスターズ,中川 虎大,投手,東北楽天ゴールデンイーグルス,,0,0,0,0,0,0,0,0,0,0,0,0,0,0,2026/09/22
横浜DeNAベイスターズ,中川 虎大,投手,読売ジャイアンツ,,0,0,0,0,0,0,0,0,0,0,0,0,0,0,2026/09/22
横浜DeNAベイスターズ,中川 虎大,投手,福岡ソフトバンクホークス,,0,0,0,0,0,0,0,0,0,0,0,0,0,0,2026/09/22
横浜DeNAベイスターズ,中川 虎大,投手,北海道日本ハムファイターズ,,0,0,0,0,0,0,0,0,0,0,0,0,0,0,2026/09/22
横浜DeNAベイスターズ,宮城 滝太,投手,オリックス・バファローズ,,0,0,0,0,0,0,0,0,0,0,0,0,0,0,2026/09/22
横浜DeNAベイスターズ,宮城 滝太,投手,広島東洋カープ,,0,0,0,0,0,0,0,0,0,0,0,0,0,0,2026/09/22
横浜DeNAベイスターズ,宮城 滝太,投手,阪神タイガース,,0,0,0,0,0,0,0,0,0,0,0,0,0,0,2026/09/22
横浜DeNAベイスターズ,宮城 滝太,投手,埼玉西武ライオンズ,,0,0,0,0,0,0,0,0,0,0,0,0,0,0,2026/09/22
横浜DeNAベイスターズ,宮城 滝太,投手,千葉ロッテマリーンズ,,0,0,0,0,0,0,0,0,0,0,0,0,0,0,2026/09/22
横浜DeNAベイスターズ,宮城 滝太,投手,中日ドラゴンズ,,0,0,0,0,0,0,0,0,0,0,0,0,0,0,2026/09/22
横浜DeNAベイスターズ,宮城 滝太,投手,東京ヤクルトスワローズ,,0,0,0,0,0,0,0,0,0,0,0,0,0,0,2026/09/22
横浜DeNAベイスターズ,宮城 滝太,投手,東北楽天ゴールデンイーグルス,,0,0,0,0,0,0,0,0,0,0,0,0,0,0,2026/09/22
横浜DeNAベイスターズ,宮城 滝太,投手,読売ジャイアンツ,,0,0,0,0,0,0,0,0,0,0,0,0,0,0,2026/09/22
横浜DeNAベイスターズ,宮城 滝太,投手,福岡ソフトバンクホークス,,0,0,0,0,0,0,0,0,0,0,0,0,0,0,2026/09/22
横浜DeNAベイスターズ,宮城 滝太,投手,北海道日本ハムファイターズ,,0,0,0,0,0,0,0,0,0,0,0,0,0,0,2026/09/22
横浜DeNAベイスターズ,岩田 将貴,投手,オリックス・バファローズ,,0,0,0,0,0,0,0,0,0,0,0,0,0,0,2026/09/22
横浜DeNAベイスターズ,岩田 将貴,投手,広島東洋カープ,,0,0,0,0,0,0,0,0,0,0,0,0,0,0,2026/09/22
横浜DeNAベイスターズ,岩田 将貴,投手,阪神タイガース,,0,0,0,0,0,0,0,0,0,0,0,0,0,0,2026/09/22
横浜DeNAベイスターズ,岩田 将貴,投手,埼玉西武ライオンズ,,0,0,0,0,0,0,0,0,0,0,0,0,0,0,2026/09/22
横浜DeNAベイスターズ,岩田 将貴,投手,千葉ロッテマリーンズ,,0,0,0,0,0,0,0,0,0,0,0,0,0,0,2026/09/22
横浜DeNAベイスターズ,岩田 将貴,投手,中日ドラゴンズ,,0,0,0,0,0,0,0,0,0,0,0,0,0,0,2026/09/22
横浜DeNAベイスターズ,岩田 将貴,投手,東京ヤクルトスワローズ,,0,0,0,0,0,0,0,0,0,0,0,0,0,0,2026/09/22
横浜DeNAベイスターズ,岩田 将貴,投手,東北楽天ゴールデンイーグルス,,0,0,0,0,0,0,0,0,0,0,0,0,0,0,2026/09/22
横浜DeNAベイスターズ,岩田 将貴,投手,読売ジャイアンツ,,0,0,0,0,0,0,0,0,0,0,0,0,0,0,2026/09/22
横浜DeNAベイスターズ,岩田 将貴,投手,福岡ソフトバンクホークス,,0,0,0,0,0,0,0,0,0,0,0,0,0,0,2026/09/22
横浜DeNAベイスターズ,岩田 将貴,投手,北海道日本ハムファイターズ,,0,0,0,0,0,0,0,0,0,0,0,0,0,0,2026/09/22
横浜DeNAベイスターズ,堀岡 隼人,投手,オリックス・バファローズ,,0,0,0,0,0,0,0,0,0,0,0,0,0,0,2026/09/22
横浜DeNAベイスターズ,堀岡 隼人,投手,広島東洋カープ,,0,0,0,0,0,0,0,0,0,0,0,0,0,0,2026/09/22
横浜DeNAベイスターズ,堀岡 隼人,投手,阪神タイガース,,0,0,0,0,0,0,0,0,0,0,0,0,0,0,2026/09/22
横浜DeNAベイスターズ,堀岡 隼人,投手,埼玉西武ライオンズ,,0,0,0,0,0,0,0,0,0,0,0,0,0,0,2026/09/22
横浜DeNAベイスターズ,堀岡 隼人,投手,千葉ロッテマリーンズ,,0,0,0,0,0,0,0,0,0,0,0,0,0,0,2026/09/22
横浜DeNAベイスターズ,堀岡 隼人,投手,中日ドラゴンズ,,0,0,0,0,0,0,0,0,0,0,0,0,0,0,2026/09/22
横浜DeNAベイスターズ,堀岡 隼人,投手,東京ヤクルトスワローズ,,0,0,0,0,0,0,0,0,0,0,0,0,0,0,2026/09/22
横浜DeNAベイスターズ,堀岡 隼人,投手,東北楽天ゴールデンイーグルス,,0,0,0,0,0,0,0,0,0,0,0,0,0,0,2026/09/22
横浜DeNAベイスターズ,堀岡 隼人,投手,読売ジャイアンツ,,0,0,0,0,0,0,0,0,0,0,0,0,0,0,2026/09/22
横浜DeNAベイスターズ,堀岡 隼人,投手,福岡ソフトバンクホークス,,0,0,0,0,0,0,0,0,0,0,0,0,0,0,2026/09/22
横浜DeNAベイスターズ,堀岡 隼人,投手,北海道日本ハムファイターズ,,0,0,0,0,0,0,0,0,0,0,0,0,0,0,2026/09/22
横浜DeNAベイスターズ,庄司 陽斗,投手,オリックス・バファローズ,,0,0,0,0,0,0,0,0,0,0,0,0,0,0,2026/09/22
横浜DeNAベイスターズ,庄司 陽斗,投手,広島東洋カープ,,0,0,0,0,0,0,0,0,0,0,0,0,0,0,2026/09/22
横浜DeNAベイスターズ,庄司 陽斗,投手,阪神タイガース,,0,0,0,0,0,0,0,0,0,0,0,0,0,0,2026/09/22
横浜DeNAベイスターズ,庄司 陽斗,投手,埼玉西武ライオンズ,,0,0,0,0,0,0,0,0,0,0,0,0,0,0,2026/09/22
横浜DeNAベイスターズ,庄司 陽斗,投手,千葉ロッテマリーンズ,,0,0,0,0,0,0,0,0,0,0,0,0,0,0,2026/09/22
横浜DeNAベイスターズ,庄司 陽斗,投手,中日ドラゴンズ,,0,0,0,0,0,0,0,0,0,0,0,0,0,0,2026/09/22
横浜DeNAベイスターズ,庄司 陽斗,投手,東京ヤクルトスワローズ,,0,0,0,0,0,0,0,0,0,0,0,0,0,0,2026/09/22
横浜DeNAベイスターズ,庄司 陽斗,投手,東北楽天ゴールデンイーグルス,,0,0,0,0,0,0,0,0,0,0,0,0,0,0,2026/09/22
横浜DeNAベイスターズ,庄司 陽斗,投手,読売ジャイアンツ,,0,0,0,0,0,0,0,0,0,0,0,0,0,0,2026/09/22
横浜DeNAベイスターズ,庄司 陽斗,投手,福岡ソフトバンクホークス,0.000,1,1,0,0,0,0,0,0,1,0,0,0,0,1,2026/09/22
横浜DeNAベイスターズ,庄司 陽斗,投手,北海道日本ハムファイターズ,,0,0,0,0,0,0,0,0,0,0,0,0,0,0,2026/09/22
横浜DeNAベイスターズ,馬場 皐輔,投手,オリックス・バファローズ,,0,0,0,0,0,0,0,0,0,0,0,0,0,0,2026/09/22
横浜DeNAベイスターズ,馬場 皐輔,投手,広島東洋カープ,,0,0,0,0,0,0,0,0,0,0,0,0,0,0,2026/09/22
横浜DeNAベイスターズ,馬場 皐輔,投手,阪神タイガース,,0,0,0,0,0,0,0,0,0,0,0,0,0,0,2026/09/22
横浜DeNAベイスターズ,馬場 皐輔,投手,埼玉西武ライオンズ,,0,0,0,0,0,0,0,0,0,0,0,0,0,0,2026/09/22
横浜DeNAベイスターズ,馬場 皐輔,投手,千葉ロッテマリーンズ,,0,0,0,0,0,0,0,0,0,0,0,0,0,0,2026/09/22
横浜DeNAベイスターズ,馬場 皐輔,投手,中日ドラゴンズ,,0,0,0,0,0,0,0,0,0,0,0,0,0,0,2026/09/22
横浜DeNAベイスターズ,馬場 皐輔,投手,東京ヤクルトスワローズ,,0,0,0,0,0,0,0,0,0,0,0,0,0,0,2026/09/22
横浜DeNAベイスターズ,馬場 皐輔,投手,東北楽天ゴールデンイーグルス,,0,0,0,0,0,0,0,0,0,0,0,0,0,0,2026/09/22
横浜DeNAベイスターズ,馬場 皐輔,投手,読売ジャイアンツ,,0,0,0,0,0,0,0,0,0,0,0,0,0,0,2026/09/22
横浜DeNAベイスターズ,馬場 皐輔,投手,福岡ソフトバンクホークス,,0,0,0,0,0,0,0,0,0,0,0,0,0,0,2026/09/22
横浜DeNAベイスターズ,馬場 皐輔,投手,北海道日本ハムファイターズ,,0,0,0,0,0,0,0,0,0,0,0,0,0,0,2026/09/22
横浜DeNAベイスターズ,マルセリーノ,投手,オリックス・バファローズ,,0,0,0,0,0,0,0,0,0,0,0,0,0,0,2026/09/22
横浜DeNAベイスターズ,マルセリーノ,投手,広島東洋カープ,,0,0,0,0,0,0,0,0,0,0,0,0,0,0,2026/09/22
横浜DeNAベイスターズ,マルセリーノ,投手,阪神タイガース,,0,0,0,0,0,0,0,0,0,0,0,0,0,0,2026/09/22
横浜DeNAベイスターズ,マルセリーノ,投手,埼玉西武ライオンズ,,0,0,0,0,0,0,0,0,0,0,0,0,0,0,2026/09/22
横浜DeNAベイスターズ,マルセリーノ,投手,千葉ロッテマリーンズ,,0,0,0,0,0,0,0,0,0,0,0,0,0,0,2026/09/22
横浜DeNAベイスターズ,マルセリーノ,投手,中日ドラゴンズ,,0,0,0,0,0,0,0,0,0,0,0,0,0,0,2026/09/22
横浜DeNAベイスターズ,マルセリーノ,投手,東京ヤクルトスワローズ,,0,0,0,0,0,0,0,0,0,0,0,0,0,0,2026/09/22
横浜DeNAベイスターズ,マルセリーノ,投手,東北楽天ゴールデンイーグルス,,0,0,0,0,0,0,0,0,0,0,0,0,0,0,2026/09/22
横浜DeNAベイスターズ,マルセリーノ,投手,読売ジャイアンツ,,0,0,0,0,0,0,0,0,0,0,0,0,0,0,2026/09/22
横浜DeNAベイスターズ,マルセリーノ,投手,福岡ソフトバンクホークス,,0,0,0,0,0,0,0,0,0,0,0,0,0,0,2026/09/22
横浜DeNAベイスターズ,マルセリーノ,投手,北海道日本ハムファイターズ,,0,0,0,0,0,0,0,0,0,0,0,0,0,0,2026/09/22
横浜DeNAベイスターズ,松尾 汐恩,捕手,オリックス・バファローズ,0.400,10,10,4,4,0,0,0,0,1,0,0,0,0,3,2026/09/22
横浜DeNAベイスターズ,松尾 汐恩,捕手,広島東洋カープ,0.245,52,49,12,8,4,0,0,6,6,2,1,0,0,17,2026/09/22
横浜DeNAベイスターズ,松尾 汐恩,捕手,阪神タイガース,0.235,35,34,8,6,2,0,0,0,5,0,1,0,0,11,2026/09/22
横浜DeNAベイスターズ,松尾 汐恩,捕手,埼玉西武ライオンズ,0.500,4,4,2,2,0,0,0,1,0,0,0,0,0,1,2026/09/22
横浜DeNAベイスターズ,松尾 汐恩,捕手,千葉ロッテマリーンズ,0.625,10,8,5,4,1,0,0,0,1,1,0,0,1,2,2026/09/22
横浜DeNAベイスターズ,松尾 汐恩,捕手,中日ドラゴンズ,0.333,53,48,16,12,1,1,2,5,6,4,0,1,0,16,2026/09/22
横浜DeNAベイスターズ,松尾 汐恩,捕手,東京ヤクルトスワローズ,0.135,42,37,5,2,2,0,1,2,3,4,0,0,1,12,2026/09/22
横浜DeNAベイスターズ,松尾 汐恩,捕手,東北楽天ゴールデンイーグルス,0.111,9,9,1,1,0,0,0,0,3,0,0,0,0,2,2026/09/22
横浜DeNAベイスターズ,松尾 汐恩,捕手,読売ジャイアンツ,0.250,50,44,11,7,4,0,0,3,7,6,0,0,0,16,2026/09/22
横浜DeNAベイスターズ,松尾 汐恩,捕手,福岡ソフトバンクホークス,0.077,14,13,1,0,0,0,1,1,2,1,0,0,0,3,2026/09/22
横浜DeNAベイスターズ,松尾 汐恩,捕手,北海道日本ハムファイターズ,0.200,5,5,1,1,0,0,0,0,0,0,0,0,0,2,2026/09/22
横浜DeNAベイスターズ,戸柱 恭孝,捕手,オリックス・バファローズ,,0,0,0,0,0,0,0,0,0,0,0,0,0,0,2026/09/22
横浜DeNAベイスターズ,戸柱 恭孝,捕手,広島東洋カープ,0.333,11,9,3,2,1,0,0,1,2,2,0,0,0,5,2026/09/22
横浜DeNAベイスターズ,戸柱 恭孝,捕手,阪神タイガース,0.158,21,19,3,1,2,0,0,2,4,2,0,0,0,6,2026/09/22
横浜DeNAベイスターズ,戸柱 恭孝,捕手,埼玉西武ライオンズ,0.000,3,3,0,0,0,0,0,0,0,0,0,0,0,1,2026/09/22
横浜DeNAベイスターズ,戸柱 恭孝,捕手,千葉ロッテマリーンズ,0.250,4,4,1,1,0,0,0,0,1,0,0,0,0,1,2026/09/22
横浜DeNAベイスターズ,戸柱 恭孝,捕手,中日ドラゴンズ,0.083,13,12,1,0,1,0,0,0,2,1,0,0,0,5,2026/09/22
横浜DeNAベイスターズ,戸柱 恭孝,捕手,東京ヤクルトスワローズ,0.130,26,23,3,3,0,0,0,1,6,2,0,1,0,8,2026/09/22
横浜DeNAベイスターズ,戸柱 恭孝,捕手,東北楽天ゴールデンイーグルス,0.000,4,4,0,0,0,0,0,0,0,0,0,0,0,2,2026/09/22
横浜DeNAベイスターズ,戸柱 恭孝,捕手,読売ジャイアンツ,0.467,15,15,7,6,1,0,0,1,3,0,0,0,0,7,2026/09/22
横浜DeNAベイスターズ,戸柱 恭孝,捕手,福岡ソフトバンクホークス,1.000,1,1,1,1,0,0,0,0,0,0,0,0,0,1,2026/09/22
横浜DeNAベイスターズ,戸柱 恭孝,捕手,北海道日本ハムファイターズ,0.000,3,3,0,0,0,0,0,1,1,0,0,0,0,1,2026/09/22
横浜DeNAベイスターズ,益子 京右,捕手,オリックス・バファローズ,,0,0,0,0,0,0,0,0,0,0,0,0,0,0,2026/09/22
横浜DeNAベイスターズ,益子 京右,捕手,広島東洋カープ,,0,0,0,0,0,0,0,0,0,0,0,0,0,0,2026/09/22
横浜DeNAベイスターズ,益子 京右,捕手,阪神タイガース,,0,0,0,0,0,0,0,0,0,0,0,0,0,0,2026/09/22
横浜DeNAベイスターズ,益子 京右,捕手,埼玉西武ライオンズ,,0,0,0,0,0,0,0,0,0,0,0,0,0,0,2026/09/22
横浜DeNAベイスターズ,益子 京右,捕手,千葉ロッテマリーンズ,,0,0,0,0,0,0,0,0,0,0,0,0,0,0,2026/09/22
横浜DeNAベイスターズ,益子 京右,捕手,中日ドラゴンズ,,0,0,0,0,0,0,0,0,0,0,0,0,0,0,2026/09/22
横浜DeNAベイスターズ,益子 京右,捕手,東京ヤクルトスワローズ,,0,0,0,0,0,0,0,0,0,0,0,0,0,0,2026/09/22
横浜DeNAベイスターズ,益子 京右,捕手,東北楽天ゴールデンイーグルス,,0,0,0,0,0,0,0,0,0,0,0,0,0,0,2026/09/22
横浜DeNAベイスターズ,益子 京右,捕手,読売ジャイアンツ,,0,0,0,0,0,0,0,0,0,0,0,0,0,0,2026/09/22
横浜DeNAベイスターズ,益子 京右,捕手,福岡ソフトバンクホークス,,0,0,0,0,0,0,0,0,0,0,0,0,0,0,2026/09/22
横浜DeNAベイスターズ,益子 京右,捕手,北海道日本ハムファイターズ,,0,0,0,0,0,0,0,0,0,0,0,0,0,0,2026/09/22
横浜DeNAベイスターズ,山本 祐大,捕手,オリックス・バファローズ,0.167,38,36,6,3,3,0,0,3,8,0,0,1,1,10,2026/09/22
横浜DeNAベイスターズ,山本 祐大,捕手,広島東洋カープ,0.294,38,34,10,7,3,0,0,4,3,3,0,0,1,5,2026/09/22
横浜DeNAベイスターズ,山本 祐大,捕手,阪神タイガース,0.190,25,21,4,2,2,0,0,3,1,2,1,0,1,6,2026/09/22
横浜DeNAベイスターズ,山本 祐大,捕手,埼玉西武ライオンズ,0.192,27,26,5,1,3,1,0,9,6,1,0,0,0,8,2026/09/22
横浜DeNAベイスターズ,山本 祐大,捕手,千葉ロッテマリーンズ,0.250,31,28,7,6,1,0,0,3,6,2,1,0,0,7,2026/09/22
横浜DeNAベイスターズ,山本 祐大,捕手,中日ドラゴンズ,0.250,20,16,4,3,0,0,1,2,4,3,0,0,1,3,2026/09/22
横浜DeNAベイスターズ,山本 祐大,捕手,東京ヤクルトスワローズ,0.167,22,18,3,3,0,0,0,0,4,3,0,0,1,3,2026/09/22
横浜DeNAベイスターズ,山本 祐大,捕手,東北楽天ゴールデンイーグルス,0.407,30,27,11,10,0,1,0,3,3,2,0,1,0,8,2026/09/22
横浜DeNAベイスターズ,山本 祐大,捕手,読売ジャイアンツ,0.273,26,22,6,4,1,0,1,3,5,4,0,0,0,4,2026/09/22
横浜DeNAベイスターズ,山本 祐大,捕手,福岡ソフトバンクホークス,,0,0,0,0,0,0,0,0,0,0,0,0,0,0,2026/09/22
横浜DeNAベイスターズ,山本 祐大,捕手,北海道日本ハムファイターズ,0.250,38,32,8,7,0,0,1,7,9,3,0,2,1,9,2026/09/22
横浜DeNAベイスターズ,東妻 純平,捕手,オリックス・バファローズ,,0,0,0,0,0,0,0,0,0,0,0,0,0,0,2026/09/22
横浜DeNAベイスターズ,東妻 純平,捕手,広島東洋カープ,,0,0,0,0,0,0,0,0,0,0,0,0,0,0,2026/09/22
横浜DeNAベイスターズ,東妻 純平,捕手,阪神タイガース,,0,0,0,0,0,0,0,0,0,0,0,0,0,0,2026/09/22
横浜DeNAベイスターズ,東妻 純平,捕手,埼玉西武ライオンズ,,0,0,0,0,0,0,0,0,0,0,0,0,0,0,2026/09/22
横浜DeNAベイスターズ,東妻 純平,捕手,千葉ロッテマリーンズ,,0,0,0,0,0,0,0,0,0,0,0,0,0,0,2026/09/22
横浜DeNAベイスターズ,東妻 純平,捕手,中日ドラゴンズ,,0,0,0,0,0,0,0,0,0,0,0,0,0,0,2026/09/22
横浜DeNAベイスターズ,東妻 純平,捕手,東京ヤクルトスワローズ,,0,0,0,0,0,0,0,0,0,0,0,0,0,0,2026/09/22
横浜DeNAベイスターズ,東妻 純平,捕手,東北楽天ゴールデンイーグルス,,0,0,0,0,0,0,0,0,0,0,0,0,0,0,2026/09/22
横浜DeNAベイスターズ,東妻 純平,捕手,読売ジャイアンツ,,0,0,0,0,0,0,0,0,0,0,0,0,0,0,2026/09/22
横浜DeNAベイスターズ,東妻 純平,捕手,福岡ソフトバンクホークス,,0,0,0,0,0,0,0,0,0,0,0,0,0,0,2026/09/22
横浜DeNAベイスターズ,東妻 純平,捕手,北海道日本ハムファイターズ,,0,0,0,0,0,0,0,0,0,0,0,0,0,0,2026/09/22
横浜DeNAベイスターズ,古市 尊,捕手,オリックス・バファローズ,,0,0,0,0,0,0,0,0,0,0,0,0,0,0,2026/09/22
横浜DeNAベイスターズ,古市 尊,捕手,広島東洋カープ,0.500,4,4,2,1,1,0,0,0,1,0,0,0,0,2,2026/09/22
横浜DeNAベイスターズ,古市 尊,捕手,阪神タイガース,0.364,12,11,4,4,0,0,0,0,2,1,0,0,0,5,2026/09/22
横浜DeNAベイスターズ,古市 尊,捕手,埼玉西武ライオンズ,0.000,4,4,0,0,0,0,0,0,1,0,0,0,0,2,2026/09/22
横浜DeNAベイスターズ,古市 尊,捕手,千葉ロッテマリーンズ,,0,0,0,0,0,0,0,0,0,0,0,0,0,0,2026/09/22
横浜DeNAベイスターズ,古市 尊,捕手,中日ドラゴンズ,0.429,7,7,3,2,1,0,0,1,0,0,0,0,0,2,2026/09/22
横浜DeNAベイスターズ,古市 尊,捕手,東京ヤクルトスワローズ,0.294,18,17,5,3,1,0,1,2,3,1,0,0,0,6,2026/09/22
横浜DeNAベイスターズ,古市 尊,捕手,東北楽天ゴールデンイーグルス,,0,0,0,0,0,0,0,0,0,0,0,0,0,0,2026/09/22
横浜DeNAベイスターズ,古市 尊,捕手,読売ジャイアンツ,0.333,15,12,4,3,1,0,0,1,3,1,1,0,1,4,2026/09/22
横浜DeNAベイスターズ,古市 尊,捕手,福岡ソフトバンクホークス,,0,0,0,0,0,0,0,0,0,0,0,0,0,0,2026/09/22
横浜DeNAベイスターズ,古市 尊,捕手,北海道日本ハムファイターズ,,0,0,0,0,0,0,0,0,0,0,0,0,0,0,2026/09/22
横浜DeNAベイスターズ,九鬼 隆平,捕手,オリックス・バファローズ,,0,0,0,0,0,0,0,0,0,0,0,0,0,0,2026/09/22
横浜DeNAベイスターズ,九鬼 隆平,捕手,広島東洋カープ,0.333,3,3,1,1,0,0,0,0,2,0,0,0,0,3,2026/09/22
横浜DeNAベイスターズ,九鬼 隆平,捕手,阪神タイガース,,0,0,0,0,0,0,0,0,0,0,0,0,0,0,2026/09/22
横浜DeNAベイスターズ,九鬼 隆平,捕手,埼玉西武ライオンズ,,0,0,0,0,0,0,0,0,0,0,0,0,0,0,2026/09/22
横浜DeNAベイスターズ,九鬼 隆平,捕手,千葉ロッテマリーンズ,,0,0,0,0,0,0,0,0,0,0,0,0,0,0,2026/09/22
横浜DeNAベイスターズ,九鬼 隆平,捕手,中日ドラゴンズ,,0,0,0,0,0,0,0,0,0,0,0,0,0,0,2026/09/22
横浜DeNAベイスターズ,九鬼 隆平,捕手,東京ヤクルトスワローズ,0.000,3,3,0,0,0,0,0,0,2,0,0,0,0,3,2026/09/22
横浜DeNAベイスターズ,九鬼 隆平,捕手,東北楽天ゴールデンイーグルス,,0,0,0,0,0,0,0,0,0,0,0,0,0,0,2026/09/22
横浜DeNAベイスターズ,九鬼 隆平,捕手,読売ジャイアンツ,,0,0,0,0,0,0,0,0,0,0,0,0,0,0,2026/09/22
横浜DeNAベイスターズ,九鬼 隆平,捕手,福岡ソフトバンクホークス,0.500,2,2,1,0,1,0,0,0,0,0,0,0,0,2,2026/09/22
横浜DeNAベイスターズ,九鬼 隆平,捕手,北海道日本ハムファイターズ,,0,0,0,0,0,0,0,0,0,0,0,0,0,0,2026/09/22
横浜DeNAベイスターズ,林 琢真,内野手,オリックス・バファローズ,,0,0,0,0,0,0,0,0,0,0,0,0,0,0,2026/09/22
横浜DeNAベイスターズ,林 琢真,内野手,広島東洋カープ,0.263,21,19,5,2,2,0,1,6,4,1,0,1,0,5,2026/09/22
横浜DeNAベイスターズ,林 琢真,内野手,阪神タイガース,0.194,37,31,6,4,2,0,0,1,9,3,3,0,0,14,2026/09/22
横浜DeNAベイスターズ,林 琢真,内野手,埼玉西武ライオンズ,,0,0,0,0,0,0,0,0,0,0,0,0,0,0,2026/09/22
横浜DeNAベイスターズ,林 琢真,内野手,千葉ロッテマリーンズ,,0,0,0,0,0,0,0,0,0,0,0,0,0,0,2026/09/22
横浜DeNAベイスターズ,林 琢真,内野手,中日ドラゴンズ,0.192,29,26,5,4,1,0,0,4,7,1,2,0,0,14,2026/09/22
横浜DeNAベイスターズ,林 琢真,内野手,東京ヤクルトスワローズ,0.180,53,50,9,5,4,0,0,4,10,2,1,0,0,14,2026/09/22
横浜DeNAベイスターズ,林 琢真,内野手,東北楽天ゴールデンイーグルス,,0,0,0,0,0,0,0,0,0,0,0,0,0,0,2026/09/22
横浜DeNAベイスターズ,林 琢真,内野手,読売ジャイアンツ,0.282,45,39,11,8,2,0,1,4,7,6,0,0,0,13,2026/09/22
横浜DeNAベイスターズ,林 琢真,内野手,福岡ソフトバンクホークス,,0,0,0,0,0,0,0,0,0,0,0,0,0,0,2026/09/22
横浜DeNAベイスターズ,林 琢真,内野手,北海道日本ハムファイターズ,,0,0,0,0,0,0,0,0,0,0,0,0,0,0,2026/09/22
横浜DeNAベイスターズ,牧 秀悟,内野手,オリックス・バファローズ,,0,0,0,0,0,0,0,0,0,0,0,0,0,0,2026/09/22
横浜DeNAベイスターズ,牧 秀悟,内野手,広島東洋カープ,0.292,72,65,19,11,5,0,3,13,12,6,0,0,1,17,2026/09/22
横浜DeNAベイスターズ,牧 秀悟,内野手,阪神タイガース,0.364,79,66,24,10,8,0,6,9,14,9,0,0,4,19,2026/09/22
横浜DeNAベイスターズ,牧 秀悟,内野手,埼玉西武ライオンズ,,0,0,0,0,0,0,0,0,0,0,0,0,0,0,2026/09/22
横浜DeNAベイスターズ,牧 秀悟,内野手,千葉ロッテマリーンズ,0.111,10,9,1,0,0,0,1,3,3,0,0,0,1,2,2026/09/22
横浜DeNAベイスターズ,牧 秀悟,内野手,中日ドラゴンズ,0.324,76,68,22,12,3,0,7,14,15,5,0,0,3,18,2026/09/22
横浜DeNAベイスターズ,牧 秀悟,内野手,東京ヤクルトスワローズ,0.329,78,70,23,10,5,0,8,20,12,7,0,0,1,20,2026/09/22
横浜DeNAベイスターズ,牧 秀悟,内野手,東北楽天ゴールデンイーグルス,0.500,4,4,2,2,0,0,0,3,2,0,0,0,0,1,2026/09/22
横浜DeNAベイスターズ,牧 秀悟,内野手,読売ジャイアンツ,0.235,82,68,16,10,3,0,3,6,14,11,0,1,2,18,2026/09/22
横浜DeNAベイスターズ,牧 秀悟,内野手,福岡ソフトバンクホークス,0.857,7,7,6,2,2,0,2,7,2,0,0,0,0,3,2026/09/22
横浜DeNAベイスターズ,牧 秀悟,内野手,北海道日本ハムファイターズ,0.000,12,12,0,0,0,0,0,0,4,0,0,0,0,3,2026/09/22
横浜DeNAベイスターズ,小田 康一郎,内野手,オリックス・バファローズ,,0,0,0,0,0,0,0,0,0,0,0,0,0,0,2026/09/22
横浜DeNAベイスターズ,小田 康一郎,内野手,広島東洋カープ,0.000,2,2,0,0,0,0,0,0,1,0,0,0,0,2,2026/09/22
横浜DeNAベイスターズ,小田 康一郎,内野手,阪神タイガース,,0,0,0,0,0,0,0,0,0,0,0,0,0,0,2026/09/22
横浜DeNAベイスターズ,小田 康一郎,内野手,埼玉西武ライオンズ,,0,0,0,0,0,0,0,0,0,0,0,0,0,0,2026/09/22
横浜DeNAベイスターズ,小田 康一郎,内野手,千葉ロッテマリーンズ,0.000,6,5,0,0,0,0,0,0,1,1,0,0,0,1,2026/09/22
横浜DeNAベイスターズ,小田 康一郎,内野手,中日ドラゴンズ,0.000,1,1,0,0,0,0,0,0,1,0,0,0,0,1,2026/09/22
横浜DeNAベイスターズ,小田 康一郎,内野手,東京ヤクルトスワローズ,,0,0,0,0,0,0,0,0,0,0,0,0,0,0,2026/09/22
横浜DeNAベイスターズ,小田 康一郎,内野手,東北楽天ゴールデンイーグルス,,0,0,0,0,0,0,0,0,0,0,0,0,0,0,2026/09/22
横浜DeNAベイスターズ,小田 康一郎,内野手,読売ジャイアンツ,,0,0,0,0,0,0,0,0,0,0,0,0,0,0,2026/09/22
横浜DeNAベイスターズ,小田 康一郎,内野手,福岡ソフトバンクホークス,0.000,1,1,0,0,0,0,0,0,0,0,0,0,0,1,2026/09/22
横浜DeNAベイスターズ,小田 康一郎,内野手,北海道日本ハムファイターズ,0.000,2,2,0,0,0,0,0,0,2,0,0,0,0,1,2026/09/22
横浜DeNAベイスターズ,森 敬斗,内野手,オリックス・バファローズ,,0,0,0,0,0,0,0,0,0,0,0,0,0,0,2026/09/22
横浜DeNAベイスターズ,森 敬斗,内野手,広島東洋カープ,,0,0,0,0,0,0,0,0,0,0,0,0,0,0,2026/09/22
横浜DeNAベイスターズ,森 敬斗,内野手,阪神タイガース,,0,0,0,0,0,0,0,0,0,0,0,0,0,0,2026/09/22
横浜DeNAベイスターズ,森 敬斗,内野手,埼玉西武ライオンズ,,0,0,0,0,0,0,0,0,0,0,0,0,0,0,2026/09/22
横浜DeNAベイスターズ,森 敬斗,内野手,千葉ロッテマリーンズ,,0,0,0,0,0,0,0,0,0,0,0,0,0,0,2026/09/22
横浜DeNAベイスターズ,森 敬斗,内野手,中日ドラゴンズ,,0,0,0,0,0,0,0,0,0,0,0,0,0,0,2026/09/22
横浜DeNAベイスターズ,森 敬斗,内野手,東京ヤクルトスワローズ,0.250,4,4,1,0,1,0,0,2,0,0,0,0,0,1,2026/09/22
横浜DeNAベイスターズ,森 敬斗,内野手,東北楽天ゴールデンイーグルス,,0,0,0,0,0,0,0,0,0,0,0,0,0,0,2026/09/22
横浜DeNAベイスターズ,森 敬斗,内野手,読売ジャイアンツ,0.333,6,6,2,2,0,0,0,0,3,0,0,0,0,2,2026/09/22
横浜DeNAベイスターズ,森 敬斗,内野手,福岡ソフトバンクホークス,,0,0,0,0,0,0,0,0,0,0,0,0,0,0,2026/09/22
横浜DeNAベイスターズ,森 敬斗,内野手,北海道日本ハムファイターズ,,0,0,0,0,0,0,0,0,0,0,0,0,0,0,2026/09/22
横浜DeNAベイスターズ,京田 陽太,内野手,オリックス・バファローズ,0.250,5,4,1,0,0,0,1,3,1,1,0,0,0,3,2026/09/22
横浜DeNAベイスターズ,京田 陽太,内野手,広島東洋カープ,0.200,22,20,4,4,0,0,0,3,3,1,1,0,0,7,2026/09/22
横浜DeNAベイスターズ,京田 陽太,内野手,阪神タイガース,0.375,17,16,6,6,0,0,0,2,6,0,0,0,1,7,2026/09/22
横浜DeNAベイスターズ,京田 陽太,内野手,埼玉西武ライオンズ,0.200,5,5,1,1,0,0,0,0,2,0,0,0,0,2,2026/09/22
横浜DeNAベイスターズ,京田 陽太,内野手,千葉ロッテマリーンズ,0.500,5,4,2,1,1,0,0,1,0,0,0,0,1,2,2026/09/22
横浜DeNAベイスターズ,京田 陽太,内野手,中日ドラゴンズ,0.167,19,18,3,1,2,0,0,1,5,1,0,0,0,8,2026/09/22
横浜DeNAベイスターズ,京田 陽太,内野手,東京ヤクルトスワローズ,0.333,16,15,5,5,0,0,0,0,2,0,1,0,0,5,2026/09/22
横浜DeNAベイスターズ,京田 陽太,内野手,東北楽天ゴールデンイーグルス,0.200,6,5,1,1,0,0,0,1,1,0,0,0,1,1,2026/09/22
横浜DeNAベイスターズ,京田 陽太,内野手,読売ジャイアンツ,0.143,21,21,3,2,1,0,0,0,4,0,0,0,0,8,2026/09/22
横浜DeNAベイスターズ,京田 陽太,内野手,福岡ソフトバンクホークス,0.000,7,6,0,0,0,0,0,0,2,1,0,0,0,3,2026/09/22
横浜DeNAベイスターズ,京田 陽太,内野手,北海道日本ハムファイターズ,0.000,3,3,0,0,0,0,0,0,0,0,0,0,0,1,2026/09/22
横浜DeNAベイスターズ,筒香 嘉智,内野手,オリックス・バファローズ,,0,0,0,0,0,0,0,0,0,0,0,0,0,0,2026/09/22
横浜DeNAベイスターズ,筒香 嘉智,内野手,広島東洋カープ,0.188,73,64,12,4,3,0,5,9,20,9,0,0,0,16,2026/09/22
横浜DeNAベイスターズ,筒香 嘉智,内野手,阪神タイガース,0.267,49,45,12,9,0,0,3,6,14,4,0,0,0,12,2026/09/22
横浜DeNAベイスターズ,筒香 嘉智,内野手,埼玉西武ライオンズ,0.000,9,6,0,0,0,0,0,1,1,3,0,0,0,2,2026/09/22
横浜DeNAベイスターズ,筒香 嘉智,内野手,千葉ロッテマリーンズ,0.273,15,11,3,3,0,0,0,1,0,4,0,0,0,3,2026/09/22
横浜DeNAベイスターズ,筒香 嘉智,内野手,中日ドラゴンズ,0.310,69,58,18,6,7,0,5,12,17,11,0,0,0,17,2026/09/22
横浜DeNAベイスターズ,筒香 嘉智,内野手,東京ヤクルトスワローズ,0.333,61,54,18,13,1,0,4,13,14,6,0,1,0,18,2026/09/22
横浜DeNAベイスターズ,筒香 嘉智,内野手,東北楽天ゴールデンイーグルス,0.500,11,10,5,5,0,0,0,0,1,1,0,0,0,3,2026/09/22
横浜DeNAベイスターズ,筒香 嘉智,内野手,読売ジャイアンツ,0.255,62,51,13,7,4,0,2,5,19,9,0,1,1,15,2026/09/22
横浜DeNAベイスターズ,筒香 嘉智,内野手,福岡ソフトバンクホークス,0.071,15,14,1,1,0,0,0,0,7,1,0,0,0,3,2026/09/22
横浜DeNAベイスターズ,筒香 嘉智,内野手,北海道日本ハムファイターズ,0.143,8,7,1,1,0,0,0,0,4,1,0,0,0,3,2026/09/22
横浜DeNAベイスターズ,三森 大貴,内野手,オリックス・バファローズ,0.000,2,2,0,0,0,0,0,0,1,0,0,0,0,1,2026/09/22
横浜DeNAベイスターズ,三森 大貴,内野手,広島東洋カープ,0.389,18,18,7,6,1,0,0,1,6,0,0,0,0,8,2026/09/22
横浜DeNAベイスターズ,三森 大貴,内野手,阪神タイガース,0.286,15,14,4,3,1,0,0,2,3,1,0,0,0,5,2026/09/22
横浜DeNAベイスターズ,三森 大貴,内野手,埼玉西武ライオンズ,0.667,4,3,2,2,0,0,0,1,0,0,0,1,0,1,2026/09/22
横浜DeNAベイスターズ,三森 大貴,内野手,千葉ロッテマリーンズ,0.250,5,4,1,1,0,0,0,0,0,1,0,0,0,2,2026/09/22
横浜DeNAベイスターズ,三森 大貴,内野手,中日ドラゴンズ,0.160,26,25,4,4,0,0,0,1,7,1,0,0,0,8,2026/09/22
横浜DeNAベイスターズ,三森 大貴,内野手,東京ヤクルトスワローズ,0.063,17,16,1,1,0,0,0,1,6,1,0,0,0,4,2026/09/22
横浜DeNAベイスターズ,三森 大貴,内野手,東北楽天ゴールデンイーグルス,0.286,7,7,2,2,0,0,0,0,2,0,0,0,0,2,2026/09/22
横浜DeNAベイスターズ,三森 大貴,内野手,読売ジャイアンツ,0.333,30,27,9,8,1,0,0,3,7,3,0,0,0,9,2026/09/22
横浜DeNAベイスターズ,三森 大貴,内野手,福岡ソフトバンクホークス,0.250,4,4,1,0,1,0,0,0,0,0,0,0,0,1,2026/09/22
横浜DeNAベイスターズ,三森 大貴,内野手,北海道日本ハムファイターズ,,0,0,0,0,0,0,0,0,0,0,0,0,0,0,2026/09/22
横浜DeNAベイスターズ,柴田 竜拓,内野手,オリックス・バファローズ,,0,0,0,0,0,0,0,0,0,0,0,0,0,0,2026/09/22
横浜DeNAベイスターズ,柴田 竜拓,内野手,広島東洋カープ,0.000,10,7,0,0,0,0,0,0,1,0,3,0,0,6,2026/09/22
横浜DeNAベイスターズ,柴田 竜拓,内野手,阪神タイガース,0.000,2,1,0,0,0,0,0,1,0,0,0,1,0,1,2026/09/22
横浜DeNAベイスターズ,柴田 竜拓,内野手,埼玉西武ライオンズ,,0,0,0,0,0,0,0,0,0,0,0,0,0,0,2026/09/22
横浜DeNAベイスターズ,柴田 竜拓,内野手,千葉ロッテマリーンズ,0.000,1,1,0,0,0,0,0,0,0,0,0,0,0,1,2026/09/22
横浜DeNAベイスターズ,柴田 竜拓,内野手,中日ドラゴンズ,0.000,1,1,0,0,0,0,0,0,0,0,0,0,0,1,2026/09/22
横浜DeNAベイスターズ,柴田 竜拓,内野手,東京ヤクルトスワローズ,1.000,1,1,1,1,0,0,0,0,0,0,0,0,0,1,2026/09/22
横浜DeNAベイスターズ,柴田 竜拓,内野手,東北楽天ゴールデンイーグルス,,0,0,0,0,0,0,0,0,0,0,0,0,0,0,2026/09/22
横浜DeNAベイスターズ,柴田 竜拓,内野手,読売ジャイアンツ,0.000,4,4,0,0,0,0,0,0,1,0,0,0,0,2,2026/09/22
横浜DeNAベイスターズ,柴田 竜拓,内野手,福岡ソフトバンクホークス,,0,0,0,0,0,0,0,0,0,0,0,0,0,0,2026/09/22
横浜DeNAベイスターズ,柴田 竜拓,内野手,北海道日本ハムファイターズ,,0,0,0,0,0,0,0,0,0,0,0,0,0,0,2026/09/22
横浜DeNAベイスターズ,宮下 朝陽,内野手,オリックス・バファローズ,,0,0,0,0,0,0,0,0,0,0,0,0,0,0,2026/09/22
横浜DeNAベイスターズ,宮下 朝陽,内野手,広島東洋カープ,0.268,60,56,15,10,3,0,2,6,16,3,1,0,0,18,2026/09/22
横浜DeNAベイスターズ,宮下 朝陽,内野手,阪神タイガース,0.265,34,34,9,4,2,0,3,5,9,0,0,0,0,11,2026/09/22
横浜DeNAベイスターズ,宮下 朝陽,内野手,埼玉西武ライオンズ,,0,0,0,0,0,0,0,0,0,0,0,0,0,0,2026/09/22
横浜DeNAベイスターズ,宮下 朝陽,内野手,千葉ロッテマリーンズ,1.000,4,4,4,3,0,0,1,3,0,0,0,0,0,1,2026/09/22
横浜DeNAベイスターズ,宮下 朝陽,内野手,中日ドラゴンズ,0.318,48,44,14,13,0,0,1,3,12,4,0,0,0,14,2026/09/22
横浜DeNAベイスターズ,宮下 朝陽,内野手,東京ヤクルトスワローズ,0.194,35,31,6,3,3,0,0,3,8,4,0,0,0,10,2026/09/22
横浜DeNAベイスターズ,宮下 朝陽,内野手,東北楽天ゴールデンイーグルス,,0,0,0,0,0,0,0,0,0,0,0,0,0,0,2026/09/22
横浜DeNAベイスターズ,宮下 朝陽,内野手,読売ジャイアンツ,0.182,35,33,6,5,0,0,1,6,9,2,0,0,0,15,2026/09/22
横浜DeNAベイスターズ,宮下 朝陽,内野手,福岡ソフトバンクホークス,,0,0,0,0,0,0,0,0,0,0,0,0,0,0,2026/09/22
横浜DeNAベイスターズ,宮下 朝陽,内野手,北海道日本ハムファイターズ,,0,0,0,0,0,0,0,0,0,0,0,0,0,0,2026/09/22
横浜DeNAベイスターズ,加藤 響,内野手,オリックス・バファローズ,,0,0,0,0,0,0,0,0,0,0,0,0,0,0,2026/09/22
横浜DeNAベイスターズ,加藤 響,内野手,広島東洋カープ,,0,0,0,0,0,0,0,0,0,0,0,0,0,0,2026/09/22
横浜DeNAベイスターズ,加藤 響,内野手,阪神タイガース,0.000,1,1,0,0,0,0,0,0,1,0,0,0,0,1,2026/09/22
横浜DeNAベイスターズ,加藤 響,内野手,埼玉西武ライオンズ,,0,0,0,0,0,0,0,0,0,0,0,0,0,0,2026/09/22
横浜DeNAベイスターズ,加藤 響,内野手,千葉ロッテマリーンズ,,0,0,0,0,0,0,0,0,0,0,0,0,0,0,2026/09/22
横浜DeNAベイスターズ,加藤 響,内野手,中日ドラゴンズ,,0,0,0,0,0,0,0,0,0,0,0,0,0,0,2026/09/22
横浜DeNAベイスターズ,加藤 響,内野手,東京ヤクルトスワローズ,,0,0,0,0,0,0,0,0,0,0,0,0,0,0,2026/09/22
横浜DeNAベイスターズ,加藤 響,内野手,東北楽天ゴールデンイーグルス,,0,0,0,0,0,0,0,0,0,0,0,0,0,0,2026/09/22
横浜DeNAベイスターズ,加藤 響,内野手,読売ジャイアンツ,,0,0,0,0,0,0,0,0,0,0,0,0,0,0,2026/09/22
横浜DeNAベイスターズ,加藤 響,内野手,福岡ソフトバンクホークス,,0,0,0,0,0,0,0,0,0,0,0,0,0,0,2026/09/22
横浜DeNAベイスターズ,加藤 響,内野手,北海道日本ハムファイターズ,,0,0,0,0,0,0,0,0,0,0,0,0,0,0,2026/09/22
横浜DeNAベイスターズ,井上 朋也,内野手,オリックス・バファローズ,0.000,5,5,0,0,0,0,0,0,3,0,0,0,0,2,2026/09/22
横浜DeNAベイスターズ,井上 朋也,内野手,広島東洋カープ,0.500,6,6,3,3,0,0,0,1,2,0,0,0,0,2,2026/09/22
横浜DeNAベイスターズ,井上 朋也,内野手,阪神タイガース,0.000,2,2,0,0,0,0,0,0,2,0,0,0,0,1,2026/09/22
横浜DeNAベイスターズ,井上 朋也,内野手,埼玉西武ライオンズ,0.000,4,3,0,0,0,0,0,0,0,1,0,0,0,1,2026/09/22
横浜DeNAベイスターズ,井上 朋也,内野手,千葉ロッテマリーンズ,,0,0,0,0,0,0,0,0,0,0,0,0,0,0,2026/09/22
横浜DeNAベイスターズ,井上 朋也,内野手,中日ドラゴンズ,0.000,1,1,0,0,0,0,0,0,0,0,0,0,0,1,2026/09/22
横浜DeNAベイスターズ,井上 朋也,内野手,東京ヤクルトスワローズ,0.286,16,14,4,1,1,0,2,5,5,2,0,0,0,6,2026/09/22
横浜DeNAベイスターズ,井上 朋也,内野手,東北楽天ゴールデンイーグルス,0.000,1,1,0,0,0,0,0,0,1,0,0,0,0,1,2026/09/22
横浜DeNAベイスターズ,井上 朋也,内野手,読売ジャイアンツ,0.167,6,6,1,1,0,0,0,0,3,0,0,0,0,3,2026/09/22
横浜DeNAベイスターズ,井上 朋也,内野手,福岡ソフトバンクホークス,,0,0,0,0,0,0,0,0,0,0,0,0,0,0,2026/09/22
横浜DeNAベイスターズ,井上 朋也,内野手,北海道日本ハムファイターズ,,0,0,0,0,0,0,0,0,0,0,0,0,0,0,2026/09/22
横浜DeNAベイスターズ,石上 泰輝,内野手,オリックス・バファローズ,0.200,10,10,2,1,1,0,0,0,2,0,0,0,0,3,2026/09/22
横浜DeNAベイスターズ,石上 泰輝,内野手,広島東洋カープ,0.333,9,6,2,1,1,0,0,0,0,2,1,0,0,1,2026/09/22
横浜DeNAベイスターズ,石上 泰輝,内野手,阪神タイガース,0.000,6,5,0,0,0,0,0,0,0,1,0,0,0,2,2026/09/22
横浜DeNAベイスターズ,石上 泰輝,内野手,埼玉西武ライオンズ,0.167,14,12,2,1,1,0,0,0,2,1,1,0,0,3,2026/09/22
横浜DeNAベイスターズ,石上 泰輝,内野手,千葉ロッテマリーンズ,0.333,4,3,1,1,0,0,0,1,1,0,0,1,0,1,2026/09/22
横浜DeNAベイスターズ,石上 泰輝,内野手,中日ドラゴンズ,0.083,13,12,1,0,1,0,0,1,3,1,0,0,0,3,2026/09/22
横浜DeNAベイスターズ,石上 泰輝,内野手,東京ヤクルトスワローズ,0.286,14,14,4,2,2,0,0,2,3,0,0,0,0,4,2026/09/22
横浜DeNAベイスターズ,石上 泰輝,内野手,東北楽天ゴールデンイーグルス,0.000,7,7,0,0,0,0,0,0,3,0,0,0,0,2,2026/09/22
横浜DeNAベイスターズ,石上 泰輝,内野手,読売ジャイアンツ,0.286,9,7,2,2,0,0,0,0,2,0,2,0,0,3,2026/09/22
横浜DeNAベイスターズ,石上 泰輝,内野手,福岡ソフトバンクホークス,0.286,7,7,2,2,0,0,0,0,1,0,0,0,0,2,2026/09/22
横浜DeNAベイスターズ,石上 泰輝,内野手,北海道日本ハムファイターズ,0.000,6,6,0,0,0,0,0,0,3,0,0,0,0,2,2026/09/22
横浜DeNAベイスターズ,成瀬 脩人,内野手,オリックス・バファローズ,0.000,3,3,0,0,0,0,0,0,3,0,0,0,0,1,2026/09/22
横浜DeNAベイスターズ,成瀬 脩人,内野手,広島東洋カープ,0.235,17,17,4,3,1,0,0,4,5,0,0,0,0,6,2026/09/22
横浜DeNAベイスターズ,成瀬 脩人,内野手,阪神タイガース,0.222,9,9,2,2,0,0,0,1,3,0,0,0,0,3,2026/09/22
横浜DeNAベイスターズ,成瀬 脩人,内野手,埼玉西武ライオンズ,0.500,2,2,1,1,0,0,0,0,1,0,0,0,0,1,2026/09/22
横浜DeNAベイスターズ,成瀬 脩人,内野手,千葉ロッテマリーンズ,,0,0,0,0,0,0,0,0,0,0,0,0,0,0,2026/09/22
横浜DeNAベイスターズ,成瀬 脩人,内野手,中日ドラゴンズ,0.357,15,14,5,4,1,0,0,1,2,1,0,0,0,4,2026/09/22
横浜DeNAベイスターズ,成瀬 脩人,内野手,東京ヤクルトスワローズ,0.000,3,3,0,0,0,0,0,0,2,0,0,0,0,2,2026/09/22
横浜DeNAベイスターズ,成瀬 脩人,内野手,東北楽天ゴールデンイーグルス,,0,0,0,0,0,0,0,0,0,0,0,0,0,0,2026/09/22
横浜DeNAベイスターズ,成瀬 脩人,内野手,読売ジャイアンツ,0.286,7,7,2,2,0,0,0,0,3,0,0,0,0,3,2026/09/22
横浜DeNAベイスターズ,成瀬 脩人,内野手,福岡ソフトバンクホークス,,0,0,0,0,0,0,0,0,0,0,0,0,0,0,2026/09/22
横浜DeNAベイスターズ,成瀬 脩人,内野手,北海道日本ハムファイターズ,,0,0,0,0,0,0,0,0,0,0,0,0,0,0,2026/09/22
横浜DeNAベイスターズ,宮﨑 敏郎,内野手,オリックス・バファローズ,0.111,10,9,1,1,0,0,0,0,4,1,0,0,0,3,2026/09/22
横浜DeNAベイスターズ,宮﨑 敏郎,内野手,広島東洋カープ,0.178,50,45,8,4,3,0,1,5,8,5,0,0,0,15,2026/09/22
横浜DeNAベイスターズ,宮﨑 敏郎,内野手,阪神タイガース,0.339,68,59,20,14,3,0,3,11,8,8,0,1,0,20,2026/09/22
横浜DeNAベイスターズ,宮﨑 敏郎,内野手,埼玉西武ライオンズ,0.250,9,8,2,1,0,0,1,1,1,1,0,0,0,2,2026/09/22
横浜DeNAベイスターズ,宮﨑 敏郎,内野手,千葉ロッテマリーンズ,0.143,7,7,1,1,0,0,0,0,1,0,0,0,0,2,2026/09/22
横浜DeNAベイスターズ,宮﨑 敏郎,内野手,中日ドラゴンズ,0.190,79,63,12,10,1,0,1,3,6,10,0,2,4,19,2026/09/22
横浜DeNAベイスターズ,宮﨑 敏郎,内野手,東京ヤクルトスワローズ,0.358,58,53,19,14,2,0,3,12,6,3,0,1,1,18,2026/09/22
横浜DeNAベイスターズ,宮﨑 敏郎,内野手,東北楽天ゴールデンイーグルス,0.500,8,8,4,4,0,0,0,1,3,0,0,0,0,3,2026/09/22
横浜DeNAベイスターズ,宮﨑 敏郎,内野手,読売ジャイアンツ,0.200,60,55,11,8,3,0,0,7,7,4,0,0,1,18,2026/09/22
横浜DeNAベイスターズ,宮﨑 敏郎,内野手,福岡ソフトバンクホークス,0.100,11,10,1,1,0,0,0,0,1,1,0,0,0,2,2026/09/22
横浜DeNAベイスターズ,宮﨑 敏郎,内野手,北海道日本ハムファイターズ,0.500,9,8,4,2,1,0,1,1,1,1,0,0,0,2,2026/09/22
横浜DeNAベイスターズ,田内 真翔,内野手,オリックス・バファローズ,,0,0,0,0,0,0,0,0,0,0,0,0,0,0,2026/09/22
横浜DeNAベイスターズ,田内 真翔,内野手,広島東洋カープ,,0,0,0,0,0,0,0,0,0,0,0,0,0,0,2026/09/22
横浜DeNAベイスターズ,田内 真翔,内野手,阪神タイガース,,0,0,0,0,0,0,0,0,0,0,0,0,0,0,2026/09/22
横浜DeNAベイスターズ,田内 真翔,内野手,埼玉西武ライオンズ,,0,0,0,0,0,0,0,0,0,0,0,0,0,0,2026/09/22
横浜DeNAベイスターズ,田内 真翔,内野手,千葉ロッテマリーンズ,,0,0,0,0,0,0,0,0,0,0,0,0,0,0,2026/09/22
横浜DeNAベイスターズ,田内 真翔,内野手,中日ドラゴンズ,,0,0,0,0,0,0,0,0,0,0,0,0,0,0,2026/09/22
横浜DeNAベイスターズ,田内 真翔,内野手,東京ヤクルトスワローズ,,0,0,0,0,0,0,0,0,0,0,0,0,0,0,2026/09/22
横浜DeNAベイスターズ,田内 真翔,内野手,東北楽天ゴールデンイーグルス,,0,0,0,0,0,0,0,0,0,0,0,0,0,0,2026/09/22
横浜DeNAベイスターズ,田内 真翔,内野手,読売ジャイアンツ,,0,0,0,0,0,0,0,0,0,0,0,0,0,0,2026/09/22
横浜DeNAベイスターズ,田内 真翔,内野手,福岡ソフトバンクホークス,,0,0,0,0,0,0,0,0,0,0,0,0,0,0,2026/09/22
横浜DeNAベイスターズ,田内 真翔,内野手,北海道日本ハムファイターズ,,0,0,0,0,0,0,0,0,0,0,0,0,0,0,2026/09/22
横浜DeNAベイスターズ,高見澤 郁魅,内野手,オリックス・バファローズ,,0,0,0,0,0,0,0,0,0,0,0,0,0,0,2026/09/22
横浜DeNAベイスターズ,高見澤 郁魅,内野手,広島東洋カープ,,0,0,0,0,0,0,0,0,0,0,0,0,0,0,2026/09/22
横浜DeNAベイスターズ,高見澤 郁魅,内野手,阪神タイガース,,0,0,0,0,0,0,0,0,0,0,0,0,0,0,2026/09/22
横浜DeNAベイスターズ,高見澤 郁魅,内野手,埼玉西武ライオンズ,,0,0,0,0,0,0,0,0,0,0,0,0,0,0,2026/09/22
横浜DeNAベイスターズ,高見澤 郁魅,内野手,千葉ロッテマリーンズ,,0,0,0,0,0,0,0,0,0,0,0,0,0,0,2026/09/22
横浜DeNAベイスターズ,高見澤 郁魅,内野手,中日ドラゴンズ,,0,0,0,0,0,0,0,0,0,0,0,0,0,0,2026/09/22
横浜DeNAベイスターズ,高見澤 郁魅,内野手,東京ヤクルトスワローズ,,0,0,0,0,0,0,0,0,0,0,0,0,0,0,2026/09/22
横浜DeNAベイスターズ,高見澤 郁魅,内野手,東北楽天ゴールデンイーグルス,,0,0,0,0,0,0,0,0,0,0,0,0,0,0,2026/09/22
横浜DeNAベイスターズ,高見澤 郁魅,内野手,読売ジャイアンツ,0.000,1,1,0,0,0,0,0,0,0,0,0,0,0,1,2026/09/22
横浜DeNAベイスターズ,高見澤 郁魅,内野手,福岡ソフトバンクホークス,,0,0,0,0,0,0,0,0,0,0,0,0,0,0,2026/09/22
横浜DeNAベイスターズ,高見澤 郁魅,内野手,北海道日本ハムファイターズ,,0,0,0,0,0,0,0,0,0,0,0,0,0,0,2026/09/22
横浜DeNAベイスターズ,ビシエド,内野手,オリックス・バファローズ,,0,0,0,0,0,0,0,0,0,0,0,0,0,0,2026/09/22
横浜DeNAベイスターズ,ビシエド,内野手,広島東洋カープ,0.000,2,1,0,0,0,0,0,0,0,1,0,0,0,2,2026/09/22
横浜DeNAベイスターズ,ビシエド,内野手,阪神タイガース,0.750,4,4,3,3,0,0,0,2,1,0,0,0,0,5,2026/09/22
横浜DeNAベイスターズ,ビシエド,内野手,埼玉西武ライオンズ,,0,0,0,0,0,0,0,0,0,0,0,0,0,0,2026/09/22
横浜DeNAベイスターズ,ビシエド,内野手,千葉ロッテマリーンズ,,0,0,0,0,0,0,0,0,0,0,0,0,0,0,2026/09/22
横浜DeNAベイスターズ,ビシエド,内野手,中日ドラゴンズ,0.000,3,3,0,0,0,0,0,0,1,0,0,0,0,3,2026/09/22
横浜DeNAベイスターズ,ビシエド,内野手,東京ヤクルトスワローズ,0.250,13,12,3,2,0,0,1,4,2,0,0,1,0,7,2026/09/22
横浜DeNAベイスターズ,ビシエド,内野手,東北楽天ゴールデンイーグルス,,0,0,0,0,0,0,0,0,0,0,0,0,0,0,2026/09/22
横浜DeNAベイスターズ,ビシエド,内野手,読売ジャイアンツ,0.143,8,7,1,1,0,0,0,0,1,1,0,0,0,4,2026/09/22
横浜DeNAベイスターズ,ビシエド,内野手,福岡ソフトバンクホークス,,0,0,0,0,0,0,0,0,0,0,0,0,0,0,2026/09/22
横浜DeNAベイスターズ,ビシエド,内野手,北海道日本ハムファイターズ,,0,0,0,0,0,0,0,0,0,0,0,0,0,0,2026/09/22
横浜DeNAベイスターズ,度会 隆輝,外野手,オリックス・バファローズ,0.273,12,11,3,3,0,0,0,2,3,1,0,0,0,3,2026/09/22
横浜DeNAベイスターズ,度会 隆輝,外野手,広島東洋カープ,0.294,77,68,20,15,3,0,2,11,10,6,0,1,2,21,2026/09/22
横浜DeNAベイスターズ,度会 隆輝,外野手,阪神タイガース,0.351,82,77,27,25,2,0,0,10,15,3,0,0,2,22,2026/09/22
横浜DeNAベイスターズ,度会 隆輝,外野手,埼玉西武ライオンズ,0.154,13,13,2,0,1,0,1,3,0,0,0,0,0,3,2026/09/22
横浜DeNAベイスターズ,度会 隆輝,外野手,千葉ロッテマリーンズ,0.286,14,14,4,3,1,0,0,1,0,0,0,0,0,3,2026/09/22
横浜DeNAベイスターズ,度会 隆輝,外野手,中日ドラゴンズ,0.236,62,55,13,9,3,0,1,6,10,5,1,0,1,20,2026/09/22
横浜DeNAベイスターズ,度会 隆輝,外野手,東京ヤクルトスワローズ,0.344,69,64,22,15,5,0,2,5,11,3,0,0,2,22,2026/09/22
横浜DeNAベイスターズ,度会 隆輝,外野手,東北楽天ゴールデンイーグルス,0.273,14,11,3,1,2,0,0,1,1,2,0,0,1,3,2026/09/22
横浜DeNAベイスターズ,度会 隆輝,外野手,読売ジャイアンツ,0.306,94,85,26,19,4,1,2,9,15,8,0,0,1,24,2026/09/22
横浜DeNAベイスターズ,度会 隆輝,外野手,福岡ソフトバンクホークス,0.167,13,12,2,1,0,0,1,2,3,1,0,0,0,3,2026/09/22
横浜DeNAベイスターズ,度会 隆輝,外野手,北海道日本ハムファイターズ,0.100,11,10,1,1,0,0,0,0,2,1,0,0,0,3,2026/09/22
横浜DeNAベイスターズ,佐野 恵太,外野手,オリックス・バファローズ,0.125,8,8,1,1,0,0,0,0,1,0,0,0,0,3,2026/09/22
横浜DeNAベイスターズ,佐野 恵太,外野手,広島東洋カープ,0.290,82,69,20,12,8,0,0,7,6,13,0,0,0,21,2026/09/22
横浜DeNAベイスターズ,佐野 恵太,外野手,阪神タイガース,0.282,79,71,20,16,3,0,1,14,12,8,0,0,0,21,2026/09/22
横浜DeNAベイスターズ,佐野 恵太,外野手,埼玉西武ライオンズ,0.667,13,12,8,5,3,0,0,2,0,1,0,0,0,3,2026/09/22
横浜DeNAベイスターズ,佐野 恵太,外野手,千葉ロッテマリーンズ,0.308,14,13,4,2,2,0,0,2,2,1,0,0,0,3,2026/09/22
横浜DeNAベイスターズ,佐野 恵太,外野手,中日ドラゴンズ,0.190,91,84,16,9,6,0,1,4,14,7,0,0,0,21,2026/09/22
横浜DeNAベイスターズ,佐野 恵太,外野手,東京ヤクルトスワローズ,0.300,90,80,24,17,4,0,3,8,14,10,0,0,0,22,2026/09/22
横浜DeNAベイスターズ,佐野 恵太,外野手,東北楽天ゴールデンイーグルス,0.273,13,11,3,3,0,0,0,0,2,1,0,0,1,3,2026/09/22
横浜DeNAベイスターズ,佐野 恵太,外野手,読売ジャイアンツ,0.256,85,78,20,13,4,0,3,15,14,7,0,0,0,22,2026/09/22
横浜DeNAベイスターズ,佐野 恵太,外野手,福岡ソフトバンクホークス,0.571,9,7,4,3,1,0,0,0,3,2,0,0,0,2,2026/09/22
横浜DeNAベイスターズ,佐野 恵太,外野手,北海道日本ハムファイターズ,0.000,12,12,0,0,0,0,0,0,2,0,0,0,0,3,2026/09/22
横浜DeNAベイスターズ,神里 和毅,外野手,オリックス・バファローズ,,0,0,0,0,0,0,0,0,0,0,0,0,0,0,2026/09/22
横浜DeNAベイスターズ,神里 和毅,外野手,広島東洋カープ,0.167,7,6,1,0,0,1,0,0,2,1,0,0,0,5,2026/09/22
横浜DeNAベイスターズ,神里 和毅,外野手,阪神タイガース,0.000,5,3,0,0,0,0,0,0,1,2,0,0,0,4,2026/09/22
横浜DeNAベイスターズ,神里 和毅,外野手,埼玉西武ライオンズ,,0,0,0,0,0,0,0,0,0,0,0,0,0,0,2026/09/22
横浜DeNAベイスターズ,神里 和毅,外野手,千葉ロッテマリーンズ,,0,0,0,0,0,0,0,0,0,0,0,0,0,0,2026/09/22
横浜DeNAベイスターズ,神里 和毅,外野手,中日ドラゴンズ,0.000,1,1,0,0,0,0,0,0,1,0,0,0,0,1,2026/09/22
横浜DeNAベイスターズ,神里 和毅,外野手,東京ヤクルトスワローズ,0.333,3,3,1,1,0,0,0,1,1,0,0,0,0,2,2026/09/22
横浜DeNAベイスターズ,神里 和毅,外野手,東北楽天ゴールデンイーグルス,,0,0,0,0,0,0,0,0,0,0,0,0,0,0,2026/09/22
横浜DeNAベイスターズ,神里 和毅,外野手,読売ジャイアンツ,0.000,9,8,0,0,0,0,0,0,5,0,1,0,0,6,2026/09/22
横浜DeNAベイスターズ,神里 和毅,外野手,福岡ソフトバンクホークス,0.000,1,1,0,0,0,0,0,0,0,0,0,0,0,1,2026/09/22
横浜DeNAベイスターズ,神里 和毅,外野手,北海道日本ハムファイターズ,,0,0,0,0,0,0,0,0,0,0,0,0,0,0,2026/09/22
横浜DeNAベイスターズ,勝又 温史,外野手,オリックス・バファローズ,0.111,10,9,1,1,0,0,0,0,1,1,0,0,0,3,2026/09/22
横浜DeNAベイスターズ,勝又 温史,外野手,広島東洋カープ,0.328,62,58,19,15,4,0,0,7,13,3,0,0,1,20,2026/09/22
横浜DeNAベイスターズ,勝又 温史,外野手,阪神タイガース,0.413,49,46,19,19,0,0,0,7,4,1,1,0,1,16,2026/09/22
横浜DeNAベイスターズ,勝又 温史,外野手,埼玉西武ライオンズ,0.200,10,10,2,2,0,0,0,0,3,0,0,0,0,3,2026/09/22
横浜DeNAベイスターズ,勝又 温史,外野手,千葉ロッテマリーンズ,0.357,14,14,5,4,0,0,1,4,1,0,0,0,0,3,2026/09/22
横浜DeNAベイスターズ,勝又 温史,外野手,中日ドラゴンズ,0.375,51,48,18,13,3,0,2,6,10,2,0,1,0,16,2026/09/22
横浜DeNAベイスターズ,勝又 温史,外野手,東京ヤクルトスワローズ,0.391,51,46,18,15,2,0,1,5,9,2,0,0,3,17,2026/09/22
横浜DeNAベイスターズ,勝又 温史,外野手,東北楽天ゴールデンイーグルス,0.000,6,6,0,0,0,0,0,1,0,0,0,0,0,2,2026/09/22
横浜DeNAベイスターズ,勝又 温史,外野手,読売ジャイアンツ,0.190,44,42,8,7,1,0,0,2,13,2,0,0,0,16,2026/09/22
横浜DeNAベイスターズ,勝又 温史,外野手,福岡ソフトバンクホークス,0.000,2,2,0,0,0,0,0,0,0,0,0,0,0,2,2026/09/22
横浜DeNAベイスターズ,勝又 温史,外野手,北海道日本ハムファイターズ,0.300,11,10,3,2,1,0,0,1,3,0,1,0,0,3,2026/09/22
横浜DeNAベイスターズ,井上 絢登,外野手,オリックス・バファローズ,,0,0,0,0,0,0,0,0,0,0,0,0,0,0,2026/09/22
横浜DeNAベイスターズ,井上 絢登,外野手,広島東洋カープ,0.000,2,2,0,0,0,0,0,0,2,0,0,0,0,2,2026/09/22
横浜DeNAベイスターズ,井上 絢登,外野手,阪神タイガース,,0,0,0,0,0,0,0,0,0,0,0,0,0,0,2026/09/22
横浜DeNAベイスターズ,井上 絢登,外野手,埼玉西武ライオンズ,,0,0,0,0,0,0,0,0,0,0,0,0,0,0,2026/09/22
横浜DeNAベイスターズ,井上 絢登,外野手,千葉ロッテマリーンズ,,0,0,0,0,0,0,0,0,0,0,0,0,0,0,2026/09/22
横浜DeNAベイスターズ,井上 絢登,外野手,中日ドラゴンズ,,0,0,0,0,0,0,0,0,0,0,0,0,0,0,2026/09/22
横浜DeNAベイスターズ,井上 絢登,外野手,東京ヤクルトスワローズ,0.000,1,1,0,0,0,0,0,0,1,0,0,0,0,1,2026/09/22
横浜DeNAベイスターズ,井上 絢登,外野手,東北楽天ゴールデンイーグルス,,0,0,0,0,0,0,0,0,0,0,0,0,0,0,2026/09/22
横浜DeNAベイスターズ,井上 絢登,外野手,読売ジャイアンツ,,0,0,0,0,0,0,0,0,0,0,0,0,0,0,2026/09/22
横浜DeNAベイスターズ,井上 絢登,外野手,福岡ソフトバンクホークス,,0,0,0,0,0,0,0,0,0,0,0,0,0,0,2026/09/22
横浜DeNAベイスターズ,井上 絢登,外野手,北海道日本ハムファイターズ,,0,0,0,0,0,0,0,0,0,0,0,0,0,0,2026/09/22
横浜DeNAベイスターズ,梶原 昂希,外野手,オリックス・バファローズ,,0,0,0,0,0,0,0,0,0,0,0,0,0,0,2026/09/22
横浜DeNAベイスターズ,梶原 昂希,外野手,広島東洋カープ,0.364,14,11,4,3,1,0,0,1,1,2,1,0,0,3,2026/09/22
横浜DeNAベイスターズ,梶原 昂希,外野手,阪神タイガース,0.000,4,4,0,0,0,0,0,0,2,0,0,0,0,2,2026/09/22
横浜DeNAベイスターズ,梶原 昂希,外野手,埼玉西武ライオンズ,,0,0,0,0,0,0,0,0,0,0,0,0,0,0,2026/09/22
横浜DeNAベイスターズ,梶原 昂希,外野手,千葉ロッテマリーンズ,,0,0,0,0,0,0,0,0,0,0,0,0,0,0,2026/09/22
横浜DeNAベイスターズ,梶原 昂希,外野手,中日ドラゴンズ,0.190,23,21,4,3,1,0,0,0,6,2,0,0,0,8,2026/09/22
横浜DeNAベイスターズ,梶原 昂希,外野手,東京ヤクルトスワローズ,0.176,19,17,3,1,0,1,1,4,3,1,0,0,1,5,2026/09/22
横浜DeNAベイスターズ,梶原 昂希,外野手,東北楽天ゴールデンイーグルス,,0,0,0,0,0,0,0,0,0,0,0,0,0,0,2026/09/22
横浜DeNAベイスターズ,梶原 昂希,外野手,読売ジャイアンツ,0.167,14,12,2,1,1,0,0,0,6,1,0,0,1,6,2026/09/22
横浜DeNAベイスターズ,梶原 昂希,外野手,福岡ソフトバンクホークス,,0,0,0,0,0,0,0,0,0,0,0,0,0,0,2026/09/22
横浜DeNAベイスターズ,梶原 昂希,外野手,北海道日本ハムファイターズ,,0,0,0,0,0,0,0,0,0,0,0,0,0,0,2026/09/22
横浜DeNAベイスターズ,蝦名 達夫,外野手,オリックス・バファローズ,0.444,10,9,4,3,1,0,0,0,2,1,0,0,0,3,2026/09/22
横浜DeNAベイスターズ,蝦名 達夫,外野手,広島東洋カープ,0.304,50,46,14,8,5,0,1,5,16,3,0,0,1,15,2026/09/22
横浜DeNAベイスターズ,蝦名 達夫,外野手,阪神タイガース,0.135,55,52,7,7,0,0,0,1,18,1,1,0,1,16,2026/09/22
横浜DeNAベイスターズ,蝦名 達夫,外野手,埼玉西武ライオンズ,0.556,9,9,5,2,3,0,0,1,3,0,0,0,0,3,2026/09/22
横浜DeNAベイスターズ,蝦名 達夫,外野手,千葉ロッテマリーンズ,0.250,14,12,3,2,0,0,1,5,3,1,0,0,1,3,2026/09/22
横浜DeNAベイスターズ,蝦名 達夫,外野手,中日ドラゴンズ,0.193,64,57,11,9,1,1,0,6,18,4,0,0,3,16,2026/09/22
横浜DeNAベイスターズ,蝦名 達夫,外野手,東京ヤクルトスワローズ,0.306,57,49,15,13,1,0,1,2,10,4,1,0,3,16,2026/09/22
横浜DeNAベイスターズ,蝦名 達夫,外野手,東北楽天ゴールデンイーグルス,0.364,14,11,4,1,1,1,1,3,2,2,0,0,1,3,2026/09/22
横浜DeNAベイスターズ,蝦名 達夫,外野手,読売ジャイアンツ,0.244,52,45,11,9,1,0,1,3,9,2,0,1,4,15,2026/09/22
横浜DeNAベイスターズ,蝦名 達夫,外野手,福岡ソフトバンクホークス,0.273,13,11,3,3,0,0,0,0,3,2,0,0,0,3,2026/09/22
横浜DeNAベイスターズ,蝦名 達夫,外野手,北海道日本ハムファイターズ,0.091,12,11,1,1,0,0,0,0,3,0,0,0,1,3,2026/09/22
横浜DeNAベイスターズ,関根 大気,外野手,オリックス・バファローズ,,0,0,0,0,0,0,0,0,0,0,0,0,0,0,2026/09/22
横浜DeNAベイスターズ,関根 大気,外野手,広島東洋カープ,0.200,5,5,1,1,0,0,0,0,0,0,0,0,0,2,2026/09/22
横浜DeNAベイスターズ,関根 大気,外野手,阪神タイガース,0.429,7,7,3,2,1,0,0,2,1,0,0,0,0,3,2026/09/22
横浜DeNAベイスターズ,関根 大気,外野手,埼玉西武ライオンズ,,0,0,0,0,0,0,0,0,0,0,0,0,0,0,2026/09/22
横浜DeNAベイスターズ,関根 大気,外野手,千葉ロッテマリーンズ,,0,0,0,0,0,0,0,0,0,0,0,0,0,0,2026/09/22
横浜DeNAベイスターズ,関根 大気,外野手,中日ドラゴンズ,0.000,4,4,0,0,0,0,0,0,0,0,0,0,0,1,2026/09/22
横浜DeNAベイスターズ,関根 大気,外野手,東京ヤクルトスワローズ,,0,0,0,0,0,0,0,0,0,0,0,0,0,0,2026/09/22
横浜DeNAベイスターズ,関根 大気,外野手,東北楽天ゴールデンイーグルス,,0,0,0,0,0,0,0,0,0,0,0,0,0,0,2026/09/22
横浜DeNAベイスターズ,関根 大気,外野手,読売ジャイアンツ,0.000,1,1,0,0,0,0,0,0,0,0,0,0,0,1,2026/09/22
横浜DeNAベイスターズ,関根 大気,外野手,福岡ソフトバンクホークス,,0,0,0,0,0,0,0,0,0,0,0,0,0,0,2026/09/22
横浜DeNAベイスターズ,関根 大気,外野手,北海道日本ハムファイターズ,,0,0,0,0,0,0,0,0,0,0,0,0,0,0,2026/09/22
横浜DeNAベイスターズ,濱 将乃介,外野手,オリックス・バファローズ,,0,0,0,0,0,0,0,0,0,0,0,0,0,0,2026/09/22
横浜DeNAベイスターズ,濱 将乃介,外野手,広島東洋カープ,,0,0,0,0,0,0,0,0,0,0,0,0,0,0,2026/09/22
横浜DeNAベイスターズ,濱 将乃介,外野手,阪神タイガース,,0,0,0,0,0,0,0,0,0,0,0,0,0,0,2026/09/22
横浜DeNAベイスターズ,濱 将乃介,外野手,埼玉西武ライオンズ,,0,0,0,0,0,0,0,0,0,0,0,0,0,0,2026/09/22
横浜DeNAベイスターズ,濱 将乃介,外野手,千葉ロッテマリーンズ,,0,0,0,0,0,0,0,0,0,0,0,0,0,0,2026/09/22
横浜DeNAベイスターズ,濱 将乃介,外野手,中日ドラゴンズ,,0,0,0,0,0,0,0,0,0,0,0,0,0,0,2026/09/22
横浜DeNAベイスターズ,濱 将乃介,外野手,東京ヤクルトスワローズ,,0,0,0,0,0,0,0,0,0,0,0,0,0,0,2026/09/22
横浜DeNAベイスターズ,濱 将乃介,外野手,東北楽天ゴールデンイーグルス,,0,0,0,0,0,0,0,0,0,0,0,0,0,0,2026/09/22
横浜DeNAベイスターズ,濱 将乃介,外野手,読売ジャイアンツ,,0,0,0,0,0,0,0,0,0,0,0,0,0,0,2026/09/22
横浜DeNAベイスターズ,濱 将乃介,外野手,福岡ソフトバンクホークス,,0,0,0,0,0,0,0,0,0,0,0,0,0,0,2026/09/22
横浜DeNAベイスターズ,濱 将乃介,外野手,北海道日本ハムファイターズ,,0,0,0,0,0,0,0,0,0,0,0,0,0,0,2026/09/22
横浜DeNAベイスターズ,エンカーナシオン,外野手,オリックス・バファローズ,,0,0,0,0,0,0,0,0,0,0,0,0,0,0,2026/09/22
横浜DeNAベイスターズ,エンカーナシオン,外野手,広島東洋カープ,0.273,35,33,9,6,1,0,2,5,9,1,0,1,0,9,2026/09/22
横浜DeNAベイスターズ,エンカーナシオン,外野手,阪神タイガース,0.324,41,37,12,6,4,0,2,9,10,4,0,0,0,11,2026/09/22
横浜DeNAベイスターズ,エンカーナシオン,外野手,埼玉西武ライオンズ,,0,0,0,0,0,0,0,0,0,0,0,0,0,0,2026/09/22
横浜DeNAベイスターズ,エンカーナシオン,外野手,千葉ロッテマリーンズ,,0,0,0,0,0,0,0,0,0,0,0,0,0,0,2026/09/22
横浜DeNAベイスターズ,エンカーナシオン,外野手,中日ドラゴンズ,0.273,46,44,12,5,3,0,4,7,12,2,0,0,0,13,2026/09/22
横浜DeNAベイスターズ,エンカーナシオン,外野手,東京ヤクルトスワローズ,0.528,37,36,19,14,3,0,2,10,3,1,0,0,0,12,2026/09/22
横浜DeNAベイスターズ,エンカーナシオン,外野手,東北楽天ゴールデンイーグルス,,0,0,0,0,0,0,0,0,0,0,0,0,0,0,2026/09/22
横浜DeNAベイスターズ,エンカーナシオン,外野手,読売ジャイアンツ,0.238,45,42,10,8,1,0,1,7,11,2,0,1,0,12,2026/09/22
横浜DeNAベイスターズ,エンカーナシオン,外野手,福岡ソフトバンクホークス,,0,0,0,0,0,0,0,0,0,0,0,0,0,0,2026/09/22
横浜DeNAベイスターズ,エンカーナシオン,外野手,北海道日本ハムファイターズ,,0,0,0,0,0,0,0,0,0,0,0,0,0,0,2026/09/22
横浜DeNAベイスターズ,ヒュンメル,外野手,オリックス・バファローズ,0.250,9,8,2,1,1,0,0,1,3,0,0,0,1,3,2026/09/22
横浜DeNAベイスターズ,ヒュンメル,外野手,広島東洋カープ,0.375,19,16,6,4,1,0,1,2,4,1,0,1,1,8,2026/09/22
横浜DeNAベイスターズ,ヒュンメル,外野手,阪神タイガース,0.125,17,16,2,2,0,0,0,0,5,1,0,0,0,8,2026/09/22
横浜DeNAベイスターズ,ヒュンメル,外野手,埼玉西武ライオンズ,0.000,4,4,0,0,0,0,0,0,4,0,0,0,0,1,2026/09/22
横浜DeNAベイスターズ,ヒュンメル,外野手,千葉ロッテマリーンズ,1.000,1,1,1,1,0,0,0,0,0,0,0,0,0,1,2026/09/22
横浜DeNAベイスターズ,ヒュンメル,外野手,中日ドラゴンズ,0.286,30,28,8,5,1,0,2,6,8,2,0,0,0,11,2026/09/22
横浜DeNAベイスターズ,ヒュンメル,外野手,東京ヤクルトスワローズ,0.107,34,28,3,2,0,0,1,3,9,5,0,0,1,9,2026/09/22
横浜DeNAベイスターズ,ヒュンメル,外野手,東北楽天ゴールデンイーグルス,0.000,4,3,0,0,0,0,0,0,2,1,0,0,0,3,2026/09/22
横浜DeNAベイスターズ,ヒュンメル,外野手,読売ジャイアンツ,0.087,26,23,2,1,1,0,0,3,11,3,0,0,0,10,2026/09/22
横浜DeNAベイスターズ,ヒュンメル,外野手,福岡ソフトバンクホークス,0.429,8,7,3,1,1,0,1,3,2,1,0,0,0,3,2026/09/22
横浜DeNAベイスターズ,ヒュンメル,外野手,北海道日本ハムファイターズ,0.000,5,4,0,0,0,0,0,0,1,1,0,0,0,2,2026/09/22
広島東洋カープ,齊藤 汰直,投手,オリックス・バファローズ,,0,0,0,0,0,0,0,0,0,0,0,0,0,0,2026/09/22
広島東洋カープ,齊藤 汰直,投手,横浜DeNAベイスターズ,,0,0,0,0,0,0,0,0,0,0,0,0,0,0,2026/09/22
広島東洋カープ,齊藤 汰直,投手,阪神タイガース,,0,0,0,0,0,0,0,0,0,0,0,0,0,0,2026/09/22
広島東洋カープ,齊藤 汰直,投手,埼玉西武ライオンズ,,0,0,0,0,0,0,0,0,0,0,0,0,0,0,2026/09/22
広島東洋カープ,齊藤 汰直,投手,千葉ロッテマリーンズ,,0,0,0,0,0,0,0,0,0,0,0,0,0,0,2026/09/22
広島東洋カープ,齊藤 汰直,投手,中日ドラゴンズ,,0,0,0,0,0,0,0,0,0,0,0,0,0,0,2026/09/22
広島東洋カープ,齊藤 汰直,投手,東京ヤクルトスワローズ,,0,0,0,0,0,0,0,0,0,0,0,0,0,0,2026/09/22
広島東洋カープ,齊藤 汰直,投手,東北楽天ゴールデンイーグルス,,0,0,0,0,0,0,0,0,0,0,0,0,0,0,2026/09/22
広島東洋カープ,齊藤 汰直,投手,読売ジャイアンツ,,0,0,0,0,0,0,0,0,0,0,0,0,0,0,2026/09/22
広島東洋カープ,齊藤 汰直,投手,福岡ソフトバンクホークス,,0,0,0,0,0,0,0,0,0,0,0,0,0,0,2026/09/22
広島東洋カープ,齊藤 汰直,投手,北海道日本ハムファイターズ,,0,0,0,0,0,0,0,0,0,0,0,0,0,0,2026/09/22
広島東洋カープ,森浦 大輔,投手,オリックス・バファローズ,,0,0,0,0,0,0,0,0,0,0,0,0,0,0,2026/09/22
広島東洋カープ,森浦 大輔,投手,横浜DeNAベイスターズ,,0,0,0,0,0,0,0,0,0,0,0,0,0,0,2026/09/22
広島東洋カープ,森浦 大輔,投手,阪神タイガース,,0,0,0,0,0,0,0,0,0,0,0,0,0,0,2026/09/22
広島東洋カープ,森浦 大輔,投手,埼玉西武ライオンズ,,0,0,0,0,0,0,0,0,0,0,0,0,0,0,2026/09/22
広島東洋カープ,森浦 大輔,投手,千葉ロッテマリーンズ,,0,0,0,0,0,0,0,0,0,0,0,0,0,0,2026/09/22
広島東洋カープ,森浦 大輔,投手,中日ドラゴンズ,,0,0,0,0,0,0,0,0,0,0,0,0,0,0,2026/09/22
広島東洋カープ,森浦 大輔,投手,東京ヤクルトスワローズ,,0,0,0,0,0,0,0,0,0,0,0,0,0,0,2026/09/22
広島東洋カープ,森浦 大輔,投手,東北楽天ゴールデンイーグルス,,0,0,0,0,0,0,0,0,0,0,0,0,0,0,2026/09/22
広島東洋カープ,森浦 大輔,投手,読売ジャイアンツ,,0,0,0,0,0,0,0,0,0,0,0,0,0,0,2026/09/22
広島東洋カープ,森浦 大輔,投手,福岡ソフトバンクホークス,,0,0,0,0,0,0,0,0,0,0,0,0,0,0,2026/09/22
広島東洋カープ,森浦 大輔,投手,北海道日本ハムファイターズ,,0,0,0,0,0,0,0,0,0,0,0,0,0,0,2026/09/22
広島東洋カープ,大瀬良 大地,投手,オリックス・バファローズ,,0,0,0,0,0,0,0,0,0,0,0,0,0,0,2026/09/22
広島東洋カープ,大瀬良 大地,投手,横浜DeNAベイスターズ,0.000,1,1,0,0,0,0,0,0,1,0,0,0,0,1,2026/09/22
広島東洋カープ,大瀬良 大地,投手,阪神タイガース,,0,0,0,0,0,0,0,0,0,0,0,0,0,0,2026/09/22
広島東洋カープ,大瀬良 大地,投手,埼玉西武ライオンズ,,0,0,0,0,0,0,0,0,0,0,0,0,0,0,2026/09/22
広島東洋カープ,大瀬良 大地,投手,千葉ロッテマリーンズ,,0,0,0,0,0,0,0,0,0,0,0,0,0,0,2026/09/22
広島東洋カープ,大瀬良 大地,投手,中日ドラゴンズ,,0,0,0,0,0,0,0,0,0,0,0,0,0,0,2026/09/22
広島東洋カープ,大瀬良 大地,投手,東京ヤクルトスワローズ,1.000,1,1,1,1,0,0,0,0,0,0,0,0,0,1,2026/09/22
広島東洋カープ,大瀬良 大地,投手,東北楽天ゴールデンイーグルス,,0,0,0,0,0,0,0,0,0,0,0,0,0,0,2026/09/22
広島東洋カープ,大瀬良 大地,投手,読売ジャイアンツ,,0,0,0,0,0,0,0,0,0,0,0,0,0,0,2026/09/22
広島東洋カープ,大瀬良 大地,投手,福岡ソフトバンクホークス,,0,0,0,0,0,0,0,0,0,0,0,0,0,0,2026/09/22
広島東洋カープ,大瀬良 大地,投手,北海道日本ハムファイターズ,,0,0,0,0,0,0,0,0,0,0,0,0,0,0,2026/09/22
広島東洋カープ,森 翔平,投手,オリックス・バファローズ,,0,0,0,0,0,0,0,0,0,0,0,0,0,0,2026/09/22
広島東洋カープ,森 翔平,投手,横浜DeNAベイスターズ,0.000,1,1,0,0,0,0,0,0,0,0,0,0,0,1,2026/09/22
広島東洋カープ,森 翔平,投手,阪神タイガース,0.167,8,6,1,1,0,0,0,0,3,1,1,0,0,3,2026/09/22
広島東洋カープ,森 翔平,投手,埼玉西武ライオンズ,,0,0,0,0,0,0,0,0,0,0,0,0,0,0,2026/09/22
広島東洋カープ,森 翔平,投手,千葉ロッテマリーンズ,0.000,3,2,0,0,0,0,0,0,0,0,1,0,0,1,2026/09/22
広島東洋カープ,森 翔平,投手,中日ドラゴンズ,0.000,2,2,0,0,0,0,0,0,0,0,0,0,0,2,2026/09/22
広島東洋カープ,森 翔平,投手,東京ヤクルトスワローズ,0.000,9,7,0,0,0,0,0,0,5,1,1,0,0,3,2026/09/22
広島東洋カープ,森 翔平,投手,東北楽天ゴールデンイーグルス,,0,0,0,0,0,0,0,0,0,0,0,0,0,0,2026/09/22
広島東洋カープ,森 翔平,投手,読売ジャイアンツ,0.000,9,8,0,0,0,0,0,0,2,0,1,0,0,4,2026/09/22
広島東洋カープ,森 翔平,投手,福岡ソフトバンクホークス,,0,0,0,0,0,0,0,0,0,0,0,0,0,0,2026/09/22
広島東洋カープ,森 翔平,投手,北海道日本ハムファイターズ,0.000,2,2,0,0,0,0,0,0,1,0,0,0,0,1,2026/09/22
広島東洋カープ,常廣 羽也斗,投手,オリックス・バファローズ,,0,0,0,0,0,0,0,0,0,0,0,0,0,0,2026/09/22
広島東洋カープ,常廣 羽也斗,投手,横浜DeNAベイスターズ,,0,0,0,0,0,0,0,0,0,0,0,0,0,0,2026/09/22
広島東洋カープ,常廣 羽也斗,投手,阪神タイガース,,0,0,0,0,0,0,0,0,0,0,0,0,0,0,2026/09/22
広島東洋カープ,常廣 羽也斗,投手,埼玉西武ライオンズ,,0,0,0,0,0,0,0,0,0,0,0,0,0,0,2026/09/22
広島東洋カープ,常廣 羽也斗,投手,千葉ロッテマリーンズ,,0,0,0,0,0,0,0,0,0,0,0,0,0,0,2026/09/22
広島東洋カープ,常廣 羽也斗,投手,中日ドラゴンズ,,0,0,0,0,0,0,0,0,0,0,0,0,0,0,2026/09/22
広島東洋カープ,常廣 羽也斗,投手,東京ヤクルトスワローズ,,0,0,0,0,0,0,0,0,0,0,0,0,0,0,2026/09/22
広島東洋カープ,常廣 羽也斗,投手,東北楽天ゴールデンイーグルス,,0,0,0,0,0,0,0,0,0,0,0,0,0,0,2026/09/22
広島東洋カープ,常廣 羽也斗,投手,読売ジャイアンツ,,0,0,0,0,0,0,0,0,0,0,0,0,0,0,2026/09/22
広島東洋カープ,常廣 羽也斗,投手,福岡ソフトバンクホークス,,0,0,0,0,0,0,0,0,0,0,0,0,0,0,2026/09/22
広島東洋カープ,常廣 羽也斗,投手,北海道日本ハムファイターズ,,0,0,0,0,0,0,0,0,0,0,0,0,0,0,2026/09/22
広島東洋カープ,森下 暢仁,投手,オリックス・バファローズ,0.333,3,3,1,0,1,0,0,1,1,0,0,0,0,1,2026/09/22
広島東洋カープ,森下 暢仁,投手,横浜DeNAベイスターズ,0.286,8,7,2,2,0,0,0,1,3,0,1,0,0,3,2026/09/22
広島東洋カープ,森下 暢仁,投手,阪神タイガース,0.167,7,6,1,1,0,0,0,1,2,0,1,0,0,3,2026/09/22
広島東洋カープ,森下 暢仁,投手,埼玉西武ライオンズ,,0,0,0,0,0,0,0,0,0,0,0,0,0,0,2026/09/22
広島東洋カープ,森下 暢仁,投手,千葉ロッテマリーンズ,,0,0,0,0,0,0,0,0,0,0,0,0,0,0,2026/09/22
広島東洋カープ,森下 暢仁,投手,中日ドラゴンズ,0.500,4,4,2,2,0,0,0,0,1,0,0,0,0,3,2026/09/22
広島東洋カープ,森下 暢仁,投手,東京ヤクルトスワローズ,0.167,6,6,1,1,0,0,0,0,2,0,0,0,0,5,2026/09/22
広島東洋カープ,森下 暢仁,投手,東北楽天ゴールデンイーグルス,,0,0,0,0,0,0,0,0,0,0,0,0,0,0,2026/09/22
広島東洋カープ,森下 暢仁,投手,読売ジャイアンツ,0.000,10,7,0,0,0,0,0,0,1,1,2,0,0,4,2026/09/22
広島東洋カープ,森下 暢仁,投手,福岡ソフトバンクホークス,,0,0,0,0,0,0,0,0,0,0,0,0,0,0,2026/09/22
広島東洋カープ,森下 暢仁,投手,北海道日本ハムファイターズ,,0,0,0,0,0,0,0,0,0,0,0,0,0,0,2026/09/22
広島東洋カープ,床田 寛樹,投手,オリックス・バファローズ,,0,0,0,0,0,0,0,0,0,0,0,0,0,0,2026/09/22
広島東洋カープ,床田 寛樹,投手,横浜DeNAベイスターズ,0.100,11,10,1,1,0,0,0,1,3,1,0,0,0,5,2026/09/22
広島東洋カープ,床田 寛樹,投手,阪神タイガース,0.111,11,9,1,1,0,0,0,0,2,0,2,0,0,5,2026/09/22
広島東洋カープ,床田 寛樹,投手,埼玉西武ライオンズ,,0,0,0,0,0,0,0,0,0,0,0,0,0,0,2026/09/22
広島東洋カープ,床田 寛樹,投手,千葉ロッテマリーンズ,0.000,2,2,0,0,0,0,0,0,1,0,0,0,0,1,2026/09/22
広島東洋カープ,床田 寛樹,投手,中日ドラゴンズ,0.300,10,10,3,3,0,0,0,0,2,0,0,0,0,5,2026/09/22
広島東洋カープ,床田 寛樹,投手,東京ヤクルトスワローズ,,0,0,0,0,0,0,0,0,0,0,0,0,0,0,2026/09/22
広島東洋カープ,床田 寛樹,投手,東北楽天ゴールデンイーグルス,,0,0,0,0,0,0,0,0,0,0,0,0,0,0,2026/09/22
広島東洋カープ,床田 寛樹,投手,読売ジャイアンツ,0.111,10,9,1,1,0,0,0,1,3,0,1,0,0,3,2026/09/22
広島東洋カープ,床田 寛樹,投手,福岡ソフトバンクホークス,,0,0,0,0,0,0,0,0,0,0,0,0,0,0,2026/09/22
広島東洋カープ,床田 寛樹,投手,北海道日本ハムファイターズ,0.500,2,2,1,1,0,0,0,0,1,0,0,0,0,1,2026/09/22
広島東洋カープ,栗林 良吏,投手,オリックス・バファローズ,,0,0,0,0,0,0,0,0,0,0,0,0,0,0,2026/09/22
広島東洋カープ,栗林 良吏,投手,横浜DeNAベイスターズ,0.000,8,6,0,0,0,0,0,0,2,0,2,0,0,3,2026/09/22
広島東洋カープ,栗林 良吏,投手,阪神タイガース,0.071,17,14,1,1,0,0,0,0,5,0,3,0,0,5,2026/09/22
広島東洋カープ,栗林 良吏,投手,埼玉西武ライオンズ,,0,0,0,0,0,0,0,0,0,0,0,0,0,0,2026/09/22
広島東洋カープ,栗林 良吏,投手,千葉ロッテマリーンズ,,0,0,0,0,0,0,0,0,0,0,0,0,0,0,2026/09/22
広島東洋カープ,栗林 良吏,投手,中日ドラゴンズ,0.000,13,11,0,0,0,0,0,0,7,0,2,0,0,4,2026/09/22
広島東洋カープ,栗林 良吏,投手,東京ヤクルトスワローズ,0.200,5,5,1,1,0,0,0,0,2,0,0,0,0,3,2026/09/22
広島東洋カープ,栗林 良吏,投手,東北楽天ゴールデンイーグルス,,0,0,0,0,0,0,0,0,0,0,0,0,0,0,2026/09/22
広島東洋カープ,栗林 良吏,投手,読売ジャイアンツ,0.000,1,1,0,0,0,0,0,0,1,0,0,0,0,1,2026/09/22
広島東洋カープ,栗林 良吏,投手,福岡ソフトバンクホークス,,0,0,0,0,0,0,0,0,0,0,0,0,0,0,2026/09/22
広島東洋カープ,栗林 良吏,投手,北海道日本ハムファイターズ,,0,0,0,0,0,0,0,0,0,0,0,0,0,0,2026/09/22
広島東洋カープ,中﨑 翔太,投手,オリックス・バファローズ,,0,0,0,0,0,0,0,0,0,0,0,0,0,0,2026/09/22
広島東洋カープ,中﨑 翔太,投手,横浜DeNAベイスターズ,,0,0,0,0,0,0,0,0,0,0,0,0,0,0,2026/09/22
広島東洋カープ,中﨑 翔太,投手,阪神タイガース,,0,0,0,0,0,0,0,0,0,0,0,0,0,0,2026/09/22
広島東洋カープ,中﨑 翔太,投手,埼玉西武ライオンズ,,0,0,0,0,0,0,0,0,0,0,0,0,0,0,2026/09/22
広島東洋カープ,中﨑 翔太,投手,千葉ロッテマリーンズ,,0,0,0,0,0,0,0,0,0,0,0,0,0,0,2026/09/22
広島東洋カープ,中﨑 翔太,投手,中日ドラゴンズ,,0,0,0,0,0,0,0,0,0,0,0,0,0,0,2026/09/22
広島東洋カープ,中﨑 翔太,投手,東京ヤクルトスワローズ,,0,0,0,0,0,0,0,0,0,0,0,0,0,0,2026/09/22
広島東洋カープ,中﨑 翔太,投手,東北楽天ゴールデンイーグルス,,0,0,0,0,0,0,0,0,0,0,0,0,0,0,2026/09/22
広島東洋カープ,中﨑 翔太,投手,読売ジャイアンツ,,0,0,0,0,0,0,0,0,0,0,0,0,0,0,2026/09/22
広島東洋カープ,中﨑 翔太,投手,福岡ソフトバンクホークス,,0,0,0,0,0,0,0,0,0,0,0,0,0,0,2026/09/22
広島東洋カープ,中﨑 翔太,投手,北海道日本ハムファイターズ,,0,0,0,0,0,0,0,0,0,0,0,0,0,0,2026/09/22
広島東洋カープ,髙 太一,投手,オリックス・バファローズ,,0,0,0,0,0,0,0,0,0,0,0,0,0,0,2026/09/22
広島東洋カープ,髙 太一,投手,横浜DeNAベイスターズ,,0,0,0,0,0,0,0,0,0,0,0,0,0,0,2026/09/22
広島東洋カープ,髙 太一,投手,阪神タイガース,,0,0,0,0,0,0,0,0,0,0,0,0,0,0,2026/09/22
広島東洋カープ,髙 太一,投手,埼玉西武ライオンズ,,0,0,0,0,0,0,0,0,0,0,0,0,0,0,2026/09/22
広島東洋カープ,髙 太一,投手,千葉ロッテマリーンズ,,0,0,0,0,0,0,0,0,0,0,0,0,0,0,2026/09/22
広島東洋カープ,髙 太一,投手,中日ドラゴンズ,,0,0,0,0,0,0,0,0,0,0,0,0,0,0,2026/09/22
広島東洋カープ,髙 太一,投手,東京ヤクルトスワローズ,,0,0,0,0,0,0,0,0,0,0,0,0,0,0,2026/09/22
広島東洋カープ,髙 太一,投手,東北楽天ゴールデンイーグルス,,0,0,0,0,0,0,0,0,0,0,0,0,0,0,2026/09/22
広島東洋カープ,髙 太一,投手,読売ジャイアンツ,,0,0,0,0,0,0,0,0,0,0,0,0,0,0,2026/09/22
広島東洋カープ,髙 太一,投手,福岡ソフトバンクホークス,,0,0,0,0,0,0,0,0,0,0,0,0,0,0,2026/09/22
広島東洋カープ,髙 太一,投手,北海道日本ハムファイターズ,,0,0,0,0,0,0,0,0,0,0,0,0,0,0,2026/09/22
広島東洋カープ,黒原 拓未,投手,オリックス・バファローズ,,0,0,0,0,0,0,0,0,0,0,0,0,0,0,2026/09/22
広島東洋カープ,黒原 拓未,投手,横浜DeNAベイスターズ,,0,0,0,0,0,0,0,0,0,0,0,0,0,0,2026/09/22
広島東洋カープ,黒原 拓未,投手,阪神タイガース,,0,0,0,0,0,0,0,0,0,0,0,0,0,0,2026/09/22
広島東洋カープ,黒原 拓未,投手,埼玉西武ライオンズ,,0,0,0,0,0,0,0,0,0,0,0,0,0,0,2026/09/22
広島東洋カープ,黒原 拓未,投手,千葉ロッテマリーンズ,,0,0,0,0,0,0,0,0,0,0,0,0,0,0,2026/09/22
広島東洋カープ,黒原 拓未,投手,中日ドラゴンズ,,0,0,0,0,0,0,0,0,0,0,0,0,0,0,2026/09/22
広島東洋カープ,黒原 拓未,投手,東京ヤクルトスワローズ,,0,0,0,0,0,0,0,0,0,0,0,0,0,0,2026/09/22
広島東洋カープ,黒原 拓未,投手,東北楽天ゴールデンイーグルス,,0,0,0,0,0,0,0,0,0,0,0,0,0,0,2026/09/22
広島東洋カープ,黒原 拓未,投手,読売ジャイアンツ,,0,0,0,0,0,0,0,0,0,0,0,0,0,0,2026/09/22
広島東洋カープ,黒原 拓未,投手,福岡ソフトバンクホークス,,0,0,0,0,0,0,0,0,0,0,0,0,0,0,2026/09/22
広島東洋カープ,黒原 拓未,投手,北海道日本ハムファイターズ,,0,0,0,0,0,0,0,0,0,0,0,0,0,0,2026/09/22
広島東洋カープ,益田 武尚,投手,オリックス・バファローズ,,0,0,0,0,0,0,0,0,0,0,0,0,0,0,2026/09/22
広島東洋カープ,益田 武尚,投手,横浜DeNAベイスターズ,,0,0,0,0,0,0,0,0,0,0,0,0,0,0,2026/09/22
広島東洋カープ,益田 武尚,投手,阪神タイガース,,0,0,0,0,0,0,0,0,0,0,0,0,0,0,2026/09/22
広島東洋カープ,益田 武尚,投手,埼玉西武ライオンズ,,0,0,0,0,0,0,0,0,0,0,0,0,0,0,2026/09/22
広島東洋カープ,益田 武尚,投手,千葉ロッテマリーンズ,,0,0,0,0,0,0,0,0,0,0,0,0,0,0,2026/09/22
広島東洋カープ,益田 武尚,投手,中日ドラゴンズ,,0,0,0,0,0,0,0,0,0,0,0,0,0,0,2026/09/22
広島東洋カープ,益田 武尚,投手,東京ヤクルトスワローズ,,0,0,0,0,0,0,0,0,0,0,0,0,0,0,2026/09/22
広島東洋カープ,益田 武尚,投手,東北楽天ゴールデンイーグルス,,0,0,0,0,0,0,0,0,0,0,0,0,0,0,2026/09/22
広島東洋カープ,益田 武尚,投手,読売ジャイアンツ,,0,0,0,0,0,0,0,0,0,0,0,0,0,0,2026/09/22
広島東洋カープ,益田 武尚,投手,福岡ソフトバンクホークス,,0,0,0,0,0,0,0,0,0,0,0,0,0,0,2026/09/22
広島東洋カープ,益田 武尚,投手,北海道日本ハムファイターズ,,0,0,0,0,0,0,0,0,0,0,0,0,0,0,2026/09/22
広島東洋カープ,佐藤 柳之介,投手,オリックス・バファローズ,,0,0,0,0,0,0,0,0,0,0,0,0,0,0,2026/09/22
広島東洋カープ,佐藤 柳之介,投手,横浜DeNAベイスターズ,,0,0,0,0,0,0,0,0,0,0,0,0,0,0,2026/09/22
広島東洋カープ,佐藤 柳之介,投手,阪神タイガース,,0,0,0,0,0,0,0,0,0,0,0,0,0,0,2026/09/22
広島東洋カープ,佐藤 柳之介,投手,埼玉西武ライオンズ,,0,0,0,0,0,0,0,0,0,0,0,0,0,0,2026/09/22
広島東洋カープ,佐藤 柳之介,投手,千葉ロッテマリーンズ,,0,0,0,0,0,0,0,0,0,0,0,0,0,0,2026/09/22
広島東洋カープ,佐藤 柳之介,投手,中日ドラゴンズ,,0,0,0,0,0,0,0,0,0,0,0,0,0,0,2026/09/22
広島東洋カープ,佐藤 柳之介,投手,東京ヤクルトスワローズ,,0,0,0,0,0,0,0,0,0,0,0,0,0,0,2026/09/22
広島東洋カープ,佐藤 柳之介,投手,東北楽天ゴールデンイーグルス,,0,0,0,0,0,0,0,0,0,0,0,0,0,0,2026/09/22
広島東洋カープ,佐藤 柳之介,投手,読売ジャイアンツ,,0,0,0,0,0,0,0,0,0,0,0,0,0,0,2026/09/22
広島東洋カープ,佐藤 柳之介,投手,福岡ソフトバンクホークス,,0,0,0,0,0,0,0,0,0,0,0,0,0,0,2026/09/22
広島東洋カープ,佐藤 柳之介,投手,北海道日本ハムファイターズ,,0,0,0,0,0,0,0,0,0,0,0,0,0,0,2026/09/22
広島東洋カープ,ケムナ 誠,投手,オリックス・バファローズ,,0,0,0,0,0,0,0,0,0,0,0,0,0,0,2026/09/22
広島東洋カープ,ケムナ 誠,投手,横浜DeNAベイスターズ,,0,0,0,0,0,0,0,0,0,0,0,0,0,0,2026/09/22
広島東洋カープ,ケムナ 誠,投手,阪神タイガース,,0,0,0,0,0,0,0,0,0,0,0,0,0,0,2026/09/22
広島東洋カープ,ケムナ 誠,投手,埼玉西武ライオンズ,,0,0,0,0,0,0,0,0,0,0,0,0,0,0,2026/09/22
広島東洋カープ,ケムナ 誠,投手,千葉ロッテマリーンズ,,0,0,0,0,0,0,0,0,0,0,0,0,0,0,2026/09/22
広島東洋カープ,ケムナ 誠,投手,中日ドラゴンズ,,0,0,0,0,0,0,0,0,0,0,0,0,0,0,2026/09/22
広島東洋カープ,ケムナ 誠,投手,東京ヤクルトスワローズ,,0,0,0,0,0,0,0,0,0,0,0,0,0,0,2026/09/22
広島東洋カープ,ケムナ 誠,投手,東北楽天ゴールデンイーグルス,,0,0,0,0,0,0,0,0,0,0,0,0,0,0,2026/09/22
広島東洋カープ,ケムナ 誠,投手,読売ジャイアンツ,,0,0,0,0,0,0,0,0,0,0,0,0,0,0,2026/09/22
広島東洋カープ,ケムナ 誠,投手,福岡ソフトバンクホークス,,0,0,0,0,0,0,0,0,0,0,0,0,0,0,2026/09/22
広島東洋カープ,ケムナ 誠,投手,北海道日本ハムファイターズ,,0,0,0,0,0,0,0,0,0,0,0,0,0,0,2026/09/22
広島東洋カープ,滝田 一希,投手,オリックス・バファローズ,,0,0,0,0,0,0,0,0,0,0,0,0,0,0,2026/09/22
広島東洋カープ,滝田 一希,投手,横浜DeNAベイスターズ,,0,0,0,0,0,0,0,0,0,0,0,0,0,0,2026/09/22
広島東洋カープ,滝田 一希,投手,阪神タイガース,,0,0,0,0,0,0,0,0,0,0,0,0,0,0,2026/09/22
広島東洋カープ,滝田 一希,投手,埼玉西武ライオンズ,,0,0,0,0,0,0,0,0,0,0,0,0,0,0,2026/09/22
広島東洋カープ,滝田 一希,投手,千葉ロッテマリーンズ,,0,0,0,0,0,0,0,0,0,0,0,0,0,0,2026/09/22
広島東洋カープ,滝田 一希,投手,中日ドラゴンズ,,0,0,0,0,0,0,0,0,0,0,0,0,0,0,2026/09/22
広島東洋カープ,滝田 一希,投手,東京ヤクルトスワローズ,,0,0,0,0,0,0,0,0,0,0,0,0,0,0,2026/09/22
広島東洋カープ,滝田 一希,投手,東北楽天ゴールデンイーグルス,,0,0,0,0,0,0,0,0,0,0,0,0,0,0,2026/09/22
広島東洋カープ,滝田 一希,投手,読売ジャイアンツ,,0,0,0,0,0,0,0,0,0,0,0,0,0,0,2026/09/22
広島東洋カープ,滝田 一希,投手,福岡ソフトバンクホークス,,0,0,0,0,0,0,0,0,0,0,0,0,0,0,2026/09/22
広島東洋カープ,滝田 一希,投手,北海道日本ハムファイターズ,,0,0,0,0,0,0,0,0,0,0,0,0,0,0,2026/09/22
広島東洋カープ,高橋 昂也,投手,オリックス・バファローズ,,0,0,0,0,0,0,0,0,0,0,0,0,0,0,2026/09/22
広島東洋カープ,高橋 昂也,投手,横浜DeNAベイスターズ,,0,0,0,0,0,0,0,0,0,0,0,0,0,0,2026/09/22
広島東洋カープ,高橋 昂也,投手,阪神タイガース,,0,0,0,0,0,0,0,0,0,0,0,0,0,0,2026/09/22
広島東洋カープ,高橋 昂也,投手,埼玉西武ライオンズ,,0,0,0,0,0,0,0,0,0,0,0,0,0,0,2026/09/22
広島東洋カープ,高橋 昂也,投手,千葉ロッテマリーンズ,,0,0,0,0,0,0,0,0,0,0,0,0,0,0,2026/09/22
広島東洋カープ,高橋 昂也,投手,中日ドラゴンズ,,0,0,0,0,0,0,0,0,0,0,0,0,0,0,2026/09/22
広島東洋カープ,高橋 昂也,投手,東京ヤクルトスワローズ,,0,0,0,0,0,0,0,0,0,0,0,0,0,0,2026/09/22
広島東洋カープ,高橋 昂也,投手,東北楽天ゴールデンイーグルス,,0,0,0,0,0,0,0,0,0,0,0,0,0,0,2026/09/22
広島東洋カープ,高橋 昂也,投手,読売ジャイアンツ,,0,0,0,0,0,0,0,0,0,0,0,0,0,0,2026/09/22
広島東洋カープ,高橋 昂也,投手,福岡ソフトバンクホークス,,0,0,0,0,0,0,0,0,0,0,0,0,0,0,2026/09/22
広島東洋カープ,高橋 昂也,投手,北海道日本ハムファイターズ,,0,0,0,0,0,0,0,0,0,0,0,0,0,0,2026/09/22
広島東洋カープ,工藤 泰己,投手,オリックス・バファローズ,,0,0,0,0,0,0,0,0,0,0,0,0,0,0,2026/09/22
広島東洋カープ,工藤 泰己,投手,横浜DeNAベイスターズ,,0,0,0,0,0,0,0,0,0,0,0,0,0,0,2026/09/22
広島東洋カープ,工藤 泰己,投手,阪神タイガース,,0,0,0,0,0,0,0,0,0,0,0,0,0,0,2026/09/22
広島東洋カープ,工藤 泰己,投手,埼玉西武ライオンズ,,0,0,0,0,0,0,0,0,0,0,0,0,0,0,2026/09/22
広島東洋カープ,工藤 泰己,投手,千葉ロッテマリーンズ,,0,0,0,0,0,0,0,0,0,0,0,0,0,0,2026/09/22
広島東洋カープ,工藤 泰己,投手,中日ドラゴンズ,,0,0,0,0,0,0,0,0,0,0,0,0,0,0,2026/09/22
広島東洋カープ,工藤 泰己,投手,東京ヤクルトスワローズ,,0,0,0,0,0,0,0,0,0,0,0,0,0,0,2026/09/22
広島東洋カープ,工藤 泰己,投手,東北楽天ゴールデンイーグルス,,0,0,0,0,0,0,0,0,0,0,0,0,0,0,2026/09/22
広島東洋カープ,工藤 泰己,投手,読売ジャイアンツ,,0,0,0,0,0,0,0,0,0,0,0,0,0,0,2026/09/22
広島東洋カープ,工藤 泰己,投手,福岡ソフトバンクホークス,,0,0,0,0,0,0,0,0,0,0,0,0,0,0,2026/09/22
広島東洋カープ,工藤 泰己,投手,北海道日本ハムファイターズ,,0,0,0,0,0,0,0,0,0,0,0,0,0,0,2026/09/22
広島東洋カープ,塹江 敦哉,投手,オリックス・バファローズ,,0,0,0,0,0,0,0,0,0,0,0,0,0,0,2026/09/22
広島東洋カープ,塹江 敦哉,投手,横浜DeNAベイスターズ,,0,0,0,0,0,0,0,0,0,0,0,0,0,0,2026/09/22
広島東洋カープ,塹江 敦哉,投手,阪神タイガース,,0,0,0,0,0,0,0,0,0,0,0,0,0,0,2026/09/22
広島東洋カープ,塹江 敦哉,投手,埼玉西武ライオンズ,,0,0,0,0,0,0,0,0,0,0,0,0,0,0,2026/09/22
広島東洋カープ,塹江 敦哉,投手,千葉ロッテマリーンズ,,0,0,0,0,0,0,0,0,0,0,0,0,0,0,2026/09/22
広島東洋カープ,塹江 敦哉,投手,中日ドラゴンズ,,0,0,0,0,0,0,0,0,0,0,0,0,0,0,2026/09/22
広島東洋カープ,塹江 敦哉,投手,東京ヤクルトスワローズ,,0,0,0,0,0,0,0,0,0,0,0,0,0,0,2026/09/22
広島東洋カープ,塹江 敦哉,投手,東北楽天ゴールデンイーグルス,,0,0,0,0,0,0,0,0,0,0,0,0,0,0,2026/09/22
広島東洋カープ,塹江 敦哉,投手,読売ジャイアンツ,,0,0,0,0,0,0,0,0,0,0,0,0,0,0,2026/09/22
広島東洋カープ,塹江 敦哉,投手,福岡ソフトバンクホークス,,0,0,0,0,0,0,0,0,0,0,0,0,0,0,2026/09/22
広島東洋カープ,塹江 敦哉,投手,北海道日本ハムファイターズ,,0,0,0,0,0,0,0,0,0,0,0,0,0,0,2026/09/22
広島東洋カープ,赤木 晴哉,投手,オリックス・バファローズ,,0,0,0,0,0,0,0,0,0,0,0,0,0,0,2026/09/22
広島東洋カープ,赤木 晴哉,投手,横浜DeNAベイスターズ,,0,0,0,0,0,0,0,0,0,0,0,0,0,0,2026/09/22
広島東洋カープ,赤木 晴哉,投手,阪神タイガース,,0,0,0,0,0,0,0,0,0,0,0,0,0,0,2026/09/22
広島東洋カープ,赤木 晴哉,投手,埼玉西武ライオンズ,,0,0,0,0,0,0,0,0,0,0,0,0,0,0,2026/09/22
広島東洋カープ,赤木 晴哉,投手,千葉ロッテマリーンズ,,0,0,0,0,0,0,0,0,0,0,0,0,0,0,2026/09/22
広島東洋カープ,赤木 晴哉,投手,中日ドラゴンズ,,0,0,0,0,0,0,0,0,0,0,0,0,0,0,2026/09/22
広島東洋カープ,赤木 晴哉,投手,東京ヤクルトスワローズ,,0,0,0,0,0,0,0,0,0,0,0,0,0,0,2026/09/22
広島東洋カープ,赤木 晴哉,投手,東北楽天ゴールデンイーグルス,,0,0,0,0,0,0,0,0,0,0,0,0,0,0,2026/09/22
広島東洋カープ,赤木 晴哉,投手,読売ジャイアンツ,,0,0,0,0,0,0,0,0,0,0,0,0,0,0,2026/09/22
広島東洋カープ,赤木 晴哉,投手,福岡ソフトバンクホークス,,0,0,0,0,0,0,0,0,0,0,0,0,0,0,2026/09/22
広島東洋カープ,赤木 晴哉,投手,北海道日本ハムファイターズ,,0,0,0,0,0,0,0,0,0,0,0,0,0,0,2026/09/22
広島東洋カープ,長谷部 銀次,投手,オリックス・バファローズ,,0,0,0,0,0,0,0,0,0,0,0,0,0,0,2026/09/22
広島東洋カープ,長谷部 銀次,投手,横浜DeNAベイスターズ,,0,0,0,0,0,0,0,0,0,0,0,0,0,0,2026/09/22
広島東洋カープ,長谷部 銀次,投手,阪神タイガース,,0,0,0,0,0,0,0,0,0,0,0,0,0,0,2026/09/22
広島東洋カープ,長谷部 銀次,投手,埼玉西武ライオンズ,,0,0,0,0,0,0,0,0,0,0,0,0,0,0,2026/09/22
広島東洋カープ,長谷部 銀次,投手,千葉ロッテマリーンズ,,0,0,0,0,0,0,0,0,0,0,0,0,0,0,2026/09/22
広島東洋カープ,長谷部 銀次,投手,中日ドラゴンズ,,0,0,0,0,0,0,0,0,0,0,0,0,0,0,2026/09/22
広島東洋カープ,長谷部 銀次,投手,東京ヤクルトスワローズ,,0,0,0,0,0,0,0,0,0,0,0,0,0,0,2026/09/22
広島東洋カープ,長谷部 銀次,投手,東北楽天ゴールデンイーグルス,,0,0,0,0,0,0,0,0,0,0,0,0,0,0,2026/09/22
広島東洋カープ,長谷部 銀次,投手,読売ジャイアンツ,,0,0,0,0,0,0,0,0,0,0,0,0,0,0,2026/09/22
広島東洋カープ,長谷部 銀次,投手,福岡ソフトバンクホークス,,0,0,0,0,0,0,0,0,0,0,0,0,0,0,2026/09/22
広島東洋カープ,長谷部 銀次,投手,北海道日本ハムファイターズ,,0,0,0,0,0,0,0,0,0,0,0,0,0,0,2026/09/22
広島東洋カープ,鈴木 健矢,投手,オリックス・バファローズ,,0,0,0,0,0,0,0,0,0,0,0,0,0,0,2026/09/22
広島東洋カープ,鈴木 健矢,投手,横浜DeNAベイスターズ,0.000,4,4,0,0,0,0,0,0,2,0,0,0,0,2,2026/09/22
広島東洋カープ,鈴木 健矢,投手,阪神タイガース,,0,0,0,0,0,0,0,0,0,0,0,0,0,0,2026/09/22
広島東洋カープ,鈴木 健矢,投手,埼玉西武ライオンズ,,0,0,0,0,0,0,0,0,0,0,0,0,0,0,2026/09/22
広島東洋カープ,鈴木 健矢,投手,千葉ロッテマリーンズ,1.000,1,1,1,1,0,0,0,1,0,0,0,0,0,1,2026/09/22
広島東洋カープ,鈴木 健矢,投手,中日ドラゴンズ,0.000,7,6,0,0,0,0,0,0,2,1,0,0,0,4,2026/09/22
広島東洋カープ,鈴木 健矢,投手,東京ヤクルトスワローズ,0.000,3,2,0,0,0,0,0,0,1,0,1,0,0,2,2026/09/22
広島東洋カープ,鈴木 健矢,投手,東北楽天ゴールデンイーグルス,,0,0,0,0,0,0,0,0,0,0,0,0,0,0,2026/09/22
広島東洋カープ,鈴木 健矢,投手,読売ジャイアンツ,,0,0,0,0,0,0,0,0,0,0,0,0,0,0,2026/09/22
広島東洋カープ,鈴木 健矢,投手,福岡ソフトバンクホークス,,0,0,0,0,0,0,0,0,0,0,0,0,0,0,2026/09/22
広島東洋カープ,鈴木 健矢,投手,北海道日本ハムファイターズ,,0,0,0,0,0,0,0,0,0,0,0,0,0,0,2026/09/22
広島東洋カープ,ターノック,投手,オリックス・バファローズ,,0,0,0,0,0,0,0,0,0,0,0,0,0,0,2026/09/22
広島東洋カープ,ターノック,投手,横浜DeNAベイスターズ,0.500,3,2,1,1,0,0,0,0,1,0,1,0,0,2,2026/09/22
広島東洋カープ,ターノック,投手,阪神タイガース,0.000,5,3,0,0,0,0,0,0,0,0,2,0,0,2,2026/09/22
広島東洋カープ,ターノック,投手,埼玉西武ライオンズ,,0,0,0,0,0,0,0,0,0,0,0,0,0,0,2026/09/22
広島東洋カープ,ターノック,投手,千葉ロッテマリーンズ,,0,0,0,0,0,0,0,0,0,0,0,0,0,0,2026/09/22
広島東洋カープ,ターノック,投手,中日ドラゴンズ,0.333,3,3,1,0,1,0,0,0,1,0,0,0,0,2,2026/09/22
広島東洋カープ,ターノック,投手,東京ヤクルトスワローズ,0.000,1,1,0,0,0,0,0,0,1,0,0,0,0,1,2026/09/22
広島東洋カープ,ターノック,投手,東北楽天ゴールデンイーグルス,,0,0,0,0,0,0,0,0,0,0,0,0,0,0,2026/09/22
広島東洋カープ,ターノック,投手,読売ジャイアンツ,,0,0,0,0,0,0,0,0,0,0,0,0,0,0,2026/09/22
広島東洋カープ,ターノック,投手,福岡ソフトバンクホークス,,0,0,0,0,0,0,0,0,0,0,0,0,0,0,2026/09/22
広島東洋カープ,ターノック,投手,北海道日本ハムファイターズ,,0,0,0,0,0,0,0,0,0,0,0,0,0,0,2026/09/22
広島東洋カープ,島内 颯太郎,投手,オリックス・バファローズ,,0,0,0,0,0,0,0,0,0,0,0,0,0,0,2026/09/22
広島東洋カープ,島内 颯太郎,投手,横浜DeNAベイスターズ,,0,0,0,0,0,0,0,0,0,0,0,0,0,0,2026/09/22
広島東洋カープ,島内 颯太郎,投手,阪神タイガース,,0,0,0,0,0,0,0,0,0,0,0,0,0,0,2026/09/22
広島東洋カープ,島内 颯太郎,投手,埼玉西武ライオンズ,,0,0,0,0,0,0,0,0,0,0,0,0,0,0,2026/09/22
広島東洋カープ,島内 颯太郎,投手,千葉ロッテマリーンズ,,0,0,0,0,0,0,0,0,0,0,0,0,0,0,2026/09/22
広島東洋カープ,島内 颯太郎,投手,中日ドラゴンズ,,0,0,0,0,0,0,0,0,0,0,0,0,0,0,2026/09/22
広島東洋カープ,島内 颯太郎,投手,東京ヤクルトスワローズ,,0,0,0,0,0,0,0,0,0,0,0,0,0,0,2026/09/22
広島東洋カープ,島内 颯太郎,投手,東北楽天ゴールデンイーグルス,,0,0,0,0,0,0,0,0,0,0,0,0,0,0,2026/09/22
広島東洋カープ,島内 颯太郎,投手,読売ジャイアンツ,,0,0,0,0,0,0,0,0,0,0,0,0,0,0,2026/09/22
広島東洋カープ,島内 颯太郎,投手,福岡ソフトバンクホークス,,0,0,0,0,0,0,0,0,0,0,0,0,0,0,2026/09/22
広島東洋カープ,島内 颯太郎,投手,北海道日本ハムファイターズ,,0,0,0,0,0,0,0,0,0,0,0,0,0,0,2026/09/22
広島東洋カープ,松本 竜也,投手,オリックス・バファローズ,,0,0,0,0,0,0,0,0,0,0,0,0,0,0,2026/09/22
広島東洋カープ,松本 竜也,投手,横浜DeNAベイスターズ,,0,0,0,0,0,0,0,0,0,0,0,0,0,0,2026/09/22
広島東洋カープ,松本 竜也,投手,阪神タイガース,,0,0,0,0,0,0,0,0,0,0,0,0,0,0,2026/09/22
広島東洋カープ,松本 竜也,投手,埼玉西武ライオンズ,,0,0,0,0,0,0,0,0,0,0,0,0,0,0,2026/09/22
広島東洋カープ,松本 竜也,投手,千葉ロッテマリーンズ,,0,0,0,0,0,0,0,0,0,0,0,0,0,0,2026/09/22
広島東洋カープ,松本 竜也,投手,中日ドラゴンズ,,0,0,0,0,0,0,0,0,0,0,0,0,0,0,2026/09/22
広島東洋カープ,松本 竜也,投手,東京ヤクルトスワローズ,,0,0,0,0,0,0,0,0,0,0,0,0,0,0,2026/09/22
広島東洋カープ,松本 竜也,投手,東北楽天ゴールデンイーグルス,,0,0,0,0,0,0,0,0,0,0,0,0,0,0,2026/09/22
広島東洋カープ,松本 竜也,投手,読売ジャイアンツ,,0,0,0,0,0,0,0,0,0,0,0,0,0,0,2026/09/22
広島東洋カープ,松本 竜也,投手,福岡ソフトバンクホークス,,0,0,0,0,0,0,0,0,0,0,0,0,0,0,2026/09/22
広島東洋カープ,松本 竜也,投手,北海道日本ハムファイターズ,,0,0,0,0,0,0,0,0,0,0,0,0,0,0,2026/09/22
広島東洋カープ,髙木 快大,投手,オリックス・バファローズ,,0,0,0,0,0,0,0,0,0,0,0,0,0,0,2026/09/22
広島東洋カープ,髙木 快大,投手,横浜DeNAベイスターズ,,0,0,0,0,0,0,0,0,0,0,0,0,0,0,2026/09/22
広島東洋カープ,髙木 快大,投手,阪神タイガース,,0,0,0,0,0,0,0,0,0,0,0,0,0,0,2026/09/22
広島東洋カープ,髙木 快大,投手,埼玉西武ライオンズ,,0,0,0,0,0,0,0,0,0,0,0,0,0,0,2026/09/22
広島東洋カープ,髙木 快大,投手,千葉ロッテマリーンズ,,0,0,0,0,0,0,0,0,0,0,0,0,0,0,2026/09/22
広島東洋カープ,髙木 快大,投手,中日ドラゴンズ,,0,0,0,0,0,0,0,0,0,0,0,0,0,0,2026/09/22
広島東洋カープ,髙木 快大,投手,東京ヤクルトスワローズ,,0,0,0,0,0,0,0,0,0,0,0,0,0,0,2026/09/22
広島東洋カープ,髙木 快大,投手,東北楽天ゴールデンイーグルス,,0,0,0,0,0,0,0,0,0,0,0,0,0,0,2026/09/22
広島東洋カープ,髙木 快大,投手,読売ジャイアンツ,,0,0,0,0,0,0,0,0,0,0,0,0,0,0,2026/09/22
広島東洋カープ,髙木 快大,投手,福岡ソフトバンクホークス,,0,0,0,0,0,0,0,0,0,0,0,0,0,0,2026/09/22
広島東洋カープ,髙木 快大,投手,北海道日本ハムファイターズ,,0,0,0,0,0,0,0,0,0,0,0,0,0,0,2026/09/22
広島東洋カープ,斉藤 優汰,投手,オリックス・バファローズ,,0,0,0,0,0,0,0,0,0,0,0,0,0,0,2026/09/22
広島東洋カープ,斉藤 優汰,投手,横浜DeNAベイスターズ,0.000,2,2,0,0,0,0,0,0,1,0,0,0,0,2,2026/09/22
広島東洋カープ,斉藤 優汰,投手,阪神タイガース,1.000,2,1,1,1,0,0,0,0,0,1,0,0,0,1,2026/09/22
広島東洋カープ,斉藤 優汰,投手,埼玉西武ライオンズ,,0,0,0,0,0,0,0,0,0,0,0,0,0,0,2026/09/22
広島東洋カープ,斉藤 優汰,投手,千葉ロッテマリーンズ,,0,0,0,0,0,0,0,0,0,0,0,0,0,0,2026/09/22
広島東洋カープ,斉藤 優汰,投手,中日ドラゴンズ,0.000,2,2,0,0,0,0,0,0,2,0,0,0,0,2,2026/09/22
広島東洋カープ,斉藤 優汰,投手,東京ヤクルトスワローズ,,0,0,0,0,0,0,0,0,0,0,0,0,0,0,2026/09/22
広島東洋カープ,斉藤 優汰,投手,東北楽天ゴールデンイーグルス,,0,0,0,0,0,0,0,0,0,0,0,0,0,0,2026/09/22
広島東洋カープ,斉藤 優汰,投手,読売ジャイアンツ,0.000,2,2,0,0,0,0,0,0,0,0,0,0,0,1,2026/09/22
広島東洋カープ,斉藤 優汰,投手,福岡ソフトバンクホークス,,0,0,0,0,0,0,0,0,0,0,0,0,0,0,2026/09/22
広島東洋カープ,斉藤 優汰,投手,北海道日本ハムファイターズ,0.000,1,1,0,0,0,0,0,0,1,0,0,0,0,1,2026/09/22
広島東洋カープ,アドゥワ 誠,投手,オリックス・バファローズ,,0,0,0,0,0,0,0,0,0,0,0,0,0,0,2026/09/22
広島東洋カープ,アドゥワ 誠,投手,横浜DeNAベイスターズ,,0,0,0,0,0,0,0,0,0,0,0,0,0,0,2026/09/22
広島東洋カープ,アドゥワ 誠,投手,阪神タイガース,0.000,1,1,0,0,0,0,0,0,1,0,0,0,0,1,2026/09/22
広島東洋カープ,アドゥワ 誠,投手,埼玉西武ライオンズ,,0,0,0,0,0,0,0,0,0,0,0,0,0,0,2026/09/22
広島東洋カープ,アドゥワ 誠,投手,千葉ロッテマリーンズ,,0,0,0,0,0,0,0,0,0,0,0,0,0,0,2026/09/22
広島東洋カープ,アドゥワ 誠,投手,中日ドラゴンズ,,0,0,0,0,0,0,0,0,0,0,0,0,0,0,2026/09/22
広島東洋カープ,アドゥワ 誠,投手,東京ヤクルトスワローズ,1.000,1,1,1,1,0,0,0,0,0,0,0,0,0,1,2026/09/22
広島東洋カープ,アドゥワ 誠,投手,東北楽天ゴールデンイーグルス,,0,0,0,0,0,0,0,0,0,0,0,0,0,0,2026/09/22
広島東洋カープ,アドゥワ 誠,投手,読売ジャイアンツ,,0,0,0,0,0,0,0,0,0,0,0,0,0,0,2026/09/22
広島東洋カープ,アドゥワ 誠,投手,福岡ソフトバンクホークス,,0,0,0,0,0,0,0,0,0,0,0,0,0,0,2026/09/22
広島東洋カープ,アドゥワ 誠,投手,北海道日本ハムファイターズ,,0,0,0,0,0,0,0,0,0,0,0,0,0,0,2026/09/22
広島東洋カープ,杉田 健,投手,オリックス・バファローズ,,0,0,0,0,0,0,0,0,0,0,0,0,0,0,2026/09/22
広島東洋カープ,杉田 健,投手,横浜DeNAベイスターズ,,0,0,0,0,0,0,0,0,0,0,0,0,0,0,2026/09/22
広島東洋カープ,杉田 健,投手,阪神タイガース,,0,0,0,0,0,0,0,0,0,0,0,0,0,0,2026/09/22
広島東洋カープ,杉田 健,投手,埼玉西武ライオンズ,,0,0,0,0,0,0,0,0,0,0,0,0,0,0,2026/09/22
広島東洋カープ,杉田 健,投手,千葉ロッテマリーンズ,,0,0,0,0,0,0,0,0,0,0,0,0,0,0,2026/09/22
広島東洋カープ,杉田 健,投手,中日ドラゴンズ,,0,0,0,0,0,0,0,0,0,0,0,0,0,0,2026/09/22
広島東洋カープ,杉田 健,投手,東京ヤクルトスワローズ,,0,0,0,0,0,0,0,0,0,0,0,0,0,0,2026/09/22
広島東洋カープ,杉田 健,投手,東北楽天ゴールデンイーグルス,,0,0,0,0,0,0,0,0,0,0,0,0,0,0,2026/09/22
広島東洋カープ,杉田 健,投手,読売ジャイアンツ,,0,0,0,0,0,0,0,0,0,0,0,0,0,0,2026/09/22
広島東洋カープ,杉田 健,投手,福岡ソフトバンクホークス,,0,0,0,0,0,0,0,0,0,0,0,0,0,0,2026/09/22
広島東洋カープ,杉田 健,投手,北海道日本ハムファイターズ,,0,0,0,0,0,0,0,0,0,0,0,0,0,0,2026/09/22
広島東洋カープ,岡本 駿,投手,オリックス・バファローズ,0.333,4,3,1,1,0,0,0,1,1,1,0,0,0,1,2026/09/22
広島東洋カープ,岡本 駿,投手,横浜DeNAベイスターズ,0.000,3,3,0,0,0,0,0,0,2,0,0,0,0,2,2026/09/22
広島東洋カープ,岡本 駿,投手,阪神タイガース,0.000,4,4,0,0,0,0,0,0,4,0,0,0,0,2,2026/09/22
広島東洋カープ,岡本 駿,投手,埼玉西武ライオンズ,,0,0,0,0,0,0,0,0,0,0,0,0,0,0,2026/09/22
広島東洋カープ,岡本 駿,投手,千葉ロッテマリーンズ,,0,0,0,0,0,0,0,0,0,0,0,0,0,0,2026/09/22
広島東洋カープ,岡本 駿,投手,中日ドラゴンズ,0.000,3,3,0,0,0,0,0,0,1,0,0,0,0,2,2026/09/22
広島東洋カープ,岡本 駿,投手,東京ヤクルトスワローズ,0.000,10,8,0,0,0,0,0,0,4,0,2,0,0,5,2026/09/22
広島東洋カープ,岡本 駿,投手,東北楽天ゴールデンイーグルス,,0,0,0,0,0,0,0,0,0,0,0,0,0,0,2026/09/22
広島東洋カープ,岡本 駿,投手,読売ジャイアンツ,0.000,2,2,0,0,0,0,0,0,1,0,0,0,0,2,2026/09/22
広島東洋カープ,岡本 駿,投手,福岡ソフトバンクホークス,,0,0,0,0,0,0,0,0,0,0,0,0,0,0,2026/09/22
広島東洋カープ,岡本 駿,投手,北海道日本ハムファイターズ,,0,0,0,0,0,0,0,0,0,0,0,0,0,0,2026/09/22
広島東洋カープ,玉村 昇悟,投手,オリックス・バファローズ,0.000,2,2,0,0,0,0,0,0,0,0,0,0,0,1,2026/09/22
広島東洋カープ,玉村 昇悟,投手,横浜DeNAベイスターズ,0.000,4,3,0,0,0,0,0,0,2,0,1,0,0,2,2026/09/22
広島東洋カープ,玉村 昇悟,投手,阪神タイガース,,0,0,0,0,0,0,0,0,0,0,0,0,0,0,2026/09/22
広島東洋カープ,玉村 昇悟,投手,埼玉西武ライオンズ,,0,0,0,0,0,0,0,0,0,0,0,0,0,0,2026/09/22
広島東洋カープ,玉村 昇悟,投手,千葉ロッテマリーンズ,,0,0,0,0,0,0,0,0,0,0,0,0,0,0,2026/09/22
広島東洋カープ,玉村 昇悟,投手,中日ドラゴンズ,,0,0,0,0,0,0,0,0,0,0,0,0,0,0,2026/09/22
広島東洋カープ,玉村 昇悟,投手,東京ヤクルトスワローズ,0.333,3,3,1,0,1,0,0,0,2,0,0,0,0,2,2026/09/22
広島東洋カープ,玉村 昇悟,投手,東北楽天ゴールデンイーグルス,,0,0,0,0,0,0,0,0,0,0,0,0,0,0,2026/09/22
広島東洋カープ,玉村 昇悟,投手,読売ジャイアンツ,0.000,11,9,0,0,0,0,0,0,3,1,1,0,0,6,2026/09/22
広島東洋カープ,玉村 昇悟,投手,福岡ソフトバンクホークス,,0,0,0,0,0,0,0,0,0,0,0,0,0,0,2026/09/22
広島東洋カープ,玉村 昇悟,投手,北海道日本ハムファイターズ,,0,0,0,0,0,0,0,0,0,0,0,0,0,0,2026/09/22
広島東洋カープ,遠藤 淳志,投手,オリックス・バファローズ,,0,0,0,0,0,0,0,0,0,0,0,0,0,0,2026/09/22
広島東洋カープ,遠藤 淳志,投手,横浜DeNAベイスターズ,,0,0,0,0,0,0,0,0,0,0,0,0,0,0,2026/09/22
広島東洋カープ,遠藤 淳志,投手,阪神タイガース,,0,0,0,0,0,0,0,0,0,0,0,0,0,0,2026/09/22
広島東洋カープ,遠藤 淳志,投手,埼玉西武ライオンズ,,0,0,0,0,0,0,0,0,0,0,0,0,0,0,2026/09/22
広島東洋カープ,遠藤 淳志,投手,千葉ロッテマリーンズ,,0,0,0,0,0,0,0,0,0,0,0,0,0,0,2026/09/22
広島東洋カープ,遠藤 淳志,投手,中日ドラゴンズ,,0,0,0,0,0,0,0,0,0,0,0,0,0,0,2026/09/22
広島東洋カープ,遠藤 淳志,投手,東京ヤクルトスワローズ,,0,0,0,0,0,0,0,0,0,0,0,0,0,0,2026/09/22
広島東洋カープ,遠藤 淳志,投手,東北楽天ゴールデンイーグルス,,0,0,0,0,0,0,0,0,0,0,0,0,0,0,2026/09/22
広島東洋カープ,遠藤 淳志,投手,読売ジャイアンツ,,0,0,0,0,0,0,0,0,0,0,0,0,0,0,2026/09/22
広島東洋カープ,遠藤 淳志,投手,福岡ソフトバンクホークス,,0,0,0,0,0,0,0,0,0,0,0,0,0,0,2026/09/22
広島東洋カープ,遠藤 淳志,投手,北海道日本ハムファイターズ,,0,0,0,0,0,0,0,0,0,0,0,0,0,0,2026/09/22
広島東洋カープ,菊地 ハルン,投手,オリックス・バファローズ,,0,0,0,0,0,0,0,0,0,0,0,0,0,0,2026/09/22
広島東洋カープ,菊地 ハルン,投手,横浜DeNAベイスターズ,,0,0,0,0,0,0,0,0,0,0,0,0,0,0,2026/09/22
広島東洋カープ,菊地 ハルン,投手,阪神タイガース,,0,0,0,0,0,0,0,0,0,0,0,0,0,0,2026/09/22
広島東洋カープ,菊地 ハルン,投手,埼玉西武ライオンズ,,0,0,0,0,0,0,0,0,0,0,0,0,0,0,2026/09/22
広島東洋カープ,菊地 ハルン,投手,千葉ロッテマリーンズ,,0,0,0,0,0,0,0,0,0,0,0,0,0,0,2026/09/22
広島東洋カープ,菊地 ハルン,投手,中日ドラゴンズ,,0,0,0,0,0,0,0,0,0,0,0,0,0,0,2026/09/22
広島東洋カープ,菊地 ハルン,投手,東京ヤクルトスワローズ,,0,0,0,0,0,0,0,0,0,0,0,0,0,0,2026/09/22
広島東洋カープ,菊地 ハルン,投手,東北楽天ゴールデンイーグルス,,0,0,0,0,0,0,0,0,0,0,0,0,0,0,2026/09/22
広島東洋カープ,菊地 ハルン,投手,読売ジャイアンツ,,0,0,0,0,0,0,0,0,0,0,0,0,0,0,2026/09/22
広島東洋カープ,菊地 ハルン,投手,福岡ソフトバンクホークス,,0,0,0,0,0,0,0,0,0,0,0,0,0,0,2026/09/22
広島東洋カープ,菊地 ハルン,投手,北海道日本ハムファイターズ,,0,0,0,0,0,0,0,0,0,0,0,0,0,0,2026/09/22
広島東洋カープ,ハーン,投手,オリックス・バファローズ,,0,0,0,0,0,0,0,0,0,0,0,0,0,0,2026/09/22
広島東洋カープ,ハーン,投手,横浜DeNAベイスターズ,,0,0,0,0,0,0,0,0,0,0,0,0,0,0,2026/09/22
広島東洋カープ,ハーン,投手,阪神タイガース,,0,0,0,0,0,0,0,0,0,0,0,0,0,0,2026/09/22
広島東洋カープ,ハーン,投手,埼玉西武ライオンズ,,0,0,0,0,0,0,0,0,0,0,0,0,0,0,2026/09/22
広島東洋カープ,ハーン,投手,千葉ロッテマリーンズ,,0,0,0,0,0,0,0,0,0,0,0,0,0,0,2026/09/22
広島東洋カープ,ハーン,投手,中日ドラゴンズ,,0,0,0,0,0,0,0,0,0,0,0,0,0,0,2026/09/22
広島東洋カープ,ハーン,投手,東京ヤクルトスワローズ,,0,0,0,0,0,0,0,0,0,0,0,0,0,0,2026/09/22
広島東洋カープ,ハーン,投手,東北楽天ゴールデンイーグルス,,0,0,0,0,0,0,0,0,0,0,0,0,0,0,2026/09/22
広島東洋カープ,ハーン,投手,読売ジャイアンツ,,0,0,0,0,0,0,0,0,0,0,0,0,0,0,2026/09/22
広島東洋カープ,ハーン,投手,福岡ソフトバンクホークス,,0,0,0,0,0,0,0,0,0,0,0,0,0,0,2026/09/22
広島東洋カープ,ハーン,投手,北海道日本ハムファイターズ,,0,0,0,0,0,0,0,0,0,0,0,0,0,0,2026/09/22
広島東洋カープ,日髙 暖己,投手,オリックス・バファローズ,,0,0,0,0,0,0,0,0,0,0,0,0,0,0,2026/09/22
広島東洋カープ,日髙 暖己,投手,横浜DeNAベイスターズ,,0,0,0,0,0,0,0,0,0,0,0,0,0,0,2026/09/22
広島東洋カープ,日髙 暖己,投手,阪神タイガース,,0,0,0,0,0,0,0,0,0,0,0,0,0,0,2026/09/22
広島東洋カープ,日髙 暖己,投手,埼玉西武ライオンズ,,0,0,0,0,0,0,0,0,0,0,0,0,0,0,2026/09/22
広島東洋カープ,日髙 暖己,投手,千葉ロッテマリーンズ,,0,0,0,0,0,0,0,0,0,0,0,0,0,0,2026/09/22
広島東洋カープ,日髙 暖己,投手,中日ドラゴンズ,,0,0,0,0,0,0,0,0,0,0,0,0,0,0,2026/09/22
広島東洋カープ,日髙 暖己,投手,東京ヤクルトスワローズ,,0,0,0,0,0,0,0,0,0,0,0,0,0,0,2026/09/22
広島東洋カープ,日髙 暖己,投手,東北楽天ゴールデンイーグルス,,0,0,0,0,0,0,0,0,0,0,0,0,0,0,2026/09/22
広島東洋カープ,日髙 暖己,投手,読売ジャイアンツ,,0,0,0,0,0,0,0,0,0,0,0,0,0,0,2026/09/22
広島東洋カープ,日髙 暖己,投手,福岡ソフトバンクホークス,,0,0,0,0,0,0,0,0,0,0,0,0,0,0,2026/09/22
広島東洋カープ,日髙 暖己,投手,北海道日本ハムファイターズ,,0,0,0,0,0,0,0,0,0,0,0,0,0,0,2026/09/22
広島東洋カープ,辻 大雅,投手,オリックス・バファローズ,,0,0,0,0,0,0,0,0,0,0,0,0,0,0,2026/09/22
広島東洋カープ,辻 大雅,投手,横浜DeNAベイスターズ,,0,0,0,0,0,0,0,0,0,0,0,0,0,0,2026/09/22
広島東洋カープ,辻 大雅,投手,阪神タイガース,,0,0,0,0,0,0,0,0,0,0,0,0,0,0,2026/09/22
広島東洋カープ,辻 大雅,投手,埼玉西武ライオンズ,,0,0,0,0,0,0,0,0,0,0,0,0,0,0,2026/09/22
広島東洋カープ,辻 大雅,投手,千葉ロッテマリーンズ,,0,0,0,0,0,0,0,0,0,0,0,0,0,0,2026/09/22
広島東洋カープ,辻 大雅,投手,中日ドラゴンズ,,0,0,0,0,0,0,0,0,0,0,0,0,0,0,2026/09/22
広島東洋カープ,辻 大雅,投手,東京ヤクルトスワローズ,,0,0,0,0,0,0,0,0,0,0,0,0,0,0,2026/09/22
広島東洋カープ,辻 大雅,投手,東北楽天ゴールデンイーグルス,,0,0,0,0,0,0,0,0,0,0,0,0,0,0,2026/09/22
広島東洋カープ,辻 大雅,投手,読売ジャイアンツ,,0,0,0,0,0,0,0,0,0,0,0,0,0,0,2026/09/22
広島東洋カープ,辻 大雅,投手,福岡ソフトバンクホークス,,0,0,0,0,0,0,0,0,0,0,0,0,0,0,2026/09/22
広島東洋カープ,辻 大雅,投手,北海道日本ハムファイターズ,,0,0,0,0,0,0,0,0,0,0,0,0,0,0,2026/09/22
広島東洋カープ,會澤 翼,捕手,オリックス・バファローズ,,0,0,0,0,0,0,0,0,0,0,0,0,0,0,2026/09/22
広島東洋カープ,會澤 翼,捕手,横浜DeNAベイスターズ,,0,0,0,0,0,0,0,0,0,0,0,0,0,0,2026/09/22
広島東洋カープ,會澤 翼,捕手,阪神タイガース,,0,0,0,0,0,0,0,0,0,0,0,0,0,0,2026/09/22
広島東洋カープ,會澤 翼,捕手,埼玉西武ライオンズ,,0,0,0,0,0,0,0,0,0,0,0,0,0,0,2026/09/22
広島東洋カープ,會澤 翼,捕手,千葉ロッテマリーンズ,,0,0,0,0,0,0,0,0,0,0,0,0,0,0,2026/09/22
広島東洋カープ,會澤 翼,捕手,中日ドラゴンズ,,0,0,0,0,0,0,0,0,0,0,0,0,0,0,2026/09/22
広島東洋カープ,會澤 翼,捕手,東京ヤクルトスワローズ,,0,0,0,0,0,0,0,0,0,0,0,0,0,0,2026/09/22
広島東洋カープ,會澤 翼,捕手,東北楽天ゴールデンイーグルス,,0,0,0,0,0,0,0,0,0,0,0,0,0,0,2026/09/22
広島東洋カープ,會澤 翼,捕手,読売ジャイアンツ,,0,0,0,0,0,0,0,0,0,0,0,0,0,0,2026/09/22
広島東洋カープ,會澤 翼,捕手,福岡ソフトバンクホークス,,0,0,0,0,0,0,0,0,0,0,0,0,0,0,2026/09/22
広島東洋カープ,會澤 翼,捕手,北海道日本ハムファイターズ,,0,0,0,0,0,0,0,0,0,0,0,0,0,0,2026/09/22
広島東洋カープ,坂倉 将吾,捕手,オリックス・バファローズ,0.300,12,10,3,2,0,0,1,2,2,2,0,0,0,3,2026/09/22
広島東洋カープ,坂倉 将吾,捕手,横浜DeNAベイスターズ,0.241,93,83,20,15,2,0,3,13,19,9,0,1,0,22,2026/09/22
広島東洋カープ,坂倉 将吾,捕手,阪神タイガース,0.247,83,77,19,16,2,0,1,13,16,5,0,1,0,21,2026/09/22
広島東洋カープ,坂倉 将吾,捕手,埼玉西武ライオンズ,0.250,14,12,3,2,0,0,1,1,2,2,0,0,0,3,2026/09/22
広島東洋カープ,坂倉 将吾,捕手,千葉ロッテマリーンズ,0.091,12,11,1,1,0,0,0,0,3,0,0,0,1,3,2026/09/22
広島東洋カープ,坂倉 将吾,捕手,中日ドラゴンズ,0.228,112,92,21,15,5,0,1,9,17,20,0,0,0,24,2026/09/22
広島東洋カープ,坂倉 将吾,捕手,東京ヤクルトスワローズ,0.230,88,74,17,8,5,1,3,12,21,12,0,0,2,23,2026/09/22
広島東洋カープ,坂倉 将吾,捕手,東北楽天ゴールデンイーグルス,0.417,13,12,5,3,2,0,0,3,3,0,0,1,0,3,2026/09/22
広島東洋カープ,坂倉 将吾,捕手,読売ジャイアンツ,0.232,89,82,19,11,5,0,3,10,17,6,0,1,0,21,2026/09/22
広島東洋カープ,坂倉 将吾,捕手,福岡ソフトバンクホークス,0.182,11,11,2,1,1,0,0,2,4,0,0,0,0,3,2026/09/22
広島東洋カープ,坂倉 将吾,捕手,北海道日本ハムファイターズ,0.333,13,12,4,4,0,0,0,1,2,1,0,0,0,3,2026/09/22
広島東洋カープ,石原 貴規,捕手,オリックス・バファローズ,,0,0,0,0,0,0,0,0,0,0,0,0,0,0,2026/09/22
広島東洋カープ,石原 貴規,捕手,横浜DeNAベイスターズ,0.320,26,25,8,7,1,0,0,3,5,1,0,0,0,11,2026/09/22
広島東洋カープ,石原 貴規,捕手,阪神タイガース,0.143,29,28,4,4,0,0,0,1,8,0,1,0,0,10,2026/09/22
広島東洋カープ,石原 貴規,捕手,埼玉西武ライオンズ,0.000,2,2,0,0,0,0,0,0,0,0,0,0,0,1,2026/09/22
広島東洋カープ,石原 貴規,捕手,千葉ロッテマリーンズ,,0,0,0,0,0,0,0,0,0,0,0,0,0,0,2026/09/22
広島東洋カープ,石原 貴規,捕手,中日ドラゴンズ,0.118,18,17,2,0,1,0,1,1,7,1,0,0,0,7,2026/09/22
広島東洋カープ,石原 貴規,捕手,東京ヤクルトスワローズ,0.185,31,27,5,4,1,0,0,2,7,2,1,0,1,9,2026/09/22
広島東洋カープ,石原 貴規,捕手,東北楽天ゴールデンイーグルス,0.500,5,4,2,2,0,0,0,0,1,1,0,0,0,1,2026/09/22
広島東洋カープ,石原 貴規,捕手,読売ジャイアンツ,0.000,17,15,0,0,0,0,0,0,7,2,0,0,0,9,2026/09/22
広島東洋カープ,石原 貴規,捕手,福岡ソフトバンクホークス,,0,0,0,0,0,0,0,0,0,0,0,0,0,0,2026/09/22
広島東洋カープ,石原 貴規,捕手,北海道日本ハムファイターズ,0.000,2,2,0,0,0,0,0,0,1,0,0,0,0,2,2026/09/22
広島東洋カープ,持丸 泰輝,捕手,オリックス・バファローズ,0.154,15,13,2,1,0,0,1,1,6,1,1,0,0,3,2026/09/22
広島東洋カープ,持丸 泰輝,捕手,横浜DeNAベイスターズ,0.200,46,40,8,6,0,0,2,3,11,4,2,0,0,16,2026/09/22
広島東洋カープ,持丸 泰輝,捕手,阪神タイガース,0.091,36,33,3,3,0,0,0,0,14,3,0,0,0,13,2026/09/22
広島東洋カープ,持丸 泰輝,捕手,埼玉西武ライオンズ,0.167,8,6,1,1,0,0,0,0,2,0,2,0,0,3,2026/09/22
広島東洋カープ,持丸 泰輝,捕手,千葉ロッテマリーンズ,0.200,12,10,2,1,0,0,1,1,2,1,0,0,1,3,2026/09/22
広島東洋カープ,持丸 泰輝,捕手,中日ドラゴンズ,0.222,57,45,10,6,3,0,1,7,14,8,3,0,1,16,2026/09/22
広島東洋カープ,持丸 泰輝,捕手,東京ヤクルトスワローズ,0.087,55,46,4,3,1,0,0,0,8,8,1,0,0,15,2026/09/22
広島東洋カープ,持丸 泰輝,捕手,東北楽天ゴールデンイーグルス,0.143,7,7,1,1,0,0,0,0,1,0,0,0,0,2,2026/09/22
広島東洋カープ,持丸 泰輝,捕手,読売ジャイアンツ,0.208,65,53,11,9,1,0,1,3,14,12,0,0,0,18,2026/09/22
広島東洋カープ,持丸 泰輝,捕手,福岡ソフトバンクホークス,0.111,10,9,1,1,0,0,0,1,3,0,0,1,0,3,2026/09/22
広島東洋カープ,持丸 泰輝,捕手,北海道日本ハムファイターズ,0.200,13,10,2,1,1,0,0,2,1,3,0,0,0,3,2026/09/22
広島東洋カープ,清水 叶人,捕手,オリックス・バファローズ,,0,0,0,0,0,0,0,0,0,0,0,0,0,0,2026/09/22
広島東洋カープ,清水 叶人,捕手,横浜DeNAベイスターズ,,0,0,0,0,0,0,0,0,0,0,0,0,0,0,2026/09/22
広島東洋カープ,清水 叶人,捕手,阪神タイガース,,0,0,0,0,0,0,0,0,0,0,0,0,0,0,2026/09/22
広島東洋カープ,清水 叶人,捕手,埼玉西武ライオンズ,,0,0,0,0,0,0,0,0,0,0,0,0,0,0,2026/09/22
広島東洋カープ,清水 叶人,捕手,千葉ロッテマリーンズ,,0,0,0,0,0,0,0,0,0,0,0,0,0,0,2026/09/22
広島東洋カープ,清水 叶人,捕手,中日ドラゴンズ,,0,0,0,0,0,0,0,0,0,0,0,0,0,0,2026/09/22
広島東洋カープ,清水 叶人,捕手,東京ヤクルトスワローズ,,0,0,0,0,0,0,0,0,0,0,0,0,0,0,2026/09/22
広島東洋カープ,清水 叶人,捕手,東北楽天ゴールデンイーグルス,,0,0,0,0,0,0,0,0,0,0,0,0,0,0,2026/09/22
広島東洋カープ,清水 叶人,捕手,読売ジャイアンツ,,0,0,0,0,0,0,0,0,0,0,0,0,0,0,2026/09/22
広島東洋カープ,清水 叶人,捕手,福岡ソフトバンクホークス,,0,0,0,0,0,0,0,0,0,0,0,0,0,0,2026/09/22
広島東洋カープ,清水 叶人,捕手,北海道日本ハムファイターズ,,0,0,0,0,0,0,0,0,0,0,0,0,0,0,2026/09/22
広島東洋カープ,髙木 翔斗,捕手,オリックス・バファローズ,,0,0,0,0,0,0,0,0,0,0,0,0,0,0,2026/09/22
広島東洋カープ,髙木 翔斗,捕手,横浜DeNAベイスターズ,,0,0,0,0,0,0,0,0,0,0,0,0,0,0,2026/09/22
広島東洋カープ,髙木 翔斗,捕手,阪神タイガース,,0,0,0,0,0,0,0,0,0,0,0,0,0,0,2026/09/22
広島東洋カープ,髙木 翔斗,捕手,埼玉西武ライオンズ,,0,0,0,0,0,0,0,0,0,0,0,0,0,0,2026/09/22
広島東洋カープ,髙木 翔斗,捕手,千葉ロッテマリーンズ,,0,0,0,0,0,0,0,0,0,0,0,0,0,0,2026/09/22
広島東洋カープ,髙木 翔斗,捕手,中日ドラゴンズ,,0,0,0,0,0,0,0,0,0,0,0,0,0,0,2026/09/22
広島東洋カープ,髙木 翔斗,捕手,東京ヤクルトスワローズ,,0,0,0,0,0,0,0,0,0,0,0,0,0,0,2026/09/22
広島東洋カープ,髙木 翔斗,捕手,東北楽天ゴールデンイーグルス,,0,0,0,0,0,0,0,0,0,0,0,0,0,0,2026/09/22
広島東洋カープ,髙木 翔斗,捕手,読売ジャイアンツ,,0,0,0,0,0,0,0,0,0,0,0,0,0,0,2026/09/22
広島東洋カープ,髙木 翔斗,捕手,福岡ソフトバンクホークス,,0,0,0,0,0,0,0,0,0,0,0,0,0,0,2026/09/22
広島東洋カープ,髙木 翔斗,捕手,北海道日本ハムファイターズ,,0,0,0,0,0,0,0,0,0,0,0,0,0,0,2026/09/22
広島東洋カープ,羽月 隆太郎,内野手,オリックス・バファローズ,,0,0,0,0,0,0,0,0,0,0,0,0,0,0,2026/09/22
広島東洋カープ,羽月 隆太郎,内野手,横浜DeNAベイスターズ,,0,0,0,0,0,0,0,0,0,0,0,0,0,0,2026/09/22
広島東洋カープ,羽月 隆太郎,内野手,阪神タイガース,,0,0,0,0,0,0,0,0,0,0,0,0,0,0,2026/09/22
広島東洋カープ,羽月 隆太郎,内野手,埼玉西武ライオンズ,,0,0,0,0,0,0,0,0,0,0,0,0,0,0,2026/09/22
広島東洋カープ,羽月 隆太郎,内野手,千葉ロッテマリーンズ,,0,0,0,0,0,0,0,0,0,0,0,0,0,0,2026/09/22
広島東洋カープ,羽月 隆太郎,内野手,中日ドラゴンズ,,0,0,0,0,0,0,0,0,0,0,0,0,0,0,2026/09/22
広島東洋カープ,羽月 隆太郎,内野手,東京ヤクルトスワローズ,,0,0,0,0,0,0,0,0,0,0,0,0,0,0,2026/09/22
広島東洋カープ,羽月 隆太郎,内野手,東北楽天ゴールデンイーグルス,,0,0,0,0,0,0,0,0,0,0,0,0,0,0,2026/09/22
広島東洋カープ,羽月 隆太郎,内野手,読売ジャイアンツ,,0,0,0,0,0,0,0,0,0,0,0,0,0,0,2026/09/22
広島東洋カープ,羽月 隆太郎,内野手,福岡ソフトバンクホークス,,0,0,0,0,0,0,0,0,0,0,0,0,0,0,2026/09/22
広島東洋カープ,羽月 隆太郎,内野手,北海道日本ハムファイターズ,,0,0,0,0,0,0,0,0,0,0,0,0,0,0,2026/09/22
広島東洋カープ,勝田 成,内野手,オリックス・バファローズ,0.111,11,9,1,1,0,0,0,0,1,2,0,0,0,2,2026/09/22
広島東洋カープ,勝田 成,内野手,横浜DeNAベイスターズ,0.219,36,32,7,7,0,0,0,2,2,2,1,0,1,14,2026/09/22
広島東洋カープ,勝田 成,内野手,阪神タイガース,0.235,37,34,8,6,2,0,0,0,6,2,1,0,0,13,2026/09/22
広島東洋カープ,勝田 成,内野手,埼玉西武ライオンズ,0.167,7,6,1,1,0,0,0,0,1,1,0,0,0,2,2026/09/22
広島東洋カープ,勝田 成,内野手,千葉ロッテマリーンズ,0.000,2,1,0,0,0,0,0,0,0,0,1,0,0,1,2026/09/22
広島東洋カープ,勝田 成,内野手,中日ドラゴンズ,0.137,57,51,7,7,0,0,0,1,11,3,2,0,1,18,2026/09/22
広島東洋カープ,勝田 成,内野手,東京ヤクルトスワローズ,0.229,57,48,11,10,1,0,0,1,10,5,3,0,1,19,2026/09/22
広島東洋カープ,勝田 成,内野手,東北楽天ゴールデンイーグルス,,0,0,0,0,0,0,0,0,0,0,0,0,0,0,2026/09/22
広島東洋カープ,勝田 成,内野手,読売ジャイアンツ,0.136,49,44,6,5,0,1,0,4,9,1,0,2,2,15,2026/09/22
広島東洋カープ,勝田 成,内野手,福岡ソフトバンクホークス,,0,0,0,0,0,0,0,0,0,0,0,0,0,0,2026/09/22
広島東洋カープ,勝田 成,内野手,北海道日本ハムファイターズ,0.000,2,1,0,0,0,0,0,0,1,1,0,0,0,2,2026/09/22
広島東洋カープ,矢野 雅哉,内野手,オリックス・バファローズ,0.000,1,1,0,0,0,0,0,0,1,0,0,0,0,1,2026/09/22
広島東洋カープ,矢野 雅哉,内野手,横浜DeNAベイスターズ,0.250,10,8,2,2,0,0,0,2,2,1,0,1,0,3,2026/09/22
広島東洋カープ,矢野 雅哉,内野手,阪神タイガース,0.000,9,8,0,0,0,0,0,0,3,0,1,0,0,4,2026/09/22
広島東洋カープ,矢野 雅哉,内野手,埼玉西武ライオンズ,,0,0,0,0,0,0,0,0,0,0,0,0,0,0,2026/09/22
広島東洋カープ,矢野 雅哉,内野手,千葉ロッテマリーンズ,0.444,10,9,4,4,0,0,0,0,3,1,0,0,0,3,2026/09/22
広島東洋カープ,矢野 雅哉,内野手,中日ドラゴンズ,0.000,6,5,0,0,0,0,0,0,2,1,0,0,0,3,2026/09/22
広島東洋カープ,矢野 雅哉,内野手,東京ヤクルトスワローズ,0.111,10,9,1,1,0,0,0,0,3,1,0,0,0,5,2026/09/22
広島東洋カープ,矢野 雅哉,内野手,東北楽天ゴールデンイーグルス,,1,0,0,0,0,0,0,0,0,1,0,0,0,1,2026/09/22
広島東洋カープ,矢野 雅哉,内野手,読売ジャイアンツ,1.000,1,1,1,0,0,0,1,3,0,0,0,0,0,1,2026/09/22
広島東洋カープ,矢野 雅哉,内野手,福岡ソフトバンクホークス,0.000,7,6,0,0,0,0,0,0,3,1,0,0,0,3,2026/09/22
広島東洋カープ,矢野 雅哉,内野手,北海道日本ハムファイターズ,0.000,9,7,0,0,0,0,0,0,0,1,1,0,0,2,2026/09/22
広島東洋カープ,小園 海斗,内野手,オリックス・バファローズ,0.308,14,13,4,3,1,0,0,0,1,1,0,0,0,3,2026/09/22
広島東洋カープ,小園 海斗,内野手,横浜DeNAベイスターズ,0.240,80,75,18,16,1,1,0,4,12,4,0,0,1,18,2026/09/22
広島東洋カープ,小園 海斗,内野手,阪神タイガース,0.297,67,64,19,17,1,1,0,4,9,0,1,1,1,18,2026/09/22
広島東洋カープ,小園 海斗,内野手,埼玉西武ライオンズ,0.154,15,13,2,1,1,0,0,0,2,2,0,0,0,3,2026/09/22
広島東洋カープ,小園 海斗,内野手,千葉ロッテマリーンズ,0.000,3,3,0,0,0,0,0,0,0,0,0,0,0,3,2026/09/22
広島東洋カープ,小園 海斗,内野手,中日ドラゴンズ,0.283,59,53,15,12,3,0,0,3,7,6,0,0,0,15,2026/09/22
広島東洋カープ,小園 海斗,内野手,東京ヤクルトスワローズ,0.245,59,53,13,10,2,0,1,5,3,3,1,0,2,18,2026/09/22
広島東洋カープ,小園 海斗,内野手,東北楽天ゴールデンイーグルス,0.083,14,12,1,1,0,0,0,0,3,2,0,0,0,3,2026/09/22
広島東洋カープ,小園 海斗,内野手,読売ジャイアンツ,0.298,64,57,17,14,2,1,0,7,11,7,0,0,0,14,2026/09/22
広島東洋カープ,小園 海斗,内野手,福岡ソフトバンクホークス,0.111,9,9,1,0,1,0,0,0,1,0,0,0,0,3,2026/09/22
広島東洋カープ,小園 海斗,内野手,北海道日本ハムファイターズ,0.357,14,14,5,4,0,1,0,0,1,0,0,0,0,3,2026/09/22
広島東洋カープ,堂林 翔太,内野手,オリックス・バファローズ,,0,0,0,0,0,0,0,0,0,0,0,0,0,0,2026/09/22
広島東洋カープ,堂林 翔太,内野手,横浜DeNAベイスターズ,,0,0,0,0,0,0,0,0,0,0,0,0,0,0,2026/09/22
広島東洋カープ,堂林 翔太,内野手,阪神タイガース,,0,0,0,0,0,0,0,0,0,0,0,0,0,0,2026/09/22
広島東洋カープ,堂林 翔太,内野手,埼玉西武ライオンズ,,0,0,0,0,0,0,0,0,0,0,0,0,0,0,2026/09/22
広島東洋カープ,堂林 翔太,内野手,千葉ロッテマリーンズ,,0,0,0,0,0,0,0,0,0,0,0,0,0,0,2026/09/22
広島東洋カープ,堂林 翔太,内野手,中日ドラゴンズ,,0,0,0,0,0,0,0,0,0,0,0,0,0,0,2026/09/22
広島東洋カープ,堂林 翔太,内野手,東京ヤクルトスワローズ,,0,0,0,0,0,0,0,0,0,0,0,0,0,0,2026/09/22
広島東洋カープ,堂林 翔太,内野手,東北楽天ゴールデンイーグルス,,0,0,0,0,0,0,0,0,0,0,0,0,0,0,2026/09/22
広島東洋カープ,堂林 翔太,内野手,読売ジャイアンツ,,0,0,0,0,0,0,0,0,0,0,0,0,0,0,2026/09/22
広島東洋カープ,堂林 翔太,内野手,福岡ソフトバンクホークス,,0,0,0,0,0,0,0,0,0,0,0,0,0,0,2026/09/22
広島東洋カープ,堂林 翔太,内野手,北海道日本ハムファイターズ,,0,0,0,0,0,0,0,0,0,0,0,0,0,0,2026/09/22
広島東洋カープ,佐々木 泰,内野手,オリックス・バファローズ,1.000,1,1,1,1,0,0,0,0,0,0,0,0,0,1,2026/09/22
広島東洋カープ,佐々木 泰,内野手,横浜DeNAベイスターズ,0.236,75,72,17,16,0,1,0,4,12,3,0,0,0,20,2026/09/22
広島東洋カープ,佐々木 泰,内野手,阪神タイガース,0.333,56,54,18,14,1,0,3,5,7,1,1,0,0,19,2026/09/22
広島東洋カープ,佐々木 泰,内野手,埼玉西武ライオンズ,0.250,5,4,1,0,1,0,0,0,0,1,0,0,0,2,2026/09/22
広島東洋カープ,佐々木 泰,内野手,千葉ロッテマリーンズ,0.167,6,6,1,1,0,0,0,0,0,0,0,0,0,3,2026/09/22
広島東洋カープ,佐々木 泰,内野手,中日ドラゴンズ,0.306,81,72,22,18,3,0,1,5,7,8,0,1,0,22,2026/09/22
広島東洋カープ,佐々木 泰,内野手,東京ヤクルトスワローズ,0.179,65,56,10,6,4,0,0,5,5,6,0,0,3,19,2026/09/22
広島東洋カープ,佐々木 泰,内野手,東北楽天ゴールデンイーグルス,0.400,11,10,4,4,0,0,0,0,1,1,0,0,0,3,2026/09/22
広島東洋カープ,佐々木 泰,内野手,読売ジャイアンツ,0.279,64,61,17,13,2,0,2,4,15,3,0,0,0,19,2026/09/22
広島東洋カープ,佐々木 泰,内野手,福岡ソフトバンクホークス,0.000,1,1,0,0,0,0,0,0,0,0,0,0,0,1,2026/09/22
広島東洋カープ,佐々木 泰,内野手,北海道日本ハムファイターズ,0.500,3,2,1,1,0,0,0,0,1,1,0,0,0,2,2026/09/22
広島東洋カープ,菊池 涼介,内野手,オリックス・バファローズ,0.200,11,10,2,1,1,0,0,2,2,1,0,0,0,3,2026/09/22
広島東洋カープ,菊池 涼介,内野手,横浜DeNAベイスターズ,0.244,90,78,19,16,2,0,1,4,20,9,3,0,0,20,2026/09/22
広島東洋カープ,菊池 涼介,内野手,阪神タイガース,0.226,74,62,14,8,4,0,2,8,11,4,5,3,0,19,2026/09/22
広島東洋カープ,菊池 涼介,内野手,埼玉西武ライオンズ,0.125,8,8,1,1,0,0,0,0,4,0,0,0,0,2,2026/09/22
広島東洋カープ,菊池 涼介,内野手,千葉ロッテマリーンズ,0.167,13,12,2,1,1,0,0,1,3,0,0,1,0,3,2026/09/22
広島東洋カープ,菊池 涼介,内野手,中日ドラゴンズ,0.225,101,89,20,10,7,0,3,10,22,8,3,0,1,23,2026/09/22
広島東洋カープ,菊池 涼介,内野手,東京ヤクルトスワローズ,0.262,92,84,22,17,5,0,0,7,11,6,2,0,0,23,2026/09/22
広島東洋カープ,菊池 涼介,内野手,東北楽天ゴールデンイーグルス,0.231,17,13,3,2,1,0,0,0,1,4,0,0,0,3,2026/09/22
広島東洋カープ,菊池 涼介,内野手,読売ジャイアンツ,0.221,90,77,17,15,1,0,1,2,13,10,3,0,0,19,2026/09/22
広島東洋カープ,菊池 涼介,内野手,福岡ソフトバンクホークス,0.273,12,11,3,2,1,0,0,0,0,1,0,0,0,3,2026/09/22
広島東洋カープ,菊池 涼介,内野手,北海道日本ハムファイターズ,0.000,17,13,0,0,0,0,0,0,6,2,2,0,0,3,2026/09/22
広島東洋カープ,林 晃汰,内野手,オリックス・バファローズ,,0,0,0,0,0,0,0,0,0,0,0,0,0,0,2026/09/22
広島東洋カープ,林 晃汰,内野手,横浜DeNAベイスターズ,0.000,2,2,0,0,0,0,0,0,0,0,0,0,0,2,2026/09/22
広島東洋カープ,林 晃汰,内野手,阪神タイガース,0.000,1,1,0,0,0,0,0,0,0,0,0,0,0,1,2026/09/22
広島東洋カープ,林 晃汰,内野手,埼玉西武ライオンズ,0.000,7,6,0,0,0,0,0,0,3,1,0,0,0,2,2026/09/22
広島東洋カープ,林 晃汰,内野手,千葉ロッテマリーンズ,,0,0,0,0,0,0,0,0,0,0,0,0,0,0,2026/09/22
広島東洋カープ,林 晃汰,内野手,中日ドラゴンズ,,0,0,0,0,0,0,0,0,0,0,0,0,0,0,2026/09/22
広島東洋カープ,林 晃汰,内野手,東京ヤクルトスワローズ,0.000,2,1,0,0,0,0,0,0,0,1,0,0,0,2,2026/09/22
広島東洋カープ,林 晃汰,内野手,東北楽天ゴールデンイーグルス,,0,0,0,0,0,0,0,0,0,0,0,0,0,0,2026/09/22
広島東洋カープ,林 晃汰,内野手,読売ジャイアンツ,0.000,1,1,0,0,0,0,0,0,0,0,0,0,0,1,2026/09/22
広島東洋カープ,林 晃汰,内野手,福岡ソフトバンクホークス,,0,0,0,0,0,0,0,0,0,0,0,0,0,0,2026/09/22
広島東洋カープ,林 晃汰,内野手,北海道日本ハムファイターズ,,0,0,0,0,0,0,0,0,0,0,0,0,0,0,2026/09/22
広島東洋カープ,渡邉 悠斗,内野手,オリックス・バファローズ,,0,0,0,0,0,0,0,0,0,0,0,0,0,0,2026/09/22
広島東洋カープ,渡邉 悠斗,内野手,横浜DeNAベイスターズ,0.000,1,1,0,0,0,0,0,0,0,0,0,0,0,1,2026/09/22
広島東洋カープ,渡邉 悠斗,内野手,阪神タイガース,0.000,1,1,0,0,0,0,0,0,0,0,0,0,0,1,2026/09/22
広島東洋カープ,渡邉 悠斗,内野手,埼玉西武ライオンズ,,0,0,0,0,0,0,0,0,0,0,0,0,0,0,2026/09/22
広島東洋カープ,渡邉 悠斗,内野手,千葉ロッテマリーンズ,,0,0,0,0,0,0,0,0,0,0,0,0,0,0,2026/09/22
広島東洋カープ,渡邉 悠斗,内野手,中日ドラゴンズ,0.000,1,1,0,0,0,0,0,0,0,0,0,0,0,1,2026/09/22
広島東洋カープ,渡邉 悠斗,内野手,東京ヤクルトスワローズ,0.000,1,1,0,0,0,0,0,0,1,0,0,0,0,1,2026/09/22
広島東洋カープ,渡邉 悠斗,内野手,東北楽天ゴールデンイーグルス,,0,0,0,0,0,0,0,0,0,0,0,0,0,0,2026/09/22
広島東洋カープ,渡邉 悠斗,内野手,読売ジャイアンツ,,0,0,0,0,0,0,0,0,0,0,0,0,0,0,2026/09/22
広島東洋カープ,渡邉 悠斗,内野手,福岡ソフトバンクホークス,,0,0,0,0,0,0,0,0,0,0,0,0,0,0,2026/09/22
広島東洋カープ,渡邉 悠斗,内野手,北海道日本ハムファイターズ,,0,0,0,0,0,0,0,0,0,0,0,0,0,0,2026/09/22
広島東洋カープ,西川 篤夢,内野手,オリックス・バファローズ,,0,0,0,0,0,0,0,0,0,0,0,0,0,0,2026/09/22
広島東洋カープ,西川 篤夢,内野手,横浜DeNAベイスターズ,0.000,1,1,0,0,0,0,0,0,0,0,0,0,0,1,2026/09/22
広島東洋カープ,西川 篤夢,内野手,阪神タイガース,0.000,1,1,0,0,0,0,0,0,1,0,0,0,0,1,2026/09/22
広島東洋カープ,西川 篤夢,内野手,埼玉西武ライオンズ,,0,0,0,0,0,0,0,0,0,0,0,0,0,0,2026/09/22
広島東洋カープ,西川 篤夢,内野手,千葉ロッテマリーンズ,,0,0,0,0,0,0,0,0,0,0,0,0,0,0,2026/09/22
広島東洋カープ,西川 篤夢,内野手,中日ドラゴンズ,1.000,1,1,1,1,0,0,0,0,0,0,0,0,0,1,2026/09/22
広島東洋カープ,西川 篤夢,内野手,東京ヤクルトスワローズ,0.000,2,2,0,0,0,0,0,0,0,0,0,0,0,2,2026/09/22
広島東洋カープ,西川 篤夢,内野手,東北楽天ゴールデンイーグルス,,0,0,0,0,0,0,0,0,0,0,0,0,0,0,2026/09/22
広島東洋カープ,西川 篤夢,内野手,読売ジャイアンツ,0.000,2,2,0,0,0,0,0,0,0,0,0,0,0,1,2026/09/22
広島東洋カープ,西川 篤夢,内野手,福岡ソフトバンクホークス,,0,0,0,0,0,0,0,0,0,0,0,0,0,0,2026/09/22
広島東洋カープ,西川 篤夢,内野手,北海道日本ハムファイターズ,,0,0,0,0,0,0,0,0,0,0,0,0,0,0,2026/09/22
広島東洋カープ,仲田 侑仁,内野手,オリックス・バファローズ,,0,0,0,0,0,0,0,0,0,0,0,0,0,0,2026/09/22
広島東洋カープ,仲田 侑仁,内野手,横浜DeNAベイスターズ,,0,0,0,0,0,0,0,0,0,0,0,0,0,0,2026/09/22
広島東洋カープ,仲田 侑仁,内野手,阪神タイガース,,0,0,0,0,0,0,0,0,0,0,0,0,0,0,2026/09/22
広島東洋カープ,仲田 侑仁,内野手,埼玉西武ライオンズ,,0,0,0,0,0,0,0,0,0,0,0,0,0,0,2026/09/22
広島東洋カープ,仲田 侑仁,内野手,千葉ロッテマリーンズ,,0,0,0,0,0,0,0,0,0,0,0,0,0,0,2026/09/22
広島東洋カープ,仲田 侑仁,内野手,中日ドラゴンズ,,0,0,0,0,0,0,0,0,0,0,0,0,0,0,2026/09/22
広島東洋カープ,仲田 侑仁,内野手,東京ヤクルトスワローズ,,0,0,0,0,0,0,0,0,0,0,0,0,0,0,2026/09/22
広島東洋カープ,仲田 侑仁,内野手,東北楽天ゴールデンイーグルス,,0,0,0,0,0,0,0,0,0,0,0,0,0,0,2026/09/22
広島東洋カープ,仲田 侑仁,内野手,読売ジャイアンツ,,0,0,0,0,0,0,0,0,0,0,0,0,0,0,2026/09/22
広島東洋カープ,仲田 侑仁,内野手,福岡ソフトバンクホークス,,0,0,0,0,0,0,0,0,0,0,0,0,0,0,2026/09/22
広島東洋カープ,仲田 侑仁,内野手,北海道日本ハムファイターズ,,0,0,0,0,0,0,0,0,0,0,0,0,0,0,2026/09/22
広島東洋カープ,内田 湘大,内野手,オリックス・バファローズ,,0,0,0,0,0,0,0,0,0,0,0,0,0,0,2026/09/22
広島東洋カープ,内田 湘大,内野手,横浜DeNAベイスターズ,,0,0,0,0,0,0,0,0,0,0,0,0,0,0,2026/09/22
広島東洋カープ,内田 湘大,内野手,阪神タイガース,,0,0,0,0,0,0,0,0,0,0,0,0,0,0,2026/09/22
広島東洋カープ,内田 湘大,内野手,埼玉西武ライオンズ,,0,0,0,0,0,0,0,0,0,0,0,0,0,0,2026/09/22
広島東洋カープ,内田 湘大,内野手,千葉ロッテマリーンズ,,0,0,0,0,0,0,0,0,0,0,0,0,0,0,2026/09/22
広島東洋カープ,内田 湘大,内野手,中日ドラゴンズ,,0,0,0,0,0,0,0,0,0,0,0,0,0,0,2026/09/22
広島東洋カープ,内田 湘大,内野手,東京ヤクルトスワローズ,,0,0,0,0,0,0,0,0,0,0,0,0,0,0,2026/09/22
広島東洋カープ,内田 湘大,内野手,東北楽天ゴールデンイーグルス,,0,0,0,0,0,0,0,0,0,0,0,0,0,0,2026/09/22
広島東洋カープ,内田 湘大,内野手,読売ジャイアンツ,,0,0,0,0,0,0,0,0,0,0,0,0,0,0,2026/09/22
広島東洋カープ,内田 湘大,内野手,福岡ソフトバンクホークス,,0,0,0,0,0,0,0,0,0,0,0,0,0,0,2026/09/22
広島東洋カープ,内田 湘大,内野手,北海道日本ハムファイターズ,,0,0,0,0,0,0,0,0,0,0,0,0,0,0,2026/09/22
広島東洋カープ,辰見 鴻之介,内野手,オリックス・バファローズ,,0,0,0,0,0,0,0,0,0,0,0,0,0,0,2026/09/22
広島東洋カープ,辰見 鴻之介,内野手,横浜DeNAベイスターズ,0.000,4,4,0,0,0,0,0,0,1,0,0,0,0,1,2026/09/22
広島東洋カープ,辰見 鴻之介,内野手,阪神タイガース,0.222,10,9,2,2,0,0,0,0,3,0,1,0,0,3,2026/09/22
広島東洋カープ,辰見 鴻之介,内野手,埼玉西武ライオンズ,,0,0,0,0,0,0,0,0,0,0,0,0,0,0,2026/09/22
広島東洋カープ,辰見 鴻之介,内野手,千葉ロッテマリーンズ,,0,0,0,0,0,0,0,0,0,0,0,0,0,0,2026/09/22
広島東洋カープ,辰見 鴻之介,内野手,中日ドラゴンズ,0.333,3,3,1,0,1,0,0,2,0,0,0,0,0,2,2026/09/22
広島東洋カープ,辰見 鴻之介,内野手,東京ヤクルトスワローズ,,0,0,0,0,0,0,0,0,0,0,0,0,0,0,2026/09/22
広島東洋カープ,辰見 鴻之介,内野手,東北楽天ゴールデンイーグルス,0.000,1,1,0,0,0,0,0,0,1,0,0,0,0,1,2026/09/22
広島東洋カープ,辰見 鴻之介,内野手,読売ジャイアンツ,0.000,4,2,0,0,0,0,0,0,0,1,1,0,0,3,2026/09/22
広島東洋カープ,辰見 鴻之介,内野手,福岡ソフトバンクホークス,0.000,2,2,0,0,0,0,0,0,1,0,0,0,0,1,2026/09/22
広島東洋カープ,辰見 鴻之介,内野手,北海道日本ハムファイターズ,,0,0,0,0,0,0,0,0,0,0,0,0,0,0,2026/09/22
広島東洋カープ,前川 誠太,内野手,オリックス・バファローズ,0.000,1,1,0,0,0,0,0,0,0,0,0,0,0,1,2026/09/22
広島東洋カープ,前川 誠太,内野手,横浜DeNAベイスターズ,0.500,5,4,2,2,0,0,0,1,1,1,0,0,0,5,2026/09/22
広島東洋カープ,前川 誠太,内野手,阪神タイガース,0.000,4,3,0,0,0,0,0,0,1,0,1,0,0,3,2026/09/22
広島東洋カープ,前川 誠太,内野手,埼玉西武ライオンズ,,0,0,0,0,0,0,0,0,0,0,0,0,0,0,2026/09/22
広島東洋カープ,前川 誠太,内野手,千葉ロッテマリーンズ,0.000,2,2,0,0,0,0,0,0,1,0,0,0,0,2,2026/09/22
広島東洋カープ,前川 誠太,内野手,中日ドラゴンズ,0.000,3,3,0,0,0,0,0,0,1,0,0,0,0,3,2026/09/22
広島東洋カープ,前川 誠太,内野手,東京ヤクルトスワローズ,0.000,2,2,0,0,0,0,0,0,0,0,0,0,0,2,2026/09/22
広島東洋カープ,前川 誠太,内野手,東北楽天ゴールデンイーグルス,,0,0,0,0,0,0,0,0,0,0,0,0,0,0,2026/09/22
広島東洋カープ,前川 誠太,内野手,読売ジャイアンツ,0.000,5,4,0,0,0,0,0,1,2,1,0,0,0,4,2026/09/22
広島東洋カープ,前川 誠太,内野手,福岡ソフトバンクホークス,0.000,4,3,0,0,0,0,0,0,0,1,0,0,0,2,2026/09/22
広島東洋カープ,前川 誠太,内野手,北海道日本ハムファイターズ,0.000,1,1,0,0,0,0,0,0,0,0,0,0,0,1,2026/09/22
広島東洋カープ,佐藤 啓介,内野手,オリックス・バファローズ,,0,0,0,0,0,0,0,0,0,0,0,0,0,0,2026/09/22
広島東洋カープ,佐藤 啓介,内野手,横浜DeNAベイスターズ,0.160,29,25,4,2,0,0,2,8,5,3,0,1,0,12,2026/09/22
広島東洋カープ,佐藤 啓介,内野手,阪神タイガース,0.381,21,21,8,7,0,0,1,2,5,0,0,0,0,13,2026/09/22
広島東洋カープ,佐藤 啓介,内野手,埼玉西武ライオンズ,,0,0,0,0,0,0,0,0,0,0,0,0,0,0,2026/09/22
広島東洋カープ,佐藤 啓介,内野手,千葉ロッテマリーンズ,,0,0,0,0,0,0,0,0,0,0,0,0,0,0,2026/09/22
広島東洋カープ,佐藤 啓介,内野手,中日ドラゴンズ,0.217,24,23,5,4,0,0,1,4,6,0,0,0,1,11,2026/09/22
広島東洋カープ,佐藤 啓介,内野手,東京ヤクルトスワローズ,0.125,38,32,4,4,0,0,0,0,6,6,0,0,0,15,2026/09/22
広島東洋カープ,佐藤 啓介,内野手,東北楽天ゴールデンイーグルス,,0,0,0,0,0,0,0,0,0,0,0,0,0,0,2026/09/22
広島東洋カープ,佐藤 啓介,内野手,読売ジャイアンツ,0.263,19,19,5,4,0,0,1,2,6,0,0,0,0,10,2026/09/22
広島東洋カープ,佐藤 啓介,内野手,福岡ソフトバンクホークス,,0,0,0,0,0,0,0,0,0,0,0,0,0,0,2026/09/22
広島東洋カープ,佐藤 啓介,内野手,北海道日本ハムファイターズ,,0,0,0,0,0,0,0,0,0,0,0,0,0,0,2026/09/22
広島東洋カープ,モンテロ,内野手,オリックス・バファローズ,0.200,6,5,1,1,0,0,0,1,2,1,0,0,0,2,2026/09/22
広島東洋カープ,モンテロ,内野手,横浜DeNAベイスターズ,0.212,60,52,11,7,3,0,1,5,11,7,0,0,1,21,2026/09/22
広島東洋カープ,モンテロ,内野手,阪神タイガース,0.383,51,47,18,11,2,0,5,12,11,3,0,1,0,19,2026/09/22
広島東洋カープ,モンテロ,内野手,埼玉西武ライオンズ,0.143,9,7,1,0,0,0,1,2,2,2,0,0,0,3,2026/09/22
広島東洋カープ,モンテロ,内野手,千葉ロッテマリーンズ,0.091,12,11,1,1,0,0,0,1,3,1,0,0,0,3,2026/09/22
広島東洋カープ,モンテロ,内野手,中日ドラゴンズ,0.192,57,52,10,6,1,0,3,10,13,3,0,1,1,19,2026/09/22
広島東洋カープ,モンテロ,内野手,東京ヤクルトスワローズ,0.262,48,42,11,7,3,0,1,4,10,6,0,0,0,19,2026/09/22
広島東洋カープ,モンテロ,内野手,東北楽天ゴールデンイーグルス,0.167,13,12,2,1,1,0,0,1,3,1,0,0,0,3,2026/09/22
広島東洋カープ,モンテロ,内野手,読売ジャイアンツ,0.226,62,53,12,9,1,0,2,6,13,8,0,1,0,21,2026/09/22
広島東洋カープ,モンテロ,内野手,福岡ソフトバンクホークス,0.125,9,8,1,0,1,0,0,0,4,1,0,0,0,3,2026/09/22
広島東洋カープ,モンテロ,内野手,北海道日本ハムファイターズ,0.000,3,3,0,0,0,0,0,0,2,0,0,0,0,3,2026/09/22
広島東洋カープ,二俣 翔一,内野手,オリックス・バファローズ,,0,0,0,0,0,0,0,0,0,0,0,0,0,0,2026/09/22
広島東洋カープ,二俣 翔一,内野手,横浜DeNAベイスターズ,0.500,8,8,4,2,1,1,0,1,3,0,0,0,0,5,2026/09/22
広島東洋カープ,二俣 翔一,内野手,阪神タイガース,0.111,9,9,1,1,0,0,0,0,3,0,0,0,0,3,2026/09/22
広島東洋カープ,二俣 翔一,内野手,埼玉西武ライオンズ,,0,0,0,0,0,0,0,0,0,0,0,0,0,0,2026/09/22
広島東洋カープ,二俣 翔一,内野手,千葉ロッテマリーンズ,0.000,4,4,0,0,0,0,0,0,0,0,0,0,0,2,2026/09/22
広島東洋カープ,二俣 翔一,内野手,中日ドラゴンズ,0.273,11,11,3,2,0,0,1,2,7,0,0,0,0,9,2026/09/22
広島東洋カープ,二俣 翔一,内野手,東京ヤクルトスワローズ,0.071,17,14,1,1,0,0,0,2,5,1,1,1,0,5,2026/09/22
広島東洋カープ,二俣 翔一,内野手,東北楽天ゴールデンイーグルス,,0,0,0,0,0,0,0,0,0,0,0,0,0,0,2026/09/22
広島東洋カープ,二俣 翔一,内野手,読売ジャイアンツ,0.200,14,10,2,2,0,0,0,0,1,3,0,0,1,5,2026/09/22
広島東洋カープ,二俣 翔一,内野手,福岡ソフトバンクホークス,0.000,1,1,0,0,0,0,0,0,1,0,0,0,0,1,2026/09/22
広島東洋カープ,二俣 翔一,内野手,北海道日本ハムファイターズ,0.000,5,4,0,0,0,0,0,0,3,0,1,0,0,2,2026/09/22
広島東洋カープ,秋山 翔吾,外野手,オリックス・バファローズ,,0,0,0,0,0,0,0,0,0,0,0,0,0,0,2026/09/22
広島東洋カープ,秋山 翔吾,外野手,横浜DeNAベイスターズ,0.238,46,42,10,8,1,0,1,4,5,2,0,1,1,15,2026/09/22
広島東洋カープ,秋山 翔吾,外野手,阪神タイガース,0.400,26,25,10,9,0,0,1,2,1,1,0,0,0,11,2026/09/22
広島東洋カープ,秋山 翔吾,外野手,埼玉西武ライオンズ,,0,0,0,0,0,0,0,0,0,0,0,0,0,0,2026/09/22
広島東洋カープ,秋山 翔吾,外野手,千葉ロッテマリーンズ,,0,0,0,0,0,0,0,0,0,0,0,0,0,0,2026/09/22
広島東洋カープ,秋山 翔吾,外野手,中日ドラゴンズ,0.429,22,21,9,5,2,1,1,4,2,1,0,0,0,12,2026/09/22
広島東洋カープ,秋山 翔吾,外野手,東京ヤクルトスワローズ,0.175,42,40,7,7,0,0,0,3,8,1,0,1,0,19,2026/09/22
広島東洋カープ,秋山 翔吾,外野手,東北楽天ゴールデンイーグルス,,0,0,0,0,0,0,0,0,0,0,0,0,0,0,2026/09/22
広島東洋カープ,秋山 翔吾,外野手,読売ジャイアンツ,0.341,43,41,14,11,2,1,0,2,6,1,0,1,0,15,2026/09/22
広島東洋カープ,秋山 翔吾,外野手,福岡ソフトバンクホークス,,0,0,0,0,0,0,0,0,0,0,0,0,0,0,2026/09/22
広島東洋カープ,秋山 翔吾,外野手,北海道日本ハムファイターズ,,0,0,0,0,0,0,0,0,0,0,0,0,0,0,2026/09/22
広島東洋カープ,野間 峻祥,外野手,オリックス・バファローズ,0.000,2,1,0,0,0,0,0,0,0,0,0,0,1,2,2026/09/22
広島東洋カープ,野間 峻祥,外野手,横浜DeNAベイスターズ,0.182,28,22,4,4,0,0,0,2,4,6,0,0,0,12,2026/09/22
広島東洋カープ,野間 峻祥,外野手,阪神タイガース,0.294,19,17,5,4,1,0,0,1,3,2,0,0,0,7,2026/09/22
広島東洋カープ,野間 峻祥,外野手,埼玉西武ライオンズ,,0,0,0,0,0,0,0,0,0,0,0,0,0,0,2026/09/22
広島東洋カープ,野間 峻祥,外野手,千葉ロッテマリーンズ,0.000,1,1,0,0,0,0,0,0,1,0,0,0,0,1,2026/09/22
広島東洋カープ,野間 峻祥,外野手,中日ドラゴンズ,0.000,9,7,0,0,0,0,0,0,0,2,0,0,0,5,2026/09/22
広島東洋カープ,野間 峻祥,外野手,東京ヤクルトスワローズ,0.227,24,22,5,5,0,0,0,1,4,1,0,1,0,9,2026/09/22
広島東洋カープ,野間 峻祥,外野手,東北楽天ゴールデンイーグルス,0.000,1,1,0,0,0,0,0,0,0,0,0,0,0,1,2026/09/22
広島東洋カープ,野間 峻祥,外野手,読売ジャイアンツ,0.263,21,19,5,4,1,0,0,0,2,1,0,0,1,11,2026/09/22
広島東洋カープ,野間 峻祥,外野手,福岡ソフトバンクホークス,,0,0,0,0,0,0,0,0,0,0,0,0,0,0,2026/09/22
広島東洋カープ,野間 峻祥,外野手,北海道日本ハムファイターズ,0.000,1,1,0,0,0,0,0,0,0,0,0,0,0,1,2026/09/22
広島東洋カープ,平川 蓮,外野手,オリックス・バファローズ,0.083,13,12,1,0,1,0,0,0,2,1,0,0,0,3,2026/09/22
広島東洋カープ,平川 蓮,外野手,横浜DeNAベイスターズ,0.313,18,16,5,3,2,0,0,5,4,2,0,0,0,4,2026/09/22
広島東洋カープ,平川 蓮,外野手,阪神タイガース,0.000,1,1,0,0,0,0,0,0,1,0,0,0,0,1,2026/09/22
広島東洋カープ,平川 蓮,外野手,埼玉西武ライオンズ,0.250,4,4,1,0,0,0,1,1,2,0,0,0,0,2,2026/09/22
広島東洋カープ,平川 蓮,外野手,千葉ロッテマリーンズ,,0,0,0,0,0,0,0,0,0,0,0,0,0,0,2026/09/22
広島東洋カープ,平川 蓮,外野手,中日ドラゴンズ,0.222,19,18,4,3,1,0,0,4,5,1,0,0,0,5,2026/09/22
広島東洋カープ,平川 蓮,外野手,東京ヤクルトスワローズ,0.080,26,25,2,2,0,0,0,0,14,0,0,0,1,7,2026/09/22
広島東洋カープ,平川 蓮,外野手,東北楽天ゴールデンイーグルス,0.000,3,3,0,0,0,0,0,0,3,0,0,0,0,1,2026/09/22
広島東洋カープ,平川 蓮,外野手,読売ジャイアンツ,0.214,16,14,3,3,0,0,0,1,3,1,1,0,0,4,2026/09/22
広島東洋カープ,平川 蓮,外野手,福岡ソフトバンクホークス,,0,0,0,0,0,0,0,0,0,0,0,0,0,0,2026/09/22
広島東洋カープ,平川 蓮,外野手,北海道日本ハムファイターズ,0.333,9,9,3,3,0,0,0,0,2,0,0,0,0,2,2026/09/22
広島東洋カープ,末包 昇大,外野手,オリックス・バファローズ,,0,0,0,0,0,0,0,0,0,0,0,0,0,0,2026/09/22
広島東洋カープ,末包 昇大,外野手,横浜DeNAベイスターズ,,0,0,0,0,0,0,0,0,0,0,0,0,0,0,2026/09/22
広島東洋カープ,末包 昇大,外野手,阪神タイガース,0.000,5,5,0,0,0,0,0,0,0,0,0,0,0,2,2026/09/22
広島東洋カープ,末包 昇大,外野手,埼玉西武ライオンズ,,0,0,0,0,0,0,0,0,0,0,0,0,0,0,2026/09/22
広島東洋カープ,末包 昇大,外野手,千葉ロッテマリーンズ,,0,0,0,0,0,0,0,0,0,0,0,0,0,0,2026/09/22
広島東洋カープ,末包 昇大,外野手,中日ドラゴンズ,0.286,7,7,2,1,0,0,1,1,1,0,0,0,0,2,2026/09/22
広島東洋カープ,末包 昇大,外野手,東京ヤクルトスワローズ,,0,0,0,0,0,0,0,0,0,0,0,0,0,0,2026/09/22
広島東洋カープ,末包 昇大,外野手,東北楽天ゴールデンイーグルス,,0,0,0,0,0,0,0,0,0,0,0,0,0,0,2026/09/22
広島東洋カープ,末包 昇大,外野手,読売ジャイアンツ,0.000,5,3,0,0,0,0,0,0,0,2,0,0,0,1,2026/09/22
広島東洋カープ,末包 昇大,外野手,福岡ソフトバンクホークス,,0,0,0,0,0,0,0,0,0,0,0,0,0,0,2026/09/22
広島東洋カープ,末包 昇大,外野手,北海道日本ハムファイターズ,,0,0,0,0,0,0,0,0,0,0,0,0,0,0,2026/09/22
広島東洋カープ,久保 修,外野手,オリックス・バファローズ,,0,0,0,0,0,0,0,0,0,0,0,0,0,0,2026/09/22
広島東洋カープ,久保 修,外野手,横浜DeNAベイスターズ,0.000,1,1,0,0,0,0,0,0,0,0,0,0,0,1,2026/09/22
広島東洋カープ,久保 修,外野手,阪神タイガース,,0,0,0,0,0,0,0,0,0,0,0,0,0,0,2026/09/22
広島東洋カープ,久保 修,外野手,埼玉西武ライオンズ,,0,0,0,0,0,0,0,0,0,0,0,0,0,0,2026/09/22
広島東洋カープ,久保 修,外野手,千葉ロッテマリーンズ,,0,0,0,0,0,0,0,0,0,0,0,0,0,0,2026/09/22
広島東洋カープ,久保 修,外野手,中日ドラゴンズ,0.000,3,2,0,0,0,0,0,0,2,1,0,0,0,3,2026/09/22
広島東洋カープ,久保 修,外野手,東京ヤクルトスワローズ,0.000,2,2,0,0,0,0,0,0,1,0,0,0,0,2,2026/09/22
広島東洋カープ,久保 修,外野手,東北楽天ゴールデンイーグルス,,0,0,0,0,0,0,0,0,0,0,0,0,0,0,2026/09/22
広島東洋カープ,久保 修,外野手,読売ジャイアンツ,,0,0,1,1,0,0,0,0,0,0,0,0,0,1,2026/09/22
広島東洋カープ,久保 修,外野手,福岡ソフトバンクホークス,,0,0,0,0,0,0,0,0,0,0,0,0,0,0,2026/09/22
広島東洋カープ,久保 修,外野手,北海道日本ハムファイターズ,,0,0,0,0,0,0,0,0,0,0,0,0,0,0,2026/09/22
広島東洋カープ,大盛 穂,外野手,オリックス・バファローズ,0.333,3,3,1,1,0,0,0,1,0,0,0,0,0,2,2026/09/22
広島東洋カープ,大盛 穂,外野手,横浜DeNAベイスターズ,0.250,75,72,18,14,4,0,0,6,28,2,1,0,0,19,2026/09/22
広島東洋カープ,大盛 穂,外野手,阪神タイガース,0.290,67,62,18,16,0,1,1,2,18,1,2,0,2,18,2026/09/22
広島東洋カープ,大盛 穂,外野手,埼玉西武ライオンズ,0.286,8,7,2,1,1,0,0,0,2,0,1,0,0,2,2026/09/22
広島東洋カープ,大盛 穂,外野手,千葉ロッテマリーンズ,0.400,12,10,4,2,1,0,1,2,5,2,0,0,0,3,2026/09/22
広島東洋カープ,大盛 穂,外野手,中日ドラゴンズ,0.282,40,39,11,7,1,2,1,5,9,1,0,0,0,14,2026/09/22
広島東洋カープ,大盛 穂,外野手,東京ヤクルトスワローズ,0.175,45,40,7,7,0,0,0,2,10,3,1,1,0,17,2026/09/22
広島東洋カープ,大盛 穂,外野手,東北楽天ゴールデンイーグルス,0.273,13,11,3,1,0,1,1,1,2,2,0,0,0,3,2026/09/22
広島東洋カープ,大盛 穂,外野手,読売ジャイアンツ,0.123,62,57,7,5,0,0,2,4,10,3,2,0,0,18,2026/09/22
広島東洋カープ,大盛 穂,外野手,福岡ソフトバンクホークス,0.125,8,8,1,0,1,0,0,0,4,0,0,0,0,3,2026/09/22
広島東洋カープ,大盛 穂,外野手,北海道日本ハムファイターズ,0.000,4,4,0,0,0,0,0,0,3,0,0,0,0,2,2026/09/22
広島東洋カープ,田村 俊介,外野手,オリックス・バファローズ,,0,0,0,0,0,0,0,0,0,0,0,0,0,0,2026/09/22
広島東洋カープ,田村 俊介,外野手,横浜DeNAベイスターズ,,0,0,0,0,0,0,0,0,0,0,0,0,0,0,2026/09/22
広島東洋カープ,田村 俊介,外野手,阪神タイガース,0.000,4,4,0,0,0,0,0,0,1,0,0,0,0,2,2026/09/22
広島東洋カープ,田村 俊介,外野手,埼玉西武ライオンズ,,0,0,0,0,0,0,0,0,0,0,0,0,0,0,2026/09/22
広島東洋カープ,田村 俊介,外野手,千葉ロッテマリーンズ,,0,0,0,0,0,0,0,0,0,0,0,0,0,0,2026/09/22
広島東洋カープ,田村 俊介,外野手,中日ドラゴンズ,,0,0,0,0,0,0,0,0,0,0,0,0,0,0,2026/09/22
広島東洋カープ,田村 俊介,外野手,東京ヤクルトスワローズ,,0,0,0,0,0,0,0,0,0,0,0,0,0,0,2026/09/22
広島東洋カープ,田村 俊介,外野手,東北楽天ゴールデンイーグルス,,0,0,0,0,0,0,0,0,0,0,0,0,0,0,2026/09/22
広島東洋カープ,田村 俊介,外野手,読売ジャイアンツ,0.143,7,7,1,1,0,0,0,1,1,0,0,0,0,2,2026/09/22
広島東洋カープ,田村 俊介,外野手,福岡ソフトバンクホークス,,0,0,0,0,0,0,0,0,0,0,0,0,0,0,2026/09/22
広島東洋カープ,田村 俊介,外野手,北海道日本ハムファイターズ,,0,0,0,0,0,0,0,0,0,0,0,0,0,0,2026/09/22
広島東洋カープ,ファビアン,外野手,オリックス・バファローズ,0.300,12,10,3,2,1,0,0,0,2,1,0,0,1,3,2026/09/22
広島東洋カープ,ファビアン,外野手,横浜DeNAベイスターズ,0.160,53,50,8,4,2,0,2,5,8,2,0,1,0,16,2026/09/22
広島東洋カープ,ファビアン,外野手,阪神タイガース,0.189,38,37,7,3,0,1,3,5,10,1,0,0,0,12,2026/09/22
広島東洋カープ,ファビアン,外野手,埼玉西武ライオンズ,0.083,13,12,1,0,0,0,1,1,3,0,0,0,1,3,2026/09/22
広島東洋カープ,ファビアン,外野手,千葉ロッテマリーンズ,,0,0,0,0,0,0,0,0,0,0,0,0,0,0,2026/09/22
広島東洋カープ,ファビアン,外野手,中日ドラゴンズ,0.258,69,62,16,12,1,0,3,7,10,7,0,0,0,18,2026/09/22
広島東洋カープ,ファビアン,外野手,東京ヤクルトスワローズ,0.172,73,64,11,6,2,0,3,10,18,4,0,3,2,19,2026/09/22
広島東洋カープ,ファビアン,外野手,東北楽天ゴールデンイーグルス,0.111,11,9,1,1,0,0,0,1,1,1,0,1,0,2,2026/09/22
広島東洋カープ,ファビアン,外野手,読売ジャイアンツ,0.296,60,54,16,11,2,0,3,7,8,3,0,0,3,14,2026/09/22
広島東洋カープ,ファビアン,外野手,福岡ソフトバンクホークス,0.222,9,9,2,1,1,0,0,0,1,0,0,0,0,3,2026/09/22
広島東洋カープ,ファビアン,外野手,北海道日本ハムファイターズ,0.364,14,11,4,2,1,0,1,1,1,3,0,0,0,3,2026/09/22
広島東洋カープ,名原 典彦,外野手,オリックス・バファローズ,0.188,17,16,3,1,0,2,0,4,1,1,0,0,0,3,2026/09/22
広島東洋カープ,名原 典彦,外野手,横浜DeNAベイスターズ,0.375,25,24,9,7,2,0,0,1,7,0,0,1,0,7,2026/09/22
広島東洋カープ,名原 典彦,外野手,阪神タイガース,0.310,30,29,9,7,1,0,1,1,5,0,0,0,1,8,2026/09/22
広島東洋カープ,名原 典彦,外野手,埼玉西武ライオンズ,0.182,13,11,2,1,0,0,1,2,0,2,0,0,0,3,2026/09/22
広島東洋カープ,名原 典彦,外野手,千葉ロッテマリーンズ,0.308,14,13,4,3,0,0,1,2,1,0,1,0,0,3,2026/09/22
広島東洋カープ,名原 典彦,外野手,中日ドラゴンズ,0.167,60,54,9,7,0,2,0,3,11,6,0,0,0,15,2026/09/22
広島東洋カープ,名原 典彦,外野手,東京ヤクルトスワローズ,0.311,48,45,14,11,3,0,0,1,10,2,0,0,1,14,2026/09/22
広島東洋カープ,名原 典彦,外野手,東北楽天ゴールデンイーグルス,0.231,14,13,3,3,0,0,0,0,1,0,1,0,0,3,2026/09/22
広島東洋カープ,名原 典彦,外野手,読売ジャイアンツ,0.316,19,19,6,5,1,0,0,1,3,0,0,0,0,7,2026/09/22
広島東洋カープ,名原 典彦,外野手,福岡ソフトバンクホークス,0.300,10,10,3,3,0,0,0,0,1,0,0,0,0,3,2026/09/22
広島東洋カープ,名原 典彦,外野手,北海道日本ハムファイターズ,0.231,15,13,3,2,1,0,0,1,2,1,0,0,1,3,2026/09/22
広島東洋カープ,中村 奨成,外野手,オリックス・バファローズ,,0,0,0,0,0,0,0,0,0,0,0,0,0,0,2026/09/22
広島東洋カープ,中村 奨成,外野手,横浜DeNAベイスターズ,0.053,22,19,1,1,0,0,0,0,2,3,0,0,0,7,2026/09/22
広島東洋カープ,中村 奨成,外野手,阪神タイガース,0.310,34,29,9,9,0,0,0,2,6,1,4,0,0,9,2026/09/22
広島東洋カープ,中村 奨成,外野手,埼玉西武ライオンズ,,0,0,0,0,0,0,0,0,0,0,0,0,0,0,2026/09/22
広島東洋カープ,中村 奨成,外野手,千葉ロッテマリーンズ,,0,0,0,0,0,0,0,0,0,0,0,0,0,0,2026/09/22
広島東洋カープ,中村 奨成,外野手,中日ドラゴンズ,0.162,40,37,6,5,1,0,0,1,4,1,2,0,0,10,2026/09/22
広島東洋カープ,中村 奨成,外野手,東京ヤクルトスワローズ,0.261,24,23,6,1,4,0,1,3,5,0,1,0,0,7,2026/09/22
広島東洋カープ,中村 奨成,外野手,東北楽天ゴールデンイーグルス,,0,0,0,0,0,0,0,0,0,0,0,0,0,0,2026/09/22
広島東洋カープ,中村 奨成,外野手,読売ジャイアンツ,0.240,27,25,6,4,1,1,0,0,1,2,0,0,0,7,2026/09/22
広島東洋カープ,中村 奨成,外野手,福岡ソフトバンクホークス,0.000,1,1,0,0,0,0,0,0,0,0,0,0,0,1,2026/09/22
広島東洋カープ,中村 奨成,外野手,北海道日本ハムファイターズ,,0,0,0,0,0,0,0,0,0,0,0,0,0,0,2026/09/22
広島東洋カープ,中村 貴浩,外野手,オリックス・バファローズ,,0,0,0,0,0,0,0,0,0,0,0,0,0,0,2026/09/22
広島東洋カープ,中村 貴浩,外野手,横浜DeNAベイスターズ,,0,0,0,0,0,0,0,0,0,0,0,0,0,0,2026/09/22
広島東洋カープ,中村 貴浩,外野手,阪神タイガース,,0,0,0,0,0,0,0,0,0,0,0,0,0,0,2026/09/22
広島東洋カープ,中村 貴浩,外野手,埼玉西武ライオンズ,,0,0,0,0,0,0,0,0,0,0,0,0,0,0,2026/09/22
広島東洋カープ,中村 貴浩,外野手,千葉ロッテマリーンズ,,0,0,0,0,0,0,0,0,0,0,0,0,0,0,2026/09/22
広島東洋カープ,中村 貴浩,外野手,中日ドラゴンズ,,0,0,0,0,0,0,0,0,0,0,0,0,0,0,2026/09/22
広島東洋カープ,中村 貴浩,外野手,東京ヤクルトスワローズ,,0,0,0,0,0,0,0,0,0,0,0,0,0,0,2026/09/22
広島東洋カープ,中村 貴浩,外野手,東北楽天ゴールデンイーグルス,,0,0,0,0,0,0,0,0,0,0,0,0,0,0,2026/09/22
広島東洋カープ,中村 貴浩,外野手,読売ジャイアンツ,,0,0,0,0,0,0,0,0,0,0,0,0,0,0,2026/09/22
広島東洋カープ,中村 貴浩,外野手,福岡ソフトバンクホークス,,0,0,0,0,0,0,0,0,0,0,0,0,0,0,2026/09/22
広島東洋カープ,中村 貴浩,外野手,北海道日本ハムファイターズ,,0,0,0,0,0,0,0,0,0,0,0,0,0,0,2026/09/22
中日ドラゴンズ,中西 聖輝,投手,オリックス・バファローズ,,0,0,0,0,0,0,0,0,0,0,0,0,0,0,2026/09/22
中日ドラゴンズ,中西 聖輝,投手,横浜DeNAベイスターズ,0.200,6,5,1,0,1,0,0,0,2,0,1,0,0,3,2026/09/22
中日ドラゴンズ,中西 聖輝,投手,広島東洋カープ,,0,0,0,0,0,0,0,0,0,0,0,0,0,0,2026/09/22
中日ドラゴンズ,中西 聖輝,投手,阪神タイガース,0.000,5,5,0,0,0,0,0,0,3,0,0,0,0,2,2026/09/22
中日ドラゴンズ,中西 聖輝,投手,埼玉西武ライオンズ,,0,0,0,0,0,0,0,0,0,0,0,0,0,0,2026/09/22
中日ドラゴンズ,中西 聖輝,投手,千葉ロッテマリーンズ,,0,0,0,0,0,0,0,0,0,0,0,0,0,0,2026/09/22
中日ドラゴンズ,中西 聖輝,投手,東京ヤクルトスワローズ,0.000,1,1,0,0,0,0,0,0,1,0,0,0,0,1,2026/09/22
中日ドラゴンズ,中西 聖輝,投手,東北楽天ゴールデンイーグルス,,0,0,0,0,0,0,0,0,0,0,0,0,0,0,2026/09/22
中日ドラゴンズ,中西 聖輝,投手,読売ジャイアンツ,0.000,4,3,0,0,0,0,0,0,1,0,1,0,0,2,2026/09/22
中日ドラゴンズ,中西 聖輝,投手,福岡ソフトバンクホークス,,0,0,0,0,0,0,0,0,0,0,0,0,0,0,2026/09/22
中日ドラゴンズ,中西 聖輝,投手,北海道日本ハムファイターズ,,0,0,0,0,0,0,0,0,0,0,0,0,0,0,2026/09/22
中日ドラゴンズ,橋本 侑樹,投手,オリックス・バファローズ,,0,0,0,0,0,0,0,0,0,0,0,0,0,0,2026/09/22
中日ドラゴンズ,橋本 侑樹,投手,横浜DeNAベイスターズ,,0,0,0,0,0,0,0,0,0,0,0,0,0,0,2026/09/22
中日ドラゴンズ,橋本 侑樹,投手,広島東洋カープ,,0,0,0,0,0,0,0,0,0,0,0,0,0,0,2026/09/22
中日ドラゴンズ,橋本 侑樹,投手,阪神タイガース,,0,0,0,0,0,0,0,0,0,0,0,0,0,0,2026/09/22
中日ドラゴンズ,橋本 侑樹,投手,埼玉西武ライオンズ,,0,0,0,0,0,0,0,0,0,0,0,0,0,0,2026/09/22
中日ドラゴンズ,橋本 侑樹,投手,千葉ロッテマリーンズ,,0,0,0,0,0,0,0,0,0,0,0,0,0,0,2026/09/22
中日ドラゴンズ,橋本 侑樹,投手,東京ヤクルトスワローズ,,0,0,0,0,0,0,0,0,0,0,0,0,0,0,2026/09/22
中日ドラゴンズ,橋本 侑樹,投手,東北楽天ゴールデンイーグルス,,0,0,0,0,0,0,0,0,0,0,0,0,0,0,2026/09/22
中日ドラゴンズ,橋本 侑樹,投手,読売ジャイアンツ,,0,0,0,0,0,0,0,0,0,0,0,0,0,0,2026/09/22
中日ドラゴンズ,橋本 侑樹,投手,福岡ソフトバンクホークス,,0,0,0,0,0,0,0,0,0,0,0,0,0,0,2026/09/22
中日ドラゴンズ,橋本 侑樹,投手,北海道日本ハムファイターズ,,0,0,0,0,0,0,0,0,0,0,0,0,0,0,2026/09/22
中日ドラゴンズ,草加 勝,投手,オリックス・バファローズ,,0,0,0,0,0,0,0,0,0,0,0,0,0,0,2026/09/22
中日ドラゴンズ,草加 勝,投手,横浜DeNAベイスターズ,,0,0,0,0,0,0,0,0,0,0,0,0,0,0,2026/09/22
中日ドラゴンズ,草加 勝,投手,広島東洋カープ,,0,0,0,0,0,0,0,0,0,0,0,0,0,0,2026/09/22
中日ドラゴンズ,草加 勝,投手,阪神タイガース,,0,0,0,0,0,0,0,0,0,0,0,0,0,0,2026/09/22
中日ドラゴンズ,草加 勝,投手,埼玉西武ライオンズ,,0,0,0,0,0,0,0,0,0,0,0,0,0,0,2026/09/22
中日ドラゴンズ,草加 勝,投手,千葉ロッテマリーンズ,,0,0,0,0,0,0,0,0,0,0,0,0,0,0,2026/09/22
中日ドラゴンズ,草加 勝,投手,東京ヤクルトスワローズ,,0,0,0,0,0,0,0,0,0,0,0,0,0,0,2026/09/22
中日ドラゴンズ,草加 勝,投手,東北楽天ゴールデンイーグルス,,0,0,0,0,0,0,0,0,0,0,0,0,0,0,2026/09/22
中日ドラゴンズ,草加 勝,投手,読売ジャイアンツ,,0,0,0,0,0,0,0,0,0,0,0,0,0,0,2026/09/22
中日ドラゴンズ,草加 勝,投手,福岡ソフトバンクホークス,,0,0,0,0,0,0,0,0,0,0,0,0,0,0,2026/09/22
中日ドラゴンズ,草加 勝,投手,北海道日本ハムファイターズ,,0,0,0,0,0,0,0,0,0,0,0,0,0,0,2026/09/22
中日ドラゴンズ,櫻井 頼之介,投手,オリックス・バファローズ,,0,0,0,0,0,0,0,0,0,0,0,0,0,0,2026/09/22
中日ドラゴンズ,櫻井 頼之介,投手,横浜DeNAベイスターズ,0.000,4,3,0,0,0,0,0,0,0,1,0,0,0,2,2026/09/22
中日ドラゴンズ,櫻井 頼之介,投手,広島東洋カープ,0.000,5,4,0,0,0,0,0,0,3,0,1,0,0,2,2026/09/22
中日ドラゴンズ,櫻井 頼之介,投手,阪神タイガース,,0,0,0,0,0,0,0,0,0,0,0,0,0,0,2026/09/22
中日ドラゴンズ,櫻井 頼之介,投手,埼玉西武ライオンズ,,0,0,0,0,0,0,0,0,0,0,0,0,0,0,2026/09/22
中日ドラゴンズ,櫻井 頼之介,投手,千葉ロッテマリーンズ,,0,0,0,0,0,0,0,0,0,0,0,0,0,0,2026/09/22
中日ドラゴンズ,櫻井 頼之介,投手,東京ヤクルトスワローズ,0.000,1,1,0,0,0,0,0,0,1,0,0,0,0,1,2026/09/22
中日ドラゴンズ,櫻井 頼之介,投手,東北楽天ゴールデンイーグルス,0.000,2,2,0,0,0,0,0,0,2,0,0,0,0,1,2026/09/22
中日ドラゴンズ,櫻井 頼之介,投手,読売ジャイアンツ,0.000,3,3,0,0,0,0,0,0,2,0,0,0,0,2,2026/09/22
中日ドラゴンズ,櫻井 頼之介,投手,福岡ソフトバンクホークス,0.000,3,2,0,0,0,0,0,0,1,0,1,0,0,1,2026/09/22
中日ドラゴンズ,櫻井 頼之介,投手,北海道日本ハムファイターズ,,0,0,0,0,0,0,0,0,0,0,0,0,0,0,2026/09/22
中日ドラゴンズ,柳 裕也,投手,オリックス・バファローズ,,0,0,0,0,0,0,0,0,0,0,0,0,0,0,2026/09/22
中日ドラゴンズ,柳 裕也,投手,横浜DeNAベイスターズ,0.000,7,5,0,0,0,0,0,0,1,1,1,0,0,3,2026/09/22
中日ドラゴンズ,柳 裕也,投手,広島東洋カープ,0.111,11,9,1,1,0,0,0,0,3,0,2,0,0,4,2026/09/22
中日ドラゴンズ,柳 裕也,投手,阪神タイガース,0.000,17,13,0,0,0,0,0,0,0,0,4,0,0,6,2026/09/22
中日ドラゴンズ,柳 裕也,投手,埼玉西武ライオンズ,0.000,3,2,0,0,0,0,0,0,0,0,1,0,0,1,2026/09/22
中日ドラゴンズ,柳 裕也,投手,千葉ロッテマリーンズ,,0,0,0,0,0,0,0,0,0,0,0,0,0,0,2026/09/22
中日ドラゴンズ,柳 裕也,投手,東京ヤクルトスワローズ,0.100,11,10,1,1,0,0,0,0,2,0,1,0,0,4,2026/09/22
中日ドラゴンズ,柳 裕也,投手,東北楽天ゴールデンイーグルス,,0,0,0,0,0,0,0,0,0,0,0,0,0,0,2026/09/22
中日ドラゴンズ,柳 裕也,投手,読売ジャイアンツ,0.111,11,9,1,1,0,0,0,0,3,0,2,0,0,4,2026/09/22
中日ドラゴンズ,柳 裕也,投手,福岡ソフトバンクホークス,,0,0,0,0,0,0,0,0,0,0,0,0,0,0,2026/09/22
中日ドラゴンズ,柳 裕也,投手,北海道日本ハムファイターズ,,0,0,0,0,0,0,0,0,0,0,0,0,0,0,2026/09/22
中日ドラゴンズ,髙橋 宏斗,投手,オリックス・バファローズ,,0,0,0,0,0,0,0,0,0,0,0,0,0,0,2026/09/22
中日ドラゴンズ,髙橋 宏斗,投手,横浜DeNAベイスターズ,0.000,3,3,0,0,0,0,0,0,2,0,0,0,0,1,2026/09/22
中日ドラゴンズ,髙橋 宏斗,投手,広島東洋カープ,0.222,12,9,2,2,0,0,0,1,2,0,3,0,0,4,2026/09/22
中日ドラゴンズ,髙橋 宏斗,投手,阪神タイガース,0.000,10,10,0,0,0,0,0,0,4,0,0,0,0,5,2026/09/22
中日ドラゴンズ,髙橋 宏斗,投手,埼玉西武ライオンズ,,0,0,0,0,0,0,0,0,0,0,0,0,0,0,2026/09/22
中日ドラゴンズ,髙橋 宏斗,投手,千葉ロッテマリーンズ,,0,0,0,0,0,0,0,0,0,0,0,0,0,0,2026/09/22
中日ドラゴンズ,髙橋 宏斗,投手,東京ヤクルトスワローズ,0.231,17,13,3,3,0,0,0,2,2,1,3,0,0,6,2026/09/22
中日ドラゴンズ,髙橋 宏斗,投手,東北楽天ゴールデンイーグルス,,0,0,0,0,0,0,0,0,0,0,0,0,0,0,2026/09/22
中日ドラゴンズ,髙橋 宏斗,投手,読売ジャイアンツ,0.000,2,2,0,0,0,0,0,0,2,0,0,0,0,1,2026/09/22
中日ドラゴンズ,髙橋 宏斗,投手,福岡ソフトバンクホークス,,0,0,0,0,0,0,0,0,0,0,0,0,0,0,2026/09/22
中日ドラゴンズ,髙橋 宏斗,投手,北海道日本ハムファイターズ,,0,0,0,0,0,0,0,0,0,0,0,0,0,0,2026/09/22
中日ドラゴンズ,涌井 秀章,投手,オリックス・バファローズ,,0,0,0,0,0,0,0,0,0,0,0,0,0,0,2026/09/22
中日ドラゴンズ,涌井 秀章,投手,横浜DeNAベイスターズ,0.000,3,3,0,0,0,0,0,0,2,0,0,0,0,2,2026/09/22
中日ドラゴンズ,涌井 秀章,投手,広島東洋カープ,0.000,5,4,0,0,0,0,0,0,2,1,0,0,0,2,2026/09/22
中日ドラゴンズ,涌井 秀章,投手,阪神タイガース,0.000,2,2,0,0,0,0,0,0,0,0,0,0,0,1,2026/09/22
中日ドラゴンズ,涌井 秀章,投手,埼玉西武ライオンズ,0.000,1,1,0,0,0,0,0,0,1,0,0,0,0,1,2026/09/22
中日ドラゴンズ,涌井 秀章,投手,千葉ロッテマリーンズ,,0,0,0,0,0,0,0,0,0,0,0,0,0,0,2026/09/22
中日ドラゴンズ,涌井 秀章,投手,東京ヤクルトスワローズ,0.000,4,3,0,0,0,0,0,0,0,0,1,0,0,2,2026/09/22
中日ドラゴンズ,涌井 秀章,投手,東北楽天ゴールデンイーグルス,,0,0,0,0,0,0,0,0,0,0,0,0,0,0,2026/09/22
中日ドラゴンズ,涌井 秀章,投手,読売ジャイアンツ,0.000,6,5,0,0,0,0,0,0,4,0,1,0,0,2,2026/09/22
中日ドラゴンズ,涌井 秀章,投手,福岡ソフトバンクホークス,,0,0,0,0,0,0,0,0,0,0,0,0,0,0,2026/09/22
中日ドラゴンズ,涌井 秀章,投手,北海道日本ハムファイターズ,,0,0,0,0,0,0,0,0,0,0,0,0,0,0,2026/09/22
中日ドラゴンズ,金丸 夢斗,投手,オリックス・バファローズ,,0,0,0,0,0,0,0,0,0,0,0,0,0,0,2026/09/22
中日ドラゴンズ,金丸 夢斗,投手,横浜DeNAベイスターズ,0.000,8,8,0,0,0,0,0,0,5,0,0,0,0,5,2026/09/22
中日ドラゴンズ,金丸 夢斗,投手,広島東洋カープ,0.000,10,9,0,0,0,0,0,0,5,0,1,0,0,4,2026/09/22
中日ドラゴンズ,金丸 夢斗,投手,阪神タイガース,0.000,6,6,0,0,0,0,0,0,3,0,0,0,0,3,2026/09/22
中日ドラゴンズ,金丸 夢斗,投手,埼玉西武ライオンズ,,0,0,0,0,0,0,0,0,0,0,0,0,0,0,2026/09/22
中日ドラゴンズ,金丸 夢斗,投手,千葉ロッテマリーンズ,,0,0,0,0,0,0,0,0,0,0,0,0,0,0,2026/09/22
中日ドラゴンズ,金丸 夢斗,投手,東京ヤクルトスワローズ,0.000,5,5,0,0,0,0,0,0,2,0,0,0,0,2,2026/09/22
中日ドラゴンズ,金丸 夢斗,投手,東北楽天ゴールデンイーグルス,1.000,1,1,1,1,0,0,0,0,0,0,0,0,0,1,2026/09/22
中日ドラゴンズ,金丸 夢斗,投手,読売ジャイアンツ,0.063,17,16,1,1,0,0,0,0,6,0,1,0,0,7,2026/09/22
中日ドラゴンズ,金丸 夢斗,投手,福岡ソフトバンクホークス,0.000,2,2,0,0,0,0,0,0,2,0,0,0,0,1,2026/09/22
中日ドラゴンズ,金丸 夢斗,投手,北海道日本ハムファイターズ,,0,0,0,0,0,0,0,0,0,0,0,0,0,0,2026/09/22
中日ドラゴンズ,大野 雄大,投手,オリックス・バファローズ,,0,0,0,0,0,0,0,0,0,0,0,0,0,0,2026/09/22
中日ドラゴンズ,大野 雄大,投手,横浜DeNAベイスターズ,0.500,2,2,1,1,0,0,0,2,0,0,0,0,0,1,2026/09/22
中日ドラゴンズ,大野 雄大,投手,広島東洋カープ,0.000,20,14,0,0,0,0,0,0,4,1,5,0,0,6,2026/09/22
中日ドラゴンズ,大野 雄大,投手,阪神タイガース,0.200,6,5,1,1,0,0,0,0,3,0,1,0,0,3,2026/09/22
中日ドラゴンズ,大野 雄大,投手,埼玉西武ライオンズ,0.000,2,2,0,0,0,0,0,0,1,0,0,0,0,1,2026/09/22
中日ドラゴンズ,大野 雄大,投手,千葉ロッテマリーンズ,,0,0,0,0,0,0,0,0,0,0,0,0,0,0,2026/09/22
中日ドラゴンズ,大野 雄大,投手,東京ヤクルトスワローズ,0.143,8,7,1,1,0,0,0,0,3,0,1,0,0,3,2026/09/22
中日ドラゴンズ,大野 雄大,投手,東北楽天ゴールデンイーグルス,,0,0,0,0,0,0,0,0,0,0,0,0,0,0,2026/09/22
中日ドラゴンズ,大野 雄大,投手,読売ジャイアンツ,0.000,17,15,0,0,0,0,0,0,8,1,1,0,0,6,2026/09/22
中日ドラゴンズ,大野 雄大,投手,福岡ソフトバンクホークス,,0,0,0,0,0,0,0,0,0,0,0,0,0,0,2026/09/22
中日ドラゴンズ,大野 雄大,投手,北海道日本ハムファイターズ,,0,0,0,0,0,0,0,0,0,0,0,0,0,0,2026/09/22
中日ドラゴンズ,仲地 礼亜,投手,オリックス・バファローズ,,0,0,0,0,0,0,0,0,0,0,0,0,0,0,2026/09/22
中日ドラゴンズ,仲地 礼亜,投手,横浜DeNAベイスターズ,,0,0,0,0,0,0,0,0,0,0,0,0,0,0,2026/09/22
中日ドラゴンズ,仲地 礼亜,投手,広島東洋カープ,,0,0,0,0,0,0,0,0,0,0,0,0,0,0,2026/09/22
中日ドラゴンズ,仲地 礼亜,投手,阪神タイガース,,0,0,0,0,0,0,0,0,0,0,0,0,0,0,2026/09/22
中日ドラゴンズ,仲地 礼亜,投手,埼玉西武ライオンズ,,0,0,0,0,0,0,0,0,0,0,0,0,0,0,2026/09/22
中日ドラゴンズ,仲地 礼亜,投手,千葉ロッテマリーンズ,,0,0,0,0,0,0,0,0,0,0,0,0,0,0,2026/09/22
中日ドラゴンズ,仲地 礼亜,投手,東京ヤクルトスワローズ,,0,0,0,0,0,0,0,0,0,0,0,0,0,0,2026/09/22
中日ドラゴンズ,仲地 礼亜,投手,東北楽天ゴールデンイーグルス,,0,0,0,0,0,0,0,0,0,0,0,0,0,0,2026/09/22
中日ドラゴンズ,仲地 礼亜,投手,読売ジャイアンツ,,0,0,0,0,0,0,0,0,0,0,0,0,0,0,2026/09/22
中日ドラゴンズ,仲地 礼亜,投手,福岡ソフトバンクホークス,,0,0,0,0,0,0,0,0,0,0,0,0,0,0,2026/09/22
中日ドラゴンズ,仲地 礼亜,投手,北海道日本ハムファイターズ,,0,0,0,0,0,0,0,0,0,0,0,0,0,0,2026/09/22
中日ドラゴンズ,アブレウ,投手,オリックス・バファローズ,,0,0,0,0,0,0,0,0,0,0,0,0,0,0,2026/09/22
中日ドラゴンズ,アブレウ,投手,横浜DeNAベイスターズ,,0,0,0,0,0,0,0,0,0,0,0,0,0,0,2026/09/22
中日ドラゴンズ,アブレウ,投手,広島東洋カープ,,0,0,0,0,0,0,0,0,0,0,0,0,0,0,2026/09/22
中日ドラゴンズ,アブレウ,投手,阪神タイガース,,0,0,0,0,0,0,0,0,0,0,0,0,0,0,2026/09/22
中日ドラゴンズ,アブレウ,投手,埼玉西武ライオンズ,,0,0,0,0,0,0,0,0,0,0,0,0,0,0,2026/09/22
中日ドラゴンズ,アブレウ,投手,千葉ロッテマリーンズ,,0,0,0,0,0,0,0,0,0,0,0,0,0,0,2026/09/22
中日ドラゴンズ,アブレウ,投手,東京ヤクルトスワローズ,,0,0,0,0,0,0,0,0,0,0,0,0,0,0,2026/09/22
中日ドラゴンズ,アブレウ,投手,東北楽天ゴールデンイーグルス,,0,0,0,0,0,0,0,0,0,0,0,0,0,0,2026/09/22
中日ドラゴンズ,アブレウ,投手,読売ジャイアンツ,,0,0,0,0,0,0,0,0,0,0,0,0,0,0,2026/09/22
中日ドラゴンズ,アブレウ,投手,福岡ソフトバンクホークス,,0,0,0,0,0,0,0,0,0,0,0,0,0,0,2026/09/22
中日ドラゴンズ,アブレウ,投手,北海道日本ハムファイターズ,,0,0,0,0,0,0,0,0,0,0,0,0,0,0,2026/09/22
中日ドラゴンズ,松木平 優太,投手,オリックス・バファローズ,,0,0,0,0,0,0,0,0,0,0,0,0,0,0,2026/09/22
中日ドラゴンズ,松木平 優太,投手,横浜DeNAベイスターズ,,0,0,0,0,0,0,0,0,0,0,0,0,0,0,2026/09/22
中日ドラゴンズ,松木平 優太,投手,広島東洋カープ,,0,0,0,0,0,0,0,0,0,0,0,0,0,0,2026/09/22
中日ドラゴンズ,松木平 優太,投手,阪神タイガース,,0,0,0,0,0,0,0,0,0,0,0,0,0,0,2026/09/22
中日ドラゴンズ,松木平 優太,投手,埼玉西武ライオンズ,,0,0,0,0,0,0,0,0,0,0,0,0,0,0,2026/09/22
中日ドラゴンズ,松木平 優太,投手,千葉ロッテマリーンズ,,0,0,0,0,0,0,0,0,0,0,0,0,0,0,2026/09/22
中日ドラゴンズ,松木平 優太,投手,東京ヤクルトスワローズ,,0,0,0,0,0,0,0,0,0,0,0,0,0,0,2026/09/22
中日ドラゴンズ,松木平 優太,投手,東北楽天ゴールデンイーグルス,,0,0,0,0,0,0,0,0,0,0,0,0,0,0,2026/09/22
中日ドラゴンズ,松木平 優太,投手,読売ジャイアンツ,,0,0,0,0,0,0,0,0,0,0,0,0,0,0,2026/09/22
中日ドラゴンズ,松木平 優太,投手,福岡ソフトバンクホークス,,0,0,0,0,0,0,0,0,0,0,0,0,0,0,2026/09/22
中日ドラゴンズ,松木平 優太,投手,北海道日本ハムファイターズ,,0,0,0,0,0,0,0,0,0,0,0,0,0,0,2026/09/22
中日ドラゴンズ,根尾 昂,投手,オリックス・バファローズ,,0,0,0,0,0,0,0,0,0,0,0,0,0,0,2026/09/22
中日ドラゴンズ,根尾 昂,投手,横浜DeNAベイスターズ,,0,0,0,0,0,0,0,0,0,0,0,0,0,0,2026/09/22
中日ドラゴンズ,根尾 昂,投手,広島東洋カープ,,0,0,0,0,0,0,0,0,0,0,0,0,0,0,2026/09/22
中日ドラゴンズ,根尾 昂,投手,阪神タイガース,,0,0,0,0,0,0,0,0,0,0,0,0,0,0,2026/09/22
中日ドラゴンズ,根尾 昂,投手,埼玉西武ライオンズ,,0,0,0,0,0,0,0,0,0,0,0,0,0,0,2026/09/22
中日ドラゴンズ,根尾 昂,投手,千葉ロッテマリーンズ,,0,0,0,0,0,0,0,0,0,0,0,0,0,0,2026/09/22
中日ドラゴンズ,根尾 昂,投手,東京ヤクルトスワローズ,,0,0,0,0,0,0,0,0,0,0,0,0,0,0,2026/09/22
中日ドラゴンズ,根尾 昂,投手,東北楽天ゴールデンイーグルス,,0,0,0,0,0,0,0,0,0,0,0,0,0,0,2026/09/22
中日ドラゴンズ,根尾 昂,投手,読売ジャイアンツ,,0,0,0,0,0,0,0,0,0,0,0,0,0,0,2026/09/22
中日ドラゴンズ,根尾 昂,投手,福岡ソフトバンクホークス,,0,0,0,0,0,0,0,0,0,0,0,0,0,0,2026/09/22
中日ドラゴンズ,根尾 昂,投手,北海道日本ハムファイターズ,,0,0,0,0,0,0,0,0,0,0,0,0,0,0,2026/09/22
中日ドラゴンズ,伊藤 茉央,投手,オリックス・バファローズ,,0,0,0,0,0,0,0,0,0,0,0,0,0,0,2026/09/22
中日ドラゴンズ,伊藤 茉央,投手,横浜DeNAベイスターズ,,0,0,0,0,0,0,0,0,0,0,0,0,0,0,2026/09/22
中日ドラゴンズ,伊藤 茉央,投手,広島東洋カープ,,0,0,0,0,0,0,0,0,0,0,0,0,0,0,2026/09/22
中日ドラゴンズ,伊藤 茉央,投手,阪神タイガース,,0,0,0,0,0,0,0,0,0,0,0,0,0,0,2026/09/22
中日ドラゴンズ,伊藤 茉央,投手,埼玉西武ライオンズ,,0,0,0,0,0,0,0,0,0,0,0,0,0,0,2026/09/22
中日ドラゴンズ,伊藤 茉央,投手,千葉ロッテマリーンズ,,0,0,0,0,0,0,0,0,0,0,0,0,0,0,2026/09/22
中日ドラゴンズ,伊藤 茉央,投手,東京ヤクルトスワローズ,,0,0,0,0,0,0,0,0,0,0,0,0,0,0,2026/09/22
中日ドラゴンズ,伊藤 茉央,投手,東北楽天ゴールデンイーグルス,,0,0,0,0,0,0,0,0,0,0,0,0,0,0,2026/09/22
中日ドラゴンズ,伊藤 茉央,投手,読売ジャイアンツ,,0,0,0,0,0,0,0,0,0,0,0,0,0,0,2026/09/22
中日ドラゴンズ,伊藤 茉央,投手,福岡ソフトバンクホークス,,0,0,0,0,0,0,0,0,0,0,0,0,0,0,2026/09/22
中日ドラゴンズ,伊藤 茉央,投手,北海道日本ハムファイターズ,,0,0,0,0,0,0,0,0,0,0,0,0,0,0,2026/09/22
中日ドラゴンズ,杉浦 稔大,投手,オリックス・バファローズ,,0,0,0,0,0,0,0,0,0,0,0,0,0,0,2026/09/22
中日ドラゴンズ,杉浦 稔大,投手,横浜DeNAベイスターズ,,0,0,0,0,0,0,0,0,0,0,0,0,0,0,2026/09/22
中日ドラゴンズ,杉浦 稔大,投手,広島東洋カープ,,0,0,0,0,0,0,0,0,0,0,0,0,0,0,2026/09/22
中日ドラゴンズ,杉浦 稔大,投手,阪神タイガース,,0,0,0,0,0,0,0,0,0,0,0,0,0,0,2026/09/22
中日ドラゴンズ,杉浦 稔大,投手,埼玉西武ライオンズ,,0,0,0,0,0,0,0,0,0,0,0,0,0,0,2026/09/22
中日ドラゴンズ,杉浦 稔大,投手,千葉ロッテマリーンズ,,0,0,0,0,0,0,0,0,0,0,0,0,0,0,2026/09/22
中日ドラゴンズ,杉浦 稔大,投手,東京ヤクルトスワローズ,,0,0,0,0,0,0,0,0,0,0,0,0,0,0,2026/09/22
中日ドラゴンズ,杉浦 稔大,投手,東北楽天ゴールデンイーグルス,,0,0,0,0,0,0,0,0,0,0,0,0,0,0,2026/09/22
中日ドラゴンズ,杉浦 稔大,投手,読売ジャイアンツ,,0,0,0,0,0,0,0,0,0,0,0,0,0,0,2026/09/22
中日ドラゴンズ,杉浦 稔大,投手,福岡ソフトバンクホークス,,0,0,0,0,0,0,0,0,0,0,0,0,0,0,2026/09/22
中日ドラゴンズ,杉浦 稔大,投手,北海道日本ハムファイターズ,,0,0,0,0,0,0,0,0,0,0,0,0,0,0,2026/09/22
中日ドラゴンズ,福 敬登,投手,オリックス・バファローズ,,0,0,0,0,0,0,0,0,0,0,0,0,0,0,2026/09/22
中日ドラゴンズ,福 敬登,投手,横浜DeNAベイスターズ,,0,0,0,0,0,0,0,0,0,0,0,0,0,0,2026/09/22
中日ドラゴンズ,福 敬登,投手,広島東洋カープ,,0,0,0,0,0,0,0,0,0,0,0,0,0,0,2026/09/22
中日ドラゴンズ,福 敬登,投手,阪神タイガース,,0,0,0,0,0,0,0,0,0,0,0,0,0,0,2026/09/22
中日ドラゴンズ,福 敬登,投手,埼玉西武ライオンズ,,0,0,0,0,0,0,0,0,0,0,0,0,0,0,2026/09/22
中日ドラゴンズ,福 敬登,投手,千葉ロッテマリーンズ,,0,0,0,0,0,0,0,0,0,0,0,0,0,0,2026/09/22
中日ドラゴンズ,福 敬登,投手,東京ヤクルトスワローズ,,0,0,0,0,0,0,0,0,0,0,0,0,0,0,2026/09/22
中日ドラゴンズ,福 敬登,投手,東北楽天ゴールデンイーグルス,,0,0,0,0,0,0,0,0,0,0,0,0,0,0,2026/09/22
中日ドラゴンズ,福 敬登,投手,読売ジャイアンツ,,0,0,0,0,0,0,0,0,0,0,0,0,0,0,2026/09/22
中日ドラゴンズ,福 敬登,投手,福岡ソフトバンクホークス,,0,0,0,0,0,0,0,0,0,0,0,0,0,0,2026/09/22
中日ドラゴンズ,福 敬登,投手,北海道日本ハムファイターズ,,0,0,0,0,0,0,0,0,0,0,0,0,0,0,2026/09/22
中日ドラゴンズ,福田 幸之介,投手,オリックス・バファローズ,,0,0,0,0,0,0,0,0,0,0,0,0,0,0,2026/09/22
中日ドラゴンズ,福田 幸之介,投手,横浜DeNAベイスターズ,,0,0,0,0,0,0,0,0,0,0,0,0,0,0,2026/09/22
中日ドラゴンズ,福田 幸之介,投手,広島東洋カープ,,0,0,0,0,0,0,0,0,0,0,0,0,0,0,2026/09/22
中日ドラゴンズ,福田 幸之介,投手,阪神タイガース,,0,0,0,0,0,0,0,0,0,0,0,0,0,0,2026/09/22
中日ドラゴンズ,福田 幸之介,投手,埼玉西武ライオンズ,,0,0,0,0,0,0,0,0,0,0,0,0,0,0,2026/09/22
中日ドラゴンズ,福田 幸之介,投手,千葉ロッテマリーンズ,,0,0,0,0,0,0,0,0,0,0,0,0,0,0,2026/09/22
中日ドラゴンズ,福田 幸之介,投手,東京ヤクルトスワローズ,,0,0,0,0,0,0,0,0,0,0,0,0,0,0,2026/09/22
中日ドラゴンズ,福田 幸之介,投手,東北楽天ゴールデンイーグルス,,0,0,0,0,0,0,0,0,0,0,0,0,0,0,2026/09/22
中日ドラゴンズ,福田 幸之介,投手,読売ジャイアンツ,,0,0,0,0,0,0,0,0,0,0,0,0,0,0,2026/09/22
中日ドラゴンズ,福田 幸之介,投手,福岡ソフトバンクホークス,,0,0,0,0,0,0,0,0,0,0,0,0,0,0,2026/09/22
中日ドラゴンズ,福田 幸之介,投手,北海道日本ハムファイターズ,,0,0,0,0,0,0,0,0,0,0,0,0,0,0,2026/09/22
中日ドラゴンズ,松葉 貴大,投手,オリックス・バファローズ,,0,0,0,0,0,0,0,0,0,0,0,0,0,0,2026/09/22
中日ドラゴンズ,松葉 貴大,投手,横浜DeNAベイスターズ,0.000,2,2,0,0,0,0,0,0,1,0,0,0,0,1,2026/09/22
中日ドラゴンズ,松葉 貴大,投手,広島東洋カープ,,0,0,0,0,0,0,0,0,0,0,0,0,0,0,2026/09/22
中日ドラゴンズ,松葉 貴大,投手,阪神タイガース,,0,0,0,0,0,0,0,0,0,0,0,0,0,0,2026/09/22
中日ドラゴンズ,松葉 貴大,投手,埼玉西武ライオンズ,,0,0,0,0,0,0,0,0,0,0,0,0,0,0,2026/09/22
中日ドラゴンズ,松葉 貴大,投手,千葉ロッテマリーンズ,,0,0,0,0,0,0,0,0,0,0,0,0,0,0,2026/09/22
中日ドラゴンズ,松葉 貴大,投手,東京ヤクルトスワローズ,0.000,2,2,0,0,0,0,0,0,1,0,0,0,0,1,2026/09/22
中日ドラゴンズ,松葉 貴大,投手,東北楽天ゴールデンイーグルス,,0,0,0,0,0,0,0,0,0,0,0,0,0,0,2026/09/22
中日ドラゴンズ,松葉 貴大,投手,読売ジャイアンツ,,0,0,0,0,0,0,0,0,0,0,0,0,0,0,2026/09/22
中日ドラゴンズ,松葉 貴大,投手,福岡ソフトバンクホークス,,0,0,0,0,0,0,0,0,0,0,0,0,0,0,2026/09/22
中日ドラゴンズ,松葉 貴大,投手,北海道日本ハムファイターズ,,0,0,0,0,0,0,0,0,0,0,0,0,0,0,2026/09/22
中日ドラゴンズ,勝野 昌慶,投手,オリックス・バファローズ,,0,0,0,0,0,0,0,0,0,0,0,0,0,0,2026/09/22
中日ドラゴンズ,勝野 昌慶,投手,横浜DeNAベイスターズ,,0,0,0,0,0,0,0,0,0,0,0,0,0,0,2026/09/22
中日ドラゴンズ,勝野 昌慶,投手,広島東洋カープ,,0,0,0,0,0,0,0,0,0,0,0,0,0,0,2026/09/22
中日ドラゴンズ,勝野 昌慶,投手,阪神タイガース,,0,0,0,0,0,0,0,0,0,0,0,0,0,0,2026/09/22
中日ドラゴンズ,勝野 昌慶,投手,埼玉西武ライオンズ,,0,0,0,0,0,0,0,0,0,0,0,0,0,0,2026/09/22
中日ドラゴンズ,勝野 昌慶,投手,千葉ロッテマリーンズ,,0,0,0,0,0,0,0,0,0,0,0,0,0,0,2026/09/22
中日ドラゴンズ,勝野 昌慶,投手,東京ヤクルトスワローズ,,0,0,0,0,0,0,0,0,0,0,0,0,0,0,2026/09/22
中日ドラゴンズ,勝野 昌慶,投手,東北楽天ゴールデンイーグルス,,0,0,0,0,0,0,0,0,0,0,0,0,0,0,2026/09/22
中日ドラゴンズ,勝野 昌慶,投手,読売ジャイアンツ,,0,0,0,0,0,0,0,0,0,0,0,0,0,0,2026/09/22
中日ドラゴンズ,勝野 昌慶,投手,福岡ソフトバンクホークス,,0,0,0,0,0,0,0,0,0,0,0,0,0,0,2026/09/22
中日ドラゴンズ,勝野 昌慶,投手,北海道日本ハムファイターズ,,0,0,0,0,0,0,0,0,0,0,0,0,0,0,2026/09/22
中日ドラゴンズ,梅野 雄吾,投手,オリックス・バファローズ,,0,0,0,0,0,0,0,0,0,0,0,0,0,0,2026/09/22
中日ドラゴンズ,梅野 雄吾,投手,横浜DeNAベイスターズ,,0,0,0,0,0,0,0,0,0,0,0,0,0,0,2026/09/22
中日ドラゴンズ,梅野 雄吾,投手,広島東洋カープ,,0,0,0,0,0,0,0,0,0,0,0,0,0,0,2026/09/22
中日ドラゴンズ,梅野 雄吾,投手,阪神タイガース,,0,0,0,0,0,0,0,0,0,0,0,0,0,0,2026/09/22
中日ドラゴンズ,梅野 雄吾,投手,埼玉西武ライオンズ,,0,0,0,0,0,0,0,0,0,0,0,0,0,0,2026/09/22
中日ドラゴンズ,梅野 雄吾,投手,千葉ロッテマリーンズ,,0,0,0,0,0,0,0,0,0,0,0,0,0,0,2026/09/22
中日ドラゴンズ,梅野 雄吾,投手,東京ヤクルトスワローズ,,0,0,0,0,0,0,0,0,0,0,0,0,0,0,2026/09/22
中日ドラゴンズ,梅野 雄吾,投手,東北楽天ゴールデンイーグルス,,0,0,0,0,0,0,0,0,0,0,0,0,0,0,2026/09/22
中日ドラゴンズ,梅野 雄吾,投手,読売ジャイアンツ,,0,0,0,0,0,0,0,0,0,0,0,0,0,0,2026/09/22
中日ドラゴンズ,梅野 雄吾,投手,福岡ソフトバンクホークス,,0,0,0,0,0,0,0,0,0,0,0,0,0,0,2026/09/22
中日ドラゴンズ,梅野 雄吾,投手,北海道日本ハムファイターズ,,0,0,0,0,0,0,0,0,0,0,0,0,0,0,2026/09/22
中日ドラゴンズ,吉田 聖弥,投手,オリックス・バファローズ,,0,0,0,0,0,0,0,0,0,0,0,0,0,0,2026/09/22
中日ドラゴンズ,吉田 聖弥,投手,横浜DeNAベイスターズ,,0,0,0,0,0,0,0,0,0,0,0,0,0,0,2026/09/22
中日ドラゴンズ,吉田 聖弥,投手,広島東洋カープ,,0,0,0,0,0,0,0,0,0,0,0,0,0,0,2026/09/22
中日ドラゴンズ,吉田 聖弥,投手,阪神タイガース,,0,0,0,0,0,0,0,0,0,0,0,0,0,0,2026/09/22
中日ドラゴンズ,吉田 聖弥,投手,埼玉西武ライオンズ,,0,0,0,0,0,0,0,0,0,0,0,0,0,0,2026/09/22
中日ドラゴンズ,吉田 聖弥,投手,千葉ロッテマリーンズ,,0,0,0,0,0,0,0,0,0,0,0,0,0,0,2026/09/22
中日ドラゴンズ,吉田 聖弥,投手,東京ヤクルトスワローズ,,0,0,0,0,0,0,0,0,0,0,0,0,0,0,2026/09/22
中日ドラゴンズ,吉田 聖弥,投手,東北楽天ゴールデンイーグルス,,0,0,0,0,0,0,0,0,0,0,0,0,0,0,2026/09/22
中日ドラゴンズ,吉田 聖弥,投手,読売ジャイアンツ,,0,0,0,0,0,0,0,0,0,0,0,0,0,0,2026/09/22
中日ドラゴンズ,吉田 聖弥,投手,福岡ソフトバンクホークス,,0,0,0,0,0,0,0,0,0,0,0,0,0,0,2026/09/22
中日ドラゴンズ,吉田 聖弥,投手,北海道日本ハムファイターズ,,0,0,0,0,0,0,0,0,0,0,0,0,0,0,2026/09/22
中日ドラゴンズ,清水 達也,投手,オリックス・バファローズ,,0,0,0,0,0,0,0,0,0,0,0,0,0,0,2026/09/22
中日ドラゴンズ,清水 達也,投手,横浜DeNAベイスターズ,,0,0,0,0,0,0,0,0,0,0,0,0,0,0,2026/09/22
中日ドラゴンズ,清水 達也,投手,広島東洋カープ,,0,0,0,0,0,0,0,0,0,0,0,0,0,0,2026/09/22
中日ドラゴンズ,清水 達也,投手,阪神タイガース,,0,0,0,0,0,0,0,0,0,0,0,0,0,0,2026/09/22
中日ドラゴンズ,清水 達也,投手,埼玉西武ライオンズ,,0,0,0,0,0,0,0,0,0,0,0,0,0,0,2026/09/22
中日ドラゴンズ,清水 達也,投手,千葉ロッテマリーンズ,,0,0,0,0,0,0,0,0,0,0,0,0,0,0,2026/09/22
中日ドラゴンズ,清水 達也,投手,東京ヤクルトスワローズ,,0,0,0,0,0,0,0,0,0,0,0,0,0,0,2026/09/22
中日ドラゴンズ,清水 達也,投手,東北楽天ゴールデンイーグルス,,0,0,0,0,0,0,0,0,0,0,0,0,0,0,2026/09/22
中日ドラゴンズ,清水 達也,投手,読売ジャイアンツ,,0,0,0,0,0,0,0,0,0,0,0,0,0,0,2026/09/22
中日ドラゴンズ,清水 達也,投手,福岡ソフトバンクホークス,,0,0,0,0,0,0,0,0,0,0,0,0,0,0,2026/09/22
中日ドラゴンズ,清水 達也,投手,北海道日本ハムファイターズ,,0,0,0,0,0,0,0,0,0,0,0,0,0,0,2026/09/22
中日ドラゴンズ,篠﨑 国忠,投手,オリックス・バファローズ,,0,0,0,0,0,0,0,0,0,0,0,0,0,0,2026/09/22
中日ドラゴンズ,篠﨑 国忠,投手,横浜DeNAベイスターズ,,0,0,0,0,0,0,0,0,0,0,0,0,0,0,2026/09/22
中日ドラゴンズ,篠﨑 国忠,投手,広島東洋カープ,,0,0,0,0,0,0,0,0,0,0,0,0,0,0,2026/09/22
中日ドラゴンズ,篠﨑 国忠,投手,阪神タイガース,,0,0,0,0,0,0,0,0,0,0,0,0,0,0,2026/09/22
中日ドラゴンズ,篠﨑 国忠,投手,埼玉西武ライオンズ,,0,0,0,0,0,0,0,0,0,0,0,0,0,0,2026/09/22
中日ドラゴンズ,篠﨑 国忠,投手,千葉ロッテマリーンズ,,0,0,0,0,0,0,0,0,0,0,0,0,0,0,2026/09/22
中日ドラゴンズ,篠﨑 国忠,投手,東京ヤクルトスワローズ,,0,0,0,0,0,0,0,0,0,0,0,0,0,0,2026/09/22
中日ドラゴンズ,篠﨑 国忠,投手,東北楽天ゴールデンイーグルス,,0,0,0,0,0,0,0,0,0,0,0,0,0,0,2026/09/22
中日ドラゴンズ,篠﨑 国忠,投手,読売ジャイアンツ,,0,0,0,0,0,0,0,0,0,0,0,0,0,0,2026/09/22
中日ドラゴンズ,篠﨑 国忠,投手,福岡ソフトバンクホークス,,0,0,0,0,0,0,0,0,0,0,0,0,0,0,2026/09/22
中日ドラゴンズ,篠﨑 国忠,投手,北海道日本ハムファイターズ,,0,0,0,0,0,0,0,0,0,0,0,0,0,0,2026/09/22
中日ドラゴンズ,宮内 春輝,投手,オリックス・バファローズ,,0,0,0,0,0,0,0,0,0,0,0,0,0,0,2026/09/22
中日ドラゴンズ,宮内 春輝,投手,横浜DeNAベイスターズ,,0,0,0,0,0,0,0,0,0,0,0,0,0,0,2026/09/22
中日ドラゴンズ,宮内 春輝,投手,広島東洋カープ,,0,0,0,0,0,0,0,0,0,0,0,0,0,0,2026/09/22
中日ドラゴンズ,宮内 春輝,投手,阪神タイガース,,0,0,0,0,0,0,0,0,0,0,0,0,0,0,2026/09/22
中日ドラゴンズ,宮内 春輝,投手,埼玉西武ライオンズ,,0,0,0,0,0,0,0,0,0,0,0,0,0,0,2026/09/22
中日ドラゴンズ,宮内 春輝,投手,千葉ロッテマリーンズ,,0,0,0,0,0,0,0,0,0,0,0,0,0,0,2026/09/22
中日ドラゴンズ,宮内 春輝,投手,東京ヤクルトスワローズ,,0,0,0,0,0,0,0,0,0,0,0,0,0,0,2026/09/22
中日ドラゴンズ,宮内 春輝,投手,東北楽天ゴールデンイーグルス,,0,0,0,0,0,0,0,0,0,0,0,0,0,0,2026/09/22
中日ドラゴンズ,宮内 春輝,投手,読売ジャイアンツ,,0,0,0,0,0,0,0,0,0,0,0,0,0,0,2026/09/22
中日ドラゴンズ,宮内 春輝,投手,福岡ソフトバンクホークス,,0,0,0,0,0,0,0,0,0,0,0,0,0,0,2026/09/22
中日ドラゴンズ,宮内 春輝,投手,北海道日本ハムファイターズ,,0,0,0,0,0,0,0,0,0,0,0,0,0,0,2026/09/22
中日ドラゴンズ,藤嶋 健人,投手,オリックス・バファローズ,,0,0,0,0,0,0,0,0,0,0,0,0,0,0,2026/09/22
中日ドラゴンズ,藤嶋 健人,投手,横浜DeNAベイスターズ,,0,0,0,0,0,0,0,0,0,0,0,0,0,0,2026/09/22
中日ドラゴンズ,藤嶋 健人,投手,広島東洋カープ,,0,0,0,0,0,0,0,0,0,0,0,0,0,0,2026/09/22
中日ドラゴンズ,藤嶋 健人,投手,阪神タイガース,,0,0,0,0,0,0,0,0,0,0,0,0,0,0,2026/09/22
中日ドラゴンズ,藤嶋 健人,投手,埼玉西武ライオンズ,,0,0,0,0,0,0,0,0,0,0,0,0,0,0,2026/09/22
中日ドラゴンズ,藤嶋 健人,投手,千葉ロッテマリーンズ,,0,0,0,0,0,0,0,0,0,0,0,0,0,0,2026/09/22
中日ドラゴンズ,藤嶋 健人,投手,東京ヤクルトスワローズ,,0,0,0,0,0,0,0,0,0,0,0,0,0,0,2026/09/22
中日ドラゴンズ,藤嶋 健人,投手,東北楽天ゴールデンイーグルス,,0,0,0,0,0,0,0,0,0,0,0,0,0,0,2026/09/22
中日ドラゴンズ,藤嶋 健人,投手,読売ジャイアンツ,,0,0,0,0,0,0,0,0,0,0,0,0,0,0,2026/09/22
中日ドラゴンズ,藤嶋 健人,投手,福岡ソフトバンクホークス,,0,0,0,0,0,0,0,0,0,0,0,0,0,0,2026/09/22
中日ドラゴンズ,藤嶋 健人,投手,北海道日本ハムファイターズ,,0,0,0,0,0,0,0,0,0,0,0,0,0,0,2026/09/22
中日ドラゴンズ,齋藤 綱記,投手,オリックス・バファローズ,,0,0,0,0,0,0,0,0,0,0,0,0,0,0,2026/09/22
中日ドラゴンズ,齋藤 綱記,投手,横浜DeNAベイスターズ,,0,0,0,0,0,0,0,0,0,0,0,0,0,0,2026/09/22
中日ドラゴンズ,齋藤 綱記,投手,広島東洋カープ,,0,0,0,0,0,0,0,0,0,0,0,0,0,0,2026/09/22
中日ドラゴンズ,齋藤 綱記,投手,阪神タイガース,,0,0,0,0,0,0,0,0,0,0,0,0,0,0,2026/09/22
中日ドラゴンズ,齋藤 綱記,投手,埼玉西武ライオンズ,,0,0,0,0,0,0,0,0,0,0,0,0,0,0,2026/09/22
中日ドラゴンズ,齋藤 綱記,投手,千葉ロッテマリーンズ,,0,0,0,0,0,0,0,0,0,0,0,0,0,0,2026/09/22
中日ドラゴンズ,齋藤 綱記,投手,東京ヤクルトスワローズ,,0,0,0,0,0,0,0,0,0,0,0,0,0,0,2026/09/22
中日ドラゴンズ,齋藤 綱記,投手,東北楽天ゴールデンイーグルス,,0,0,0,0,0,0,0,0,0,0,0,0,0,0,2026/09/22
中日ドラゴンズ,齋藤 綱記,投手,読売ジャイアンツ,,0,0,0,0,0,0,0,0,0,0,0,0,0,0,2026/09/22
中日ドラゴンズ,齋藤 綱記,投手,福岡ソフトバンクホークス,,0,0,0,0,0,0,0,0,0,0,0,0,0,0,2026/09/22
中日ドラゴンズ,齋藤 綱記,投手,北海道日本ハムファイターズ,,0,0,0,0,0,0,0,0,0,0,0,0,0,0,2026/09/22
中日ドラゴンズ,高橋 幸佑,投手,オリックス・バファローズ,,0,0,0,0,0,0,0,0,0,0,0,0,0,0,2026/09/22
中日ドラゴンズ,高橋 幸佑,投手,横浜DeNAベイスターズ,,0,0,0,0,0,0,0,0,0,0,0,0,0,0,2026/09/22
中日ドラゴンズ,高橋 幸佑,投手,広島東洋カープ,,0,0,0,0,0,0,0,0,0,0,0,0,0,0,2026/09/22
中日ドラゴンズ,高橋 幸佑,投手,阪神タイガース,,0,0,0,0,0,0,0,0,0,0,0,0,0,0,2026/09/22
中日ドラゴンズ,高橋 幸佑,投手,埼玉西武ライオンズ,,0,0,0,0,0,0,0,0,0,0,0,0,0,0,2026/09/22
中日ドラゴンズ,高橋 幸佑,投手,千葉ロッテマリーンズ,,0,0,0,0,0,0,0,0,0,0,0,0,0,0,2026/09/22
中日ドラゴンズ,高橋 幸佑,投手,東京ヤクルトスワローズ,,0,0,0,0,0,0,0,0,0,0,0,0,0,0,2026/09/22
中日ドラゴンズ,高橋 幸佑,投手,東北楽天ゴールデンイーグルス,,0,0,0,0,0,0,0,0,0,0,0,0,0,0,2026/09/22
中日ドラゴンズ,高橋 幸佑,投手,読売ジャイアンツ,,0,0,0,0,0,0,0,0,0,0,0,0,0,0,2026/09/22
中日ドラゴンズ,高橋 幸佑,投手,福岡ソフトバンクホークス,,0,0,0,0,0,0,0,0,0,0,0,0,0,0,2026/09/22
中日ドラゴンズ,高橋 幸佑,投手,北海道日本ハムファイターズ,,0,0,0,0,0,0,0,0,0,0,0,0,0,0,2026/09/22
中日ドラゴンズ,森 博人,投手,オリックス・バファローズ,,0,0,0,0,0,0,0,0,0,0,0,0,0,0,2026/09/22
中日ドラゴンズ,森 博人,投手,横浜DeNAベイスターズ,,0,0,0,0,0,0,0,0,0,0,0,0,0,0,2026/09/22
中日ドラゴンズ,森 博人,投手,広島東洋カープ,,0,0,0,0,0,0,0,0,0,0,0,0,0,0,2026/09/22
中日ドラゴンズ,森 博人,投手,阪神タイガース,,0,0,0,0,0,0,0,0,0,0,0,0,0,0,2026/09/22
中日ドラゴンズ,森 博人,投手,埼玉西武ライオンズ,,0,0,0,0,0,0,0,0,0,0,0,0,0,0,2026/09/22
中日ドラゴンズ,森 博人,投手,千葉ロッテマリーンズ,,0,0,0,0,0,0,0,0,0,0,0,0,0,0,2026/09/22
中日ドラゴンズ,森 博人,投手,東京ヤクルトスワローズ,,0,0,0,0,0,0,0,0,0,0,0,0,0,0,2026/09/22
中日ドラゴンズ,森 博人,投手,東北楽天ゴールデンイーグルス,,0,0,0,0,0,0,0,0,0,0,0,0,0,0,2026/09/22
中日ドラゴンズ,森 博人,投手,読売ジャイアンツ,,0,0,0,0,0,0,0,0,0,0,0,0,0,0,2026/09/22
中日ドラゴンズ,森 博人,投手,福岡ソフトバンクホークス,,0,0,0,0,0,0,0,0,0,0,0,0,0,0,2026/09/22
中日ドラゴンズ,森 博人,投手,北海道日本ハムファイターズ,,0,0,0,0,0,0,0,0,0,0,0,0,0,0,2026/09/22
中日ドラゴンズ,有馬 惠叶,投手,オリックス・バファローズ,,0,0,0,0,0,0,0,0,0,0,0,0,0,0,2026/09/22
中日ドラゴンズ,有馬 惠叶,投手,横浜DeNAベイスターズ,,0,0,0,0,0,0,0,0,0,0,0,0,0,0,2026/09/22
中日ドラゴンズ,有馬 惠叶,投手,広島東洋カープ,,0,0,0,0,0,0,0,0,0,0,0,0,0,0,2026/09/22
中日ドラゴンズ,有馬 惠叶,投手,阪神タイガース,,0,0,0,0,0,0,0,0,0,0,0,0,0,0,2026/09/22
中日ドラゴンズ,有馬 惠叶,投手,埼玉西武ライオンズ,,0,0,0,0,0,0,0,0,0,0,0,0,0,0,2026/09/22
中日ドラゴンズ,有馬 惠叶,投手,千葉ロッテマリーンズ,,0,0,0,0,0,0,0,0,0,0,0,0,0,0,2026/09/22
中日ドラゴンズ,有馬 惠叶,投手,東京ヤクルトスワローズ,,0,0,0,0,0,0,0,0,0,0,0,0,0,0,2026/09/22
中日ドラゴンズ,有馬 惠叶,投手,東北楽天ゴールデンイーグルス,,0,0,0,0,0,0,0,0,0,0,0,0,0,0,2026/09/22
中日ドラゴンズ,有馬 惠叶,投手,読売ジャイアンツ,,0,0,0,0,0,0,0,0,0,0,0,0,0,0,2026/09/22
中日ドラゴンズ,有馬 惠叶,投手,福岡ソフトバンクホークス,,0,0,0,0,0,0,0,0,0,0,0,0,0,0,2026/09/22
中日ドラゴンズ,有馬 惠叶,投手,北海道日本ハムファイターズ,,0,0,0,0,0,0,0,0,0,0,0,0,0,0,2026/09/22
中日ドラゴンズ,牧野 憲伸,投手,オリックス・バファローズ,,0,0,0,0,0,0,0,0,0,0,0,0,0,0,2026/09/22
中日ドラゴンズ,牧野 憲伸,投手,横浜DeNAベイスターズ,,0,0,0,0,0,0,0,0,0,0,0,0,0,0,2026/09/22
中日ドラゴンズ,牧野 憲伸,投手,広島東洋カープ,,0,0,0,0,0,0,0,0,0,0,0,0,0,0,2026/09/22
中日ドラゴンズ,牧野 憲伸,投手,阪神タイガース,,0,0,0,0,0,0,0,0,0,0,0,0,0,0,2026/09/22
中日ドラゴンズ,牧野 憲伸,投手,埼玉西武ライオンズ,,0,0,0,0,0,0,0,0,0,0,0,0,0,0,2026/09/22
中日ドラゴンズ,牧野 憲伸,投手,千葉ロッテマリーンズ,,0,0,0,0,0,0,0,0,0,0,0,0,0,0,2026/09/22
中日ドラゴンズ,牧野 憲伸,投手,東京ヤクルトスワローズ,,0,0,0,0,0,0,0,0,0,0,0,0,0,0,2026/09/22
中日ドラゴンズ,牧野 憲伸,投手,東北楽天ゴールデンイーグルス,,0,0,0,0,0,0,0,0,0,0,0,0,0,0,2026/09/22
中日ドラゴンズ,牧野 憲伸,投手,読売ジャイアンツ,,0,0,0,0,0,0,0,0,0,0,0,0,0,0,2026/09/22
中日ドラゴンズ,牧野 憲伸,投手,福岡ソフトバンクホークス,,0,0,0,0,0,0,0,0,0,0,0,0,0,0,2026/09/22
中日ドラゴンズ,牧野 憲伸,投手,北海道日本ハムファイターズ,,0,0,0,0,0,0,0,0,0,0,0,0,0,0,2026/09/22
中日ドラゴンズ,三浦 瑞樹,投手,オリックス・バファローズ,,0,0,0,0,0,0,0,0,0,0,0,0,0,0,2026/09/22
中日ドラゴンズ,三浦 瑞樹,投手,横浜DeNAベイスターズ,,0,0,0,0,0,0,0,0,0,0,0,0,0,0,2026/09/22
中日ドラゴンズ,三浦 瑞樹,投手,広島東洋カープ,,0,0,0,0,0,0,0,0,0,0,0,0,0,0,2026/09/22
中日ドラゴンズ,三浦 瑞樹,投手,阪神タイガース,,0,0,0,0,0,0,0,0,0,0,0,0,0,0,2026/09/22
中日ドラゴンズ,三浦 瑞樹,投手,埼玉西武ライオンズ,,0,0,0,0,0,0,0,0,0,0,0,0,0,0,2026/09/22
中日ドラゴンズ,三浦 瑞樹,投手,千葉ロッテマリーンズ,,0,0,0,0,0,0,0,0,0,0,0,0,0,0,2026/09/22
中日ドラゴンズ,三浦 瑞樹,投手,東京ヤクルトスワローズ,,0,0,0,0,0,0,0,0,0,0,0,0,0,0,2026/09/22
中日ドラゴンズ,三浦 瑞樹,投手,東北楽天ゴールデンイーグルス,,0,0,0,0,0,0,0,0,0,0,0,0,0,0,2026/09/22
中日ドラゴンズ,三浦 瑞樹,投手,読売ジャイアンツ,,0,0,0,0,0,0,0,0,0,0,0,0,0,0,2026/09/22
中日ドラゴンズ,三浦 瑞樹,投手,福岡ソフトバンクホークス,,0,0,0,0,0,0,0,0,0,0,0,0,0,0,2026/09/22
中日ドラゴンズ,三浦 瑞樹,投手,北海道日本ハムファイターズ,,0,0,0,0,0,0,0,0,0,0,0,0,0,0,2026/09/22
中日ドラゴンズ,近藤 廉,投手,オリックス・バファローズ,,0,0,0,0,0,0,0,0,0,0,0,0,0,0,2026/09/22
中日ドラゴンズ,近藤 廉,投手,横浜DeNAベイスターズ,,0,0,0,0,0,0,0,0,0,0,0,0,0,0,2026/09/22
中日ドラゴンズ,近藤 廉,投手,広島東洋カープ,,0,0,0,0,0,0,0,0,0,0,0,0,0,0,2026/09/22
中日ドラゴンズ,近藤 廉,投手,阪神タイガース,,0,0,0,0,0,0,0,0,0,0,0,0,0,0,2026/09/22
中日ドラゴンズ,近藤 廉,投手,埼玉西武ライオンズ,,0,0,0,0,0,0,0,0,0,0,0,0,0,0,2026/09/22
中日ドラゴンズ,近藤 廉,投手,千葉ロッテマリーンズ,,0,0,0,0,0,0,0,0,0,0,0,0,0,0,2026/09/22
中日ドラゴンズ,近藤 廉,投手,東京ヤクルトスワローズ,,0,0,0,0,0,0,0,0,0,0,0,0,0,0,2026/09/22
中日ドラゴンズ,近藤 廉,投手,東北楽天ゴールデンイーグルス,,0,0,0,0,0,0,0,0,0,0,0,0,0,0,2026/09/22
中日ドラゴンズ,近藤 廉,投手,読売ジャイアンツ,,0,0,0,0,0,0,0,0,0,0,0,0,0,0,2026/09/22
中日ドラゴンズ,近藤 廉,投手,福岡ソフトバンクホークス,,0,0,0,0,0,0,0,0,0,0,0,0,0,0,2026/09/22
中日ドラゴンズ,近藤 廉,投手,北海道日本ハムファイターズ,,0,0,0,0,0,0,0,0,0,0,0,0,0,0,2026/09/22
中日ドラゴンズ,松山 晋也,投手,オリックス・バファローズ,,0,0,0,0,0,0,0,0,0,0,0,0,0,0,2026/09/22
中日ドラゴンズ,松山 晋也,投手,横浜DeNAベイスターズ,,0,0,0,0,0,0,0,0,0,0,0,0,0,0,2026/09/22
中日ドラゴンズ,松山 晋也,投手,広島東洋カープ,,0,0,0,0,0,0,0,0,0,0,0,0,0,0,2026/09/22
中日ドラゴンズ,松山 晋也,投手,阪神タイガース,,0,0,0,0,0,0,0,0,0,0,0,0,0,0,2026/09/22
中日ドラゴンズ,松山 晋也,投手,埼玉西武ライオンズ,,0,0,0,0,0,0,0,0,0,0,0,0,0,0,2026/09/22
中日ドラゴンズ,松山 晋也,投手,千葉ロッテマリーンズ,,0,0,0,0,0,0,0,0,0,0,0,0,0,0,2026/09/22
中日ドラゴンズ,松山 晋也,投手,東京ヤクルトスワローズ,,0,0,0,0,0,0,0,0,0,0,0,0,0,0,2026/09/22
中日ドラゴンズ,松山 晋也,投手,東北楽天ゴールデンイーグルス,,0,0,0,0,0,0,0,0,0,0,0,0,0,0,2026/09/22
中日ドラゴンズ,松山 晋也,投手,読売ジャイアンツ,,0,0,0,0,0,0,0,0,0,0,0,0,0,0,2026/09/22
中日ドラゴンズ,松山 晋也,投手,福岡ソフトバンクホークス,,0,0,0,0,0,0,0,0,0,0,0,0,0,0,2026/09/22
中日ドラゴンズ,松山 晋也,投手,北海道日本ハムファイターズ,,0,0,0,0,0,0,0,0,0,0,0,0,0,0,2026/09/22
中日ドラゴンズ,メヒア,投手,オリックス・バファローズ,,0,0,0,0,0,0,0,0,0,0,0,0,0,0,2026/09/22
中日ドラゴンズ,メヒア,投手,横浜DeNAベイスターズ,,0,0,0,0,0,0,0,0,0,0,0,0,0,0,2026/09/22
中日ドラゴンズ,メヒア,投手,広島東洋カープ,,0,0,0,0,0,0,0,0,0,0,0,0,0,0,2026/09/22
中日ドラゴンズ,メヒア,投手,阪神タイガース,,0,0,0,0,0,0,0,0,0,0,0,0,0,0,2026/09/22
中日ドラゴンズ,メヒア,投手,埼玉西武ライオンズ,,0,0,0,0,0,0,0,0,0,0,0,0,0,0,2026/09/22
中日ドラゴンズ,メヒア,投手,千葉ロッテマリーンズ,,0,0,0,0,0,0,0,0,0,0,0,0,0,0,2026/09/22
中日ドラゴンズ,メヒア,投手,東京ヤクルトスワローズ,,0,0,0,0,0,0,0,0,0,0,0,0,0,0,2026/09/22
中日ドラゴンズ,メヒア,投手,東北楽天ゴールデンイーグルス,,0,0,0,0,0,0,0,0,0,0,0,0,0,0,2026/09/22
中日ドラゴンズ,メヒア,投手,読売ジャイアンツ,,0,0,0,0,0,0,0,0,0,0,0,0,0,0,2026/09/22
中日ドラゴンズ,メヒア,投手,福岡ソフトバンクホークス,,0,0,0,0,0,0,0,0,0,0,0,0,0,0,2026/09/22
中日ドラゴンズ,メヒア,投手,北海道日本ハムファイターズ,,0,0,0,0,0,0,0,0,0,0,0,0,0,0,2026/09/22
中日ドラゴンズ,マラー,投手,オリックス・バファローズ,,0,0,0,0,0,0,0,0,0,0,0,0,0,0,2026/09/22
中日ドラゴンズ,マラー,投手,横浜DeNAベイスターズ,0.182,11,11,2,2,0,0,0,1,5,0,0,0,0,6,2026/09/22
中日ドラゴンズ,マラー,投手,広島東洋カープ,0.000,4,4,0,0,0,0,0,0,2,0,0,0,0,2,2026/09/22
中日ドラゴンズ,マラー,投手,阪神タイガース,0.333,15,15,5,1,1,1,2,8,6,0,0,0,0,5,2026/09/22
中日ドラゴンズ,マラー,投手,埼玉西武ライオンズ,,0,0,0,0,0,0,0,0,0,0,0,0,0,0,2026/09/22
中日ドラゴンズ,マラー,投手,千葉ロッテマリーンズ,,0,0,0,0,0,0,0,0,0,0,0,0,0,0,2026/09/22
中日ドラゴンズ,マラー,投手,東京ヤクルトスワローズ,0.000,5,5,0,0,0,0,0,0,1,0,0,0,0,2,2026/09/22
中日ドラゴンズ,マラー,投手,東北楽天ゴールデンイーグルス,0.000,3,3,0,0,0,0,0,0,1,0,0,0,0,1,2026/09/22
中日ドラゴンズ,マラー,投手,読売ジャイアンツ,0.333,4,3,1,1,0,0,0,1,1,0,1,0,0,1,2026/09/22
中日ドラゴンズ,マラー,投手,福岡ソフトバンクホークス,0.000,1,1,0,0,0,0,0,0,1,0,0,0,0,1,2026/09/22
中日ドラゴンズ,マラー,投手,北海道日本ハムファイターズ,,0,0,0,0,0,0,0,0,0,0,0,0,0,0,2026/09/22
中日ドラゴンズ,石伊 雄太,捕手,オリックス・バファローズ,0.556,11,9,5,4,0,0,1,1,1,1,0,0,1,3,2026/09/22
中日ドラゴンズ,石伊 雄太,捕手,横浜DeNAベイスターズ,0.250,54,52,13,11,1,0,1,3,12,2,0,0,0,16,2026/09/22
中日ドラゴンズ,石伊 雄太,捕手,広島東洋カープ,0.338,74,65,22,14,7,0,1,11,11,6,2,0,1,22,2026/09/22
中日ドラゴンズ,石伊 雄太,捕手,阪神タイガース,0.254,65,59,15,8,4,1,2,7,19,2,1,2,1,17,2026/09/22
中日ドラゴンズ,石伊 雄太,捕手,埼玉西武ライオンズ,0.333,7,6,2,2,0,0,0,0,2,0,1,0,0,3,2026/09/22
中日ドラゴンズ,石伊 雄太,捕手,千葉ロッテマリーンズ,0.250,8,8,2,2,0,0,0,0,2,0,0,0,0,3,2026/09/22
中日ドラゴンズ,石伊 雄太,捕手,東京ヤクルトスワローズ,0.176,56,51,9,7,1,0,1,3,14,3,1,0,1,15,2026/09/22
中日ドラゴンズ,石伊 雄太,捕手,東北楽天ゴールデンイーグルス,0.143,8,7,1,0,1,0,0,1,0,0,0,0,1,2,2026/09/22
中日ドラゴンズ,石伊 雄太,捕手,読売ジャイアンツ,0.267,67,60,16,12,3,0,1,5,17,4,1,0,2,18,2026/09/22
中日ドラゴンズ,石伊 雄太,捕手,福岡ソフトバンクホークス,0.111,9,9,1,1,0,0,0,0,6,0,0,0,0,3,2026/09/22
中日ドラゴンズ,石伊 雄太,捕手,北海道日本ハムファイターズ,0.300,11,10,3,2,1,0,0,0,3,0,1,0,0,3,2026/09/22
中日ドラゴンズ,木下 拓哉,捕手,オリックス・バファローズ,,0,0,0,0,0,0,0,0,0,0,0,0,0,0,2026/09/22
中日ドラゴンズ,木下 拓哉,捕手,横浜DeNAベイスターズ,0.273,11,11,3,2,1,0,0,0,3,0,0,0,0,4,2026/09/22
中日ドラゴンズ,木下 拓哉,捕手,広島東洋カープ,0.333,4,3,1,1,0,0,0,0,1,1,0,0,0,2,2026/09/22
中日ドラゴンズ,木下 拓哉,捕手,阪神タイガース,0.333,9,9,3,3,0,0,0,1,2,0,0,0,0,4,2026/09/22
中日ドラゴンズ,木下 拓哉,捕手,埼玉西武ライオンズ,,0,0,0,0,0,0,0,0,0,0,0,0,0,0,2026/09/22
中日ドラゴンズ,木下 拓哉,捕手,千葉ロッテマリーンズ,,0,0,0,0,0,0,0,0,0,0,0,0,0,0,2026/09/22
中日ドラゴンズ,木下 拓哉,捕手,東京ヤクルトスワローズ,0.167,20,18,3,3,0,0,0,1,4,0,1,0,1,6,2026/09/22
中日ドラゴンズ,木下 拓哉,捕手,東北楽天ゴールデンイーグルス,,0,0,0,0,0,0,0,0,0,0,0,0,0,0,2026/09/22
中日ドラゴンズ,木下 拓哉,捕手,読売ジャイアンツ,0.467,15,15,7,5,2,0,0,1,2,0,0,0,0,7,2026/09/22
中日ドラゴンズ,木下 拓哉,捕手,福岡ソフトバンクホークス,,0,0,0,0,0,0,0,0,0,0,0,0,0,0,2026/09/22
中日ドラゴンズ,木下 拓哉,捕手,北海道日本ハムファイターズ,,0,0,0,0,0,0,0,0,0,0,0,0,0,0,2026/09/22
中日ドラゴンズ,宇佐見 真吾,捕手,オリックス・バファローズ,,0,0,0,0,0,0,0,0,0,0,0,0,0,0,2026/09/22
中日ドラゴンズ,宇佐見 真吾,捕手,横浜DeNAベイスターズ,,0,0,0,0,0,0,0,0,0,0,0,0,0,0,2026/09/22
中日ドラゴンズ,宇佐見 真吾,捕手,広島東洋カープ,,0,0,0,0,0,0,0,0,0,0,0,0,0,0,2026/09/22
中日ドラゴンズ,宇佐見 真吾,捕手,阪神タイガース,,0,0,0,0,0,0,0,0,0,0,0,0,0,0,2026/09/22
中日ドラゴンズ,宇佐見 真吾,捕手,埼玉西武ライオンズ,,0,0,0,0,0,0,0,0,0,0,0,0,0,0,2026/09/22
中日ドラゴンズ,宇佐見 真吾,捕手,千葉ロッテマリーンズ,,0,0,0,0,0,0,0,0,0,0,0,0,0,0,2026/09/22
中日ドラゴンズ,宇佐見 真吾,捕手,東京ヤクルトスワローズ,,0,0,0,0,0,0,0,0,0,0,0,0,0,0,2026/09/22
中日ドラゴンズ,宇佐見 真吾,捕手,東北楽天ゴールデンイーグルス,,0,0,0,0,0,0,0,0,0,0,0,0,0,0,2026/09/22
中日ドラゴンズ,宇佐見 真吾,捕手,読売ジャイアンツ,,0,0,0,0,0,0,0,0,0,0,0,0,0,0,2026/09/22
中日ドラゴンズ,宇佐見 真吾,捕手,福岡ソフトバンクホークス,,0,0,0,0,0,0,0,0,0,0,0,0,0,0,2026/09/22
中日ドラゴンズ,宇佐見 真吾,捕手,北海道日本ハムファイターズ,,0,0,0,0,0,0,0,0,0,0,0,0,0,0,2026/09/22
中日ドラゴンズ,味谷 大誠,捕手,オリックス・バファローズ,,0,0,0,0,0,0,0,0,0,0,0,0,0,0,2026/09/22
中日ドラゴンズ,味谷 大誠,捕手,横浜DeNAベイスターズ,,0,0,0,0,0,0,0,0,0,0,0,0,0,0,2026/09/22
中日ドラゴンズ,味谷 大誠,捕手,広島東洋カープ,,0,0,0,0,0,0,0,0,0,0,0,0,0,0,2026/09/22
中日ドラゴンズ,味谷 大誠,捕手,阪神タイガース,0.000,1,1,0,0,0,0,0,0,0,0,0,0,0,1,2026/09/22
中日ドラゴンズ,味谷 大誠,捕手,埼玉西武ライオンズ,,0,0,0,0,0,0,0,0,0,0,0,0,0,0,2026/09/22
中日ドラゴンズ,味谷 大誠,捕手,千葉ロッテマリーンズ,0.000,1,1,0,0,0,0,0,0,0,0,0,0,0,1,2026/09/22
中日ドラゴンズ,味谷 大誠,捕手,東京ヤクルトスワローズ,1.000,1,1,1,1,0,0,0,0,1,0,0,0,0,1,2026/09/22
中日ドラゴンズ,味谷 大誠,捕手,東北楽天ゴールデンイーグルス,,0,0,0,0,0,0,0,0,0,0,0,0,0,0,2026/09/22
中日ドラゴンズ,味谷 大誠,捕手,読売ジャイアンツ,,0,0,0,0,0,0,0,0,0,0,0,0,0,0,2026/09/22
中日ドラゴンズ,味谷 大誠,捕手,福岡ソフトバンクホークス,,0,0,0,0,0,0,0,0,0,0,0,0,0,0,2026/09/22
中日ドラゴンズ,味谷 大誠,捕手,北海道日本ハムファイターズ,,0,0,0,0,0,0,0,0,0,0,0,0,0,0,2026/09/22
中日ドラゴンズ,加藤 匠馬,捕手,オリックス・バファローズ,,0,0,0,0,0,0,0,0,0,0,0,0,0,0,2026/09/22
中日ドラゴンズ,加藤 匠馬,捕手,横浜DeNAベイスターズ,0.059,18,17,1,1,0,0,0,0,5,1,0,0,0,6,2026/09/22
中日ドラゴンズ,加藤 匠馬,捕手,広島東洋カープ,0.167,8,6,1,1,0,0,0,0,1,2,0,0,0,3,2026/09/22
中日ドラゴンズ,加藤 匠馬,捕手,阪神タイガース,0.174,28,23,4,4,0,0,0,1,6,2,2,0,1,7,2026/09/22
中日ドラゴンズ,加藤 匠馬,捕手,埼玉西武ライオンズ,0.000,2,2,0,0,0,0,0,0,1,0,0,0,0,1,2026/09/22
中日ドラゴンズ,加藤 匠馬,捕手,千葉ロッテマリーンズ,0.000,2,2,0,0,0,0,0,0,1,0,0,0,0,1,2026/09/22
中日ドラゴンズ,加藤 匠馬,捕手,東京ヤクルトスワローズ,0.333,10,9,3,1,2,0,0,1,4,0,1,0,0,4,2026/09/22
中日ドラゴンズ,加藤 匠馬,捕手,東北楽天ゴールデンイーグルス,0.000,3,3,0,0,0,0,0,0,1,0,0,0,0,1,2026/09/22
中日ドラゴンズ,加藤 匠馬,捕手,読売ジャイアンツ,0.167,6,6,1,1,0,0,0,0,4,0,0,0,0,2,2026/09/22
中日ドラゴンズ,加藤 匠馬,捕手,福岡ソフトバンクホークス,0.000,1,1,0,0,0,0,0,0,1,0,0,0,0,1,2026/09/22
中日ドラゴンズ,加藤 匠馬,捕手,北海道日本ハムファイターズ,0.000,2,2,0,0,0,0,0,0,1,0,0,0,0,1,2026/09/22
中日ドラゴンズ,石橋 康太,捕手,オリックス・バファローズ,,0,0,0,0,0,0,0,0,0,0,0,0,0,0,2026/09/22
中日ドラゴンズ,石橋 康太,捕手,横浜DeNAベイスターズ,0.000,1,1,0,0,0,0,0,0,0,0,0,0,0,1,2026/09/22
中日ドラゴンズ,石橋 康太,捕手,広島東洋カープ,,0,0,0,0,0,0,0,0,0,0,0,0,0,0,2026/09/22
中日ドラゴンズ,石橋 康太,捕手,阪神タイガース,,0,0,0,0,0,0,0,0,0,0,0,0,0,0,2026/09/22
中日ドラゴンズ,石橋 康太,捕手,埼玉西武ライオンズ,,0,0,0,0,0,0,0,0,0,0,0,0,0,0,2026/09/22
中日ドラゴンズ,石橋 康太,捕手,千葉ロッテマリーンズ,,0,0,0,0,0,0,0,0,0,0,0,0,0,0,2026/09/22
中日ドラゴンズ,石橋 康太,捕手,東京ヤクルトスワローズ,0.000,1,1,0,0,0,0,0,0,1,0,0,0,0,1,2026/09/22
中日ドラゴンズ,石橋 康太,捕手,東北楽天ゴールデンイーグルス,,0,0,0,0,0,0,0,0,0,0,0,0,0,0,2026/09/22
中日ドラゴンズ,石橋 康太,捕手,読売ジャイアンツ,0.000,1,1,0,0,0,0,0,0,1,0,0,0,0,1,2026/09/22
中日ドラゴンズ,石橋 康太,捕手,福岡ソフトバンクホークス,,0,0,0,0,0,0,0,0,0,0,0,0,0,0,2026/09/22
中日ドラゴンズ,石橋 康太,捕手,北海道日本ハムファイターズ,,0,0,0,0,0,0,0,0,0,0,0,0,0,0,2026/09/22
中日ドラゴンズ,辻本 倫太郎,内野手,オリックス・バファローズ,,0,0,0,0,0,0,0,0,0,0,0,0,0,0,2026/09/22
中日ドラゴンズ,辻本 倫太郎,内野手,横浜DeNAベイスターズ,,0,0,0,0,0,0,0,0,0,0,0,0,0,0,2026/09/22
中日ドラゴンズ,辻本 倫太郎,内野手,広島東洋カープ,0.250,5,4,1,1,0,0,0,0,0,0,1,0,0,4,2026/09/22
中日ドラゴンズ,辻本 倫太郎,内野手,阪神タイガース,0.222,9,9,2,1,0,1,0,0,2,0,0,0,0,4,2026/09/22
中日ドラゴンズ,辻本 倫太郎,内野手,埼玉西武ライオンズ,,0,0,0,0,0,0,0,0,0,0,0,0,0,0,2026/09/22
中日ドラゴンズ,辻本 倫太郎,内野手,千葉ロッテマリーンズ,,0,0,0,0,0,0,0,0,0,0,0,0,0,0,2026/09/22
中日ドラゴンズ,辻本 倫太郎,内野手,東京ヤクルトスワローズ,0.000,1,1,0,0,0,0,0,0,0,0,0,0,0,1,2026/09/22
中日ドラゴンズ,辻本 倫太郎,内野手,東北楽天ゴールデンイーグルス,,0,0,0,0,0,0,0,0,0,0,0,0,0,0,2026/09/22
中日ドラゴンズ,辻本 倫太郎,内野手,読売ジャイアンツ,0.000,3,3,0,0,0,0,0,0,1,0,0,0,0,2,2026/09/22
中日ドラゴンズ,辻本 倫太郎,内野手,福岡ソフトバンクホークス,,0,0,0,0,0,0,0,0,0,0,0,0,0,0,2026/09/22
中日ドラゴンズ,辻本 倫太郎,内野手,北海道日本ハムファイターズ,,0,0,0,0,0,0,0,0,0,0,0,0,0,0,2026/09/22
中日ドラゴンズ,田中 幹也,内野手,オリックス・バファローズ,0.333,13,12,4,3,1,0,0,3,4,0,0,1,0,3,2026/09/22
中日ドラゴンズ,田中 幹也,内野手,横浜DeNAベイスターズ,0.188,37,32,6,4,1,1,0,0,5,1,3,0,1,10,2026/09/22
中日ドラゴンズ,田中 幹也,内野手,広島東洋カープ,0.294,37,34,10,7,2,0,1,2,4,2,0,0,1,11,2026/09/22
中日ドラゴンズ,田中 幹也,内野手,阪神タイガース,0.097,37,31,3,2,1,0,0,0,2,3,3,0,0,12,2026/09/22
中日ドラゴンズ,田中 幹也,内野手,埼玉西武ライオンズ,0.000,1,1,0,0,0,0,0,0,0,0,0,0,0,1,2026/09/22
中日ドラゴンズ,田中 幹也,内野手,千葉ロッテマリーンズ,0.250,13,12,3,3,0,0,0,1,2,1,0,0,0,3,2026/09/22
中日ドラゴンズ,田中 幹也,内野手,東京ヤクルトスワローズ,0.219,37,32,7,5,2,0,0,0,1,5,0,0,0,8,2026/09/22
中日ドラゴンズ,田中 幹也,内野手,東北楽天ゴールデンイーグルス,0.444,10,9,4,4,0,0,0,0,0,0,1,0,0,3,2026/09/22
中日ドラゴンズ,田中 幹也,内野手,読売ジャイアンツ,0.208,64,53,11,10,1,0,0,4,7,5,4,1,1,16,2026/09/22
中日ドラゴンズ,田中 幹也,内野手,福岡ソフトバンクホークス,0.143,7,7,1,1,0,0,0,0,1,0,0,0,0,2,2026/09/22
中日ドラゴンズ,田中 幹也,内野手,北海道日本ハムファイターズ,0.667,7,6,4,2,2,0,0,2,0,0,1,0,0,2,2026/09/22
中日ドラゴンズ,高橋 周平,内野手,オリックス・バファローズ,0.000,1,1,0,0,0,0,0,0,1,0,0,0,0,1,2026/09/22
中日ドラゴンズ,高橋 周平,内野手,横浜DeNAベイスターズ,0.286,30,28,8,5,3,0,0,1,11,2,0,0,0,15,2026/09/22
中日ドラゴンズ,高橋 周平,内野手,広島東洋カープ,0.462,16,13,6,6,0,0,0,1,5,3,0,0,0,7,2026/09/22
中日ドラゴンズ,高橋 周平,内野手,阪神タイガース,0.286,24,21,6,6,0,0,0,1,6,3,0,0,0,11,2026/09/22
中日ドラゴンズ,高橋 周平,内野手,埼玉西武ライオンズ,,0,0,0,0,0,0,0,0,0,0,0,0,0,0,2026/09/22
中日ドラゴンズ,高橋 周平,内野手,千葉ロッテマリーンズ,0.000,1,1,0,0,0,0,0,0,0,0,0,0,0,1,2026/09/22
中日ドラゴンズ,高橋 周平,内野手,東京ヤクルトスワローズ,0.125,27,24,3,3,0,0,0,1,7,2,1,0,0,14,2026/09/22
中日ドラゴンズ,高橋 周平,内野手,東北楽天ゴールデンイーグルス,,0,0,0,0,0,0,0,0,0,0,0,0,0,0,2026/09/22
中日ドラゴンズ,高橋 周平,内野手,読売ジャイアンツ,0.231,15,13,3,2,1,0,0,1,5,1,0,0,1,7,2026/09/22
中日ドラゴンズ,高橋 周平,内野手,福岡ソフトバンクホークス,0.500,2,2,1,1,0,0,0,0,1,0,0,0,0,2,2026/09/22
中日ドラゴンズ,高橋 周平,内野手,北海道日本ハムファイターズ,0.000,2,2,0,0,0,0,0,0,1,0,0,0,0,1,2026/09/22
中日ドラゴンズ,カリステ,内野手,オリックス・バファローズ,,0,0,0,0,0,0,0,0,0,0,0,0,0,0,2026/09/22
中日ドラゴンズ,カリステ,内野手,横浜DeNAベイスターズ,0.154,14,13,2,2,0,0,0,0,5,1,0,0,0,5,2026/09/22
中日ドラゴンズ,カリステ,内野手,広島東洋カープ,0.125,18,16,2,2,0,0,0,1,4,2,0,0,0,7,2026/09/22
中日ドラゴンズ,カリステ,内野手,阪神タイガース,0.067,18,15,1,0,1,0,0,0,6,3,0,0,0,6,2026/09/22
中日ドラゴンズ,カリステ,内野手,埼玉西武ライオンズ,,0,0,0,0,0,0,0,0,0,0,0,0,0,0,2026/09/22
中日ドラゴンズ,カリステ,内野手,千葉ロッテマリーンズ,,0,0,0,0,0,0,0,0,0,0,0,0,0,0,2026/09/22
中日ドラゴンズ,カリステ,内野手,東京ヤクルトスワローズ,0.333,3,3,1,1,0,0,0,0,1,0,0,0,0,3,2026/09/22
中日ドラゴンズ,カリステ,内野手,東北楽天ゴールデンイーグルス,,0,0,0,0,0,0,0,0,0,0,0,0,0,0,2026/09/22
中日ドラゴンズ,カリステ,内野手,読売ジャイアンツ,0.500,12,12,6,4,1,0,1,2,4,0,0,0,0,5,2026/09/22
中日ドラゴンズ,カリステ,内野手,福岡ソフトバンクホークス,,0,0,0,0,0,0,0,0,0,0,0,0,0,0,2026/09/22
中日ドラゴンズ,カリステ,内野手,北海道日本ハムファイターズ,,0,0,0,0,0,0,0,0,0,0,0,0,0,0,2026/09/22
中日ドラゴンズ,村松 開人,内野手,オリックス・バファローズ,0.167,15,12,2,2,0,0,0,1,3,2,0,1,0,3,2026/09/22
中日ドラゴンズ,村松 開人,内野手,横浜DeNAベイスターズ,0.210,96,81,17,15,1,1,0,6,12,10,3,2,0,21,2026/09/22
中日ドラゴンズ,村松 開人,内野手,広島東洋カープ,0.273,90,77,21,15,2,2,2,6,15,11,1,0,1,20,2026/09/22
中日ドラゴンズ,村松 開人,内野手,阪神タイガース,0.296,97,81,24,19,3,1,1,8,12,14,0,1,1,22,2026/09/22
中日ドラゴンズ,村松 開人,内野手,埼玉西武ライオンズ,0.000,15,13,0,0,0,0,0,0,2,1,1,0,0,3,2026/09/22
中日ドラゴンズ,村松 開人,内野手,千葉ロッテマリーンズ,0.250,12,12,3,3,0,0,0,0,3,0,0,0,0,3,2026/09/22
中日ドラゴンズ,村松 開人,内野手,東京ヤクルトスワローズ,0.328,79,67,22,16,2,1,3,14,10,9,2,1,0,19,2026/09/22
中日ドラゴンズ,村松 開人,内野手,東北楽天ゴールデンイーグルス,0.667,3,3,2,2,0,0,0,1,0,0,0,0,0,1,2026/09/22
中日ドラゴンズ,村松 開人,内野手,読売ジャイアンツ,0.240,87,75,18,13,4,1,0,4,18,6,3,0,3,23,2026/09/22
中日ドラゴンズ,村松 開人,内野手,福岡ソフトバンクホークス,0.077,18,13,1,1,0,0,0,1,2,4,1,0,0,3,2026/09/22
中日ドラゴンズ,村松 開人,内野手,北海道日本ハムファイターズ,0.100,13,10,1,0,1,0,0,0,6,3,0,0,0,3,2026/09/22
中日ドラゴンズ,福永 裕基,内野手,オリックス・バファローズ,0.231,13,13,3,2,1,0,0,0,6,0,0,0,0,3,2026/09/22
中日ドラゴンズ,福永 裕基,内野手,横浜DeNAベイスターズ,0.389,60,54,21,17,3,0,1,5,12,6,0,0,0,17,2026/09/22
中日ドラゴンズ,福永 裕基,内野手,広島東洋カープ,0.250,72,68,17,12,3,1,1,7,10,3,0,0,1,19,2026/09/22
中日ドラゴンズ,福永 裕基,内野手,阪神タイガース,0.325,86,77,25,19,4,0,2,7,15,7,0,0,2,22,2026/09/22
中日ドラゴンズ,福永 裕基,内野手,埼玉西武ライオンズ,0.200,11,10,2,2,0,0,0,0,2,1,0,0,0,3,2026/09/22
中日ドラゴンズ,福永 裕基,内野手,千葉ロッテマリーンズ,0.000,6,5,0,0,0,0,0,0,0,1,0,0,0,3,2026/09/22
中日ドラゴンズ,福永 裕基,内野手,東京ヤクルトスワローズ,0.418,66,55,23,15,4,0,4,8,11,6,1,0,4,16,2026/09/22
中日ドラゴンズ,福永 裕基,内野手,東北楽天ゴールデンイーグルス,,0,0,0,0,0,0,0,0,0,0,0,0,0,0,2026/09/22
中日ドラゴンズ,福永 裕基,内野手,読売ジャイアンツ,0.169,69,65,11,9,1,0,1,5,14,4,0,0,0,21,2026/09/22
中日ドラゴンズ,福永 裕基,内野手,福岡ソフトバンクホークス,0.375,10,8,3,3,0,0,0,1,2,2,0,0,0,3,2026/09/22
中日ドラゴンズ,福永 裕基,内野手,北海道日本ハムファイターズ,0.000,1,1,0,0,0,0,0,0,0,0,0,0,0,1,2026/09/22
中日ドラゴンズ,サノー,内野手,オリックス・バファローズ,,0,0,0,0,0,0,0,0,0,0,0,0,0,0,2026/09/22
中日ドラゴンズ,サノー,内野手,横浜DeNAベイスターズ,0.275,62,51,14,7,1,0,6,8,13,10,0,0,1,17,2026/09/22
中日ドラゴンズ,サノー,内野手,広島東洋カープ,0.269,57,52,14,9,2,0,3,9,15,4,0,1,0,16,2026/09/22
中日ドラゴンズ,サノー,内野手,阪神タイガース,0.255,61,55,14,8,2,0,4,10,19,6,0,0,0,17,2026/09/22
中日ドラゴンズ,サノー,内野手,埼玉西武ライオンズ,0.000,1,1,0,0,0,0,0,0,0,0,0,0,0,1,2026/09/22
中日ドラゴンズ,サノー,内野手,千葉ロッテマリーンズ,0.154,15,13,2,1,0,0,1,3,2,0,0,2,0,3,2026/09/22
中日ドラゴンズ,サノー,内野手,東京ヤクルトスワローズ,0.138,66,58,8,4,1,0,3,8,19,5,0,2,1,15,2026/09/22
中日ドラゴンズ,サノー,内野手,東北楽天ゴールデンイーグルス,,0,0,0,0,0,0,0,0,0,0,0,0,0,0,2026/09/22
中日ドラゴンズ,サノー,内野手,読売ジャイアンツ,0.227,74,66,15,8,2,0,5,12,22,8,0,0,0,20,2026/09/22
中日ドラゴンズ,サノー,内野手,福岡ソフトバンクホークス,,0,0,0,0,0,0,0,0,0,0,0,0,0,0,2026/09/22
中日ドラゴンズ,サノー,内野手,北海道日本ハムファイターズ,0.125,8,8,1,1,0,0,0,0,4,0,0,0,0,2,2026/09/22
中日ドラゴンズ,石川 昂弥,内野手,オリックス・バファローズ,0.714,7,7,5,1,3,0,1,2,2,0,0,0,0,3,2026/09/22
中日ドラゴンズ,石川 昂弥,内野手,横浜DeNAベイスターズ,0.245,59,53,13,11,2,0,0,1,11,5,0,1,0,17,2026/09/22
中日ドラゴンズ,石川 昂弥,内野手,広島東洋カープ,0.362,63,58,21,13,4,0,4,16,7,4,0,0,1,17,2026/09/22
中日ドラゴンズ,石川 昂弥,内野手,阪神タイガース,0.172,62,58,10,7,2,0,1,5,16,3,0,0,1,16,2026/09/22
中日ドラゴンズ,石川 昂弥,内野手,埼玉西武ライオンズ,0.100,10,10,1,1,0,0,0,0,4,0,0,0,0,3,2026/09/22
中日ドラゴンズ,石川 昂弥,内野手,千葉ロッテマリーンズ,0.500,7,6,3,2,0,0,1,2,1,1,0,0,0,2,2026/09/22
中日ドラゴンズ,石川 昂弥,内野手,東京ヤクルトスワローズ,0.320,56,50,16,9,5,0,2,8,7,5,0,0,1,16,2026/09/22
中日ドラゴンズ,石川 昂弥,内野手,東北楽天ゴールデンイーグルス,0.200,11,10,2,0,1,0,1,3,2,1,0,0,0,3,2026/09/22
中日ドラゴンズ,石川 昂弥,内野手,読売ジャイアンツ,0.196,59,51,10,8,2,0,0,4,11,7,0,0,1,16,2026/09/22
中日ドラゴンズ,石川 昂弥,内野手,福岡ソフトバンクホークス,0.111,10,9,1,1,0,0,0,0,5,1,0,0,0,2,2026/09/22
中日ドラゴンズ,石川 昂弥,内野手,北海道日本ハムファイターズ,0.333,13,12,4,2,1,0,1,1,1,1,0,0,0,3,2026/09/22
中日ドラゴンズ,森 駿太,内野手,オリックス・バファローズ,,0,0,0,0,0,0,0,0,0,0,0,0,0,0,2026/09/22
中日ドラゴンズ,森 駿太,内野手,横浜DeNAベイスターズ,,0,0,0,0,0,0,0,0,0,0,0,0,0,0,2026/09/22
中日ドラゴンズ,森 駿太,内野手,広島東洋カープ,,0,0,0,0,0,0,0,0,0,0,0,0,0,0,2026/09/22
中日ドラゴンズ,森 駿太,内野手,阪神タイガース,,0,0,0,0,0,0,0,0,0,0,0,0,0,0,2026/09/22
中日ドラゴンズ,森 駿太,内野手,埼玉西武ライオンズ,,0,0,0,0,0,0,0,0,0,0,0,0,0,0,2026/09/22
中日ドラゴンズ,森 駿太,内野手,千葉ロッテマリーンズ,,0,0,0,0,0,0,0,0,0,0,0,0,0,0,2026/09/22
中日ドラゴンズ,森 駿太,内野手,東京ヤクルトスワローズ,,0,0,0,0,0,0,0,0,0,0,0,0,0,0,2026/09/22
中日ドラゴンズ,森 駿太,内野手,東北楽天ゴールデンイーグルス,,0,0,0,0,0,0,0,0,0,0,0,0,0,0,2026/09/22
中日ドラゴンズ,森 駿太,内野手,読売ジャイアンツ,,0,0,0,0,0,0,0,0,0,0,0,0,0,0,2026/09/22
中日ドラゴンズ,森 駿太,内野手,福岡ソフトバンクホークス,,0,0,0,0,0,0,0,0,0,0,0,0,0,0,2026/09/22
中日ドラゴンズ,森 駿太,内野手,北海道日本ハムファイターズ,,0,0,0,0,0,0,0,0,0,0,0,0,0,0,2026/09/22
中日ドラゴンズ,土田 龍空,内野手,オリックス・バファローズ,0.000,2,2,0,0,0,0,0,0,1,0,0,0,0,1,2026/09/22
中日ドラゴンズ,土田 龍空,内野手,横浜DeNAベイスターズ,0.077,14,13,1,1,0,0,0,0,5,0,0,0,1,5,2026/09/22
中日ドラゴンズ,土田 龍空,内野手,広島東洋カープ,0.333,10,9,3,2,0,0,1,3,0,1,0,0,0,4,2026/09/22
中日ドラゴンズ,土田 龍空,内野手,阪神タイガース,0.188,17,16,3,2,0,0,1,1,3,0,0,0,1,6,2026/09/22
中日ドラゴンズ,土田 龍空,内野手,埼玉西武ライオンズ,,0,0,0,0,0,0,0,0,0,0,0,0,0,0,2026/09/22
中日ドラゴンズ,土田 龍空,内野手,千葉ロッテマリーンズ,,0,0,0,0,0,0,0,0,0,0,0,0,0,0,2026/09/22
中日ドラゴンズ,土田 龍空,内野手,東京ヤクルトスワローズ,0.182,14,11,2,1,1,0,0,2,4,3,0,0,0,6,2026/09/22
中日ドラゴンズ,土田 龍空,内野手,東北楽天ゴールデンイーグルス,,0,0,0,0,0,0,0,0,0,0,0,0,0,0,2026/09/22
中日ドラゴンズ,土田 龍空,内野手,読売ジャイアンツ,0.154,14,13,2,1,1,0,0,0,3,1,0,0,0,5,2026/09/22
中日ドラゴンズ,土田 龍空,内野手,福岡ソフトバンクホークス,0.000,1,1,0,0,0,0,0,0,1,0,0,0,0,1,2026/09/22
中日ドラゴンズ,土田 龍空,内野手,北海道日本ハムファイターズ,,0,0,0,0,0,0,0,0,0,0,0,0,0,0,2026/09/22
中日ドラゴンズ,阿部 寿樹,内野手,オリックス・バファローズ,0.143,8,7,1,1,0,0,0,0,0,1,0,0,0,2,2026/09/22
中日ドラゴンズ,阿部 寿樹,内野手,横浜DeNAベイスターズ,0.133,19,15,2,1,0,0,1,3,6,3,0,0,1,9,2026/09/22
中日ドラゴンズ,阿部 寿樹,内野手,広島東洋カープ,0.308,29,26,8,6,2,0,0,3,8,2,0,1,0,16,2026/09/22
中日ドラゴンズ,阿部 寿樹,内野手,阪神タイガース,0.294,19,17,5,2,3,0,0,7,5,2,0,0,0,14,2026/09/22
中日ドラゴンズ,阿部 寿樹,内野手,埼玉西武ライオンズ,0.500,3,2,1,1,0,0,0,1,0,1,0,0,0,2,2026/09/22
中日ドラゴンズ,阿部 寿樹,内野手,千葉ロッテマリーンズ,0.222,12,9,2,1,1,0,0,0,2,3,0,0,0,3,2026/09/22
中日ドラゴンズ,阿部 寿樹,内野手,東京ヤクルトスワローズ,0.308,18,13,4,2,0,0,2,7,4,5,0,0,0,11,2026/09/22
中日ドラゴンズ,阿部 寿樹,内野手,東北楽天ゴールデンイーグルス,0.333,11,9,3,3,0,0,0,0,2,1,1,0,0,3,2026/09/22
中日ドラゴンズ,阿部 寿樹,内野手,読売ジャイアンツ,0.143,15,14,2,2,0,0,0,2,4,1,0,0,0,9,2026/09/22
中日ドラゴンズ,阿部 寿樹,内野手,福岡ソフトバンクホークス,0.200,5,5,1,1,0,0,0,0,2,0,0,0,0,2,2026/09/22
中日ドラゴンズ,阿部 寿樹,内野手,北海道日本ハムファイターズ,0.000,11,9,0,0,0,0,0,0,3,2,0,0,0,3,2026/09/22
中日ドラゴンズ,新保 茉良,内野手,オリックス・バファローズ,,0,0,0,0,0,0,0,0,0,0,0,0,0,0,2026/09/22
中日ドラゴンズ,新保 茉良,内野手,横浜DeNAベイスターズ,,0,0,0,0,0,0,0,0,0,0,0,0,0,0,2026/09/22
中日ドラゴンズ,新保 茉良,内野手,広島東洋カープ,,0,0,0,0,0,0,0,0,0,0,0,0,0,0,2026/09/22
中日ドラゴンズ,新保 茉良,内野手,阪神タイガース,,0,0,0,0,0,0,0,0,0,0,0,0,0,0,2026/09/22
中日ドラゴンズ,新保 茉良,内野手,埼玉西武ライオンズ,,0,0,0,0,0,0,0,0,0,0,0,0,0,0,2026/09/22
中日ドラゴンズ,新保 茉良,内野手,千葉ロッテマリーンズ,,0,0,0,0,0,0,0,0,0,0,0,0,0,0,2026/09/22
中日ドラゴンズ,新保 茉良,内野手,東京ヤクルトスワローズ,,0,0,0,0,0,0,0,0,0,0,0,0,0,0,2026/09/22
中日ドラゴンズ,新保 茉良,内野手,東北楽天ゴールデンイーグルス,,0,0,0,0,0,0,0,0,0,0,0,0,0,0,2026/09/22
中日ドラゴンズ,新保 茉良,内野手,読売ジャイアンツ,,0,0,0,0,0,0,0,0,0,0,0,0,0,0,2026/09/22
中日ドラゴンズ,新保 茉良,内野手,福岡ソフトバンクホークス,,0,0,0,0,0,0,0,0,0,0,0,0,0,0,2026/09/22
中日ドラゴンズ,新保 茉良,内野手,北海道日本ハムファイターズ,,0,0,0,0,0,0,0,0,0,0,0,0,0,0,2026/09/22
中日ドラゴンズ,山本 泰寛,内野手,オリックス・バファローズ,0.000,3,2,0,0,0,0,0,0,0,0,1,0,0,1,2026/09/22
中日ドラゴンズ,山本 泰寛,内野手,横浜DeNAベイスターズ,0.000,18,17,0,0,0,0,0,0,7,1,0,0,0,7,2026/09/22
中日ドラゴンズ,山本 泰寛,内野手,広島東洋カープ,0.067,17,15,1,1,0,0,0,0,4,1,1,0,0,4,2026/09/22
中日ドラゴンズ,山本 泰寛,内野手,阪神タイガース,0.250,15,12,3,2,0,0,1,3,2,2,1,0,0,5,2026/09/22
中日ドラゴンズ,山本 泰寛,内野手,埼玉西武ライオンズ,0.100,10,10,1,1,0,0,0,0,3,0,0,0,0,3,2026/09/22
中日ドラゴンズ,山本 泰寛,内野手,千葉ロッテマリーンズ,,0,0,0,0,0,0,0,0,0,0,0,0,0,0,2026/09/22
中日ドラゴンズ,山本 泰寛,内野手,東京ヤクルトスワローズ,0.667,3,3,2,2,0,0,0,0,0,0,0,0,0,3,2026/09/22
中日ドラゴンズ,山本 泰寛,内野手,東北楽天ゴールデンイーグルス,0.286,10,7,2,1,1,0,0,1,0,2,1,0,0,3,2026/09/22
中日ドラゴンズ,山本 泰寛,内野手,読売ジャイアンツ,0.000,3,2,0,0,0,0,0,0,1,1,0,0,0,2,2026/09/22
中日ドラゴンズ,山本 泰寛,内野手,福岡ソフトバンクホークス,0.750,4,4,3,3,0,0,0,0,0,0,0,0,0,1,2026/09/22
中日ドラゴンズ,山本 泰寛,内野手,北海道日本ハムファイターズ,0.000,3,3,0,0,0,0,0,0,1,0,0,0,0,1,2026/09/22
中日ドラゴンズ,板山 祐太郎,内野手,オリックス・バファローズ,0.111,10,9,1,1,0,0,0,0,3,1,0,0,0,2,2026/09/22
中日ドラゴンズ,板山 祐太郎,内野手,横浜DeNAベイスターズ,0.135,40,37,5,1,2,1,1,7,10,3,0,0,0,15,2026/09/22
中日ドラゴンズ,板山 祐太郎,内野手,広島東洋カープ,0.200,31,30,6,3,2,1,0,2,9,1,0,0,0,12,2026/09/22
中日ドラゴンズ,板山 祐太郎,内野手,阪神タイガース,0.333,18,18,6,6,0,0,0,1,6,0,0,0,0,7,2026/09/22
中日ドラゴンズ,板山 祐太郎,内野手,埼玉西武ライオンズ,0.100,11,10,1,0,0,0,1,2,4,1,0,0,0,3,2026/09/22
中日ドラゴンズ,板山 祐太郎,内野手,千葉ロッテマリーンズ,0.250,4,4,1,1,0,0,0,0,1,0,0,0,0,2,2026/09/22
中日ドラゴンズ,板山 祐太郎,内野手,東京ヤクルトスワローズ,0.316,46,38,12,5,3,0,4,11,9,8,0,0,0,12,2026/09/22
中日ドラゴンズ,板山 祐太郎,内野手,東北楽天ゴールデンイーグルス,0.500,5,4,2,2,0,0,0,1,0,0,0,1,0,1,2026/09/22
中日ドラゴンズ,板山 祐太郎,内野手,読売ジャイアンツ,0.154,15,13,2,1,1,0,0,0,5,1,0,0,1,10,2026/09/22
中日ドラゴンズ,板山 祐太郎,内野手,福岡ソフトバンクホークス,0.500,6,6,3,2,1,0,0,0,1,0,0,0,0,3,2026/09/22
中日ドラゴンズ,板山 祐太郎,内野手,北海道日本ハムファイターズ,0.250,9,8,2,2,0,0,0,0,1,1,0,0,0,2,2026/09/22
中日ドラゴンズ,知野 直人,内野手,オリックス・バファローズ,,0,0,0,0,0,0,0,0,0,0,0,0,0,0,2026/09/22
中日ドラゴンズ,知野 直人,内野手,横浜DeNAベイスターズ,,0,0,0,0,0,0,0,0,0,0,0,0,0,0,2026/09/22
中日ドラゴンズ,知野 直人,内野手,広島東洋カープ,0.000,1,1,0,0,0,0,0,0,1,0,0,0,0,1,2026/09/22
中日ドラゴンズ,知野 直人,内野手,阪神タイガース,0.000,1,1,0,0,0,0,0,0,0,0,0,0,0,1,2026/09/22
中日ドラゴンズ,知野 直人,内野手,埼玉西武ライオンズ,,0,0,0,0,0,0,0,0,0,0,0,0,0,0,2026/09/22
中日ドラゴンズ,知野 直人,内野手,千葉ロッテマリーンズ,,0,0,0,0,0,0,0,0,0,0,0,0,0,0,2026/09/22
中日ドラゴンズ,知野 直人,内野手,東京ヤクルトスワローズ,0.000,1,1,0,0,0,0,0,0,1,0,0,0,0,1,2026/09/22
中日ドラゴンズ,知野 直人,内野手,東北楽天ゴールデンイーグルス,,0,0,0,0,0,0,0,0,0,0,0,0,0,0,2026/09/22
中日ドラゴンズ,知野 直人,内野手,読売ジャイアンツ,,0,0,0,0,0,0,0,0,0,0,0,0,0,0,2026/09/22
中日ドラゴンズ,知野 直人,内野手,福岡ソフトバンクホークス,,0,0,0,0,0,0,0,0,0,0,0,0,0,0,2026/09/22
中日ドラゴンズ,知野 直人,内野手,北海道日本ハムファイターズ,,0,0,0,0,0,0,0,0,0,0,0,0,0,0,2026/09/22
中日ドラゴンズ,ロドリゲス,内野手,オリックス・バファローズ,,0,0,0,0,0,0,0,0,0,0,0,0,0,0,2026/09/22
中日ドラゴンズ,ロドリゲス,内野手,横浜DeNAベイスターズ,,0,0,0,0,0,0,0,0,0,0,0,0,0,0,2026/09/22
中日ドラゴンズ,ロドリゲス,内野手,広島東洋カープ,0.000,4,3,0,0,0,0,0,0,0,1,0,0,0,1,2026/09/22
中日ドラゴンズ,ロドリゲス,内野手,阪神タイガース,,0,0,0,0,0,0,0,0,0,0,0,0,0,0,2026/09/22
中日ドラゴンズ,ロドリゲス,内野手,埼玉西武ライオンズ,,0,0,0,0,0,0,0,0,0,0,0,0,0,0,2026/09/22
中日ドラゴンズ,ロドリゲス,内野手,千葉ロッテマリーンズ,,0,0,0,0,0,0,0,0,0,0,0,0,0,0,2026/09/22
中日ドラゴンズ,ロドリゲス,内野手,東京ヤクルトスワローズ,,0,0,0,0,0,0,0,0,0,0,0,0,0,1,2026/09/22
中日ドラゴンズ,ロドリゲス,内野手,東北楽天ゴールデンイーグルス,,0,0,0,0,0,0,0,0,0,0,0,0,0,0,2026/09/22
中日ドラゴンズ,ロドリゲス,内野手,読売ジャイアンツ,0.000,6,6,0,0,0,0,0,0,4,0,0,0,0,2,2026/09/22
中日ドラゴンズ,ロドリゲス,内野手,福岡ソフトバンクホークス,,0,0,0,0,0,0,0,0,0,0,0,0,0,0,2026/09/22
中日ドラゴンズ,ロドリゲス,内野手,北海道日本ハムファイターズ,,0,0,0,0,0,0,0,0,0,0,0,0,0,0,2026/09/22
中日ドラゴンズ,樋口 正修,内野手,オリックス・バファローズ,,0,0,0,0,0,0,0,0,0,0,0,0,0,0,2026/09/22
中日ドラゴンズ,樋口 正修,内野手,横浜DeNAベイスターズ,,0,0,0,0,0,0,0,0,0,0,0,0,0,0,2026/09/22
中日ドラゴンズ,樋口 正修,内野手,広島東洋カープ,0.167,8,6,1,1,0,0,0,1,1,2,0,0,0,3,2026/09/22
中日ドラゴンズ,樋口 正修,内野手,阪神タイガース,0.000,4,3,0,0,0,0,0,0,1,0,1,0,0,3,2026/09/22
中日ドラゴンズ,樋口 正修,内野手,埼玉西武ライオンズ,,0,0,0,0,0,0,0,0,0,0,0,0,0,0,2026/09/22
中日ドラゴンズ,樋口 正修,内野手,千葉ロッテマリーンズ,,0,0,0,0,0,0,0,0,0,0,0,0,0,0,2026/09/22
中日ドラゴンズ,樋口 正修,内野手,東京ヤクルトスワローズ,1.000,1,1,1,1,0,0,0,0,1,0,0,0,0,1,2026/09/22
中日ドラゴンズ,樋口 正修,内野手,東北楽天ゴールデンイーグルス,,0,0,0,0,0,0,0,0,0,0,0,0,0,0,2026/09/22
中日ドラゴンズ,樋口 正修,内野手,読売ジャイアンツ,0.000,1,1,0,0,0,0,0,0,0,0,0,0,0,1,2026/09/22
中日ドラゴンズ,樋口 正修,内野手,福岡ソフトバンクホークス,,0,0,0,0,0,0,0,0,0,0,0,0,0,0,2026/09/22
中日ドラゴンズ,樋口 正修,内野手,北海道日本ハムファイターズ,,0,0,0,0,0,0,0,0,0,0,0,0,0,0,2026/09/22
中日ドラゴンズ,尾田 剛樹,外野手,オリックス・バファローズ,1.000,1,1,1,1,0,0,0,0,0,0,0,0,0,1,2026/09/22
中日ドラゴンズ,尾田 剛樹,外野手,横浜DeNAベイスターズ,0.000,2,2,0,0,0,0,0,0,2,0,0,0,0,1,2026/09/22
中日ドラゴンズ,尾田 剛樹,外野手,広島東洋カープ,0.000,3,2,0,0,0,0,0,0,0,1,0,0,0,2,2026/09/22
中日ドラゴンズ,尾田 剛樹,外野手,阪神タイガース,0.000,1,1,0,0,0,0,0,0,1,0,0,0,0,1,2026/09/22
中日ドラゴンズ,尾田 剛樹,外野手,埼玉西武ライオンズ,,0,0,0,0,0,0,0,0,0,0,0,0,0,0,2026/09/22
中日ドラゴンズ,尾田 剛樹,外野手,千葉ロッテマリーンズ,,0,0,0,0,0,0,0,0,0,0,0,0,0,0,2026/09/22
中日ドラゴンズ,尾田 剛樹,外野手,東京ヤクルトスワローズ,0.000,5,4,0,0,0,0,0,0,2,0,1,0,0,3,2026/09/22
中日ドラゴンズ,尾田 剛樹,外野手,東北楽天ゴールデンイーグルス,,0,0,0,0,0,0,0,0,0,0,0,0,0,0,2026/09/22
中日ドラゴンズ,尾田 剛樹,外野手,読売ジャイアンツ,,0,0,0,0,0,0,0,0,0,0,0,0,0,0,2026/09/22
中日ドラゴンズ,尾田 剛樹,外野手,福岡ソフトバンクホークス,,0,0,0,0,0,0,0,0,0,0,0,0,0,0,2026/09/22
中日ドラゴンズ,尾田 剛樹,外野手,北海道日本ハムファイターズ,,0,0,0,0,0,0,0,0,0,0,0,0,0,0,2026/09/22
中日ドラゴンズ,岡林 勇希,外野手,オリックス・バファローズ,,0,0,0,0,0,0,0,0,0,0,0,0,0,0,2026/09/22
中日ドラゴンズ,岡林 勇希,外野手,横浜DeNAベイスターズ,0.160,55,50,8,7,1,0,0,1,5,4,0,1,0,15,2026/09/22
中日ドラゴンズ,岡林 勇希,外野手,広島東洋カープ,0.304,63,56,17,15,1,0,1,3,3,6,1,0,0,15,2026/09/22
中日ドラゴンズ,岡林 勇希,外野手,阪神タイガース,0.297,43,37,11,8,3,0,0,1,7,5,1,0,0,11,2026/09/22
中日ドラゴンズ,岡林 勇希,外野手,埼玉西武ライオンズ,0.167,15,12,2,2,0,0,0,1,1,1,1,1,0,3,2026/09/22
中日ドラゴンズ,岡林 勇希,外野手,千葉ロッテマリーンズ,0.455,14,11,5,5,0,0,0,0,2,3,0,0,0,3,2026/09/22
中日ドラゴンズ,岡林 勇希,外野手,東京ヤクルトスワローズ,0.176,58,51,9,6,3,0,0,5,8,3,1,1,2,14,2026/09/22
中日ドラゴンズ,岡林 勇希,外野手,東北楽天ゴールデンイーグルス,,0,0,0,0,0,0,0,0,0,0,0,0,0,0,2026/09/22
中日ドラゴンズ,岡林 勇希,外野手,読売ジャイアンツ,0.226,65,62,14,9,3,0,2,6,10,2,0,1,0,19,2026/09/22
中日ドラゴンズ,岡林 勇希,外野手,福岡ソフトバンクホークス,,0,0,0,0,0,0,0,0,0,0,0,0,0,0,2026/09/22
中日ドラゴンズ,岡林 勇希,外野手,北海道日本ハムファイターズ,0.333,13,12,4,3,1,0,0,2,3,1,0,0,0,3,2026/09/22
中日ドラゴンズ,大島 洋平,外野手,オリックス・バファローズ,,0,0,0,0,0,0,0,0,0,0,0,0,0,0,2026/09/22
中日ドラゴンズ,大島 洋平,外野手,横浜DeNAベイスターズ,0.000,12,12,0,0,0,0,0,0,2,0,0,0,0,4,2026/09/22
中日ドラゴンズ,大島 洋平,外野手,広島東洋カープ,0.143,9,7,1,1,0,0,0,0,4,2,0,0,0,3,2026/09/22
中日ドラゴンズ,大島 洋平,外野手,阪神タイガース,0.294,18,17,5,4,1,0,0,2,3,1,0,0,0,6,2026/09/22
中日ドラゴンズ,大島 洋平,外野手,埼玉西武ライオンズ,,0,0,0,0,0,0,0,0,0,0,0,0,0,0,2026/09/22
中日ドラゴンズ,大島 洋平,外野手,千葉ロッテマリーンズ,,0,0,0,0,0,0,0,0,0,0,0,0,0,0,2026/09/22
中日ドラゴンズ,大島 洋平,外野手,東京ヤクルトスワローズ,0.188,16,16,3,2,0,1,0,0,2,0,0,0,0,5,2026/09/22
中日ドラゴンズ,大島 洋平,外野手,東北楽天ゴールデンイーグルス,,0,0,0,0,0,0,0,0,0,0,0,0,0,0,2026/09/22
中日ドラゴンズ,大島 洋平,外野手,読売ジャイアンツ,0.375,9,8,3,3,0,0,0,0,2,1,0,0,0,3,2026/09/22
中日ドラゴンズ,大島 洋平,外野手,福岡ソフトバンクホークス,,0,0,0,0,0,0,0,0,0,0,0,0,0,0,2026/09/22
中日ドラゴンズ,大島 洋平,外野手,北海道日本ハムファイターズ,,0,0,0,0,0,0,0,0,0,0,0,0,0,0,2026/09/22
中日ドラゴンズ,ボスラー,外野手,オリックス・バファローズ,0.200,5,5,1,1,0,0,0,0,1,0,0,0,0,2,2026/09/22
中日ドラゴンズ,ボスラー,外野手,横浜DeNAベイスターズ,0.184,53,49,9,7,1,1,0,3,19,3,0,0,1,20,2026/09/22
中日ドラゴンズ,ボスラー,外野手,広島東洋カープ,0.154,58,52,8,5,1,0,2,6,13,4,0,2,0,16,2026/09/22
中日ドラゴンズ,ボスラー,外野手,阪神タイガース,0.191,74,68,13,7,4,0,2,5,21,5,0,0,1,20,2026/09/22
中日ドラゴンズ,ボスラー,外野手,埼玉西武ライオンズ,,0,0,0,0,0,0,0,0,0,0,0,0,0,0,2026/09/22
中日ドラゴンズ,ボスラー,外野手,千葉ロッテマリーンズ,,0,0,0,0,0,0,0,0,0,0,0,0,0,0,2026/09/22
中日ドラゴンズ,ボスラー,外野手,東京ヤクルトスワローズ,0.250,43,40,10,7,0,0,3,4,3,2,0,0,1,15,2026/09/22
中日ドラゴンズ,ボスラー,外野手,東北楽天ゴールデンイーグルス,0.167,6,6,1,1,0,0,0,0,3,0,0,0,0,3,2026/09/22
中日ドラゴンズ,ボスラー,外野手,読売ジャイアンツ,0.200,26,25,5,3,1,0,1,2,12,1,0,0,0,9,2026/09/22
中日ドラゴンズ,ボスラー,外野手,福岡ソフトバンクホークス,0.000,7,7,0,0,0,0,0,0,5,0,0,0,0,2,2026/09/22
中日ドラゴンズ,ボスラー,外野手,北海道日本ハムファイターズ,,0,0,0,0,0,0,0,0,0,0,0,0,0,0,2026/09/22
中日ドラゴンズ,福元 悠真,外野手,オリックス・バファローズ,,0,0,0,0,0,0,0,0,0,0,0,0,0,0,2026/09/22
中日ドラゴンズ,福元 悠真,外野手,横浜DeNAベイスターズ,0.000,1,1,0,0,0,0,0,0,0,0,0,0,0,1,2026/09/22
中日ドラゴンズ,福元 悠真,外野手,広島東洋カープ,1.000,2,1,1,1,0,0,0,0,0,0,0,0,1,3,2026/09/22
中日ドラゴンズ,福元 悠真,外野手,阪神タイガース,0.400,10,10,4,3,1,0,0,0,0,0,0,0,0,5,2026/09/22
中日ドラゴンズ,福元 悠真,外野手,埼玉西武ライオンズ,,0,0,0,0,0,0,0,0,0,0,0,0,0,0,2026/09/22
中日ドラゴンズ,福元 悠真,外野手,千葉ロッテマリーンズ,,0,0,0,0,0,0,0,0,0,0,0,0,0,0,2026/09/22
中日ドラゴンズ,福元 悠真,外野手,東京ヤクルトスワローズ,0.250,4,4,1,1,0,0,0,2,0,0,0,0,0,2,2026/09/22
中日ドラゴンズ,福元 悠真,外野手,東北楽天ゴールデンイーグルス,,0,0,0,0,0,0,0,0,0,0,0,0,0,0,2026/09/22
中日ドラゴンズ,福元 悠真,外野手,読売ジャイアンツ,0.375,8,8,3,2,1,0,0,3,3,0,0,0,0,6,2026/09/22
中日ドラゴンズ,福元 悠真,外野手,福岡ソフトバンクホークス,,0,0,0,0,0,0,0,0,0,0,0,0,0,0,2026/09/22
中日ドラゴンズ,福元 悠真,外野手,北海道日本ハムファイターズ,,0,0,0,0,0,0,0,0,0,0,0,0,0,0,2026/09/22
中日ドラゴンズ,ブライト 健太,外野手,オリックス・バファローズ,,0,0,0,0,0,0,0,0,0,0,0,0,0,0,2026/09/22
中日ドラゴンズ,ブライト 健太,外野手,横浜DeNAベイスターズ,,0,0,0,0,0,0,0,0,0,0,0,0,0,0,2026/09/22
中日ドラゴンズ,ブライト 健太,外野手,広島東洋カープ,,0,0,0,0,0,0,0,0,0,0,0,0,0,0,2026/09/22
中日ドラゴンズ,ブライト 健太,外野手,阪神タイガース,0.000,1,1,0,0,0,0,0,0,0,0,0,0,0,1,2026/09/22
中日ドラゴンズ,ブライト 健太,外野手,埼玉西武ライオンズ,,0,0,0,0,0,0,0,0,0,0,0,0,0,0,2026/09/22
中日ドラゴンズ,ブライト 健太,外野手,千葉ロッテマリーンズ,,0,0,0,0,0,0,0,0,0,0,0,0,0,0,2026/09/22
中日ドラゴンズ,ブライト 健太,外野手,東京ヤクルトスワローズ,0.000,7,7,0,0,0,0,0,0,4,0,0,0,0,2,2026/09/22
中日ドラゴンズ,ブライト 健太,外野手,東北楽天ゴールデンイーグルス,,0,0,0,0,0,0,0,0,0,0,0,0,0,0,2026/09/22
中日ドラゴンズ,ブライト 健太,外野手,読売ジャイアンツ,0.167,7,6,1,1,0,0,0,0,3,1,0,0,0,2,2026/09/22
中日ドラゴンズ,ブライト 健太,外野手,福岡ソフトバンクホークス,,0,0,0,0,0,0,0,0,0,0,0,0,0,0,2026/09/22
中日ドラゴンズ,ブライト 健太,外野手,北海道日本ハムファイターズ,,0,0,0,0,0,0,0,0,0,0,0,0,0,0,2026/09/22
中日ドラゴンズ,川越 誠司,外野手,オリックス・バファローズ,,0,0,0,0,0,0,0,0,0,0,0,0,0,0,2026/09/22
中日ドラゴンズ,川越 誠司,外野手,横浜DeNAベイスターズ,,0,0,0,0,0,0,0,0,0,0,0,0,0,0,2026/09/22
中日ドラゴンズ,川越 誠司,外野手,広島東洋カープ,,0,0,0,0,0,0,0,0,0,0,0,0,0,0,2026/09/22
中日ドラゴンズ,川越 誠司,外野手,阪神タイガース,0.000,1,1,0,0,0,0,0,0,1,0,0,0,0,1,2026/09/22
中日ドラゴンズ,川越 誠司,外野手,埼玉西武ライオンズ,,0,0,0,0,0,0,0,0,0,0,0,0,0,0,2026/09/22
中日ドラゴンズ,川越 誠司,外野手,千葉ロッテマリーンズ,,0,0,0,0,0,0,0,0,0,0,0,0,0,0,2026/09/22
中日ドラゴンズ,川越 誠司,外野手,東京ヤクルトスワローズ,1.000,2,2,2,0,2,0,0,1,0,0,0,0,0,2,2026/09/22
中日ドラゴンズ,川越 誠司,外野手,東北楽天ゴールデンイーグルス,,0,0,0,0,0,0,0,0,0,0,0,0,0,0,2026/09/22
中日ドラゴンズ,川越 誠司,外野手,読売ジャイアンツ,0.000,1,1,0,0,0,0,0,0,0,0,0,0,0,1,2026/09/22
中日ドラゴンズ,川越 誠司,外野手,福岡ソフトバンクホークス,,0,0,0,0,0,0,0,0,0,0,0,0,0,0,2026/09/22
中日ドラゴンズ,川越 誠司,外野手,北海道日本ハムファイターズ,,0,0,0,0,0,0,0,0,0,0,0,0,0,0,2026/09/22
中日ドラゴンズ,上林 誠知,外野手,オリックス・バファローズ,,0,0,0,0,0,0,0,0,0,0,0,0,0,0,2026/09/22
中日ドラゴンズ,上林 誠知,外野手,横浜DeNAベイスターズ,0.385,15,13,5,3,1,0,1,2,5,2,0,0,0,4,2026/09/22
中日ドラゴンズ,上林 誠知,外野手,広島東洋カープ,0.167,24,24,4,3,1,0,0,0,4,0,0,0,0,7,2026/09/22
中日ドラゴンズ,上林 誠知,外野手,阪神タイガース,0.308,15,13,4,3,0,0,1,2,2,2,0,0,0,5,2026/09/22
中日ドラゴンズ,上林 誠知,外野手,埼玉西武ライオンズ,,0,0,0,0,0,0,0,0,0,0,0,0,0,0,2026/09/22
中日ドラゴンズ,上林 誠知,外野手,千葉ロッテマリーンズ,,0,0,0,0,0,0,0,0,0,0,0,0,0,0,2026/09/22
中日ドラゴンズ,上林 誠知,外野手,東京ヤクルトスワローズ,0.000,3,2,0,0,0,0,0,0,2,1,0,0,0,3,2026/09/22
中日ドラゴンズ,上林 誠知,外野手,東北楽天ゴールデンイーグルス,,0,0,0,0,0,0,0,0,0,0,0,0,0,0,2026/09/22
中日ドラゴンズ,上林 誠知,外野手,読売ジャイアンツ,0.143,7,7,1,1,0,0,0,0,7,0,0,0,0,2,2026/09/22
中日ドラゴンズ,上林 誠知,外野手,福岡ソフトバンクホークス,,0,0,0,0,0,0,0,0,0,0,0,0,0,0,2026/09/22
中日ドラゴンズ,上林 誠知,外野手,北海道日本ハムファイターズ,,0,0,0,0,0,0,0,0,0,0,0,0,0,0,2026/09/22
中日ドラゴンズ,細川 成也,外野手,オリックス・バファローズ,0.077,14,13,1,1,0,0,0,2,2,1,0,0,0,3,2026/09/22
中日ドラゴンズ,細川 成也,外野手,横浜DeNAベイスターズ,0.211,109,90,19,8,4,0,7,13,30,17,0,1,1,24,2026/09/22
中日ドラゴンズ,細川 成也,外野手,広島東洋カープ,0.253,113,95,24,16,3,0,5,11,24,14,0,1,3,24,2026/09/22
中日ドラゴンズ,細川 成也,外野手,阪神タイガース,0.244,108,90,22,15,5,0,2,7,26,17,0,0,1,25,2026/09/22
中日ドラゴンズ,細川 成也,外野手,埼玉西武ライオンズ,0.222,14,9,2,2,0,0,0,0,2,5,0,0,0,3,2026/09/22
中日ドラゴンズ,細川 成也,外野手,千葉ロッテマリーンズ,0.167,15,12,2,0,1,0,1,3,3,3,0,0,0,3,2026/09/22
中日ドラゴンズ,細川 成也,外野手,東京ヤクルトスワローズ,0.238,105,80,19,13,2,0,4,16,16,20,0,1,4,22,2026/09/22
中日ドラゴンズ,細川 成也,外野手,東北楽天ゴールデンイーグルス,0.100,11,10,1,0,0,0,1,2,5,1,0,0,0,3,2026/09/22
中日ドラゴンズ,細川 成也,外野手,読売ジャイアンツ,0.189,102,90,17,11,3,1,2,9,31,11,0,1,0,25,2026/09/22
中日ドラゴンズ,細川 成也,外野手,福岡ソフトバンクホークス,0.167,12,12,2,1,0,0,1,4,5,0,0,0,0,3,2026/09/22
中日ドラゴンズ,細川 成也,外野手,北海道日本ハムファイターズ,0.154,15,13,2,1,0,0,1,2,4,2,0,0,0,3,2026/09/22
中日ドラゴンズ,花田 旭,外野手,オリックス・バファローズ,0.500,2,2,1,1,0,0,0,0,1,0,0,0,0,1,2026/09/22
中日ドラゴンズ,花田 旭,外野手,横浜DeNAベイスターズ,0.227,23,22,5,3,1,0,1,2,8,0,0,1,0,6,2026/09/22
中日ドラゴンズ,花田 旭,外野手,広島東洋カープ,0.286,21,21,6,4,1,0,1,3,6,0,0,0,0,7,2026/09/22
中日ドラゴンズ,花田 旭,外野手,阪神タイガース,0.160,28,25,4,3,0,0,1,2,11,2,0,1,0,7,2026/09/22
中日ドラゴンズ,花田 旭,外野手,埼玉西武ライオンズ,,0,0,0,0,0,0,0,0,0,0,0,0,0,0,2026/09/22
中日ドラゴンズ,花田 旭,外野手,千葉ロッテマリーンズ,0.000,1,1,0,0,0,0,0,0,0,0,0,0,0,1,2026/09/22
中日ドラゴンズ,花田 旭,外野手,東京ヤクルトスワローズ,0.348,24,23,8,5,1,1,1,4,4,1,0,0,0,6,2026/09/22
中日ドラゴンズ,花田 旭,外野手,東北楽天ゴールデンイーグルス,0.250,4,4,1,0,1,0,0,0,2,0,0,0,0,1,2026/09/22
中日ドラゴンズ,花田 旭,外野手,読売ジャイアンツ,0.250,22,20,5,3,1,1,0,0,7,2,0,0,0,6,2026/09/22
中日ドラゴンズ,花田 旭,外野手,福岡ソフトバンクホークス,0.000,8,7,0,0,0,0,0,0,3,1,0,0,0,2,2026/09/22
中日ドラゴンズ,花田 旭,外野手,北海道日本ハムファイターズ,,0,0,0,0,0,0,0,0,0,0,0,0,0,0,2026/09/22
中日ドラゴンズ,鵜飼 航丞,外野手,オリックス・バファローズ,0.167,6,6,1,1,0,0,0,2,1,0,0,0,0,2,2026/09/22
中日ドラゴンズ,鵜飼 航丞,外野手,横浜DeNAベイスターズ,0.154,28,26,4,4,0,0,0,1,9,2,0,0,0,9,2026/09/22
中日ドラゴンズ,鵜飼 航丞,外野手,広島東洋カープ,0.583,12,12,7,4,2,0,1,4,3,0,0,0,0,4,2026/09/22
中日ドラゴンズ,鵜飼 航丞,外野手,阪神タイガース,0.318,23,22,7,6,0,0,1,3,7,1,0,0,0,9,2026/09/22
中日ドラゴンズ,鵜飼 航丞,外野手,埼玉西武ライオンズ,1.000,2,2,2,1,1,0,0,0,0,0,0,0,0,3,2026/09/22
中日ドラゴンズ,鵜飼 航丞,外野手,千葉ロッテマリーンズ,0.333,13,12,4,2,1,0,1,5,5,1,0,0,0,3,2026/09/22
中日ドラゴンズ,鵜飼 航丞,外野手,東京ヤクルトスワローズ,0.158,19,19,3,3,0,0,0,0,4,0,0,0,0,6,2026/09/22
中日ドラゴンズ,鵜飼 航丞,外野手,東北楽天ゴールデンイーグルス,0.222,9,9,2,1,0,0,1,1,4,0,0,0,0,3,2026/09/22
中日ドラゴンズ,鵜飼 航丞,外野手,読売ジャイアンツ,0.207,32,29,6,4,1,0,1,2,11,3,0,0,0,9,2026/09/22
中日ドラゴンズ,鵜飼 航丞,外野手,福岡ソフトバンクホークス,0.000,7,6,0,0,0,0,0,0,3,0,0,0,1,3,2026/09/22
中日ドラゴンズ,鵜飼 航丞,外野手,北海道日本ハムファイターズ,0.250,13,12,3,2,1,0,0,4,2,0,0,0,1,3,2026/09/22
中日ドラゴンズ,能戸 輝夢,外野手,オリックス・バファローズ,,0,0,0,0,0,0,0,0,0,0,0,0,0,0,2026/09/22
中日ドラゴンズ,能戸 輝夢,外野手,横浜DeNAベイスターズ,,0,0,0,0,0,0,0,0,0,0,0,0,0,0,2026/09/22
中日ドラゴンズ,能戸 輝夢,外野手,広島東洋カープ,,0,0,0,0,0,0,0,0,0,0,0,0,0,0,2026/09/22
中日ドラゴンズ,能戸 輝夢,外野手,阪神タイガース,,0,0,0,0,0,0,0,0,0,0,0,0,0,0,2026/09/22
中日ドラゴンズ,能戸 輝夢,外野手,埼玉西武ライオンズ,,0,0,0,0,0,0,0,0,0,0,0,0,0,0,2026/09/22
中日ドラゴンズ,能戸 輝夢,外野手,千葉ロッテマリーンズ,,0,0,0,0,0,0,0,0,0,0,0,0,0,0,2026/09/22
中日ドラゴンズ,能戸 輝夢,外野手,東京ヤクルトスワローズ,,0,0,0,0,0,0,0,0,0,0,0,0,0,0,2026/09/22
中日ドラゴンズ,能戸 輝夢,外野手,東北楽天ゴールデンイーグルス,,0,0,0,0,0,0,0,0,0,0,0,0,0,0,2026/09/22
中日ドラゴンズ,能戸 輝夢,外野手,読売ジャイアンツ,,0,0,0,0,0,0,0,0,0,0,0,0,0,0,2026/09/22
中日ドラゴンズ,能戸 輝夢,外野手,福岡ソフトバンクホークス,,0,0,0,0,0,0,0,0,0,0,0,0,0,0,2026/09/22
中日ドラゴンズ,能戸 輝夢,外野手,北海道日本ハムファイターズ,,0,0,0,0,0,0,0,0,0,0,0,0,0,0,2026/09/22
東京ヤクルトスワローズ,キハダ,投手,オリックス・バファローズ,,0,0,0,0,0,0,0,0,0,0,0,0,0,0,2026/09/22
東京ヤクルトスワローズ,キハダ,投手,横浜DeNAベイスターズ,,0,0,0,0,0,0,0,0,0,0,0,0,0,0,2026/09/22
東京ヤクルトスワローズ,キハダ,投手,広島東洋カープ,,0,0,0,0,0,0,0,0,0,0,0,0,0,0,2026/09/22
東京ヤクルトスワローズ,キハダ,投手,阪神タイガース,,0,0,0,0,0,0,0,0,0,0,0,0,0,0,2026/09/22
東京ヤクルトスワローズ,キハダ,投手,埼玉西武ライオンズ,,0,0,0,0,0,0,0,0,0,0,0,0,0,0,2026/09/22
東京ヤクルトスワローズ,キハダ,投手,千葉ロッテマリーンズ,,0,0,0,0,0,0,0,0,0,0,0,0,0,0,2026/09/22
東京ヤクルトスワローズ,キハダ,投手,中日ドラゴンズ,,0,0,0,0,0,0,0,0,0,0,0,0,0,0,2026/09/22
東京ヤクルトスワローズ,キハダ,投手,東北楽天ゴールデンイーグルス,,0,0,0,0,0,0,0,0,0,0,0,0,0,0,2026/09/22
東京ヤクルトスワローズ,キハダ,投手,読売ジャイアンツ,,0,0,0,0,0,0,0,0,0,0,0,0,0,0,2026/09/22
東京ヤクルトスワローズ,キハダ,投手,福岡ソフトバンクホークス,,0,0,0,0,0,0,0,0,0,0,0,0,0,0,2026/09/22
東京ヤクルトスワローズ,キハダ,投手,北海道日本ハムファイターズ,,0,0,0,0,0,0,0,0,0,0,0,0,0,0,2026/09/22
東京ヤクルトスワローズ,石山 泰稚,投手,オリックス・バファローズ,,0,0,0,0,0,0,0,0,0,0,0,0,0,0,2026/09/22
東京ヤクルトスワローズ,石山 泰稚,投手,横浜DeNAベイスターズ,,0,0,0,0,0,0,0,0,0,0,0,0,0,0,2026/09/22
東京ヤクルトスワローズ,石山 泰稚,投手,広島東洋カープ,,0,0,0,0,0,0,0,0,0,0,0,0,0,0,2026/09/22
東京ヤクルトスワローズ,石山 泰稚,投手,阪神タイガース,,0,0,0,0,0,0,0,0,0,0,0,0,0,0,2026/09/22
東京ヤクルトスワローズ,石山 泰稚,投手,埼玉西武ライオンズ,,0,0,0,0,0,0,0,0,0,0,0,0,0,0,2026/09/22
東京ヤクルトスワローズ,石山 泰稚,投手,千葉ロッテマリーンズ,,0,0,0,0,0,0,0,0,0,0,0,0,0,0,2026/09/22
東京ヤクルトスワローズ,石山 泰稚,投手,中日ドラゴンズ,,0,0,0,0,0,0,0,0,0,0,0,0,0,0,2026/09/22
東京ヤクルトスワローズ,石山 泰稚,投手,東北楽天ゴールデンイーグルス,,0,0,0,0,0,0,0,0,0,0,0,0,0,0,2026/09/22
東京ヤクルトスワローズ,石山 泰稚,投手,読売ジャイアンツ,,0,0,0,0,0,0,0,0,0,0,0,0,0,0,2026/09/22
東京ヤクルトスワローズ,石山 泰稚,投手,福岡ソフトバンクホークス,,0,0,0,0,0,0,0,0,0,0,0,0,0,0,2026/09/22
東京ヤクルトスワローズ,石山 泰稚,投手,北海道日本ハムファイターズ,,0,0,0,0,0,0,0,0,0,0,0,0,0,0,2026/09/22
東京ヤクルトスワローズ,西舘 昂汰,投手,オリックス・バファローズ,,0,0,0,0,0,0,0,0,0,0,0,0,0,0,2026/09/22
東京ヤクルトスワローズ,西舘 昂汰,投手,横浜DeNAベイスターズ,,0,0,0,0,0,0,0,0,0,0,0,0,0,0,2026/09/22
東京ヤクルトスワローズ,西舘 昂汰,投手,広島東洋カープ,0.000,2,1,0,0,0,0,0,0,0,0,1,0,0,1,2026/09/22
東京ヤクルトスワローズ,西舘 昂汰,投手,阪神タイガース,,0,0,0,0,0,0,0,0,0,0,0,0,0,0,2026/09/22
東京ヤクルトスワローズ,西舘 昂汰,投手,埼玉西武ライオンズ,,0,0,0,0,0,0,0,0,0,0,0,0,0,0,2026/09/22
東京ヤクルトスワローズ,西舘 昂汰,投手,千葉ロッテマリーンズ,,0,0,0,0,0,0,0,0,0,0,0,0,0,0,2026/09/22
東京ヤクルトスワローズ,西舘 昂汰,投手,中日ドラゴンズ,,0,0,0,0,0,0,0,0,0,0,0,0,0,0,2026/09/22
東京ヤクルトスワローズ,西舘 昂汰,投手,東北楽天ゴールデンイーグルス,,0,0,0,0,0,0,0,0,0,0,0,0,0,0,2026/09/22
東京ヤクルトスワローズ,西舘 昂汰,投手,読売ジャイアンツ,,0,0,0,0,0,0,0,0,0,0,0,0,0,0,2026/09/22
東京ヤクルトスワローズ,西舘 昂汰,投手,福岡ソフトバンクホークス,,0,0,0,0,0,0,0,0,0,0,0,0,0,0,2026/09/22
東京ヤクルトスワローズ,西舘 昂汰,投手,北海道日本ハムファイターズ,,0,0,0,0,0,0,0,0,0,0,0,0,0,0,2026/09/22
東京ヤクルトスワローズ,中村 優斗,投手,オリックス・バファローズ,,0,0,0,0,0,0,0,0,0,0,0,0,0,0,2026/09/22
東京ヤクルトスワローズ,中村 優斗,投手,横浜DeNAベイスターズ,,0,0,0,0,0,0,0,0,0,0,0,0,0,0,2026/09/22
東京ヤクルトスワローズ,中村 優斗,投手,広島東洋カープ,,0,0,0,0,0,0,0,0,0,0,0,0,0,0,2026/09/22
東京ヤクルトスワローズ,中村 優斗,投手,阪神タイガース,,0,0,0,0,0,0,0,0,0,0,0,0,0,0,2026/09/22
東京ヤクルトスワローズ,中村 優斗,投手,埼玉西武ライオンズ,,0,0,0,0,0,0,0,0,0,0,0,0,0,0,2026/09/22
東京ヤクルトスワローズ,中村 優斗,投手,千葉ロッテマリーンズ,,0,0,0,0,0,0,0,0,0,0,0,0,0,0,2026/09/22
東京ヤクルトスワローズ,中村 優斗,投手,中日ドラゴンズ,,0,0,0,0,0,0,0,0,0,0,0,0,0,0,2026/09/22
東京ヤクルトスワローズ,中村 優斗,投手,東北楽天ゴールデンイーグルス,,0,0,0,0,0,0,0,0,0,0,0,0,0,0,2026/09/22
東京ヤクルトスワローズ,中村 優斗,投手,読売ジャイアンツ,,0,0,0,0,0,0,0,0,0,0,0,0,0,0,2026/09/22
東京ヤクルトスワローズ,中村 優斗,投手,福岡ソフトバンクホークス,,0,0,0,0,0,0,0,0,0,0,0,0,0,0,2026/09/22
東京ヤクルトスワローズ,中村 優斗,投手,北海道日本ハムファイターズ,,0,0,0,0,0,0,0,0,0,0,0,0,0,0,2026/09/22
東京ヤクルトスワローズ,清水 昇,投手,オリックス・バファローズ,,0,0,0,0,0,0,0,0,0,0,0,0,0,0,2026/09/22
東京ヤクルトスワローズ,清水 昇,投手,横浜DeNAベイスターズ,,0,0,0,0,0,0,0,0,0,0,0,0,0,0,2026/09/22
東京ヤクルトスワローズ,清水 昇,投手,広島東洋カープ,,0,0,0,0,0,0,0,0,0,0,0,0,0,0,2026/09/22
東京ヤクルトスワローズ,清水 昇,投手,阪神タイガース,,0,0,0,0,0,0,0,0,0,0,0,0,0,0,2026/09/22
東京ヤクルトスワローズ,清水 昇,投手,埼玉西武ライオンズ,,0,0,0,0,0,0,0,0,0,0,0,0,0,0,2026/09/22
東京ヤクルトスワローズ,清水 昇,投手,千葉ロッテマリーンズ,,0,0,0,0,0,0,0,0,0,0,0,0,0,0,2026/09/22
東京ヤクルトスワローズ,清水 昇,投手,中日ドラゴンズ,,0,0,0,0,0,0,0,0,0,0,0,0,0,0,2026/09/22
東京ヤクルトスワローズ,清水 昇,投手,東北楽天ゴールデンイーグルス,,0,0,0,0,0,0,0,0,0,0,0,0,0,0,2026/09/22
東京ヤクルトスワローズ,清水 昇,投手,読売ジャイアンツ,,0,0,0,0,0,0,0,0,0,0,0,0,0,0,2026/09/22
東京ヤクルトスワローズ,清水 昇,投手,福岡ソフトバンクホークス,,0,0,0,0,0,0,0,0,0,0,0,0,0,0,2026/09/22
東京ヤクルトスワローズ,清水 昇,投手,北海道日本ハムファイターズ,,0,0,0,0,0,0,0,0,0,0,0,0,0,0,2026/09/22
東京ヤクルトスワローズ,奥川 恭伸,投手,オリックス・バファローズ,,0,0,0,0,0,0,0,0,0,0,0,0,0,0,2026/09/22
東京ヤクルトスワローズ,奥川 恭伸,投手,横浜DeNAベイスターズ,0.000,13,11,0,0,0,0,0,0,7,1,1,0,0,4,2026/09/22
東京ヤクルトスワローズ,奥川 恭伸,投手,広島東洋カープ,0.222,10,9,2,2,0,0,0,2,4,0,1,0,0,3,2026/09/22
東京ヤクルトスワローズ,奥川 恭伸,投手,阪神タイガース,0.000,4,4,0,0,0,0,0,0,3,0,0,0,0,2,2026/09/22
東京ヤクルトスワローズ,奥川 恭伸,投手,埼玉西武ライオンズ,,0,0,0,0,0,0,0,0,0,0,0,0,0,0,2026/09/22
東京ヤクルトスワローズ,奥川 恭伸,投手,千葉ロッテマリーンズ,,0,0,0,0,0,0,0,0,0,0,0,0,0,0,2026/09/22
東京ヤクルトスワローズ,奥川 恭伸,投手,中日ドラゴンズ,0.000,8,8,0,0,0,0,0,0,6,0,0,0,0,4,2026/09/22
東京ヤクルトスワローズ,奥川 恭伸,投手,東北楽天ゴールデンイーグルス,,0,0,0,0,0,0,0,0,0,0,0,0,0,0,2026/09/22
東京ヤクルトスワローズ,奥川 恭伸,投手,読売ジャイアンツ,0.000,13,13,0,0,0,0,0,0,11,0,0,0,0,5,2026/09/22
東京ヤクルトスワローズ,奥川 恭伸,投手,福岡ソフトバンクホークス,,0,0,0,0,0,0,0,0,0,0,0,0,0,0,2026/09/22
東京ヤクルトスワローズ,奥川 恭伸,投手,北海道日本ハムファイターズ,0.000,1,1,0,0,0,0,0,0,0,0,0,0,0,1,2026/09/22
東京ヤクルトスワローズ,石川 雅規,投手,オリックス・バファローズ,,0,0,0,0,0,0,0,0,0,0,0,0,0,0,2026/09/22
東京ヤクルトスワローズ,石川 雅規,投手,横浜DeNAベイスターズ,,0,0,0,0,0,0,0,0,0,0,0,0,0,0,2026/09/22
東京ヤクルトスワローズ,石川 雅規,投手,広島東洋カープ,,0,0,0,0,0,0,0,0,0,0,0,0,0,0,2026/09/22
東京ヤクルトスワローズ,石川 雅規,投手,阪神タイガース,,0,0,0,0,0,0,0,0,0,0,0,0,0,0,2026/09/22
東京ヤクルトスワローズ,石川 雅規,投手,埼玉西武ライオンズ,,0,0,0,0,0,0,0,0,0,0,0,0,0,0,2026/09/22
東京ヤクルトスワローズ,石川 雅規,投手,千葉ロッテマリーンズ,,0,0,0,0,0,0,0,0,0,0,0,0,0,0,2026/09/22
東京ヤクルトスワローズ,石川 雅規,投手,中日ドラゴンズ,,0,0,0,0,0,0,0,0,0,0,0,0,0,0,2026/09/22
東京ヤクルトスワローズ,石川 雅規,投手,東北楽天ゴールデンイーグルス,,0,0,0,0,0,0,0,0,0,0,0,0,0,0,2026/09/22
東京ヤクルトスワローズ,石川 雅規,投手,読売ジャイアンツ,,0,0,0,0,0,0,0,0,0,0,0,0,0,0,2026/09/22
東京ヤクルトスワローズ,石川 雅規,投手,福岡ソフトバンクホークス,,0,0,0,0,0,0,0,0,0,0,0,0,0,0,2026/09/22
東京ヤクルトスワローズ,石川 雅規,投手,北海道日本ハムファイターズ,,0,0,0,0,0,0,0,0,0,0,0,0,0,0,2026/09/22
東京ヤクルトスワローズ,木澤 尚文,投手,オリックス・バファローズ,,0,0,0,0,0,0,0,0,0,0,0,0,0,0,2026/09/22
東京ヤクルトスワローズ,木澤 尚文,投手,横浜DeNAベイスターズ,,0,0,0,0,0,0,0,0,0,0,0,0,0,0,2026/09/22
東京ヤクルトスワローズ,木澤 尚文,投手,広島東洋カープ,,0,0,0,0,0,0,0,0,0,0,0,0,0,0,2026/09/22
東京ヤクルトスワローズ,木澤 尚文,投手,阪神タイガース,,0,0,0,0,0,0,0,0,0,0,0,0,0,0,2026/09/22
東京ヤクルトスワローズ,木澤 尚文,投手,埼玉西武ライオンズ,,0,0,0,0,0,0,0,0,0,0,0,0,0,0,2026/09/22
東京ヤクルトスワローズ,木澤 尚文,投手,千葉ロッテマリーンズ,,0,0,0,0,0,0,0,0,0,0,0,0,0,0,2026/09/22
東京ヤクルトスワローズ,木澤 尚文,投手,中日ドラゴンズ,,0,0,0,0,0,0,0,0,0,0,0,0,0,0,2026/09/22
東京ヤクルトスワローズ,木澤 尚文,投手,東北楽天ゴールデンイーグルス,,0,0,0,0,0,0,0,0,0,0,0,0,0,0,2026/09/22
東京ヤクルトスワローズ,木澤 尚文,投手,読売ジャイアンツ,,0,0,0,0,0,0,0,0,0,0,0,0,0,0,2026/09/22
東京ヤクルトスワローズ,木澤 尚文,投手,福岡ソフトバンクホークス,,0,0,0,0,0,0,0,0,0,0,0,0,0,0,2026/09/22
東京ヤクルトスワローズ,木澤 尚文,投手,北海道日本ハムファイターズ,,0,0,0,0,0,0,0,0,0,0,0,0,0,0,2026/09/22
東京ヤクルトスワローズ,吉村 貢司郎,投手,オリックス・バファローズ,,0,0,0,0,0,0,0,0,0,0,0,0,0,0,2026/09/22
東京ヤクルトスワローズ,吉村 貢司郎,投手,横浜DeNAベイスターズ,0.000,7,7,0,0,0,0,0,0,3,0,0,0,0,4,2026/09/22
東京ヤクルトスワローズ,吉村 貢司郎,投手,広島東洋カープ,0.167,6,6,1,1,0,0,0,0,3,0,0,0,0,3,2026/09/22
東京ヤクルトスワローズ,吉村 貢司郎,投手,阪神タイガース,0.111,12,9,1,1,0,0,0,0,4,1,2,0,0,4,2026/09/22
東京ヤクルトスワローズ,吉村 貢司郎,投手,埼玉西武ライオンズ,,0,0,0,0,0,0,0,0,0,0,0,0,0,0,2026/09/22
東京ヤクルトスワローズ,吉村 貢司郎,投手,千葉ロッテマリーンズ,,0,0,0,0,0,0,0,0,0,0,0,0,0,0,2026/09/22
東京ヤクルトスワローズ,吉村 貢司郎,投手,中日ドラゴンズ,0.000,5,5,0,0,0,0,0,0,4,0,0,0,0,3,2026/09/22
東京ヤクルトスワローズ,吉村 貢司郎,投手,東北楽天ゴールデンイーグルス,,0,0,0,0,0,0,0,0,0,0,0,0,0,0,2026/09/22
東京ヤクルトスワローズ,吉村 貢司郎,投手,読売ジャイアンツ,0.125,8,8,1,1,0,0,0,0,3,0,0,0,0,3,2026/09/22
東京ヤクルトスワローズ,吉村 貢司郎,投手,福岡ソフトバンクホークス,,0,0,0,0,0,0,0,0,0,0,0,0,0,0,2026/09/22
東京ヤクルトスワローズ,吉村 貢司郎,投手,北海道日本ハムファイターズ,,0,0,0,0,0,0,0,0,0,0,0,0,0,0,2026/09/22
東京ヤクルトスワローズ,星 知弥,投手,オリックス・バファローズ,,0,0,0,0,0,0,0,0,0,0,0,0,0,0,2026/09/22
東京ヤクルトスワローズ,星 知弥,投手,横浜DeNAベイスターズ,,0,0,0,0,0,0,0,0,0,0,0,0,0,0,2026/09/22
東京ヤクルトスワローズ,星 知弥,投手,広島東洋カープ,,0,0,0,0,0,0,0,0,0,0,0,0,0,0,2026/09/22
東京ヤクルトスワローズ,星 知弥,投手,阪神タイガース,,0,0,0,0,0,0,0,0,0,0,0,0,0,0,2026/09/22
東京ヤクルトスワローズ,星 知弥,投手,埼玉西武ライオンズ,,0,0,0,0,0,0,0,0,0,0,0,0,0,0,2026/09/22
東京ヤクルトスワローズ,星 知弥,投手,千葉ロッテマリーンズ,,0,0,0,0,0,0,0,0,0,0,0,0,0,0,2026/09/22
東京ヤクルトスワローズ,星 知弥,投手,中日ドラゴンズ,,0,0,0,0,0,0,0,0,0,0,0,0,0,0,2026/09/22
東京ヤクルトスワローズ,星 知弥,投手,東北楽天ゴールデンイーグルス,,0,0,0,0,0,0,0,0,0,0,0,0,0,0,2026/09/22
東京ヤクルトスワローズ,星 知弥,投手,読売ジャイアンツ,,0,0,0,0,0,0,0,0,0,0,0,0,0,0,2026/09/22
東京ヤクルトスワローズ,星 知弥,投手,福岡ソフトバンクホークス,,0,0,0,0,0,0,0,0,0,0,0,0,0,0,2026/09/22
東京ヤクルトスワローズ,星 知弥,投手,北海道日本ハムファイターズ,,0,0,0,0,0,0,0,0,0,0,0,0,0,0,2026/09/22
東京ヤクルトスワローズ,山野 太一,投手,オリックス・バファローズ,,0,0,0,0,0,0,0,0,0,0,0,0,0,0,2026/09/22
東京ヤクルトスワローズ,山野 太一,投手,横浜DeNAベイスターズ,0.125,8,8,1,1,0,0,0,1,3,0,0,0,0,3,2026/09/22
東京ヤクルトスワローズ,山野 太一,投手,広島東洋カープ,0.111,12,9,1,1,0,0,0,1,3,0,2,1,0,3,2026/09/22
東京ヤクルトスワローズ,山野 太一,投手,阪神タイガース,0.111,11,9,1,1,0,0,0,0,6,1,1,0,0,5,2026/09/22
東京ヤクルトスワローズ,山野 太一,投手,埼玉西武ライオンズ,,0,0,0,0,0,0,0,0,0,0,0,0,0,0,2026/09/22
東京ヤクルトスワローズ,山野 太一,投手,千葉ロッテマリーンズ,,0,0,0,0,0,0,0,0,0,0,0,0,0,0,2026/09/22
東京ヤクルトスワローズ,山野 太一,投手,中日ドラゴンズ,0.167,6,6,1,1,0,0,0,1,3,0,0,0,0,3,2026/09/22
東京ヤクルトスワローズ,山野 太一,投手,東北楽天ゴールデンイーグルス,,0,0,0,0,0,0,0,0,0,0,0,0,0,0,2026/09/22
東京ヤクルトスワローズ,山野 太一,投手,読売ジャイアンツ,0.143,15,14,2,2,0,0,0,0,6,1,0,0,0,6,2026/09/22
東京ヤクルトスワローズ,山野 太一,投手,福岡ソフトバンクホークス,,0,0,0,0,0,0,0,0,0,0,0,0,0,0,2026/09/22
東京ヤクルトスワローズ,山野 太一,投手,北海道日本ハムファイターズ,0.000,3,3,0,0,0,0,0,0,2,0,0,0,0,1,2026/09/22
東京ヤクルトスワローズ,松本 健吾,投手,オリックス・バファローズ,,0,0,0,0,0,0,0,0,0,0,0,0,0,0,2026/09/22
東京ヤクルトスワローズ,松本 健吾,投手,横浜DeNAベイスターズ,0.222,9,9,2,2,0,0,0,0,5,0,0,0,0,5,2026/09/22
東京ヤクルトスワローズ,松本 健吾,投手,広島東洋カープ,0.167,6,6,1,1,0,0,0,2,2,0,0,0,0,3,2026/09/22
東京ヤクルトスワローズ,松本 健吾,投手,阪神タイガース,0.000,3,3,0,0,0,0,0,0,3,0,0,0,0,2,2026/09/22
東京ヤクルトスワローズ,松本 健吾,投手,埼玉西武ライオンズ,0.000,2,2,0,0,0,0,0,0,2,0,0,0,0,1,2026/09/22
東京ヤクルトスワローズ,松本 健吾,投手,千葉ロッテマリーンズ,0.000,1,1,0,0,0,0,0,0,1,0,0,0,0,1,2026/09/22
東京ヤクルトスワローズ,松本 健吾,投手,中日ドラゴンズ,0.000,6,6,0,0,0,0,0,0,5,0,0,0,0,3,2026/09/22
東京ヤクルトスワローズ,松本 健吾,投手,東北楽天ゴールデンイーグルス,,0,0,0,0,0,0,0,0,0,0,0,0,0,0,2026/09/22
東京ヤクルトスワローズ,松本 健吾,投手,読売ジャイアンツ,0.000,3,3,0,0,0,0,0,0,3,0,0,0,0,2,2026/09/22
東京ヤクルトスワローズ,松本 健吾,投手,福岡ソフトバンクホークス,,0,0,0,0,0,0,0,0,0,0,0,0,0,0,2026/09/22
東京ヤクルトスワローズ,松本 健吾,投手,北海道日本ハムファイターズ,,0,0,0,0,0,0,0,0,0,0,0,0,0,0,2026/09/22
東京ヤクルトスワローズ,小川 泰弘,投手,オリックス・バファローズ,,0,0,0,0,0,0,0,0,0,0,0,0,0,0,2026/09/22
東京ヤクルトスワローズ,小川 泰弘,投手,横浜DeNAベイスターズ,0.500,2,2,1,1,0,0,0,0,1,0,0,0,0,2,2026/09/22
東京ヤクルトスワローズ,小川 泰弘,投手,広島東洋カープ,0.500,4,4,2,2,0,0,0,1,0,0,0,0,0,2,2026/09/22
東京ヤクルトスワローズ,小川 泰弘,投手,阪神タイガース,0.000,2,2,0,0,0,0,0,0,2,0,0,0,0,1,2026/09/22
東京ヤクルトスワローズ,小川 泰弘,投手,埼玉西武ライオンズ,0.000,2,2,0,0,0,0,0,0,1,0,0,0,0,1,2026/09/22
東京ヤクルトスワローズ,小川 泰弘,投手,千葉ロッテマリーンズ,0.000,1,1,0,0,0,0,0,0,1,0,0,0,0,1,2026/09/22
東京ヤクルトスワローズ,小川 泰弘,投手,中日ドラゴンズ,0.000,2,2,0,0,0,0,0,0,1,0,0,0,0,1,2026/09/22
東京ヤクルトスワローズ,小川 泰弘,投手,東北楽天ゴールデンイーグルス,,0,0,0,0,0,0,0,0,0,0,0,0,0,0,2026/09/22
東京ヤクルトスワローズ,小川 泰弘,投手,読売ジャイアンツ,,0,0,0,0,0,0,0,0,0,0,0,0,0,0,2026/09/22
東京ヤクルトスワローズ,小川 泰弘,投手,福岡ソフトバンクホークス,,0,0,0,0,0,0,0,0,0,0,0,0,0,0,2026/09/22
東京ヤクルトスワローズ,小川 泰弘,投手,北海道日本ハムファイターズ,,0,0,0,0,0,0,0,0,0,0,0,0,0,0,2026/09/22
東京ヤクルトスワローズ,荘司 宏太,投手,オリックス・バファローズ,,0,0,0,0,0,0,0,0,0,0,0,0,0,0,2026/09/22
東京ヤクルトスワローズ,荘司 宏太,投手,横浜DeNAベイスターズ,,0,0,0,0,0,0,0,0,0,0,0,0,0,0,2026/09/22
東京ヤクルトスワローズ,荘司 宏太,投手,広島東洋カープ,,0,0,0,0,0,0,0,0,0,0,0,0,0,0,2026/09/22
東京ヤクルトスワローズ,荘司 宏太,投手,阪神タイガース,,0,0,0,0,0,0,0,0,0,0,0,0,0,0,2026/09/22
東京ヤクルトスワローズ,荘司 宏太,投手,埼玉西武ライオンズ,,0,0,0,0,0,0,0,0,0,0,0,0,0,0,2026/09/22
東京ヤクルトスワローズ,荘司 宏太,投手,千葉ロッテマリーンズ,,0,0,0,0,0,0,0,0,0,0,0,0,0,0,2026/09/22
東京ヤクルトスワローズ,荘司 宏太,投手,中日ドラゴンズ,,0,0,0,0,0,0,0,0,0,0,0,0,0,0,2026/09/22
東京ヤクルトスワローズ,荘司 宏太,投手,東北楽天ゴールデンイーグルス,,0,0,0,0,0,0,0,0,0,0,0,0,0,0,2026/09/22
東京ヤクルトスワローズ,荘司 宏太,投手,読売ジャイアンツ,,0,0,0,0,0,0,0,0,0,0,0,0,0,0,2026/09/22
東京ヤクルトスワローズ,荘司 宏太,投手,福岡ソフトバンクホークス,,0,0,0,0,0,0,0,0,0,0,0,0,0,0,2026/09/22
東京ヤクルトスワローズ,荘司 宏太,投手,北海道日本ハムファイターズ,,0,0,0,0,0,0,0,0,0,0,0,0,0,0,2026/09/22
東京ヤクルトスワローズ,山崎 太陽,投手,オリックス・バファローズ,,0,0,0,0,0,0,0,0,0,0,0,0,0,0,2026/09/22
東京ヤクルトスワローズ,山崎 太陽,投手,横浜DeNAベイスターズ,,0,0,0,0,0,0,0,0,0,0,0,0,0,0,2026/09/22
東京ヤクルトスワローズ,山崎 太陽,投手,広島東洋カープ,,0,0,0,0,0,0,0,0,0,0,0,0,0,0,2026/09/22
東京ヤクルトスワローズ,山崎 太陽,投手,阪神タイガース,,0,0,0,0,0,0,0,0,0,0,0,0,0,0,2026/09/22
東京ヤクルトスワローズ,山崎 太陽,投手,埼玉西武ライオンズ,,0,0,0,0,0,0,0,0,0,0,0,0,0,0,2026/09/22
東京ヤクルトスワローズ,山崎 太陽,投手,千葉ロッテマリーンズ,,0,0,0,0,0,0,0,0,0,0,0,0,0,0,2026/09/22
東京ヤクルトスワローズ,山崎 太陽,投手,中日ドラゴンズ,,0,0,0,0,0,0,0,0,0,0,0,0,0,0,2026/09/22
東京ヤクルトスワローズ,山崎 太陽,投手,東北楽天ゴールデンイーグルス,,0,0,0,0,0,0,0,0,0,0,0,0,0,0,2026/09/22
東京ヤクルトスワローズ,山崎 太陽,投手,読売ジャイアンツ,,0,0,0,0,0,0,0,0,0,0,0,0,0,0,2026/09/22
東京ヤクルトスワローズ,山崎 太陽,投手,福岡ソフトバンクホークス,,0,0,0,0,0,0,0,0,0,0,0,0,0,0,2026/09/22
東京ヤクルトスワローズ,山崎 太陽,投手,北海道日本ハムファイターズ,,0,0,0,0,0,0,0,0,0,0,0,0,0,0,2026/09/22
東京ヤクルトスワローズ,田口 麗斗,投手,オリックス・バファローズ,,0,0,0,0,0,0,0,0,0,0,0,0,0,0,2026/09/22
東京ヤクルトスワローズ,田口 麗斗,投手,横浜DeNAベイスターズ,,0,0,0,0,0,0,0,0,0,0,0,0,0,0,2026/09/22
東京ヤクルトスワローズ,田口 麗斗,投手,広島東洋カープ,,0,0,0,0,0,0,0,0,0,0,0,0,0,0,2026/09/22
東京ヤクルトスワローズ,田口 麗斗,投手,阪神タイガース,,0,0,0,0,0,0,0,0,0,0,0,0,0,0,2026/09/22
東京ヤクルトスワローズ,田口 麗斗,投手,埼玉西武ライオンズ,,0,0,0,0,0,0,0,0,0,0,0,0,0,0,2026/09/22
東京ヤクルトスワローズ,田口 麗斗,投手,千葉ロッテマリーンズ,,0,0,0,0,0,0,0,0,0,0,0,0,0,0,2026/09/22
東京ヤクルトスワローズ,田口 麗斗,投手,中日ドラゴンズ,,0,0,0,0,0,0,0,0,0,0,0,0,0,0,2026/09/22
東京ヤクルトスワローズ,田口 麗斗,投手,東北楽天ゴールデンイーグルス,,0,0,0,0,0,0,0,0,0,0,0,0,0,0,2026/09/22
東京ヤクルトスワローズ,田口 麗斗,投手,読売ジャイアンツ,,0,0,0,0,0,0,0,0,0,0,0,0,0,0,2026/09/22
東京ヤクルトスワローズ,田口 麗斗,投手,福岡ソフトバンクホークス,,0,0,0,0,0,0,0,0,0,0,0,0,0,0,2026/09/22
東京ヤクルトスワローズ,田口 麗斗,投手,北海道日本ハムファイターズ,,0,0,0,0,0,0,0,0,0,0,0,0,0,0,2026/09/22
東京ヤクルトスワローズ,石原 勇輝,投手,オリックス・バファローズ,,0,0,0,0,0,0,0,0,0,0,0,0,0,0,2026/09/22
東京ヤクルトスワローズ,石原 勇輝,投手,横浜DeNAベイスターズ,,0,0,0,0,0,0,0,0,0,0,0,0,0,0,2026/09/22
東京ヤクルトスワローズ,石原 勇輝,投手,広島東洋カープ,0.000,1,1,0,0,0,0,0,0,1,0,0,0,0,1,2026/09/22
東京ヤクルトスワローズ,石原 勇輝,投手,阪神タイガース,,0,0,0,0,0,0,0,0,0,0,0,0,0,0,2026/09/22
東京ヤクルトスワローズ,石原 勇輝,投手,埼玉西武ライオンズ,,0,0,0,0,0,0,0,0,0,0,0,0,0,0,2026/09/22
東京ヤクルトスワローズ,石原 勇輝,投手,千葉ロッテマリーンズ,,0,0,0,0,0,0,0,0,0,0,0,0,0,0,2026/09/22
東京ヤクルトスワローズ,石原 勇輝,投手,中日ドラゴンズ,,0,0,0,0,0,0,0,0,0,0,0,0,0,0,2026/09/22
東京ヤクルトスワローズ,石原 勇輝,投手,東北楽天ゴールデンイーグルス,,0,0,0,0,0,0,0,0,0,0,0,0,0,0,2026/09/22
東京ヤクルトスワローズ,石原 勇輝,投手,読売ジャイアンツ,,0,0,0,0,0,0,0,0,0,0,0,0,0,0,2026/09/22
東京ヤクルトスワローズ,石原 勇輝,投手,福岡ソフトバンクホークス,,0,0,0,0,0,0,0,0,0,0,0,0,0,0,2026/09/22
東京ヤクルトスワローズ,石原 勇輝,投手,北海道日本ハムファイターズ,,0,0,0,0,0,0,0,0,0,0,0,0,0,0,2026/09/22
東京ヤクルトスワローズ,高梨 裕稔,投手,オリックス・バファローズ,,0,0,0,0,0,0,0,0,0,0,0,0,0,0,2026/09/22
東京ヤクルトスワローズ,高梨 裕稔,投手,横浜DeNAベイスターズ,0.286,8,7,2,1,1,0,0,2,3,0,1,0,0,3,2026/09/22
東京ヤクルトスワローズ,高梨 裕稔,投手,広島東洋カープ,0.200,5,5,1,1,0,0,0,1,3,0,0,0,0,2,2026/09/22
東京ヤクルトスワローズ,高梨 裕稔,投手,阪神タイガース,0.000,2,2,0,0,0,0,0,0,1,0,0,0,0,1,2026/09/22
東京ヤクルトスワローズ,高梨 裕稔,投手,埼玉西武ライオンズ,,0,0,0,0,0,0,0,0,0,0,0,0,0,0,2026/09/22
東京ヤクルトスワローズ,高梨 裕稔,投手,千葉ロッテマリーンズ,,0,0,0,0,0,0,0,0,0,0,0,0,0,0,2026/09/22
東京ヤクルトスワローズ,高梨 裕稔,投手,中日ドラゴンズ,0.167,7,6,1,1,0,0,0,0,5,0,1,0,0,4,2026/09/22
東京ヤクルトスワローズ,高梨 裕稔,投手,東北楽天ゴールデンイーグルス,,0,0,0,0,0,0,0,0,0,0,0,0,0,0,2026/09/22
東京ヤクルトスワローズ,高梨 裕稔,投手,読売ジャイアンツ,0.000,3,3,0,0,0,0,0,0,3,0,0,0,0,1,2026/09/22
東京ヤクルトスワローズ,高梨 裕稔,投手,福岡ソフトバンクホークス,,0,0,0,0,0,0,0,0,0,0,0,0,0,0,2026/09/22
東京ヤクルトスワローズ,高梨 裕稔,投手,北海道日本ハムファイターズ,0.000,1,1,0,0,0,0,0,0,1,0,0,0,0,1,2026/09/22
東京ヤクルトスワローズ,拓也,投手,オリックス・バファローズ,,0,0,0,0,0,0,0,0,0,0,0,0,0,0,2026/09/22
東京ヤクルトスワローズ,拓也,投手,横浜DeNAベイスターズ,,0,0,0,0,0,0,0,0,0,0,0,0,0,0,2026/09/22
東京ヤクルトスワローズ,拓也,投手,広島東洋カープ,,0,0,0,0,0,0,0,0,0,0,0,0,0,0,2026/09/22
東京ヤクルトスワローズ,拓也,投手,阪神タイガース,,0,0,0,0,0,0,0,0,0,0,0,0,0,0,2026/09/22
東京ヤクルトスワローズ,拓也,投手,埼玉西武ライオンズ,,0,0,0,0,0,0,0,0,0,0,0,0,0,0,2026/09/22
東京ヤクルトスワローズ,拓也,投手,千葉ロッテマリーンズ,,0,0,0,0,0,0,0,0,0,0,0,0,0,0,2026/09/22
東京ヤクルトスワローズ,拓也,投手,中日ドラゴンズ,,0,0,0,0,0,0,0,0,0,0,0,0,0,0,2026/09/22
東京ヤクルトスワローズ,拓也,投手,東北楽天ゴールデンイーグルス,,0,0,0,0,0,0,0,0,0,0,0,0,0,0,2026/09/22
東京ヤクルトスワローズ,拓也,投手,読売ジャイアンツ,,0,0,0,0,0,0,0,0,0,0,0,0,0,0,2026/09/22
東京ヤクルトスワローズ,拓也,投手,福岡ソフトバンクホークス,,0,0,0,0,0,0,0,0,0,0,0,0,0,0,2026/09/22
東京ヤクルトスワローズ,拓也,投手,北海道日本ハムファイターズ,,0,0,0,0,0,0,0,0,0,0,0,0,0,0,2026/09/22
東京ヤクルトスワローズ,増居 翔太,投手,オリックス・バファローズ,,0,0,0,0,0,0,0,0,0,0,0,0,0,0,2026/09/22
東京ヤクルトスワローズ,増居 翔太,投手,横浜DeNAベイスターズ,0.000,3,2,0,0,0,0,0,0,0,1,0,0,0,1,2026/09/22
東京ヤクルトスワローズ,増居 翔太,投手,広島東洋カープ,0.000,1,1,0,0,0,0,0,0,0,0,0,0,0,1,2026/09/22
東京ヤクルトスワローズ,増居 翔太,投手,阪神タイガース,0.000,1,1,0,0,0,0,0,0,1,0,0,0,0,1,2026/09/22
東京ヤクルトスワローズ,増居 翔太,投手,埼玉西武ライオンズ,,0,0,0,0,0,0,0,0,0,0,0,0,0,0,2026/09/22
東京ヤクルトスワローズ,増居 翔太,投手,千葉ロッテマリーンズ,,0,0,0,0,0,0,0,0,0,0,0,0,0,0,2026/09/22
東京ヤクルトスワローズ,増居 翔太,投手,中日ドラゴンズ,0.250,5,4,1,0,1,0,0,0,1,0,1,0,0,2,2026/09/22
東京ヤクルトスワローズ,増居 翔太,投手,東北楽天ゴールデンイーグルス,,0,0,0,0,0,0,0,0,0,0,0,0,0,0,2026/09/22
東京ヤクルトスワローズ,増居 翔太,投手,読売ジャイアンツ,0.000,3,2,0,0,0,0,0,0,1,0,1,0,0,2,2026/09/22
東京ヤクルトスワローズ,増居 翔太,投手,福岡ソフトバンクホークス,,0,0,0,0,0,0,0,0,0,0,0,0,0,0,2026/09/22
東京ヤクルトスワローズ,増居 翔太,投手,北海道日本ハムファイターズ,,0,0,0,0,0,0,0,0,0,0,0,0,0,0,2026/09/22
東京ヤクルトスワローズ,大西 広樹,投手,オリックス・バファローズ,,0,0,0,0,0,0,0,0,0,0,0,0,0,0,2026/09/22
東京ヤクルトスワローズ,大西 広樹,投手,横浜DeNAベイスターズ,,0,0,0,0,0,0,0,0,0,0,0,0,0,0,2026/09/22
東京ヤクルトスワローズ,大西 広樹,投手,広島東洋カープ,,0,0,0,0,0,0,0,0,0,0,0,0,0,0,2026/09/22
東京ヤクルトスワローズ,大西 広樹,投手,阪神タイガース,,0,0,0,0,0,0,0,0,0,0,0,0,0,0,2026/09/22
東京ヤクルトスワローズ,大西 広樹,投手,埼玉西武ライオンズ,,0,0,0,0,0,0,0,0,0,0,0,0,0,0,2026/09/22
東京ヤクルトスワローズ,大西 広樹,投手,千葉ロッテマリーンズ,,0,0,0,0,0,0,0,0,0,0,0,0,0,0,2026/09/22
東京ヤクルトスワローズ,大西 広樹,投手,中日ドラゴンズ,,0,0,0,0,0,0,0,0,0,0,0,0,0,0,2026/09/22
東京ヤクルトスワローズ,大西 広樹,投手,東北楽天ゴールデンイーグルス,,0,0,0,0,0,0,0,0,0,0,0,0,0,0,2026/09/22
東京ヤクルトスワローズ,大西 広樹,投手,読売ジャイアンツ,,0,0,0,0,0,0,0,0,0,0,0,0,0,0,2026/09/22
東京ヤクルトスワローズ,大西 広樹,投手,福岡ソフトバンクホークス,,0,0,0,0,0,0,0,0,0,0,0,0,0,0,2026/09/22
東京ヤクルトスワローズ,大西 広樹,投手,北海道日本ハムファイターズ,,0,0,0,0,0,0,0,0,0,0,0,0,0,0,2026/09/22
東京ヤクルトスワローズ,小澤 怜史,投手,オリックス・バファローズ,,0,0,0,0,0,0,0,0,0,0,0,0,0,0,2026/09/22
東京ヤクルトスワローズ,小澤 怜史,投手,横浜DeNAベイスターズ,,0,0,0,0,0,0,0,0,0,0,0,0,0,0,2026/09/22
東京ヤクルトスワローズ,小澤 怜史,投手,広島東洋カープ,,0,0,0,0,0,0,0,0,0,0,0,0,0,0,2026/09/22
東京ヤクルトスワローズ,小澤 怜史,投手,阪神タイガース,0.000,1,1,0,0,0,0,0,0,0,0,0,0,0,1,2026/09/22
東京ヤクルトスワローズ,小澤 怜史,投手,埼玉西武ライオンズ,,0,0,0,0,0,0,0,0,0,0,0,0,0,0,2026/09/22
東京ヤクルトスワローズ,小澤 怜史,投手,千葉ロッテマリーンズ,,0,0,0,0,0,0,0,0,0,0,0,0,0,0,2026/09/22
東京ヤクルトスワローズ,小澤 怜史,投手,中日ドラゴンズ,,0,0,0,0,0,0,0,0,0,0,0,0,0,0,2026/09/22
東京ヤクルトスワローズ,小澤 怜史,投手,東北楽天ゴールデンイーグルス,,0,0,0,0,0,0,0,0,0,0,0,0,0,0,2026/09/22
東京ヤクルトスワローズ,小澤 怜史,投手,読売ジャイアンツ,,0,0,0,0,0,0,0,0,0,0,0,0,0,0,2026/09/22
東京ヤクルトスワローズ,小澤 怜史,投手,福岡ソフトバンクホークス,,0,0,0,0,0,0,0,0,0,0,0,0,0,0,2026/09/22
東京ヤクルトスワローズ,小澤 怜史,投手,北海道日本ハムファイターズ,,0,0,0,0,0,0,0,0,0,0,0,0,0,0,2026/09/22
東京ヤクルトスワローズ,大道 温貴,投手,オリックス・バファローズ,,0,0,0,0,0,0,0,0,0,0,0,0,0,0,2026/09/22
東京ヤクルトスワローズ,大道 温貴,投手,横浜DeNAベイスターズ,,0,0,0,0,0,0,0,0,0,0,0,0,0,0,2026/09/22
東京ヤクルトスワローズ,大道 温貴,投手,広島東洋カープ,,0,0,0,0,0,0,0,0,0,0,0,0,0,0,2026/09/22
東京ヤクルトスワローズ,大道 温貴,投手,阪神タイガース,,0,0,0,0,0,0,0,0,0,0,0,0,0,0,2026/09/22
東京ヤクルトスワローズ,大道 温貴,投手,埼玉西武ライオンズ,,0,0,0,0,0,0,0,0,0,0,0,0,0,0,2026/09/22
東京ヤクルトスワローズ,大道 温貴,投手,千葉ロッテマリーンズ,,0,0,0,0,0,0,0,0,0,0,0,0,0,0,2026/09/22
東京ヤクルトスワローズ,大道 温貴,投手,中日ドラゴンズ,,0,0,0,0,0,0,0,0,0,0,0,0,0,0,2026/09/22
東京ヤクルトスワローズ,大道 温貴,投手,東北楽天ゴールデンイーグルス,,0,0,0,0,0,0,0,0,0,0,0,0,0,0,2026/09/22
東京ヤクルトスワローズ,大道 温貴,投手,読売ジャイアンツ,,0,0,0,0,0,0,0,0,0,0,0,0,0,0,2026/09/22
東京ヤクルトスワローズ,大道 温貴,投手,福岡ソフトバンクホークス,,0,0,0,0,0,0,0,0,0,0,0,0,0,0,2026/09/22
東京ヤクルトスワローズ,大道 温貴,投手,北海道日本ハムファイターズ,,0,0,0,0,0,0,0,0,0,0,0,0,0,0,2026/09/22
東京ヤクルトスワローズ,高橋 奎二,投手,オリックス・バファローズ,,0,0,0,0,0,0,0,0,0,0,0,0,0,0,2026/09/22
東京ヤクルトスワローズ,高橋 奎二,投手,横浜DeNAベイスターズ,0.000,3,3,0,0,0,0,0,0,2,0,0,0,0,2,2026/09/22
東京ヤクルトスワローズ,高橋 奎二,投手,広島東洋カープ,0.143,7,7,1,1,0,0,0,0,2,0,0,0,0,4,2026/09/22
東京ヤクルトスワローズ,高橋 奎二,投手,阪神タイガース,0.143,7,7,1,0,1,0,0,1,2,0,0,0,0,3,2026/09/22
東京ヤクルトスワローズ,高橋 奎二,投手,埼玉西武ライオンズ,0.000,2,2,0,0,0,0,0,0,0,0,0,0,0,1,2026/09/22
東京ヤクルトスワローズ,高橋 奎二,投手,千葉ロッテマリーンズ,0.000,4,3,0,0,0,0,0,0,1,0,1,0,0,1,2026/09/22
東京ヤクルトスワローズ,高橋 奎二,投手,中日ドラゴンズ,0.000,1,1,0,0,0,0,0,0,0,0,0,0,0,1,2026/09/22
東京ヤクルトスワローズ,高橋 奎二,投手,東北楽天ゴールデンイーグルス,,0,0,0,0,0,0,0,0,0,0,0,0,0,0,2026/09/22
東京ヤクルトスワローズ,高橋 奎二,投手,読売ジャイアンツ,0.000,4,4,0,0,0,0,0,0,3,0,0,0,0,3,2026/09/22
東京ヤクルトスワローズ,高橋 奎二,投手,福岡ソフトバンクホークス,,0,0,0,0,0,0,0,0,0,0,0,0,0,0,2026/09/22
東京ヤクルトスワローズ,高橋 奎二,投手,北海道日本ハムファイターズ,,0,0,0,0,0,0,0,0,0,0,0,0,0,0,2026/09/22
東京ヤクルトスワローズ,鈴木 蓮吾,投手,オリックス・バファローズ,,0,0,0,0,0,0,0,0,0,0,0,0,0,0,2026/09/22
東京ヤクルトスワローズ,鈴木 蓮吾,投手,横浜DeNAベイスターズ,,0,0,0,0,0,0,0,0,0,0,0,0,0,0,2026/09/22
東京ヤクルトスワローズ,鈴木 蓮吾,投手,広島東洋カープ,,0,0,0,0,0,0,0,0,0,0,0,0,0,0,2026/09/22
東京ヤクルトスワローズ,鈴木 蓮吾,投手,阪神タイガース,,0,0,0,0,0,0,0,0,0,0,0,0,0,0,2026/09/22
東京ヤクルトスワローズ,鈴木 蓮吾,投手,埼玉西武ライオンズ,,0,0,0,0,0,0,0,0,0,0,0,0,0,0,2026/09/22
東京ヤクルトスワローズ,鈴木 蓮吾,投手,千葉ロッテマリーンズ,,0,0,0,0,0,0,0,0,0,0,0,0,0,0,2026/09/22
東京ヤクルトスワローズ,鈴木 蓮吾,投手,中日ドラゴンズ,,0,0,0,0,0,0,0,0,0,0,0,0,0,0,2026/09/22
東京ヤクルトスワローズ,鈴木 蓮吾,投手,東北楽天ゴールデンイーグルス,,0,0,0,0,0,0,0,0,0,0,0,0,0,0,2026/09/22
東京ヤクルトスワローズ,鈴木 蓮吾,投手,読売ジャイアンツ,,0,0,0,0,0,0,0,0,0,0,0,0,0,0,2026/09/22
東京ヤクルトスワローズ,鈴木 蓮吾,投手,福岡ソフトバンクホークス,,0,0,0,0,0,0,0,0,0,0,0,0,0,0,2026/09/22
東京ヤクルトスワローズ,鈴木 蓮吾,投手,北海道日本ハムファイターズ,,0,0,0,0,0,0,0,0,0,0,0,0,0,0,2026/09/22
東京ヤクルトスワローズ,長谷川 宙輝,投手,オリックス・バファローズ,,0,0,0,0,0,0,0,0,0,0,0,0,0,0,2026/09/22
東京ヤクルトスワローズ,長谷川 宙輝,投手,横浜DeNAベイスターズ,,0,0,0,0,0,0,0,0,0,0,0,0,0,0,2026/09/22
東京ヤクルトスワローズ,長谷川 宙輝,投手,広島東洋カープ,,0,0,0,0,0,0,0,0,0,0,0,0,0,0,2026/09/22
東京ヤクルトスワローズ,長谷川 宙輝,投手,阪神タイガース,,0,0,0,0,0,0,0,0,0,0,0,0,0,0,2026/09/22
東京ヤクルトスワローズ,長谷川 宙輝,投手,埼玉西武ライオンズ,,0,0,0,0,0,0,0,0,0,0,0,0,0,0,2026/09/22
東京ヤクルトスワローズ,長谷川 宙輝,投手,千葉ロッテマリーンズ,,0,0,0,0,0,0,0,0,0,0,0,0,0,0,2026/09/22
東京ヤクルトスワローズ,長谷川 宙輝,投手,中日ドラゴンズ,,0,0,0,0,0,0,0,0,0,0,0,0,0,0,2026/09/22
東京ヤクルトスワローズ,長谷川 宙輝,投手,東北楽天ゴールデンイーグルス,,0,0,0,0,0,0,0,0,0,0,0,0,0,0,2026/09/22
東京ヤクルトスワローズ,長谷川 宙輝,投手,読売ジャイアンツ,,0,0,0,0,0,0,0,0,0,0,0,0,0,0,2026/09/22
東京ヤクルトスワローズ,長谷川 宙輝,投手,福岡ソフトバンクホークス,,0,0,0,0,0,0,0,0,0,0,0,0,0,0,2026/09/22
東京ヤクルトスワローズ,長谷川 宙輝,投手,北海道日本ハムファイターズ,,0,0,0,0,0,0,0,0,0,0,0,0,0,0,2026/09/22
東京ヤクルトスワローズ,坂本 拓己,投手,オリックス・バファローズ,,0,0,0,0,0,0,0,0,0,0,0,0,0,0,2026/09/22
東京ヤクルトスワローズ,坂本 拓己,投手,横浜DeNAベイスターズ,,0,0,0,0,0,0,0,0,0,0,0,0,0,0,2026/09/22
東京ヤクルトスワローズ,坂本 拓己,投手,広島東洋カープ,,0,0,0,0,0,0,0,0,0,0,0,0,0,0,2026/09/22
東京ヤクルトスワローズ,坂本 拓己,投手,阪神タイガース,,0,0,0,0,0,0,0,0,0,0,0,0,0,0,2026/09/22
東京ヤクルトスワローズ,坂本 拓己,投手,埼玉西武ライオンズ,,0,0,0,0,0,0,0,0,0,0,0,0,0,0,2026/09/22
東京ヤクルトスワローズ,坂本 拓己,投手,千葉ロッテマリーンズ,,0,0,0,0,0,0,0,0,0,0,0,0,0,0,2026/09/22
東京ヤクルトスワローズ,坂本 拓己,投手,中日ドラゴンズ,,0,0,0,0,0,0,0,0,0,0,0,0,0,0,2026/09/22
東京ヤクルトスワローズ,坂本 拓己,投手,東北楽天ゴールデンイーグルス,,0,0,0,0,0,0,0,0,0,0,0,0,0,0,2026/09/22
東京ヤクルトスワローズ,坂本 拓己,投手,読売ジャイアンツ,,0,0,0,0,0,0,0,0,0,0,0,0,0,0,2026/09/22
東京ヤクルトスワローズ,坂本 拓己,投手,福岡ソフトバンクホークス,,0,0,0,0,0,0,0,0,0,0,0,0,0,0,2026/09/22
東京ヤクルトスワローズ,坂本 拓己,投手,北海道日本ハムファイターズ,,0,0,0,0,0,0,0,0,0,0,0,0,0,0,2026/09/22
東京ヤクルトスワローズ,ウォルターズ,投手,オリックス・バファローズ,,0,0,0,0,0,0,0,0,0,0,0,0,0,0,2026/09/22
東京ヤクルトスワローズ,ウォルターズ,投手,横浜DeNAベイスターズ,0.000,2,2,0,0,0,0,0,0,1,0,0,0,0,1,2026/09/22
東京ヤクルトスワローズ,ウォルターズ,投手,広島東洋カープ,0.000,4,3,0,0,0,0,0,0,2,0,1,0,0,1,2026/09/22
東京ヤクルトスワローズ,ウォルターズ,投手,阪神タイガース,0.000,1,1,0,0,0,0,0,0,0,0,0,0,0,1,2026/09/22
東京ヤクルトスワローズ,ウォルターズ,投手,埼玉西武ライオンズ,,0,0,0,0,0,0,0,0,0,0,0,0,0,0,2026/09/22
東京ヤクルトスワローズ,ウォルターズ,投手,千葉ロッテマリーンズ,,0,0,0,0,0,0,0,0,0,0,0,0,0,0,2026/09/22
東京ヤクルトスワローズ,ウォルターズ,投手,中日ドラゴンズ,0.000,1,1,0,0,0,0,0,0,0,0,0,0,0,1,2026/09/22
東京ヤクルトスワローズ,ウォルターズ,投手,東北楽天ゴールデンイーグルス,,0,0,0,0,0,0,0,0,0,0,0,0,0,0,2026/09/22
東京ヤクルトスワローズ,ウォルターズ,投手,読売ジャイアンツ,0.000,1,1,0,0,0,0,0,0,1,0,0,0,0,1,2026/09/22
東京ヤクルトスワローズ,ウォルターズ,投手,福岡ソフトバンクホークス,,0,0,0,0,0,0,0,0,0,0,0,0,0,0,2026/09/22
東京ヤクルトスワローズ,ウォルターズ,投手,北海道日本ハムファイターズ,,0,0,0,0,0,0,0,0,0,0,0,0,0,0,2026/09/22
東京ヤクルトスワローズ,飯田 琉斗,投手,オリックス・バファローズ,,0,0,0,0,0,0,0,0,0,0,0,0,0,0,2026/09/22
東京ヤクルトスワローズ,飯田 琉斗,投手,横浜DeNAベイスターズ,,0,0,0,0,0,0,0,0,0,0,0,0,0,0,2026/09/22
東京ヤクルトスワローズ,飯田 琉斗,投手,広島東洋カープ,,0,0,0,0,0,0,0,0,0,0,0,0,0,0,2026/09/22
東京ヤクルトスワローズ,飯田 琉斗,投手,阪神タイガース,,0,0,0,0,0,0,0,0,0,0,0,0,0,0,2026/09/22
東京ヤクルトスワローズ,飯田 琉斗,投手,埼玉西武ライオンズ,,0,0,0,0,0,0,0,0,0,0,0,0,0,0,2026/09/22
東京ヤクルトスワローズ,飯田 琉斗,投手,千葉ロッテマリーンズ,,0,0,0,0,0,0,0,0,0,0,0,0,0,0,2026/09/22
東京ヤクルトスワローズ,飯田 琉斗,投手,中日ドラゴンズ,,0,0,0,0,0,0,0,0,0,0,0,0,0,0,2026/09/22
東京ヤクルトスワローズ,飯田 琉斗,投手,東北楽天ゴールデンイーグルス,,0,0,0,0,0,0,0,0,0,0,0,0,0,0,2026/09/22
東京ヤクルトスワローズ,飯田 琉斗,投手,読売ジャイアンツ,,0,0,0,0,0,0,0,0,0,0,0,0,0,0,2026/09/22
東京ヤクルトスワローズ,飯田 琉斗,投手,福岡ソフトバンクホークス,,0,0,0,0,0,0,0,0,0,0,0,0,0,0,2026/09/22
東京ヤクルトスワローズ,飯田 琉斗,投手,北海道日本ハムファイターズ,,0,0,0,0,0,0,0,0,0,0,0,0,0,0,2026/09/22
東京ヤクルトスワローズ,リランソ,投手,オリックス・バファローズ,,0,0,0,0,0,0,0,0,0,0,0,0,0,0,2026/09/22
東京ヤクルトスワローズ,リランソ,投手,横浜DeNAベイスターズ,,0,0,0,0,0,0,0,0,0,0,0,0,0,0,2026/09/22
東京ヤクルトスワローズ,リランソ,投手,広島東洋カープ,,0,0,0,0,0,0,0,0,0,0,0,0,0,0,2026/09/22
東京ヤクルトスワローズ,リランソ,投手,阪神タイガース,,0,0,0,0,0,0,0,0,0,0,0,0,0,0,2026/09/22
東京ヤクルトスワローズ,リランソ,投手,埼玉西武ライオンズ,,0,0,0,0,0,0,0,0,0,0,0,0,0,0,2026/09/22
東京ヤクルトスワローズ,リランソ,投手,千葉ロッテマリーンズ,,0,0,0,0,0,0,0,0,0,0,0,0,0,0,2026/09/22
東京ヤクルトスワローズ,リランソ,投手,中日ドラゴンズ,,0,0,0,0,0,0,0,0,0,0,0,0,0,0,2026/09/22
東京ヤクルトスワローズ,リランソ,投手,東北楽天ゴールデンイーグルス,,0,0,0,0,0,0,0,0,0,0,0,0,0,0,2026/09/22
東京ヤクルトスワローズ,リランソ,投手,読売ジャイアンツ,,0,0,0,0,0,0,0,0,0,0,0,0,0,0,2026/09/22
東京ヤクルトスワローズ,リランソ,投手,福岡ソフトバンクホークス,,0,0,0,0,0,0,0,0,0,0,0,0,0,0,2026/09/22
東京ヤクルトスワローズ,リランソ,投手,北海道日本ハムファイターズ,,0,0,0,0,0,0,0,0,0,0,0,0,0,0,2026/09/22
東京ヤクルトスワローズ,阪口 皓亮,投手,オリックス・バファローズ,,0,0,0,0,0,0,0,0,0,0,0,0,0,0,2026/09/22
東京ヤクルトスワローズ,阪口 皓亮,投手,横浜DeNAベイスターズ,,0,0,0,0,0,0,0,0,0,0,0,0,0,0,2026/09/22
東京ヤクルトスワローズ,阪口 皓亮,投手,広島東洋カープ,,0,0,0,0,0,0,0,0,0,0,0,0,0,0,2026/09/22
東京ヤクルトスワローズ,阪口 皓亮,投手,阪神タイガース,,0,0,0,0,0,0,0,0,0,0,0,0,0,0,2026/09/22
東京ヤクルトスワローズ,阪口 皓亮,投手,埼玉西武ライオンズ,,0,0,0,0,0,0,0,0,0,0,0,0,0,0,2026/09/22
東京ヤクルトスワローズ,阪口 皓亮,投手,千葉ロッテマリーンズ,,0,0,0,0,0,0,0,0,0,0,0,0,0,0,2026/09/22
東京ヤクルトスワローズ,阪口 皓亮,投手,中日ドラゴンズ,,0,0,0,0,0,0,0,0,0,0,0,0,0,0,2026/09/22
東京ヤクルトスワローズ,阪口 皓亮,投手,東北楽天ゴールデンイーグルス,,0,0,0,0,0,0,0,0,0,0,0,0,0,0,2026/09/22
東京ヤクルトスワローズ,阪口 皓亮,投手,読売ジャイアンツ,,0,0,0,0,0,0,0,0,0,0,0,0,0,0,2026/09/22
東京ヤクルトスワローズ,阪口 皓亮,投手,福岡ソフトバンクホークス,,0,0,0,0,0,0,0,0,0,0,0,0,0,0,2026/09/22
東京ヤクルトスワローズ,阪口 皓亮,投手,北海道日本ハムファイターズ,,0,0,0,0,0,0,0,0,0,0,0,0,0,0,2026/09/22
東京ヤクルトスワローズ,丸山 翔大,投手,オリックス・バファローズ,,0,0,0,0,0,0,0,0,0,0,0,0,0,0,2026/09/22
東京ヤクルトスワローズ,丸山 翔大,投手,横浜DeNAベイスターズ,,0,0,0,0,0,0,0,0,0,0,0,0,0,0,2026/09/22
東京ヤクルトスワローズ,丸山 翔大,投手,広島東洋カープ,,0,0,0,0,0,0,0,0,0,0,0,0,0,0,2026/09/22
東京ヤクルトスワローズ,丸山 翔大,投手,阪神タイガース,0.000,1,1,0,0,0,0,0,0,1,0,0,0,0,1,2026/09/22
東京ヤクルトスワローズ,丸山 翔大,投手,埼玉西武ライオンズ,,0,0,0,0,0,0,0,0,0,0,0,0,0,0,2026/09/22
東京ヤクルトスワローズ,丸山 翔大,投手,千葉ロッテマリーンズ,,0,0,0,0,0,0,0,0,0,0,0,0,0,0,2026/09/22
東京ヤクルトスワローズ,丸山 翔大,投手,中日ドラゴンズ,,0,0,0,0,0,0,0,0,0,0,0,0,0,0,2026/09/22
東京ヤクルトスワローズ,丸山 翔大,投手,東北楽天ゴールデンイーグルス,,0,0,0,0,0,0,0,0,0,0,0,0,0,0,2026/09/22
東京ヤクルトスワローズ,丸山 翔大,投手,読売ジャイアンツ,,0,0,0,0,0,0,0,0,0,0,0,0,0,0,2026/09/22
東京ヤクルトスワローズ,丸山 翔大,投手,福岡ソフトバンクホークス,,0,0,0,0,0,0,0,0,0,0,0,0,0,0,2026/09/22
東京ヤクルトスワローズ,丸山 翔大,投手,北海道日本ハムファイターズ,,0,0,0,0,0,0,0,0,0,0,0,0,0,0,2026/09/22
東京ヤクルトスワローズ,下川 隼佑,投手,オリックス・バファローズ,,0,0,0,0,0,0,0,0,0,0,0,0,0,0,2026/09/22
東京ヤクルトスワローズ,下川 隼佑,投手,横浜DeNAベイスターズ,,0,0,0,0,0,0,0,0,0,0,0,0,0,0,2026/09/22
東京ヤクルトスワローズ,下川 隼佑,投手,広島東洋カープ,,0,0,0,0,0,0,0,0,0,0,0,0,0,0,2026/09/22
東京ヤクルトスワローズ,下川 隼佑,投手,阪神タイガース,,0,0,0,0,0,0,0,0,0,0,0,0,0,0,2026/09/22
東京ヤクルトスワローズ,下川 隼佑,投手,埼玉西武ライオンズ,,0,0,0,0,0,0,0,0,0,0,0,0,0,0,2026/09/22
東京ヤクルトスワローズ,下川 隼佑,投手,千葉ロッテマリーンズ,,0,0,0,0,0,0,0,0,0,0,0,0,0,0,2026/09/22
東京ヤクルトスワローズ,下川 隼佑,投手,中日ドラゴンズ,,0,0,0,0,0,0,0,0,0,0,0,0,0,0,2026/09/22
東京ヤクルトスワローズ,下川 隼佑,投手,東北楽天ゴールデンイーグルス,,0,0,0,0,0,0,0,0,0,0,0,0,0,0,2026/09/22
東京ヤクルトスワローズ,下川 隼佑,投手,読売ジャイアンツ,,0,0,0,0,0,0,0,0,0,0,0,0,0,0,2026/09/22
東京ヤクルトスワローズ,下川 隼佑,投手,福岡ソフトバンクホークス,,0,0,0,0,0,0,0,0,0,0,0,0,0,0,2026/09/22
東京ヤクルトスワローズ,下川 隼佑,投手,北海道日本ハムファイターズ,,0,0,0,0,0,0,0,0,0,0,0,0,0,0,2026/09/22
東京ヤクルトスワローズ,廣澤 優,投手,オリックス・バファローズ,,0,0,0,0,0,0,0,0,0,0,0,0,0,0,2026/09/22
東京ヤクルトスワローズ,廣澤 優,投手,横浜DeNAベイスターズ,,0,0,0,0,0,0,0,0,0,0,0,0,0,0,2026/09/22
東京ヤクルトスワローズ,廣澤 優,投手,広島東洋カープ,,0,0,0,0,0,0,0,0,0,0,0,0,0,0,2026/09/22
東京ヤクルトスワローズ,廣澤 優,投手,阪神タイガース,,0,0,0,0,0,0,0,0,0,0,0,0,0,0,2026/09/22
東京ヤクルトスワローズ,廣澤 優,投手,埼玉西武ライオンズ,,0,0,0,0,0,0,0,0,0,0,0,0,0,0,2026/09/22
東京ヤクルトスワローズ,廣澤 優,投手,千葉ロッテマリーンズ,,0,0,0,0,0,0,0,0,0,0,0,0,0,0,2026/09/22
東京ヤクルトスワローズ,廣澤 優,投手,中日ドラゴンズ,,0,0,0,0,0,0,0,0,0,0,0,0,0,0,2026/09/22
東京ヤクルトスワローズ,廣澤 優,投手,東北楽天ゴールデンイーグルス,,0,0,0,0,0,0,0,0,0,0,0,0,0,0,2026/09/22
東京ヤクルトスワローズ,廣澤 優,投手,読売ジャイアンツ,,0,0,0,0,0,0,0,0,0,0,0,0,0,0,2026/09/22
東京ヤクルトスワローズ,廣澤 優,投手,福岡ソフトバンクホークス,,0,0,0,0,0,0,0,0,0,0,0,0,0,0,2026/09/22
東京ヤクルトスワローズ,廣澤 優,投手,北海道日本ハムファイターズ,,0,0,0,0,0,0,0,0,0,0,0,0,0,0,2026/09/22
東京ヤクルトスワローズ,沼田 翔平,投手,オリックス・バファローズ,,0,0,0,0,0,0,0,0,0,0,0,0,0,0,2026/09/22
東京ヤクルトスワローズ,沼田 翔平,投手,横浜DeNAベイスターズ,,0,0,0,0,0,0,0,0,0,0,0,0,0,0,2026/09/22
東京ヤクルトスワローズ,沼田 翔平,投手,広島東洋カープ,,0,0,0,0,0,0,0,0,0,0,0,0,0,0,2026/09/22
東京ヤクルトスワローズ,沼田 翔平,投手,阪神タイガース,,0,0,0,0,0,0,0,0,0,0,0,0,0,0,2026/09/22
東京ヤクルトスワローズ,沼田 翔平,投手,埼玉西武ライオンズ,,0,0,0,0,0,0,0,0,0,0,0,0,0,0,2026/09/22
東京ヤクルトスワローズ,沼田 翔平,投手,千葉ロッテマリーンズ,,0,0,0,0,0,0,0,0,0,0,0,0,0,0,2026/09/22
東京ヤクルトスワローズ,沼田 翔平,投手,中日ドラゴンズ,,0,0,0,0,0,0,0,0,0,0,0,0,0,0,2026/09/22
東京ヤクルトスワローズ,沼田 翔平,投手,東北楽天ゴールデンイーグルス,,0,0,0,0,0,0,0,0,0,0,0,0,0,0,2026/09/22
東京ヤクルトスワローズ,沼田 翔平,投手,読売ジャイアンツ,,0,0,0,0,0,0,0,0,0,0,0,0,0,0,2026/09/22
東京ヤクルトスワローズ,沼田 翔平,投手,福岡ソフトバンクホークス,,0,0,0,0,0,0,0,0,0,0,0,0,0,0,2026/09/22
東京ヤクルトスワローズ,沼田 翔平,投手,北海道日本ハムファイターズ,,0,0,0,0,0,0,0,0,0,0,0,0,0,0,2026/09/22
東京ヤクルトスワローズ,青柳 晃洋,投手,オリックス・バファローズ,,0,0,0,0,0,0,0,0,0,0,0,0,0,0,2026/09/22
東京ヤクルトスワローズ,青柳 晃洋,投手,横浜DeNAベイスターズ,,0,0,0,0,0,0,0,0,0,0,0,0,0,0,2026/09/22
東京ヤクルトスワローズ,青柳 晃洋,投手,広島東洋カープ,,0,0,0,0,0,0,0,0,0,0,0,0,0,0,2026/09/22
東京ヤクルトスワローズ,青柳 晃洋,投手,阪神タイガース,,0,0,0,0,0,0,0,0,0,0,0,0,0,0,2026/09/22
東京ヤクルトスワローズ,青柳 晃洋,投手,埼玉西武ライオンズ,,0,0,0,0,0,0,0,0,0,0,0,0,0,0,2026/09/22
東京ヤクルトスワローズ,青柳 晃洋,投手,千葉ロッテマリーンズ,,0,0,0,0,0,0,0,0,0,0,0,0,0,0,2026/09/22
東京ヤクルトスワローズ,青柳 晃洋,投手,中日ドラゴンズ,,0,0,0,0,0,0,0,0,0,0,0,0,0,0,2026/09/22
東京ヤクルトスワローズ,青柳 晃洋,投手,東北楽天ゴールデンイーグルス,,0,0,0,0,0,0,0,0,0,0,0,0,0,0,2026/09/22
東京ヤクルトスワローズ,青柳 晃洋,投手,読売ジャイアンツ,,0,0,0,0,0,0,0,0,0,0,0,0,0,0,2026/09/22
東京ヤクルトスワローズ,青柳 晃洋,投手,福岡ソフトバンクホークス,,0,0,0,0,0,0,0,0,0,0,0,0,0,0,2026/09/22
東京ヤクルトスワローズ,青柳 晃洋,投手,北海道日本ハムファイターズ,,0,0,0,0,0,0,0,0,0,0,0,0,0,0,2026/09/22
東京ヤクルトスワローズ,古賀 優大,捕手,オリックス・バファローズ,0.167,6,6,1,1,0,0,0,0,0,0,0,0,0,2,2026/09/22
東京ヤクルトスワローズ,古賀 優大,捕手,横浜DeNAベイスターズ,0.276,61,58,16,15,1,0,0,6,5,2,0,0,1,16,2026/09/22
東京ヤクルトスワローズ,古賀 優大,捕手,広島東洋カープ,0.346,54,52,18,14,2,1,1,8,2,0,0,2,0,14,2026/09/22
東京ヤクルトスワローズ,古賀 優大,捕手,阪神タイガース,0.280,57,50,14,11,2,1,0,4,7,2,2,1,2,14,2026/09/22
東京ヤクルトスワローズ,古賀 優大,捕手,埼玉西武ライオンズ,0.000,9,7,0,0,0,0,0,0,2,1,0,0,1,3,2026/09/22
東京ヤクルトスワローズ,古賀 優大,捕手,千葉ロッテマリーンズ,0.000,3,3,0,0,0,0,0,0,1,0,0,0,0,1,2026/09/22
東京ヤクルトスワローズ,古賀 優大,捕手,中日ドラゴンズ,0.339,59,56,19,18,1,0,0,9,1,1,1,0,1,15,2026/09/22
東京ヤクルトスワローズ,古賀 優大,捕手,東北楽天ゴールデンイーグルス,0.333,9,9,3,3,0,0,0,2,1,0,0,0,0,2,2026/09/22
東京ヤクルトスワローズ,古賀 優大,捕手,読売ジャイアンツ,0.214,47,42,9,7,2,0,0,2,4,2,2,0,1,13,2026/09/22
東京ヤクルトスワローズ,古賀 優大,捕手,福岡ソフトバンクホークス,0.000,8,7,0,0,0,0,0,0,2,0,0,0,1,2,2026/09/22
東京ヤクルトスワローズ,古賀 優大,捕手,北海道日本ハムファイターズ,0.000,7,6,0,0,0,0,0,0,2,1,0,0,0,2,2026/09/22
東京ヤクルトスワローズ,中村 悠平,捕手,オリックス・バファローズ,0.000,2,2,0,0,0,0,0,0,0,0,0,0,0,1,2026/09/22
東京ヤクルトスワローズ,中村 悠平,捕手,横浜DeNAベイスターズ,0.000,8,8,0,0,0,0,0,0,1,0,0,0,0,3,2026/09/22
東京ヤクルトスワローズ,中村 悠平,捕手,広島東洋カープ,0.111,10,9,1,1,0,0,0,0,0,1,0,0,0,4,2026/09/22
東京ヤクルトスワローズ,中村 悠平,捕手,阪神タイガース,0.500,2,2,1,1,0,0,0,0,0,0,0,0,0,1,2026/09/22
東京ヤクルトスワローズ,中村 悠平,捕手,埼玉西武ライオンズ,0.167,7,6,1,0,1,0,0,0,0,0,1,0,0,2,2026/09/22
東京ヤクルトスワローズ,中村 悠平,捕手,千葉ロッテマリーンズ,0.600,6,5,3,3,0,0,0,0,0,1,0,0,0,2,2026/09/22
東京ヤクルトスワローズ,中村 悠平,捕手,中日ドラゴンズ,0.286,8,7,2,0,2,0,0,0,4,1,0,0,0,6,2026/09/22
東京ヤクルトスワローズ,中村 悠平,捕手,東北楽天ゴールデンイーグルス,,0,0,0,0,0,0,0,0,0,0,0,0,0,0,2026/09/22
東京ヤクルトスワローズ,中村 悠平,捕手,読売ジャイアンツ,0.188,17,16,3,1,2,0,0,1,0,1,0,0,0,8,2026/09/22
東京ヤクルトスワローズ,中村 悠平,捕手,福岡ソフトバンクホークス,0.000,7,5,0,0,0,0,0,0,0,0,1,0,1,2,2026/09/22
東京ヤクルトスワローズ,中村 悠平,捕手,北海道日本ハムファイターズ,,0,0,0,0,0,0,0,0,0,0,0,0,0,0,2026/09/22
東京ヤクルトスワローズ,松本 直樹,捕手,オリックス・バファローズ,0.000,1,1,0,0,0,0,0,0,0,0,0,0,0,1,2026/09/22
東京ヤクルトスワローズ,松本 直樹,捕手,横浜DeNAベイスターズ,0.500,2,2,1,0,1,0,0,0,1,0,0,0,0,1,2026/09/22
東京ヤクルトスワローズ,松本 直樹,捕手,広島東洋カープ,0.333,14,12,4,4,0,0,0,2,1,1,1,0,0,4,2026/09/22
東京ヤクルトスワローズ,松本 直樹,捕手,阪神タイガース,0.375,9,8,3,2,1,0,0,2,1,1,0,0,0,3,2026/09/22
東京ヤクルトスワローズ,松本 直樹,捕手,埼玉西武ライオンズ,,0,0,0,0,0,0,0,0,0,0,0,0,0,0,2026/09/22
東京ヤクルトスワローズ,松本 直樹,捕手,千葉ロッテマリーンズ,,0,0,0,0,0,0,0,0,0,0,0,0,0,0,2026/09/22
東京ヤクルトスワローズ,松本 直樹,捕手,中日ドラゴンズ,0.000,4,4,0,0,0,0,0,0,3,0,0,0,0,1,2026/09/22
東京ヤクルトスワローズ,松本 直樹,捕手,東北楽天ゴールデンイーグルス,,0,0,0,0,0,0,0,0,0,0,0,0,0,0,2026/09/22
東京ヤクルトスワローズ,松本 直樹,捕手,読売ジャイアンツ,0.000,6,5,0,0,0,0,0,0,1,1,0,0,0,2,2026/09/22
東京ヤクルトスワローズ,松本 直樹,捕手,福岡ソフトバンクホークス,,0,0,0,0,0,0,0,0,0,0,0,0,0,0,2026/09/22
東京ヤクルトスワローズ,松本 直樹,捕手,北海道日本ハムファイターズ,,0,0,0,0,0,0,0,0,0,0,0,0,0,0,2026/09/22
東京ヤクルトスワローズ,柿沼 友哉,捕手,オリックス・バファローズ,,0,0,0,0,0,0,0,0,0,0,0,0,0,0,2026/09/22
東京ヤクルトスワローズ,柿沼 友哉,捕手,横浜DeNAベイスターズ,,0,0,0,0,0,0,0,0,0,0,0,0,0,0,2026/09/22
東京ヤクルトスワローズ,柿沼 友哉,捕手,広島東洋カープ,,0,0,0,0,0,0,0,0,0,0,0,0,0,0,2026/09/22
東京ヤクルトスワローズ,柿沼 友哉,捕手,阪神タイガース,,0,0,0,0,0,0,0,0,0,0,0,0,0,0,2026/09/22
東京ヤクルトスワローズ,柿沼 友哉,捕手,埼玉西武ライオンズ,,0,0,0,0,0,0,0,0,0,0,0,0,0,0,2026/09/22
東京ヤクルトスワローズ,柿沼 友哉,捕手,千葉ロッテマリーンズ,,0,0,0,0,0,0,0,0,0,0,0,0,0,0,2026/09/22
東京ヤクルトスワローズ,柿沼 友哉,捕手,中日ドラゴンズ,,0,0,0,0,0,0,0,0,0,0,0,0,0,0,2026/09/22
東京ヤクルトスワローズ,柿沼 友哉,捕手,東北楽天ゴールデンイーグルス,,0,0,0,0,0,0,0,0,0,0,0,0,0,0,2026/09/22
東京ヤクルトスワローズ,柿沼 友哉,捕手,読売ジャイアンツ,,0,0,0,0,0,0,0,0,0,0,0,0,0,0,2026/09/22
東京ヤクルトスワローズ,柿沼 友哉,捕手,福岡ソフトバンクホークス,,0,0,0,0,0,0,0,0,0,0,0,0,0,0,2026/09/22
東京ヤクルトスワローズ,柿沼 友哉,捕手,北海道日本ハムファイターズ,,0,0,0,0,0,0,0,0,0,0,0,0,0,0,2026/09/22
東京ヤクルトスワローズ,橋本 星哉,捕手,オリックス・バファローズ,,0,0,0,0,0,0,0,0,0,0,0,0,0,0,2026/09/22
東京ヤクルトスワローズ,橋本 星哉,捕手,横浜DeNAベイスターズ,0.167,8,6,1,1,0,0,0,1,1,1,0,1,0,3,2026/09/22
東京ヤクルトスワローズ,橋本 星哉,捕手,広島東洋カープ,0.000,2,2,0,0,0,0,0,0,0,0,0,0,0,2,2026/09/22
東京ヤクルトスワローズ,橋本 星哉,捕手,阪神タイガース,,0,0,0,0,0,0,0,0,0,0,0,0,0,0,2026/09/22
東京ヤクルトスワローズ,橋本 星哉,捕手,埼玉西武ライオンズ,,0,0,0,0,0,0,0,0,0,0,0,0,0,0,2026/09/22
東京ヤクルトスワローズ,橋本 星哉,捕手,千葉ロッテマリーンズ,,0,0,0,0,0,0,0,0,0,0,0,0,0,0,2026/09/22
東京ヤクルトスワローズ,橋本 星哉,捕手,中日ドラゴンズ,0.333,3,3,1,0,1,0,0,0,1,0,0,0,0,3,2026/09/22
東京ヤクルトスワローズ,橋本 星哉,捕手,東北楽天ゴールデンイーグルス,,0,0,0,0,0,0,0,0,0,0,0,0,0,0,2026/09/22
東京ヤクルトスワローズ,橋本 星哉,捕手,読売ジャイアンツ,0.000,3,3,0,0,0,0,0,0,1,0,0,0,0,2,2026/09/22
東京ヤクルトスワローズ,橋本 星哉,捕手,福岡ソフトバンクホークス,,0,0,0,0,0,0,0,0,0,0,0,0,0,0,2026/09/22
東京ヤクルトスワローズ,橋本 星哉,捕手,北海道日本ハムファイターズ,,0,0,0,0,0,0,0,0,0,0,0,0,0,0,2026/09/22
東京ヤクルトスワローズ,矢野 泰二郎,捕手,オリックス・バファローズ,,0,0,0,0,0,0,0,0,0,0,0,0,0,0,2026/09/22
東京ヤクルトスワローズ,矢野 泰二郎,捕手,横浜DeNAベイスターズ,0.000,1,1,0,0,0,0,0,0,0,0,0,0,0,1,2026/09/22
東京ヤクルトスワローズ,矢野 泰二郎,捕手,広島東洋カープ,,0,0,0,0,0,0,0,0,0,0,0,0,0,0,2026/09/22
東京ヤクルトスワローズ,矢野 泰二郎,捕手,阪神タイガース,,0,0,0,0,0,0,0,0,0,0,0,0,0,0,2026/09/22
東京ヤクルトスワローズ,矢野 泰二郎,捕手,埼玉西武ライオンズ,,0,0,0,0,0,0,0,0,0,0,0,0,0,0,2026/09/22
東京ヤクルトスワローズ,矢野 泰二郎,捕手,千葉ロッテマリーンズ,,0,0,0,0,0,0,0,0,0,0,0,0,0,0,2026/09/22
東京ヤクルトスワローズ,矢野 泰二郎,捕手,中日ドラゴンズ,,0,0,0,0,0,0,0,0,0,0,0,0,0,0,2026/09/22
東京ヤクルトスワローズ,矢野 泰二郎,捕手,東北楽天ゴールデンイーグルス,,0,0,0,0,0,0,0,0,0,0,0,0,0,0,2026/09/22
東京ヤクルトスワローズ,矢野 泰二郎,捕手,読売ジャイアンツ,0.333,4,3,1,1,0,0,0,0,0,1,0,0,0,2,2026/09/22
東京ヤクルトスワローズ,矢野 泰二郎,捕手,福岡ソフトバンクホークス,,0,0,0,0,0,0,0,0,0,0,0,0,0,0,2026/09/22
東京ヤクルトスワローズ,矢野 泰二郎,捕手,北海道日本ハムファイターズ,,0,0,0,0,0,0,0,0,0,0,0,0,0,0,2026/09/22
東京ヤクルトスワローズ,鈴木 叶,捕手,オリックス・バファローズ,,0,0,0,0,0,0,0,0,0,0,0,0,0,0,2026/09/22
東京ヤクルトスワローズ,鈴木 叶,捕手,横浜DeNAベイスターズ,0.304,23,23,7,5,2,0,0,1,5,0,0,0,0,7,2026/09/22
東京ヤクルトスワローズ,鈴木 叶,捕手,広島東洋カープ,0.083,25,24,2,2,0,0,0,1,8,1,0,0,0,7,2026/09/22
東京ヤクルトスワローズ,鈴木 叶,捕手,阪神タイガース,0.130,24,23,3,3,0,0,0,0,8,1,0,0,0,7,2026/09/22
東京ヤクルトスワローズ,鈴木 叶,捕手,埼玉西武ライオンズ,0.250,4,4,1,1,0,0,0,0,2,0,0,0,0,1,2026/09/22
東京ヤクルトスワローズ,鈴木 叶,捕手,千葉ロッテマリーンズ,0.333,3,3,1,1,0,0,0,0,1,0,0,0,0,1,2026/09/22
東京ヤクルトスワローズ,鈴木 叶,捕手,中日ドラゴンズ,0.286,21,21,6,5,1,0,0,0,5,0,0,0,0,8,2026/09/22
東京ヤクルトスワローズ,鈴木 叶,捕手,東北楽天ゴールデンイーグルス,0.000,4,4,0,0,0,0,0,0,2,0,0,0,0,1,2026/09/22
東京ヤクルトスワローズ,鈴木 叶,捕手,読売ジャイアンツ,0.208,25,24,5,0,1,2,2,11,2,1,0,0,0,7,2026/09/22
東京ヤクルトスワローズ,鈴木 叶,捕手,福岡ソフトバンクホークス,,0,0,0,0,0,0,0,0,0,0,0,0,0,0,2026/09/22
東京ヤクルトスワローズ,鈴木 叶,捕手,北海道日本ハムファイターズ,0.000,3,3,0,0,0,0,0,0,1,0,0,0,0,1,2026/09/22
東京ヤクルトスワローズ,赤羽 由紘,内野手,オリックス・バファローズ,0.083,12,12,1,1,0,0,0,1,2,0,0,0,0,3,2026/09/22
東京ヤクルトスワローズ,赤羽 由紘,内野手,横浜DeNAベイスターズ,0.262,46,42,11,10,1,0,0,2,16,4,0,0,0,17,2026/09/22
東京ヤクルトスワローズ,赤羽 由紘,内野手,広島東洋カープ,0.259,66,58,15,8,7,0,0,2,19,6,2,0,0,19,2026/09/22
東京ヤクルトスワローズ,赤羽 由紘,内野手,阪神タイガース,0.294,60,51,15,10,2,0,3,11,24,8,1,0,0,17,2026/09/22
東京ヤクルトスワローズ,赤羽 由紘,内野手,埼玉西武ライオンズ,,0,0,0,0,0,0,0,0,0,0,0,0,0,0,2026/09/22
東京ヤクルトスワローズ,赤羽 由紘,内野手,千葉ロッテマリーンズ,,0,0,0,0,0,0,0,0,0,0,0,0,0,0,2026/09/22
東京ヤクルトスワローズ,赤羽 由紘,内野手,中日ドラゴンズ,0.214,48,42,9,7,0,0,2,7,11,5,0,1,0,15,2026/09/22
東京ヤクルトスワローズ,赤羽 由紘,内野手,東北楽天ゴールデンイーグルス,,0,0,0,0,0,0,0,0,0,0,0,0,0,0,2026/09/22
東京ヤクルトスワローズ,赤羽 由紘,内野手,読売ジャイアンツ,0.204,54,49,10,7,2,0,1,4,12,5,0,0,0,15,2026/09/22
東京ヤクルトスワローズ,赤羽 由紘,内野手,福岡ソフトバンクホークス,0.083,14,12,1,1,0,0,0,0,3,1,1,0,0,3,2026/09/22
東京ヤクルトスワローズ,赤羽 由紘,内野手,北海道日本ハムファイターズ,0.455,11,11,5,4,1,0,0,1,3,0,0,0,0,3,2026/09/22
東京ヤクルトスワローズ,山田 哲人,内野手,オリックス・バファローズ,,0,0,0,0,0,0,0,0,0,0,0,0,0,0,2026/09/22
東京ヤクルトスワローズ,山田 哲人,内野手,横浜DeNAベイスターズ,0.000,5,4,0,0,0,0,0,0,0,1,0,0,0,3,2026/09/22
東京ヤクルトスワローズ,山田 哲人,内野手,広島東洋カープ,0.400,11,10,4,3,0,0,1,1,2,1,0,0,0,6,2026/09/22
東京ヤクルトスワローズ,山田 哲人,内野手,阪神タイガース,0.250,4,4,1,1,0,0,0,0,1,0,0,0,0,3,2026/09/22
東京ヤクルトスワローズ,山田 哲人,内野手,埼玉西武ライオンズ,,0,0,0,0,0,0,0,0,0,0,0,0,0,0,2026/09/22
東京ヤクルトスワローズ,山田 哲人,内野手,千葉ロッテマリーンズ,,0,0,0,0,0,0,0,0,0,0,0,0,0,0,2026/09/22
東京ヤクルトスワローズ,山田 哲人,内野手,中日ドラゴンズ,0.000,10,9,0,0,0,0,0,0,2,1,0,0,0,5,2026/09/22
東京ヤクルトスワローズ,山田 哲人,内野手,東北楽天ゴールデンイーグルス,,0,0,0,0,0,0,0,0,0,0,0,0,0,0,2026/09/22
東京ヤクルトスワローズ,山田 哲人,内野手,読売ジャイアンツ,0.333,9,9,3,3,0,0,0,1,0,0,0,0,0,4,2026/09/22
東京ヤクルトスワローズ,山田 哲人,内野手,福岡ソフトバンクホークス,,0,0,0,0,0,0,0,0,0,0,0,0,0,0,2026/09/22
東京ヤクルトスワローズ,山田 哲人,内野手,北海道日本ハムファイターズ,,0,0,0,0,0,0,0,0,0,0,0,0,0,0,2026/09/22
東京ヤクルトスワローズ,内山 壮真,内野手,オリックス・バファローズ,0.200,5,5,1,1,0,0,0,0,1,0,0,0,0,2,2026/09/22
東京ヤクルトスワローズ,内山 壮真,内野手,横浜DeNAベイスターズ,0.308,56,52,16,13,3,0,0,4,9,4,0,0,0,16,2026/09/22
東京ヤクルトスワローズ,内山 壮真,内野手,広島東洋カープ,0.200,61,50,10,7,2,0,1,7,12,10,0,1,0,15,2026/09/22
東京ヤクルトスワローズ,内山 壮真,内野手,阪神タイガース,0.218,65,55,12,6,5,0,1,5,14,10,0,0,0,16,2026/09/22
東京ヤクルトスワローズ,内山 壮真,内野手,埼玉西武ライオンズ,0.000,14,12,0,0,0,0,0,0,4,2,0,0,0,3,2026/09/22
東京ヤクルトスワローズ,内山 壮真,内野手,千葉ロッテマリーンズ,0.200,13,10,2,2,0,0,0,0,1,3,0,0,0,3,2026/09/22
東京ヤクルトスワローズ,内山 壮真,内野手,中日ドラゴンズ,0.250,48,44,11,7,3,0,1,2,11,4,0,0,0,12,2026/09/22
東京ヤクルトスワローズ,内山 壮真,内野手,東北楽天ゴールデンイーグルス,0.300,11,10,3,1,1,0,1,3,4,1,0,0,0,3,2026/09/22
東京ヤクルトスワローズ,内山 壮真,内野手,読売ジャイアンツ,0.231,58,52,12,9,2,0,1,5,7,4,0,0,2,14,2026/09/22
東京ヤクルトスワローズ,内山 壮真,内野手,福岡ソフトバンクホークス,0.091,11,11,1,1,0,0,0,0,1,0,0,0,0,3,2026/09/22
東京ヤクルトスワローズ,内山 壮真,内野手,北海道日本ハムファイターズ,0.286,7,7,2,2,0,0,0,0,0,0,0,0,0,2,2026/09/22
東京ヤクルトスワローズ,松下 歩叶,内野手,オリックス・バファローズ,0.000,2,2,0,0,0,0,0,0,0,0,0,0,0,1,2026/09/22
東京ヤクルトスワローズ,松下 歩叶,内野手,横浜DeNAベイスターズ,0.056,21,18,1,1,0,0,0,2,6,3,0,0,0,5,2026/09/22
東京ヤクルトスワローズ,松下 歩叶,内野手,広島東洋カープ,0.385,13,13,5,3,2,0,0,0,3,0,0,0,0,5,2026/09/22
東京ヤクルトスワローズ,松下 歩叶,内野手,阪神タイガース,0.429,7,7,3,3,0,0,0,0,3,0,0,0,0,3,2026/09/22
東京ヤクルトスワローズ,松下 歩叶,内野手,埼玉西武ライオンズ,,0,0,0,0,0,0,0,0,0,0,0,0,0,0,2026/09/22
東京ヤクルトスワローズ,松下 歩叶,内野手,千葉ロッテマリーンズ,0.125,9,8,1,1,0,0,0,0,3,0,0,0,1,3,2026/09/22
東京ヤクルトスワローズ,松下 歩叶,内野手,中日ドラゴンズ,0.333,3,3,1,0,0,0,1,1,0,0,0,0,0,1,2026/09/22
東京ヤクルトスワローズ,松下 歩叶,内野手,東北楽天ゴールデンイーグルス,0.333,6,6,2,1,1,0,0,0,2,0,0,0,0,2,2026/09/22
東京ヤクルトスワローズ,松下 歩叶,内野手,読売ジャイアンツ,0.000,8,7,0,0,0,0,0,0,1,0,0,0,1,4,2026/09/22
東京ヤクルトスワローズ,松下 歩叶,内野手,福岡ソフトバンクホークス,0.286,7,7,2,2,0,0,0,3,1,0,0,0,0,2,2026/09/22
東京ヤクルトスワローズ,松下 歩叶,内野手,北海道日本ハムファイターズ,0.250,4,4,1,1,0,0,0,0,3,0,0,0,0,2,2026/09/22
東京ヤクルトスワローズ,長岡 秀樹,内野手,オリックス・バファローズ,0.000,14,11,0,0,0,0,0,0,1,2,1,0,0,3,2026/09/22
東京ヤクルトスワローズ,長岡 秀樹,内野手,横浜DeNAベイスターズ,0.313,78,67,21,12,7,0,2,9,10,10,0,0,1,20,2026/09/22
東京ヤクルトスワローズ,長岡 秀樹,内野手,広島東洋カープ,0.153,94,85,13,7,5,0,1,6,15,8,0,1,0,21,2026/09/22
東京ヤクルトスワローズ,長岡 秀樹,内野手,阪神タイガース,0.343,74,67,23,17,4,1,1,7,13,5,0,0,2,18,2026/09/22
東京ヤクルトスワローズ,長岡 秀樹,内野手,埼玉西武ライオンズ,0.300,14,10,3,3,0,0,0,0,1,4,0,0,0,3,2026/09/22
東京ヤクルトスワローズ,長岡 秀樹,内野手,千葉ロッテマリーンズ,0.000,10,9,0,0,0,0,0,0,3,1,0,0,0,3,2026/09/22
東京ヤクルトスワローズ,長岡 秀樹,内野手,中日ドラゴンズ,0.220,87,82,18,16,1,0,1,10,10,5,0,0,0,21,2026/09/22
東京ヤクルトスワローズ,長岡 秀樹,内野手,東北楽天ゴールデンイーグルス,0.250,14,12,3,3,0,0,0,0,3,1,1,0,0,3,2026/09/22
東京ヤクルトスワローズ,長岡 秀樹,内野手,読売ジャイアンツ,0.449,76,69,31,25,3,0,3,7,8,6,0,1,0,20,2026/09/22
東京ヤクルトスワローズ,長岡 秀樹,内野手,福岡ソフトバンクホークス,0.111,11,9,1,1,0,0,0,0,2,0,0,0,2,3,2026/09/22
東京ヤクルトスワローズ,長岡 秀樹,内野手,北海道日本ハムファイターズ,0.000,7,7,0,0,0,0,0,0,2,0,0,0,0,3,2026/09/22
東京ヤクルトスワローズ,茂木 栄五郎,内野手,オリックス・バファローズ,0.000,1,1,0,0,0,0,0,0,1,0,0,0,0,1,2026/09/22
東京ヤクルトスワローズ,茂木 栄五郎,内野手,横浜DeNAベイスターズ,0.214,17,14,3,3,0,0,0,0,5,2,0,0,1,3,2026/09/22
東京ヤクルトスワローズ,茂木 栄五郎,内野手,広島東洋カープ,0.000,2,1,0,0,0,0,0,0,0,0,1,0,0,1,2026/09/22
東京ヤクルトスワローズ,茂木 栄五郎,内野手,阪神タイガース,0.000,8,8,0,0,0,0,0,0,0,0,0,0,0,3,2026/09/22
東京ヤクルトスワローズ,茂木 栄五郎,内野手,埼玉西武ライオンズ,0.000,3,1,0,0,0,0,0,0,0,2,0,0,0,1,2026/09/22
東京ヤクルトスワローズ,茂木 栄五郎,内野手,千葉ロッテマリーンズ,0.000,2,1,0,0,0,0,0,0,0,1,0,0,0,1,2026/09/22
東京ヤクルトスワローズ,茂木 栄五郎,内野手,中日ドラゴンズ,0.667,4,3,2,2,0,0,0,1,0,1,0,0,0,2,2026/09/22
東京ヤクルトスワローズ,茂木 栄五郎,内野手,東北楽天ゴールデンイーグルス,1.000,1,1,1,1,0,0,0,1,0,0,0,0,0,1,2026/09/22
東京ヤクルトスワローズ,茂木 栄五郎,内野手,読売ジャイアンツ,0.000,5,5,0,0,0,0,0,0,3,0,0,0,0,2,2026/09/22
東京ヤクルトスワローズ,茂木 栄五郎,内野手,福岡ソフトバンクホークス,,0,0,0,0,0,0,0,0,0,0,0,0,0,0,2026/09/22
東京ヤクルトスワローズ,茂木 栄五郎,内野手,北海道日本ハムファイターズ,0.500,3,2,1,0,1,0,0,0,0,1,0,0,0,2,2026/09/22
東京ヤクルトスワローズ,宮本 丈,内野手,オリックス・バファローズ,,0,0,0,0,0,0,0,0,0,0,0,0,0,0,2026/09/22
東京ヤクルトスワローズ,宮本 丈,内野手,横浜DeNAベイスターズ,0.429,17,14,6,3,2,0,1,5,3,1,0,1,1,9,2026/09/22
東京ヤクルトスワローズ,宮本 丈,内野手,広島東洋カープ,0.250,17,16,4,3,1,0,0,1,4,0,1,0,0,11,2026/09/22
東京ヤクルトスワローズ,宮本 丈,内野手,阪神タイガース,0.200,16,15,3,2,1,0,0,0,4,0,0,0,1,9,2026/09/22
東京ヤクルトスワローズ,宮本 丈,内野手,埼玉西武ライオンズ,,0,0,0,0,0,0,0,0,0,0,0,0,0,0,2026/09/22
東京ヤクルトスワローズ,宮本 丈,内野手,千葉ロッテマリーンズ,,0,0,0,0,0,0,0,0,0,0,0,0,0,0,2026/09/22
東京ヤクルトスワローズ,宮本 丈,内野手,中日ドラゴンズ,0.267,17,15,4,3,1,0,0,1,3,2,0,0,0,12,2026/09/22
東京ヤクルトスワローズ,宮本 丈,内野手,東北楽天ゴールデンイーグルス,,0,0,0,0,0,0,0,0,0,0,0,0,0,0,2026/09/22
東京ヤクルトスワローズ,宮本 丈,内野手,読売ジャイアンツ,0.308,14,13,4,4,0,0,0,1,2,1,0,0,0,8,2026/09/22
東京ヤクルトスワローズ,宮本 丈,内野手,福岡ソフトバンクホークス,,0,0,0,0,0,0,0,0,0,0,0,0,0,0,2026/09/22
東京ヤクルトスワローズ,宮本 丈,内野手,北海道日本ハムファイターズ,,0,0,0,0,0,0,0,0,0,0,0,0,0,0,2026/09/22
東京ヤクルトスワローズ,オスナ,内野手,オリックス・バファローズ,0.250,8,8,2,1,0,0,1,2,2,0,0,0,0,3,2026/09/22
東京ヤクルトスワローズ,オスナ,内野手,横浜DeNAベイスターズ,0.157,56,51,8,5,3,0,0,3,8,5,0,0,0,14,2026/09/22
東京ヤクルトスワローズ,オスナ,内野手,広島東洋カープ,0.350,42,40,14,6,4,0,4,10,10,1,0,1,0,11,2026/09/22
東京ヤクルトスワローズ,オスナ,内野手,阪神タイガース,0.222,31,27,6,5,1,0,0,1,7,4,0,0,0,8,2026/09/22
東京ヤクルトスワローズ,オスナ,内野手,埼玉西武ライオンズ,0.333,10,9,3,1,2,0,0,0,1,1,0,0,0,3,2026/09/22
東京ヤクルトスワローズ,オスナ,内野手,千葉ロッテマリーンズ,0.167,14,12,2,2,0,0,0,0,1,2,0,0,0,3,2026/09/22
東京ヤクルトスワローズ,オスナ,内野手,中日ドラゴンズ,0.167,46,42,7,6,0,0,1,3,10,4,0,0,0,13,2026/09/22
東京ヤクルトスワローズ,オスナ,内野手,東北楽天ゴールデンイーグルス,0.308,13,13,4,3,1,0,0,4,4,0,0,0,0,3,2026/09/22
東京ヤクルトスワローズ,オスナ,内野手,読売ジャイアンツ,0.216,41,37,8,6,0,0,2,6,3,3,0,1,0,11,2026/09/22
東京ヤクルトスワローズ,オスナ,内野手,福岡ソフトバンクホークス,0.222,9,9,2,2,0,0,0,0,2,0,0,0,0,3,2026/09/22
東京ヤクルトスワローズ,オスナ,内野手,北海道日本ハムファイターズ,0.143,9,7,1,1,0,0,0,0,1,2,0,0,0,3,2026/09/22
東京ヤクルトスワローズ,山野辺 翔,内野手,オリックス・バファローズ,,0,0,0,0,0,0,0,0,0,0,0,0,0,0,2026/09/22
東京ヤクルトスワローズ,山野辺 翔,内野手,横浜DeNAベイスターズ,0.200,11,10,2,2,0,0,0,1,2,1,0,0,0,3,2026/09/22
東京ヤクルトスワローズ,山野辺 翔,内野手,広島東洋カープ,0.333,3,3,1,0,0,1,0,1,0,0,0,0,0,1,2026/09/22
東京ヤクルトスワローズ,山野辺 翔,内野手,阪神タイガース,0.200,6,5,1,1,0,0,0,1,0,0,1,0,0,3,2026/09/22
東京ヤクルトスワローズ,山野辺 翔,内野手,埼玉西武ライオンズ,,0,0,0,0,0,0,0,0,0,0,0,0,0,0,2026/09/22
東京ヤクルトスワローズ,山野辺 翔,内野手,千葉ロッテマリーンズ,,0,0,0,0,0,0,0,0,0,0,0,0,0,0,2026/09/22
東京ヤクルトスワローズ,山野辺 翔,内野手,中日ドラゴンズ,0.000,4,4,0,0,0,0,0,0,1,0,0,0,0,2,2026/09/22
東京ヤクルトスワローズ,山野辺 翔,内野手,東北楽天ゴールデンイーグルス,,0,0,0,0,0,0,0,0,0,0,0,0,0,0,2026/09/22
東京ヤクルトスワローズ,山野辺 翔,内野手,読売ジャイアンツ,0.500,4,4,2,2,0,0,0,0,0,0,0,0,0,2,2026/09/22
東京ヤクルトスワローズ,山野辺 翔,内野手,福岡ソフトバンクホークス,,0,0,0,0,0,0,0,0,0,0,0,0,0,0,2026/09/22
東京ヤクルトスワローズ,山野辺 翔,内野手,北海道日本ハムファイターズ,,0,0,0,0,0,0,0,0,0,0,0,0,0,0,2026/09/22
東京ヤクルトスワローズ,石井 巧,内野手,オリックス・バファローズ,,0,0,0,0,0,0,0,0,0,0,0,0,0,0,2026/09/22
東京ヤクルトスワローズ,石井 巧,内野手,横浜DeNAベイスターズ,0.375,10,8,3,2,0,0,1,1,3,2,0,0,0,4,2026/09/22
東京ヤクルトスワローズ,石井 巧,内野手,広島東洋カープ,0.000,13,12,0,0,0,0,0,0,4,1,0,0,0,4,2026/09/22
東京ヤクルトスワローズ,石井 巧,内野手,阪神タイガース,0.333,3,3,1,0,1,0,0,1,3,0,0,0,0,2,2026/09/22
東京ヤクルトスワローズ,石井 巧,内野手,埼玉西武ライオンズ,0.250,4,4,1,1,0,0,0,0,2,0,0,0,0,2,2026/09/22
東京ヤクルトスワローズ,石井 巧,内野手,千葉ロッテマリーンズ,,0,0,0,0,0,0,0,0,0,0,0,0,0,0,2026/09/22
東京ヤクルトスワローズ,石井 巧,内野手,中日ドラゴンズ,0.125,17,16,2,1,1,0,0,0,6,0,1,0,0,6,2026/09/22
東京ヤクルトスワローズ,石井 巧,内野手,東北楽天ゴールデンイーグルス,,0,0,0,0,0,0,0,0,0,0,0,0,0,0,2026/09/22
東京ヤクルトスワローズ,石井 巧,内野手,読売ジャイアンツ,0.000,13,9,0,0,0,0,0,0,1,4,0,0,0,4,2026/09/22
東京ヤクルトスワローズ,石井 巧,内野手,福岡ソフトバンクホークス,,0,0,0,0,0,0,0,0,0,0,0,0,0,0,2026/09/22
東京ヤクルトスワローズ,石井 巧,内野手,北海道日本ハムファイターズ,,0,0,0,0,0,0,0,0,0,0,0,0,0,0,2026/09/22
東京ヤクルトスワローズ,松川 玲央,内野手,オリックス・バファローズ,,0,0,0,0,0,0,0,0,0,0,0,0,0,0,2026/09/22
東京ヤクルトスワローズ,松川 玲央,内野手,横浜DeNAベイスターズ,,0,0,0,0,0,0,0,0,0,0,0,0,0,0,2026/09/22
東京ヤクルトスワローズ,松川 玲央,内野手,広島東洋カープ,,0,0,0,0,0,0,0,0,0,0,0,0,0,0,2026/09/22
東京ヤクルトスワローズ,松川 玲央,内野手,阪神タイガース,,0,0,0,0,0,0,0,0,0,0,0,0,0,0,2026/09/22
東京ヤクルトスワローズ,松川 玲央,内野手,埼玉西武ライオンズ,,0,0,0,0,0,0,0,0,0,0,0,0,0,0,2026/09/22
東京ヤクルトスワローズ,松川 玲央,内野手,千葉ロッテマリーンズ,,0,0,0,0,0,0,0,0,0,0,0,0,0,0,2026/09/22
東京ヤクルトスワローズ,松川 玲央,内野手,中日ドラゴンズ,,0,0,0,0,0,0,0,0,0,0,0,0,0,0,2026/09/22
東京ヤクルトスワローズ,松川 玲央,内野手,東北楽天ゴールデンイーグルス,,0,0,0,0,0,0,0,0,0,0,0,0,0,0,2026/09/22
東京ヤクルトスワローズ,松川 玲央,内野手,読売ジャイアンツ,,0,0,0,0,0,0,0,0,0,0,0,0,0,0,2026/09/22
東京ヤクルトスワローズ,松川 玲央,内野手,福岡ソフトバンクホークス,,0,0,0,0,0,0,0,0,0,0,0,0,0,0,2026/09/22
東京ヤクルトスワローズ,松川 玲央,内野手,北海道日本ハムファイターズ,,0,0,0,0,0,0,0,0,0,0,0,0,0,0,2026/09/22
東京ヤクルトスワローズ,北村 恵吾,内野手,オリックス・バファローズ,,0,0,0,0,0,0,0,0,0,0,0,0,0,0,2026/09/22
東京ヤクルトスワローズ,北村 恵吾,内野手,横浜DeNAベイスターズ,0.000,1,1,0,0,0,0,0,0,0,0,0,0,0,1,2026/09/22
東京ヤクルトスワローズ,北村 恵吾,内野手,広島東洋カープ,0.000,2,2,0,0,0,0,0,0,2,0,0,0,0,2,2026/09/22
東京ヤクルトスワローズ,北村 恵吾,内野手,阪神タイガース,0.000,3,3,0,0,0,0,0,0,2,0,0,0,0,3,2026/09/22
東京ヤクルトスワローズ,北村 恵吾,内野手,埼玉西武ライオンズ,,0,0,0,0,0,0,0,0,0,0,0,0,0,0,2026/09/22
東京ヤクルトスワローズ,北村 恵吾,内野手,千葉ロッテマリーンズ,,0,0,0,0,0,0,0,0,0,0,0,0,0,0,2026/09/22
東京ヤクルトスワローズ,北村 恵吾,内野手,中日ドラゴンズ,,0,0,0,0,0,0,0,0,0,0,0,0,0,0,2026/09/22
東京ヤクルトスワローズ,北村 恵吾,内野手,東北楽天ゴールデンイーグルス,,0,0,0,0,0,0,0,0,0,0,0,0,0,0,2026/09/22
東京ヤクルトスワローズ,北村 恵吾,内野手,読売ジャイアンツ,0.143,7,7,1,1,0,0,0,1,1,0,0,0,0,2,2026/09/22
東京ヤクルトスワローズ,北村 恵吾,内野手,福岡ソフトバンクホークス,,0,0,0,0,0,0,0,0,0,0,0,0,0,0,2026/09/22
東京ヤクルトスワローズ,北村 恵吾,内野手,北海道日本ハムファイターズ,,0,0,0,0,0,0,0,0,0,0,0,0,0,0,2026/09/22
東京ヤクルトスワローズ,田中 陽翔,内野手,オリックス・バファローズ,,0,0,0,0,0,0,0,0,0,0,0,0,0,0,2026/09/22
東京ヤクルトスワローズ,田中 陽翔,内野手,横浜DeNAベイスターズ,0.095,24,21,2,2,0,0,0,2,9,2,0,1,0,7,2026/09/22
東京ヤクルトスワローズ,田中 陽翔,内野手,広島東洋カープ,0.182,13,11,2,1,0,0,1,1,3,2,0,0,0,6,2026/09/22
東京ヤクルトスワローズ,田中 陽翔,内野手,阪神タイガース,0.222,9,9,2,1,0,0,1,2,3,0,0,0,0,5,2026/09/22
東京ヤクルトスワローズ,田中 陽翔,内野手,埼玉西武ライオンズ,,0,0,0,0,0,0,0,0,0,0,0,0,0,0,2026/09/22
東京ヤクルトスワローズ,田中 陽翔,内野手,千葉ロッテマリーンズ,,0,0,0,0,0,0,0,0,0,0,0,0,0,0,2026/09/22
東京ヤクルトスワローズ,田中 陽翔,内野手,中日ドラゴンズ,0.444,10,9,4,4,0,0,0,3,1,1,0,0,0,4,2026/09/22
東京ヤクルトスワローズ,田中 陽翔,内野手,東北楽天ゴールデンイーグルス,,0,0,0,0,0,0,0,0,0,0,0,0,0,0,2026/09/22
東京ヤクルトスワローズ,田中 陽翔,内野手,読売ジャイアンツ,0.333,9,9,3,2,1,0,0,0,4,0,0,0,0,6,2026/09/22
東京ヤクルトスワローズ,田中 陽翔,内野手,福岡ソフトバンクホークス,,0,0,0,0,0,0,0,0,0,0,0,0,0,0,2026/09/22
東京ヤクルトスワローズ,田中 陽翔,内野手,北海道日本ハムファイターズ,,0,0,0,0,0,0,0,0,0,0,0,0,0,0,2026/09/22
東京ヤクルトスワローズ,武岡 龍世,内野手,オリックス・バファローズ,0.250,4,4,1,0,1,0,0,1,0,0,0,0,0,2,2026/09/22
東京ヤクルトスワローズ,武岡 龍世,内野手,横浜DeNAベイスターズ,0.239,49,46,11,7,3,0,1,6,12,3,0,0,0,17,2026/09/22
東京ヤクルトスワローズ,武岡 龍世,内野手,広島東洋カープ,0.250,58,48,12,8,4,0,0,7,12,8,0,1,1,16,2026/09/22
東京ヤクルトスワローズ,武岡 龍世,内野手,阪神タイガース,0.242,35,33,8,5,0,0,3,5,9,2,0,0,0,14,2026/09/22
東京ヤクルトスワローズ,武岡 龍世,内野手,埼玉西武ライオンズ,0.125,8,8,1,1,0,0,0,0,3,0,0,0,0,2,2026/09/22
東京ヤクルトスワローズ,武岡 龍世,内野手,千葉ロッテマリーンズ,0.250,4,4,1,1,0,0,0,0,0,0,0,0,0,2,2026/09/22
東京ヤクルトスワローズ,武岡 龍世,内野手,中日ドラゴンズ,0.273,49,44,12,9,3,0,0,4,15,5,0,0,0,16,2026/09/22
東京ヤクルトスワローズ,武岡 龍世,内野手,東北楽天ゴールデンイーグルス,0.400,5,5,2,1,0,1,0,1,2,0,0,0,0,3,2026/09/22
東京ヤクルトスワローズ,武岡 龍世,内野手,読売ジャイアンツ,0.140,55,50,7,5,2,0,0,2,18,4,1,0,0,17,2026/09/22
東京ヤクルトスワローズ,武岡 龍世,内野手,福岡ソフトバンクホークス,0.000,4,4,0,0,0,0,0,0,1,0,0,0,0,2,2026/09/22
東京ヤクルトスワローズ,武岡 龍世,内野手,北海道日本ハムファイターズ,0.364,12,11,4,3,1,0,0,1,2,1,0,0,0,3,2026/09/22
東京ヤクルトスワローズ,伊藤 琉偉,内野手,オリックス・バファローズ,0.000,3,2,0,0,0,0,0,0,1,0,1,0,0,1,2026/09/22
東京ヤクルトスワローズ,伊藤 琉偉,内野手,横浜DeNAベイスターズ,0.138,32,29,4,3,0,0,1,2,11,3,0,0,0,11,2026/09/22
東京ヤクルトスワローズ,伊藤 琉偉,内野手,広島東洋カープ,0.316,21,19,6,5,0,1,0,3,3,2,0,0,0,9,2026/09/22
東京ヤクルトスワローズ,伊藤 琉偉,内野手,阪神タイガース,0.077,32,26,2,2,0,0,0,0,9,5,1,0,0,11,2026/09/22
東京ヤクルトスワローズ,伊藤 琉偉,内野手,埼玉西武ライオンズ,0.000,3,3,0,0,0,0,0,0,3,0,0,0,0,1,2026/09/22
東京ヤクルトスワローズ,伊藤 琉偉,内野手,千葉ロッテマリーンズ,0.000,3,3,0,0,0,0,0,0,2,0,0,0,0,1,2026/09/22
東京ヤクルトスワローズ,伊藤 琉偉,内野手,中日ドラゴンズ,0.389,22,18,7,6,0,0,1,3,4,3,0,0,1,7,2026/09/22
東京ヤクルトスワローズ,伊藤 琉偉,内野手,東北楽天ゴールデンイーグルス,,0,0,0,0,0,0,0,0,0,0,0,0,0,0,2026/09/22
東京ヤクルトスワローズ,伊藤 琉偉,内野手,読売ジャイアンツ,0.036,29,28,1,0,1,0,0,0,9,1,0,0,0,10,2026/09/22
東京ヤクルトスワローズ,伊藤 琉偉,内野手,福岡ソフトバンクホークス,,0,0,0,0,0,0,0,0,0,0,0,0,0,0,2026/09/22
東京ヤクルトスワローズ,伊藤 琉偉,内野手,北海道日本ハムファイターズ,0.000,1,1,0,0,0,0,0,0,0,0,0,0,0,1,2026/09/22
東京ヤクルトスワローズ,セデーニョ,内野手,オリックス・バファローズ,,0,0,0,0,0,0,0,0,0,0,0,0,0,0,2026/09/22
東京ヤクルトスワローズ,セデーニョ,内野手,横浜DeNAベイスターズ,0.333,6,6,2,1,1,0,0,0,2,0,0,0,0,2,2026/09/22
東京ヤクルトスワローズ,セデーニョ,内野手,広島東洋カープ,0.000,5,4,0,0,0,0,0,0,0,1,0,0,0,2,2026/09/22
東京ヤクルトスワローズ,セデーニョ,内野手,阪神タイガース,0.286,7,7,2,1,1,0,0,0,2,0,0,0,0,3,2026/09/22
東京ヤクルトスワローズ,セデーニョ,内野手,埼玉西武ライオンズ,,0,0,0,0,0,0,0,0,0,0,0,0,0,0,2026/09/22
東京ヤクルトスワローズ,セデーニョ,内野手,千葉ロッテマリーンズ,,0,0,0,0,0,0,0,0,0,0,0,0,0,0,2026/09/22
東京ヤクルトスワローズ,セデーニョ,内野手,中日ドラゴンズ,,0,0,0,0,0,0,0,0,0,0,0,0,0,0,2026/09/22
東京ヤクルトスワローズ,セデーニョ,内野手,東北楽天ゴールデンイーグルス,,0,0,0,0,0,0,0,0,0,0,0,0,0,0,2026/09/22
東京ヤクルトスワローズ,セデーニョ,内野手,読売ジャイアンツ,0.111,9,9,1,1,0,0,0,2,0,0,0,0,0,3,2026/09/22
東京ヤクルトスワローズ,セデーニョ,内野手,福岡ソフトバンクホークス,,0,0,0,0,0,0,0,0,0,0,0,0,0,0,2026/09/22
東京ヤクルトスワローズ,セデーニョ,内野手,北海道日本ハムファイターズ,,0,0,0,0,0,0,0,0,0,0,0,0,0,0,2026/09/22
東京ヤクルトスワローズ,並木 秀尊,外野手,オリックス・バファローズ,,0,0,0,0,0,0,0,0,0,0,0,0,0,0,2026/09/22
東京ヤクルトスワローズ,並木 秀尊,外野手,横浜DeNAベイスターズ,0.500,8,8,4,4,0,0,0,1,1,0,0,0,0,5,2026/09/22
東京ヤクルトスワローズ,並木 秀尊,外野手,広島東洋カープ,0.111,18,18,2,2,0,0,0,0,3,0,0,0,0,7,2026/09/22
東京ヤクルトスワローズ,並木 秀尊,外野手,阪神タイガース,0.083,14,12,1,0,1,0,0,0,2,0,2,0,0,3,2026/09/22
東京ヤクルトスワローズ,並木 秀尊,外野手,埼玉西武ライオンズ,,0,0,0,0,0,0,0,0,0,0,0,0,0,0,2026/09/22
東京ヤクルトスワローズ,並木 秀尊,外野手,千葉ロッテマリーンズ,,0,0,0,0,0,0,0,0,0,0,0,0,0,0,2026/09/22
東京ヤクルトスワローズ,並木 秀尊,外野手,中日ドラゴンズ,0.250,13,12,3,3,0,0,0,0,1,1,0,0,0,6,2026/09/22
東京ヤクルトスワローズ,並木 秀尊,外野手,東北楽天ゴールデンイーグルス,,0,0,0,0,0,0,0,0,0,0,0,0,0,0,2026/09/22
東京ヤクルトスワローズ,並木 秀尊,外野手,読売ジャイアンツ,0.389,18,18,7,6,0,0,1,2,3,0,0,0,0,6,2026/09/22
東京ヤクルトスワローズ,並木 秀尊,外野手,福岡ソフトバンクホークス,,0,0,0,0,0,0,0,0,0,0,0,0,0,0,2026/09/22
東京ヤクルトスワローズ,並木 秀尊,外野手,北海道日本ハムファイターズ,,0,0,0,0,0,0,0,0,0,0,0,0,0,0,2026/09/22
東京ヤクルトスワローズ,丸山 和郁,外野手,オリックス・バファローズ,,0,0,0,0,0,0,0,0,0,0,0,0,0,0,2026/09/22
東京ヤクルトスワローズ,丸山 和郁,外野手,横浜DeNAベイスターズ,0.440,27,25,11,7,2,1,1,5,0,2,0,0,0,12,2026/09/22
東京ヤクルトスワローズ,丸山 和郁,外野手,広島東洋カープ,0.308,30,26,8,7,0,0,1,3,5,3,0,1,0,8,2026/09/22
東京ヤクルトスワローズ,丸山 和郁,外野手,阪神タイガース,0.600,26,25,15,10,3,0,2,4,5,1,0,0,0,8,2026/09/22
東京ヤクルトスワローズ,丸山 和郁,外野手,埼玉西武ライオンズ,,0,0,0,0,0,0,0,0,0,0,0,0,0,0,2026/09/22
東京ヤクルトスワローズ,丸山 和郁,外野手,千葉ロッテマリーンズ,,0,0,0,0,0,0,0,0,0,0,0,0,0,0,2026/09/22
東京ヤクルトスワローズ,丸山 和郁,外野手,中日ドラゴンズ,0.190,22,21,4,3,1,0,0,0,6,1,0,0,0,5,2026/09/22
東京ヤクルトスワローズ,丸山 和郁,外野手,東北楽天ゴールデンイーグルス,,0,0,0,0,0,0,0,0,0,0,0,0,0,0,2026/09/22
東京ヤクルトスワローズ,丸山 和郁,外野手,読売ジャイアンツ,0.118,17,17,2,1,1,0,0,1,3,0,0,0,0,7,2026/09/22
東京ヤクルトスワローズ,丸山 和郁,外野手,福岡ソフトバンクホークス,,0,0,0,0,0,0,0,0,0,0,0,0,0,0,2026/09/22
東京ヤクルトスワローズ,丸山 和郁,外野手,北海道日本ハムファイターズ,,0,0,0,0,0,0,0,0,0,0,0,0,0,0,2026/09/22
東京ヤクルトスワローズ,塩見 泰隆,外野手,オリックス・バファローズ,0.286,7,7,2,1,0,0,1,1,4,0,0,0,0,2,2026/09/22
東京ヤクルトスワローズ,塩見 泰隆,外野手,横浜DeNAベイスターズ,0.143,8,7,1,1,0,0,0,0,3,1,0,0,0,5,2026/09/22
東京ヤクルトスワローズ,塩見 泰隆,外野手,広島東洋カープ,0.167,13,12,2,1,1,0,0,0,5,1,0,0,0,7,2026/09/22
東京ヤクルトスワローズ,塩見 泰隆,外野手,阪神タイガース,0.000,9,9,0,0,0,0,0,0,4,0,0,0,0,5,2026/09/22
東京ヤクルトスワローズ,塩見 泰隆,外野手,埼玉西武ライオンズ,,0,0,0,0,0,0,0,0,0,0,0,0,0,0,2026/09/22
東京ヤクルトスワローズ,塩見 泰隆,外野手,千葉ロッテマリーンズ,0.667,3,3,2,1,1,0,0,0,1,0,0,0,0,2,2026/09/22
東京ヤクルトスワローズ,塩見 泰隆,外野手,中日ドラゴンズ,0.222,11,9,2,2,0,0,0,0,3,2,0,0,0,4,2026/09/22
東京ヤクルトスワローズ,塩見 泰隆,外野手,東北楽天ゴールデンイーグルス,0.286,7,7,2,1,1,0,0,2,0,0,0,0,0,2,2026/09/22
東京ヤクルトスワローズ,塩見 泰隆,外野手,読売ジャイアンツ,0.000,6,6,0,0,0,0,0,0,3,0,0,0,0,5,2026/09/22
東京ヤクルトスワローズ,塩見 泰隆,外野手,福岡ソフトバンクホークス,0.250,5,4,1,0,0,0,1,2,2,0,0,1,0,2,2026/09/22
東京ヤクルトスワローズ,塩見 泰隆,外野手,北海道日本ハムファイターズ,0.143,8,7,1,1,0,0,0,0,3,1,0,0,0,3,2026/09/22
東京ヤクルトスワローズ,サンタナ,外野手,オリックス・バファローズ,0.083,13,12,1,0,1,0,0,1,5,1,0,0,0,3,2026/09/22
東京ヤクルトスワローズ,サンタナ,外野手,横浜DeNAベイスターズ,0.328,82,67,22,12,7,0,3,14,16,14,0,1,0,23,2026/09/22
東京ヤクルトスワローズ,サンタナ,外野手,広島東洋カープ,0.262,73,65,17,10,4,0,3,6,20,6,0,0,2,22,2026/09/22
東京ヤクルトスワローズ,サンタナ,外野手,阪神タイガース,0.127,67,63,8,6,2,0,0,0,29,4,0,0,0,21,2026/09/22
東京ヤクルトスワローズ,サンタナ,外野手,埼玉西武ライオンズ,0.182,12,11,2,1,0,0,1,2,2,1,0,0,0,3,2026/09/22
東京ヤクルトスワローズ,サンタナ,外野手,千葉ロッテマリーンズ,0.083,15,12,1,1,0,0,0,1,3,2,0,1,0,3,2026/09/22
東京ヤクルトスワローズ,サンタナ,外野手,中日ドラゴンズ,0.215,76,65,14,7,2,0,5,11,21,11,0,0,0,19,2026/09/22
東京ヤクルトスワローズ,サンタナ,外野手,東北楽天ゴールデンイーグルス,0.545,13,11,6,3,2,0,1,2,4,2,0,0,0,3,2026/09/22
東京ヤクルトスワローズ,サンタナ,外野手,読売ジャイアンツ,0.284,85,67,19,11,5,0,3,7,17,16,0,1,1,22,2026/09/22
東京ヤクルトスワローズ,サンタナ,外野手,福岡ソフトバンクホークス,0.286,10,7,2,0,1,0,1,1,1,3,0,0,0,2,2026/09/22
東京ヤクルトスワローズ,サンタナ,外野手,北海道日本ハムファイターズ,0.111,11,9,1,0,1,0,0,0,1,2,0,0,0,3,2026/09/22
東京ヤクルトスワローズ,モイセエフ ニキータ,外野手,オリックス・バファローズ,,0,0,0,0,0,0,0,0,0,0,0,0,0,0,2026/09/22
東京ヤクルトスワローズ,モイセエフ ニキータ,外野手,横浜DeNAベイスターズ,,0,0,0,0,0,0,0,0,0,0,0,0,0,0,2026/09/22
東京ヤクルトスワローズ,モイセエフ ニキータ,外野手,広島東洋カープ,0.000,5,4,0,0,0,0,0,0,1,1,0,0,0,2,2026/09/22
東京ヤクルトスワローズ,モイセエフ ニキータ,外野手,阪神タイガース,,0,0,0,0,0,0,0,0,0,0,0,0,0,0,2026/09/22
東京ヤクルトスワローズ,モイセエフ ニキータ,外野手,埼玉西武ライオンズ,,0,0,0,0,0,0,0,0,0,0,0,0,0,0,2026/09/22
東京ヤクルトスワローズ,モイセエフ ニキータ,外野手,千葉ロッテマリーンズ,,0,0,0,0,0,0,0,0,0,0,0,0,0,0,2026/09/22
東京ヤクルトスワローズ,モイセエフ ニキータ,外野手,中日ドラゴンズ,,0,0,0,0,0,0,0,0,0,0,0,0,0,0,2026/09/22
東京ヤクルトスワローズ,モイセエフ ニキータ,外野手,東北楽天ゴールデンイーグルス,,0,0,0,0,0,0,0,0,0,0,0,0,0,0,2026/09/22
東京ヤクルトスワローズ,モイセエフ ニキータ,外野手,読売ジャイアンツ,0.000,3,2,0,0,0,0,0,0,0,1,0,0,0,2,2026/09/22
東京ヤクルトスワローズ,モイセエフ ニキータ,外野手,福岡ソフトバンクホークス,,0,0,0,0,0,0,0,0,0,0,0,0,0,0,2026/09/22
東京ヤクルトスワローズ,モイセエフ ニキータ,外野手,北海道日本ハムファイターズ,,0,0,0,0,0,0,0,0,0,0,0,0,0,0,2026/09/22
東京ヤクルトスワローズ,西村 瑠伊斗,外野手,オリックス・バファローズ,,0,0,0,0,0,0,0,0,0,0,0,0,0,0,2026/09/22
東京ヤクルトスワローズ,西村 瑠伊斗,外野手,横浜DeNAベイスターズ,0.583,13,12,7,6,1,0,0,2,2,1,0,0,0,5,2026/09/22
東京ヤクルトスワローズ,西村 瑠伊斗,外野手,広島東洋カープ,0.250,8,8,2,1,1,0,0,0,3,0,0,0,0,6,2026/09/22
東京ヤクルトスワローズ,西村 瑠伊斗,外野手,阪神タイガース,0.273,26,22,6,3,3,0,0,8,4,3,0,1,0,7,2026/09/22
東京ヤクルトスワローズ,西村 瑠伊斗,外野手,埼玉西武ライオンズ,,0,0,0,0,0,0,0,0,0,0,0,0,0,0,2026/09/22
東京ヤクルトスワローズ,西村 瑠伊斗,外野手,千葉ロッテマリーンズ,,0,0,0,0,0,0,0,0,0,0,0,0,0,0,2026/09/22
東京ヤクルトスワローズ,西村 瑠伊斗,外野手,中日ドラゴンズ,0.250,19,16,4,3,0,0,1,2,3,3,0,0,0,6,2026/09/22
東京ヤクルトスワローズ,西村 瑠伊斗,外野手,東北楽天ゴールデンイーグルス,,0,0,0,0,0,0,0,0,0,0,0,0,0,0,2026/09/22
東京ヤクルトスワローズ,西村 瑠伊斗,外野手,読売ジャイアンツ,0.167,12,12,2,1,1,0,0,0,5,0,0,0,0,6,2026/09/22
東京ヤクルトスワローズ,西村 瑠伊斗,外野手,福岡ソフトバンクホークス,,0,0,0,0,0,0,0,0,0,0,0,0,0,0,2026/09/22
東京ヤクルトスワローズ,西村 瑠伊斗,外野手,北海道日本ハムファイターズ,,0,0,0,0,0,0,0,0,0,0,0,0,0,0,2026/09/22
東京ヤクルトスワローズ,澤井 廉,外野手,オリックス・バファローズ,,0,0,0,0,0,0,0,0,0,0,0,0,0,0,2026/09/22
東京ヤクルトスワローズ,澤井 廉,外野手,横浜DeNAベイスターズ,0.000,1,1,0,0,0,0,0,0,1,0,0,0,0,1,2026/09/22
東京ヤクルトスワローズ,澤井 廉,外野手,広島東洋カープ,0.182,11,11,2,0,1,0,1,2,2,0,0,0,0,4,2026/09/22
東京ヤクルトスワローズ,澤井 廉,外野手,阪神タイガース,0.125,10,8,1,1,0,0,0,0,4,0,0,0,2,3,2026/09/22
東京ヤクルトスワローズ,澤井 廉,外野手,埼玉西武ライオンズ,0.000,5,5,0,0,0,0,0,0,3,0,0,0,0,2,2026/09/22
東京ヤクルトスワローズ,澤井 廉,外野手,千葉ロッテマリーンズ,,0,0,0,0,0,0,0,0,0,0,0,0,0,0,2026/09/22
東京ヤクルトスワローズ,澤井 廉,外野手,中日ドラゴンズ,0.143,8,7,1,0,1,0,0,0,2,1,0,0,0,3,2026/09/22
東京ヤクルトスワローズ,澤井 廉,外野手,東北楽天ゴールデンイーグルス,,0,0,0,0,0,0,0,0,0,0,0,0,0,0,2026/09/22
東京ヤクルトスワローズ,澤井 廉,外野手,読売ジャイアンツ,0.231,13,13,3,3,0,0,0,0,4,0,0,0,0,6,2026/09/22
東京ヤクルトスワローズ,澤井 廉,外野手,福岡ソフトバンクホークス,,0,0,0,0,0,0,0,0,0,0,0,0,0,0,2026/09/22
東京ヤクルトスワローズ,澤井 廉,外野手,北海道日本ハムファイターズ,,0,0,0,0,0,0,0,0,0,0,0,0,0,0,2026/09/22
東京ヤクルトスワローズ,増田 珠,外野手,オリックス・バファローズ,0.500,6,6,3,3,0,0,0,1,1,0,0,0,0,2,2026/09/22
東京ヤクルトスワローズ,増田 珠,外野手,横浜DeNAベイスターズ,0.169,80,71,12,9,3,0,0,4,15,8,0,1,0,21,2026/09/22
東京ヤクルトスワローズ,増田 珠,外野手,広島東洋カープ,0.394,71,66,26,20,3,0,3,10,11,3,0,1,1,19,2026/09/22
東京ヤクルトスワローズ,増田 珠,外野手,阪神タイガース,0.373,52,51,19,18,0,0,1,6,11,0,0,1,0,17,2026/09/22
東京ヤクルトスワローズ,増田 珠,外野手,埼玉西武ライオンズ,0.111,10,9,1,1,0,0,0,0,4,1,0,0,0,3,2026/09/22
東京ヤクルトスワローズ,増田 珠,外野手,千葉ロッテマリーンズ,0.625,8,8,5,4,0,0,1,2,3,0,0,0,0,3,2026/09/22
東京ヤクルトスワローズ,増田 珠,外野手,中日ドラゴンズ,0.355,70,62,22,14,5,0,3,9,11,7,0,0,1,22,2026/09/22
東京ヤクルトスワローズ,増田 珠,外野手,東北楽天ゴールデンイーグルス,0.200,12,10,2,2,0,0,0,0,1,2,0,0,0,3,2026/09/22
東京ヤクルトスワローズ,増田 珠,外野手,読売ジャイアンツ,0.263,67,57,15,14,0,0,1,4,8,8,0,1,1,19,2026/09/22
東京ヤクルトスワローズ,増田 珠,外野手,福岡ソフトバンクホークス,0.182,12,11,2,2,0,0,0,1,4,1,0,0,0,3,2026/09/22
東京ヤクルトスワローズ,増田 珠,外野手,北海道日本ハムファイターズ,0.250,4,4,1,1,0,0,0,0,0,0,0,0,0,2,2026/09/22
東京ヤクルトスワローズ,岩田 幸宏,外野手,オリックス・バファローズ,0.500,6,6,3,2,1,0,0,0,3,0,0,0,0,2,2026/09/22
東京ヤクルトスワローズ,岩田 幸宏,外野手,横浜DeNAベイスターズ,0.247,88,85,21,18,2,0,1,7,17,3,0,0,0,22,2026/09/22
東京ヤクルトスワローズ,岩田 幸宏,外野手,広島東洋カープ,0.290,71,62,18,15,3,0,0,6,11,7,1,0,1,20,2026/09/22
東京ヤクルトスワローズ,岩田 幸宏,外野手,阪神タイガース,0.354,68,65,23,22,1,0,0,2,9,2,1,0,0,20,2026/09/22
東京ヤクルトスワローズ,岩田 幸宏,外野手,埼玉西武ライオンズ,0.417,13,12,5,5,0,0,0,0,1,1,0,0,0,3,2026/09/22
東京ヤクルトスワローズ,岩田 幸宏,外野手,千葉ロッテマリーンズ,0.000,4,4,0,0,0,0,0,0,2,0,0,0,0,1,2026/09/22
東京ヤクルトスワローズ,岩田 幸宏,外野手,中日ドラゴンズ,0.180,68,61,11,9,2,0,0,3,8,5,2,0,0,17,2026/09/22
東京ヤクルトスワローズ,岩田 幸宏,外野手,東北楽天ゴールデンイーグルス,0.143,7,7,1,1,0,0,0,0,3,0,0,0,0,3,2026/09/22
東京ヤクルトスワローズ,岩田 幸宏,外野手,読売ジャイアンツ,0.286,71,63,18,16,1,1,0,2,17,5,0,1,2,20,2026/09/22
東京ヤクルトスワローズ,岩田 幸宏,外野手,福岡ソフトバンクホークス,0.273,12,11,3,3,0,0,0,2,1,0,0,0,1,3,2026/09/22
東京ヤクルトスワローズ,岩田 幸宏,外野手,北海道日本ハムファイターズ,0.200,10,10,2,2,0,0,0,0,3,0,0,0,0,3,2026/09/22
東京ヤクルトスワローズ,モンテル,外野手,オリックス・バファローズ,1.000,4,4,4,3,1,0,0,1,1,0,0,0,0,2,2026/09/22
東京ヤクルトスワローズ,モンテル,外野手,横浜DeNAベイスターズ,0.286,7,7,2,2,0,0,0,0,4,0,0,0,0,5,2026/09/22
東京ヤクルトスワローズ,モンテル,外野手,広島東洋カープ,0.214,14,14,3,3,0,0,0,0,2,0,0,0,0,5,2026/09/22
東京ヤクルトスワローズ,モンテル,外野手,阪神タイガース,0.091,13,11,1,1,0,0,0,0,4,2,0,0,0,4,2026/09/22
東京ヤクルトスワローズ,モンテル,外野手,埼玉西武ライオンズ,0.250,4,4,1,0,0,0,1,1,2,0,0,0,0,2,2026/09/22
東京ヤクルトスワローズ,モンテル,外野手,千葉ロッテマリーンズ,0.429,7,7,3,2,1,0,0,0,0,0,0,0,0,2,2026/09/22
東京ヤクルトスワローズ,モンテル,外野手,中日ドラゴンズ,0.176,17,17,3,0,1,0,2,3,2,0,0,0,0,5,2026/09/22
東京ヤクルトスワローズ,モンテル,外野手,東北楽天ゴールデンイーグルス,0.750,9,8,6,5,1,0,0,2,1,1,0,0,0,3,2026/09/22
東京ヤクルトスワローズ,モンテル,外野手,読売ジャイアンツ,0.214,16,14,3,1,2,0,0,2,1,1,0,1,0,7,2026/09/22
東京ヤクルトスワローズ,モンテル,外野手,福岡ソフトバンクホークス,0.000,4,3,0,0,0,0,0,0,2,1,0,0,0,1,2026/09/22
東京ヤクルトスワローズ,モンテル,外野手,北海道日本ハムファイターズ,0.333,3,3,1,1,0,0,0,0,0,0,0,0,0,2,2026/09/22
福岡ソフトバンクホークス,スチュワート・ジュニア,投手,オリックス・バファローズ,,0,0,0,0,0,0,0,0,0,0,0,0,0,0,2026/09/22
福岡ソフトバンクホークス,スチュワート・ジュニア,投手,横浜DeNAベイスターズ,,0,0,0,0,0,0,0,0,0,0,0,0,0,0,2026/09/22
福岡ソフトバンクホークス,スチュワート・ジュニア,投手,広島東洋カープ,,0,0,0,0,0,0,0,0,0,0,0,0,0,0,2026/09/22
福岡ソフトバンクホークス,スチュワート・ジュニア,投手,阪神タイガース,,0,0,0,0,0,0,0,0,0,0,0,0,0,0,2026/09/22
福岡ソフトバンクホークス,スチュワート・ジュニア,投手,埼玉西武ライオンズ,,0,0,0,0,0,0,0,0,0,0,0,0,0,0,2026/09/22
福岡ソフトバンクホークス,スチュワート・ジュニア,投手,千葉ロッテマリーンズ,,0,0,0,0,0,0,0,0,0,0,0,0,0,0,2026/09/22
福岡ソフトバンクホークス,スチュワート・ジュニア,投手,中日ドラゴンズ,0.000,2,2,0,0,0,0,0,0,0,0,0,0,0,1,2026/09/22
福岡ソフトバンクホークス,スチュワート・ジュニア,投手,東京ヤクルトスワローズ,,0,0,0,0,0,0,0,0,0,0,0,0,0,0,2026/09/22
福岡ソフトバンクホークス,スチュワート・ジュニア,投手,東北楽天ゴールデンイーグルス,,0,0,0,0,0,0,0,0,0,0,0,0,0,0,2026/09/22
福岡ソフトバンクホークス,スチュワート・ジュニア,投手,読売ジャイアンツ,0.500,2,2,1,1,0,0,0,0,1,0,0,0,0,1,2026/09/22
福岡ソフトバンクホークス,スチュワート・ジュニア,投手,北海道日本ハムファイターズ,,0,0,0,0,0,0,0,0,0,0,0,0,0,0,2026/09/22
福岡ソフトバンクホークス,上沢 直之,投手,オリックス・バファローズ,,0,0,0,0,0,0,0,0,0,0,0,0,0,0,2026/09/22
福岡ソフトバンクホークス,上沢 直之,投手,横浜DeNAベイスターズ,,0,0,0,0,0,0,0,0,0,0,0,0,0,0,2026/09/22
福岡ソフトバンクホークス,上沢 直之,投手,広島東洋カープ,,0,0,0,0,0,0,0,0,0,0,0,0,0,0,2026/09/22
福岡ソフトバンクホークス,上沢 直之,投手,阪神タイガース,,0,0,0,0,0,0,0,0,0,0,0,0,0,0,2026/09/22
福岡ソフトバンクホークス,上沢 直之,投手,埼玉西武ライオンズ,,0,0,0,0,0,0,0,0,0,0,0,0,0,0,2026/09/22
福岡ソフトバンクホークス,上沢 直之,投手,千葉ロッテマリーンズ,,0,0,0,0,0,0,0,0,0,0,0,0,0,0,2026/09/22
福岡ソフトバンクホークス,上沢 直之,投手,中日ドラゴンズ,,0,0,0,0,0,0,0,0,0,0,0,0,0,0,2026/09/22
福岡ソフトバンクホークス,上沢 直之,投手,東京ヤクルトスワローズ,,0,0,0,0,0,0,0,0,0,0,0,0,0,0,2026/09/22
福岡ソフトバンクホークス,上沢 直之,投手,東北楽天ゴールデンイーグルス,,0,0,0,0,0,0,0,0,0,0,0,0,0,0,2026/09/22
福岡ソフトバンクホークス,上沢 直之,投手,読売ジャイアンツ,,0,0,0,0,0,0,0,0,0,0,0,0,0,0,2026/09/22
福岡ソフトバンクホークス,上沢 直之,投手,北海道日本ハムファイターズ,,0,0,0,0,0,0,0,0,0,0,0,0,0,0,2026/09/22
福岡ソフトバンクホークス,津森 宥紀,投手,オリックス・バファローズ,,0,0,0,0,0,0,0,0,0,0,0,0,0,0,2026/09/22
福岡ソフトバンクホークス,津森 宥紀,投手,横浜DeNAベイスターズ,,0,0,0,0,0,0,0,0,0,0,0,0,0,0,2026/09/22
福岡ソフトバンクホークス,津森 宥紀,投手,広島東洋カープ,,0,0,0,0,0,0,0,0,0,0,0,0,0,0,2026/09/22
福岡ソフトバンクホークス,津森 宥紀,投手,阪神タイガース,,0,0,0,0,0,0,0,0,0,0,0,0,0,0,2026/09/22
福岡ソフトバンクホークス,津森 宥紀,投手,埼玉西武ライオンズ,,0,0,0,0,0,0,0,0,0,0,0,0,0,0,2026/09/22
福岡ソフトバンクホークス,津森 宥紀,投手,千葉ロッテマリーンズ,,0,0,0,0,0,0,0,0,0,0,0,0,0,0,2026/09/22
福岡ソフトバンクホークス,津森 宥紀,投手,中日ドラゴンズ,,0,0,0,0,0,0,0,0,0,0,0,0,0,0,2026/09/22
福岡ソフトバンクホークス,津森 宥紀,投手,東京ヤクルトスワローズ,,0,0,0,0,0,0,0,0,0,0,0,0,0,0,2026/09/22
福岡ソフトバンクホークス,津森 宥紀,投手,東北楽天ゴールデンイーグルス,,0,0,0,0,0,0,0,0,0,0,0,0,0,0,2026/09/22
福岡ソフトバンクホークス,津森 宥紀,投手,読売ジャイアンツ,,0,0,0,0,0,0,0,0,0,0,0,0,0,0,2026/09/22
福岡ソフトバンクホークス,津森 宥紀,投手,北海道日本ハムファイターズ,,0,0,0,0,0,0,0,0,0,0,0,0,0,0,2026/09/22
福岡ソフトバンクホークス,稲川 竜汰,投手,オリックス・バファローズ,,0,0,0,0,0,0,0,0,0,0,0,0,0,0,2026/09/22
福岡ソフトバンクホークス,稲川 竜汰,投手,横浜DeNAベイスターズ,,0,0,0,0,0,0,0,0,0,0,0,0,0,0,2026/09/22
福岡ソフトバンクホークス,稲川 竜汰,投手,広島東洋カープ,,0,0,0,0,0,0,0,0,0,0,0,0,0,0,2026/09/22
福岡ソフトバンクホークス,稲川 竜汰,投手,阪神タイガース,,0,0,0,0,0,0,0,0,0,0,0,0,0,0,2026/09/22
福岡ソフトバンクホークス,稲川 竜汰,投手,埼玉西武ライオンズ,,0,0,0,0,0,0,0,0,0,0,0,0,0,0,2026/09/22
福岡ソフトバンクホークス,稲川 竜汰,投手,千葉ロッテマリーンズ,,0,0,0,0,0,0,0,0,0,0,0,0,0,0,2026/09/22
福岡ソフトバンクホークス,稲川 竜汰,投手,中日ドラゴンズ,,0,0,0,0,0,0,0,0,0,0,0,0,0,0,2026/09/22
福岡ソフトバンクホークス,稲川 竜汰,投手,東京ヤクルトスワローズ,,0,0,0,0,0,0,0,0,0,0,0,0,0,0,2026/09/22
福岡ソフトバンクホークス,稲川 竜汰,投手,東北楽天ゴールデンイーグルス,,0,0,0,0,0,0,0,0,0,0,0,0,0,0,2026/09/22
福岡ソフトバンクホークス,稲川 竜汰,投手,読売ジャイアンツ,,0,0,0,0,0,0,0,0,0,0,0,0,0,0,2026/09/22
福岡ソフトバンクホークス,稲川 竜汰,投手,北海道日本ハムファイターズ,,0,0,0,0,0,0,0,0,0,0,0,0,0,0,2026/09/22
福岡ソフトバンクホークス,ラトリッジ,投手,オリックス・バファローズ,,0,0,0,0,0,0,0,0,0,0,0,0,0,0,2026/09/22
福岡ソフトバンクホークス,ラトリッジ,投手,横浜DeNAベイスターズ,,0,0,0,0,0,0,0,0,0,0,0,0,0,0,2026/09/22
福岡ソフトバンクホークス,ラトリッジ,投手,広島東洋カープ,,0,0,0,0,0,0,0,0,0,0,0,0,0,0,2026/09/22
福岡ソフトバンクホークス,ラトリッジ,投手,阪神タイガース,,0,0,0,0,0,0,0,0,0,0,0,0,0,0,2026/09/22
福岡ソフトバンクホークス,ラトリッジ,投手,埼玉西武ライオンズ,,0,0,0,0,0,0,0,0,0,0,0,0,0,0,2026/09/22
福岡ソフトバンクホークス,ラトリッジ,投手,千葉ロッテマリーンズ,,0,0,0,0,0,0,0,0,0,0,0,0,0,0,2026/09/22
福岡ソフトバンクホークス,ラトリッジ,投手,中日ドラゴンズ,,0,0,0,0,0,0,0,0,0,0,0,0,0,0,2026/09/22
福岡ソフトバンクホークス,ラトリッジ,投手,東京ヤクルトスワローズ,,0,0,0,0,0,0,0,0,0,0,0,0,0,0,2026/09/22
福岡ソフトバンクホークス,ラトリッジ,投手,東北楽天ゴールデンイーグルス,,0,0,0,0,0,0,0,0,0,0,0,0,0,0,2026/09/22
福岡ソフトバンクホークス,ラトリッジ,投手,読売ジャイアンツ,,0,0,0,0,0,0,0,0,0,0,0,0,0,0,2026/09/22
福岡ソフトバンクホークス,ラトリッジ,投手,北海道日本ハムファイターズ,,0,0,0,0,0,0,0,0,0,0,0,0,0,0,2026/09/22
福岡ソフトバンクホークス,東浜 巨,投手,オリックス・バファローズ,,0,0,0,0,0,0,0,0,0,0,0,0,0,0,2026/09/22
福岡ソフトバンクホークス,東浜 巨,投手,横浜DeNAベイスターズ,,0,0,0,0,0,0,0,0,0,0,0,0,0,0,2026/09/22
福岡ソフトバンクホークス,東浜 巨,投手,広島東洋カープ,,0,0,0,0,0,0,0,0,0,0,0,0,0,0,2026/09/22
福岡ソフトバンクホークス,東浜 巨,投手,阪神タイガース,,0,0,0,0,0,0,0,0,0,0,0,0,0,0,2026/09/22
福岡ソフトバンクホークス,東浜 巨,投手,埼玉西武ライオンズ,,0,0,0,0,0,0,0,0,0,0,0,0,0,0,2026/09/22
福岡ソフトバンクホークス,東浜 巨,投手,千葉ロッテマリーンズ,,0,0,0,0,0,0,0,0,0,0,0,0,0,0,2026/09/22
福岡ソフトバンクホークス,東浜 巨,投手,中日ドラゴンズ,,0,0,0,0,0,0,0,0,0,0,0,0,0,0,2026/09/22
福岡ソフトバンクホークス,東浜 巨,投手,東京ヤクルトスワローズ,,0,0,0,0,0,0,0,0,0,0,0,0,0,0,2026/09/22
福岡ソフトバンクホークス,東浜 巨,投手,東北楽天ゴールデンイーグルス,,0,0,0,0,0,0,0,0,0,0,0,0,0,0,2026/09/22
福岡ソフトバンクホークス,東浜 巨,投手,読売ジャイアンツ,,0,0,0,0,0,0,0,0,0,0,0,0,0,0,2026/09/22
福岡ソフトバンクホークス,東浜 巨,投手,北海道日本ハムファイターズ,,0,0,0,0,0,0,0,0,0,0,0,0,0,0,2026/09/22
福岡ソフトバンクホークス,張 峻ウェイ,投手,オリックス・バファローズ,,0,0,0,0,0,0,0,0,0,0,0,0,0,0,2026/09/22
福岡ソフトバンクホークス,張 峻ウェイ,投手,横浜DeNAベイスターズ,,0,0,0,0,0,0,0,0,0,0,0,0,0,0,2026/09/22
福岡ソフトバンクホークス,張 峻ウェイ,投手,広島東洋カープ,,0,0,0,0,0,0,0,0,0,0,0,0,0,0,2026/09/22
福岡ソフトバンクホークス,張 峻ウェイ,投手,阪神タイガース,,0,0,0,0,0,0,0,0,0,0,0,0,0,0,2026/09/22
福岡ソフトバンクホークス,張 峻ウェイ,投手,埼玉西武ライオンズ,,0,0,0,0,0,0,0,0,0,0,0,0,0,0,2026/09/22
福岡ソフトバンクホークス,張 峻ウェイ,投手,千葉ロッテマリーンズ,,0,0,0,0,0,0,0,0,0,0,0,0,0,0,2026/09/22
福岡ソフトバンクホークス,張 峻ウェイ,投手,中日ドラゴンズ,,0,0,0,0,0,0,0,0,0,0,0,0,0,0,2026/09/22
福岡ソフトバンクホークス,張 峻ウェイ,投手,東京ヤクルトスワローズ,,0,0,0,0,0,0,0,0,0,0,0,0,0,0,2026/09/22
福岡ソフトバンクホークス,張 峻ウェイ,投手,東北楽天ゴールデンイーグルス,,0,0,0,0,0,0,0,0,0,0,0,0,0,0,2026/09/22
福岡ソフトバンクホークス,張 峻ウェイ,投手,読売ジャイアンツ,,0,0,0,0,0,0,0,0,0,0,0,0,0,0,2026/09/22
福岡ソフトバンクホークス,張 峻ウェイ,投手,北海道日本ハムファイターズ,,0,0,0,0,0,0,0,0,0,0,0,0,0,0,2026/09/22
福岡ソフトバンクホークス,徐 若熙,投手,オリックス・バファローズ,,0,0,0,0,0,0,0,0,0,0,0,0,0,0,2026/09/22
福岡ソフトバンクホークス,徐 若熙,投手,横浜DeNAベイスターズ,0.000,2,2,0,0,0,0,0,0,2,0,0,0,0,1,2026/09/22
福岡ソフトバンクホークス,徐 若熙,投手,広島東洋カープ,,0,0,0,0,0,0,0,0,0,0,0,0,0,0,2026/09/22
福岡ソフトバンクホークス,徐 若熙,投手,阪神タイガース,,0,0,0,0,0,0,0,0,0,0,0,0,0,0,2026/09/22
福岡ソフトバンクホークス,徐 若熙,投手,埼玉西武ライオンズ,,0,0,0,0,0,0,0,0,0,0,0,0,0,0,2026/09/22
福岡ソフトバンクホークス,徐 若熙,投手,千葉ロッテマリーンズ,,0,0,0,0,0,0,0,0,0,0,0,0,0,0,2026/09/22
福岡ソフトバンクホークス,徐 若熙,投手,中日ドラゴンズ,,0,0,0,0,0,0,0,0,0,0,0,0,0,0,2026/09/22
福岡ソフトバンクホークス,徐 若熙,投手,東京ヤクルトスワローズ,,0,0,0,0,0,0,0,0,0,0,0,0,0,0,2026/09/22
福岡ソフトバンクホークス,徐 若熙,投手,東北楽天ゴールデンイーグルス,,0,0,0,0,0,0,0,0,0,0,0,0,0,0,2026/09/22
福岡ソフトバンクホークス,徐 若熙,投手,読売ジャイアンツ,,0,0,0,0,0,0,0,0,0,0,0,0,0,0,2026/09/22
福岡ソフトバンクホークス,徐 若熙,投手,北海道日本ハムファイターズ,,0,0,0,0,0,0,0,0,0,0,0,0,0,0,2026/09/22
福岡ソフトバンクホークス,大津 亮介,投手,オリックス・バファローズ,,0,0,0,0,0,0,0,0,0,0,0,0,0,0,2026/09/22
福岡ソフトバンクホークス,大津 亮介,投手,横浜DeNAベイスターズ,,0,0,0,0,0,0,0,0,0,0,0,0,0,0,2026/09/22
福岡ソフトバンクホークス,大津 亮介,投手,広島東洋カープ,,0,0,0,0,0,0,0,0,0,0,0,0,0,0,2026/09/22
福岡ソフトバンクホークス,大津 亮介,投手,阪神タイガース,,0,0,0,0,0,0,0,0,0,0,0,0,0,0,2026/09/22
福岡ソフトバンクホークス,大津 亮介,投手,埼玉西武ライオンズ,,0,0,0,0,0,0,0,0,0,0,0,0,0,0,2026/09/22
福岡ソフトバンクホークス,大津 亮介,投手,千葉ロッテマリーンズ,,0,0,0,0,0,0,0,0,0,0,0,0,0,0,2026/09/22
福岡ソフトバンクホークス,大津 亮介,投手,中日ドラゴンズ,0.000,4,4,0,0,0,0,0,0,3,0,0,0,0,1,2026/09/22
福岡ソフトバンクホークス,大津 亮介,投手,東京ヤクルトスワローズ,,0,0,0,0,0,0,0,0,0,0,0,0,0,0,2026/09/22
福岡ソフトバンクホークス,大津 亮介,投手,東北楽天ゴールデンイーグルス,,0,0,0,0,0,0,0,0,0,0,0,0,0,0,2026/09/22
福岡ソフトバンクホークス,大津 亮介,投手,読売ジャイアンツ,0.000,4,3,0,0,0,0,0,0,2,0,1,0,0,1,2026/09/22
福岡ソフトバンクホークス,大津 亮介,投手,北海道日本ハムファイターズ,,0,0,0,0,0,0,0,0,0,0,0,0,0,0,2026/09/22
福岡ソフトバンクホークス,村上 泰斗,投手,オリックス・バファローズ,,0,0,0,0,0,0,0,0,0,0,0,0,0,0,2026/09/22
福岡ソフトバンクホークス,村上 泰斗,投手,横浜DeNAベイスターズ,,0,0,0,0,0,0,0,0,0,0,0,0,0,0,2026/09/22
福岡ソフトバンクホークス,村上 泰斗,投手,広島東洋カープ,,0,0,0,0,0,0,0,0,0,0,0,0,0,0,2026/09/22
福岡ソフトバンクホークス,村上 泰斗,投手,阪神タイガース,,0,0,0,0,0,0,0,0,0,0,0,0,0,0,2026/09/22
福岡ソフトバンクホークス,村上 泰斗,投手,埼玉西武ライオンズ,,0,0,0,0,0,0,0,0,0,0,0,0,0,0,2026/09/22
福岡ソフトバンクホークス,村上 泰斗,投手,千葉ロッテマリーンズ,,0,0,0,0,0,0,0,0,0,0,0,0,0,0,2026/09/22
福岡ソフトバンクホークス,村上 泰斗,投手,中日ドラゴンズ,,0,0,0,0,0,0,0,0,0,0,0,0,0,0,2026/09/22
福岡ソフトバンクホークス,村上 泰斗,投手,東京ヤクルトスワローズ,,0,0,0,0,0,0,0,0,0,0,0,0,0,0,2026/09/22
福岡ソフトバンクホークス,村上 泰斗,投手,東北楽天ゴールデンイーグルス,,0,0,0,0,0,0,0,0,0,0,0,0,0,0,2026/09/22
福岡ソフトバンクホークス,村上 泰斗,投手,読売ジャイアンツ,,0,0,0,0,0,0,0,0,0,0,0,0,0,0,2026/09/22
福岡ソフトバンクホークス,村上 泰斗,投手,北海道日本ハムファイターズ,,0,0,0,0,0,0,0,0,0,0,0,0,0,0,2026/09/22
福岡ソフトバンクホークス,藤原 大翔,投手,オリックス・バファローズ,,0,0,0,0,0,0,0,0,0,0,0,0,0,0,2026/09/22
福岡ソフトバンクホークス,藤原 大翔,投手,横浜DeNAベイスターズ,,0,0,0,0,0,0,0,0,0,0,0,0,0,0,2026/09/22
福岡ソフトバンクホークス,藤原 大翔,投手,広島東洋カープ,,0,0,0,0,0,0,0,0,0,0,0,0,0,0,2026/09/22
福岡ソフトバンクホークス,藤原 大翔,投手,阪神タイガース,,0,0,0,0,0,0,0,0,0,0,0,0,0,0,2026/09/22
福岡ソフトバンクホークス,藤原 大翔,投手,埼玉西武ライオンズ,,0,0,0,0,0,0,0,0,0,0,0,0,0,0,2026/09/22
福岡ソフトバンクホークス,藤原 大翔,投手,千葉ロッテマリーンズ,,0,0,0,0,0,0,0,0,0,0,0,0,0,0,2026/09/22
福岡ソフトバンクホークス,藤原 大翔,投手,中日ドラゴンズ,,0,0,0,0,0,0,0,0,0,0,0,0,0,0,2026/09/22
福岡ソフトバンクホークス,藤原 大翔,投手,東京ヤクルトスワローズ,,0,0,0,0,0,0,0,0,0,0,0,0,0,0,2026/09/22
福岡ソフトバンクホークス,藤原 大翔,投手,東北楽天ゴールデンイーグルス,,0,0,0,0,0,0,0,0,0,0,0,0,0,0,2026/09/22
福岡ソフトバンクホークス,藤原 大翔,投手,読売ジャイアンツ,,0,0,0,0,0,0,0,0,0,0,0,0,0,0,2026/09/22
福岡ソフトバンクホークス,藤原 大翔,投手,北海道日本ハムファイターズ,,0,0,0,0,0,0,0,0,0,0,0,0,0,0,2026/09/22
福岡ソフトバンクホークス,鈴木 豪太,投手,オリックス・バファローズ,,0,0,0,0,0,0,0,0,0,0,0,0,0,0,2026/09/22
福岡ソフトバンクホークス,鈴木 豪太,投手,横浜DeNAベイスターズ,,0,0,0,0,0,0,0,0,0,0,0,0,0,0,2026/09/22
福岡ソフトバンクホークス,鈴木 豪太,投手,広島東洋カープ,,0,0,0,0,0,0,0,0,0,0,0,0,0,0,2026/09/22
福岡ソフトバンクホークス,鈴木 豪太,投手,阪神タイガース,,0,0,0,0,0,0,0,0,0,0,0,0,0,0,2026/09/22
福岡ソフトバンクホークス,鈴木 豪太,投手,埼玉西武ライオンズ,,0,0,0,0,0,0,0,0,0,0,0,0,0,0,2026/09/22
福岡ソフトバンクホークス,鈴木 豪太,投手,千葉ロッテマリーンズ,,0,0,0,0,0,0,0,0,0,0,0,0,0,0,2026/09/22
福岡ソフトバンクホークス,鈴木 豪太,投手,中日ドラゴンズ,,0,0,0,0,0,0,0,0,0,0,0,0,0,0,2026/09/22
福岡ソフトバンクホークス,鈴木 豪太,投手,東京ヤクルトスワローズ,,0,0,0,0,0,0,0,0,0,0,0,0,0,0,2026/09/22
福岡ソフトバンクホークス,鈴木 豪太,投手,東北楽天ゴールデンイーグルス,,0,0,0,0,0,0,0,0,0,0,0,0,0,0,2026/09/22
福岡ソフトバンクホークス,鈴木 豪太,投手,読売ジャイアンツ,,0,0,0,0,0,0,0,0,0,0,0,0,0,0,2026/09/22
福岡ソフトバンクホークス,鈴木 豪太,投手,北海道日本ハムファイターズ,,0,0,0,0,0,0,0,0,0,0,0,0,0,0,2026/09/22
福岡ソフトバンクホークス,岩井 俊介,投手,オリックス・バファローズ,,0,0,0,0,0,0,0,0,0,0,0,0,0,0,2026/09/22
福岡ソフトバンクホークス,岩井 俊介,投手,横浜DeNAベイスターズ,,0,0,0,0,0,0,0,0,0,0,0,0,0,0,2026/09/22
福岡ソフトバンクホークス,岩井 俊介,投手,広島東洋カープ,,0,0,0,0,0,0,0,0,0,0,0,0,0,0,2026/09/22
福岡ソフトバンクホークス,岩井 俊介,投手,阪神タイガース,,0,0,0,0,0,0,0,0,0,0,0,0,0,0,2026/09/22
福岡ソフトバンクホークス,岩井 俊介,投手,埼玉西武ライオンズ,,0,0,0,0,0,0,0,0,0,0,0,0,0,0,2026/09/22
福岡ソフトバンクホークス,岩井 俊介,投手,千葉ロッテマリーンズ,,0,0,0,0,0,0,0,0,0,0,0,0,0,0,2026/09/22
福岡ソフトバンクホークス,岩井 俊介,投手,中日ドラゴンズ,,0,0,0,0,0,0,0,0,0,0,0,0,0,0,2026/09/22
福岡ソフトバンクホークス,岩井 俊介,投手,東京ヤクルトスワローズ,,0,0,0,0,0,0,0,0,0,0,0,0,0,0,2026/09/22
福岡ソフトバンクホークス,岩井 俊介,投手,東北楽天ゴールデンイーグルス,,0,0,0,0,0,0,0,0,0,0,0,0,0,0,2026/09/22
福岡ソフトバンクホークス,岩井 俊介,投手,読売ジャイアンツ,,0,0,0,0,0,0,0,0,0,0,0,0,0,0,2026/09/22
福岡ソフトバンクホークス,岩井 俊介,投手,北海道日本ハムファイターズ,,0,0,0,0,0,0,0,0,0,0,0,0,0,0,2026/09/22
福岡ソフトバンクホークス,安德 駿,投手,オリックス・バファローズ,,0,0,0,0,0,0,0,0,0,0,0,0,0,0,2026/09/22
福岡ソフトバンクホークス,安德 駿,投手,横浜DeNAベイスターズ,,0,0,0,0,0,0,0,0,0,0,0,0,0,0,2026/09/22
福岡ソフトバンクホークス,安德 駿,投手,広島東洋カープ,,0,0,0,0,0,0,0,0,0,0,0,0,0,0,2026/09/22
福岡ソフトバンクホークス,安德 駿,投手,阪神タイガース,,0,0,0,0,0,0,0,0,0,0,0,0,0,0,2026/09/22
福岡ソフトバンクホークス,安德 駿,投手,埼玉西武ライオンズ,,0,0,0,0,0,0,0,0,0,0,0,0,0,0,2026/09/22
福岡ソフトバンクホークス,安德 駿,投手,千葉ロッテマリーンズ,,0,0,0,0,0,0,0,0,0,0,0,0,0,0,2026/09/22
福岡ソフトバンクホークス,安德 駿,投手,中日ドラゴンズ,,0,0,0,0,0,0,0,0,0,0,0,0,0,0,2026/09/22
福岡ソフトバンクホークス,安德 駿,投手,東京ヤクルトスワローズ,,0,0,0,0,0,0,0,0,0,0,0,0,0,0,2026/09/22
福岡ソフトバンクホークス,安德 駿,投手,東北楽天ゴールデンイーグルス,,0,0,0,0,0,0,0,0,0,0,0,0,0,0,2026/09/22
福岡ソフトバンクホークス,安德 駿,投手,読売ジャイアンツ,,0,0,0,0,0,0,0,0,0,0,0,0,0,0,2026/09/22
福岡ソフトバンクホークス,安德 駿,投手,北海道日本ハムファイターズ,,0,0,0,0,0,0,0,0,0,0,0,0,0,0,2026/09/22
福岡ソフトバンクホークス,大江 竜聖,投手,オリックス・バファローズ,,0,0,0,0,0,0,0,0,0,0,0,0,0,0,2026/09/22
福岡ソフトバンクホークス,大江 竜聖,投手,横浜DeNAベイスターズ,,0,0,0,0,0,0,0,0,0,0,0,0,0,0,2026/09/22
福岡ソフトバンクホークス,大江 竜聖,投手,広島東洋カープ,,0,0,0,0,0,0,0,0,0,0,0,0,0,0,2026/09/22
福岡ソフトバンクホークス,大江 竜聖,投手,阪神タイガース,,0,0,0,0,0,0,0,0,0,0,0,0,0,0,2026/09/22
福岡ソフトバンクホークス,大江 竜聖,投手,埼玉西武ライオンズ,,0,0,0,0,0,0,0,0,0,0,0,0,0,0,2026/09/22
福岡ソフトバンクホークス,大江 竜聖,投手,千葉ロッテマリーンズ,,0,0,0,0,0,0,0,0,0,0,0,0,0,0,2026/09/22
福岡ソフトバンクホークス,大江 竜聖,投手,中日ドラゴンズ,,0,0,0,0,0,0,0,0,0,0,0,0,0,0,2026/09/22
福岡ソフトバンクホークス,大江 竜聖,投手,東京ヤクルトスワローズ,,0,0,0,0,0,0,0,0,0,0,0,0,0,0,2026/09/22
福岡ソフトバンクホークス,大江 竜聖,投手,東北楽天ゴールデンイーグルス,,0,0,0,0,0,0,0,0,0,0,0,0,0,0,2026/09/22
福岡ソフトバンクホークス,大江 竜聖,投手,読売ジャイアンツ,,0,0,0,0,0,0,0,0,0,0,0,0,0,0,2026/09/22
福岡ソフトバンクホークス,大江 竜聖,投手,北海道日本ハムファイターズ,,0,0,0,0,0,0,0,0,0,0,0,0,0,0,2026/09/22
福岡ソフトバンクホークス,中村 稔弥,投手,オリックス・バファローズ,,0,0,0,0,0,0,0,0,0,0,0,0,0,0,2026/09/22
福岡ソフトバンクホークス,中村 稔弥,投手,横浜DeNAベイスターズ,,0,0,0,0,0,0,0,0,0,0,0,0,0,0,2026/09/22
福岡ソフトバンクホークス,中村 稔弥,投手,広島東洋カープ,,0,0,0,0,0,0,0,0,0,0,0,0,0,0,2026/09/22
福岡ソフトバンクホークス,中村 稔弥,投手,阪神タイガース,,0,0,0,0,0,0,0,0,0,0,0,0,0,0,2026/09/22
福岡ソフトバンクホークス,中村 稔弥,投手,埼玉西武ライオンズ,,0,0,0,0,0,0,0,0,0,0,0,0,0,0,2026/09/22
福岡ソフトバンクホークス,中村 稔弥,投手,千葉ロッテマリーンズ,,0,0,0,0,0,0,0,0,0,0,0,0,0,0,2026/09/22
福岡ソフトバンクホークス,中村 稔弥,投手,中日ドラゴンズ,,0,0,0,0,0,0,0,0,0,0,0,0,0,0,2026/09/22
福岡ソフトバンクホークス,中村 稔弥,投手,東京ヤクルトスワローズ,,0,0,0,0,0,0,0,0,0,0,0,0,0,0,2026/09/22
福岡ソフトバンクホークス,中村 稔弥,投手,東北楽天ゴールデンイーグルス,,0,0,0,0,0,0,0,0,0,0,0,0,0,0,2026/09/22
福岡ソフトバンクホークス,中村 稔弥,投手,読売ジャイアンツ,,0,0,0,0,0,0,0,0,0,0,0,0,0,0,2026/09/22
福岡ソフトバンクホークス,中村 稔弥,投手,北海道日本ハムファイターズ,,0,0,0,0,0,0,0,0,0,0,0,0,0,0,2026/09/22
福岡ソフトバンクホークス,アルメンタ,投手,オリックス・バファローズ,,0,0,0,0,0,0,0,0,0,0,0,0,0,0,2026/09/22
福岡ソフトバンクホークス,アルメンタ,投手,横浜DeNAベイスターズ,,0,0,0,0,0,0,0,0,0,0,0,0,0,0,2026/09/22
福岡ソフトバンクホークス,アルメンタ,投手,広島東洋カープ,,0,0,0,0,0,0,0,0,0,0,0,0,0,0,2026/09/22
福岡ソフトバンクホークス,アルメンタ,投手,阪神タイガース,,0,0,0,0,0,0,0,0,0,0,0,0,0,0,2026/09/22
福岡ソフトバンクホークス,アルメンタ,投手,埼玉西武ライオンズ,,0,0,0,0,0,0,0,0,0,0,0,0,0,0,2026/09/22
福岡ソフトバンクホークス,アルメンタ,投手,千葉ロッテマリーンズ,,0,0,0,0,0,0,0,0,0,0,0,0,0,0,2026/09/22
福岡ソフトバンクホークス,アルメンタ,投手,中日ドラゴンズ,,0,0,0,0,0,0,0,0,0,0,0,0,0,0,2026/09/22
福岡ソフトバンクホークス,アルメンタ,投手,東京ヤクルトスワローズ,,0,0,0,0,0,0,0,0,0,0,0,0,0,0,2026/09/22
福岡ソフトバンクホークス,アルメンタ,投手,東北楽天ゴールデンイーグルス,,0,0,0,0,0,0,0,0,0,0,0,0,0,0,2026/09/22
福岡ソフトバンクホークス,アルメンタ,投手,読売ジャイアンツ,0.000,1,1,0,0,0,0,0,0,1,0,0,0,0,1,2026/09/22
福岡ソフトバンクホークス,アルメンタ,投手,北海道日本ハムファイターズ,,0,0,0,0,0,0,0,0,0,0,0,0,0,0,2026/09/22
福岡ソフトバンクホークス,モイネロ,投手,オリックス・バファローズ,,0,0,0,0,0,0,0,0,0,0,0,0,0,0,2026/09/22
福岡ソフトバンクホークス,モイネロ,投手,横浜DeNAベイスターズ,,0,0,0,0,0,0,0,0,0,0,0,0,0,0,2026/09/22
福岡ソフトバンクホークス,モイネロ,投手,広島東洋カープ,,0,0,0,0,0,0,0,0,0,0,0,0,0,0,2026/09/22
福岡ソフトバンクホークス,モイネロ,投手,阪神タイガース,,0,0,0,0,0,0,0,0,0,0,0,0,0,0,2026/09/22
福岡ソフトバンクホークス,モイネロ,投手,埼玉西武ライオンズ,,0,0,0,0,0,0,0,0,0,0,0,0,0,0,2026/09/22
福岡ソフトバンクホークス,モイネロ,投手,千葉ロッテマリーンズ,,0,0,0,0,0,0,0,0,0,0,0,0,0,0,2026/09/22
福岡ソフトバンクホークス,モイネロ,投手,中日ドラゴンズ,,0,0,0,0,0,0,0,0,0,0,0,0,0,0,2026/09/22
福岡ソフトバンクホークス,モイネロ,投手,東京ヤクルトスワローズ,,0,0,0,0,0,0,0,0,0,0,0,0,0,0,2026/09/22
福岡ソフトバンクホークス,モイネロ,投手,東北楽天ゴールデンイーグルス,,0,0,0,0,0,0,0,0,0,0,0,0,0,0,2026/09/22
福岡ソフトバンクホークス,モイネロ,投手,読売ジャイアンツ,,0,0,0,0,0,0,0,0,0,0,0,0,0,0,2026/09/22
福岡ソフトバンクホークス,モイネロ,投手,北海道日本ハムファイターズ,,0,0,0,0,0,0,0,0,0,0,0,0,0,0,2026/09/22
福岡ソフトバンクホークス,尾形 崇斗,投手,オリックス・バファローズ,,0,0,0,0,0,0,0,0,0,0,0,0,0,0,2026/09/22
福岡ソフトバンクホークス,尾形 崇斗,投手,横浜DeNAベイスターズ,,0,0,0,0,0,0,0,0,0,0,0,0,0,8,2026/09/22
福岡ソフトバンクホークス,尾形 崇斗,投手,広島東洋カープ,0.000,3,3,0,0,0,0,0,0,2,0,0,0,0,1,2026/09/22
福岡ソフトバンクホークス,尾形 崇斗,投手,阪神タイガース,0.200,5,5,1,1,0,0,0,0,3,0,0,0,0,1,2026/09/22
福岡ソフトバンクホークス,尾形 崇斗,投手,埼玉西武ライオンズ,,0,0,0,0,0,0,0,0,0,0,0,0,0,0,2026/09/22
福岡ソフトバンクホークス,尾形 崇斗,投手,千葉ロッテマリーンズ,,0,0,0,0,0,0,0,0,0,0,0,0,0,0,2026/09/22
福岡ソフトバンクホークス,尾形 崇斗,投手,中日ドラゴンズ,0.000,4,4,0,0,0,0,0,0,3,0,0,0,0,2,2026/09/22
福岡ソフトバンクホークス,尾形 崇斗,投手,東京ヤクルトスワローズ,0.000,7,6,0,0,0,0,0,0,1,0,1,0,0,1,2026/09/22
福岡ソフトバンクホークス,尾形 崇斗,投手,東北楽天ゴールデンイーグルス,,0,0,0,0,0,0,0,0,0,0,0,0,0,0,2026/09/22
福岡ソフトバンクホークス,尾形 崇斗,投手,読売ジャイアンツ,0.000,5,4,0,0,0,0,0,0,2,0,1,0,0,0,2026/09/22
福岡ソフトバンクホークス,尾形 崇斗,投手,北海道日本ハムファイターズ,,0,0,0,0,0,0,0,0,0,0,0,0,0,0,2026/09/22
福岡ソフトバンクホークス,杉山 一樹,投手,オリックス・バファローズ,,0,0,0,0,0,0,0,0,0,0,0,0,0,0,2026/09/22
福岡ソフトバンクホークス,杉山 一樹,投手,横浜DeNAベイスターズ,,0,0,0,0,0,0,0,0,0,0,0,0,0,0,2026/09/22
福岡ソフトバンクホークス,杉山 一樹,投手,広島東洋カープ,,0,0,0,0,0,0,0,0,0,0,0,0,0,0,2026/09/22
福岡ソフトバンクホークス,杉山 一樹,投手,阪神タイガース,,0,0,0,0,0,0,0,0,0,0,0,0,0,0,2026/09/22
福岡ソフトバンクホークス,杉山 一樹,投手,埼玉西武ライオンズ,,0,0,0,0,0,0,0,0,0,0,0,0,0,0,2026/09/22
福岡ソフトバンクホークス,杉山 一樹,投手,千葉ロッテマリーンズ,,0,0,0,0,0,0,0,0,0,0,0,0,0,0,2026/09/22
福岡ソフトバンクホークス,杉山 一樹,投手,中日ドラゴンズ,,0,0,0,0,0,0,0,0,0,0,0,0,0,0,2026/09/22
福岡ソフトバンクホークス,杉山 一樹,投手,東京ヤクルトスワローズ,,0,0,0,0,0,0,0,0,0,0,0,0,0,0,2026/09/22
福岡ソフトバンクホークス,杉山 一樹,投手,東北楽天ゴールデンイーグルス,,0,0,0,0,0,0,0,0,0,0,0,0,0,0,2026/09/22
福岡ソフトバンクホークス,杉山 一樹,投手,読売ジャイアンツ,,0,0,0,0,0,0,0,0,0,0,0,0,0,0,2026/09/22
福岡ソフトバンクホークス,杉山 一樹,投手,北海道日本ハムファイターズ,,0,0,0,0,0,0,0,0,0,0,0,0,0,0,2026/09/22
福岡ソフトバンクホークス,前田 悠伍,投手,オリックス・バファローズ,,0,0,0,0,0,0,0,0,0,0,0,0,0,0,2026/09/22
福岡ソフトバンクホークス,前田 悠伍,投手,横浜DeNAベイスターズ,0.000,3,2,0,0,0,0,0,0,1,0,1,0,0,1,2026/09/22
福岡ソフトバンクホークス,前田 悠伍,投手,広島東洋カープ,,0,0,0,0,0,0,0,0,0,0,0,0,0,0,2026/09/22
福岡ソフトバンクホークス,前田 悠伍,投手,阪神タイガース,,0,0,0,0,0,0,0,0,0,0,0,0,0,0,2026/09/22
福岡ソフトバンクホークス,前田 悠伍,投手,埼玉西武ライオンズ,,0,0,0,0,0,0,0,0,0,0,0,0,0,0,2026/09/22
福岡ソフトバンクホークス,前田 悠伍,投手,千葉ロッテマリーンズ,,0,0,0,0,0,0,0,0,0,0,0,0,0,0,2026/09/22
福岡ソフトバンクホークス,前田 悠伍,投手,中日ドラゴンズ,,0,0,0,0,0,0,0,0,0,0,0,0,0,0,2026/09/22
福岡ソフトバンクホークス,前田 悠伍,投手,東京ヤクルトスワローズ,,0,0,0,0,0,0,0,0,0,0,0,0,0,0,2026/09/22
福岡ソフトバンクホークス,前田 悠伍,投手,東北楽天ゴールデンイーグルス,,0,0,0,0,0,0,0,0,0,0,0,0,0,0,2026/09/22
福岡ソフトバンクホークス,前田 悠伍,投手,読売ジャイアンツ,,0,0,0,0,0,0,0,0,0,0,0,0,0,0,2026/09/22
福岡ソフトバンクホークス,前田 悠伍,投手,北海道日本ハムファイターズ,,0,0,0,0,0,0,0,0,0,0,0,0,0,0,2026/09/22
福岡ソフトバンクホークス,伊藤 優輔,投手,オリックス・バファローズ,,0,0,0,0,0,0,0,0,0,0,0,0,0,0,2026/09/22
福岡ソフトバンクホークス,伊藤 優輔,投手,横浜DeNAベイスターズ,,0,0,0,0,0,0,0,0,0,0,0,0,0,0,2026/09/22
福岡ソフトバンクホークス,伊藤 優輔,投手,広島東洋カープ,,0,0,0,0,0,0,0,0,0,0,0,0,0,0,2026/09/22
福岡ソフトバンクホークス,伊藤 優輔,投手,阪神タイガース,,0,0,0,0,0,0,0,0,0,0,0,0,0,0,2026/09/22
福岡ソフトバンクホークス,伊藤 優輔,投手,埼玉西武ライオンズ,,0,0,0,0,0,0,0,0,0,0,0,0,0,0,2026/09/22
福岡ソフトバンクホークス,伊藤 優輔,投手,千葉ロッテマリーンズ,,0,0,0,0,0,0,0,0,0,0,0,0,0,0,2026/09/22
福岡ソフトバンクホークス,伊藤 優輔,投手,中日ドラゴンズ,,0,0,0,0,0,0,0,0,0,0,0,0,0,0,2026/09/22
福岡ソフトバンクホークス,伊藤 優輔,投手,東京ヤクルトスワローズ,,0,0,0,0,0,0,0,0,0,0,0,0,0,0,2026/09/22
福岡ソフトバンクホークス,伊藤 優輔,投手,東北楽天ゴールデンイーグルス,,0,0,0,0,0,0,0,0,0,0,0,0,0,0,2026/09/22
福岡ソフトバンクホークス,伊藤 優輔,投手,読売ジャイアンツ,,0,0,0,0,0,0,0,0,0,0,0,0,0,0,2026/09/22
福岡ソフトバンクホークス,伊藤 優輔,投手,北海道日本ハムファイターズ,,0,0,0,0,0,0,0,0,0,0,0,0,0,0,2026/09/22
福岡ソフトバンクホークス,北斗,投手,オリックス・バファローズ,,0,0,0,0,0,0,0,0,0,0,0,0,0,0,2026/09/22
福岡ソフトバンクホークス,北斗,投手,横浜DeNAベイスターズ,,0,0,0,0,0,0,0,0,0,0,0,0,0,0,2026/09/22
福岡ソフトバンクホークス,北斗,投手,広島東洋カープ,,0,0,0,0,0,0,0,0,0,0,0,0,0,0,2026/09/22
福岡ソフトバンクホークス,北斗,投手,阪神タイガース,,0,0,0,0,0,0,0,0,0,0,0,0,0,0,2026/09/22
福岡ソフトバンクホークス,北斗,投手,埼玉西武ライオンズ,,0,0,0,0,0,0,0,0,0,0,0,0,0,0,2026/09/22
福岡ソフトバンクホークス,北斗,投手,千葉ロッテマリーンズ,,0,0,0,0,0,0,0,0,0,0,0,0,0,0,2026/09/22
福岡ソフトバンクホークス,北斗,投手,中日ドラゴンズ,,0,0,0,0,0,0,0,0,0,0,0,0,0,0,2026/09/22
福岡ソフトバンクホークス,北斗,投手,東京ヤクルトスワローズ,,0,0,0,0,0,0,0,0,0,0,0,0,0,0,2026/09/22
福岡ソフトバンクホークス,北斗,投手,東北楽天ゴールデンイーグルス,,0,0,0,0,0,0,0,0,0,0,0,0,0,0,2026/09/22
福岡ソフトバンクホークス,北斗,投手,読売ジャイアンツ,,0,0,0,0,0,0,0,0,0,0,0,0,0,0,2026/09/22
福岡ソフトバンクホークス,北斗,投手,北海道日本ハムファイターズ,,0,0,0,0,0,0,0,0,0,0,0,0,0,0,2026/09/22
福岡ソフトバンクホークス,大関 友久,投手,オリックス・バファローズ,,0,0,0,0,0,0,0,0,0,0,0,0,0,0,2026/09/22
福岡ソフトバンクホークス,大関 友久,投手,横浜DeNAベイスターズ,0.000,2,2,0,0,0,0,0,0,0,0,0,0,0,1,2026/09/22
福岡ソフトバンクホークス,大関 友久,投手,広島東洋カープ,,0,0,0,0,0,0,0,0,0,0,0,0,0,0,2026/09/22
福岡ソフトバンクホークス,大関 友久,投手,阪神タイガース,,0,0,0,0,0,0,0,0,0,0,0,0,0,0,2026/09/22
福岡ソフトバンクホークス,大関 友久,投手,埼玉西武ライオンズ,,0,0,0,0,0,0,0,0,0,0,0,0,0,0,2026/09/22
福岡ソフトバンクホークス,大関 友久,投手,千葉ロッテマリーンズ,,0,0,0,0,0,0,0,0,0,0,0,0,0,0,2026/09/22
福岡ソフトバンクホークス,大関 友久,投手,中日ドラゴンズ,,0,0,0,0,0,0,0,0,0,0,0,0,0,0,2026/09/22
福岡ソフトバンクホークス,大関 友久,投手,東京ヤクルトスワローズ,,0,0,0,0,0,0,0,0,0,0,0,0,0,0,2026/09/22
福岡ソフトバンクホークス,大関 友久,投手,東北楽天ゴールデンイーグルス,,0,0,0,0,0,0,0,0,0,0,0,0,0,0,2026/09/22
福岡ソフトバンクホークス,大関 友久,投手,読売ジャイアンツ,,0,0,0,0,0,0,0,0,0,0,0,0,0,0,2026/09/22
福岡ソフトバンクホークス,大関 友久,投手,北海道日本ハムファイターズ,,0,0,0,0,0,0,0,0,0,0,0,0,0,0,2026/09/22
福岡ソフトバンクホークス,藤井 皓哉,投手,オリックス・バファローズ,,0,0,0,0,0,0,0,0,0,0,0,0,0,0,2026/09/22
福岡ソフトバンクホークス,藤井 皓哉,投手,横浜DeNAベイスターズ,,0,0,0,0,0,0,0,0,0,0,0,0,0,0,2026/09/22
福岡ソフトバンクホークス,藤井 皓哉,投手,広島東洋カープ,,0,0,0,0,0,0,0,0,0,0,0,0,0,0,2026/09/22
福岡ソフトバンクホークス,藤井 皓哉,投手,阪神タイガース,,0,0,0,0,0,0,0,0,0,0,0,0,0,0,2026/09/22
福岡ソフトバンクホークス,藤井 皓哉,投手,埼玉西武ライオンズ,,0,0,0,0,0,0,0,0,0,0,0,0,0,0,2026/09/22
福岡ソフトバンクホークス,藤井 皓哉,投手,千葉ロッテマリーンズ,,0,0,0,0,0,0,0,0,0,0,0,0,0,0,2026/09/22
福岡ソフトバンクホークス,藤井 皓哉,投手,中日ドラゴンズ,,0,0,0,0,0,0,0,0,0,0,0,0,0,0,2026/09/22
福岡ソフトバンクホークス,藤井 皓哉,投手,東京ヤクルトスワローズ,,0,0,0,0,0,0,0,0,0,0,0,0,0,0,2026/09/22
福岡ソフトバンクホークス,藤井 皓哉,投手,東北楽天ゴールデンイーグルス,,0,0,0,0,0,0,0,0,0,0,0,0,0,0,2026/09/22
福岡ソフトバンクホークス,藤井 皓哉,投手,読売ジャイアンツ,,0,0,0,0,0,0,0,0,0,0,0,0,0,0,2026/09/22
福岡ソフトバンクホークス,藤井 皓哉,投手,北海道日本ハムファイターズ,,0,0,0,0,0,0,0,0,0,0,0,0,0,0,2026/09/22
福岡ソフトバンクホークス,松本 晴,投手,オリックス・バファローズ,,0,0,0,0,0,0,0,0,0,0,0,0,0,0,2026/09/22
福岡ソフトバンクホークス,松本 晴,投手,横浜DeNAベイスターズ,,0,0,0,0,0,0,0,0,0,0,0,0,0,0,2026/09/22
福岡ソフトバンクホークス,松本 晴,投手,広島東洋カープ,,0,0,0,0,0,0,0,0,0,0,0,0,0,0,2026/09/22
福岡ソフトバンクホークス,松本 晴,投手,阪神タイガース,,0,0,0,0,0,0,0,0,0,0,0,0,0,0,2026/09/22
福岡ソフトバンクホークス,松本 晴,投手,埼玉西武ライオンズ,,0,0,0,0,0,0,0,0,0,0,0,0,0,0,2026/09/22
福岡ソフトバンクホークス,松本 晴,投手,千葉ロッテマリーンズ,,0,0,0,0,0,0,0,0,0,0,0,0,0,0,2026/09/22
福岡ソフトバンクホークス,松本 晴,投手,中日ドラゴンズ,0.000,3,2,0,0,0,0,0,0,1,0,1,0,0,1,2026/09/22
福岡ソフトバンクホークス,松本 晴,投手,東京ヤクルトスワローズ,,0,0,0,0,0,0,0,0,0,0,0,0,0,0,2026/09/22
福岡ソフトバンクホークス,松本 晴,投手,東北楽天ゴールデンイーグルス,,0,0,0,0,0,0,0,0,0,0,0,0,0,0,2026/09/22
福岡ソフトバンクホークス,松本 晴,投手,読売ジャイアンツ,,0,0,0,0,0,0,0,0,0,0,0,0,0,0,2026/09/22
福岡ソフトバンクホークス,松本 晴,投手,北海道日本ハムファイターズ,,0,0,0,0,0,0,0,0,0,0,0,0,0,0,2026/09/22
福岡ソフトバンクホークス,相良 雅斗,投手,オリックス・バファローズ,,0,0,0,0,0,0,0,0,0,0,0,0,0,0,2026/09/22
福岡ソフトバンクホークス,相良 雅斗,投手,横浜DeNAベイスターズ,,0,0,0,0,0,0,0,0,0,0,0,0,0,0,2026/09/22
福岡ソフトバンクホークス,相良 雅斗,投手,広島東洋カープ,,0,0,0,0,0,0,0,0,0,0,0,0,0,0,2026/09/22
福岡ソフトバンクホークス,相良 雅斗,投手,阪神タイガース,,0,0,0,0,0,0,0,0,0,0,0,0,0,0,2026/09/22
福岡ソフトバンクホークス,相良 雅斗,投手,埼玉西武ライオンズ,,0,0,0,0,0,0,0,0,0,0,0,0,0,0,2026/09/22
福岡ソフトバンクホークス,相良 雅斗,投手,千葉ロッテマリーンズ,,0,0,0,0,0,0,0,0,0,0,0,0,0,0,2026/09/22
福岡ソフトバンクホークス,相良 雅斗,投手,中日ドラゴンズ,,0,0,0,0,0,0,0,0,0,0,0,0,0,0,2026/09/22
福岡ソフトバンクホークス,相良 雅斗,投手,東京ヤクルトスワローズ,,0,0,0,0,0,0,0,0,0,0,0,0,0,0,2026/09/22
福岡ソフトバンクホークス,相良 雅斗,投手,東北楽天ゴールデンイーグルス,,0,0,0,0,0,0,0,0,0,0,0,0,0,0,2026/09/22
福岡ソフトバンクホークス,相良 雅斗,投手,読売ジャイアンツ,,0,0,0,0,0,0,0,0,0,0,0,0,0,0,2026/09/22
福岡ソフトバンクホークス,相良 雅斗,投手,北海道日本ハムファイターズ,,0,0,0,0,0,0,0,0,0,0,0,0,0,0,2026/09/22
福岡ソフトバンクホークス,前田 純,投手,オリックス・バファローズ,,0,0,0,0,0,0,0,0,0,0,0,0,0,0,2026/09/22
福岡ソフトバンクホークス,前田 純,投手,横浜DeNAベイスターズ,,0,0,0,0,0,0,0,0,0,0,0,0,0,0,2026/09/22
福岡ソフトバンクホークス,前田 純,投手,広島東洋カープ,,0,0,0,0,0,0,0,0,0,0,0,0,0,0,2026/09/22
福岡ソフトバンクホークス,前田 純,投手,阪神タイガース,,0,0,0,0,0,0,0,0,0,0,0,0,0,0,2026/09/22
福岡ソフトバンクホークス,前田 純,投手,埼玉西武ライオンズ,,0,0,0,0,0,0,0,0,0,0,0,0,0,0,2026/09/22
福岡ソフトバンクホークス,前田 純,投手,千葉ロッテマリーンズ,,0,0,0,0,0,0,0,0,0,0,0,0,0,0,2026/09/22
福岡ソフトバンクホークス,前田 純,投手,中日ドラゴンズ,,0,0,0,0,0,0,0,0,0,0,0,0,0,0,2026/09/22
福岡ソフトバンクホークス,前田 純,投手,東京ヤクルトスワローズ,,0,0,0,0,0,0,0,0,0,0,0,0,0,0,2026/09/22
福岡ソフトバンクホークス,前田 純,投手,東北楽天ゴールデンイーグルス,,0,0,0,0,0,0,0,0,0,0,0,0,0,0,2026/09/22
福岡ソフトバンクホークス,前田 純,投手,読売ジャイアンツ,,0,0,0,0,0,0,0,0,0,0,0,0,0,0,2026/09/22
福岡ソフトバンクホークス,前田 純,投手,北海道日本ハムファイターズ,,0,0,0,0,0,0,0,0,0,0,0,0,0,0,2026/09/22
福岡ソフトバンクホークス,大山 凌,投手,オリックス・バファローズ,,0,0,0,0,0,0,0,0,0,0,0,0,0,0,2026/09/22
福岡ソフトバンクホークス,大山 凌,投手,横浜DeNAベイスターズ,,0,0,0,0,0,0,0,0,0,0,0,0,0,0,2026/09/22
福岡ソフトバンクホークス,大山 凌,投手,広島東洋カープ,,0,0,0,0,0,0,0,0,0,0,0,0,0,0,2026/09/22
福岡ソフトバンクホークス,大山 凌,投手,阪神タイガース,,0,0,0,0,0,0,0,0,0,0,0,0,0,0,2026/09/22
福岡ソフトバンクホークス,大山 凌,投手,埼玉西武ライオンズ,,0,0,0,0,0,0,0,0,0,0,0,0,0,0,2026/09/22
福岡ソフトバンクホークス,大山 凌,投手,千葉ロッテマリーンズ,,0,0,0,0,0,0,0,0,0,0,0,0,0,0,2026/09/22
福岡ソフトバンクホークス,大山 凌,投手,中日ドラゴンズ,,0,0,0,0,0,0,0,0,0,0,0,0,0,0,2026/09/22
福岡ソフトバンクホークス,大山 凌,投手,東京ヤクルトスワローズ,,0,0,0,0,0,0,0,0,0,0,0,0,0,0,2026/09/22
福岡ソフトバンクホークス,大山 凌,投手,東北楽天ゴールデンイーグルス,,0,0,0,0,0,0,0,0,0,0,0,0,0,0,2026/09/22
福岡ソフトバンクホークス,大山 凌,投手,読売ジャイアンツ,,0,0,0,0,0,0,0,0,0,0,0,0,0,0,2026/09/22
福岡ソフトバンクホークス,大山 凌,投手,北海道日本ハムファイターズ,,0,0,0,0,0,0,0,0,0,0,0,0,0,0,2026/09/22
福岡ソフトバンクホークス,オスナ,投手,オリックス・バファローズ,,0,0,0,0,0,0,0,0,0,0,0,0,0,0,2026/09/22
福岡ソフトバンクホークス,オスナ,投手,横浜DeNAベイスターズ,,0,0,0,0,0,0,0,0,0,0,0,0,0,0,2026/09/22
福岡ソフトバンクホークス,オスナ,投手,広島東洋カープ,,0,0,0,0,0,0,0,0,0,0,0,0,0,0,2026/09/22
福岡ソフトバンクホークス,オスナ,投手,阪神タイガース,,0,0,0,0,0,0,0,0,0,0,0,0,0,0,2026/09/22
福岡ソフトバンクホークス,オスナ,投手,埼玉西武ライオンズ,,0,0,0,0,0,0,0,0,0,0,0,0,0,0,2026/09/22
福岡ソフトバンクホークス,オスナ,投手,千葉ロッテマリーンズ,,0,0,0,0,0,0,0,0,0,0,0,0,0,0,2026/09/22
福岡ソフトバンクホークス,オスナ,投手,中日ドラゴンズ,,0,0,0,0,0,0,0,0,0,0,0,0,0,0,2026/09/22
福岡ソフトバンクホークス,オスナ,投手,東京ヤクルトスワローズ,,0,0,0,0,0,0,0,0,0,0,0,0,0,0,2026/09/22
福岡ソフトバンクホークス,オスナ,投手,東北楽天ゴールデンイーグルス,,0,0,0,0,0,0,0,0,0,0,0,0,0,0,2026/09/22
福岡ソフトバンクホークス,オスナ,投手,読売ジャイアンツ,,0,0,0,0,0,0,0,0,0,0,0,0,0,0,2026/09/22
福岡ソフトバンクホークス,オスナ,投手,北海道日本ハムファイターズ,,0,0,0,0,0,0,0,0,0,0,0,0,0,0,2026/09/22
福岡ソフトバンクホークス,木村 大成,投手,オリックス・バファローズ,,0,0,0,0,0,0,0,0,0,0,0,0,0,0,2026/09/22
福岡ソフトバンクホークス,木村 大成,投手,横浜DeNAベイスターズ,,0,0,0,0,0,0,0,0,0,0,0,0,0,0,2026/09/22
福岡ソフトバンクホークス,木村 大成,投手,広島東洋カープ,,0,0,0,0,0,0,0,0,0,0,0,0,0,0,2026/09/22
福岡ソフトバンクホークス,木村 大成,投手,阪神タイガース,,0,0,0,0,0,0,0,0,0,0,0,0,0,0,2026/09/22
福岡ソフトバンクホークス,木村 大成,投手,埼玉西武ライオンズ,,0,0,0,0,0,0,0,0,0,0,0,0,0,0,2026/09/22
福岡ソフトバンクホークス,木村 大成,投手,千葉ロッテマリーンズ,,0,0,0,0,0,0,0,0,0,0,0,0,0,0,2026/09/22
福岡ソフトバンクホークス,木村 大成,投手,中日ドラゴンズ,,0,0,0,0,0,0,0,0,0,0,0,0,0,0,2026/09/22
福岡ソフトバンクホークス,木村 大成,投手,東京ヤクルトスワローズ,,0,0,0,0,0,0,0,0,0,0,0,0,0,0,2026/09/22
福岡ソフトバンクホークス,木村 大成,投手,東北楽天ゴールデンイーグルス,,0,0,0,0,0,0,0,0,0,0,0,0,0,0,2026/09/22
福岡ソフトバンクホークス,木村 大成,投手,読売ジャイアンツ,,0,0,0,0,0,0,0,0,0,0,0,0,0,0,2026/09/22
福岡ソフトバンクホークス,木村 大成,投手,北海道日本ハムファイターズ,,0,0,0,0,0,0,0,0,0,0,0,0,0,0,2026/09/22
福岡ソフトバンクホークス,大竹 風雅,投手,オリックス・バファローズ,,0,0,0,0,0,0,0,0,0,0,0,0,0,0,2026/09/22
福岡ソフトバンクホークス,大竹 風雅,投手,横浜DeNAベイスターズ,,0,0,0,0,0,0,0,0,0,0,0,0,0,0,2026/09/22
福岡ソフトバンクホークス,大竹 風雅,投手,広島東洋カープ,,0,0,0,0,0,0,0,0,0,0,0,0,0,0,2026/09/22
福岡ソフトバンクホークス,大竹 風雅,投手,阪神タイガース,,0,0,0,0,0,0,0,0,0,0,0,0,0,0,2026/09/22
福岡ソフトバンクホークス,大竹 風雅,投手,埼玉西武ライオンズ,,0,0,0,0,0,0,0,0,0,0,0,0,0,0,2026/09/22
福岡ソフトバンクホークス,大竹 風雅,投手,千葉ロッテマリーンズ,,0,0,0,0,0,0,0,0,0,0,0,0,0,0,2026/09/22
福岡ソフトバンクホークス,大竹 風雅,投手,中日ドラゴンズ,,0,0,0,0,0,0,0,0,0,0,0,0,0,0,2026/09/22
福岡ソフトバンクホークス,大竹 風雅,投手,東京ヤクルトスワローズ,,0,0,0,0,0,0,0,0,0,0,0,0,0,0,2026/09/22
福岡ソフトバンクホークス,大竹 風雅,投手,東北楽天ゴールデンイーグルス,,0,0,0,0,0,0,0,0,0,0,0,0,0,0,2026/09/22
福岡ソフトバンクホークス,大竹 風雅,投手,読売ジャイアンツ,,0,0,0,0,0,0,0,0,0,0,0,0,0,0,2026/09/22
福岡ソフトバンクホークス,大竹 風雅,投手,北海道日本ハムファイターズ,,0,0,0,0,0,0,0,0,0,0,0,0,0,0,2026/09/22
福岡ソフトバンクホークス,大野 稼頭央,投手,オリックス・バファローズ,,0,0,0,0,0,0,0,0,0,0,0,0,0,0,2026/09/22
福岡ソフトバンクホークス,大野 稼頭央,投手,横浜DeNAベイスターズ,,0,0,0,0,0,0,0,0,0,0,0,0,0,0,2026/09/22
福岡ソフトバンクホークス,大野 稼頭央,投手,広島東洋カープ,,0,0,0,0,0,0,0,0,0,0,0,0,0,0,2026/09/22
福岡ソフトバンクホークス,大野 稼頭央,投手,阪神タイガース,,0,0,0,0,0,0,0,0,0,0,0,0,0,0,2026/09/22
福岡ソフトバンクホークス,大野 稼頭央,投手,埼玉西武ライオンズ,,0,0,0,0,0,0,0,0,0,0,0,0,0,0,2026/09/22
福岡ソフトバンクホークス,大野 稼頭央,投手,千葉ロッテマリーンズ,,0,0,0,0,0,0,0,0,0,0,0,0,0,0,2026/09/22
福岡ソフトバンクホークス,大野 稼頭央,投手,中日ドラゴンズ,,0,0,0,0,0,0,0,0,0,0,0,0,0,0,2026/09/22
福岡ソフトバンクホークス,大野 稼頭央,投手,東京ヤクルトスワローズ,,0,0,0,0,0,0,0,0,0,0,0,0,0,0,2026/09/22
福岡ソフトバンクホークス,大野 稼頭央,投手,東北楽天ゴールデンイーグルス,,0,0,0,0,0,0,0,0,0,0,0,0,0,0,2026/09/22
福岡ソフトバンクホークス,大野 稼頭央,投手,読売ジャイアンツ,,0,0,0,0,0,0,0,0,0,0,0,0,0,0,2026/09/22
福岡ソフトバンクホークス,大野 稼頭央,投手,北海道日本ハムファイターズ,,0,0,0,0,0,0,0,0,0,0,0,0,0,0,2026/09/22
福岡ソフトバンクホークス,ヘルナンデス,投手,オリックス・バファローズ,,0,0,0,0,0,0,0,0,0,0,0,0,0,0,2026/09/22
福岡ソフトバンクホークス,ヘルナンデス,投手,横浜DeNAベイスターズ,,0,0,0,0,0,0,0,0,0,0,0,0,0,0,2026/09/22
福岡ソフトバンクホークス,ヘルナンデス,投手,広島東洋カープ,,0,0,0,0,0,0,0,0,0,0,0,0,0,0,2026/09/22
福岡ソフトバンクホークス,ヘルナンデス,投手,阪神タイガース,,0,0,0,0,0,0,0,0,0,0,0,0,0,0,2026/09/22
福岡ソフトバンクホークス,ヘルナンデス,投手,埼玉西武ライオンズ,,0,0,0,0,0,0,0,0,0,0,0,0,0,0,2026/09/22
福岡ソフトバンクホークス,ヘルナンデス,投手,千葉ロッテマリーンズ,,0,0,0,0,0,0,0,0,0,0,0,0,0,0,2026/09/22
福岡ソフトバンクホークス,ヘルナンデス,投手,中日ドラゴンズ,,0,0,0,0,0,0,0,0,0,0,0,0,0,0,2026/09/22
福岡ソフトバンクホークス,ヘルナンデス,投手,東京ヤクルトスワローズ,,0,0,0,0,0,0,0,0,0,0,0,0,0,0,2026/09/22
福岡ソフトバンクホークス,ヘルナンデス,投手,東北楽天ゴールデンイーグルス,,0,0,0,0,0,0,0,0,0,0,0,0,0,0,2026/09/22
福岡ソフトバンクホークス,ヘルナンデス,投手,読売ジャイアンツ,,0,0,0,0,0,0,0,0,0,0,0,0,0,0,2026/09/22
福岡ソフトバンクホークス,ヘルナンデス,投手,北海道日本ハムファイターズ,,0,0,0,0,0,0,0,0,0,0,0,0,0,0,2026/09/22
福岡ソフトバンクホークス,上茶谷 大河,投手,オリックス・バファローズ,,0,0,0,0,0,0,0,0,0,0,0,0,0,0,2026/09/22
福岡ソフトバンクホークス,上茶谷 大河,投手,横浜DeNAベイスターズ,,0,0,0,0,0,0,0,0,0,0,0,0,0,0,2026/09/22
福岡ソフトバンクホークス,上茶谷 大河,投手,広島東洋カープ,,0,0,0,0,0,0,0,0,0,0,0,0,0,0,2026/09/22
福岡ソフトバンクホークス,上茶谷 大河,投手,阪神タイガース,,0,0,0,0,0,0,0,0,0,0,0,0,0,0,2026/09/22
福岡ソフトバンクホークス,上茶谷 大河,投手,埼玉西武ライオンズ,,0,0,0,0,0,0,0,0,0,0,0,0,0,0,2026/09/22
福岡ソフトバンクホークス,上茶谷 大河,投手,千葉ロッテマリーンズ,,0,0,0,0,0,0,0,0,0,0,0,0,0,0,2026/09/22
福岡ソフトバンクホークス,上茶谷 大河,投手,中日ドラゴンズ,,0,0,0,0,0,0,0,0,0,0,0,0,0,0,2026/09/22
福岡ソフトバンクホークス,上茶谷 大河,投手,東京ヤクルトスワローズ,,0,0,0,0,0,0,0,0,0,0,0,0,0,0,2026/09/22
福岡ソフトバンクホークス,上茶谷 大河,投手,東北楽天ゴールデンイーグルス,,0,0,0,0,0,0,0,0,0,0,0,0,0,0,2026/09/22
福岡ソフトバンクホークス,上茶谷 大河,投手,読売ジャイアンツ,,0,0,0,0,0,0,0,0,0,0,0,0,0,0,2026/09/22
福岡ソフトバンクホークス,上茶谷 大河,投手,北海道日本ハムファイターズ,,0,0,0,0,0,0,0,0,0,0,0,0,0,0,2026/09/22
福岡ソフトバンクホークス,松本 裕樹,投手,オリックス・バファローズ,,0,0,0,0,0,0,0,0,0,0,0,0,0,0,2026/09/22
福岡ソフトバンクホークス,松本 裕樹,投手,横浜DeNAベイスターズ,,0,0,0,0,0,0,0,0,0,0,0,0,0,0,2026/09/22
福岡ソフトバンクホークス,松本 裕樹,投手,広島東洋カープ,,0,0,0,0,0,0,0,0,0,0,0,0,0,0,2026/09/22
福岡ソフトバンクホークス,松本 裕樹,投手,阪神タイガース,,0,0,0,0,0,0,0,0,0,0,0,0,0,0,2026/09/22
福岡ソフトバンクホークス,松本 裕樹,投手,埼玉西武ライオンズ,,0,0,0,0,0,0,0,0,0,0,0,0,0,0,2026/09/22
福岡ソフトバンクホークス,松本 裕樹,投手,千葉ロッテマリーンズ,,0,0,0,0,0,0,0,0,0,0,0,0,0,0,2026/09/22
福岡ソフトバンクホークス,松本 裕樹,投手,中日ドラゴンズ,,0,0,0,0,0,0,0,0,0,0,0,0,0,0,2026/09/22
福岡ソフトバンクホークス,松本 裕樹,投手,東京ヤクルトスワローズ,,0,0,0,0,0,0,0,0,0,0,0,0,0,0,2026/09/22
福岡ソフトバンクホークス,松本 裕樹,投手,東北楽天ゴールデンイーグルス,,0,0,0,0,0,0,0,0,0,0,0,0,0,0,2026/09/22
福岡ソフトバンクホークス,松本 裕樹,投手,読売ジャイアンツ,,0,0,0,0,0,0,0,0,0,0,0,0,0,0,2026/09/22
福岡ソフトバンクホークス,松本 裕樹,投手,北海道日本ハムファイターズ,,0,0,0,0,0,0,0,0,0,0,0,0,0,0,2026/09/22
福岡ソフトバンクホークス,木村 光,投手,オリックス・バファローズ,,0,0,0,0,0,0,0,0,0,0,0,0,0,0,2026/09/22
福岡ソフトバンクホークス,木村 光,投手,横浜DeNAベイスターズ,,0,0,0,0,0,0,0,0,0,0,0,0,0,0,2026/09/22
福岡ソフトバンクホークス,木村 光,投手,広島東洋カープ,,0,0,0,0,0,0,0,0,0,0,0,0,0,0,2026/09/22
福岡ソフトバンクホークス,木村 光,投手,阪神タイガース,,0,0,0,0,0,0,0,0,0,0,0,0,0,0,2026/09/22
福岡ソフトバンクホークス,木村 光,投手,埼玉西武ライオンズ,,0,0,0,0,0,0,0,0,0,0,0,0,0,0,2026/09/22
福岡ソフトバンクホークス,木村 光,投手,千葉ロッテマリーンズ,,0,0,0,0,0,0,0,0,0,0,0,0,0,0,2026/09/22
福岡ソフトバンクホークス,木村 光,投手,中日ドラゴンズ,,0,0,0,0,0,0,0,0,0,0,0,0,0,0,2026/09/22
福岡ソフトバンクホークス,木村 光,投手,東京ヤクルトスワローズ,,0,0,0,0,0,0,0,0,0,0,0,0,0,0,2026/09/22
福岡ソフトバンクホークス,木村 光,投手,東北楽天ゴールデンイーグルス,,0,0,0,0,0,0,0,0,0,0,0,0,0,0,2026/09/22
福岡ソフトバンクホークス,木村 光,投手,読売ジャイアンツ,,0,0,0,0,0,0,0,0,0,0,0,0,0,0,2026/09/22
福岡ソフトバンクホークス,木村 光,投手,北海道日本ハムファイターズ,,0,0,0,0,0,0,0,0,0,0,0,0,0,0,2026/09/22
福岡ソフトバンクホークス,岩崎 峻典,投手,オリックス・バファローズ,,0,0,0,0,0,0,0,0,0,0,0,0,0,0,2026/09/22
福岡ソフトバンクホークス,岩崎 峻典,投手,横浜DeNAベイスターズ,,0,0,0,0,0,0,0,0,0,0,0,0,0,0,2026/09/22
福岡ソフトバンクホークス,岩崎 峻典,投手,広島東洋カープ,,0,0,0,0,0,0,0,0,0,0,0,0,0,0,2026/09/22
福岡ソフトバンクホークス,岩崎 峻典,投手,阪神タイガース,,0,0,0,0,0,0,0,0,0,0,0,0,0,0,2026/09/22
福岡ソフトバンクホークス,岩崎 峻典,投手,埼玉西武ライオンズ,,0,0,0,0,0,0,0,0,0,0,0,0,0,0,2026/09/22
福岡ソフトバンクホークス,岩崎 峻典,投手,千葉ロッテマリーンズ,,0,0,0,0,0,0,0,0,0,0,0,0,0,0,2026/09/22
福岡ソフトバンクホークス,岩崎 峻典,投手,中日ドラゴンズ,,0,0,0,0,0,0,0,0,0,0,0,0,0,0,2026/09/22
福岡ソフトバンクホークス,岩崎 峻典,投手,東京ヤクルトスワローズ,,0,0,0,0,0,0,0,0,0,0,0,0,0,0,2026/09/22
福岡ソフトバンクホークス,岩崎 峻典,投手,東北楽天ゴールデンイーグルス,,0,0,0,0,0,0,0,0,0,0,0,0,0,0,2026/09/22
福岡ソフトバンクホークス,岩崎 峻典,投手,読売ジャイアンツ,,0,0,0,0,0,0,0,0,0,0,0,0,0,0,2026/09/22
福岡ソフトバンクホークス,岩崎 峻典,投手,北海道日本ハムファイターズ,,0,0,0,0,0,0,0,0,0,0,0,0,0,0,2026/09/22
福岡ソフトバンクホークス,ロドリゲス,投手,オリックス・バファローズ,,0,0,0,0,0,0,0,0,0,0,0,0,0,0,2026/09/22
福岡ソフトバンクホークス,ロドリゲス,投手,横浜DeNAベイスターズ,,0,0,0,0,0,0,0,0,0,0,0,0,0,0,2026/09/22
福岡ソフトバンクホークス,ロドリゲス,投手,広島東洋カープ,,0,0,0,0,0,0,0,0,0,0,0,0,0,0,2026/09/22
福岡ソフトバンクホークス,ロドリゲス,投手,阪神タイガース,,0,0,0,0,0,0,0,0,0,0,0,0,0,0,2026/09/22
福岡ソフトバンクホークス,ロドリゲス,投手,埼玉西武ライオンズ,,0,0,0,0,0,0,0,0,0,0,0,0,0,0,2026/09/22
福岡ソフトバンクホークス,ロドリゲス,投手,千葉ロッテマリーンズ,,0,0,0,0,0,0,0,0,0,0,0,0,0,0,2026/09/22
福岡ソフトバンクホークス,ロドリゲス,投手,中日ドラゴンズ,,0,0,0,0,0,0,0,0,0,0,0,0,0,0,2026/09/22
福岡ソフトバンクホークス,ロドリゲス,投手,東京ヤクルトスワローズ,,0,0,0,0,0,0,0,0,0,0,0,0,0,0,2026/09/22
福岡ソフトバンクホークス,ロドリゲス,投手,東北楽天ゴールデンイーグルス,,0,0,0,0,0,0,0,0,0,0,0,0,0,0,2026/09/22
福岡ソフトバンクホークス,ロドリゲス,投手,読売ジャイアンツ,,0,0,0,0,0,0,0,0,0,0,0,0,0,0,2026/09/22
福岡ソフトバンクホークス,ロドリゲス,投手,北海道日本ハムファイターズ,,0,0,0,0,0,0,0,0,0,0,0,0,0,0,2026/09/22
福岡ソフトバンクホークス,小林 樹斗,投手,オリックス・バファローズ,,0,0,0,0,0,0,0,0,0,0,0,0,0,0,2026/09/22
福岡ソフトバンクホークス,小林 樹斗,投手,横浜DeNAベイスターズ,,0,0,0,0,0,0,0,0,0,0,0,0,0,0,2026/09/22
福岡ソフトバンクホークス,小林 樹斗,投手,広島東洋カープ,,0,0,0,0,0,0,0,0,0,0,0,0,0,0,2026/09/22
福岡ソフトバンクホークス,小林 樹斗,投手,阪神タイガース,,0,0,0,0,0,0,0,0,0,0,0,0,0,0,2026/09/22
福岡ソフトバンクホークス,小林 樹斗,投手,埼玉西武ライオンズ,,0,0,0,0,0,0,0,0,0,0,0,0,0,0,2026/09/22
福岡ソフトバンクホークス,小林 樹斗,投手,千葉ロッテマリーンズ,,0,0,0,0,0,0,0,0,0,0,0,0,0,0,2026/09/22
福岡ソフトバンクホークス,小林 樹斗,投手,中日ドラゴンズ,,0,0,0,0,0,0,0,0,0,0,0,0,0,0,2026/09/22
福岡ソフトバンクホークス,小林 樹斗,投手,東京ヤクルトスワローズ,,0,0,0,0,0,0,0,0,0,0,0,0,0,0,2026/09/22
福岡ソフトバンクホークス,小林 樹斗,投手,東北楽天ゴールデンイーグルス,,0,0,0,0,0,0,0,0,0,0,0,0,0,0,2026/09/22
福岡ソフトバンクホークス,小林 樹斗,投手,読売ジャイアンツ,,0,0,0,0,0,0,0,0,0,0,0,0,0,0,2026/09/22
福岡ソフトバンクホークス,小林 樹斗,投手,北海道日本ハムファイターズ,,0,0,0,0,0,0,0,0,0,0,0,0,0,0,2026/09/22
福岡ソフトバンクホークス,渡邉 陸,捕手,オリックス・バファローズ,,0,0,0,0,0,0,0,0,0,0,0,0,0,0,2026/09/22
福岡ソフトバンクホークス,渡邉 陸,捕手,横浜DeNAベイスターズ,0.333,3,3,1,0,1,0,0,1,2,0,0,0,0,1,2026/09/22
福岡ソフトバンクホークス,渡邉 陸,捕手,広島東洋カープ,,0,0,0,0,0,0,0,0,0,0,0,0,0,0,2026/09/22
福岡ソフトバンクホークス,渡邉 陸,捕手,阪神タイガース,,0,0,0,0,0,0,0,0,0,0,0,0,0,0,2026/09/22
福岡ソフトバンクホークス,渡邉 陸,捕手,埼玉西武ライオンズ,0.200,11,10,2,1,0,1,0,0,4,1,0,0,0,4,2026/09/22
福岡ソフトバンクホークス,渡邉 陸,捕手,千葉ロッテマリーンズ,0.100,10,10,1,1,0,0,0,0,3,0,0,0,0,3,2026/09/22
福岡ソフトバンクホークス,渡邉 陸,捕手,中日ドラゴンズ,,0,0,0,0,0,0,0,0,0,0,0,0,0,0,2026/09/22
福岡ソフトバンクホークス,渡邉 陸,捕手,東京ヤクルトスワローズ,,0,0,0,0,0,0,0,0,0,0,0,0,0,0,2026/09/22
福岡ソフトバンクホークス,渡邉 陸,捕手,東北楽天ゴールデンイーグルス,0.286,10,7,2,0,1,0,1,1,1,3,0,0,0,3,2026/09/22
福岡ソフトバンクホークス,渡邉 陸,捕手,読売ジャイアンツ,,0,0,0,0,0,0,0,0,0,0,0,0,0,0,2026/09/22
福岡ソフトバンクホークス,渡邉 陸,捕手,北海道日本ハムファイターズ,0.400,6,5,2,2,0,0,0,0,1,1,0,0,0,2,2026/09/22
福岡ソフトバンクホークス,嶺井 博希,捕手,オリックス・バファローズ,,0,0,0,0,0,0,0,0,0,0,0,0,0,0,2026/09/22
福岡ソフトバンクホークス,嶺井 博希,捕手,横浜DeNAベイスターズ,,0,0,0,0,0,0,0,0,0,0,0,0,0,0,2026/09/22
福岡ソフトバンクホークス,嶺井 博希,捕手,広島東洋カープ,,0,0,0,0,0,0,0,0,0,0,0,0,0,0,2026/09/22
福岡ソフトバンクホークス,嶺井 博希,捕手,阪神タイガース,,0,0,0,0,0,0,0,0,0,0,0,0,0,0,2026/09/22
福岡ソフトバンクホークス,嶺井 博希,捕手,埼玉西武ライオンズ,,0,0,0,0,0,0,0,0,0,0,0,0,0,0,2026/09/22
福岡ソフトバンクホークス,嶺井 博希,捕手,千葉ロッテマリーンズ,,0,0,0,0,0,0,0,0,0,0,0,0,0,0,2026/09/22
福岡ソフトバンクホークス,嶺井 博希,捕手,中日ドラゴンズ,,0,0,0,0,0,0,0,0,0,0,0,0,0,0,2026/09/22
福岡ソフトバンクホークス,嶺井 博希,捕手,東京ヤクルトスワローズ,,0,0,0,0,0,0,0,0,0,0,0,0,0,0,2026/09/22
福岡ソフトバンクホークス,嶺井 博希,捕手,東北楽天ゴールデンイーグルス,,0,0,0,0,0,0,0,0,0,0,0,0,0,0,2026/09/22
福岡ソフトバンクホークス,嶺井 博希,捕手,読売ジャイアンツ,,0,0,0,0,0,0,0,0,0,0,0,0,0,0,2026/09/22
福岡ソフトバンクホークス,嶺井 博希,捕手,北海道日本ハムファイターズ,,0,0,0,0,0,0,0,0,0,0,0,0,0,0,2026/09/22
福岡ソフトバンクホークス,山本 祐大,捕手,オリックス・バファローズ,0.167,38,36,6,3,3,0,0,3,8,0,0,1,1,10,2026/09/22
福岡ソフトバンクホークス,山本 祐大,捕手,横浜DeNAベイスターズ,,0,0,0,0,0,0,0,0,0,0,0,0,0,13,2026/09/22
福岡ソフトバンクホークス,山本 祐大,捕手,広島東洋カープ,0.294,38,34,10,7,3,0,0,4,3,3,0,0,1,5,2026/09/22
福岡ソフトバンクホークス,山本 祐大,捕手,阪神タイガース,0.190,25,21,4,2,2,0,0,3,1,2,1,0,1,6,2026/09/22
福岡ソフトバンクホークス,山本 祐大,捕手,埼玉西武ライオンズ,0.192,27,26,5,1,3,1,0,9,6,1,0,0,0,8,2026/09/22
福岡ソフトバンクホークス,山本 祐大,捕手,千葉ロッテマリーンズ,0.250,31,28,7,6,1,0,0,3,6,2,1,0,0,7,2026/09/22
福岡ソフトバンクホークス,山本 祐大,捕手,中日ドラゴンズ,0.250,20,16,4,3,0,0,1,2,4,3,0,0,1,3,2026/09/22
福岡ソフトバンクホークス,山本 祐大,捕手,東京ヤクルトスワローズ,0.167,22,18,3,3,0,0,0,0,4,3,0,0,1,3,2026/09/22
福岡ソフトバンクホークス,山本 祐大,捕手,東北楽天ゴールデンイーグルス,0.407,30,27,11,10,0,1,0,3,3,2,0,1,0,8,2026/09/22
福岡ソフトバンクホークス,山本 祐大,捕手,読売ジャイアンツ,0.273,26,22,6,4,1,0,1,3,5,4,0,0,0,4,2026/09/22
福岡ソフトバンクホークス,山本 祐大,捕手,北海道日本ハムファイターズ,0.250,38,32,8,7,0,0,1,7,9,3,0,2,1,9,2026/09/22
福岡ソフトバンクホークス,谷川原 健太,捕手,オリックス・バファローズ,0.250,12,12,3,3,0,0,0,0,5,0,0,0,0,5,2026/09/22
福岡ソフトバンクホークス,谷川原 健太,捕手,横浜DeNAベイスターズ,0.200,6,5,1,0,1,0,0,0,3,1,0,0,0,3,2026/09/22
福岡ソフトバンクホークス,谷川原 健太,捕手,広島東洋カープ,0.000,2,2,0,0,0,0,0,0,1,0,0,0,0,1,2026/09/22
福岡ソフトバンクホークス,谷川原 健太,捕手,阪神タイガース,,0,0,0,0,0,0,0,0,0,0,0,0,0,0,2026/09/22
福岡ソフトバンクホークス,谷川原 健太,捕手,埼玉西武ライオンズ,0.462,13,13,6,5,1,0,0,1,4,0,0,0,0,6,2026/09/22
福岡ソフトバンクホークス,谷川原 健太,捕手,千葉ロッテマリーンズ,0.333,7,6,2,1,1,0,0,2,0,1,0,0,0,4,2026/09/22
福岡ソフトバンクホークス,谷川原 健太,捕手,中日ドラゴンズ,0.000,2,2,0,0,0,0,0,0,1,0,0,0,0,1,2026/09/22
福岡ソフトバンクホークス,谷川原 健太,捕手,東京ヤクルトスワローズ,0.000,1,1,0,0,0,0,0,0,0,0,0,0,0,1,2026/09/22
福岡ソフトバンクホークス,谷川原 健太,捕手,東北楽天ゴールデンイーグルス,0.091,11,11,1,1,0,0,0,0,5,0,0,0,0,4,2026/09/22
福岡ソフトバンクホークス,谷川原 健太,捕手,読売ジャイアンツ,,0,0,0,0,0,0,0,0,0,0,0,0,0,0,2026/09/22
福岡ソフトバンクホークス,谷川原 健太,捕手,北海道日本ハムファイターズ,0.000,8,7,0,0,0,0,0,0,2,1,0,0,0,4,2026/09/22
福岡ソフトバンクホークス,石塚 綜一郎,捕手,オリックス・バファローズ,0.000,2,1,0,0,0,0,0,0,0,0,0,0,1,1,2026/09/22
福岡ソフトバンクホークス,石塚 綜一郎,捕手,横浜DeNAベイスターズ,,0,0,0,0,0,0,0,0,0,0,0,0,0,0,2026/09/22
福岡ソフトバンクホークス,石塚 綜一郎,捕手,広島東洋カープ,,0,0,0,0,0,0,0,0,0,0,0,0,0,0,2026/09/22
福岡ソフトバンクホークス,石塚 綜一郎,捕手,阪神タイガース,,0,0,0,0,0,0,0,0,0,0,0,0,0,0,2026/09/22
福岡ソフトバンクホークス,石塚 綜一郎,捕手,埼玉西武ライオンズ,,0,0,0,0,0,0,0,0,0,0,0,0,0,0,2026/09/22
福岡ソフトバンクホークス,石塚 綜一郎,捕手,千葉ロッテマリーンズ,0.000,8,7,0,0,0,0,0,0,1,1,0,0,0,2,2026/09/22
福岡ソフトバンクホークス,石塚 綜一郎,捕手,中日ドラゴンズ,,0,0,0,0,0,0,0,0,0,0,0,0,0,0,2026/09/22
福岡ソフトバンクホークス,石塚 綜一郎,捕手,東京ヤクルトスワローズ,,0,0,0,0,0,0,0,0,0,0,0,0,0,0,2026/09/22
福岡ソフトバンクホークス,石塚 綜一郎,捕手,東北楽天ゴールデンイーグルス,0.333,4,3,1,0,1,0,0,0,2,1,0,0,0,1,2026/09/22
福岡ソフトバンクホークス,石塚 綜一郎,捕手,読売ジャイアンツ,,0,0,0,0,0,0,0,0,0,0,0,0,0,0,2026/09/22
福岡ソフトバンクホークス,石塚 綜一郎,捕手,北海道日本ハムファイターズ,0.444,9,9,4,2,2,0,0,3,4,0,0,0,0,3,2026/09/22
福岡ソフトバンクホークス,海野 隆司,捕手,オリックス・バファローズ,0.194,46,36,7,7,0,0,0,0,7,6,3,0,1,13,2026/09/22
福岡ソフトバンクホークス,海野 隆司,捕手,横浜DeNAベイスターズ,0.222,10,9,2,1,1,0,0,1,1,0,1,0,0,2,2026/09/22
福岡ソフトバンクホークス,海野 隆司,捕手,広島東洋カープ,,0,0,0,0,0,0,0,0,0,0,0,0,0,0,2026/09/22
福岡ソフトバンクホークス,海野 隆司,捕手,阪神タイガース,0.091,12,11,1,1,0,0,0,0,4,0,1,0,0,3,2026/09/22
福岡ソフトバンクホークス,海野 隆司,捕手,埼玉西武ライオンズ,0.176,35,34,6,4,1,1,0,4,14,0,1,0,0,13,2026/09/22
福岡ソフトバンクホークス,海野 隆司,捕手,千葉ロッテマリーンズ,0.209,47,43,9,5,3,0,1,4,12,0,4,0,0,14,2026/09/22
福岡ソフトバンクホークス,海野 隆司,捕手,中日ドラゴンズ,0.250,10,8,2,1,1,0,0,0,2,0,2,0,0,3,2026/09/22
福岡ソフトバンクホークス,海野 隆司,捕手,東京ヤクルトスワローズ,0.000,10,8,0,0,0,0,0,1,3,1,1,0,0,3,2026/09/22
福岡ソフトバンクホークス,海野 隆司,捕手,東北楽天ゴールデンイーグルス,0.162,45,37,6,5,1,0,0,1,10,4,3,1,0,11,2026/09/22
福岡ソフトバンクホークス,海野 隆司,捕手,読売ジャイアンツ,0.333,3,3,1,0,1,0,0,0,0,0,0,0,0,1,2026/09/22
福岡ソフトバンクホークス,海野 隆司,捕手,北海道日本ハムファイターズ,0.176,61,51,9,8,1,0,0,3,14,5,4,1,0,15,2026/09/22
福岡ソフトバンクホークス,藤田 悠太郎,捕手,オリックス・バファローズ,,0,0,0,0,0,0,0,0,0,0,0,0,0,0,2026/09/22
福岡ソフトバンクホークス,藤田 悠太郎,捕手,横浜DeNAベイスターズ,,0,0,0,0,0,0,0,0,0,0,0,0,0,0,2026/09/22
福岡ソフトバンクホークス,藤田 悠太郎,捕手,広島東洋カープ,,0,0,0,0,0,0,0,0,0,0,0,0,0,0,2026/09/22
福岡ソフトバンクホークス,藤田 悠太郎,捕手,阪神タイガース,,0,0,0,0,0,0,0,0,0,0,0,0,0,0,2026/09/22
福岡ソフトバンクホークス,藤田 悠太郎,捕手,埼玉西武ライオンズ,,0,0,0,0,0,0,0,0,0,0,0,0,0,0,2026/09/22
福岡ソフトバンクホークス,藤田 悠太郎,捕手,千葉ロッテマリーンズ,,0,0,0,0,0,0,0,0,0,0,0,0,0,0,2026/09/22
福岡ソフトバンクホークス,藤田 悠太郎,捕手,中日ドラゴンズ,,0,0,0,0,0,0,0,0,0,0,0,0,0,0,2026/09/22
福岡ソフトバンクホークス,藤田 悠太郎,捕手,東京ヤクルトスワローズ,,0,0,0,0,0,0,0,0,0,0,0,0,0,0,2026/09/22
福岡ソフトバンクホークス,藤田 悠太郎,捕手,東北楽天ゴールデンイーグルス,,0,0,0,0,0,0,0,0,0,0,0,0,0,0,2026/09/22
福岡ソフトバンクホークス,藤田 悠太郎,捕手,読売ジャイアンツ,,0,0,0,0,0,0,0,0,0,0,0,0,0,0,2026/09/22
福岡ソフトバンクホークス,藤田 悠太郎,捕手,北海道日本ハムファイターズ,,0,0,0,0,0,0,0,0,0,0,0,0,0,0,2026/09/22
福岡ソフトバンクホークス,川瀬 晃,内野手,オリックス・バファローズ,0.300,34,30,9,7,2,0,0,7,6,1,2,1,0,10,2026/09/22
福岡ソフトバンクホークス,川瀬 晃,内野手,横浜DeNAベイスターズ,,0,0,0,0,0,0,0,0,0,0,0,0,0,0,2026/09/22
福岡ソフトバンクホークス,川瀬 晃,内野手,広島東洋カープ,,0,0,0,0,0,0,0,0,0,0,0,0,0,0,2026/09/22
福岡ソフトバンクホークス,川瀬 晃,内野手,阪神タイガース,0.250,6,4,1,0,1,0,0,0,0,2,0,0,0,1,2026/09/22
福岡ソフトバンクホークス,川瀬 晃,内野手,埼玉西武ライオンズ,0.077,46,39,3,2,0,1,0,3,4,4,3,0,0,13,2026/09/22
福岡ソフトバンクホークス,川瀬 晃,内野手,千葉ロッテマリーンズ,0.136,25,22,3,1,1,1,0,3,3,2,1,0,0,8,2026/09/22
福岡ソフトバンクホークス,川瀬 晃,内野手,中日ドラゴンズ,,0,0,0,0,0,0,0,0,0,0,0,0,0,0,2026/09/22
福岡ソフトバンクホークス,川瀬 晃,内野手,東京ヤクルトスワローズ,0.000,2,2,0,0,0,0,0,0,1,0,0,0,0,2,2026/09/22
福岡ソフトバンクホークス,川瀬 晃,内野手,東北楽天ゴールデンイーグルス,0.188,18,16,3,1,2,0,0,3,3,2,0,0,0,7,2026/09/22
福岡ソフトバンクホークス,川瀬 晃,内野手,読売ジャイアンツ,,0,0,0,0,0,0,0,0,0,0,0,0,0,0,2026/09/22
福岡ソフトバンクホークス,川瀬 晃,内野手,北海道日本ハムファイターズ,0.250,56,48,12,11,1,0,0,4,12,4,2,2,0,15,2026/09/22
福岡ソフトバンクホークス,ダウンズ,内野手,オリックス・バファローズ,0.167,6,6,1,1,0,0,0,0,2,0,0,0,0,2,2026/09/22
福岡ソフトバンクホークス,ダウンズ,内野手,横浜DeNAベイスターズ,,0,0,0,0,0,0,0,0,0,0,0,0,0,0,2026/09/22
福岡ソフトバンクホークス,ダウンズ,内野手,広島東洋カープ,,0,0,0,0,0,0,0,0,0,0,0,0,0,0,2026/09/22
福岡ソフトバンクホークス,ダウンズ,内野手,阪神タイガース,,0,0,0,0,0,0,0,0,0,0,0,0,0,0,2026/09/22
福岡ソフトバンクホークス,ダウンズ,内野手,埼玉西武ライオンズ,,0,0,0,0,0,0,0,0,0,0,0,0,0,0,2026/09/22
福岡ソフトバンクホークス,ダウンズ,内野手,千葉ロッテマリーンズ,0.000,1,1,0,0,0,0,0,0,0,0,0,0,0,1,2026/09/22
福岡ソフトバンクホークス,ダウンズ,内野手,中日ドラゴンズ,,0,0,0,0,0,0,0,0,0,0,0,0,0,0,2026/09/22
福岡ソフトバンクホークス,ダウンズ,内野手,東京ヤクルトスワローズ,,0,0,0,0,0,0,0,0,0,0,0,0,0,0,2026/09/22
福岡ソフトバンクホークス,ダウンズ,内野手,東北楽天ゴールデンイーグルス,0.000,1,1,0,0,0,0,0,0,1,0,0,0,0,1,2026/09/22
福岡ソフトバンクホークス,ダウンズ,内野手,読売ジャイアンツ,,0,0,0,0,0,0,0,0,0,0,0,0,0,0,2026/09/22
福岡ソフトバンクホークス,ダウンズ,内野手,北海道日本ハムファイターズ,0.000,3,3,0,0,0,0,0,0,2,0,0,0,0,1,2026/09/22
福岡ソフトバンクホークス,山川 穂高,内野手,オリックス・バファローズ,0.083,27,24,2,2,0,0,0,3,6,3,0,0,0,6,2026/09/22
福岡ソフトバンクホークス,山川 穂高,内野手,横浜DeNAベイスターズ,,0,0,0,0,0,0,0,0,0,0,0,0,0,0,2026/09/22
福岡ソフトバンクホークス,山川 穂高,内野手,広島東洋カープ,0.000,4,4,0,0,0,0,0,0,2,0,0,0,0,1,2026/09/22
福岡ソフトバンクホークス,山川 穂高,内野手,阪神タイガース,,0,0,0,0,0,0,0,0,0,0,0,0,0,0,2026/09/22
福岡ソフトバンクホークス,山川 穂高,内野手,埼玉西武ライオンズ,0.098,45,41,4,2,1,0,1,5,12,3,0,1,0,12,2026/09/22
福岡ソフトバンクホークス,山川 穂高,内野手,千葉ロッテマリーンズ,0.273,38,33,9,3,2,0,4,9,12,4,0,0,1,10,2026/09/22
福岡ソフトバンクホークス,山川 穂高,内野手,中日ドラゴンズ,,0,0,0,0,0,0,0,0,0,0,0,0,0,0,2026/09/22
福岡ソフトバンクホークス,山川 穂高,内野手,東京ヤクルトスワローズ,,0,0,0,0,0,0,0,0,0,0,0,0,0,0,2026/09/22
福岡ソフトバンクホークス,山川 穂高,内野手,東北楽天ゴールデンイーグルス,0.167,58,48,8,4,0,0,4,5,15,9,0,0,1,14,2026/09/22
福岡ソフトバンクホークス,山川 穂高,内野手,読売ジャイアンツ,0.333,3,3,1,1,0,0,0,1,1,0,0,0,0,3,2026/09/22
福岡ソフトバンクホークス,山川 穂高,内野手,北海道日本ハムファイターズ,0.350,27,20,7,5,0,0,2,5,8,6,0,0,1,8,2026/09/22
福岡ソフトバンクホークス,今宮 健太,内野手,オリックス・バファローズ,0.160,29,25,4,4,0,0,0,1,10,3,1,0,0,11,2026/09/22
福岡ソフトバンクホークス,今宮 健太,内野手,横浜DeNAベイスターズ,0.000,2,1,0,0,0,0,0,0,0,0,1,0,0,1,2026/09/22
福岡ソフトバンクホークス,今宮 健太,内野手,広島東洋カープ,0.000,2,1,0,0,0,0,0,0,0,1,0,0,0,1,2026/09/22
福岡ソフトバンクホークス,今宮 健太,内野手,阪神タイガース,,0,0,0,0,0,0,0,0,0,0,0,0,0,0,2026/09/22
福岡ソフトバンクホークス,今宮 健太,内野手,埼玉西武ライオンズ,0.269,27,26,7,6,0,0,1,2,6,1,0,0,0,9,2026/09/22
福岡ソフトバンクホークス,今宮 健太,内野手,千葉ロッテマリーンズ,0.269,28,26,7,6,1,0,0,3,7,2,0,0,0,9,2026/09/22
福岡ソフトバンクホークス,今宮 健太,内野手,中日ドラゴンズ,0.000,4,4,0,0,0,0,0,0,0,0,0,0,0,2,2026/09/22
福岡ソフトバンクホークス,今宮 健太,内野手,東京ヤクルトスワローズ,0.200,7,5,1,0,1,0,0,1,1,1,0,1,0,2,2026/09/22
福岡ソフトバンクホークス,今宮 健太,内野手,東北楽天ゴールデンイーグルス,0.219,34,32,7,5,2,0,0,4,7,1,1,0,0,13,2026/09/22
福岡ソフトバンクホークス,今宮 健太,内野手,読売ジャイアンツ,0.500,4,4,2,1,1,0,0,1,0,0,0,0,0,1,2026/09/22
福岡ソフトバンクホークス,今宮 健太,内野手,北海道日本ハムファイターズ,0.125,26,24,3,2,1,0,0,0,5,1,0,0,1,9,2026/09/22
福岡ソフトバンクホークス,中村 晃,内野手,オリックス・バファローズ,0.200,10,10,2,2,0,0,0,1,2,0,0,0,0,4,2026/09/22
福岡ソフトバンクホークス,中村 晃,内野手,横浜DeNAベイスターズ,0.000,1,1,0,0,0,0,0,0,0,0,0,0,0,1,2026/09/22
福岡ソフトバンクホークス,中村 晃,内野手,広島東洋カープ,,0,0,0,0,0,0,0,0,0,0,0,0,0,0,2026/09/22
福岡ソフトバンクホークス,中村 晃,内野手,阪神タイガース,,0,0,0,0,0,0,0,0,0,0,0,0,0,0,2026/09/22
福岡ソフトバンクホークス,中村 晃,内野手,埼玉西武ライオンズ,0.077,14,13,1,1,0,0,0,0,1,1,0,0,0,9,2026/09/22
福岡ソフトバンクホークス,中村 晃,内野手,千葉ロッテマリーンズ,0.000,3,3,0,0,0,0,0,1,0,0,0,0,0,3,2026/09/22
福岡ソフトバンクホークス,中村 晃,内野手,中日ドラゴンズ,0.000,2,2,0,0,0,0,0,0,0,0,0,0,0,2,2026/09/22
福岡ソフトバンクホークス,中村 晃,内野手,東京ヤクルトスワローズ,,0,0,0,0,0,0,0,0,0,0,0,0,0,0,2026/09/22
福岡ソフトバンクホークス,中村 晃,内野手,東北楽天ゴールデンイーグルス,0.200,6,5,1,0,1,0,0,1,0,1,0,0,0,6,2026/09/22
福岡ソフトバンクホークス,中村 晃,内野手,読売ジャイアンツ,0.000,1,1,0,0,0,0,0,0,1,0,0,0,0,1,2026/09/22
福岡ソフトバンクホークス,中村 晃,内野手,北海道日本ハムファイターズ,0.000,1,1,0,0,0,0,0,0,1,0,0,0,0,1,2026/09/22
福岡ソフトバンクホークス,牧原 大成,内野手,オリックス・バファローズ,0.306,65,62,19,15,3,1,0,6,17,2,0,1,0,19,2026/09/22
福岡ソフトバンクホークス,牧原 大成,内野手,横浜DeNAベイスターズ,0.333,15,12,4,3,1,0,0,2,1,2,0,1,0,3,2026/09/22
福岡ソフトバンクホークス,牧原 大成,内野手,広島東洋カープ,0.444,9,9,4,3,1,0,0,0,2,0,0,0,0,3,2026/09/22
福岡ソフトバンクホークス,牧原 大成,内野手,阪神タイガース,0.429,7,7,3,2,0,0,1,3,1,0,0,0,0,3,2026/09/22
福岡ソフトバンクホークス,牧原 大成,内野手,埼玉西武ライオンズ,0.214,77,70,15,13,1,0,1,2,18,4,2,0,1,20,2026/09/22
福岡ソフトバンクホークス,牧原 大成,内野手,千葉ロッテマリーンズ,0.233,94,86,20,14,4,0,2,12,18,5,0,0,3,23,2026/09/22
福岡ソフトバンクホークス,牧原 大成,内野手,中日ドラゴンズ,0.375,10,8,3,3,0,0,0,0,2,2,0,0,0,3,2026/09/22
福岡ソフトバンクホークス,牧原 大成,内野手,東京ヤクルトスワローズ,0.273,11,11,3,3,0,0,0,0,3,0,0,0,0,3,2026/09/22
福岡ソフトバンクホークス,牧原 大成,内野手,東北楽天ゴールデンイーグルス,0.324,82,74,24,19,4,0,1,6,11,4,4,0,0,21,2026/09/22
福岡ソフトバンクホークス,牧原 大成,内野手,読売ジャイアンツ,0.000,8,8,0,0,0,0,0,0,2,0,0,0,0,3,2026/09/22
福岡ソフトバンクホークス,牧原 大成,内野手,北海道日本ハムファイターズ,0.432,93,81,35,29,6,0,0,15,11,4,2,2,4,24,2026/09/22
福岡ソフトバンクホークス,栗原 陵矢,内野手,オリックス・バファローズ,0.315,105,89,28,15,6,2,5,18,10,13,1,0,2,23,2026/09/22
福岡ソフトバンクホークス,栗原 陵矢,内野手,横浜DeNAベイスターズ,0.250,13,12,3,3,0,0,0,0,3,1,0,0,0,3,2026/09/22
福岡ソフトバンクホークス,栗原 陵矢,内野手,広島東洋カープ,0.182,12,11,2,0,1,0,1,3,3,0,0,1,0,3,2026/09/22
福岡ソフトバンクホークス,栗原 陵矢,内野手,阪神タイガース,0.364,16,11,4,0,2,0,2,5,1,3,0,1,1,3,2026/09/22
福岡ソフトバンクホークス,栗原 陵矢,内野手,埼玉西武ライオンズ,0.241,101,83,20,8,5,0,7,14,19,16,0,1,1,23,2026/09/22
福岡ソフトバンクホークス,栗原 陵矢,内野手,千葉ロッテマリーンズ,0.225,109,89,20,10,4,0,6,22,18,18,0,1,1,23,2026/09/22
福岡ソフトバンクホークス,栗原 陵矢,内野手,中日ドラゴンズ,0.333,12,12,4,0,2,1,1,6,3,0,0,0,0,3,2026/09/22
福岡ソフトバンクホークス,栗原 陵矢,内野手,東京ヤクルトスワローズ,0.167,12,12,2,2,0,0,0,0,3,0,0,0,0,3,2026/09/22
福岡ソフトバンクホークス,栗原 陵矢,内野手,東北楽天ゴールデンイーグルス,0.296,93,81,24,15,4,0,5,19,17,10,0,1,1,22,2026/09/22
福岡ソフトバンクホークス,栗原 陵矢,内野手,読売ジャイアンツ,0.417,14,12,5,1,1,0,3,5,1,2,0,0,0,3,2026/09/22
福岡ソフトバンクホークス,栗原 陵矢,内野手,北海道日本ハムファイターズ,0.225,114,102,23,13,2,0,8,20,29,10,0,0,2,25,2026/09/22
福岡ソフトバンクホークス,庄子 雄大,内野手,オリックス・バファローズ,0.209,50,43,9,9,0,0,0,7,11,4,2,1,0,13,2026/09/22
福岡ソフトバンクホークス,庄子 雄大,内野手,横浜DeNAベイスターズ,0.083,14,12,1,1,0,0,0,3,5,1,1,0,0,3,2026/09/22
福岡ソフトバンクホークス,庄子 雄大,内野手,広島東洋カープ,0.125,11,8,1,1,0,0,0,0,3,2,0,0,1,3,2026/09/22
福岡ソフトバンクホークス,庄子 雄大,内野手,阪神タイガース,0.143,7,7,1,1,0,0,0,0,2,0,0,0,0,2,2026/09/22
福岡ソフトバンクホークス,庄子 雄大,内野手,埼玉西武ライオンズ,0.256,52,43,11,9,2,0,0,3,11,7,2,0,0,16,2026/09/22
福岡ソフトバンクホークス,庄子 雄大,内野手,千葉ロッテマリーンズ,0.262,46,42,11,7,3,1,0,1,11,2,2,0,0,13,2026/09/22
福岡ソフトバンクホークス,庄子 雄大,内野手,中日ドラゴンズ,0.154,16,13,2,2,0,0,0,0,3,2,1,0,0,3,2026/09/22
福岡ソフトバンクホークス,庄子 雄大,内野手,東京ヤクルトスワローズ,0.000,2,2,0,0,0,0,0,0,1,0,0,0,0,1,2026/09/22
福岡ソフトバンクホークス,庄子 雄大,内野手,東北楽天ゴールデンイーグルス,0.237,43,38,9,7,0,2,0,7,9,2,2,1,0,12,2026/09/22
福岡ソフトバンクホークス,庄子 雄大,内野手,読売ジャイアンツ,0.417,13,12,5,5,0,0,0,1,2,1,0,0,0,3,2026/09/22
福岡ソフトバンクホークス,庄子 雄大,内野手,北海道日本ハムファイターズ,0.257,39,35,9,9,0,0,0,1,10,3,1,0,0,12,2026/09/22
福岡ソフトバンクホークス,廣瀨 隆太,内野手,オリックス・バファローズ,0.143,18,14,2,2,0,0,0,0,6,3,1,0,0,5,2026/09/22
福岡ソフトバンクホークス,廣瀨 隆太,内野手,横浜DeNAベイスターズ,0.333,16,12,4,3,1,0,0,1,4,4,0,0,0,3,2026/09/22
福岡ソフトバンクホークス,廣瀨 隆太,内野手,広島東洋カープ,,0,0,0,0,0,0,0,0,0,0,0,0,0,0,2026/09/22
福岡ソフトバンクホークス,廣瀨 隆太,内野手,阪神タイガース,0.000,12,11,0,0,0,0,0,1,5,0,0,1,0,3,2026/09/22
福岡ソフトバンクホークス,廣瀨 隆太,内野手,埼玉西武ライオンズ,0.000,2,1,0,0,0,0,0,0,0,1,0,0,0,1,2026/09/22
福岡ソフトバンクホークス,廣瀨 隆太,内野手,千葉ロッテマリーンズ,0.286,23,21,6,4,2,0,0,4,5,1,0,1,0,6,2026/09/22
福岡ソフトバンクホークス,廣瀨 隆太,内野手,中日ドラゴンズ,0.500,10,8,4,2,2,0,0,2,2,1,1,0,0,2,2026/09/22
福岡ソフトバンクホークス,廣瀨 隆太,内野手,東京ヤクルトスワローズ,0.000,3,3,0,0,0,0,0,0,1,0,0,0,0,2,2026/09/22
福岡ソフトバンクホークス,廣瀨 隆太,内野手,東北楽天ゴールデンイーグルス,0.167,7,6,1,1,0,0,0,0,3,1,0,0,0,2,2026/09/22
福岡ソフトバンクホークス,廣瀨 隆太,内野手,読売ジャイアンツ,0.000,1,1,0,0,0,0,0,0,0,0,0,0,0,1,2026/09/22
福岡ソフトバンクホークス,廣瀨 隆太,内野手,北海道日本ハムファイターズ,0.182,12,11,2,0,1,0,1,3,3,1,0,0,0,4,2026/09/22
福岡ソフトバンクホークス,イヒネ イツア,内野手,オリックス・バファローズ,0.000,1,1,0,0,0,0,0,0,0,0,0,0,0,1,2026/09/22
福岡ソフトバンクホークス,イヒネ イツア,内野手,横浜DeNAベイスターズ,,0,0,0,0,0,0,0,0,0,0,0,0,0,0,2026/09/22
福岡ソフトバンクホークス,イヒネ イツア,内野手,広島東洋カープ,,0,0,0,0,0,0,0,0,0,0,0,0,0,0,2026/09/22
福岡ソフトバンクホークス,イヒネ イツア,内野手,阪神タイガース,,0,0,0,0,0,0,0,0,0,0,0,0,0,0,2026/09/22
福岡ソフトバンクホークス,イヒネ イツア,内野手,埼玉西武ライオンズ,,0,0,0,0,0,0,0,0,0,0,0,0,0,0,2026/09/22
福岡ソフトバンクホークス,イヒネ イツア,内野手,千葉ロッテマリーンズ,,0,0,0,0,0,0,0,0,0,0,0,0,0,0,2026/09/22
福岡ソフトバンクホークス,イヒネ イツア,内野手,中日ドラゴンズ,,0,0,0,0,0,0,0,0,0,0,0,0,0,0,2026/09/22
福岡ソフトバンクホークス,イヒネ イツア,内野手,東京ヤクルトスワローズ,,0,0,0,0,0,0,0,0,0,0,0,0,0,0,2026/09/22
福岡ソフトバンクホークス,イヒネ イツア,内野手,東北楽天ゴールデンイーグルス,,0,0,0,0,0,0,0,0,0,0,0,0,0,0,2026/09/22
福岡ソフトバンクホークス,イヒネ イツア,内野手,読売ジャイアンツ,,0,0,0,0,0,0,0,0,0,0,0,0,0,0,2026/09/22
福岡ソフトバンクホークス,イヒネ イツア,内野手,北海道日本ハムファイターズ,0.000,1,1,0,0,0,0,0,0,1,0,0,0,0,1,2026/09/22
福岡ソフトバンクホークス,井上 朋也,内野手,オリックス・バファローズ,0.000,5,5,0,0,0,0,0,0,3,0,0,0,0,2,2026/09/22
福岡ソフトバンクホークス,井上 朋也,内野手,横浜DeNAベイスターズ,,0,0,0,0,0,0,0,0,0,0,0,0,0,0,2026/09/22
福岡ソフトバンクホークス,井上 朋也,内野手,広島東洋カープ,0.500,6,6,3,3,0,0,0,1,2,0,0,0,0,2,2026/09/22
福岡ソフトバンクホークス,井上 朋也,内野手,阪神タイガース,0.000,2,2,0,0,0,0,0,0,2,0,0,0,0,1,2026/09/22
福岡ソフトバンクホークス,井上 朋也,内野手,埼玉西武ライオンズ,0.000,4,3,0,0,0,0,0,0,0,1,0,0,0,1,2026/09/22
福岡ソフトバンクホークス,井上 朋也,内野手,千葉ロッテマリーンズ,,0,0,0,0,0,0,0,0,0,0,0,0,0,0,2026/09/22
福岡ソフトバンクホークス,井上 朋也,内野手,中日ドラゴンズ,0.000,1,1,0,0,0,0,0,0,0,0,0,0,0,1,2026/09/22
福岡ソフトバンクホークス,井上 朋也,内野手,東京ヤクルトスワローズ,0.286,16,14,4,1,1,0,2,5,5,2,0,0,0,6,2026/09/22
福岡ソフトバンクホークス,井上 朋也,内野手,東北楽天ゴールデンイーグルス,0.000,1,1,0,0,0,0,0,0,1,0,0,0,0,1,2026/09/22
福岡ソフトバンクホークス,井上 朋也,内野手,読売ジャイアンツ,0.167,6,6,1,1,0,0,0,0,3,0,0,0,0,3,2026/09/22
福岡ソフトバンクホークス,井上 朋也,内野手,北海道日本ハムファイターズ,,0,0,0,0,0,0,0,0,0,0,0,0,0,0,2026/09/22
福岡ソフトバンクホークス,宇野 真仁朗,内野手,オリックス・バファローズ,,0,0,0,0,0,0,0,0,0,0,0,0,0,0,2026/09/22
福岡ソフトバンクホークス,宇野 真仁朗,内野手,横浜DeNAベイスターズ,,0,0,0,0,0,0,0,0,0,0,0,0,0,0,2026/09/22
福岡ソフトバンクホークス,宇野 真仁朗,内野手,広島東洋カープ,,0,0,0,0,0,0,0,0,0,0,0,0,0,0,2026/09/22
福岡ソフトバンクホークス,宇野 真仁朗,内野手,阪神タイガース,,0,0,0,0,0,0,0,0,0,0,0,0,0,0,2026/09/22
福岡ソフトバンクホークス,宇野 真仁朗,内野手,埼玉西武ライオンズ,,0,0,0,0,0,0,0,0,0,0,0,0,0,0,2026/09/22
福岡ソフトバンクホークス,宇野 真仁朗,内野手,千葉ロッテマリーンズ,,0,0,0,0,0,0,0,0,0,0,0,0,0,0,2026/09/22
福岡ソフトバンクホークス,宇野 真仁朗,内野手,中日ドラゴンズ,,0,0,0,0,0,0,0,0,0,0,0,0,0,0,2026/09/22
福岡ソフトバンクホークス,宇野 真仁朗,内野手,東京ヤクルトスワローズ,,0,0,0,0,0,0,0,0,0,0,0,0,0,0,2026/09/22
福岡ソフトバンクホークス,宇野 真仁朗,内野手,東北楽天ゴールデンイーグルス,,0,0,0,0,0,0,0,0,0,0,0,0,0,0,2026/09/22
福岡ソフトバンクホークス,宇野 真仁朗,内野手,読売ジャイアンツ,,0,0,0,0,0,0,0,0,0,0,0,0,0,0,2026/09/22
福岡ソフトバンクホークス,宇野 真仁朗,内野手,北海道日本ハムファイターズ,,0,0,0,0,0,0,0,0,0,0,0,0,0,0,2026/09/22
福岡ソフトバンクホークス,秋広 優人,内野手,オリックス・バファローズ,,0,0,0,0,0,0,0,0,0,0,0,0,0,0,2026/09/22
福岡ソフトバンクホークス,秋広 優人,内野手,横浜DeNAベイスターズ,,0,0,0,0,0,0,0,0,0,0,0,0,0,0,2026/09/22
福岡ソフトバンクホークス,秋広 優人,内野手,広島東洋カープ,,0,0,0,0,0,0,0,0,0,0,0,0,0,0,2026/09/22
福岡ソフトバンクホークス,秋広 優人,内野手,阪神タイガース,,0,0,0,0,0,0,0,0,0,0,0,0,0,0,2026/09/22
福岡ソフトバンクホークス,秋広 優人,内野手,埼玉西武ライオンズ,,0,0,0,0,0,0,0,0,0,0,0,0,0,0,2026/09/22
福岡ソフトバンクホークス,秋広 優人,内野手,千葉ロッテマリーンズ,,0,0,0,0,0,0,0,0,0,0,0,0,0,0,2026/09/22
福岡ソフトバンクホークス,秋広 優人,内野手,中日ドラゴンズ,,0,0,0,0,0,0,0,0,0,0,0,0,0,0,2026/09/22
福岡ソフトバンクホークス,秋広 優人,内野手,東京ヤクルトスワローズ,,0,0,0,0,0,0,0,0,0,0,0,0,0,0,2026/09/22
福岡ソフトバンクホークス,秋広 優人,内野手,東北楽天ゴールデンイーグルス,,0,0,0,0,0,0,0,0,0,0,0,0,0,0,2026/09/22
福岡ソフトバンクホークス,秋広 優人,内野手,読売ジャイアンツ,,0,0,0,0,0,0,0,0,0,0,0,0,0,0,2026/09/22
福岡ソフトバンクホークス,秋広 優人,内野手,北海道日本ハムファイターズ,,0,0,0,0,0,0,0,0,0,0,0,0,0,0,2026/09/22
福岡ソフトバンクホークス,髙橋 隆慶,内野手,オリックス・バファローズ,,0,0,0,0,0,0,0,0,0,0,0,0,0,0,2026/09/22
福岡ソフトバンクホークス,髙橋 隆慶,内野手,横浜DeNAベイスターズ,1.000,2,2,2,1,0,0,1,1,0,0,0,0,0,2,2026/09/22
福岡ソフトバンクホークス,髙橋 隆慶,内野手,広島東洋カープ,0.000,3,3,0,0,0,0,0,0,3,0,0,0,0,1,2026/09/22
福岡ソフトバンクホークス,髙橋 隆慶,内野手,阪神タイガース,,0,0,0,0,0,0,0,0,0,0,0,0,0,0,2026/09/22
福岡ソフトバンクホークス,髙橋 隆慶,内野手,埼玉西武ライオンズ,,0,0,0,0,0,0,0,0,0,0,0,0,0,0,2026/09/22
福岡ソフトバンクホークス,髙橋 隆慶,内野手,千葉ロッテマリーンズ,,0,0,0,0,0,0,0,0,0,0,0,0,0,0,2026/09/22
福岡ソフトバンクホークス,髙橋 隆慶,内野手,中日ドラゴンズ,,0,0,0,0,0,0,0,0,0,0,0,0,0,0,2026/09/22
福岡ソフトバンクホークス,髙橋 隆慶,内野手,東京ヤクルトスワローズ,,0,0,0,0,0,0,0,0,0,0,0,0,0,0,2026/09/22
福岡ソフトバンクホークス,髙橋 隆慶,内野手,東北楽天ゴールデンイーグルス,,0,0,0,0,0,0,0,0,0,0,0,0,0,0,2026/09/22
福岡ソフトバンクホークス,髙橋 隆慶,内野手,読売ジャイアンツ,,0,0,0,0,0,0,0,0,0,0,0,0,0,0,2026/09/22
福岡ソフトバンクホークス,髙橋 隆慶,内野手,北海道日本ハムファイターズ,,0,0,0,0,0,0,0,0,0,0,0,0,0,0,2026/09/22
福岡ソフトバンクホークス,石見 颯真,内野手,オリックス・バファローズ,,0,0,0,0,0,0,0,0,0,0,0,0,0,0,2026/09/22
福岡ソフトバンクホークス,石見 颯真,内野手,横浜DeNAベイスターズ,,0,0,0,0,0,0,0,0,0,0,0,0,0,0,2026/09/22
福岡ソフトバンクホークス,石見 颯真,内野手,広島東洋カープ,,0,0,0,0,0,0,0,0,0,0,0,0,0,0,2026/09/22
福岡ソフトバンクホークス,石見 颯真,内野手,阪神タイガース,,0,0,0,0,0,0,0,0,0,0,0,0,0,0,2026/09/22
福岡ソフトバンクホークス,石見 颯真,内野手,埼玉西武ライオンズ,,0,0,0,0,0,0,0,0,0,0,0,0,0,0,2026/09/22
福岡ソフトバンクホークス,石見 颯真,内野手,千葉ロッテマリーンズ,,0,0,0,0,0,0,0,0,0,0,0,0,0,0,2026/09/22
福岡ソフトバンクホークス,石見 颯真,内野手,中日ドラゴンズ,,0,0,0,0,0,0,0,0,0,0,0,0,0,0,2026/09/22
福岡ソフトバンクホークス,石見 颯真,内野手,東京ヤクルトスワローズ,,0,0,0,0,0,0,0,0,0,0,0,0,0,0,2026/09/22
福岡ソフトバンクホークス,石見 颯真,内野手,東北楽天ゴールデンイーグルス,,0,0,0,0,0,0,0,0,0,0,0,0,0,0,2026/09/22
福岡ソフトバンクホークス,石見 颯真,内野手,読売ジャイアンツ,,0,0,0,0,0,0,0,0,0,0,0,0,0,0,2026/09/22
福岡ソフトバンクホークス,石見 颯真,内野手,北海道日本ハムファイターズ,,0,0,0,0,0,0,0,0,0,0,0,0,0,0,2026/09/22
福岡ソフトバンクホークス,野村 勇,内野手,オリックス・バファローズ,0.389,22,18,7,5,2,0,0,1,7,4,0,0,0,7,2026/09/22
福岡ソフトバンクホークス,野村 勇,内野手,横浜DeNAベイスターズ,2.000,1,1,2,1,1,0,0,0,0,0,0,0,0,2,2026/09/22
福岡ソフトバンクホークス,野村 勇,内野手,広島東洋カープ,,0,0,0,0,0,0,0,0,0,0,0,0,0,0,2026/09/22
福岡ソフトバンクホークス,野村 勇,内野手,阪神タイガース,0.429,7,7,3,1,0,0,2,2,2,0,0,0,0,2,2026/09/22
福岡ソフトバンクホークス,野村 勇,内野手,埼玉西武ライオンズ,0.053,19,19,1,1,0,0,0,0,7,0,0,0,0,8,2026/09/22
福岡ソフトバンクホークス,野村 勇,内野手,千葉ロッテマリーンズ,0.130,25,23,3,3,0,0,0,0,8,2,0,0,0,8,2026/09/22
福岡ソフトバンクホークス,野村 勇,内野手,中日ドラゴンズ,0.000,3,2,0,0,0,0,0,0,1,1,0,0,0,1,2026/09/22
福岡ソフトバンクホークス,野村 勇,内野手,東京ヤクルトスワローズ,0.417,14,12,5,2,0,1,2,3,2,2,0,0,0,3,2026/09/22
福岡ソフトバンクホークス,野村 勇,内野手,東北楽天ゴールデンイーグルス,0.200,16,15,3,2,1,0,0,1,9,1,0,0,0,7,2026/09/22
福岡ソフトバンクホークス,野村 勇,内野手,読売ジャイアンツ,,0,0,0,0,0,0,0,0,0,0,0,0,0,0,2026/09/22
福岡ソフトバンクホークス,野村 勇,内野手,北海道日本ハムファイターズ,0.238,21,21,5,4,0,0,1,3,9,0,0,0,0,9,2026/09/22
福岡ソフトバンクホークス,近藤 健介,外野手,オリックス・バファローズ,0.296,101,81,24,15,3,0,6,16,19,17,0,0,3,23,2026/09/22
福岡ソフトバンクホークス,近藤 健介,外野手,横浜DeNAベイスターズ,0.000,3,2,0,0,0,0,0,0,0,0,0,0,1,1,2026/09/22
福岡ソフトバンクホークス,近藤 健介,外野手,広島東洋カープ,0.462,14,13,6,5,1,0,0,2,2,1,0,0,0,3,2026/09/22
福岡ソフトバンクホークス,近藤 健介,外野手,阪神タイガース,0.545,12,11,6,3,0,0,3,5,3,1,0,0,0,3,2026/09/22
福岡ソフトバンクホークス,近藤 健介,外野手,埼玉西武ライオンズ,0.325,104,83,27,13,7,0,7,17,12,19,0,1,1,24,2026/09/22
福岡ソフトバンクホークス,近藤 健介,外野手,千葉ロッテマリーンズ,0.270,103,89,24,15,4,0,5,19,15,14,0,0,0,23,2026/09/22
福岡ソフトバンクホークス,近藤 健介,外野手,中日ドラゴンズ,0.571,9,7,4,3,1,0,0,0,3,2,0,0,0,3,2026/09/22
福岡ソフトバンクホークス,近藤 健介,外野手,東京ヤクルトスワローズ,0.083,12,12,1,0,0,0,1,2,4,0,0,0,0,3,2026/09/22
福岡ソフトバンクホークス,近藤 健介,外野手,東北楽天ゴールデンイーグルス,0.237,93,76,18,14,3,0,1,9,13,14,0,3,0,20,2026/09/22
福岡ソフトバンクホークス,近藤 健介,外野手,読売ジャイアンツ,0.143,17,14,2,0,2,0,0,3,2,3,0,0,0,3,2026/09/22
福岡ソフトバンクホークス,近藤 健介,外野手,北海道日本ハムファイターズ,0.264,132,106,28,13,10,0,5,25,16,24,0,0,2,25,2026/09/22
福岡ソフトバンクホークス,柳田 悠岐,外野手,オリックス・バファローズ,0.354,70,65,23,14,5,0,4,18,11,5,0,0,0,21,2026/09/22
福岡ソフトバンクホークス,柳田 悠岐,外野手,横浜DeNAベイスターズ,0.286,8,7,2,2,0,0,0,0,0,1,0,0,0,3,2026/09/22
福岡ソフトバンクホークス,柳田 悠岐,外野手,広島東洋カープ,0.222,11,9,2,0,1,0,1,1,0,2,0,0,0,3,2026/09/22
福岡ソフトバンクホークス,柳田 悠岐,外野手,阪神タイガース,0.250,9,8,2,1,0,0,1,1,0,1,0,0,0,2,2026/09/22
福岡ソフトバンクホークス,柳田 悠岐,外野手,埼玉西武ライオンズ,0.294,71,68,20,15,3,0,2,5,17,2,0,0,1,21,2026/09/22
福岡ソフトバンクホークス,柳田 悠岐,外野手,千葉ロッテマリーンズ,0.344,76,64,22,16,5,0,1,11,8,7,0,1,4,21,2026/09/22
福岡ソフトバンクホークス,柳田 悠岐,外野手,中日ドラゴンズ,0.111,11,9,1,1,0,0,0,0,1,2,0,0,0,3,2026/09/22
福岡ソフトバンクホークス,柳田 悠岐,外野手,東京ヤクルトスワローズ,0.182,11,11,2,1,1,0,0,0,2,0,0,0,0,3,2026/09/22
福岡ソフトバンクホークス,柳田 悠岐,外野手,東北楽天ゴールデンイーグルス,0.310,75,71,22,15,3,0,4,15,17,2,0,0,2,19,2026/09/22
福岡ソフトバンクホークス,柳田 悠岐,外野手,読売ジャイアンツ,0.250,5,4,1,1,0,0,0,0,2,1,0,0,0,2,2026/09/22
福岡ソフトバンクホークス,柳田 悠岐,外野手,北海道日本ハムファイターズ,0.333,99,96,32,22,5,0,5,15,23,2,0,1,0,24,2026/09/22
福岡ソフトバンクホークス,周東 佑京,外野手,オリックス・バファローズ,0.271,78,70,19,15,3,1,0,3,14,5,1,1,1,19,2026/09/22
福岡ソフトバンクホークス,周東 佑京,外野手,横浜DeNAベイスターズ,0.167,13,12,2,2,0,0,0,1,1,1,0,0,0,3,2026/09/22
福岡ソフトバンクホークス,周東 佑京,外野手,広島東洋カープ,0.077,14,13,1,1,0,0,0,0,3,0,1,0,0,3,2026/09/22
福岡ソフトバンクホークス,周東 佑京,外野手,阪神タイガース,0.545,12,11,6,5,1,0,0,0,1,0,1,0,0,3,2026/09/22
福岡ソフトバンクホークス,周東 佑京,外野手,埼玉西武ライオンズ,0.256,94,86,22,18,3,1,0,4,14,5,3,0,0,21,2026/09/22
福岡ソフトバンクホークス,周東 佑京,外野手,千葉ロッテマリーンズ,0.312,95,77,24,17,5,1,1,6,10,14,0,2,2,21,2026/09/22
福岡ソフトバンクホークス,周東 佑京,外野手,中日ドラゴンズ,0.417,14,12,5,4,1,0,0,1,3,1,1,0,0,3,2026/09/22
福岡ソフトバンクホークス,周東 佑京,外野手,東京ヤクルトスワローズ,0.000,4,3,0,0,0,0,0,0,1,0,0,0,1,1,2026/09/22
福岡ソフトバンクホークス,周東 佑京,外野手,東北楽天ゴールデンイーグルス,0.247,88,77,19,16,2,1,0,5,15,7,2,1,1,20,2026/09/22
福岡ソフトバンクホークス,周東 佑京,外野手,読売ジャイアンツ,0.133,18,15,2,2,0,0,0,0,2,2,1,0,0,3,2026/09/22
福岡ソフトバンクホークス,周東 佑京,外野手,北海道日本ハムファイターズ,0.316,108,95,30,22,4,1,3,18,14,7,3,2,1,24,2026/09/22
福岡ソフトバンクホークス,正木 智也,外野手,オリックス・バファローズ,0.268,82,71,19,12,3,0,4,8,13,9,0,0,2,18,2026/09/22
福岡ソフトバンクホークス,正木 智也,外野手,横浜DeNAベイスターズ,0.267,19,15,4,2,1,0,1,2,4,3,0,0,1,3,2026/09/22
福岡ソフトバンクホークス,正木 智也,外野手,広島東洋カープ,0.300,12,10,3,2,0,0,1,2,3,2,0,0,0,3,2026/09/22
福岡ソフトバンクホークス,正木 智也,外野手,阪神タイガース,0.182,12,11,2,1,0,0,1,1,2,1,0,0,0,3,2026/09/22
福岡ソフトバンクホークス,正木 智也,外野手,埼玉西武ライオンズ,0.304,53,46,14,10,1,0,3,6,14,6,0,1,0,12,2026/09/22
福岡ソフトバンクホークス,正木 智也,外野手,千葉ロッテマリーンズ,0.350,73,60,21,11,3,0,7,14,12,12,0,1,0,16,2026/09/22
福岡ソフトバンクホークス,正木 智也,外野手,中日ドラゴンズ,0.133,18,15,2,1,1,0,0,2,3,3,0,0,0,3,2026/09/22
福岡ソフトバンクホークス,正木 智也,外野手,東京ヤクルトスワローズ,0.182,14,11,2,1,0,0,1,2,3,3,0,0,0,3,2026/09/22
福岡ソフトバンクホークス,正木 智也,外野手,東北楽天ゴールデンイーグルス,0.255,53,47,12,8,1,0,3,5,10,6,0,0,0,12,2026/09/22
福岡ソフトバンクホークス,正木 智也,外野手,読売ジャイアンツ,0.417,14,12,5,3,1,0,1,2,4,0,0,0,2,3,2026/09/22
福岡ソフトバンクホークス,正木 智也,外野手,北海道日本ハムファイターズ,0.357,84,70,25,17,2,1,5,14,15,12,0,1,1,19,2026/09/22
福岡ソフトバンクホークス,柳町 達,外野手,オリックス・バファローズ,0.260,55,50,13,9,4,0,0,9,12,5,0,0,0,16,2026/09/22
福岡ソフトバンクホークス,柳町 達,外野手,横浜DeNAベイスターズ,,0,0,0,0,0,0,0,0,0,0,0,0,0,0,2026/09/22
福岡ソフトバンクホークス,柳町 達,外野手,広島東洋カープ,,0,0,0,0,0,0,0,0,0,0,0,0,0,0,2026/09/22
福岡ソフトバンクホークス,柳町 達,外野手,阪神タイガース,,0,0,0,0,0,0,0,0,0,0,0,0,0,0,2026/09/22
福岡ソフトバンクホークス,柳町 達,外野手,埼玉西武ライオンズ,0.228,65,57,13,6,4,2,1,13,13,8,0,0,0,17,2026/09/22
福岡ソフトバンクホークス,柳町 達,外野手,千葉ロッテマリーンズ,0.158,44,38,6,4,2,0,0,8,11,3,0,2,1,13,2026/09/22
福岡ソフトバンクホークス,柳町 達,外野手,中日ドラゴンズ,,0,0,0,0,0,0,0,0,0,0,0,0,0,0,2026/09/22
福岡ソフトバンクホークス,柳町 達,外野手,東京ヤクルトスワローズ,0.444,9,9,4,4,0,0,0,1,2,0,0,0,0,3,2026/09/22
福岡ソフトバンクホークス,柳町 達,外野手,東北楽天ゴールデンイーグルス,0.149,56,47,7,6,0,1,0,1,11,9,0,0,0,13,2026/09/22
福岡ソフトバンクホークス,柳町 達,外野手,読売ジャイアンツ,,0,0,0,0,0,0,0,0,0,0,0,0,0,0,2026/09/22
福岡ソフトバンクホークス,柳町 達,外野手,北海道日本ハムファイターズ,0.365,60,52,19,13,6,0,0,10,13,5,1,2,0,16,2026/09/22
福岡ソフトバンクホークス,笹川 吉康,外野手,オリックス・バファローズ,0.500,6,6,3,1,2,0,0,2,1,0,0,0,0,2,2026/09/22
福岡ソフトバンクホークス,笹川 吉康,外野手,横浜DeNAベイスターズ,,0,0,0,0,0,0,0,0,0,0,0,0,0,0,2026/09/22
福岡ソフトバンクホークス,笹川 吉康,外野手,広島東洋カープ,,0,0,0,0,0,0,0,0,0,0,0,0,0,0,2026/09/22
福岡ソフトバンクホークス,笹川 吉康,外野手,阪神タイガース,,0,0,0,0,0,0,0,0,0,0,0,0,0,0,2026/09/22
福岡ソフトバンクホークス,笹川 吉康,外野手,埼玉西武ライオンズ,0.091,12,11,1,0,1,0,0,0,3,1,0,0,0,5,2026/09/22
福岡ソフトバンクホークス,笹川 吉康,外野手,千葉ロッテマリーンズ,,0,0,0,0,0,0,0,0,0,0,0,0,0,0,2026/09/22
福岡ソフトバンクホークス,笹川 吉康,外野手,中日ドラゴンズ,,0,0,0,0,0,0,0,0,0,0,0,0,0,0,2026/09/22
福岡ソフトバンクホークス,笹川 吉康,外野手,東京ヤクルトスワローズ,,0,0,0,0,0,0,0,0,0,0,0,0,0,0,2026/09/22
福岡ソフトバンクホークス,笹川 吉康,外野手,東北楽天ゴールデンイーグルス,0.000,7,7,0,0,0,0,0,0,1,0,0,0,0,2,2026/09/22
福岡ソフトバンクホークス,笹川 吉康,外野手,読売ジャイアンツ,,0,0,0,0,0,0,0,0,0,0,0,0,0,0,2026/09/22
福岡ソフトバンクホークス,笹川 吉康,外野手,北海道日本ハムファイターズ,,0,0,0,0,0,0,0,0,0,0,0,0,0,0,2026/09/22
福岡ソフトバンクホークス,緒方 理貢,外野手,オリックス・バファローズ,,0,0,0,0,0,0,0,0,0,0,0,0,0,0,2026/09/22
福岡ソフトバンクホークス,緒方 理貢,外野手,横浜DeNAベイスターズ,,0,0,0,0,0,0,0,0,0,0,0,0,0,0,2026/09/22
福岡ソフトバンクホークス,緒方 理貢,外野手,広島東洋カープ,,0,0,0,0,0,0,0,0,0,0,0,0,0,0,2026/09/22
福岡ソフトバンクホークス,緒方 理貢,外野手,阪神タイガース,,0,0,0,0,0,0,0,0,0,0,0,0,0,0,2026/09/22
福岡ソフトバンクホークス,緒方 理貢,外野手,埼玉西武ライオンズ,,0,0,0,0,0,0,0,0,0,0,0,0,0,0,2026/09/22
福岡ソフトバンクホークス,緒方 理貢,外野手,千葉ロッテマリーンズ,,0,0,0,0,0,0,0,0,0,0,0,0,0,0,2026/09/22
福岡ソフトバンクホークス,緒方 理貢,外野手,中日ドラゴンズ,,0,0,0,0,0,0,0,0,0,0,0,0,0,0,2026/09/22
福岡ソフトバンクホークス,緒方 理貢,外野手,東京ヤクルトスワローズ,,0,0,0,0,0,0,0,0,0,0,0,0,0,0,2026/09/22
福岡ソフトバンクホークス,緒方 理貢,外野手,東北楽天ゴールデンイーグルス,0.333,3,3,1,1,0,0,0,0,1,0,0,0,0,1,2026/09/22
福岡ソフトバンクホークス,緒方 理貢,外野手,読売ジャイアンツ,,0,0,0,0,0,0,0,0,0,0,0,0,0,0,2026/09/22
福岡ソフトバンクホークス,緒方 理貢,外野手,北海道日本ハムファイターズ,1.000,1,1,1,1,0,0,0,0,0,0,0,0,0,1,2026/09/22
福岡ソフトバンクホークス,川村 友斗,外野手,オリックス・バファローズ,0.143,7,7,1,1,0,0,0,0,2,0,0,0,0,4,2026/09/22
福岡ソフトバンクホークス,川村 友斗,外野手,横浜DeNAベイスターズ,0.500,2,2,1,0,1,0,0,1,0,0,0,0,0,1,2026/09/22
福岡ソフトバンクホークス,川村 友斗,外野手,広島東洋カープ,,0,0,0,0,0,0,0,0,0,0,0,0,0,0,2026/09/22
福岡ソフトバンクホークス,川村 友斗,外野手,阪神タイガース,0.000,1,1,0,0,0,0,0,0,1,0,0,0,0,1,2026/09/22
福岡ソフトバンクホークス,川村 友斗,外野手,埼玉西武ライオンズ,0.167,6,6,1,1,0,0,0,0,4,0,0,0,0,4,2026/09/22
福岡ソフトバンクホークス,川村 友斗,外野手,千葉ロッテマリーンズ,0.125,9,8,1,1,0,0,0,0,0,0,1,0,0,6,2026/09/22
福岡ソフトバンクホークス,川村 友斗,外野手,中日ドラゴンズ,0.000,1,1,0,0,0,0,0,0,0,0,0,0,0,1,2026/09/22
福岡ソフトバンクホークス,川村 友斗,外野手,東京ヤクルトスワローズ,0.000,1,1,0,0,0,0,0,0,0,0,0,0,0,1,2026/09/22
福岡ソフトバンクホークス,川村 友斗,外野手,東北楽天ゴールデンイーグルス,0.000,9,8,0,0,0,0,0,0,1,1,0,0,0,6,2026/09/22
福岡ソフトバンクホークス,川村 友斗,外野手,読売ジャイアンツ,0.000,1,1,0,0,0,0,0,0,1,0,0,0,0,1,2026/09/22
福岡ソフトバンクホークス,川村 友斗,外野手,北海道日本ハムファイターズ,0.000,9,8,0,0,0,0,0,0,2,1,0,0,0,6,2026/09/22
福岡ソフトバンクホークス,山本 恵大,外野手,オリックス・バファローズ,0.333,16,15,5,2,1,0,2,5,3,1,0,0,0,5,2026/09/22
福岡ソフトバンクホークス,山本 恵大,外野手,横浜DeNAベイスターズ,,0,0,0,0,0,0,0,0,0,0,0,0,0,0,2026/09/22
福岡ソフトバンクホークス,山本 恵大,外野手,広島東洋カープ,0.000,1,1,0,0,0,0,0,0,1,0,0,0,0,1,2026/09/22
福岡ソフトバンクホークス,山本 恵大,外野手,阪神タイガース,,0,0,0,0,0,0,0,0,0,0,0,0,0,0,2026/09/22
福岡ソフトバンクホークス,山本 恵大,外野手,埼玉西武ライオンズ,0.200,10,10,2,2,0,0,0,0,3,0,0,0,0,3,2026/09/22
福岡ソフトバンクホークス,山本 恵大,外野手,千葉ロッテマリーンズ,0.167,8,6,1,1,0,0,0,0,2,1,0,0,1,2,2026/09/22
福岡ソフトバンクホークス,山本 恵大,外野手,中日ドラゴンズ,,0,0,0,0,0,0,0,0,0,0,0,0,0,0,2026/09/22
福岡ソフトバンクホークス,山本 恵大,外野手,東京ヤクルトスワローズ,,0,0,0,0,0,0,0,0,0,0,0,0,0,0,2026/09/22
福岡ソフトバンクホークス,山本 恵大,外野手,東北楽天ゴールデンイーグルス,0.000,3,3,0,0,0,0,0,0,1,0,0,0,0,1,2026/09/22
福岡ソフトバンクホークス,山本 恵大,外野手,読売ジャイアンツ,0.250,9,8,2,1,0,0,1,2,3,0,0,0,1,3,2026/09/22
福岡ソフトバンクホークス,山本 恵大,外野手,北海道日本ハムファイターズ,0.714,9,7,5,4,1,0,0,0,1,1,0,0,1,3,2026/09/22
北海道日本ハムファイターズ,矢澤 宏太,投手,オリックス・バファローズ,0.200,26,25,5,3,1,1,0,0,3,1,0,0,0,10,2026/09/22
北海道日本ハムファイターズ,矢澤 宏太,投手,横浜DeNAベイスターズ,,0,0,0,0,0,0,0,0,0,0,0,0,0,0,2026/09/22
北海道日本ハムファイターズ,矢澤 宏太,投手,広島東洋カープ,0.000,5,4,0,0,0,0,0,0,2,1,0,0,0,2,2026/09/22
北海道日本ハムファイターズ,矢澤 宏太,投手,阪神タイガース,0.250,5,4,1,1,0,0,0,0,0,1,0,0,0,2,2026/09/22
北海道日本ハムファイターズ,矢澤 宏太,投手,埼玉西武ライオンズ,0.083,12,12,1,1,0,0,0,0,3,0,0,0,0,6,2026/09/22
北海道日本ハムファイターズ,矢澤 宏太,投手,千葉ロッテマリーンズ,0.136,22,22,3,1,0,1,1,1,7,0,0,0,0,6,2026/09/22
北海道日本ハムファイターズ,矢澤 宏太,投手,中日ドラゴンズ,,0,0,0,0,0,0,0,0,0,0,0,0,0,0,2026/09/22
北海道日本ハムファイターズ,矢澤 宏太,投手,東京ヤクルトスワローズ,0.500,2,2,1,1,0,0,0,0,2,0,0,0,0,2,2026/09/22
北海道日本ハムファイターズ,矢澤 宏太,投手,東北楽天ゴールデンイーグルス,0.462,14,13,6,3,1,1,1,3,1,1,0,0,0,6,2026/09/22
北海道日本ハムファイターズ,矢澤 宏太,投手,読売ジャイアンツ,0.250,5,4,1,1,0,0,0,0,1,1,0,0,0,1,2026/09/22
北海道日本ハムファイターズ,矢澤 宏太,投手,福岡ソフトバンクホークス,0.154,13,13,2,1,0,0,1,1,5,0,0,0,0,6,2026/09/22
北海道日本ハムファイターズ,生田目 翼,投手,オリックス・バファローズ,,0,0,0,0,0,0,0,0,0,0,0,0,0,0,2026/09/22
北海道日本ハムファイターズ,生田目 翼,投手,横浜DeNAベイスターズ,,0,0,0,0,0,0,0,0,0,0,0,0,0,0,2026/09/22
北海道日本ハムファイターズ,生田目 翼,投手,広島東洋カープ,,0,0,0,0,0,0,0,0,0,0,0,0,0,0,2026/09/22
北海道日本ハムファイターズ,生田目 翼,投手,阪神タイガース,,0,0,0,0,0,0,0,0,0,0,0,0,0,0,2026/09/22
北海道日本ハムファイターズ,生田目 翼,投手,埼玉西武ライオンズ,,0,0,0,0,0,0,0,0,0,0,0,0,0,0,2026/09/22
北海道日本ハムファイターズ,生田目 翼,投手,千葉ロッテマリーンズ,,0,0,0,0,0,0,0,0,0,0,0,0,0,0,2026/09/22
北海道日本ハムファイターズ,生田目 翼,投手,中日ドラゴンズ,,0,0,0,0,0,0,0,0,0,0,0,0,0,0,2026/09/22
北海道日本ハムファイターズ,生田目 翼,投手,東京ヤクルトスワローズ,,0,0,0,0,0,0,0,0,0,0,0,0,0,0,2026/09/22
北海道日本ハムファイターズ,生田目 翼,投手,東北楽天ゴールデンイーグルス,,0,0,0,0,0,0,0,0,0,0,0,0,0,0,2026/09/22
北海道日本ハムファイターズ,生田目 翼,投手,読売ジャイアンツ,,0,0,0,0,0,0,0,0,0,0,0,0,0,0,2026/09/22
北海道日本ハムファイターズ,生田目 翼,投手,福岡ソフトバンクホークス,,0,0,0,0,0,0,0,0,0,0,0,0,0,0,2026/09/22
北海道日本ハムファイターズ,加藤 貴之,投手,オリックス・バファローズ,,0,0,0,0,0,0,0,0,0,0,0,0,0,0,2026/09/22
北海道日本ハムファイターズ,加藤 貴之,投手,横浜DeNAベイスターズ,,0,0,0,0,0,0,0,0,0,0,0,0,0,0,2026/09/22
北海道日本ハムファイターズ,加藤 貴之,投手,広島東洋カープ,,0,0,0,0,0,0,0,0,0,0,0,0,0,0,2026/09/22
北海道日本ハムファイターズ,加藤 貴之,投手,阪神タイガース,0.500,3,2,1,1,0,0,0,1,0,0,1,0,0,1,2026/09/22
北海道日本ハムファイターズ,加藤 貴之,投手,埼玉西武ライオンズ,,0,0,0,0,0,0,0,0,0,0,0,0,0,0,2026/09/22
北海道日本ハムファイターズ,加藤 貴之,投手,千葉ロッテマリーンズ,,0,0,0,0,0,0,0,0,0,0,0,0,0,0,2026/09/22
北海道日本ハムファイターズ,加藤 貴之,投手,中日ドラゴンズ,,0,0,0,0,0,0,0,0,0,0,0,0,0,0,2026/09/22
北海道日本ハムファイターズ,加藤 貴之,投手,東京ヤクルトスワローズ,,0,0,0,0,0,0,0,0,0,0,0,0,0,0,2026/09/22
北海道日本ハムファイターズ,加藤 貴之,投手,東北楽天ゴールデンイーグルス,,0,0,0,0,0,0,0,0,0,0,0,0,0,0,2026/09/22
北海道日本ハムファイターズ,加藤 貴之,投手,読売ジャイアンツ,,0,0,0,0,0,0,0,0,0,0,0,0,0,0,2026/09/22
北海道日本ハムファイターズ,加藤 貴之,投手,福岡ソフトバンクホークス,,0,0,0,0,0,0,0,0,0,0,0,0,0,0,2026/09/22
北海道日本ハムファイターズ,北山 亘基,投手,オリックス・バファローズ,,0,0,0,0,0,0,0,0,0,0,0,0,0,0,2026/09/22
北海道日本ハムファイターズ,北山 亘基,投手,横浜DeNAベイスターズ,,0,0,0,0,0,0,0,0,0,0,0,0,0,0,2026/09/22
北海道日本ハムファイターズ,北山 亘基,投手,広島東洋カープ,0.000,3,2,0,0,0,0,0,0,1,0,1,0,0,1,2026/09/22
北海道日本ハムファイターズ,北山 亘基,投手,阪神タイガース,,0,0,0,0,0,0,0,0,0,0,0,0,0,0,2026/09/22
北海道日本ハムファイターズ,北山 亘基,投手,埼玉西武ライオンズ,,0,0,0,0,0,0,0,0,0,0,0,0,0,0,2026/09/22
北海道日本ハムファイターズ,北山 亘基,投手,千葉ロッテマリーンズ,,0,0,0,0,0,0,0,0,0,0,0,0,0,0,2026/09/22
北海道日本ハムファイターズ,北山 亘基,投手,中日ドラゴンズ,,0,0,0,0,0,0,0,0,0,0,0,0,0,0,2026/09/22
北海道日本ハムファイターズ,北山 亘基,投手,東京ヤクルトスワローズ,0.000,6,4,0,0,0,0,0,1,2,0,1,1,0,1,2026/09/22
北海道日本ハムファイターズ,北山 亘基,投手,東北楽天ゴールデンイーグルス,,0,0,0,0,0,0,0,0,0,0,0,0,0,0,2026/09/22
北海道日本ハムファイターズ,北山 亘基,投手,読売ジャイアンツ,,0,0,0,0,0,0,0,0,0,0,0,0,0,0,2026/09/22
北海道日本ハムファイターズ,北山 亘基,投手,福岡ソフトバンクホークス,,0,0,0,0,0,0,0,0,0,0,0,0,0,0,2026/09/22
北海道日本ハムファイターズ,達 孝太,投手,オリックス・バファローズ,,0,0,0,0,0,0,0,0,0,0,0,0,0,0,2026/09/22
北海道日本ハムファイターズ,達 孝太,投手,横浜DeNAベイスターズ,,0,0,0,0,0,0,0,0,0,0,0,0,0,0,2026/09/22
北海道日本ハムファイターズ,達 孝太,投手,広島東洋カープ,,0,0,0,0,0,0,0,0,0,0,0,0,0,0,2026/09/22
北海道日本ハムファイターズ,達 孝太,投手,阪神タイガース,,0,0,0,0,0,0,0,0,0,0,0,0,0,0,2026/09/22
北海道日本ハムファイターズ,達 孝太,投手,埼玉西武ライオンズ,,0,0,0,0,0,0,0,0,0,0,0,0,0,0,2026/09/22
北海道日本ハムファイターズ,達 孝太,投手,千葉ロッテマリーンズ,,0,0,0,0,0,0,0,0,0,0,0,0,0,0,2026/09/22
北海道日本ハムファイターズ,達 孝太,投手,中日ドラゴンズ,,0,0,0,0,0,0,0,0,0,0,0,0,0,0,2026/09/22
北海道日本ハムファイターズ,達 孝太,投手,東京ヤクルトスワローズ,,0,0,0,0,0,0,0,0,0,0,0,0,0,0,2026/09/22
北海道日本ハムファイターズ,達 孝太,投手,東北楽天ゴールデンイーグルス,,0,0,0,0,0,0,0,0,0,0,0,0,0,0,2026/09/22
北海道日本ハムファイターズ,達 孝太,投手,読売ジャイアンツ,,0,0,0,0,0,0,0,0,0,0,0,0,0,0,2026/09/22
北海道日本ハムファイターズ,達 孝太,投手,福岡ソフトバンクホークス,,0,0,0,0,0,0,0,0,0,0,0,0,0,0,2026/09/22
北海道日本ハムファイターズ,伊藤 大海,投手,オリックス・バファローズ,,0,0,0,0,0,0,0,0,0,0,0,0,0,0,2026/09/22
北海道日本ハムファイターズ,伊藤 大海,投手,横浜DeNAベイスターズ,,0,0,0,0,0,0,0,0,0,0,0,0,0,0,2026/09/22
北海道日本ハムファイターズ,伊藤 大海,投手,広島東洋カープ,0.000,3,2,0,0,0,0,0,0,0,0,1,0,0,1,2026/09/22
北海道日本ハムファイターズ,伊藤 大海,投手,阪神タイガース,0.000,5,4,0,0,0,0,0,0,1,0,1,0,0,1,2026/09/22
北海道日本ハムファイターズ,伊藤 大海,投手,埼玉西武ライオンズ,,0,0,0,0,0,0,0,0,0,0,0,0,0,0,2026/09/22
北海道日本ハムファイターズ,伊藤 大海,投手,千葉ロッテマリーンズ,,0,0,0,0,0,0,0,0,0,0,0,0,0,0,2026/09/22
北海道日本ハムファイターズ,伊藤 大海,投手,中日ドラゴンズ,,0,0,0,0,0,0,0,0,0,0,0,0,0,0,2026/09/22
北海道日本ハムファイターズ,伊藤 大海,投手,東京ヤクルトスワローズ,,0,0,0,0,0,0,0,0,0,0,0,0,0,0,2026/09/22
北海道日本ハムファイターズ,伊藤 大海,投手,東北楽天ゴールデンイーグルス,,0,0,0,0,0,0,0,0,0,0,0,0,0,0,2026/09/22
北海道日本ハムファイターズ,伊藤 大海,投手,読売ジャイアンツ,,0,0,0,0,0,0,0,0,0,0,0,0,0,0,2026/09/22
北海道日本ハムファイターズ,伊藤 大海,投手,福岡ソフトバンクホークス,,0,0,0,0,0,0,0,0,0,0,0,0,0,0,2026/09/22
北海道日本ハムファイターズ,山﨑 福也,投手,オリックス・バファローズ,,0,0,0,0,0,0,0,0,0,0,0,0,0,0,2026/09/22
北海道日本ハムファイターズ,山﨑 福也,投手,横浜DeNAベイスターズ,,0,0,0,0,0,0,0,0,0,0,0,0,0,0,2026/09/22
北海道日本ハムファイターズ,山﨑 福也,投手,広島東洋カープ,,0,0,0,0,0,0,0,0,0,0,0,0,0,0,2026/09/22
北海道日本ハムファイターズ,山﨑 福也,投手,阪神タイガース,,0,0,0,0,0,0,0,0,0,0,0,0,0,0,2026/09/22
北海道日本ハムファイターズ,山﨑 福也,投手,埼玉西武ライオンズ,,0,0,0,0,0,0,0,0,0,0,0,0,0,0,2026/09/22
北海道日本ハムファイターズ,山﨑 福也,投手,千葉ロッテマリーンズ,,0,0,0,0,0,0,0,0,0,0,0,0,0,0,2026/09/22
北海道日本ハムファイターズ,山﨑 福也,投手,中日ドラゴンズ,,0,0,0,0,0,0,0,0,0,0,0,0,0,0,2026/09/22
北海道日本ハムファイターズ,山﨑 福也,投手,東京ヤクルトスワローズ,0.000,3,3,0,0,0,0,0,0,0,0,0,0,0,1,2026/09/22
北海道日本ハムファイターズ,山﨑 福也,投手,東北楽天ゴールデンイーグルス,,0,0,0,0,0,0,0,0,0,0,0,0,0,0,2026/09/22
北海道日本ハムファイターズ,山﨑 福也,投手,読売ジャイアンツ,,0,0,0,0,0,0,0,0,0,0,0,0,0,0,2026/09/22
北海道日本ハムファイターズ,山﨑 福也,投手,福岡ソフトバンクホークス,,0,0,0,0,0,0,0,0,0,0,0,0,0,0,2026/09/22
北海道日本ハムファイターズ,玉井 大翔,投手,オリックス・バファローズ,,0,0,0,0,0,0,0,0,0,0,0,0,0,0,2026/09/22
北海道日本ハムファイターズ,玉井 大翔,投手,横浜DeNAベイスターズ,,0,0,0,0,0,0,0,0,0,0,0,0,0,0,2026/09/22
北海道日本ハムファイターズ,玉井 大翔,投手,広島東洋カープ,,0,0,0,0,0,0,0,0,0,0,0,0,0,0,2026/09/22
北海道日本ハムファイターズ,玉井 大翔,投手,阪神タイガース,,0,0,0,0,0,0,0,0,0,0,0,0,0,0,2026/09/22
北海道日本ハムファイターズ,玉井 大翔,投手,埼玉西武ライオンズ,,0,0,0,0,0,0,0,0,0,0,0,0,0,0,2026/09/22
北海道日本ハムファイターズ,玉井 大翔,投手,千葉ロッテマリーンズ,,0,0,0,0,0,0,0,0,0,0,0,0,0,0,2026/09/22
北海道日本ハムファイターズ,玉井 大翔,投手,中日ドラゴンズ,,0,0,0,0,0,0,0,0,0,0,0,0,0,0,2026/09/22
北海道日本ハムファイターズ,玉井 大翔,投手,東京ヤクルトスワローズ,,0,0,0,0,0,0,0,0,0,0,0,0,0,0,2026/09/22
北海道日本ハムファイターズ,玉井 大翔,投手,東北楽天ゴールデンイーグルス,,0,0,0,0,0,0,0,0,0,0,0,0,0,0,2026/09/22
北海道日本ハムファイターズ,玉井 大翔,投手,読売ジャイアンツ,,0,0,0,0,0,0,0,0,0,0,0,0,0,0,2026/09/22
北海道日本ハムファイターズ,玉井 大翔,投手,福岡ソフトバンクホークス,,0,0,0,0,0,0,0,0,0,0,0,0,0,0,2026/09/22
北海道日本ハムファイターズ,上原 健太,投手,オリックス・バファローズ,,0,0,0,0,0,0,0,0,0,0,0,0,0,0,2026/09/22
北海道日本ハムファイターズ,上原 健太,投手,横浜DeNAベイスターズ,,0,0,0,0,0,0,0,0,0,0,0,0,0,0,2026/09/22
北海道日本ハムファイターズ,上原 健太,投手,広島東洋カープ,,0,0,0,0,0,0,0,0,0,0,0,0,0,0,2026/09/22
北海道日本ハムファイターズ,上原 健太,投手,阪神タイガース,,0,0,0,0,0,0,0,0,0,0,0,0,0,0,2026/09/22
北海道日本ハムファイターズ,上原 健太,投手,埼玉西武ライオンズ,,0,0,0,0,0,0,0,0,0,0,0,0,0,0,2026/09/22
北海道日本ハムファイターズ,上原 健太,投手,千葉ロッテマリーンズ,,0,0,0,0,0,0,0,0,0,0,0,0,0,0,2026/09/22
北海道日本ハムファイターズ,上原 健太,投手,中日ドラゴンズ,,0,0,0,0,0,0,0,0,0,0,0,0,0,0,2026/09/22
北海道日本ハムファイターズ,上原 健太,投手,東京ヤクルトスワローズ,,0,0,0,0,0,0,0,0,0,0,0,0,0,0,2026/09/22
北海道日本ハムファイターズ,上原 健太,投手,東北楽天ゴールデンイーグルス,,0,0,0,0,0,0,0,0,0,0,0,0,0,0,2026/09/22
北海道日本ハムファイターズ,上原 健太,投手,読売ジャイアンツ,,0,0,0,0,0,0,0,0,0,0,0,0,0,0,2026/09/22
北海道日本ハムファイターズ,上原 健太,投手,福岡ソフトバンクホークス,,0,0,0,0,0,0,0,0,0,0,0,0,0,0,2026/09/22
北海道日本ハムファイターズ,杉浦 稔大,投手,オリックス・バファローズ,,0,0,0,0,0,0,0,0,0,0,0,0,0,0,2026/09/22
北海道日本ハムファイターズ,杉浦 稔大,投手,横浜DeNAベイスターズ,,0,0,0,0,0,0,0,0,0,0,0,0,0,0,2026/09/22
北海道日本ハムファイターズ,杉浦 稔大,投手,広島東洋カープ,,0,0,0,0,0,0,0,0,0,0,0,0,0,0,2026/09/22
北海道日本ハムファイターズ,杉浦 稔大,投手,阪神タイガース,,0,0,0,0,0,0,0,0,0,0,0,0,0,0,2026/09/22
北海道日本ハムファイターズ,杉浦 稔大,投手,埼玉西武ライオンズ,,0,0,0,0,0,0,0,0,0,0,0,0,0,0,2026/09/22
北海道日本ハムファイターズ,杉浦 稔大,投手,千葉ロッテマリーンズ,,0,0,0,0,0,0,0,0,0,0,0,0,0,0,2026/09/22
北海道日本ハムファイターズ,杉浦 稔大,投手,中日ドラゴンズ,,0,0,0,0,0,0,0,0,0,0,0,0,0,0,2026/09/22
北海道日本ハムファイターズ,杉浦 稔大,投手,東京ヤクルトスワローズ,,0,0,0,0,0,0,0,0,0,0,0,0,0,0,2026/09/22
北海道日本ハムファイターズ,杉浦 稔大,投手,東北楽天ゴールデンイーグルス,,0,0,0,0,0,0,0,0,0,0,0,0,0,0,2026/09/22
北海道日本ハムファイターズ,杉浦 稔大,投手,読売ジャイアンツ,,0,0,0,0,0,0,0,0,0,0,0,0,0,0,2026/09/22
北海道日本ハムファイターズ,杉浦 稔大,投手,福岡ソフトバンクホークス,,0,0,0,0,0,0,0,0,0,0,0,0,0,0,2026/09/22
北海道日本ハムファイターズ,金村 尚真,投手,オリックス・バファローズ,,0,0,0,0,0,0,0,0,0,0,0,0,0,0,2026/09/22
北海道日本ハムファイターズ,金村 尚真,投手,横浜DeNAベイスターズ,,0,0,0,0,0,0,0,0,0,0,0,0,0,0,2026/09/22
北海道日本ハムファイターズ,金村 尚真,投手,広島東洋カープ,,0,0,0,0,0,0,0,0,0,0,0,0,0,0,2026/09/22
北海道日本ハムファイターズ,金村 尚真,投手,阪神タイガース,,0,0,0,0,0,0,0,0,0,0,0,0,0,0,2026/09/22
北海道日本ハムファイターズ,金村 尚真,投手,埼玉西武ライオンズ,,0,0,0,0,0,0,0,0,0,0,0,0,0,0,2026/09/22
北海道日本ハムファイターズ,金村 尚真,投手,千葉ロッテマリーンズ,,0,0,0,0,0,0,0,0,0,0,0,0,0,0,2026/09/22
北海道日本ハムファイターズ,金村 尚真,投手,中日ドラゴンズ,,0,0,0,0,0,0,0,0,0,0,0,0,0,0,2026/09/22
北海道日本ハムファイターズ,金村 尚真,投手,東京ヤクルトスワローズ,,0,0,0,0,0,0,0,0,0,0,0,0,0,0,2026/09/22
北海道日本ハムファイターズ,金村 尚真,投手,東北楽天ゴールデンイーグルス,,0,0,0,0,0,0,0,0,0,0,0,0,0,0,2026/09/22
北海道日本ハムファイターズ,金村 尚真,投手,読売ジャイアンツ,,0,0,0,0,0,0,0,0,0,0,0,0,0,0,2026/09/22
北海道日本ハムファイターズ,金村 尚真,投手,福岡ソフトバンクホークス,,0,0,0,0,0,0,0,0,0,0,0,0,0,0,2026/09/22
北海道日本ハムファイターズ,宮西 尚生,投手,オリックス・バファローズ,,0,0,0,0,0,0,0,0,0,0,0,0,0,0,2026/09/22
北海道日本ハムファイターズ,宮西 尚生,投手,横浜DeNAベイスターズ,,0,0,0,0,0,0,0,0,0,0,0,0,0,0,2026/09/22
北海道日本ハムファイターズ,宮西 尚生,投手,広島東洋カープ,,0,0,0,0,0,0,0,0,0,0,0,0,0,0,2026/09/22
北海道日本ハムファイターズ,宮西 尚生,投手,阪神タイガース,,0,0,0,0,0,0,0,0,0,0,0,0,0,0,2026/09/22
北海道日本ハムファイターズ,宮西 尚生,投手,埼玉西武ライオンズ,,0,0,0,0,0,0,0,0,0,0,0,0,0,0,2026/09/22
北海道日本ハムファイターズ,宮西 尚生,投手,千葉ロッテマリーンズ,,0,0,0,0,0,0,0,0,0,0,0,0,0,0,2026/09/22
北海道日本ハムファイターズ,宮西 尚生,投手,中日ドラゴンズ,,0,0,0,0,0,0,0,0,0,0,0,0,0,0,2026/09/22
北海道日本ハムファイターズ,宮西 尚生,投手,東京ヤクルトスワローズ,,0,0,0,0,0,0,0,0,0,0,0,0,0,0,2026/09/22
北海道日本ハムファイターズ,宮西 尚生,投手,東北楽天ゴールデンイーグルス,,0,0,0,0,0,0,0,0,0,0,0,0,0,0,2026/09/22
北海道日本ハムファイターズ,宮西 尚生,投手,読売ジャイアンツ,,0,0,0,0,0,0,0,0,0,0,0,0,0,0,2026/09/22
北海道日本ハムファイターズ,宮西 尚生,投手,福岡ソフトバンクホークス,,0,0,0,0,0,0,0,0,0,0,0,0,0,0,2026/09/22
北海道日本ハムファイターズ,田中 正義,投手,オリックス・バファローズ,,0,0,0,0,0,0,0,0,0,0,0,0,0,0,2026/09/22
北海道日本ハムファイターズ,田中 正義,投手,横浜DeNAベイスターズ,,0,0,0,0,0,0,0,0,0,0,0,0,0,0,2026/09/22
北海道日本ハムファイターズ,田中 正義,投手,広島東洋カープ,,0,0,0,0,0,0,0,0,0,0,0,0,0,0,2026/09/22
北海道日本ハムファイターズ,田中 正義,投手,阪神タイガース,,0,0,0,0,0,0,0,0,0,0,0,0,0,0,2026/09/22
北海道日本ハムファイターズ,田中 正義,投手,埼玉西武ライオンズ,,0,0,0,0,0,0,0,0,0,0,0,0,0,0,2026/09/22
北海道日本ハムファイターズ,田中 正義,投手,千葉ロッテマリーンズ,,0,0,0,0,0,0,0,0,0,0,0,0,0,0,2026/09/22
北海道日本ハムファイターズ,田中 正義,投手,中日ドラゴンズ,,0,0,0,0,0,0,0,0,0,0,0,0,0,0,2026/09/22
北海道日本ハムファイターズ,田中 正義,投手,東京ヤクルトスワローズ,,0,0,0,0,0,0,0,0,0,0,0,0,0,0,2026/09/22
北海道日本ハムファイターズ,田中 正義,投手,東北楽天ゴールデンイーグルス,,0,0,0,0,0,0,0,0,0,0,0,0,0,0,2026/09/22
北海道日本ハムファイターズ,田中 正義,投手,読売ジャイアンツ,,0,0,0,0,0,0,0,0,0,0,0,0,0,0,2026/09/22
北海道日本ハムファイターズ,田中 正義,投手,福岡ソフトバンクホークス,,0,0,0,0,0,0,0,0,0,0,0,0,0,0,2026/09/22
北海道日本ハムファイターズ,大川 慈英,投手,オリックス・バファローズ,,0,0,0,0,0,0,0,0,0,0,0,0,0,0,2026/09/22
北海道日本ハムファイターズ,大川 慈英,投手,横浜DeNAベイスターズ,,0,0,0,0,0,0,0,0,0,0,0,0,0,0,2026/09/22
北海道日本ハムファイターズ,大川 慈英,投手,広島東洋カープ,,0,0,0,0,0,0,0,0,0,0,0,0,0,0,2026/09/22
北海道日本ハムファイターズ,大川 慈英,投手,阪神タイガース,,0,0,0,0,0,0,0,0,0,0,0,0,0,0,2026/09/22
北海道日本ハムファイターズ,大川 慈英,投手,埼玉西武ライオンズ,,0,0,0,0,0,0,0,0,0,0,0,0,0,0,2026/09/22
北海道日本ハムファイターズ,大川 慈英,投手,千葉ロッテマリーンズ,,0,0,0,0,0,0,0,0,0,0,0,0,0,0,2026/09/22
北海道日本ハムファイターズ,大川 慈英,投手,中日ドラゴンズ,,0,0,0,0,0,0,0,0,0,0,0,0,0,0,2026/09/22
北海道日本ハムファイターズ,大川 慈英,投手,東京ヤクルトスワローズ,,0,0,0,0,0,0,0,0,0,0,0,0,0,0,2026/09/22
北海道日本ハムファイターズ,大川 慈英,投手,東北楽天ゴールデンイーグルス,,0,0,0,0,0,0,0,0,0,0,0,0,0,0,2026/09/22
北海道日本ハムファイターズ,大川 慈英,投手,読売ジャイアンツ,,0,0,0,0,0,0,0,0,0,0,0,0,0,0,2026/09/22
北海道日本ハムファイターズ,大川 慈英,投手,福岡ソフトバンクホークス,,0,0,0,0,0,0,0,0,0,0,0,0,0,0,2026/09/22
北海道日本ハムファイターズ,河野 竜生,投手,オリックス・バファローズ,,0,0,0,0,0,0,0,0,0,0,0,0,0,0,2026/09/22
北海道日本ハムファイターズ,河野 竜生,投手,横浜DeNAベイスターズ,,0,0,0,0,0,0,0,0,0,0,0,0,0,0,2026/09/22
北海道日本ハムファイターズ,河野 竜生,投手,広島東洋カープ,,0,0,0,0,0,0,0,0,0,0,0,0,0,0,2026/09/22
北海道日本ハムファイターズ,河野 竜生,投手,阪神タイガース,,0,0,0,0,0,0,0,0,0,0,0,0,0,0,2026/09/22
北海道日本ハムファイターズ,河野 竜生,投手,埼玉西武ライオンズ,,0,0,0,0,0,0,0,0,0,0,0,0,0,0,2026/09/22
北海道日本ハムファイターズ,河野 竜生,投手,千葉ロッテマリーンズ,,0,0,0,0,0,0,0,0,0,0,0,0,0,0,2026/09/22
北海道日本ハムファイターズ,河野 竜生,投手,中日ドラゴンズ,,0,0,0,0,0,0,0,0,0,0,0,0,0,0,2026/09/22
北海道日本ハムファイターズ,河野 竜生,投手,東京ヤクルトスワローズ,,0,0,0,0,0,0,0,0,0,0,0,0,0,0,2026/09/22
北海道日本ハムファイターズ,河野 竜生,投手,東北楽天ゴールデンイーグルス,,0,0,0,0,0,0,0,0,0,0,0,0,0,0,2026/09/22
北海道日本ハムファイターズ,河野 竜生,投手,読売ジャイアンツ,,0,0,0,0,0,0,0,0,0,0,0,0,0,0,2026/09/22
北海道日本ハムファイターズ,河野 竜生,投手,福岡ソフトバンクホークス,,0,0,0,0,0,0,0,0,0,0,0,0,0,0,2026/09/22
北海道日本ハムファイターズ,細野 晴希,投手,オリックス・バファローズ,,0,0,0,0,0,0,0,0,0,0,0,0,0,0,2026/09/22
北海道日本ハムファイターズ,細野 晴希,投手,横浜DeNAベイスターズ,,0,0,0,0,0,0,0,0,0,0,0,0,0,0,2026/09/22
北海道日本ハムファイターズ,細野 晴希,投手,広島東洋カープ,,0,0,0,0,0,0,0,0,0,0,0,0,0,0,2026/09/22
北海道日本ハムファイターズ,細野 晴希,投手,阪神タイガース,,0,0,0,0,0,0,0,0,0,0,0,0,0,0,2026/09/22
北海道日本ハムファイターズ,細野 晴希,投手,埼玉西武ライオンズ,,0,0,0,0,0,0,0,0,0,0,0,0,0,0,2026/09/22
北海道日本ハムファイターズ,細野 晴希,投手,千葉ロッテマリーンズ,,0,0,0,0,0,0,0,0,0,0,0,0,0,0,2026/09/22
北海道日本ハムファイターズ,細野 晴希,投手,中日ドラゴンズ,,0,0,0,0,0,0,0,0,0,0,0,0,0,0,2026/09/22
北海道日本ハムファイターズ,細野 晴希,投手,東京ヤクルトスワローズ,,0,0,0,0,0,0,0,0,0,0,0,0,0,0,2026/09/22
北海道日本ハムファイターズ,細野 晴希,投手,東北楽天ゴールデンイーグルス,,0,0,0,0,0,0,0,0,0,0,0,0,0,0,2026/09/22
北海道日本ハムファイターズ,細野 晴希,投手,読売ジャイアンツ,,0,0,0,0,0,0,0,0,0,0,0,0,0,0,2026/09/22
北海道日本ハムファイターズ,細野 晴希,投手,福岡ソフトバンクホークス,,0,0,0,0,0,0,0,0,0,0,0,0,0,0,2026/09/22
北海道日本ハムファイターズ,ラオ,投手,オリックス・バファローズ,,0,0,0,0,0,0,0,0,0,0,0,0,0,0,2026/09/22
北海道日本ハムファイターズ,ラオ,投手,横浜DeNAベイスターズ,,0,0,0,0,0,0,0,0,0,0,0,0,0,0,2026/09/22
北海道日本ハムファイターズ,ラオ,投手,広島東洋カープ,,0,0,0,0,0,0,0,0,0,0,0,0,0,0,2026/09/22
北海道日本ハムファイターズ,ラオ,投手,阪神タイガース,,0,0,0,0,0,0,0,0,0,0,0,0,0,0,2026/09/22
北海道日本ハムファイターズ,ラオ,投手,埼玉西武ライオンズ,,0,0,0,0,0,0,0,0,0,0,0,0,0,0,2026/09/22
北海道日本ハムファイターズ,ラオ,投手,千葉ロッテマリーンズ,,0,0,0,0,0,0,0,0,0,0,0,0,0,0,2026/09/22
北海道日本ハムファイターズ,ラオ,投手,中日ドラゴンズ,,0,0,0,0,0,0,0,0,0,0,0,0,0,0,2026/09/22
北海道日本ハムファイターズ,ラオ,投手,東京ヤクルトスワローズ,,0,0,0,0,0,0,0,0,0,0,0,0,0,0,2026/09/22
北海道日本ハムファイターズ,ラオ,投手,東北楽天ゴールデンイーグルス,,0,0,0,0,0,0,0,0,0,0,0,0,0,0,2026/09/22
北海道日本ハムファイターズ,ラオ,投手,読売ジャイアンツ,,0,0,0,0,0,0,0,0,0,0,0,0,0,0,2026/09/22
北海道日本ハムファイターズ,ラオ,投手,福岡ソフトバンクホークス,,0,0,0,0,0,0,0,0,0,0,0,0,0,0,2026/09/22
北海道日本ハムファイターズ,柴田 獅子,投手,オリックス・バファローズ,0.400,10,10,4,2,1,0,1,2,0,0,0,0,0,3,2026/09/22
北海道日本ハムファイターズ,柴田 獅子,投手,横浜DeNAベイスターズ,,0,0,0,0,0,0,0,0,0,0,0,0,0,0,2026/09/22
北海道日本ハムファイターズ,柴田 獅子,投手,広島東洋カープ,0.000,2,2,0,0,0,0,0,0,0,0,0,0,0,1,2026/09/22
北海道日本ハムファイターズ,柴田 獅子,投手,阪神タイガース,,0,0,0,0,0,0,0,0,0,0,0,0,0,0,2026/09/22
北海道日本ハムファイターズ,柴田 獅子,投手,埼玉西武ライオンズ,0.000,1,1,0,0,0,0,0,0,0,0,0,0,0,1,2026/09/22
北海道日本ハムファイターズ,柴田 獅子,投手,千葉ロッテマリーンズ,,0,0,0,0,0,0,0,0,0,0,0,0,0,0,2026/09/22
北海道日本ハムファイターズ,柴田 獅子,投手,中日ドラゴンズ,,0,0,0,0,0,0,0,0,0,0,0,0,0,0,2026/09/22
北海道日本ハムファイターズ,柴田 獅子,投手,東京ヤクルトスワローズ,,0,0,0,0,0,0,0,0,0,0,0,0,0,0,2026/09/22
北海道日本ハムファイターズ,柴田 獅子,投手,東北楽天ゴールデンイーグルス,0.250,5,4,1,1,0,0,0,1,2,0,0,0,1,1,2026/09/22
北海道日本ハムファイターズ,柴田 獅子,投手,読売ジャイアンツ,,0,0,0,0,0,0,0,0,0,0,0,0,0,0,2026/09/22
北海道日本ハムファイターズ,柴田 獅子,投手,福岡ソフトバンクホークス,0.600,5,5,3,3,0,0,0,0,2,0,0,0,0,2,2026/09/22
北海道日本ハムファイターズ,藤田 琉生,投手,オリックス・バファローズ,,0,0,0,0,0,0,0,0,0,0,0,0,0,0,2026/09/22
北海道日本ハムファイターズ,藤田 琉生,投手,横浜DeNAベイスターズ,,0,0,0,0,0,0,0,0,0,0,0,0,0,0,2026/09/22
北海道日本ハムファイターズ,藤田 琉生,投手,広島東洋カープ,,0,0,0,0,0,0,0,0,0,0,0,0,0,0,2026/09/22
北海道日本ハムファイターズ,藤田 琉生,投手,阪神タイガース,,0,0,0,0,0,0,0,0,0,0,0,0,0,0,2026/09/22
北海道日本ハムファイターズ,藤田 琉生,投手,埼玉西武ライオンズ,,0,0,0,0,0,0,0,0,0,0,0,0,0,0,2026/09/22
北海道日本ハムファイターズ,藤田 琉生,投手,千葉ロッテマリーンズ,,0,0,0,0,0,0,0,0,0,0,0,0,0,0,2026/09/22
北海道日本ハムファイターズ,藤田 琉生,投手,中日ドラゴンズ,,0,0,0,0,0,0,0,0,0,0,0,0,0,0,2026/09/22
北海道日本ハムファイターズ,藤田 琉生,投手,東京ヤクルトスワローズ,,0,0,0,0,0,0,0,0,0,0,0,0,0,0,2026/09/22
北海道日本ハムファイターズ,藤田 琉生,投手,東北楽天ゴールデンイーグルス,,0,0,0,0,0,0,0,0,0,0,0,0,0,0,2026/09/22
北海道日本ハムファイターズ,藤田 琉生,投手,読売ジャイアンツ,,0,0,0,0,0,0,0,0,0,0,0,0,0,0,2026/09/22
北海道日本ハムファイターズ,藤田 琉生,投手,福岡ソフトバンクホークス,,0,0,0,0,0,0,0,0,0,0,0,0,0,0,2026/09/22
北海道日本ハムファイターズ,堀 瑞輝,投手,オリックス・バファローズ,,0,0,0,0,0,0,0,0,0,0,0,0,0,0,2026/09/22
北海道日本ハムファイターズ,堀 瑞輝,投手,横浜DeNAベイスターズ,,0,0,0,0,0,0,0,0,0,0,0,0,0,0,2026/09/22
北海道日本ハムファイターズ,堀 瑞輝,投手,広島東洋カープ,,0,0,0,0,0,0,0,0,0,0,0,0,0,0,2026/09/22
北海道日本ハムファイターズ,堀 瑞輝,投手,阪神タイガース,,0,0,0,0,0,0,0,0,0,0,0,0,0,0,2026/09/22
北海道日本ハムファイターズ,堀 瑞輝,投手,埼玉西武ライオンズ,,0,0,0,0,0,0,0,0,0,0,0,0,0,0,2026/09/22
北海道日本ハムファイターズ,堀 瑞輝,投手,千葉ロッテマリーンズ,,0,0,0,0,0,0,0,0,0,0,0,0,0,0,2026/09/22
北海道日本ハムファイターズ,堀 瑞輝,投手,中日ドラゴンズ,,0,0,0,0,0,0,0,0,0,0,0,0,0,0,2026/09/22
北海道日本ハムファイターズ,堀 瑞輝,投手,東京ヤクルトスワローズ,,0,0,0,0,0,0,0,0,0,0,0,0,0,0,2026/09/22
北海道日本ハムファイターズ,堀 瑞輝,投手,東北楽天ゴールデンイーグルス,,0,0,0,0,0,0,0,0,0,0,0,0,0,0,2026/09/22
北海道日本ハムファイターズ,堀 瑞輝,投手,読売ジャイアンツ,,0,0,0,0,0,0,0,0,0,0,0,0,0,0,2026/09/22
北海道日本ハムファイターズ,堀 瑞輝,投手,福岡ソフトバンクホークス,,0,0,0,0,0,0,0,0,0,0,0,0,0,0,2026/09/22
北海道日本ハムファイターズ,浅利 太門,投手,オリックス・バファローズ,,0,0,0,0,0,0,0,0,0,0,0,0,0,0,2026/09/22
北海道日本ハムファイターズ,浅利 太門,投手,横浜DeNAベイスターズ,,0,0,0,0,0,0,0,0,0,0,0,0,0,0,2026/09/22
北海道日本ハムファイターズ,浅利 太門,投手,広島東洋カープ,,0,0,0,0,0,0,0,0,0,0,0,0,0,0,2026/09/22
北海道日本ハムファイターズ,浅利 太門,投手,阪神タイガース,,0,0,0,0,0,0,0,0,0,0,0,0,0,0,2026/09/22
北海道日本ハムファイターズ,浅利 太門,投手,埼玉西武ライオンズ,,0,0,0,0,0,0,0,0,0,0,0,0,0,0,2026/09/22
北海道日本ハムファイターズ,浅利 太門,投手,千葉ロッテマリーンズ,,0,0,0,0,0,0,0,0,0,0,0,0,0,0,2026/09/22
北海道日本ハムファイターズ,浅利 太門,投手,中日ドラゴンズ,,0,0,0,0,0,0,0,0,0,0,0,0,0,0,2026/09/22
北海道日本ハムファイターズ,浅利 太門,投手,東京ヤクルトスワローズ,,0,0,0,0,0,0,0,0,0,0,0,0,0,0,2026/09/22
北海道日本ハムファイターズ,浅利 太門,投手,東北楽天ゴールデンイーグルス,,0,0,0,0,0,0,0,0,0,0,0,0,0,0,2026/09/22
北海道日本ハムファイターズ,浅利 太門,投手,読売ジャイアンツ,,0,0,0,0,0,0,0,0,0,0,0,0,0,0,2026/09/22
北海道日本ハムファイターズ,浅利 太門,投手,福岡ソフトバンクホークス,,0,0,0,0,0,0,0,0,0,0,0,0,0,0,2026/09/22
北海道日本ハムファイターズ,古林 睿煬,投手,オリックス・バファローズ,,0,0,0,0,0,0,0,0,0,0,0,0,0,0,2026/09/22
北海道日本ハムファイターズ,古林 睿煬,投手,横浜DeNAベイスターズ,,0,0,0,0,0,0,0,0,0,0,0,0,0,0,2026/09/22
北海道日本ハムファイターズ,古林 睿煬,投手,広島東洋カープ,,0,0,0,0,0,0,0,0,0,0,0,0,0,0,2026/09/22
北海道日本ハムファイターズ,古林 睿煬,投手,阪神タイガース,,0,0,0,0,0,0,0,0,0,0,0,0,0,0,2026/09/22
北海道日本ハムファイターズ,古林 睿煬,投手,埼玉西武ライオンズ,,0,0,0,0,0,0,0,0,0,0,0,0,0,0,2026/09/22
北海道日本ハムファイターズ,古林 睿煬,投手,千葉ロッテマリーンズ,,0,0,0,0,0,0,0,0,0,0,0,0,0,0,2026/09/22
北海道日本ハムファイターズ,古林 睿煬,投手,中日ドラゴンズ,,0,0,0,0,0,0,0,0,0,0,0,0,0,0,2026/09/22
北海道日本ハムファイターズ,古林 睿煬,投手,東京ヤクルトスワローズ,,0,0,0,0,0,0,0,0,0,0,0,0,0,0,2026/09/22
北海道日本ハムファイターズ,古林 睿煬,投手,東北楽天ゴールデンイーグルス,,0,0,0,0,0,0,0,0,0,0,0,0,0,0,2026/09/22
北海道日本ハムファイターズ,古林 睿煬,投手,読売ジャイアンツ,,0,0,0,0,0,0,0,0,0,0,0,0,0,0,2026/09/22
北海道日本ハムファイターズ,古林 睿煬,投手,福岡ソフトバンクホークス,,0,0,0,0,0,0,0,0,0,0,0,0,0,0,2026/09/22
北海道日本ハムファイターズ,島本 浩也,投手,オリックス・バファローズ,,0,0,0,0,0,0,0,0,0,0,0,0,0,0,2026/09/22
北海道日本ハムファイターズ,島本 浩也,投手,横浜DeNAベイスターズ,,0,0,0,0,0,0,0,0,0,0,0,0,0,0,2026/09/22
北海道日本ハムファイターズ,島本 浩也,投手,広島東洋カープ,,0,0,0,0,0,0,0,0,0,0,0,0,0,0,2026/09/22
北海道日本ハムファイターズ,島本 浩也,投手,阪神タイガース,,0,0,0,0,0,0,0,0,0,0,0,0,0,0,2026/09/22
北海道日本ハムファイターズ,島本 浩也,投手,埼玉西武ライオンズ,,0,0,0,0,0,0,0,0,0,0,0,0,0,0,2026/09/22
北海道日本ハムファイターズ,島本 浩也,投手,千葉ロッテマリーンズ,,0,0,0,0,0,0,0,0,0,0,0,0,0,0,2026/09/22
北海道日本ハムファイターズ,島本 浩也,投手,中日ドラゴンズ,,0,0,0,0,0,0,0,0,0,0,0,0,0,0,2026/09/22
北海道日本ハムファイターズ,島本 浩也,投手,東京ヤクルトスワローズ,,0,0,0,0,0,0,0,0,0,0,0,0,0,0,2026/09/22
北海道日本ハムファイターズ,島本 浩也,投手,東北楽天ゴールデンイーグルス,,0,0,0,0,0,0,0,0,0,0,0,0,0,0,2026/09/22
北海道日本ハムファイターズ,島本 浩也,投手,読売ジャイアンツ,,0,0,0,0,0,0,0,0,0,0,0,0,0,0,2026/09/22
北海道日本ハムファイターズ,島本 浩也,投手,福岡ソフトバンクホークス,,0,0,0,0,0,0,0,0,0,0,0,0,0,0,2026/09/22
北海道日本ハムファイターズ,福谷 浩司,投手,オリックス・バファローズ,,0,0,0,0,0,0,0,0,0,0,0,0,0,0,2026/09/22
北海道日本ハムファイターズ,福谷 浩司,投手,横浜DeNAベイスターズ,,0,0,0,0,0,0,0,0,0,0,0,0,0,0,2026/09/22
北海道日本ハムファイターズ,福谷 浩司,投手,広島東洋カープ,,0,0,0,0,0,0,0,0,0,0,0,0,0,0,2026/09/22
北海道日本ハムファイターズ,福谷 浩司,投手,阪神タイガース,,0,0,0,0,0,0,0,0,0,0,0,0,0,0,2026/09/22
北海道日本ハムファイターズ,福谷 浩司,投手,埼玉西武ライオンズ,,0,0,0,0,0,0,0,0,0,0,0,0,0,0,2026/09/22
北海道日本ハムファイターズ,福谷 浩司,投手,千葉ロッテマリーンズ,,0,0,0,0,0,0,0,0,0,0,0,0,0,0,2026/09/22
北海道日本ハムファイターズ,福谷 浩司,投手,中日ドラゴンズ,,0,0,0,0,0,0,0,0,0,0,0,0,0,0,2026/09/22
北海道日本ハムファイターズ,福谷 浩司,投手,東京ヤクルトスワローズ,,0,0,0,0,0,0,0,0,0,0,0,0,0,0,2026/09/22
北海道日本ハムファイターズ,福谷 浩司,投手,東北楽天ゴールデンイーグルス,,0,0,0,0,0,0,0,0,0,0,0,0,0,0,2026/09/22
北海道日本ハムファイターズ,福谷 浩司,投手,読売ジャイアンツ,,0,0,0,0,0,0,0,0,0,0,0,0,0,0,2026/09/22
北海道日本ハムファイターズ,福谷 浩司,投手,福岡ソフトバンクホークス,,0,0,0,0,0,0,0,0,0,0,0,0,0,0,2026/09/22
北海道日本ハムファイターズ,福島 蓮,投手,オリックス・バファローズ,,0,0,0,0,0,0,0,0,0,0,0,0,0,0,2026/09/22
北海道日本ハムファイターズ,福島 蓮,投手,横浜DeNAベイスターズ,,0,0,0,0,0,0,0,0,0,0,0,0,0,0,2026/09/22
北海道日本ハムファイターズ,福島 蓮,投手,広島東洋カープ,,0,0,0,0,0,0,0,0,0,0,0,0,0,0,2026/09/22
北海道日本ハムファイターズ,福島 蓮,投手,阪神タイガース,0.000,4,3,0,0,0,0,0,0,1,0,1,0,0,1,2026/09/22
北海道日本ハムファイターズ,福島 蓮,投手,埼玉西武ライオンズ,,0,0,0,0,0,0,0,0,0,0,0,0,0,0,2026/09/22
北海道日本ハムファイターズ,福島 蓮,投手,千葉ロッテマリーンズ,,0,0,0,0,0,0,0,0,0,0,0,0,0,0,2026/09/22
北海道日本ハムファイターズ,福島 蓮,投手,中日ドラゴンズ,,0,0,0,0,0,0,0,0,0,0,0,0,0,0,2026/09/22
北海道日本ハムファイターズ,福島 蓮,投手,東京ヤクルトスワローズ,0.000,2,2,0,0,0,0,0,0,1,0,0,0,0,1,2026/09/22
北海道日本ハムファイターズ,福島 蓮,投手,東北楽天ゴールデンイーグルス,,0,0,0,0,0,0,0,0,0,0,0,0,0,0,2026/09/22
北海道日本ハムファイターズ,福島 蓮,投手,読売ジャイアンツ,,0,0,0,0,0,0,0,0,0,0,0,0,0,0,2026/09/22
北海道日本ハムファイターズ,福島 蓮,投手,福岡ソフトバンクホークス,,0,0,0,0,0,0,0,0,0,0,0,0,0,0,2026/09/22
北海道日本ハムファイターズ,畔柳 亨丞,投手,オリックス・バファローズ,,0,0,0,0,0,0,0,0,0,0,0,0,0,0,2026/09/22
北海道日本ハムファイターズ,畔柳 亨丞,投手,横浜DeNAベイスターズ,,0,0,0,0,0,0,0,0,0,0,0,0,0,0,2026/09/22
北海道日本ハムファイターズ,畔柳 亨丞,投手,広島東洋カープ,,0,0,0,0,0,0,0,0,0,0,0,0,0,0,2026/09/22
北海道日本ハムファイターズ,畔柳 亨丞,投手,阪神タイガース,,0,0,0,0,0,0,0,0,0,0,0,0,0,0,2026/09/22
北海道日本ハムファイターズ,畔柳 亨丞,投手,埼玉西武ライオンズ,,0,0,0,0,0,0,0,0,0,0,0,0,0,0,2026/09/22
北海道日本ハムファイターズ,畔柳 亨丞,投手,千葉ロッテマリーンズ,,0,0,0,0,0,0,0,0,0,0,0,0,0,0,2026/09/22
北海道日本ハムファイターズ,畔柳 亨丞,投手,中日ドラゴンズ,,0,0,0,0,0,0,0,0,0,0,0,0,0,0,2026/09/22
北海道日本ハムファイターズ,畔柳 亨丞,投手,東京ヤクルトスワローズ,,0,0,0,0,0,0,0,0,0,0,0,0,0,0,2026/09/22
北海道日本ハムファイターズ,畔柳 亨丞,投手,東北楽天ゴールデンイーグルス,,0,0,0,0,0,0,0,0,0,0,0,0,0,0,2026/09/22
北海道日本ハムファイターズ,畔柳 亨丞,投手,読売ジャイアンツ,,0,0,0,0,0,0,0,0,0,0,0,0,0,0,2026/09/22
北海道日本ハムファイターズ,畔柳 亨丞,投手,福岡ソフトバンクホークス,,0,0,0,0,0,0,0,0,0,0,0,0,0,0,2026/09/22
北海道日本ハムファイターズ,柳川 大晟,投手,オリックス・バファローズ,,0,0,0,0,0,0,0,0,0,0,0,0,0,0,2026/09/22
北海道日本ハムファイターズ,柳川 大晟,投手,横浜DeNAベイスターズ,,0,0,0,0,0,0,0,0,0,0,0,0,0,0,2026/09/22
北海道日本ハムファイターズ,柳川 大晟,投手,広島東洋カープ,,0,0,0,0,0,0,0,0,0,0,0,0,0,0,2026/09/22
北海道日本ハムファイターズ,柳川 大晟,投手,阪神タイガース,,0,0,0,0,0,0,0,0,0,0,0,0,0,0,2026/09/22
北海道日本ハムファイターズ,柳川 大晟,投手,埼玉西武ライオンズ,,0,0,0,0,0,0,0,0,0,0,0,0,0,0,2026/09/22
北海道日本ハムファイターズ,柳川 大晟,投手,千葉ロッテマリーンズ,,0,0,0,0,0,0,0,0,0,0,0,0,0,0,2026/09/22
北海道日本ハムファイターズ,柳川 大晟,投手,中日ドラゴンズ,,0,0,0,0,0,0,0,0,0,0,0,0,0,0,2026/09/22
北海道日本ハムファイターズ,柳川 大晟,投手,東京ヤクルトスワローズ,,0,0,0,0,0,0,0,0,0,0,0,0,0,0,2026/09/22
北海道日本ハムファイターズ,柳川 大晟,投手,東北楽天ゴールデンイーグルス,,0,0,0,0,0,0,0,0,0,0,0,0,0,0,2026/09/22
北海道日本ハムファイターズ,柳川 大晟,投手,読売ジャイアンツ,,0,0,0,0,0,0,0,0,0,0,0,0,0,0,2026/09/22
北海道日本ハムファイターズ,柳川 大晟,投手,福岡ソフトバンクホークス,,0,0,0,0,0,0,0,0,0,0,0,0,0,0,2026/09/22
北海道日本ハムファイターズ,齋藤 友貴哉,投手,オリックス・バファローズ,,0,0,0,0,0,0,0,0,0,0,0,0,0,0,2026/09/22
北海道日本ハムファイターズ,齋藤 友貴哉,投手,横浜DeNAベイスターズ,,0,0,0,0,0,0,0,0,0,0,0,0,0,0,2026/09/22
北海道日本ハムファイターズ,齋藤 友貴哉,投手,広島東洋カープ,,0,0,0,0,0,0,0,0,0,0,0,0,0,0,2026/09/22
北海道日本ハムファイターズ,齋藤 友貴哉,投手,阪神タイガース,,0,0,0,0,0,0,0,0,0,0,0,0,0,0,2026/09/22
北海道日本ハムファイターズ,齋藤 友貴哉,投手,埼玉西武ライオンズ,,0,0,0,0,0,0,0,0,0,0,0,0,0,0,2026/09/22
北海道日本ハムファイターズ,齋藤 友貴哉,投手,千葉ロッテマリーンズ,,0,0,0,0,0,0,0,0,0,0,0,0,0,0,2026/09/22
北海道日本ハムファイターズ,齋藤 友貴哉,投手,中日ドラゴンズ,,0,0,0,0,0,0,0,0,0,0,0,0,0,0,2026/09/22
北海道日本ハムファイターズ,齋藤 友貴哉,投手,東京ヤクルトスワローズ,,0,0,0,0,0,0,0,0,0,0,0,0,0,0,2026/09/22
北海道日本ハムファイターズ,齋藤 友貴哉,投手,東北楽天ゴールデンイーグルス,,0,0,0,0,0,0,0,0,0,0,0,0,0,0,2026/09/22
北海道日本ハムファイターズ,齋藤 友貴哉,投手,読売ジャイアンツ,,0,0,0,0,0,0,0,0,0,0,0,0,0,0,2026/09/22
北海道日本ハムファイターズ,齋藤 友貴哉,投手,福岡ソフトバンクホークス,,0,0,0,0,0,0,0,0,0,0,0,0,0,0,2026/09/22
北海道日本ハムファイターズ,池田 隆英,投手,オリックス・バファローズ,,0,0,0,0,0,0,0,0,0,0,0,0,0,0,2026/09/22
北海道日本ハムファイターズ,池田 隆英,投手,横浜DeNAベイスターズ,,0,0,0,0,0,0,0,0,0,0,0,0,0,0,2026/09/22
北海道日本ハムファイターズ,池田 隆英,投手,広島東洋カープ,,0,0,0,0,0,0,0,0,0,0,0,0,0,0,2026/09/22
北海道日本ハムファイターズ,池田 隆英,投手,阪神タイガース,,0,0,0,0,0,0,0,0,0,0,0,0,0,0,2026/09/22
北海道日本ハムファイターズ,池田 隆英,投手,埼玉西武ライオンズ,,0,0,0,0,0,0,0,0,0,0,0,0,0,0,2026/09/22
北海道日本ハムファイターズ,池田 隆英,投手,千葉ロッテマリーンズ,,0,0,0,0,0,0,0,0,0,0,0,0,0,0,2026/09/22
北海道日本ハムファイターズ,池田 隆英,投手,中日ドラゴンズ,,0,0,0,0,0,0,0,0,0,0,0,0,0,0,2026/09/22
北海道日本ハムファイターズ,池田 隆英,投手,東京ヤクルトスワローズ,,0,0,0,0,0,0,0,0,0,0,0,0,0,0,2026/09/22
北海道日本ハムファイターズ,池田 隆英,投手,東北楽天ゴールデンイーグルス,,0,0,0,0,0,0,0,0,0,0,0,0,0,0,2026/09/22
北海道日本ハムファイターズ,池田 隆英,投手,読売ジャイアンツ,,0,0,0,0,0,0,0,0,0,0,0,0,0,0,2026/09/22
北海道日本ハムファイターズ,池田 隆英,投手,福岡ソフトバンクホークス,,0,0,0,0,0,0,0,0,0,0,0,0,0,0,2026/09/22
北海道日本ハムファイターズ,菊地 大稀,投手,オリックス・バファローズ,,0,0,0,0,0,0,0,0,0,0,0,0,0,0,2026/09/22
北海道日本ハムファイターズ,菊地 大稀,投手,横浜DeNAベイスターズ,,0,0,0,0,0,0,0,0,0,0,0,0,0,0,2026/09/22
北海道日本ハムファイターズ,菊地 大稀,投手,広島東洋カープ,,0,0,0,0,0,0,0,0,0,0,0,0,0,0,2026/09/22
北海道日本ハムファイターズ,菊地 大稀,投手,阪神タイガース,,0,0,0,0,0,0,0,0,0,0,0,0,0,0,2026/09/22
北海道日本ハムファイターズ,菊地 大稀,投手,埼玉西武ライオンズ,,0,0,0,0,0,0,0,0,0,0,0,0,0,0,2026/09/22
北海道日本ハムファイターズ,菊地 大稀,投手,千葉ロッテマリーンズ,,0,0,0,0,0,0,0,0,0,0,0,0,0,0,2026/09/22
北海道日本ハムファイターズ,菊地 大稀,投手,中日ドラゴンズ,,0,0,0,0,0,0,0,0,0,0,0,0,0,0,2026/09/22
北海道日本ハムファイターズ,菊地 大稀,投手,東京ヤクルトスワローズ,,0,0,0,0,0,0,0,0,0,0,0,0,0,0,2026/09/22
北海道日本ハムファイターズ,菊地 大稀,投手,東北楽天ゴールデンイーグルス,,0,0,0,0,0,0,0,0,0,0,0,0,0,0,2026/09/22
北海道日本ハムファイターズ,菊地 大稀,投手,読売ジャイアンツ,,0,0,0,0,0,0,0,0,0,0,0,0,0,0,2026/09/22
北海道日本ハムファイターズ,菊地 大稀,投手,福岡ソフトバンクホークス,,0,0,0,0,0,0,0,0,0,0,0,0,0,0,2026/09/22
北海道日本ハムファイターズ,清水 大暉,投手,オリックス・バファローズ,,0,0,0,0,0,0,0,0,0,0,0,0,0,0,2026/09/22
北海道日本ハムファイターズ,清水 大暉,投手,横浜DeNAベイスターズ,,0,0,0,0,0,0,0,0,0,0,0,0,0,0,2026/09/22
北海道日本ハムファイターズ,清水 大暉,投手,広島東洋カープ,,0,0,0,0,0,0,0,0,0,0,0,0,0,0,2026/09/22
北海道日本ハムファイターズ,清水 大暉,投手,阪神タイガース,,0,0,0,0,0,0,0,0,0,0,0,0,0,0,2026/09/22
北海道日本ハムファイターズ,清水 大暉,投手,埼玉西武ライオンズ,,0,0,0,0,0,0,0,0,0,0,0,0,0,0,2026/09/22
北海道日本ハムファイターズ,清水 大暉,投手,千葉ロッテマリーンズ,,0,0,0,0,0,0,0,0,0,0,0,0,0,0,2026/09/22
北海道日本ハムファイターズ,清水 大暉,投手,中日ドラゴンズ,,0,0,0,0,0,0,0,0,0,0,0,0,0,0,2026/09/22
北海道日本ハムファイターズ,清水 大暉,投手,東京ヤクルトスワローズ,,0,0,0,0,0,0,0,0,0,0,0,0,0,0,2026/09/22
北海道日本ハムファイターズ,清水 大暉,投手,東北楽天ゴールデンイーグルス,,0,0,0,0,0,0,0,0,0,0,0,0,0,0,2026/09/22
北海道日本ハムファイターズ,清水 大暉,投手,読売ジャイアンツ,,0,0,0,0,0,0,0,0,0,0,0,0,0,0,2026/09/22
北海道日本ハムファイターズ,清水 大暉,投手,福岡ソフトバンクホークス,,0,0,0,0,0,0,0,0,0,0,0,0,0,0,2026/09/22
北海道日本ハムファイターズ,山城 航太郎,投手,オリックス・バファローズ,,0,0,0,0,0,0,0,0,0,0,0,0,0,0,2026/09/22
北海道日本ハムファイターズ,山城 航太郎,投手,横浜DeNAベイスターズ,,0,0,0,0,0,0,0,0,0,0,0,0,0,0,2026/09/22
北海道日本ハムファイターズ,山城 航太郎,投手,広島東洋カープ,,0,0,0,0,0,0,0,0,0,0,0,0,0,0,2026/09/22
北海道日本ハムファイターズ,山城 航太郎,投手,阪神タイガース,,0,0,0,0,0,0,0,0,0,0,0,0,0,0,2026/09/22
北海道日本ハムファイターズ,山城 航太郎,投手,埼玉西武ライオンズ,,0,0,0,0,0,0,0,0,0,0,0,0,0,0,2026/09/22
北海道日本ハムファイターズ,山城 航太郎,投手,千葉ロッテマリーンズ,,0,0,0,0,0,0,0,0,0,0,0,0,0,0,2026/09/22
北海道日本ハムファイターズ,山城 航太郎,投手,中日ドラゴンズ,,0,0,0,0,0,0,0,0,0,0,0,0,0,0,2026/09/22
北海道日本ハムファイターズ,山城 航太郎,投手,東京ヤクルトスワローズ,,0,0,0,0,0,0,0,0,0,0,0,0,0,0,2026/09/22
北海道日本ハムファイターズ,山城 航太郎,投手,東北楽天ゴールデンイーグルス,,0,0,0,0,0,0,0,0,0,0,0,0,0,0,2026/09/22
北海道日本ハムファイターズ,山城 航太郎,投手,読売ジャイアンツ,,0,0,0,0,0,0,0,0,0,0,0,0,0,0,2026/09/22
北海道日本ハムファイターズ,山城 航太郎,投手,福岡ソフトバンクホークス,,0,0,0,0,0,0,0,0,0,0,0,0,0,0,2026/09/22
北海道日本ハムファイターズ,山本 拓実,投手,オリックス・バファローズ,,0,0,0,0,0,0,0,0,0,0,0,0,0,0,2026/09/22
北海道日本ハムファイターズ,山本 拓実,投手,横浜DeNAベイスターズ,,0,0,0,0,0,0,0,0,0,0,0,0,0,0,2026/09/22
北海道日本ハムファイターズ,山本 拓実,投手,広島東洋カープ,,0,0,0,0,0,0,0,0,0,0,0,0,0,0,2026/09/22
北海道日本ハムファイターズ,山本 拓実,投手,阪神タイガース,,0,0,0,0,0,0,0,0,0,0,0,0,0,0,2026/09/22
北海道日本ハムファイターズ,山本 拓実,投手,埼玉西武ライオンズ,,0,0,0,0,0,0,0,0,0,0,0,0,0,0,2026/09/22
北海道日本ハムファイターズ,山本 拓実,投手,千葉ロッテマリーンズ,,0,0,0,0,0,0,0,0,0,0,0,0,0,0,2026/09/22
北海道日本ハムファイターズ,山本 拓実,投手,中日ドラゴンズ,,0,0,0,0,0,0,0,0,0,0,0,0,0,0,2026/09/22
北海道日本ハムファイターズ,山本 拓実,投手,東京ヤクルトスワローズ,,0,0,0,0,0,0,0,0,0,0,0,0,0,0,2026/09/22
北海道日本ハムファイターズ,山本 拓実,投手,東北楽天ゴールデンイーグルス,,0,0,0,0,0,0,0,0,0,0,0,0,0,0,2026/09/22
北海道日本ハムファイターズ,山本 拓実,投手,読売ジャイアンツ,,0,0,0,0,0,0,0,0,0,0,0,0,0,0,2026/09/22
北海道日本ハムファイターズ,山本 拓実,投手,福岡ソフトバンクホークス,,0,0,0,0,0,0,0,0,0,0,0,0,0,0,2026/09/22
北海道日本ハムファイターズ,有原 航平,投手,オリックス・バファローズ,,0,0,0,0,0,0,0,0,0,0,0,0,0,0,2026/09/22
北海道日本ハムファイターズ,有原 航平,投手,横浜DeNAベイスターズ,,0,0,0,0,0,0,0,0,0,0,0,0,0,0,2026/09/22
北海道日本ハムファイターズ,有原 航平,投手,広島東洋カープ,,0,0,0,0,0,0,0,0,0,0,0,0,0,0,2026/09/22
北海道日本ハムファイターズ,有原 航平,投手,阪神タイガース,,0,0,0,0,0,0,0,0,0,0,0,0,0,0,2026/09/22
北海道日本ハムファイターズ,有原 航平,投手,埼玉西武ライオンズ,,0,0,0,0,0,0,0,0,0,0,0,0,0,0,2026/09/22
北海道日本ハムファイターズ,有原 航平,投手,千葉ロッテマリーンズ,,0,0,0,0,0,0,0,0,0,0,0,0,0,0,2026/09/22
北海道日本ハムファイターズ,有原 航平,投手,中日ドラゴンズ,,0,0,0,0,0,0,0,0,0,0,0,0,0,0,2026/09/22
北海道日本ハムファイターズ,有原 航平,投手,東京ヤクルトスワローズ,,0,0,0,0,0,0,0,0,0,0,0,0,0,0,2026/09/22
北海道日本ハムファイターズ,有原 航平,投手,東北楽天ゴールデンイーグルス,,0,0,0,0,0,0,0,0,0,0,0,0,0,0,2026/09/22
北海道日本ハムファイターズ,有原 航平,投手,読売ジャイアンツ,,0,0,0,0,0,0,0,0,0,0,0,0,0,0,2026/09/22
北海道日本ハムファイターズ,有原 航平,投手,福岡ソフトバンクホークス,,0,0,0,0,0,0,0,0,0,0,0,0,0,0,2026/09/22
北海道日本ハムファイターズ,松岡 洸希,投手,オリックス・バファローズ,,0,0,0,0,0,0,0,0,0,0,0,0,0,0,2026/09/22
北海道日本ハムファイターズ,松岡 洸希,投手,横浜DeNAベイスターズ,,0,0,0,0,0,0,0,0,0,0,0,0,0,0,2026/09/22
北海道日本ハムファイターズ,松岡 洸希,投手,広島東洋カープ,,0,0,0,0,0,0,0,0,0,0,0,0,0,0,2026/09/22
北海道日本ハムファイターズ,松岡 洸希,投手,阪神タイガース,,0,0,0,0,0,0,0,0,0,0,0,0,0,0,2026/09/22
北海道日本ハムファイターズ,松岡 洸希,投手,埼玉西武ライオンズ,,0,0,0,0,0,0,0,0,0,0,0,0,0,0,2026/09/22
北海道日本ハムファイターズ,松岡 洸希,投手,千葉ロッテマリーンズ,,0,0,0,0,0,0,0,0,0,0,0,0,0,0,2026/09/22
北海道日本ハムファイターズ,松岡 洸希,投手,中日ドラゴンズ,,0,0,0,0,0,0,0,0,0,0,0,0,0,0,2026/09/22
北海道日本ハムファイターズ,松岡 洸希,投手,東京ヤクルトスワローズ,,0,0,0,0,0,0,0,0,0,0,0,0,0,0,2026/09/22
北海道日本ハムファイターズ,松岡 洸希,投手,東北楽天ゴールデンイーグルス,,0,0,0,0,0,0,0,0,0,0,0,0,0,0,2026/09/22
北海道日本ハムファイターズ,松岡 洸希,投手,読売ジャイアンツ,,0,0,0,0,0,0,0,0,0,0,0,0,0,0,2026/09/22
北海道日本ハムファイターズ,松岡 洸希,投手,福岡ソフトバンクホークス,,0,0,0,0,0,0,0,0,0,0,0,0,0,0,2026/09/22
北海道日本ハムファイターズ,清宮 虎多朗,投手,オリックス・バファローズ,,0,0,0,0,0,0,0,0,0,0,0,0,0,0,2026/09/22
北海道日本ハムファイターズ,清宮 虎多朗,投手,横浜DeNAベイスターズ,,0,0,0,0,0,0,0,0,0,0,0,0,0,0,2026/09/22
北海道日本ハムファイターズ,清宮 虎多朗,投手,広島東洋カープ,,0,0,0,0,0,0,0,0,0,0,0,0,0,0,2026/09/22
北海道日本ハムファイターズ,清宮 虎多朗,投手,阪神タイガース,,0,0,0,0,0,0,0,0,0,0,0,0,0,0,2026/09/22
北海道日本ハムファイターズ,清宮 虎多朗,投手,埼玉西武ライオンズ,,0,0,0,0,0,0,0,0,0,0,0,0,0,0,2026/09/22
北海道日本ハムファイターズ,清宮 虎多朗,投手,千葉ロッテマリーンズ,,0,0,0,0,0,0,0,0,0,0,0,0,0,0,2026/09/22
北海道日本ハムファイターズ,清宮 虎多朗,投手,中日ドラゴンズ,,0,0,0,0,0,0,0,0,0,0,0,0,0,0,2026/09/22
北海道日本ハムファイターズ,清宮 虎多朗,投手,東京ヤクルトスワローズ,,0,0,0,0,0,0,0,0,0,0,0,0,0,0,2026/09/22
北海道日本ハムファイターズ,清宮 虎多朗,投手,東北楽天ゴールデンイーグルス,,0,0,0,0,0,0,0,0,0,0,0,0,0,0,2026/09/22
北海道日本ハムファイターズ,清宮 虎多朗,投手,読売ジャイアンツ,,0,0,0,0,0,0,0,0,0,0,0,0,0,0,2026/09/22
北海道日本ハムファイターズ,清宮 虎多朗,投手,福岡ソフトバンクホークス,,0,0,0,0,0,0,0,0,0,0,0,0,0,0,2026/09/22
北海道日本ハムファイターズ,孫 易磊,投手,オリックス・バファローズ,,0,0,0,0,0,0,0,0,0,0,0,0,0,0,2026/09/22
北海道日本ハムファイターズ,孫 易磊,投手,横浜DeNAベイスターズ,,0,0,0,0,0,0,0,0,0,0,0,0,0,0,2026/09/22
北海道日本ハムファイターズ,孫 易磊,投手,広島東洋カープ,,0,0,0,0,0,0,0,0,0,0,0,0,0,0,2026/09/22
北海道日本ハムファイターズ,孫 易磊,投手,阪神タイガース,,0,0,0,0,0,0,0,0,0,0,0,0,0,0,2026/09/22
北海道日本ハムファイターズ,孫 易磊,投手,埼玉西武ライオンズ,,0,0,0,0,0,0,0,0,0,0,0,0,0,0,2026/09/22
北海道日本ハムファイターズ,孫 易磊,投手,千葉ロッテマリーンズ,,0,0,0,0,0,0,0,0,0,0,0,0,0,0,2026/09/22
北海道日本ハムファイターズ,孫 易磊,投手,中日ドラゴンズ,,0,0,0,0,0,0,0,0,0,0,0,0,0,0,2026/09/22
北海道日本ハムファイターズ,孫 易磊,投手,東京ヤクルトスワローズ,,0,0,0,0,0,0,0,0,0,0,0,0,0,0,2026/09/22
北海道日本ハムファイターズ,孫 易磊,投手,東北楽天ゴールデンイーグルス,,0,0,0,0,0,0,0,0,0,0,0,0,0,0,2026/09/22
北海道日本ハムファイターズ,孫 易磊,投手,読売ジャイアンツ,,0,0,0,0,0,0,0,0,0,0,0,0,0,0,2026/09/22
北海道日本ハムファイターズ,孫 易磊,投手,福岡ソフトバンクホークス,,0,0,0,0,0,0,0,0,0,0,0,0,0,0,2026/09/22
北海道日本ハムファイターズ,マルティネス,捕手,オリックス・バファローズ,0.167,7,6,1,0,0,0,1,1,1,0,0,0,1,3,2026/09/22
北海道日本ハムファイターズ,マルティネス,捕手,横浜DeNAベイスターズ,,0,0,0,0,0,0,0,0,0,0,0,0,0,0,2026/09/22
北海道日本ハムファイターズ,マルティネス,捕手,広島東洋カープ,0.000,2,1,0,0,0,0,0,0,0,1,0,0,0,1,2026/09/22
北海道日本ハムファイターズ,マルティネス,捕手,阪神タイガース,,0,0,0,0,0,0,0,0,0,0,0,0,0,0,2026/09/22
北海道日本ハムファイターズ,マルティネス,捕手,埼玉西武ライオンズ,0.000,6,6,0,0,0,0,0,0,2,0,0,0,0,2,2026/09/22
北海道日本ハムファイターズ,マルティネス,捕手,千葉ロッテマリーンズ,0.000,3,3,0,0,0,0,0,0,1,0,0,0,0,3,2026/09/22
北海道日本ハムファイターズ,マルティネス,捕手,中日ドラゴンズ,0.000,4,4,0,0,0,0,0,1,2,0,0,0,0,2,2026/09/22
北海道日本ハムファイターズ,マルティネス,捕手,東京ヤクルトスワローズ,0.200,7,5,1,0,0,0,1,2,2,2,0,0,0,3,2026/09/22
北海道日本ハムファイターズ,マルティネス,捕手,東北楽天ゴールデンイーグルス,0.286,8,7,2,2,0,0,0,0,3,1,0,0,0,4,2026/09/22
北海道日本ハムファイターズ,マルティネス,捕手,読売ジャイアンツ,,0,0,0,0,0,0,0,0,0,0,0,0,0,0,2026/09/22
北海道日本ハムファイターズ,マルティネス,捕手,福岡ソフトバンクホークス,0.200,5,5,1,1,0,0,0,0,3,0,0,0,0,3,2026/09/22
北海道日本ハムファイターズ,郡司 裕也,捕手,オリックス・バファローズ,0.313,78,64,20,14,5,0,1,3,11,11,1,0,2,19,2026/09/22
北海道日本ハムファイターズ,郡司 裕也,捕手,横浜DeNAベイスターズ,0.143,8,7,1,0,1,0,0,1,0,1,0,0,0,2,2026/09/22
北海道日本ハムファイターズ,郡司 裕也,捕手,広島東洋カープ,0.000,9,8,0,0,0,0,0,0,0,1,0,0,0,2,2026/09/22
北海道日本ハムファイターズ,郡司 裕也,捕手,阪神タイガース,0.000,6,5,0,0,0,0,0,0,1,1,0,0,0,2,2026/09/22
北海道日本ハムファイターズ,郡司 裕也,捕手,埼玉西武ライオンズ,0.250,58,48,12,9,2,0,1,5,9,8,0,1,1,19,2026/09/22
北海道日本ハムファイターズ,郡司 裕也,捕手,千葉ロッテマリーンズ,0.213,54,47,10,9,1,0,0,1,7,7,0,0,0,15,2026/09/22
北海道日本ハムファイターズ,郡司 裕也,捕手,中日ドラゴンズ,0.500,3,2,1,1,0,0,0,0,0,1,0,0,0,1,2026/09/22
北海道日本ハムファイターズ,郡司 裕也,捕手,東京ヤクルトスワローズ,0.000,1,1,0,0,0,0,0,0,0,0,0,0,0,1,2026/09/22
北海道日本ハムファイターズ,郡司 裕也,捕手,東北楽天ゴールデンイーグルス,0.227,76,66,15,11,2,0,2,6,14,10,0,0,0,20,2026/09/22
北海道日本ハムファイターズ,郡司 裕也,捕手,読売ジャイアンツ,0.200,11,10,2,0,1,0,1,3,2,1,0,0,0,3,2026/09/22
北海道日本ハムファイターズ,郡司 裕也,捕手,福岡ソフトバンクホークス,0.229,79,70,16,13,2,0,1,5,13,7,0,1,1,21,2026/09/22
北海道日本ハムファイターズ,清水 優心,捕手,オリックス・バファローズ,0.200,6,5,1,1,0,0,0,0,1,0,1,0,0,2,2026/09/22
北海道日本ハムファイターズ,清水 優心,捕手,横浜DeNAベイスターズ,,0,0,0,0,0,0,0,0,0,0,0,0,0,0,2026/09/22
北海道日本ハムファイターズ,清水 優心,捕手,広島東洋カープ,,0,0,0,0,0,0,0,0,0,0,0,0,0,0,2026/09/22
北海道日本ハムファイターズ,清水 優心,捕手,阪神タイガース,,0,0,0,0,0,0,0,0,0,0,0,0,0,0,2026/09/22
北海道日本ハムファイターズ,清水 優心,捕手,埼玉西武ライオンズ,0.000,8,6,0,0,0,0,0,0,1,2,0,0,0,4,2026/09/22
北海道日本ハムファイターズ,清水 優心,捕手,千葉ロッテマリーンズ,0.222,9,9,2,0,1,0,1,4,2,0,0,0,0,3,2026/09/22
北海道日本ハムファイターズ,清水 優心,捕手,中日ドラゴンズ,,0,0,0,0,0,0,0,0,0,0,0,0,0,0,2026/09/22
北海道日本ハムファイターズ,清水 優心,捕手,東京ヤクルトスワローズ,,0,0,0,0,0,0,0,0,0,0,0,0,0,0,2026/09/22
北海道日本ハムファイターズ,清水 優心,捕手,東北楽天ゴールデンイーグルス,0.091,13,11,1,1,0,0,0,0,0,2,0,0,0,4,2026/09/22
北海道日本ハムファイターズ,清水 優心,捕手,読売ジャイアンツ,,0,0,0,0,0,0,0,0,0,0,0,0,0,0,2026/09/22
北海道日本ハムファイターズ,清水 優心,捕手,福岡ソフトバンクホークス,0.000,4,4,0,0,0,0,0,0,2,0,0,0,0,4,2026/09/22
北海道日本ハムファイターズ,進藤 勇也,捕手,オリックス・バファローズ,0.111,34,27,3,2,0,1,0,2,10,4,2,0,1,10,2026/09/22
北海道日本ハムファイターズ,進藤 勇也,捕手,横浜DeNAベイスターズ,0.000,2,2,0,0,0,0,0,0,0,0,0,0,0,1,2026/09/22
北海道日本ハムファイターズ,進藤 勇也,捕手,広島東洋カープ,1.000,3,3,3,2,1,0,0,0,0,0,0,0,0,1,2026/09/22
北海道日本ハムファイターズ,進藤 勇也,捕手,阪神タイガース,0.000,5,4,0,0,0,0,0,0,1,1,0,0,0,1,2026/09/22
北海道日本ハムファイターズ,進藤 勇也,捕手,埼玉西武ライオンズ,0.185,30,27,5,2,2,0,1,6,8,1,2,0,0,12,2026/09/22
北海道日本ハムファイターズ,進藤 勇也,捕手,千葉ロッテマリーンズ,0.389,19,18,7,2,2,0,3,5,3,1,0,0,0,8,2026/09/22
北海道日本ハムファイターズ,進藤 勇也,捕手,中日ドラゴンズ,,0,0,0,0,0,0,0,0,0,0,0,0,0,0,2026/09/22
北海道日本ハムファイターズ,進藤 勇也,捕手,東京ヤクルトスワローズ,0.167,7,6,1,1,0,0,0,0,3,1,0,0,0,2,2026/09/22
北海道日本ハムファイターズ,進藤 勇也,捕手,東北楽天ゴールデンイーグルス,0.304,27,23,7,3,1,1,2,3,2,2,2,0,0,9,2026/09/22
北海道日本ハムファイターズ,進藤 勇也,捕手,読売ジャイアンツ,0.000,3,3,0,0,0,0,0,0,1,0,0,0,0,1,2026/09/22
北海道日本ハムファイターズ,進藤 勇也,捕手,福岡ソフトバンクホークス,0.150,21,20,3,2,0,0,1,1,12,1,0,0,0,9,2026/09/22
北海道日本ハムファイターズ,リン,捕手,オリックス・バファローズ,,0,0,0,0,0,0,0,0,0,0,0,0,0,0,2026/09/22
北海道日本ハムファイターズ,リン,捕手,横浜DeNAベイスターズ,,0,0,0,0,0,0,0,0,0,0,0,0,0,0,2026/09/22
北海道日本ハムファイターズ,リン,捕手,広島東洋カープ,,0,0,0,0,0,0,0,0,0,0,0,0,0,0,2026/09/22
北海道日本ハムファイターズ,リン,捕手,阪神タイガース,,0,0,0,0,0,0,0,0,0,0,0,0,0,0,2026/09/22
北海道日本ハムファイターズ,リン,捕手,埼玉西武ライオンズ,,0,0,0,0,0,0,0,0,0,0,0,0,0,0,2026/09/22
北海道日本ハムファイターズ,リン,捕手,千葉ロッテマリーンズ,,0,0,0,0,0,0,0,0,0,0,0,0,0,0,2026/09/22
北海道日本ハムファイターズ,リン,捕手,中日ドラゴンズ,,0,0,0,0,0,0,0,0,0,0,0,0,0,0,2026/09/22
北海道日本ハムファイターズ,リン,捕手,東京ヤクルトスワローズ,,0,0,0,0,0,0,0,0,0,0,0,0,0,0,2026/09/22
北海道日本ハムファイターズ,リン,捕手,東北楽天ゴールデンイーグルス,,0,0,0,0,0,0,0,0,0,0,0,0,0,0,2026/09/22
北海道日本ハムファイターズ,リン,捕手,読売ジャイアンツ,,0,0,0,0,0,0,0,0,0,0,0,0,0,0,2026/09/22
北海道日本ハムファイターズ,リン,捕手,福岡ソフトバンクホークス,,0,0,0,0,0,0,0,0,0,0,0,0,0,0,2026/09/22
北海道日本ハムファイターズ,藤森 海斗,捕手,オリックス・バファローズ,,0,0,0,0,0,0,0,0,0,0,0,0,0,0,2026/09/22
北海道日本ハムファイターズ,藤森 海斗,捕手,横浜DeNAベイスターズ,,0,0,0,0,0,0,0,0,0,0,0,0,0,0,2026/09/22
北海道日本ハムファイターズ,藤森 海斗,捕手,広島東洋カープ,,0,0,0,0,0,0,0,0,0,0,0,0,0,0,2026/09/22
北海道日本ハムファイターズ,藤森 海斗,捕手,阪神タイガース,,0,0,0,0,0,0,0,0,0,0,0,0,0,0,2026/09/22
北海道日本ハムファイターズ,藤森 海斗,捕手,埼玉西武ライオンズ,,0,0,0,0,0,0,0,0,0,0,0,0,0,0,2026/09/22
北海道日本ハムファイターズ,藤森 海斗,捕手,千葉ロッテマリーンズ,,0,0,0,0,0,0,0,0,0,0,0,0,0,0,2026/09/22
北海道日本ハムファイターズ,藤森 海斗,捕手,中日ドラゴンズ,,0,0,0,0,0,0,0,0,0,0,0,0,0,0,2026/09/22
北海道日本ハムファイターズ,藤森 海斗,捕手,東京ヤクルトスワローズ,,0,0,0,0,0,0,0,0,0,0,0,0,0,0,2026/09/22
北海道日本ハムファイターズ,藤森 海斗,捕手,東北楽天ゴールデンイーグルス,,0,0,0,0,0,0,0,0,0,0,0,0,0,0,2026/09/22
北海道日本ハムファイターズ,藤森 海斗,捕手,読売ジャイアンツ,,0,0,0,0,0,0,0,0,0,0,0,0,0,0,2026/09/22
北海道日本ハムファイターズ,藤森 海斗,捕手,福岡ソフトバンクホークス,,0,0,0,0,0,0,0,0,0,0,0,0,0,0,2026/09/22
北海道日本ハムファイターズ,吉田 賢吾,捕手,オリックス・バファローズ,0.314,35,35,11,4,4,1,2,7,7,0,0,0,0,11,2026/09/22
北海道日本ハムファイターズ,吉田 賢吾,捕手,横浜DeNAベイスターズ,,0,0,0,0,0,0,0,0,0,0,0,0,0,0,2026/09/22
北海道日本ハムファイターズ,吉田 賢吾,捕手,広島東洋カープ,,0,0,1,1,0,0,0,0,0,0,0,0,0,1,2026/09/22
北海道日本ハムファイターズ,吉田 賢吾,捕手,阪神タイガース,,0,0,0,0,0,0,0,0,0,0,0,0,0,0,2026/09/22
北海道日本ハムファイターズ,吉田 賢吾,捕手,埼玉西武ライオンズ,0.342,39,38,13,7,2,1,3,8,12,1,0,0,0,13,2026/09/22
北海道日本ハムファイターズ,吉田 賢吾,捕手,千葉ロッテマリーンズ,0.235,17,17,4,1,1,0,2,2,1,0,0,0,0,8,2026/09/22
北海道日本ハムファイターズ,吉田 賢吾,捕手,中日ドラゴンズ,,0,0,0,0,0,0,0,0,0,0,0,0,0,0,2026/09/22
北海道日本ハムファイターズ,吉田 賢吾,捕手,東京ヤクルトスワローズ,,0,0,0,0,0,0,0,0,0,0,0,0,0,0,2026/09/22
北海道日本ハムファイターズ,吉田 賢吾,捕手,東北楽天ゴールデンイーグルス,0.333,16,15,5,5,0,0,0,0,5,0,0,0,1,6,2026/09/22
北海道日本ハムファイターズ,吉田 賢吾,捕手,読売ジャイアンツ,,0,0,0,0,0,0,0,0,0,0,0,0,0,0,2026/09/22
北海道日本ハムファイターズ,吉田 賢吾,捕手,福岡ソフトバンクホークス,0.185,29,27,5,1,3,0,1,2,6,1,0,0,1,13,2026/09/22
北海道日本ハムファイターズ,田宮 裕涼,捕手,オリックス・バファローズ,0.349,46,43,15,8,5,0,2,6,8,1,2,0,0,16,2026/09/22
北海道日本ハムファイターズ,田宮 裕涼,捕手,横浜DeNAベイスターズ,0.600,5,5,3,3,0,0,0,0,1,0,0,0,0,2,2026/09/22
北海道日本ハムファイターズ,田宮 裕涼,捕手,広島東洋カープ,0.500,8,6,3,3,0,0,0,0,2,1,1,0,0,2,2026/09/22
北海道日本ハムファイターズ,田宮 裕涼,捕手,阪神タイガース,0.500,7,6,3,3,0,0,0,2,0,1,0,0,0,2,2026/09/22
北海道日本ハムファイターズ,田宮 裕涼,捕手,埼玉西武ライオンズ,0.220,53,50,11,9,1,1,0,3,9,0,2,1,0,17,2026/09/22
北海道日本ハムファイターズ,田宮 裕涼,捕手,千葉ロッテマリーンズ,0.306,38,36,11,6,2,1,2,7,7,2,0,0,0,11,2026/09/22
北海道日本ハムファイターズ,田宮 裕涼,捕手,中日ドラゴンズ,0.444,9,9,4,3,0,0,1,1,2,0,0,0,0,3,2026/09/22
北海道日本ハムファイターズ,田宮 裕涼,捕手,東京ヤクルトスワローズ,0.000,5,4,0,0,0,0,0,0,2,0,1,0,0,1,2026/09/22
北海道日本ハムファイターズ,田宮 裕涼,捕手,東北楽天ゴールデンイーグルス,0.243,41,37,9,6,0,2,1,5,9,1,3,0,0,14,2026/09/22
北海道日本ハムファイターズ,田宮 裕涼,捕手,読売ジャイアンツ,0.000,5,4,0,0,0,0,0,0,2,0,1,0,0,2,2026/09/22
北海道日本ハムファイターズ,田宮 裕涼,捕手,福岡ソフトバンクホークス,0.189,57,53,10,9,0,0,1,4,11,3,1,0,0,18,2026/09/22
北海道日本ハムファイターズ,梅林 優貴,捕手,オリックス・バファローズ,,0,0,0,0,0,0,0,0,0,0,0,0,0,0,2026/09/22
北海道日本ハムファイターズ,梅林 優貴,捕手,横浜DeNAベイスターズ,,0,0,0,0,0,0,0,0,0,0,0,0,0,0,2026/09/22
北海道日本ハムファイターズ,梅林 優貴,捕手,広島東洋カープ,0.000,3,3,0,0,0,0,0,0,2,0,0,0,0,1,2026/09/22
北海道日本ハムファイターズ,梅林 優貴,捕手,阪神タイガース,,0,0,0,0,0,0,0,0,0,0,0,0,0,0,2026/09/22
北海道日本ハムファイターズ,梅林 優貴,捕手,埼玉西武ライオンズ,,0,0,0,0,0,0,0,0,0,0,0,0,0,0,2026/09/22
北海道日本ハムファイターズ,梅林 優貴,捕手,千葉ロッテマリーンズ,,0,0,0,0,0,0,0,0,0,0,0,0,0,0,2026/09/22
北海道日本ハムファイターズ,梅林 優貴,捕手,中日ドラゴンズ,,0,0,0,0,0,0,0,0,0,0,0,0,0,0,2026/09/22
北海道日本ハムファイターズ,梅林 優貴,捕手,東京ヤクルトスワローズ,,0,0,0,0,0,0,0,0,0,0,0,0,0,0,2026/09/22
北海道日本ハムファイターズ,梅林 優貴,捕手,東北楽天ゴールデンイーグルス,,0,0,0,0,0,0,0,0,0,0,0,0,0,0,2026/09/22
北海道日本ハムファイターズ,梅林 優貴,捕手,読売ジャイアンツ,0.000,2,2,0,0,0,0,0,0,1,0,0,0,0,1,2026/09/22
北海道日本ハムファイターズ,梅林 優貴,捕手,福岡ソフトバンクホークス,,0,0,0,0,0,0,0,0,0,0,0,0,0,0,2026/09/22
北海道日本ハムファイターズ,上川畑 大悟,内野手,オリックス・バファローズ,0.231,16,13,3,3,0,0,0,0,2,1,2,0,0,5,2026/09/22
北海道日本ハムファイターズ,上川畑 大悟,内野手,横浜DeNAベイスターズ,,0,0,0,0,0,0,0,0,0,0,0,0,0,0,2026/09/22
北海道日本ハムファイターズ,上川畑 大悟,内野手,広島東洋カープ,,0,0,0,0,0,0,0,0,0,0,0,0,0,0,2026/09/22
北海道日本ハムファイターズ,上川畑 大悟,内野手,阪神タイガース,0.667,3,3,2,2,0,0,0,0,1,0,0,0,0,2,2026/09/22
北海道日本ハムファイターズ,上川畑 大悟,内野手,埼玉西武ライオンズ,0.250,4,4,1,0,1,0,0,1,0,0,0,0,0,2,2026/09/22
北海道日本ハムファイターズ,上川畑 大悟,内野手,千葉ロッテマリーンズ,0.000,3,3,0,0,0,0,0,0,1,0,0,0,0,1,2026/09/22
北海道日本ハムファイターズ,上川畑 大悟,内野手,中日ドラゴンズ,,0,0,0,0,0,0,0,0,0,0,0,0,0,0,2026/09/22
北海道日本ハムファイターズ,上川畑 大悟,内野手,東京ヤクルトスワローズ,,0,0,0,0,0,0,0,0,0,0,0,0,0,0,2026/09/22
北海道日本ハムファイターズ,上川畑 大悟,内野手,東北楽天ゴールデンイーグルス,0.214,14,14,3,3,0,0,0,0,1,0,0,0,0,5,2026/09/22
北海道日本ハムファイターズ,上川畑 大悟,内野手,読売ジャイアンツ,,0,0,0,0,0,0,0,0,0,0,0,0,0,0,2026/09/22
北海道日本ハムファイターズ,上川畑 大悟,内野手,福岡ソフトバンクホークス,0.167,15,12,2,0,2,0,0,3,3,2,1,0,0,6,2026/09/22
北海道日本ハムファイターズ,野村 佑希,内野手,オリックス・バファローズ,0.263,80,76,20,14,2,0,4,15,14,3,0,0,1,22,2026/09/22
北海道日本ハムファイターズ,野村 佑希,内野手,横浜DeNAベイスターズ,0.125,9,8,1,1,0,0,0,1,3,0,0,1,0,2,2026/09/22
北海道日本ハムファイターズ,野村 佑希,内野手,広島東洋カープ,0.417,12,12,5,3,2,0,0,0,3,0,0,0,0,3,2026/09/22
北海道日本ハムファイターズ,野村 佑希,内野手,阪神タイガース,0.000,3,3,0,0,0,0,0,0,0,0,0,0,0,1,2026/09/22
北海道日本ハムファイターズ,野村 佑希,内野手,埼玉西武ライオンズ,0.194,70,62,12,9,0,0,3,10,21,7,0,1,0,20,2026/09/22
北海道日本ハムファイターズ,野村 佑希,内野手,千葉ロッテマリーンズ,0.288,72,66,19,14,1,0,4,9,7,5,0,1,0,20,2026/09/22
北海道日本ハムファイターズ,野村 佑希,内野手,中日ドラゴンズ,0.333,9,9,3,3,0,0,0,2,3,0,0,0,0,2,2026/09/22
北海道日本ハムファイターズ,野村 佑希,内野手,東京ヤクルトスワローズ,0.364,11,11,4,4,0,0,0,1,3,0,0,0,0,3,2026/09/22
北海道日本ハムファイターズ,野村 佑希,内野手,東北楽天ゴールデンイーグルス,0.261,49,46,12,8,3,0,1,5,13,3,0,0,0,16,2026/09/22
北海道日本ハムファイターズ,野村 佑希,内野手,読売ジャイアンツ,0.286,8,7,2,2,0,0,0,2,3,0,0,1,0,3,2026/09/22
北海道日本ハムファイターズ,野村 佑希,内野手,福岡ソフトバンクホークス,0.318,71,66,21,9,7,0,5,15,17,4,0,0,1,21,2026/09/22
北海道日本ハムファイターズ,カストロ,内野手,オリックス・バファローズ,0.318,51,44,14,11,0,1,2,8,9,5,0,0,2,13,2026/09/22
北海道日本ハムファイターズ,カストロ,内野手,横浜DeNAベイスターズ,0.333,3,3,1,1,0,0,0,1,0,0,0,0,0,1,2026/09/22
北海道日本ハムファイターズ,カストロ,内野手,広島東洋カープ,0.400,5,5,2,2,0,0,0,0,3,0,0,0,0,2,2026/09/22
北海道日本ハムファイターズ,カストロ,内野手,阪神タイガース,0.714,7,7,5,5,0,0,0,3,1,0,0,0,0,3,2026/09/22
北海道日本ハムファイターズ,カストロ,内野手,埼玉西武ライオンズ,0.172,33,29,5,2,2,0,1,3,7,4,0,0,0,11,2026/09/22
北海道日本ハムファイターズ,カストロ,内野手,千葉ロッテマリーンズ,0.095,25,21,2,1,1,0,0,0,8,3,0,0,1,7,2026/09/22
北海道日本ハムファイターズ,カストロ,内野手,中日ドラゴンズ,0.000,3,3,0,0,0,0,0,0,0,0,0,0,0,1,2026/09/22
北海道日本ハムファイターズ,カストロ,内野手,東京ヤクルトスワローズ,0.000,6,6,0,0,0,0,0,0,0,0,0,0,0,2,2026/09/22
北海道日本ハムファイターズ,カストロ,内野手,東北楽天ゴールデンイーグルス,0.125,26,24,3,1,0,0,2,3,7,0,0,1,1,10,2026/09/22
北海道日本ハムファイターズ,カストロ,内野手,読売ジャイアンツ,0.286,7,7,2,0,1,0,1,1,3,0,0,0,0,3,2026/09/22
北海道日本ハムファイターズ,カストロ,内野手,福岡ソフトバンクホークス,0.184,54,49,9,7,0,0,2,5,17,2,0,2,1,15,2026/09/22
北海道日本ハムファイターズ,中島 卓也,内野手,オリックス・バファローズ,,0,0,0,0,0,0,0,0,0,0,0,0,0,0,2026/09/22
北海道日本ハムファイターズ,中島 卓也,内野手,横浜DeNAベイスターズ,,0,0,0,0,0,0,0,0,0,0,0,0,0,0,2026/09/22
北海道日本ハムファイターズ,中島 卓也,内野手,広島東洋カープ,,0,0,0,0,0,0,0,0,0,0,0,0,0,0,2026/09/22
北海道日本ハムファイターズ,中島 卓也,内野手,阪神タイガース,,0,0,0,0,0,0,0,0,0,0,0,0,0,0,2026/09/22
北海道日本ハムファイターズ,中島 卓也,内野手,埼玉西武ライオンズ,,0,0,0,0,0,0,0,0,0,0,0,0,0,0,2026/09/22
北海道日本ハムファイターズ,中島 卓也,内野手,千葉ロッテマリーンズ,,0,0,0,0,0,0,0,0,0,0,0,0,0,0,2026/09/22
北海道日本ハムファイターズ,中島 卓也,内野手,中日ドラゴンズ,,0,0,0,0,0,0,0,0,0,0,0,0,0,0,2026/09/22
北海道日本ハムファイターズ,中島 卓也,内野手,東京ヤクルトスワローズ,,0,0,0,0,0,0,0,0,0,0,0,0,0,0,2026/09/22
北海道日本ハムファイターズ,中島 卓也,内野手,東北楽天ゴールデンイーグルス,0.333,3,3,1,1,0,0,0,0,1,0,0,0,0,1,2026/09/22
北海道日本ハムファイターズ,中島 卓也,内野手,読売ジャイアンツ,,0,0,0,0,0,0,0,0,0,0,0,0,0,0,2026/09/22
北海道日本ハムファイターズ,中島 卓也,内野手,福岡ソフトバンクホークス,,0,0,0,0,0,0,0,0,0,0,0,0,0,0,2026/09/22
北海道日本ハムファイターズ,清宮 幸太郎,内野手,オリックス・バファローズ,0.277,96,83,23,13,5,0,5,15,15,11,0,2,0,22,2026/09/22
北海道日本ハムファイターズ,清宮 幸太郎,内野手,横浜DeNAベイスターズ,0.143,7,7,1,1,0,0,0,0,2,0,0,0,0,2,2026/09/22
北海道日本ハムファイターズ,清宮 幸太郎,内野手,広島東洋カープ,0.167,7,6,1,1,0,0,0,0,1,1,0,0,0,3,2026/09/22
北海道日本ハムファイターズ,清宮 幸太郎,内野手,阪神タイガース,0.250,8,8,2,1,1,0,0,0,2,0,0,0,0,2,2026/09/22
北海道日本ハムファイターズ,清宮 幸太郎,内野手,埼玉西武ライオンズ,0.243,80,70,17,11,1,1,4,11,16,9,0,0,1,23,2026/09/22
北海道日本ハムファイターズ,清宮 幸太郎,内野手,千葉ロッテマリーンズ,0.215,91,79,17,9,3,1,4,10,21,10,0,0,2,22,2026/09/22
北海道日本ハムファイターズ,清宮 幸太郎,内野手,中日ドラゴンズ,0.000,8,8,0,0,0,0,0,0,1,0,0,0,0,3,2026/09/22
北海道日本ハムファイターズ,清宮 幸太郎,内野手,東京ヤクルトスワローズ,0.333,10,9,3,2,1,0,0,1,3,1,0,0,0,3,2026/09/22
北海道日本ハムファイターズ,清宮 幸太郎,内野手,東北楽天ゴールデンイーグルス,0.189,86,74,14,9,1,0,4,14,13,8,0,1,3,21,2026/09/22
北海道日本ハムファイターズ,清宮 幸太郎,内野手,読売ジャイアンツ,0.200,10,10,2,2,0,0,0,1,1,0,0,0,0,3,2026/09/22
北海道日本ハムファイターズ,清宮 幸太郎,内野手,福岡ソフトバンクホークス,0.288,91,80,23,17,1,0,5,12,19,6,0,0,5,24,2026/09/22
北海道日本ハムファイターズ,有薗 直輝,内野手,オリックス・バファローズ,0.667,13,9,6,4,2,0,0,5,2,3,0,0,1,3,2026/09/22
北海道日本ハムファイターズ,有薗 直輝,内野手,横浜DeNAベイスターズ,,0,0,0,0,0,0,0,0,0,0,0,0,0,0,2026/09/22
北海道日本ハムファイターズ,有薗 直輝,内野手,広島東洋カープ,,0,0,0,0,0,0,0,0,0,0,0,0,0,0,2026/09/22
北海道日本ハムファイターズ,有薗 直輝,内野手,阪神タイガース,,0,0,0,0,0,0,0,0,0,0,0,0,0,0,2026/09/22
北海道日本ハムファイターズ,有薗 直輝,内野手,埼玉西武ライオンズ,0.150,22,20,3,3,0,0,0,0,12,2,0,0,0,6,2026/09/22
北海道日本ハムファイターズ,有薗 直輝,内野手,千葉ロッテマリーンズ,0.240,28,25,6,4,2,0,0,2,10,2,0,1,0,7,2026/09/22
北海道日本ハムファイターズ,有薗 直輝,内野手,中日ドラゴンズ,,0,0,0,0,0,0,0,0,0,0,0,0,0,0,2026/09/22
北海道日本ハムファイターズ,有薗 直輝,内野手,東京ヤクルトスワローズ,,0,0,0,0,0,0,0,0,0,0,0,0,0,0,2026/09/22
北海道日本ハムファイターズ,有薗 直輝,内野手,東北楽天ゴールデンイーグルス,0.222,22,18,4,2,1,0,1,2,6,2,0,0,2,5,2026/09/22
北海道日本ハムファイターズ,有薗 直輝,内野手,読売ジャイアンツ,,0,0,0,0,0,0,0,0,0,0,0,0,0,0,2026/09/22
北海道日本ハムファイターズ,有薗 直輝,内野手,福岡ソフトバンクホークス,0.222,29,27,6,3,3,0,0,2,10,2,0,0,0,9,2026/09/22
北海道日本ハムファイターズ,水野 達稀,内野手,オリックス・バファローズ,0.333,89,84,28,17,6,1,4,17,15,3,1,1,0,23,2026/09/22
北海道日本ハムファイターズ,水野 達稀,内野手,横浜DeNAベイスターズ,0.273,12,11,3,3,0,0,0,0,2,0,1,0,0,3,2026/09/22
北海道日本ハムファイターズ,水野 達稀,内野手,広島東洋カープ,0.214,17,14,3,1,2,0,0,1,3,2,1,0,0,3,2026/09/22
北海道日本ハムファイターズ,水野 達稀,内野手,阪神タイガース,0.286,16,14,4,3,1,0,0,1,0,2,0,0,0,3,2026/09/22
北海道日本ハムファイターズ,水野 達稀,内野手,埼玉西武ライオンズ,0.295,86,78,23,15,4,2,2,6,14,1,2,1,4,21,2026/09/22
北海道日本ハムファイターズ,水野 達稀,内野手,千葉ロッテマリーンズ,0.264,82,72,19,8,9,1,1,11,12,3,4,1,2,19,2026/09/22
北海道日本ハムファイターズ,水野 達稀,内野手,中日ドラゴンズ,0.462,15,13,6,2,1,2,1,3,2,0,2,0,0,3,2026/09/22
北海道日本ハムファイターズ,水野 達稀,内野手,東京ヤクルトスワローズ,0.250,8,8,2,1,0,0,1,1,2,0,0,0,0,2,2026/09/22
北海道日本ハムファイターズ,水野 達稀,内野手,東北楽天ゴールデンイーグルス,0.382,82,68,26,21,4,0,1,7,9,8,3,1,2,21,2026/09/22
北海道日本ハムファイターズ,水野 達稀,内野手,読売ジャイアンツ,0.077,15,13,1,1,0,0,0,0,3,1,0,0,1,3,2026/09/22
北海道日本ハムファイターズ,水野 達稀,内野手,福岡ソフトバンクホークス,0.231,100,91,21,18,2,0,1,8,24,4,1,1,3,25,2026/09/22
北海道日本ハムファイターズ,阪口 樂,内野手,オリックス・バファローズ,,0,0,0,0,0,0,0,0,0,0,0,0,0,0,2026/09/22
北海道日本ハムファイターズ,阪口 樂,内野手,横浜DeNAベイスターズ,,0,0,0,0,0,0,0,0,0,0,0,0,0,0,2026/09/22
北海道日本ハムファイターズ,阪口 樂,内野手,広島東洋カープ,,0,0,0,0,0,0,0,0,0,0,0,0,0,0,2026/09/22
北海道日本ハムファイターズ,阪口 樂,内野手,阪神タイガース,,0,0,0,0,0,0,0,0,0,0,0,0,0,0,2026/09/22
北海道日本ハムファイターズ,阪口 樂,内野手,埼玉西武ライオンズ,,0,0,0,0,0,0,0,0,0,0,0,0,0,0,2026/09/22
北海道日本ハムファイターズ,阪口 樂,内野手,千葉ロッテマリーンズ,,0,0,0,0,0,0,0,0,0,0,0,0,0,0,2026/09/22
北海道日本ハムファイターズ,阪口 樂,内野手,中日ドラゴンズ,,0,0,0,0,0,0,0,0,0,0,0,0,0,0,2026/09/22
北海道日本ハムファイターズ,阪口 樂,内野手,東京ヤクルトスワローズ,,0,0,0,0,0,0,0,0,0,0,0,0,0,0,2026/09/22
北海道日本ハムファイターズ,阪口 樂,内野手,東北楽天ゴールデンイーグルス,,0,0,0,0,0,0,0,0,0,0,0,0,0,0,2026/09/22
北海道日本ハムファイターズ,阪口 樂,内野手,読売ジャイアンツ,,0,0,0,0,0,0,0,0,0,0,0,0,0,0,2026/09/22
北海道日本ハムファイターズ,阪口 樂,内野手,福岡ソフトバンクホークス,,0,0,0,0,0,0,0,0,0,0,0,0,0,0,2026/09/22
北海道日本ハムファイターズ,大塚 瑠晏,内野手,オリックス・バファローズ,0.208,28,24,5,2,1,0,2,3,9,3,1,0,0,10,2026/09/22
北海道日本ハムファイターズ,大塚 瑠晏,内野手,横浜DeNAベイスターズ,0.500,9,8,4,2,0,0,2,4,1,0,1,0,0,3,2026/09/22
北海道日本ハムファイターズ,大塚 瑠晏,内野手,広島東洋カープ,0.333,3,3,1,1,0,0,0,1,1,0,0,0,0,2,2026/09/22
北海道日本ハムファイターズ,大塚 瑠晏,内野手,阪神タイガース,,0,0,0,0,0,0,0,0,0,0,0,0,0,0,2026/09/22
北海道日本ハムファイターズ,大塚 瑠晏,内野手,埼玉西武ライオンズ,0.222,22,18,4,2,1,0,1,2,9,4,0,0,0,9,2026/09/22
北海道日本ハムファイターズ,大塚 瑠晏,内野手,千葉ロッテマリーンズ,0.069,32,29,2,0,1,1,0,4,14,1,0,1,1,10,2026/09/22
北海道日本ハムファイターズ,大塚 瑠晏,内野手,中日ドラゴンズ,0.333,7,6,2,1,0,0,1,1,3,1,0,0,0,2,2026/09/22
北海道日本ハムファイターズ,大塚 瑠晏,内野手,東京ヤクルトスワローズ,0.000,4,4,0,0,0,0,0,0,0,0,0,0,0,1,2026/09/22
北海道日本ハムファイターズ,大塚 瑠晏,内野手,東北楽天ゴールデンイーグルス,0.313,18,16,5,5,0,0,0,1,6,2,0,0,0,6,2026/09/22
北海道日本ハムファイターズ,大塚 瑠晏,内野手,読売ジャイアンツ,,0,0,0,0,0,0,0,0,0,0,0,0,0,0,2026/09/22
北海道日本ハムファイターズ,大塚 瑠晏,内野手,福岡ソフトバンクホークス,0.105,21,19,2,1,1,0,0,0,8,2,0,0,0,7,2026/09/22
北海道日本ハムファイターズ,半田 南十,内野手,オリックス・バファローズ,,0,0,0,0,0,0,0,0,0,0,0,0,0,0,2026/09/22
北海道日本ハムファイターズ,半田 南十,内野手,横浜DeNAベイスターズ,,0,0,0,0,0,0,0,0,0,0,0,0,0,0,2026/09/22
北海道日本ハムファイターズ,半田 南十,内野手,広島東洋カープ,,0,0,0,0,0,0,0,0,0,0,0,0,0,0,2026/09/22
北海道日本ハムファイターズ,半田 南十,内野手,阪神タイガース,,0,0,0,0,0,0,0,0,0,0,0,0,0,0,2026/09/22
北海道日本ハムファイターズ,半田 南十,内野手,埼玉西武ライオンズ,,0,0,0,0,0,0,0,0,0,0,0,0,0,0,2026/09/22
北海道日本ハムファイターズ,半田 南十,内野手,千葉ロッテマリーンズ,,0,0,0,0,0,0,0,0,0,0,0,0,0,0,2026/09/22
北海道日本ハムファイターズ,半田 南十,内野手,中日ドラゴンズ,,0,0,0,0,0,0,0,0,0,0,0,0,0,0,2026/09/22
北海道日本ハムファイターズ,半田 南十,内野手,東京ヤクルトスワローズ,,0,0,0,0,0,0,0,0,0,0,0,0,0,0,2026/09/22
北海道日本ハムファイターズ,半田 南十,内野手,東北楽天ゴールデンイーグルス,,0,0,0,0,0,0,0,0,0,0,0,0,0,0,2026/09/22
北海道日本ハムファイターズ,半田 南十,内野手,読売ジャイアンツ,,0,0,0,0,0,0,0,0,0,0,0,0,0,0,2026/09/22
北海道日本ハムファイターズ,半田 南十,内野手,福岡ソフトバンクホークス,,0,0,0,0,0,0,0,0,0,0,0,0,0,0,2026/09/22
北海道日本ハムファイターズ,山縣 秀,内野手,オリックス・バファローズ,0.444,10,9,4,3,1,0,0,1,2,0,1,0,0,5,2026/09/22
北海道日本ハムファイターズ,山縣 秀,内野手,横浜DeNAベイスターズ,0.000,3,3,0,0,0,0,0,0,0,0,0,0,0,1,2026/09/22
北海道日本ハムファイターズ,山縣 秀,内野手,広島東洋カープ,0.250,4,4,1,0,1,0,0,2,0,0,0,0,0,2,2026/09/22
北海道日本ハムファイターズ,山縣 秀,内野手,阪神タイガース,0.000,2,1,0,0,0,0,0,0,0,0,1,0,0,1,2026/09/22
北海道日本ハムファイターズ,山縣 秀,内野手,埼玉西武ライオンズ,0.136,24,22,3,3,0,0,0,0,6,1,1,0,0,10,2026/09/22
北海道日本ハムファイターズ,山縣 秀,内野手,千葉ロッテマリーンズ,0.250,17,16,4,4,0,0,0,2,0,1,0,0,0,7,2026/09/22
北海道日本ハムファイターズ,山縣 秀,内野手,中日ドラゴンズ,,0,0,0,0,0,0,0,0,0,0,0,0,0,0,2026/09/22
北海道日本ハムファイターズ,山縣 秀,内野手,東京ヤクルトスワローズ,0.286,7,7,2,2,0,0,0,0,2,0,0,0,0,2,2026/09/22
北海道日本ハムファイターズ,山縣 秀,内野手,東北楽天ゴールデンイーグルス,0.200,13,10,2,1,1,0,0,0,2,2,1,0,0,4,2026/09/22
北海道日本ハムファイターズ,山縣 秀,内野手,読売ジャイアンツ,0.000,2,2,0,0,0,0,0,0,1,0,0,0,0,1,2026/09/22
北海道日本ハムファイターズ,山縣 秀,内野手,福岡ソフトバンクホークス,0.188,17,16,3,3,0,0,0,0,1,0,1,0,0,6,2026/09/22
北海道日本ハムファイターズ,細川 凌平,内野手,オリックス・バファローズ,0.400,6,5,2,2,0,0,0,2,1,1,0,0,0,5,2026/09/22
北海道日本ハムファイターズ,細川 凌平,内野手,横浜DeNAベイスターズ,0.000,1,1,0,0,0,0,0,0,0,0,0,0,0,1,2026/09/22
北海道日本ハムファイターズ,細川 凌平,内野手,広島東洋カープ,0.000,4,3,0,0,0,0,0,0,1,1,0,0,0,2,2026/09/22
北海道日本ハムファイターズ,細川 凌平,内野手,阪神タイガース,0.250,6,4,1,1,0,0,0,1,0,1,1,0,0,2,2026/09/22
北海道日本ハムファイターズ,細川 凌平,内野手,埼玉西武ライオンズ,0.214,33,28,6,5,1,0,0,2,6,3,2,0,0,9,2026/09/22
北海道日本ハムファイターズ,細川 凌平,内野手,千葉ロッテマリーンズ,0.269,28,26,7,7,0,0,0,0,3,1,1,0,0,11,2026/09/22
北海道日本ハムファイターズ,細川 凌平,内野手,中日ドラゴンズ,0.200,5,5,1,1,0,0,0,0,1,0,0,0,0,3,2026/09/22
北海道日本ハムファイターズ,細川 凌平,内野手,東京ヤクルトスワローズ,0.333,3,3,1,1,0,0,0,0,0,0,0,0,0,1,2026/09/22
北海道日本ハムファイターズ,細川 凌平,内野手,東北楽天ゴールデンイーグルス,0.250,34,24,6,3,1,0,2,6,2,9,1,0,0,9,2026/09/22
北海道日本ハムファイターズ,細川 凌平,内野手,読売ジャイアンツ,0.000,2,2,0,0,0,0,0,0,1,0,0,0,0,1,2026/09/22
北海道日本ハムファイターズ,細川 凌平,内野手,福岡ソフトバンクホークス,0.000,19,16,0,0,0,0,0,0,3,2,1,0,0,9,2026/09/22
北海道日本ハムファイターズ,奈良間 大己,内野手,オリックス・バファローズ,0.286,48,42,12,11,0,1,0,4,13,3,0,1,2,15,2026/09/22
北海道日本ハムファイターズ,奈良間 大己,内野手,横浜DeNAベイスターズ,,0,0,0,0,0,0,0,0,0,0,0,0,0,0,2026/09/22
北海道日本ハムファイターズ,奈良間 大己,内野手,広島東洋カープ,0.250,8,8,2,2,0,0,0,0,2,0,0,0,0,2,2026/09/22
北海道日本ハムファイターズ,奈良間 大己,内野手,阪神タイガース,0.200,7,5,1,1,0,0,0,1,0,2,0,0,0,3,2026/09/22
北海道日本ハムファイターズ,奈良間 大己,内野手,埼玉西武ライオンズ,0.326,50,46,15,9,4,0,2,6,12,3,1,0,0,17,2026/09/22
北海道日本ハムファイターズ,奈良間 大己,内野手,千葉ロッテマリーンズ,0.273,25,22,6,4,0,0,2,4,6,1,1,0,1,8,2026/09/22
北海道日本ハムファイターズ,奈良間 大己,内野手,中日ドラゴンズ,0.333,7,6,2,1,1,0,0,1,3,1,0,0,0,2,2026/09/22
北海道日本ハムファイターズ,奈良間 大己,内野手,東京ヤクルトスワローズ,0.250,4,4,1,1,0,0,0,0,3,0,0,0,0,2,2026/09/22
北海道日本ハムファイターズ,奈良間 大己,内野手,東北楽天ゴールデンイーグルス,0.238,46,42,10,6,4,0,0,5,11,3,0,1,0,16,2026/09/22
北海道日本ハムファイターズ,奈良間 大己,内野手,読売ジャイアンツ,0.167,6,6,1,1,0,0,0,0,1,0,0,0,0,2,2026/09/22
北海道日本ハムファイターズ,奈良間 大己,内野手,福岡ソフトバンクホークス,0.192,29,26,5,4,0,0,1,3,9,2,1,0,0,12,2026/09/22
北海道日本ハムファイターズ,明瀬 諒介,内野手,オリックス・バファローズ,,0,0,0,0,0,0,0,0,0,0,0,0,0,0,2026/09/22
北海道日本ハムファイターズ,明瀬 諒介,内野手,横浜DeNAベイスターズ,,0,0,0,0,0,0,0,0,0,0,0,0,0,0,2026/09/22
北海道日本ハムファイターズ,明瀬 諒介,内野手,広島東洋カープ,,0,0,0,0,0,0,0,0,0,0,0,0,0,0,2026/09/22
北海道日本ハムファイターズ,明瀬 諒介,内野手,阪神タイガース,,0,0,0,0,0,0,0,0,0,0,0,0,0,0,2026/09/22
北海道日本ハムファイターズ,明瀬 諒介,内野手,埼玉西武ライオンズ,,0,0,0,0,0,0,0,0,0,0,0,0,0,0,2026/09/22
北海道日本ハムファイターズ,明瀬 諒介,内野手,千葉ロッテマリーンズ,,0,0,0,0,0,0,0,0,0,0,0,0,0,0,2026/09/22
北海道日本ハムファイターズ,明瀬 諒介,内野手,中日ドラゴンズ,,0,0,0,0,0,0,0,0,0,0,0,0,0,0,2026/09/22
北海道日本ハムファイターズ,明瀬 諒介,内野手,東京ヤクルトスワローズ,,0,0,0,0,0,0,0,0,0,0,0,0,0,0,2026/09/22
北海道日本ハムファイターズ,明瀬 諒介,内野手,東北楽天ゴールデンイーグルス,,0,0,0,0,0,0,0,0,0,0,0,0,0,0,2026/09/22
北海道日本ハムファイターズ,明瀬 諒介,内野手,読売ジャイアンツ,,0,0,0,0,0,0,0,0,0,0,0,0,0,0,2026/09/22
北海道日本ハムファイターズ,明瀬 諒介,内野手,福岡ソフトバンクホークス,,0,0,0,0,0,0,0,0,0,0,0,0,0,0,2026/09/22
北海道日本ハムファイターズ,常谷 拓輝,内野手,オリックス・バファローズ,,0,0,0,0,0,0,0,0,0,0,0,0,0,0,2026/09/22
北海道日本ハムファイターズ,常谷 拓輝,内野手,横浜DeNAベイスターズ,,0,0,0,0,0,0,0,0,0,0,0,0,0,0,2026/09/22
北海道日本ハムファイターズ,常谷 拓輝,内野手,広島東洋カープ,,0,0,0,0,0,0,0,0,0,0,0,0,0,0,2026/09/22
北海道日本ハムファイターズ,常谷 拓輝,内野手,阪神タイガース,,0,0,0,0,0,0,0,0,0,0,0,0,0,0,2026/09/22
北海道日本ハムファイターズ,常谷 拓輝,内野手,埼玉西武ライオンズ,,0,0,0,0,0,0,0,0,0,0,0,0,0,0,2026/09/22
北海道日本ハムファイターズ,常谷 拓輝,内野手,千葉ロッテマリーンズ,0.000,10,8,0,0,0,0,0,0,2,2,0,0,0,2,2026/09/22
北海道日本ハムファイターズ,常谷 拓輝,内野手,中日ドラゴンズ,,0,0,0,0,0,0,0,0,0,0,0,0,0,0,2026/09/22
北海道日本ハムファイターズ,常谷 拓輝,内野手,東京ヤクルトスワローズ,,0,0,0,0,0,0,0,0,0,0,0,0,0,0,2026/09/22
北海道日本ハムファイターズ,常谷 拓輝,内野手,東北楽天ゴールデンイーグルス,0.333,3,3,1,1,0,0,0,0,1,0,0,0,0,1,2026/09/22
北海道日本ハムファイターズ,常谷 拓輝,内野手,読売ジャイアンツ,,0,0,0,0,0,0,0,0,0,0,0,0,0,0,2026/09/22
北海道日本ハムファイターズ,常谷 拓輝,内野手,福岡ソフトバンクホークス,0.000,1,1,0,0,0,0,0,0,1,0,0,0,0,1,2026/09/22
北海道日本ハムファイターズ,西川 遥輝,外野手,オリックス・バファローズ,0.167,30,24,4,3,0,0,1,4,8,6,0,0,0,7,2026/09/22
北海道日本ハムファイターズ,西川 遥輝,外野手,横浜DeNAベイスターズ,,0,0,0,0,0,0,0,0,0,0,0,0,0,0,2026/09/22
北海道日本ハムファイターズ,西川 遥輝,外野手,広島東洋カープ,,0,0,0,0,0,0,0,0,0,0,0,0,0,0,2026/09/22
北海道日本ハムファイターズ,西川 遥輝,外野手,阪神タイガース,,0,0,0,0,0,0,0,0,0,0,0,0,0,0,2026/09/22
北海道日本ハムファイターズ,西川 遥輝,外野手,埼玉西武ライオンズ,0.200,12,10,2,2,0,0,0,0,1,2,0,0,0,3,2026/09/22
北海道日本ハムファイターズ,西川 遥輝,外野手,千葉ロッテマリーンズ,0.214,18,14,3,1,1,1,0,2,4,3,0,0,1,4,2026/09/22
北海道日本ハムファイターズ,西川 遥輝,外野手,中日ドラゴンズ,,0,0,0,0,0,0,0,0,0,0,0,0,0,0,2026/09/22
北海道日本ハムファイターズ,西川 遥輝,外野手,東京ヤクルトスワローズ,,0,0,0,0,0,0,0,0,0,0,0,0,0,0,2026/09/22
北海道日本ハムファイターズ,西川 遥輝,外野手,東北楽天ゴールデンイーグルス,0.300,11,10,3,2,0,1,0,0,4,1,0,0,0,4,2026/09/22
北海道日本ハムファイターズ,西川 遥輝,外野手,読売ジャイアンツ,,0,0,0,0,0,0,0,0,0,0,0,0,0,0,2026/09/22
北海道日本ハムファイターズ,西川 遥輝,外野手,福岡ソフトバンクホークス,0.000,7,5,0,0,0,0,0,0,1,1,0,0,1,3,2026/09/22
北海道日本ハムファイターズ,淺間 大基,外野手,オリックス・バファローズ,0.000,4,4,0,0,0,0,0,0,1,0,0,0,0,2,2026/09/22
北海道日本ハムファイターズ,淺間 大基,外野手,横浜DeNAベイスターズ,,0,0,0,0,0,0,0,0,0,0,0,0,0,0,2026/09/22
北海道日本ハムファイターズ,淺間 大基,外野手,広島東洋カープ,0.333,3,3,1,1,0,0,0,0,1,0,0,0,0,1,2026/09/22
北海道日本ハムファイターズ,淺間 大基,外野手,阪神タイガース,,0,0,0,0,0,0,0,0,0,0,0,0,0,0,2026/09/22
北海道日本ハムファイターズ,淺間 大基,外野手,埼玉西武ライオンズ,0.000,12,12,0,0,0,0,0,0,5,0,0,0,0,4,2026/09/22
北海道日本ハムファイターズ,淺間 大基,外野手,千葉ロッテマリーンズ,0.250,9,8,2,1,0,0,1,1,2,1,0,0,0,3,2026/09/22
北海道日本ハムファイターズ,淺間 大基,外野手,中日ドラゴンズ,,0,0,0,0,0,0,0,0,0,0,0,0,0,0,2026/09/22
北海道日本ハムファイターズ,淺間 大基,外野手,東京ヤクルトスワローズ,,0,0,0,0,0,0,0,0,0,0,0,0,0,0,2026/09/22
北海道日本ハムファイターズ,淺間 大基,外野手,東北楽天ゴールデンイーグルス,0.263,21,19,5,3,1,0,1,2,6,2,0,0,0,6,2026/09/22
北海道日本ハムファイターズ,淺間 大基,外野手,読売ジャイアンツ,0.000,1,1,0,0,0,0,0,0,1,0,0,0,0,1,2026/09/22
北海道日本ハムファイターズ,淺間 大基,外野手,福岡ソフトバンクホークス,0.000,3,2,0,0,0,0,0,0,0,1,0,0,0,2,2026/09/22
北海道日本ハムファイターズ,宮崎 一樹,外野手,オリックス・バファローズ,,0,0,0,0,0,0,0,0,0,0,0,0,0,0,2026/09/22
北海道日本ハムファイターズ,宮崎 一樹,外野手,横浜DeNAベイスターズ,,0,0,0,0,0,0,0,0,0,0,0,0,0,0,2026/09/22
北海道日本ハムファイターズ,宮崎 一樹,外野手,広島東洋カープ,,0,0,0,0,0,0,0,0,0,0,0,0,0,0,2026/09/22
北海道日本ハムファイターズ,宮崎 一樹,外野手,阪神タイガース,,0,0,0,0,0,0,0,0,0,0,0,0,0,0,2026/09/22
北海道日本ハムファイターズ,宮崎 一樹,外野手,埼玉西武ライオンズ,0.143,7,7,1,0,0,0,1,1,3,0,0,0,0,2,2026/09/22
北海道日本ハムファイターズ,宮崎 一樹,外野手,千葉ロッテマリーンズ,0.000,4,4,0,0,0,0,0,0,1,0,0,0,0,2,2026/09/22
北海道日本ハムファイターズ,宮崎 一樹,外野手,中日ドラゴンズ,,0,0,0,0,0,0,0,0,0,0,0,0,0,0,2026/09/22
北海道日本ハムファイターズ,宮崎 一樹,外野手,東京ヤクルトスワローズ,,0,0,0,0,0,0,0,0,0,0,0,0,0,0,2026/09/22
北海道日本ハムファイターズ,宮崎 一樹,外野手,東北楽天ゴールデンイーグルス,,0,0,0,0,0,0,0,0,0,0,0,0,0,0,2026/09/22
北海道日本ハムファイターズ,宮崎 一樹,外野手,読売ジャイアンツ,,0,0,0,0,0,0,0,0,0,0,0,0,0,0,2026/09/22
北海道日本ハムファイターズ,宮崎 一樹,外野手,福岡ソフトバンクホークス,,0,0,0,0,0,0,0,0,0,0,0,0,0,0,2026/09/22
北海道日本ハムファイターズ,エドポロ ケイン,外野手,オリックス・バファローズ,,0,0,0,0,0,0,0,0,0,0,0,0,0,0,2026/09/22
北海道日本ハムファイターズ,エドポロ ケイン,外野手,横浜DeNAベイスターズ,,0,0,0,0,0,0,0,0,0,0,0,0,0,0,2026/09/22
北海道日本ハムファイターズ,エドポロ ケイン,外野手,広島東洋カープ,,0,0,0,0,0,0,0,0,0,0,0,0,0,0,2026/09/22
北海道日本ハムファイターズ,エドポロ ケイン,外野手,阪神タイガース,0.000,3,3,0,0,0,0,0,0,0,0,0,0,0,1,2026/09/22
北海道日本ハムファイターズ,エドポロ ケイン,外野手,埼玉西武ライオンズ,,0,0,0,0,0,0,0,0,0,0,0,0,0,0,2026/09/22
北海道日本ハムファイターズ,エドポロ ケイン,外野手,千葉ロッテマリーンズ,,0,0,0,0,0,0,0,0,0,0,0,0,0,0,2026/09/22
北海道日本ハムファイターズ,エドポロ ケイン,外野手,中日ドラゴンズ,,0,0,0,0,0,0,0,0,0,0,0,0,0,0,2026/09/22
北海道日本ハムファイターズ,エドポロ ケイン,外野手,東京ヤクルトスワローズ,,0,0,0,0,0,0,0,0,0,0,0,0,0,0,2026/09/22
北海道日本ハムファイターズ,エドポロ ケイン,外野手,東北楽天ゴールデンイーグルス,,0,0,0,0,0,0,0,0,0,0,0,0,0,0,2026/09/22
北海道日本ハムファイターズ,エドポロ ケイン,外野手,読売ジャイアンツ,,0,0,0,0,0,0,0,0,0,0,0,0,0,0,2026/09/22
北海道日本ハムファイターズ,エドポロ ケイン,外野手,福岡ソフトバンクホークス,0.000,7,7,0,0,0,0,0,0,4,0,0,0,0,3,2026/09/22
北海道日本ハムファイターズ,五十幡 亮汰,外野手,オリックス・バファローズ,0.500,10,8,4,4,0,0,0,2,1,0,2,0,0,5,2026/09/22
北海道日本ハムファイターズ,五十幡 亮汰,外野手,横浜DeNAベイスターズ,0.143,8,7,1,1,0,0,0,0,1,0,1,0,0,3,2026/09/22
北海道日本ハムファイターズ,五十幡 亮汰,外野手,広島東洋カープ,0.000,2,2,0,0,0,0,0,0,2,0,0,0,0,1,2026/09/22
北海道日本ハムファイターズ,五十幡 亮汰,外野手,阪神タイガース,0.500,2,2,1,1,0,0,0,0,1,0,0,0,0,1,2026/09/22
北海道日本ハムファイターズ,五十幡 亮汰,外野手,埼玉西武ライオンズ,0.214,29,28,6,6,0,0,0,1,7,0,1,0,0,14,2026/09/22
北海道日本ハムファイターズ,五十幡 亮汰,外野手,千葉ロッテマリーンズ,0.100,10,10,1,0,0,1,0,0,3,0,0,0,0,6,2026/09/22
北海道日本ハムファイターズ,五十幡 亮汰,外野手,中日ドラゴンズ,0.500,2,2,1,1,0,0,0,0,0,0,0,0,0,3,2026/09/22
北海道日本ハムファイターズ,五十幡 亮汰,外野手,東京ヤクルトスワローズ,0.000,3,2,0,0,0,0,0,0,1,0,1,0,0,1,2026/09/22
北海道日本ハムファイターズ,五十幡 亮汰,外野手,東北楽天ゴールデンイーグルス,0.333,21,18,6,5,1,0,0,0,6,1,2,0,0,9,2026/09/22
北海道日本ハムファイターズ,五十幡 亮汰,外野手,読売ジャイアンツ,0.500,3,2,1,0,1,0,0,0,0,1,0,0,0,1,2026/09/22
北海道日本ハムファイターズ,五十幡 亮汰,外野手,福岡ソフトバンクホークス,0.179,30,28,5,3,2,0,0,0,6,2,0,0,0,14,2026/09/22
北海道日本ハムファイターズ,水谷 瞬,外野手,オリックス・バファローズ,0.500,25,20,10,9,0,0,1,3,2,4,0,0,1,9,2026/09/22
北海道日本ハムファイターズ,水谷 瞬,外野手,横浜DeNAベイスターズ,0.455,11,11,5,4,0,0,1,3,2,0,0,0,0,3,2026/09/22
北海道日本ハムファイターズ,水谷 瞬,外野手,広島東洋カープ,0.000,4,4,0,0,0,0,0,0,3,0,0,0,0,1,2026/09/22
北海道日本ハムファイターズ,水谷 瞬,外野手,阪神タイガース,,0,0,0,0,0,0,0,0,0,0,0,0,0,0,2026/09/22
北海道日本ハムファイターズ,水谷 瞬,外野手,埼玉西武ライオンズ,0.213,49,47,10,4,5,1,0,8,10,1,0,1,0,13,2026/09/22
北海道日本ハムファイターズ,水谷 瞬,外野手,千葉ロッテマリーンズ,0.243,40,37,9,8,0,0,1,4,11,2,0,1,0,12,2026/09/22
北海道日本ハムファイターズ,水谷 瞬,外野手,中日ドラゴンズ,0.333,9,9,3,1,2,0,0,0,2,0,0,0,0,3,2026/09/22
北海道日本ハムファイターズ,水谷 瞬,外野手,東京ヤクルトスワローズ,,0,0,0,0,0,0,0,0,0,0,0,0,0,0,2026/09/22
北海道日本ハムファイターズ,水谷 瞬,外野手,東北楽天ゴールデンイーグルス,0.063,17,16,1,0,0,0,1,2,7,1,0,0,0,5,2026/09/22
北海道日本ハムファイターズ,水谷 瞬,外野手,読売ジャイアンツ,,0,0,0,0,0,0,0,0,0,0,0,0,0,0,2026/09/22
北海道日本ハムファイターズ,水谷 瞬,外野手,福岡ソフトバンクホークス,0.200,43,40,8,6,0,0,2,2,15,2,0,0,1,13,2026/09/22
北海道日本ハムファイターズ,今川 優馬,外野手,オリックス・バファローズ,0.250,4,4,1,0,0,0,1,2,1,0,0,0,0,2,2026/09/22
北海道日本ハムファイターズ,今川 優馬,外野手,横浜DeNAベイスターズ,,0,0,0,0,0,0,0,0,0,0,0,0,0,0,2026/09/22
北海道日本ハムファイターズ,今川 優馬,外野手,広島東洋カープ,,0,0,0,0,0,0,0,0,0,0,0,0,0,0,2026/09/22
北海道日本ハムファイターズ,今川 優馬,外野手,阪神タイガース,,0,0,0,0,0,0,0,0,0,0,0,0,0,0,2026/09/22
北海道日本ハムファイターズ,今川 優馬,外野手,埼玉西武ライオンズ,0.000,3,3,0,0,0,0,0,0,0,0,0,0,0,2,2026/09/22
北海道日本ハムファイターズ,今川 優馬,外野手,千葉ロッテマリーンズ,0.167,15,12,2,1,0,0,1,3,3,3,0,0,0,4,2026/09/22
北海道日本ハムファイターズ,今川 優馬,外野手,中日ドラゴンズ,,0,0,0,0,0,0,0,0,0,0,0,0,0,0,2026/09/22
北海道日本ハムファイターズ,今川 優馬,外野手,東京ヤクルトスワローズ,,0,0,0,0,0,0,0,0,0,0,0,0,0,0,2026/09/22
北海道日本ハムファイターズ,今川 優馬,外野手,東北楽天ゴールデンイーグルス,0.000,8,7,0,0,0,0,0,0,2,1,0,0,0,2,2026/09/22
北海道日本ハムファイターズ,今川 優馬,外野手,読売ジャイアンツ,,0,0,0,0,0,0,0,0,0,0,0,0,0,0,2026/09/22
北海道日本ハムファイターズ,今川 優馬,外野手,福岡ソフトバンクホークス,0.333,23,21,7,4,1,0,2,4,5,2,0,0,0,7,2026/09/22
北海道日本ハムファイターズ,万波 中正,外野手,オリックス・バファローズ,0.296,91,81,24,12,6,0,6,18,18,8,0,1,1,23,2026/09/22
北海道日本ハムファイターズ,万波 中正,外野手,横浜DeNAベイスターズ,0.143,7,7,1,1,0,0,0,0,4,0,0,0,0,2,2026/09/22
北海道日本ハムファイターズ,万波 中正,外野手,広島東洋カープ,0.385,13,13,5,4,0,0,1,2,3,0,0,0,0,3,2026/09/22
北海道日本ハムファイターズ,万波 中正,外野手,阪神タイガース,0.556,10,9,5,4,1,0,0,1,4,1,0,0,0,3,2026/09/22
北海道日本ハムファイターズ,万波 中正,外野手,埼玉西武ライオンズ,0.237,66,59,14,7,3,1,3,7,11,7,0,0,0,19,2026/09/22
北海道日本ハムファイターズ,万波 中正,外野手,千葉ロッテマリーンズ,0.196,62,56,11,6,1,0,4,8,15,6,0,0,0,16,2026/09/22
北海道日本ハムファイターズ,万波 中正,外野手,中日ドラゴンズ,0.400,10,10,4,3,0,0,1,1,3,0,0,0,0,3,2026/09/22
北海道日本ハムファイターズ,万波 中正,外野手,東京ヤクルトスワローズ,0.125,9,8,1,1,0,0,0,1,4,1,0,0,0,2,2026/09/22
北海道日本ハムファイターズ,万波 中正,外野手,東北楽天ゴールデンイーグルス,0.186,78,70,13,10,1,0,2,6,25,6,0,1,1,20,2026/09/22
北海道日本ハムファイターズ,万波 中正,外野手,読売ジャイアンツ,0.364,12,11,4,2,1,0,1,1,4,1,0,0,0,3,2026/09/22
北海道日本ハムファイターズ,万波 中正,外野手,福岡ソフトバンクホークス,0.361,68,61,22,15,4,0,3,7,16,5,0,1,1,18,2026/09/22
北海道日本ハムファイターズ,レイエス,外野手,オリックス・バファローズ,0.324,79,74,24,16,4,0,4,16,17,4,0,1,0,19,2026/09/22
北海道日本ハムファイターズ,レイエス,外野手,横浜DeNAベイスターズ,0.667,11,9,6,4,2,0,0,1,3,2,0,0,0,3,2026/09/22
北海道日本ハムファイターズ,レイエス,外野手,広島東洋カープ,0.333,11,9,3,1,1,0,1,2,1,2,0,0,0,2,2026/09/22
北海道日本ハムファイターズ,レイエス,外野手,阪神タイガース,0.083,13,12,1,0,0,0,1,1,3,1,0,0,0,3,2026/09/22
北海道日本ハムファイターズ,レイエス,外野手,埼玉西武ライオンズ,0.300,99,90,27,18,5,0,4,12,19,8,0,1,0,24,2026/09/22
北海道日本ハムファイターズ,レイエス,外野手,千葉ロッテマリーンズ,0.392,82,74,29,12,5,0,12,23,11,7,0,1,0,21,2026/09/22
北海道日本ハムファイターズ,レイエス,外野手,中日ドラゴンズ,0.385,15,13,5,3,1,0,1,2,1,2,0,0,0,3,2026/09/22
北海道日本ハムファイターズ,レイエス,外野手,東京ヤクルトスワローズ,0.455,12,11,5,1,2,0,2,4,0,1,0,0,0,3,2026/09/22
北海道日本ハムファイターズ,レイエス,外野手,東北楽天ゴールデンイーグルス,0.247,85,81,20,15,3,0,2,10,15,4,0,0,0,22,2026/09/22
北海道日本ハムファイターズ,レイエス,外野手,読売ジャイアンツ,0.091,14,11,1,1,0,0,0,0,3,3,0,0,0,3,2026/09/22
北海道日本ハムファイターズ,レイエス,外野手,福岡ソフトバンクホークス,0.286,116,98,28,19,4,0,5,11,27,15,0,2,1,25,2026/09/22
オリックス・バファローズ,エスピノーザ,投手,横浜DeNAベイスターズ,0.000,2,2,0,0,0,0,0,0,2,0,0,0,0,1,2026/09/22
オリックス・バファローズ,エスピノーザ,投手,広島東洋カープ,,0,0,0,0,0,0,0,0,0,0,0,0,0,0,2026/09/22
オリックス・バファローズ,エスピノーザ,投手,阪神タイガース,,0,0,0,0,0,0,0,0,0,0,0,0,0,0,2026/09/22
オリックス・バファローズ,エスピノーザ,投手,埼玉西武ライオンズ,,0,0,0,0,0,0,0,0,0,0,0,0,0,0,2026/09/22
オリックス・バファローズ,エスピノーザ,投手,千葉ロッテマリーンズ,,0,0,0,0,0,0,0,0,0,0,0,0,0,0,2026/09/22
オリックス・バファローズ,エスピノーザ,投手,中日ドラゴンズ,,0,0,0,0,0,0,0,0,0,0,0,0,0,0,2026/09/22
オリックス・バファローズ,エスピノーザ,投手,東京ヤクルトスワローズ,,0,0,0,0,0,0,0,0,0,0,0,0,0,0,2026/09/22
オリックス・バファローズ,エスピノーザ,投手,東北楽天ゴールデンイーグルス,,0,0,0,0,0,0,0,0,0,0,0,0,0,0,2026/09/22
オリックス・バファローズ,エスピノーザ,投手,読売ジャイアンツ,0.000,3,3,0,0,0,0,0,0,3,0,0,0,0,1,2026/09/22
オリックス・バファローズ,エスピノーザ,投手,福岡ソフトバンクホークス,,0,0,0,0,0,0,0,0,0,0,0,0,0,0,2026/09/22
オリックス・バファローズ,エスピノーザ,投手,北海道日本ハムファイターズ,,0,0,0,0,0,0,0,0,0,0,0,0,0,0,2026/09/22
オリックス・バファローズ,山下 舜平大,投手,横浜DeNAベイスターズ,,0,0,0,0,0,0,0,0,0,0,0,0,0,0,2026/09/22
オリックス・バファローズ,山下 舜平大,投手,広島東洋カープ,,0,0,0,0,0,0,0,0,0,0,0,0,0,0,2026/09/22
オリックス・バファローズ,山下 舜平大,投手,阪神タイガース,,0,0,0,0,0,0,0,0,0,0,0,0,0,0,2026/09/22
オリックス・バファローズ,山下 舜平大,投手,埼玉西武ライオンズ,,0,0,0,0,0,0,0,0,0,0,0,0,0,0,2026/09/22
オリックス・バファローズ,山下 舜平大,投手,千葉ロッテマリーンズ,,0,0,0,0,0,0,0,0,0,0,0,0,0,0,2026/09/22
オリックス・バファローズ,山下 舜平大,投手,中日ドラゴンズ,,0,0,0,0,0,0,0,0,0,0,0,0,0,0,2026/09/22
オリックス・バファローズ,山下 舜平大,投手,東京ヤクルトスワローズ,,0,0,0,0,0,0,0,0,0,0,0,0,0,0,2026/09/22
オリックス・バファローズ,山下 舜平大,投手,東北楽天ゴールデンイーグルス,,0,0,0,0,0,0,0,0,0,0,0,0,0,0,2026/09/22
オリックス・バファローズ,山下 舜平大,投手,読売ジャイアンツ,,0,0,0,0,0,0,0,0,0,0,0,0,0,0,2026/09/22
オリックス・バファローズ,山下 舜平大,投手,福岡ソフトバンクホークス,,0,0,0,0,0,0,0,0,0,0,0,0,0,0,2026/09/22
オリックス・バファローズ,山下 舜平大,投手,北海道日本ハムファイターズ,,0,0,0,0,0,0,0,0,0,0,0,0,0,0,2026/09/22
オリックス・バファローズ,東 晃平,投手,横浜DeNAベイスターズ,,0,0,0,0,0,0,0,0,0,0,0,0,0,0,2026/09/22
オリックス・バファローズ,東 晃平,投手,広島東洋カープ,,0,0,0,0,0,0,0,0,0,0,0,0,0,0,2026/09/22
オリックス・バファローズ,東 晃平,投手,阪神タイガース,,0,0,0,0,0,0,0,0,0,0,0,0,0,0,2026/09/22
オリックス・バファローズ,東 晃平,投手,埼玉西武ライオンズ,,0,0,0,0,0,0,0,0,0,0,0,0,0,0,2026/09/22
オリックス・バファローズ,東 晃平,投手,千葉ロッテマリーンズ,,0,0,0,0,0,0,0,0,0,0,0,0,0,0,2026/09/22
オリックス・バファローズ,東 晃平,投手,中日ドラゴンズ,,0,0,0,0,0,0,0,0,0,0,0,0,0,0,2026/09/22
オリックス・バファローズ,東 晃平,投手,東京ヤクルトスワローズ,,0,0,0,0,0,0,0,0,0,0,0,0,0,0,2026/09/22
オリックス・バファローズ,東 晃平,投手,東北楽天ゴールデンイーグルス,,0,0,0,0,0,0,0,0,0,0,0,0,0,0,2026/09/22
オリックス・バファローズ,東 晃平,投手,読売ジャイアンツ,,0,0,0,0,0,0,0,0,0,0,0,0,0,0,2026/09/22
オリックス・バファローズ,東 晃平,投手,福岡ソフトバンクホークス,,0,0,0,0,0,0,0,0,0,0,0,0,0,0,2026/09/22
オリックス・バファローズ,東 晃平,投手,北海道日本ハムファイターズ,,0,0,0,0,0,0,0,0,0,0,0,0,0,0,2026/09/22
オリックス・バファローズ,寺西 成騎,投手,横浜DeNAベイスターズ,,0,0,0,0,0,0,0,0,0,0,0,0,0,0,2026/09/22
オリックス・バファローズ,寺西 成騎,投手,広島東洋カープ,,0,0,0,0,0,0,0,0,0,0,0,0,0,0,2026/09/22
オリックス・バファローズ,寺西 成騎,投手,阪神タイガース,,0,0,0,0,0,0,0,0,0,0,0,0,0,0,2026/09/22
オリックス・バファローズ,寺西 成騎,投手,埼玉西武ライオンズ,,0,0,0,0,0,0,0,0,0,0,0,0,0,0,2026/09/22
オリックス・バファローズ,寺西 成騎,投手,千葉ロッテマリーンズ,,0,0,0,0,0,0,0,0,0,0,0,0,0,0,2026/09/22
オリックス・バファローズ,寺西 成騎,投手,中日ドラゴンズ,,0,0,0,0,0,0,0,0,0,0,0,0,0,0,2026/09/22
オリックス・バファローズ,寺西 成騎,投手,東京ヤクルトスワローズ,,0,0,0,0,0,0,0,0,0,0,0,0,0,0,2026/09/22
オリックス・バファローズ,寺西 成騎,投手,東北楽天ゴールデンイーグルス,,0,0,0,0,0,0,0,0,0,0,0,0,0,0,2026/09/22
オリックス・バファローズ,寺西 成騎,投手,読売ジャイアンツ,,0,0,0,0,0,0,0,0,0,0,0,0,0,0,2026/09/22
オリックス・バファローズ,寺西 成騎,投手,福岡ソフトバンクホークス,,0,0,0,0,0,0,0,0,0,0,0,0,0,0,2026/09/22
オリックス・バファローズ,寺西 成騎,投手,北海道日本ハムファイターズ,,0,0,0,0,0,0,0,0,0,0,0,0,0,0,2026/09/22
オリックス・バファローズ,椋木 蓮,投手,横浜DeNAベイスターズ,,0,0,0,0,0,0,0,0,0,0,0,0,0,0,2026/09/22
オリックス・バファローズ,椋木 蓮,投手,広島東洋カープ,,0,0,0,0,0,0,0,0,0,0,0,0,0,0,2026/09/22
オリックス・バファローズ,椋木 蓮,投手,阪神タイガース,,0,0,0,0,0,0,0,0,0,0,0,0,0,0,2026/09/22
オリックス・バファローズ,椋木 蓮,投手,埼玉西武ライオンズ,,0,0,0,0,0,0,0,0,0,0,0,0,0,0,2026/09/22
オリックス・バファローズ,椋木 蓮,投手,千葉ロッテマリーンズ,,0,0,0,0,0,0,0,0,0,0,0,0,0,0,2026/09/22
オリックス・バファローズ,椋木 蓮,投手,中日ドラゴンズ,,0,0,0,0,0,0,0,0,0,0,0,0,0,0,2026/09/22
オリックス・バファローズ,椋木 蓮,投手,東京ヤクルトスワローズ,,0,0,0,0,0,0,0,0,0,0,0,0,0,0,2026/09/22
オリックス・バファローズ,椋木 蓮,投手,東北楽天ゴールデンイーグルス,,0,0,0,0,0,0,0,0,0,0,0,0,0,0,2026/09/22
オリックス・バファローズ,椋木 蓮,投手,読売ジャイアンツ,,0,0,0,0,0,0,0,0,0,0,0,0,0,0,2026/09/22
オリックス・バファローズ,椋木 蓮,投手,福岡ソフトバンクホークス,,0,0,0,0,0,0,0,0,0,0,0,0,0,0,2026/09/22
オリックス・バファローズ,椋木 蓮,投手,北海道日本ハムファイターズ,,0,0,0,0,0,0,0,0,0,0,0,0,0,0,2026/09/22
オリックス・バファローズ,平野 佳寿,投手,横浜DeNAベイスターズ,,0,0,0,0,0,0,0,0,0,0,0,0,0,0,2026/09/22
オリックス・バファローズ,平野 佳寿,投手,広島東洋カープ,,0,0,0,0,0,0,0,0,0,0,0,0,0,0,2026/09/22
オリックス・バファローズ,平野 佳寿,投手,阪神タイガース,,0,0,0,0,0,0,0,0,0,0,0,0,0,0,2026/09/22
オリックス・バファローズ,平野 佳寿,投手,埼玉西武ライオンズ,,0,0,0,0,0,0,0,0,0,0,0,0,0,0,2026/09/22
オリックス・バファローズ,平野 佳寿,投手,千葉ロッテマリーンズ,,0,0,0,0,0,0,0,0,0,0,0,0,0,0,2026/09/22
オリックス・バファローズ,平野 佳寿,投手,中日ドラゴンズ,,0,0,0,0,0,0,0,0,0,0,0,0,0,0,2026/09/22
オリックス・バファローズ,平野 佳寿,投手,東京ヤクルトスワローズ,,0,0,0,0,0,0,0,0,0,0,0,0,0,0,2026/09/22
オリックス・バファローズ,平野 佳寿,投手,東北楽天ゴールデンイーグルス,,0,0,0,0,0,0,0,0,0,0,0,0,0,0,2026/09/22
オリックス・バファローズ,平野 佳寿,投手,読売ジャイアンツ,,0,0,0,0,0,0,0,0,0,0,0,0,0,0,2026/09/22
オリックス・バファローズ,平野 佳寿,投手,福岡ソフトバンクホークス,,0,0,0,0,0,0,0,0,0,0,0,0,0,0,2026/09/22
オリックス・バファローズ,平野 佳寿,投手,北海道日本ハムファイターズ,,0,0,0,0,0,0,0,0,0,0,0,0,0,0,2026/09/22
オリックス・バファローズ,曽谷 龍平,投手,横浜DeNAベイスターズ,0.000,3,2,0,0,0,0,0,0,1,0,1,0,0,1,2026/09/22
オリックス・バファローズ,曽谷 龍平,投手,広島東洋カープ,,0,0,0,0,0,0,0,0,0,0,0,0,0,0,2026/09/22
オリックス・バファローズ,曽谷 龍平,投手,阪神タイガース,,0,0,0,0,0,0,0,0,0,0,0,0,0,0,2026/09/22
オリックス・バファローズ,曽谷 龍平,投手,埼玉西武ライオンズ,,0,0,0,0,0,0,0,0,0,0,0,0,0,0,2026/09/22
オリックス・バファローズ,曽谷 龍平,投手,千葉ロッテマリーンズ,,0,0,0,0,0,0,0,0,0,0,0,0,0,0,2026/09/22
オリックス・バファローズ,曽谷 龍平,投手,中日ドラゴンズ,,0,0,0,0,0,0,0,0,0,0,0,0,0,0,2026/09/22
オリックス・バファローズ,曽谷 龍平,投手,東京ヤクルトスワローズ,,0,0,0,0,0,0,0,0,0,0,0,0,0,0,2026/09/22
オリックス・バファローズ,曽谷 龍平,投手,東北楽天ゴールデンイーグルス,,0,0,0,0,0,0,0,0,0,0,0,0,0,0,2026/09/22
オリックス・バファローズ,曽谷 龍平,投手,読売ジャイアンツ,0.000,3,3,0,0,0,0,0,0,2,0,0,0,0,1,2026/09/22
オリックス・バファローズ,曽谷 龍平,投手,福岡ソフトバンクホークス,,0,0,0,0,0,0,0,0,0,0,0,0,0,0,2026/09/22
オリックス・バファローズ,曽谷 龍平,投手,北海道日本ハムファイターズ,,0,0,0,0,0,0,0,0,0,0,0,0,0,0,2026/09/22
オリックス・バファローズ,宮城 大弥,投手,横浜DeNAベイスターズ,,0,0,0,0,0,0,0,0,0,0,0,0,0,0,2026/09/22
オリックス・バファローズ,宮城 大弥,投手,広島東洋カープ,,0,0,0,0,0,0,0,0,0,0,0,0,0,0,2026/09/22
オリックス・バファローズ,宮城 大弥,投手,阪神タイガース,,0,0,0,0,0,0,0,0,0,0,0,0,0,0,2026/09/22
オリックス・バファローズ,宮城 大弥,投手,埼玉西武ライオンズ,,0,0,0,0,0,0,0,0,0,0,0,0,0,0,2026/09/22
オリックス・バファローズ,宮城 大弥,投手,千葉ロッテマリーンズ,,0,0,0,0,0,0,0,0,0,0,0,0,0,0,2026/09/22
オリックス・バファローズ,宮城 大弥,投手,中日ドラゴンズ,,0,0,0,0,0,0,0,0,0,0,0,0,0,0,2026/09/22
オリックス・バファローズ,宮城 大弥,投手,東京ヤクルトスワローズ,,0,0,0,0,0,0,0,0,0,0,0,0,0,0,2026/09/22
オリックス・バファローズ,宮城 大弥,投手,東北楽天ゴールデンイーグルス,,0,0,0,0,0,0,0,0,0,0,0,0,0,0,2026/09/22
オリックス・バファローズ,宮城 大弥,投手,読売ジャイアンツ,,0,0,0,0,0,0,0,0,0,0,0,0,0,0,2026/09/22
オリックス・バファローズ,宮城 大弥,投手,福岡ソフトバンクホークス,,0,0,0,0,0,0,0,0,0,0,0,0,0,0,2026/09/22
オリックス・バファローズ,宮城 大弥,投手,北海道日本ハムファイターズ,,0,0,0,0,0,0,0,0,0,0,0,0,0,0,2026/09/22
オリックス・バファローズ,山岡 泰輔,投手,横浜DeNAベイスターズ,,0,0,0,0,0,0,0,0,0,0,0,0,0,0,2026/09/22
オリックス・バファローズ,山岡 泰輔,投手,広島東洋カープ,,0,0,0,0,0,0,0,0,0,0,0,0,0,0,2026/09/22
オリックス・バファローズ,山岡 泰輔,投手,阪神タイガース,,0,0,0,0,0,0,0,0,0,0,0,0,0,0,2026/09/22
オリックス・バファローズ,山岡 泰輔,投手,埼玉西武ライオンズ,,0,0,0,0,0,0,0,0,0,0,0,0,0,0,2026/09/22
オリックス・バファローズ,山岡 泰輔,投手,千葉ロッテマリーンズ,,0,0,0,0,0,0,0,0,0,0,0,0,0,0,2026/09/22
オリックス・バファローズ,山岡 泰輔,投手,中日ドラゴンズ,,0,0,0,0,0,0,0,0,0,0,0,0,0,0,2026/09/22
オリックス・バファローズ,山岡 泰輔,投手,東京ヤクルトスワローズ,,0,0,0,0,0,0,0,0,0,0,0,0,0,0,2026/09/22
オリックス・バファローズ,山岡 泰輔,投手,東北楽天ゴールデンイーグルス,,0,0,0,0,0,0,0,0,0,0,0,0,0,0,2026/09/22
オリックス・バファローズ,山岡 泰輔,投手,読売ジャイアンツ,,0,0,0,0,0,0,0,0,0,0,0,0,0,0,2026/09/22
オリックス・バファローズ,山岡 泰輔,投手,福岡ソフトバンクホークス,,0,0,0,0,0,0,0,0,0,0,0,0,0,0,2026/09/22
オリックス・バファローズ,山岡 泰輔,投手,北海道日本ハムファイターズ,,0,0,0,0,0,0,0,0,0,0,0,0,0,0,2026/09/22
オリックス・バファローズ,阿部 翔太,投手,横浜DeNAベイスターズ,,0,0,0,0,0,0,0,0,0,0,0,0,0,0,2026/09/22
オリックス・バファローズ,阿部 翔太,投手,広島東洋カープ,,0,0,0,0,0,0,0,0,0,0,0,0,0,0,2026/09/22
オリックス・バファローズ,阿部 翔太,投手,阪神タイガース,,0,0,0,0,0,0,0,0,0,0,0,0,0,0,2026/09/22
オリックス・バファローズ,阿部 翔太,投手,埼玉西武ライオンズ,,0,0,0,0,0,0,0,0,0,0,0,0,0,0,2026/09/22
オリックス・バファローズ,阿部 翔太,投手,千葉ロッテマリーンズ,,0,0,0,0,0,0,0,0,0,0,0,0,0,0,2026/09/22
オリックス・バファローズ,阿部 翔太,投手,中日ドラゴンズ,,0,0,0,0,0,0,0,0,0,0,0,0,0,0,2026/09/22
オリックス・バファローズ,阿部 翔太,投手,東京ヤクルトスワローズ,,0,0,0,0,0,0,0,0,0,0,0,0,0,0,2026/09/22
オリックス・バファローズ,阿部 翔太,投手,東北楽天ゴールデンイーグルス,,0,0,0,0,0,0,0,0,0,0,0,0,0,0,2026/09/22
オリックス・バファローズ,阿部 翔太,投手,読売ジャイアンツ,,0,0,0,0,0,0,0,0,0,0,0,0,0,0,2026/09/22
オリックス・バファローズ,阿部 翔太,投手,福岡ソフトバンクホークス,,0,0,0,0,0,0,0,0,0,0,0,0,0,0,2026/09/22
オリックス・バファローズ,阿部 翔太,投手,北海道日本ハムファイターズ,,0,0,0,0,0,0,0,0,0,0,0,0,0,0,2026/09/22
オリックス・バファローズ,山﨑 颯一郎,投手,横浜DeNAベイスターズ,,0,0,0,0,0,0,0,0,0,0,0,0,0,0,2026/09/22
オリックス・バファローズ,山﨑 颯一郎,投手,広島東洋カープ,,0,0,0,0,0,0,0,0,0,0,0,0,0,0,2026/09/22
オリックス・バファローズ,山﨑 颯一郎,投手,阪神タイガース,,0,0,0,0,0,0,0,0,0,0,0,0,0,0,2026/09/22
オリックス・バファローズ,山﨑 颯一郎,投手,埼玉西武ライオンズ,,0,0,0,0,0,0,0,0,0,0,0,0,0,0,2026/09/22
オリックス・バファローズ,山﨑 颯一郎,投手,千葉ロッテマリーンズ,,0,0,0,0,0,0,0,0,0,0,0,0,0,0,2026/09/22
オリックス・バファローズ,山﨑 颯一郎,投手,中日ドラゴンズ,,0,0,0,0,0,0,0,0,0,0,0,0,0,0,2026/09/22
オリックス・バファローズ,山﨑 颯一郎,投手,東京ヤクルトスワローズ,,0,0,0,0,0,0,0,0,0,0,0,0,0,0,2026/09/22
オリックス・バファローズ,山﨑 颯一郎,投手,東北楽天ゴールデンイーグルス,,0,0,0,0,0,0,0,0,0,0,0,0,0,0,2026/09/22
オリックス・バファローズ,山﨑 颯一郎,投手,読売ジャイアンツ,,0,0,0,0,0,0,0,0,0,0,0,0,0,0,2026/09/22
オリックス・バファローズ,山﨑 颯一郎,投手,福岡ソフトバンクホークス,,0,0,0,0,0,0,0,0,0,0,0,0,0,0,2026/09/22
オリックス・バファローズ,山﨑 颯一郎,投手,北海道日本ハムファイターズ,,0,0,0,0,0,0,0,0,0,0,0,0,0,0,2026/09/22
オリックス・バファローズ,九里 亜蓮,投手,横浜DeNAベイスターズ,0.000,5,4,0,0,0,0,0,0,3,0,1,0,0,1,2026/09/22
オリックス・バファローズ,九里 亜蓮,投手,広島東洋カープ,,0,0,0,0,0,0,0,0,0,0,0,0,0,0,2026/09/22
オリックス・バファローズ,九里 亜蓮,投手,阪神タイガース,,0,0,0,0,0,0,0,0,0,0,0,0,0,0,2026/09/22
オリックス・バファローズ,九里 亜蓮,投手,埼玉西武ライオンズ,,0,0,0,0,0,0,0,0,0,0,0,0,0,0,2026/09/22
オリックス・バファローズ,九里 亜蓮,投手,千葉ロッテマリーンズ,,0,0,0,0,0,0,0,0,0,0,0,0,0,0,2026/09/22
オリックス・バファローズ,九里 亜蓮,投手,中日ドラゴンズ,,0,0,0,0,0,0,0,0,0,0,0,0,0,0,2026/09/22
オリックス・バファローズ,九里 亜蓮,投手,東京ヤクルトスワローズ,,0,0,0,0,0,0,0,0,0,0,0,0,0,0,2026/09/22
オリックス・バファローズ,九里 亜蓮,投手,東北楽天ゴールデンイーグルス,,0,0,0,0,0,0,0,0,0,0,0,0,0,0,2026/09/22
オリックス・バファローズ,九里 亜蓮,投手,読売ジャイアンツ,0.000,2,2,0,0,0,0,0,0,1,0,0,0,0,1,2026/09/22
オリックス・バファローズ,九里 亜蓮,投手,福岡ソフトバンクホークス,,0,0,0,0,0,0,0,0,0,0,0,0,0,0,2026/09/22
オリックス・バファローズ,九里 亜蓮,投手,北海道日本ハムファイターズ,,0,0,0,0,0,0,0,0,0,0,0,0,0,0,2026/09/22
オリックス・バファローズ,吉田 輝星,投手,横浜DeNAベイスターズ,,0,0,0,0,0,0,0,0,0,0,0,0,0,0,2026/09/22
オリックス・バファローズ,吉田 輝星,投手,広島東洋カープ,,0,0,0,0,0,0,0,0,0,0,0,0,0,0,2026/09/22
オリックス・バファローズ,吉田 輝星,投手,阪神タイガース,,0,0,0,0,0,0,0,0,0,0,0,0,0,0,2026/09/22
オリックス・バファローズ,吉田 輝星,投手,埼玉西武ライオンズ,,0,0,0,0,0,0,0,0,0,0,0,0,0,0,2026/09/22
オリックス・バファローズ,吉田 輝星,投手,千葉ロッテマリーンズ,,0,0,0,0,0,0,0,0,0,0,0,0,0,0,2026/09/22
オリックス・バファローズ,吉田 輝星,投手,中日ドラゴンズ,,0,0,0,0,0,0,0,0,0,0,0,0,0,0,2026/09/22
オリックス・バファローズ,吉田 輝星,投手,東京ヤクルトスワローズ,,0,0,0,0,0,0,0,0,0,0,0,0,0,0,2026/09/22
オリックス・バファローズ,吉田 輝星,投手,東北楽天ゴールデンイーグルス,,0,0,0,0,0,0,0,0,0,0,0,0,0,0,2026/09/22
オリックス・バファローズ,吉田 輝星,投手,読売ジャイアンツ,,0,0,0,0,0,0,0,0,0,0,0,0,0,0,2026/09/22
オリックス・バファローズ,吉田 輝星,投手,福岡ソフトバンクホークス,,0,0,0,0,0,0,0,0,0,0,0,0,0,0,2026/09/22
オリックス・バファローズ,吉田 輝星,投手,北海道日本ハムファイターズ,,0,0,0,0,0,0,0,0,0,0,0,0,0,0,2026/09/22
オリックス・バファローズ,齋藤 響介,投手,横浜DeNAベイスターズ,,0,0,0,0,0,0,0,0,0,0,0,0,0,0,2026/09/22
オリックス・バファローズ,齋藤 響介,投手,広島東洋カープ,,0,0,0,0,0,0,0,0,0,0,0,0,0,0,2026/09/22
オリックス・バファローズ,齋藤 響介,投手,阪神タイガース,,0,0,0,0,0,0,0,0,0,0,0,0,0,0,2026/09/22
オリックス・バファローズ,齋藤 響介,投手,埼玉西武ライオンズ,,0,0,0,0,0,0,0,0,0,0,0,0,0,0,2026/09/22
オリックス・バファローズ,齋藤 響介,投手,千葉ロッテマリーンズ,,0,0,0,0,0,0,0,0,0,0,0,0,0,0,2026/09/22
オリックス・バファローズ,齋藤 響介,投手,中日ドラゴンズ,,0,0,0,0,0,0,0,0,0,0,0,0,0,0,2026/09/22
オリックス・バファローズ,齋藤 響介,投手,東京ヤクルトスワローズ,,0,0,0,0,0,0,0,0,0,0,0,0,0,0,2026/09/22
オリックス・バファローズ,齋藤 響介,投手,東北楽天ゴールデンイーグルス,,0,0,0,0,0,0,0,0,0,0,0,0,0,0,2026/09/22
オリックス・バファローズ,齋藤 響介,投手,読売ジャイアンツ,,0,0,0,0,0,0,0,0,0,0,0,0,0,0,2026/09/22
オリックス・バファローズ,齋藤 響介,投手,福岡ソフトバンクホークス,,0,0,0,0,0,0,0,0,0,0,0,0,0,0,2026/09/22
オリックス・バファローズ,齋藤 響介,投手,北海道日本ハムファイターズ,,0,0,0,0,0,0,0,0,0,0,0,0,0,0,2026/09/22
オリックス・バファローズ,富山 凌雅,投手,横浜DeNAベイスターズ,,0,0,0,0,0,0,0,0,0,0,0,0,0,0,2026/09/22
オリックス・バファローズ,富山 凌雅,投手,広島東洋カープ,,0,0,0,0,0,0,0,0,0,0,0,0,0,0,2026/09/22
オリックス・バファローズ,富山 凌雅,投手,阪神タイガース,,0,0,0,0,0,0,0,0,0,0,0,0,0,0,2026/09/22
オリックス・バファローズ,富山 凌雅,投手,埼玉西武ライオンズ,,0,0,0,0,0,0,0,0,0,0,0,0,0,0,2026/09/22
オリックス・バファローズ,富山 凌雅,投手,千葉ロッテマリーンズ,,0,0,0,0,0,0,0,0,0,0,0,0,0,0,2026/09/22
オリックス・バファローズ,富山 凌雅,投手,中日ドラゴンズ,,0,0,0,0,0,0,0,0,0,0,0,0,0,0,2026/09/22
オリックス・バファローズ,富山 凌雅,投手,東京ヤクルトスワローズ,,0,0,0,0,0,0,0,0,0,0,0,0,0,0,2026/09/22
オリックス・バファローズ,富山 凌雅,投手,東北楽天ゴールデンイーグルス,,0,0,0,0,0,0,0,0,0,0,0,0,0,0,2026/09/22
オリックス・バファローズ,富山 凌雅,投手,読売ジャイアンツ,,0,0,0,0,0,0,0,0,0,0,0,0,0,0,2026/09/22
オリックス・バファローズ,富山 凌雅,投手,福岡ソフトバンクホークス,,0,0,0,0,0,0,0,0,0,0,0,0,0,0,2026/09/22
オリックス・バファローズ,富山 凌雅,投手,北海道日本ハムファイターズ,,0,0,0,0,0,0,0,0,0,0,0,0,0,0,2026/09/22
オリックス・バファローズ,田嶋 大樹,投手,横浜DeNAベイスターズ,,0,0,0,0,0,0,0,0,0,0,0,0,0,0,2026/09/22
オリックス・バファローズ,田嶋 大樹,投手,広島東洋カープ,1.000,1,1,1,1,0,0,0,0,0,0,0,0,0,1,2026/09/22
オリックス・バファローズ,田嶋 大樹,投手,阪神タイガース,,0,0,0,0,0,0,0,0,0,0,0,0,0,0,2026/09/22
オリックス・バファローズ,田嶋 大樹,投手,埼玉西武ライオンズ,,0,0,0,0,0,0,0,0,0,0,0,0,0,0,2026/09/22
オリックス・バファローズ,田嶋 大樹,投手,千葉ロッテマリーンズ,,0,0,0,0,0,0,0,0,0,0,0,0,0,0,2026/09/22
オリックス・バファローズ,田嶋 大樹,投手,中日ドラゴンズ,,0,0,0,0,0,0,0,0,0,0,0,0,0,0,2026/09/22
オリックス・バファローズ,田嶋 大樹,投手,東京ヤクルトスワローズ,,0,0,0,0,0,0,0,0,0,0,0,0,0,0,2026/09/22
オリックス・バファローズ,田嶋 大樹,投手,東北楽天ゴールデンイーグルス,,0,0,0,0,0,0,0,0,0,0,0,0,0,0,2026/09/22
オリックス・バファローズ,田嶋 大樹,投手,読売ジャイアンツ,,0,0,0,0,0,0,0,0,0,0,0,0,0,0,2026/09/22
オリックス・バファローズ,田嶋 大樹,投手,福岡ソフトバンクホークス,,0,0,0,0,0,0,0,0,0,0,0,0,0,0,2026/09/22
オリックス・バファローズ,田嶋 大樹,投手,北海道日本ハムファイターズ,,0,0,0,0,0,0,0,0,0,0,0,0,0,0,2026/09/22
オリックス・バファローズ,藤川 敦也,投手,横浜DeNAベイスターズ,,0,0,0,0,0,0,0,0,0,0,0,0,0,0,2026/09/22
オリックス・バファローズ,藤川 敦也,投手,広島東洋カープ,,0,0,0,0,0,0,0,0,0,0,0,0,0,0,2026/09/22
オリックス・バファローズ,藤川 敦也,投手,阪神タイガース,,0,0,0,0,0,0,0,0,0,0,0,0,0,0,2026/09/22
オリックス・バファローズ,藤川 敦也,投手,埼玉西武ライオンズ,,0,0,0,0,0,0,0,0,0,0,0,0,0,0,2026/09/22
オリックス・バファローズ,藤川 敦也,投手,千葉ロッテマリーンズ,,0,0,0,0,0,0,0,0,0,0,0,0,0,0,2026/09/22
オリックス・バファローズ,藤川 敦也,投手,中日ドラゴンズ,,0,0,0,0,0,0,0,0,0,0,0,0,0,0,2026/09/22
オリックス・バファローズ,藤川 敦也,投手,東京ヤクルトスワローズ,,0,0,0,0,0,0,0,0,0,0,0,0,0,0,2026/09/22
オリックス・バファローズ,藤川 敦也,投手,東北楽天ゴールデンイーグルス,,0,0,0,0,0,0,0,0,0,0,0,0,0,0,2026/09/22
オリックス・バファローズ,藤川 敦也,投手,読売ジャイアンツ,,0,0,0,0,0,0,0,0,0,0,0,0,0,0,2026/09/22
オリックス・バファローズ,藤川 敦也,投手,福岡ソフトバンクホークス,,0,0,0,0,0,0,0,0,0,0,0,0,0,0,2026/09/22
オリックス・バファローズ,藤川 敦也,投手,北海道日本ハムファイターズ,,0,0,0,0,0,0,0,0,0,0,0,0,0,0,2026/09/22
オリックス・バファローズ,古田島 成龍,投手,横浜DeNAベイスターズ,,0,0,0,0,0,0,0,0,0,0,0,0,0,0,2026/09/22
オリックス・バファローズ,古田島 成龍,投手,広島東洋カープ,,0,0,0,0,0,0,0,0,0,0,0,0,0,0,2026/09/22
オリックス・バファローズ,古田島 成龍,投手,阪神タイガース,,0,0,0,0,0,0,0,0,0,0,0,0,0,0,2026/09/22
オリックス・バファローズ,古田島 成龍,投手,埼玉西武ライオンズ,,0,0,0,0,0,0,0,0,0,0,0,0,0,0,2026/09/22
オリックス・バファローズ,古田島 成龍,投手,千葉ロッテマリーンズ,,0,0,0,0,0,0,0,0,0,0,0,0,0,0,2026/09/22
オリックス・バファローズ,古田島 成龍,投手,中日ドラゴンズ,,0,0,0,0,0,0,0,0,0,0,0,0,0,0,2026/09/22
オリックス・バファローズ,古田島 成龍,投手,東京ヤクルトスワローズ,,0,0,0,0,0,0,0,0,0,0,0,0,0,0,2026/09/22
オリックス・バファローズ,古田島 成龍,投手,東北楽天ゴールデンイーグルス,,0,0,0,0,0,0,0,0,0,0,0,0,0,0,2026/09/22
オリックス・バファローズ,古田島 成龍,投手,読売ジャイアンツ,,0,0,0,0,0,0,0,0,0,0,0,0,0,0,2026/09/22
オリックス・バファローズ,古田島 成龍,投手,福岡ソフトバンクホークス,,0,0,0,0,0,0,0,0,0,0,0,0,0,0,2026/09/22
オリックス・バファローズ,古田島 成龍,投手,北海道日本ハムファイターズ,,0,0,0,0,0,0,0,0,0,0,0,0,0,0,2026/09/22
オリックス・バファローズ,森 陽樹,投手,横浜DeNAベイスターズ,,0,0,0,0,0,0,0,0,0,0,0,0,0,0,2026/09/22
オリックス・バファローズ,森 陽樹,投手,広島東洋カープ,,0,0,0,0,0,0,0,0,0,0,0,0,0,0,2026/09/22
オリックス・バファローズ,森 陽樹,投手,阪神タイガース,,0,0,0,0,0,0,0,0,0,0,0,0,0,0,2026/09/22
オリックス・バファローズ,森 陽樹,投手,埼玉西武ライオンズ,,0,0,0,0,0,0,0,0,0,0,0,0,0,0,2026/09/22
オリックス・バファローズ,森 陽樹,投手,千葉ロッテマリーンズ,,0,0,0,0,0,0,0,0,0,0,0,0,0,0,2026/09/22
オリックス・バファローズ,森 陽樹,投手,中日ドラゴンズ,,0,0,0,0,0,0,0,0,0,0,0,0,0,0,2026/09/22
オリックス・バファローズ,森 陽樹,投手,東京ヤクルトスワローズ,,0,0,0,0,0,0,0,0,0,0,0,0,0,0,2026/09/22
オリックス・バファローズ,森 陽樹,投手,東北楽天ゴールデンイーグルス,,0,0,0,0,0,0,0,0,0,0,0,0,0,0,2026/09/22
オリックス・バファローズ,森 陽樹,投手,読売ジャイアンツ,,0,0,0,0,0,0,0,0,0,0,0,0,0,0,2026/09/22
オリックス・バファローズ,森 陽樹,投手,福岡ソフトバンクホークス,,0,0,0,0,0,0,0,0,0,0,0,0,0,0,2026/09/22
オリックス・バファローズ,森 陽樹,投手,北海道日本ハムファイターズ,,0,0,0,0,0,0,0,0,0,0,0,0,0,0,2026/09/22
オリックス・バファローズ,岩嵜 翔,投手,横浜DeNAベイスターズ,,0,0,0,0,0,0,0,0,0,0,0,0,0,0,2026/09/22
オリックス・バファローズ,岩嵜 翔,投手,広島東洋カープ,,0,0,0,0,0,0,0,0,0,0,0,0,0,0,2026/09/22
オリックス・バファローズ,岩嵜 翔,投手,阪神タイガース,,0,0,0,0,0,0,0,0,0,0,0,0,0,0,2026/09/22
オリックス・バファローズ,岩嵜 翔,投手,埼玉西武ライオンズ,,0,0,0,0,0,0,0,0,0,0,0,0,0,0,2026/09/22
オリックス・バファローズ,岩嵜 翔,投手,千葉ロッテマリーンズ,,0,0,0,0,0,0,0,0,0,0,0,0,0,0,2026/09/22
オリックス・バファローズ,岩嵜 翔,投手,中日ドラゴンズ,,0,0,0,0,0,0,0,0,0,0,0,0,0,0,2026/09/22
オリックス・バファローズ,岩嵜 翔,投手,東京ヤクルトスワローズ,,0,0,0,0,0,0,0,0,0,0,0,0,0,0,2026/09/22
オリックス・バファローズ,岩嵜 翔,投手,東北楽天ゴールデンイーグルス,,0,0,0,0,0,0,0,0,0,0,0,0,0,0,2026/09/22
オリックス・バファローズ,岩嵜 翔,投手,読売ジャイアンツ,,0,0,0,0,0,0,0,0,0,0,0,0,0,0,2026/09/22
オリックス・バファローズ,岩嵜 翔,投手,福岡ソフトバンクホークス,,0,0,0,0,0,0,0,0,0,0,0,0,0,0,2026/09/22
オリックス・バファローズ,岩嵜 翔,投手,北海道日本ハムファイターズ,,0,0,0,0,0,0,0,0,0,0,0,0,0,0,2026/09/22
オリックス・バファローズ,佐藤 龍月,投手,横浜DeNAベイスターズ,,0,0,0,0,0,0,0,0,0,0,0,0,0,0,2026/09/22
オリックス・バファローズ,佐藤 龍月,投手,広島東洋カープ,,0,0,0,0,0,0,0,0,0,0,0,0,0,0,2026/09/22
オリックス・バファローズ,佐藤 龍月,投手,阪神タイガース,,0,0,0,0,0,0,0,0,0,0,0,0,0,0,2026/09/22
オリックス・バファローズ,佐藤 龍月,投手,埼玉西武ライオンズ,,0,0,0,0,0,0,0,0,0,0,0,0,0,0,2026/09/22
オリックス・バファローズ,佐藤 龍月,投手,千葉ロッテマリーンズ,,0,0,0,0,0,0,0,0,0,0,0,0,0,0,2026/09/22
オリックス・バファローズ,佐藤 龍月,投手,中日ドラゴンズ,,0,0,0,0,0,0,0,0,0,0,0,0,0,0,2026/09/22
オリックス・バファローズ,佐藤 龍月,投手,東京ヤクルトスワローズ,,0,0,0,0,0,0,0,0,0,0,0,0,0,0,2026/09/22
オリックス・バファローズ,佐藤 龍月,投手,東北楽天ゴールデンイーグルス,,0,0,0,0,0,0,0,0,0,0,0,0,0,0,2026/09/22
オリックス・バファローズ,佐藤 龍月,投手,読売ジャイアンツ,,0,0,0,0,0,0,0,0,0,0,0,0,0,0,2026/09/22
オリックス・バファローズ,佐藤 龍月,投手,福岡ソフトバンクホークス,,0,0,0,0,0,0,0,0,0,0,0,0,0,0,2026/09/22
オリックス・バファローズ,佐藤 龍月,投手,北海道日本ハムファイターズ,,0,0,0,0,0,0,0,0,0,0,0,0,0,0,2026/09/22
オリックス・バファローズ,マチャド,投手,横浜DeNAベイスターズ,,0,0,0,0,0,0,0,0,0,0,0,0,0,0,2026/09/22
オリックス・バファローズ,マチャド,投手,広島東洋カープ,,0,0,0,0,0,0,0,0,0,0,0,0,0,0,2026/09/22
オリックス・バファローズ,マチャド,投手,阪神タイガース,,0,0,0,0,0,0,0,0,0,0,0,0,0,0,2026/09/22
オリックス・バファローズ,マチャド,投手,埼玉西武ライオンズ,,0,0,0,0,0,0,0,0,0,0,0,0,0,0,2026/09/22
オリックス・バファローズ,マチャド,投手,千葉ロッテマリーンズ,,0,0,0,0,0,0,0,0,0,0,0,0,0,0,2026/09/22
オリックス・バファローズ,マチャド,投手,中日ドラゴンズ,,0,0,0,0,0,0,0,0,0,0,0,0,0,0,2026/09/22
オリックス・バファローズ,マチャド,投手,東京ヤクルトスワローズ,,0,0,0,0,0,0,0,0,0,0,0,0,0,0,2026/09/22
オリックス・バファローズ,マチャド,投手,東北楽天ゴールデンイーグルス,,0,0,0,0,0,0,0,0,0,0,0,0,0,0,2026/09/22
オリックス・バファローズ,マチャド,投手,読売ジャイアンツ,,0,0,0,0,0,0,0,0,0,0,0,0,0,0,2026/09/22
オリックス・バファローズ,マチャド,投手,福岡ソフトバンクホークス,,0,0,0,0,0,0,0,0,0,0,0,0,0,0,2026/09/22
オリックス・バファローズ,マチャド,投手,北海道日本ハムファイターズ,,0,0,0,0,0,0,0,0,0,0,0,0,0,0,2026/09/22
オリックス・バファローズ,髙谷 舟,投手,横浜DeNAベイスターズ,,0,0,0,0,0,0,0,0,0,0,0,0,0,0,2026/09/22
オリックス・バファローズ,髙谷 舟,投手,広島東洋カープ,,0,0,0,0,0,0,0,0,0,0,0,0,0,0,2026/09/22
オリックス・バファローズ,髙谷 舟,投手,阪神タイガース,,0,0,0,0,0,0,0,0,0,0,0,0,0,0,2026/09/22
オリックス・バファローズ,髙谷 舟,投手,埼玉西武ライオンズ,,0,0,0,0,0,0,0,0,0,0,0,0,0,0,2026/09/22
オリックス・バファローズ,髙谷 舟,投手,千葉ロッテマリーンズ,,0,0,0,0,0,0,0,0,0,0,0,0,0,0,2026/09/22
オリックス・バファローズ,髙谷 舟,投手,中日ドラゴンズ,,0,0,0,0,0,0,0,0,0,0,0,0,0,0,2026/09/22
オリックス・バファローズ,髙谷 舟,投手,東京ヤクルトスワローズ,,0,0,0,0,0,0,0,0,0,0,0,0,0,0,2026/09/22
オリックス・バファローズ,髙谷 舟,投手,東北楽天ゴールデンイーグルス,,0,0,0,0,0,0,0,0,0,0,0,0,0,0,2026/09/22
オリックス・バファローズ,髙谷 舟,投手,読売ジャイアンツ,,0,0,0,0,0,0,0,0,0,0,0,0,0,0,2026/09/22
オリックス・バファローズ,髙谷 舟,投手,福岡ソフトバンクホークス,,0,0,0,0,0,0,0,0,0,0,0,0,0,0,2026/09/22
オリックス・バファローズ,髙谷 舟,投手,北海道日本ハムファイターズ,,0,0,0,0,0,0,0,0,0,0,0,0,0,0,2026/09/22
オリックス・バファローズ,本田 仁海,投手,横浜DeNAベイスターズ,,0,0,0,0,0,0,0,0,0,0,0,0,0,0,2026/09/22
オリックス・バファローズ,本田 仁海,投手,広島東洋カープ,,0,0,0,0,0,0,0,0,0,0,0,0,0,0,2026/09/22
オリックス・バファローズ,本田 仁海,投手,阪神タイガース,,0,0,0,0,0,0,0,0,0,0,0,0,0,0,2026/09/22
オリックス・バファローズ,本田 仁海,投手,埼玉西武ライオンズ,,0,0,0,0,0,0,0,0,0,0,0,0,0,0,2026/09/22
オリックス・バファローズ,本田 仁海,投手,千葉ロッテマリーンズ,,0,0,0,0,0,0,0,0,0,0,0,0,0,0,2026/09/22
オリックス・バファローズ,本田 仁海,投手,中日ドラゴンズ,,0,0,0,0,0,0,0,0,0,0,0,0,0,0,2026/09/22
オリックス・バファローズ,本田 仁海,投手,東京ヤクルトスワローズ,,0,0,0,0,0,0,0,0,0,0,0,0,0,0,2026/09/22
オリックス・バファローズ,本田 仁海,投手,東北楽天ゴールデンイーグルス,,0,0,0,0,0,0,0,0,0,0,0,0,0,0,2026/09/22
オリックス・バファローズ,本田 仁海,投手,読売ジャイアンツ,,0,0,0,0,0,0,0,0,0,0,0,0,0,0,2026/09/22
オリックス・バファローズ,本田 仁海,投手,福岡ソフトバンクホークス,,0,0,0,0,0,0,0,0,0,0,0,0,0,0,2026/09/22
オリックス・バファローズ,本田 仁海,投手,北海道日本ハムファイターズ,,0,0,0,0,0,0,0,0,0,0,0,0,0,0,2026/09/22
オリックス・バファローズ,山口 廉王,投手,横浜DeNAベイスターズ,,0,0,0,0,0,0,0,0,0,0,0,0,0,0,2026/09/22
オリックス・バファローズ,山口 廉王,投手,広島東洋カープ,,0,0,0,0,0,0,0,0,0,0,0,0,0,0,2026/09/22
オリックス・バファローズ,山口 廉王,投手,阪神タイガース,,0,0,0,0,0,0,0,0,0,0,0,0,0,0,2026/09/22
オリックス・バファローズ,山口 廉王,投手,埼玉西武ライオンズ,,0,0,0,0,0,0,0,0,0,0,0,0,0,0,2026/09/22
オリックス・バファローズ,山口 廉王,投手,千葉ロッテマリーンズ,,0,0,0,0,0,0,0,0,0,0,0,0,0,0,2026/09/22
オリックス・バファローズ,山口 廉王,投手,中日ドラゴンズ,,0,0,0,0,0,0,0,0,0,0,0,0,0,0,2026/09/22
オリックス・バファローズ,山口 廉王,投手,東京ヤクルトスワローズ,,0,0,0,0,0,0,0,0,0,0,0,0,0,0,2026/09/22
オリックス・バファローズ,山口 廉王,投手,東北楽天ゴールデンイーグルス,,0,0,0,0,0,0,0,0,0,0,0,0,0,0,2026/09/22
オリックス・バファローズ,山口 廉王,投手,読売ジャイアンツ,,0,0,0,0,0,0,0,0,0,0,0,0,0,0,2026/09/22
オリックス・バファローズ,山口 廉王,投手,福岡ソフトバンクホークス,,0,0,0,0,0,0,0,0,0,0,0,0,0,0,2026/09/22
オリックス・バファローズ,山口 廉王,投手,北海道日本ハムファイターズ,,0,0,0,0,0,0,0,0,0,0,0,0,0,0,2026/09/22
オリックス・バファローズ,東松 快征,投手,横浜DeNAベイスターズ,,0,0,0,0,0,0,0,0,0,0,0,0,0,0,2026/09/22
オリックス・バファローズ,東松 快征,投手,広島東洋カープ,,0,0,0,0,0,0,0,0,0,0,0,0,0,0,2026/09/22
オリックス・バファローズ,東松 快征,投手,阪神タイガース,,0,0,0,0,0,0,0,0,0,0,0,0,0,0,2026/09/22
オリックス・バファローズ,東松 快征,投手,埼玉西武ライオンズ,,0,0,0,0,0,0,0,0,0,0,0,0,0,0,2026/09/22
オリックス・バファローズ,東松 快征,投手,千葉ロッテマリーンズ,,0,0,0,0,0,0,0,0,0,0,0,0,0,0,2026/09/22
オリックス・バファローズ,東松 快征,投手,中日ドラゴンズ,,0,0,0,0,0,0,0,0,0,0,0,0,0,0,2026/09/22
オリックス・バファローズ,東松 快征,投手,東京ヤクルトスワローズ,,0,0,0,0,0,0,0,0,0,0,0,0,0,0,2026/09/22
オリックス・バファローズ,東松 快征,投手,東北楽天ゴールデンイーグルス,,0,0,0,0,0,0,0,0,0,0,0,0,0,0,2026/09/22
オリックス・バファローズ,東松 快征,投手,読売ジャイアンツ,,0,0,0,0,0,0,0,0,0,0,0,0,0,0,2026/09/22
オリックス・バファローズ,東松 快征,投手,福岡ソフトバンクホークス,,0,0,0,0,0,0,0,0,0,0,0,0,0,0,2026/09/22
オリックス・バファローズ,東松 快征,投手,北海道日本ハムファイターズ,,0,0,0,0,0,0,0,0,0,0,0,0,0,0,2026/09/22
オリックス・バファローズ,片山 楽生,投手,横浜DeNAベイスターズ,,0,0,0,0,0,0,0,0,0,0,0,0,0,0,2026/09/22
オリックス・バファローズ,片山 楽生,投手,広島東洋カープ,0.000,1,1,0,0,0,0,0,0,1,0,0,0,0,1,2026/09/22
オリックス・バファローズ,片山 楽生,投手,阪神タイガース,,0,0,0,0,0,0,0,0,0,0,0,0,0,0,2026/09/22
オリックス・バファローズ,片山 楽生,投手,埼玉西武ライオンズ,,0,0,0,0,0,0,0,0,0,0,0,0,0,0,2026/09/22
オリックス・バファローズ,片山 楽生,投手,千葉ロッテマリーンズ,,0,0,0,0,0,0,0,0,0,0,0,0,0,0,2026/09/22
オリックス・バファローズ,片山 楽生,投手,中日ドラゴンズ,,0,0,0,0,0,0,0,0,0,0,0,0,0,0,2026/09/22
オリックス・バファローズ,片山 楽生,投手,東京ヤクルトスワローズ,,0,0,0,0,0,0,0,0,0,0,0,0,0,0,2026/09/22
オリックス・バファローズ,片山 楽生,投手,東北楽天ゴールデンイーグルス,,0,0,0,0,0,0,0,0,0,0,0,0,0,0,2026/09/22
オリックス・バファローズ,片山 楽生,投手,読売ジャイアンツ,,0,0,0,0,0,0,0,0,0,0,0,0,0,0,2026/09/22
オリックス・バファローズ,片山 楽生,投手,福岡ソフトバンクホークス,,0,0,0,0,0,0,0,0,0,0,0,0,0,0,2026/09/22
オリックス・バファローズ,片山 楽生,投手,北海道日本ハムファイターズ,,0,0,0,0,0,0,0,0,0,0,0,0,0,0,2026/09/22
オリックス・バファローズ,横山 楓,投手,横浜DeNAベイスターズ,,0,0,0,0,0,0,0,0,0,0,0,0,0,0,2026/09/22
オリックス・バファローズ,横山 楓,投手,広島東洋カープ,,0,0,0,0,0,0,0,0,0,0,0,0,0,0,2026/09/22
オリックス・バファローズ,横山 楓,投手,阪神タイガース,,0,0,0,0,0,0,0,0,0,0,0,0,0,0,2026/09/22
オリックス・バファローズ,横山 楓,投手,埼玉西武ライオンズ,,0,0,0,0,0,0,0,0,0,0,0,0,0,0,2026/09/22
オリックス・バファローズ,横山 楓,投手,千葉ロッテマリーンズ,,0,0,0,0,0,0,0,0,0,0,0,0,0,0,2026/09/22
オリックス・バファローズ,横山 楓,投手,中日ドラゴンズ,,0,0,0,0,0,0,0,0,0,0,0,0,0,0,2026/09/22
オリックス・バファローズ,横山 楓,投手,東京ヤクルトスワローズ,,0,0,0,0,0,0,0,0,0,0,0,0,0,0,2026/09/22
オリックス・バファローズ,横山 楓,投手,東北楽天ゴールデンイーグルス,,0,0,0,0,0,0,0,0,0,0,0,0,0,0,2026/09/22
オリックス・バファローズ,横山 楓,投手,読売ジャイアンツ,,0,0,0,0,0,0,0,0,0,0,0,0,0,0,2026/09/22
オリックス・バファローズ,横山 楓,投手,福岡ソフトバンクホークス,,0,0,0,0,0,0,0,0,0,0,0,0,0,0,2026/09/22
オリックス・バファローズ,横山 楓,投手,北海道日本ハムファイターズ,,0,0,0,0,0,0,0,0,0,0,0,0,0,0,2026/09/22
オリックス・バファローズ,東山 玲士,投手,横浜DeNAベイスターズ,,0,0,0,0,0,0,0,0,0,0,0,0,0,0,2026/09/22
オリックス・バファローズ,東山 玲士,投手,広島東洋カープ,,0,0,0,0,0,0,0,0,0,0,0,0,0,0,2026/09/22
オリックス・バファローズ,東山 玲士,投手,阪神タイガース,,0,0,0,0,0,0,0,0,0,0,0,0,0,0,2026/09/22
オリックス・バファローズ,東山 玲士,投手,埼玉西武ライオンズ,,0,0,0,0,0,0,0,0,0,0,0,0,0,0,2026/09/22
オリックス・バファローズ,東山 玲士,投手,千葉ロッテマリーンズ,,0,0,0,0,0,0,0,0,0,0,0,0,0,0,2026/09/22
オリックス・バファローズ,東山 玲士,投手,中日ドラゴンズ,,0,0,0,0,0,0,0,0,0,0,0,0,0,0,2026/09/22
オリックス・バファローズ,東山 玲士,投手,東京ヤクルトスワローズ,,0,0,0,0,0,0,0,0,0,0,0,0,0,0,2026/09/22
オリックス・バファローズ,東山 玲士,投手,東北楽天ゴールデンイーグルス,,0,0,0,0,0,0,0,0,0,0,0,0,0,0,2026/09/22
オリックス・バファローズ,東山 玲士,投手,読売ジャイアンツ,,0,0,0,0,0,0,0,0,0,0,0,0,0,0,2026/09/22
オリックス・バファローズ,東山 玲士,投手,福岡ソフトバンクホークス,,0,0,0,0,0,0,0,0,0,0,0,0,0,0,2026/09/22
オリックス・バファローズ,東山 玲士,投手,北海道日本ハムファイターズ,,0,0,0,0,0,0,0,0,0,0,0,0,0,0,2026/09/22
オリックス・バファローズ,山田 修義,投手,横浜DeNAベイスターズ,,0,0,0,0,0,0,0,0,0,0,0,0,0,0,2026/09/22
オリックス・バファローズ,山田 修義,投手,広島東洋カープ,,0,0,0,0,0,0,0,0,0,0,0,0,0,0,2026/09/22
オリックス・バファローズ,山田 修義,投手,阪神タイガース,,0,0,0,0,0,0,0,0,0,0,0,0,0,0,2026/09/22
オリックス・バファローズ,山田 修義,投手,埼玉西武ライオンズ,,0,0,0,0,0,0,0,0,0,0,0,0,0,0,2026/09/22
オリックス・バファローズ,山田 修義,投手,千葉ロッテマリーンズ,,0,0,0,0,0,0,0,0,0,0,0,0,0,0,2026/09/22
オリックス・バファローズ,山田 修義,投手,中日ドラゴンズ,,0,0,0,0,0,0,0,0,0,0,0,0,0,0,2026/09/22
オリックス・バファローズ,山田 修義,投手,東京ヤクルトスワローズ,,0,0,0,0,0,0,0,0,0,0,0,0,0,0,2026/09/22
オリックス・バファローズ,山田 修義,投手,東北楽天ゴールデンイーグルス,,0,0,0,0,0,0,0,0,0,0,0,0,0,0,2026/09/22
オリックス・バファローズ,山田 修義,投手,読売ジャイアンツ,,0,0,0,0,0,0,0,0,0,0,0,0,0,0,2026/09/22
オリックス・バファローズ,山田 修義,投手,福岡ソフトバンクホークス,,0,0,0,0,0,0,0,0,0,0,0,0,0,0,2026/09/22
オリックス・バファローズ,山田 修義,投手,北海道日本ハムファイターズ,,0,0,0,0,0,0,0,0,0,0,0,0,0,0,2026/09/22
オリックス・バファローズ,ペルドモ,投手,横浜DeNAベイスターズ,,0,0,0,0,0,0,0,0,0,0,0,0,0,0,2026/09/22
オリックス・バファローズ,ペルドモ,投手,広島東洋カープ,,0,0,0,0,0,0,0,0,0,0,0,0,0,0,2026/09/22
オリックス・バファローズ,ペルドモ,投手,阪神タイガース,,0,0,0,0,0,0,0,0,0,0,0,0,0,0,2026/09/22
オリックス・バファローズ,ペルドモ,投手,埼玉西武ライオンズ,,0,0,0,0,0,0,0,0,0,0,0,0,0,0,2026/09/22
オリックス・バファローズ,ペルドモ,投手,千葉ロッテマリーンズ,,0,0,0,0,0,0,0,0,0,0,0,0,0,0,2026/09/22
オリックス・バファローズ,ペルドモ,投手,中日ドラゴンズ,,0,0,0,0,0,0,0,0,0,0,0,0,0,0,2026/09/22
オリックス・バファローズ,ペルドモ,投手,東京ヤクルトスワローズ,,0,0,0,0,0,0,0,0,0,0,0,0,0,0,2026/09/22
オリックス・バファローズ,ペルドモ,投手,東北楽天ゴールデンイーグルス,,0,0,0,0,0,0,0,0,0,0,0,0,0,0,2026/09/22
オリックス・バファローズ,ペルドモ,投手,読売ジャイアンツ,,0,0,0,0,0,0,0,0,0,0,0,0,0,0,2026/09/22
オリックス・バファローズ,ペルドモ,投手,福岡ソフトバンクホークス,,0,0,0,0,0,0,0,0,0,0,0,0,0,0,2026/09/22
オリックス・バファローズ,ペルドモ,投手,北海道日本ハムファイターズ,,0,0,0,0,0,0,0,0,0,0,0,0,0,0,2026/09/22
オリックス・バファローズ,宮國 凌空,投手,横浜DeNAベイスターズ,,0,0,0,0,0,0,0,0,0,0,0,0,0,0,2026/09/22
オリックス・バファローズ,宮國 凌空,投手,広島東洋カープ,,0,0,0,0,0,0,0,0,0,0,0,0,0,0,2026/09/22
オリックス・バファローズ,宮國 凌空,投手,阪神タイガース,,0,0,0,0,0,0,0,0,0,0,0,0,0,0,2026/09/22
オリックス・バファローズ,宮國 凌空,投手,埼玉西武ライオンズ,,0,0,0,0,0,0,0,0,0,0,0,0,0,0,2026/09/22
オリックス・バファローズ,宮國 凌空,投手,千葉ロッテマリーンズ,,0,0,0,0,0,0,0,0,0,0,0,0,0,0,2026/09/22
オリックス・バファローズ,宮國 凌空,投手,中日ドラゴンズ,,0,0,0,0,0,0,0,0,0,0,0,0,0,0,2026/09/22
オリックス・バファローズ,宮國 凌空,投手,東京ヤクルトスワローズ,,0,0,0,0,0,0,0,0,0,0,0,0,0,0,2026/09/22
オリックス・バファローズ,宮國 凌空,投手,東北楽天ゴールデンイーグルス,,0,0,0,0,0,0,0,0,0,0,0,0,0,0,2026/09/22
オリックス・バファローズ,宮國 凌空,投手,読売ジャイアンツ,,0,0,0,0,0,0,0,0,0,0,0,0,0,0,2026/09/22
オリックス・バファローズ,宮國 凌空,投手,福岡ソフトバンクホークス,,0,0,0,0,0,0,0,0,0,0,0,0,0,0,2026/09/22
オリックス・バファローズ,宮國 凌空,投手,北海道日本ハムファイターズ,,0,0,0,0,0,0,0,0,0,0,0,0,0,0,2026/09/22
オリックス・バファローズ,博志,投手,横浜DeNAベイスターズ,,0,0,0,0,0,0,0,0,0,0,0,0,0,0,2026/09/22
オリックス・バファローズ,博志,投手,広島東洋カープ,,0,0,0,0,0,0,0,0,0,0,0,0,0,0,2026/09/22
オリックス・バファローズ,博志,投手,阪神タイガース,,0,0,0,0,0,0,0,0,0,0,0,0,0,0,2026/09/22
オリックス・バファローズ,博志,投手,埼玉西武ライオンズ,,0,0,0,0,0,0,0,0,0,0,0,0,0,0,2026/09/22
オリックス・バファローズ,博志,投手,千葉ロッテマリーンズ,,0,0,0,0,0,0,0,0,0,0,0,0,0,0,2026/09/22
オリックス・バファローズ,博志,投手,中日ドラゴンズ,,0,0,0,0,0,0,0,0,0,0,0,0,0,0,2026/09/22
オリックス・バファローズ,博志,投手,東京ヤクルトスワローズ,,0,0,0,0,0,0,0,0,0,0,0,0,0,0,2026/09/22
オリックス・バファローズ,博志,投手,東北楽天ゴールデンイーグルス,,0,0,0,0,0,0,0,0,0,0,0,0,0,0,2026/09/22
オリックス・バファローズ,博志,投手,読売ジャイアンツ,,0,0,0,0,0,0,0,0,0,0,0,0,0,0,2026/09/22
オリックス・バファローズ,博志,投手,福岡ソフトバンクホークス,,0,0,0,0,0,0,0,0,0,0,0,0,0,0,2026/09/22
オリックス・バファローズ,博志,投手,北海道日本ハムファイターズ,,0,0,0,0,0,0,0,0,0,0,0,0,0,0,2026/09/22
オリックス・バファローズ,入山 海斗,投手,横浜DeNAベイスターズ,,0,0,0,0,0,0,0,0,0,0,0,0,0,0,2026/09/22
オリックス・バファローズ,入山 海斗,投手,広島東洋カープ,,0,0,0,0,0,0,0,0,0,0,0,0,0,0,2026/09/22
オリックス・バファローズ,入山 海斗,投手,阪神タイガース,,0,0,0,0,0,0,0,0,0,0,0,0,0,0,2026/09/22
オリックス・バファローズ,入山 海斗,投手,埼玉西武ライオンズ,,0,0,0,0,0,0,0,0,0,0,0,0,0,0,2026/09/22
オリックス・バファローズ,入山 海斗,投手,千葉ロッテマリーンズ,,0,0,0,0,0,0,0,0,0,0,0,0,0,0,2026/09/22
オリックス・バファローズ,入山 海斗,投手,中日ドラゴンズ,,0,0,0,0,0,0,0,0,0,0,0,0,0,0,2026/09/22
オリックス・バファローズ,入山 海斗,投手,東京ヤクルトスワローズ,,0,0,0,0,0,0,0,0,0,0,0,0,0,0,2026/09/22
オリックス・バファローズ,入山 海斗,投手,東北楽天ゴールデンイーグルス,,0,0,0,0,0,0,0,0,0,0,0,0,0,0,2026/09/22
オリックス・バファローズ,入山 海斗,投手,読売ジャイアンツ,,0,0,0,0,0,0,0,0,0,0,0,0,0,0,2026/09/22
オリックス・バファローズ,入山 海斗,投手,福岡ソフトバンクホークス,,0,0,0,0,0,0,0,0,0,0,0,0,0,0,2026/09/22
オリックス・バファローズ,入山 海斗,投手,北海道日本ハムファイターズ,,0,0,0,0,0,0,0,0,0,0,0,0,0,0,2026/09/22
オリックス・バファローズ,ジェリー,投手,横浜DeNAベイスターズ,,0,0,0,0,0,0,0,0,0,0,0,0,0,0,2026/09/22
オリックス・バファローズ,ジェリー,投手,広島東洋カープ,0.000,1,1,0,0,0,0,0,0,1,0,0,0,0,1,2026/09/22
オリックス・バファローズ,ジェリー,投手,阪神タイガース,,0,0,0,0,0,0,0,0,0,0,0,0,0,0,2026/09/22
オリックス・バファローズ,ジェリー,投手,埼玉西武ライオンズ,,0,0,0,0,0,0,0,0,0,0,0,0,0,0,2026/09/22
オリックス・バファローズ,ジェリー,投手,千葉ロッテマリーンズ,,0,0,0,0,0,0,0,0,0,0,0,0,0,0,2026/09/22
オリックス・バファローズ,ジェリー,投手,中日ドラゴンズ,,0,0,0,0,0,0,0,0,0,0,0,0,0,0,2026/09/22
オリックス・バファローズ,ジェリー,投手,東京ヤクルトスワローズ,,0,0,0,0,0,0,0,0,0,0,0,0,0,0,2026/09/22
オリックス・バファローズ,ジェリー,投手,東北楽天ゴールデンイーグルス,,0,0,0,0,0,0,0,0,0,0,0,0,0,0,2026/09/22
オリックス・バファローズ,ジェリー,投手,読売ジャイアンツ,,0,0,0,0,0,0,0,0,0,0,0,0,0,0,2026/09/22
オリックス・バファローズ,ジェリー,投手,福岡ソフトバンクホークス,,0,0,0,0,0,0,0,0,0,0,0,0,0,0,2026/09/22
オリックス・バファローズ,ジェリー,投手,北海道日本ハムファイターズ,,0,0,0,0,0,0,0,0,0,0,0,0,0,0,2026/09/22
オリックス・バファローズ,陳 睦衡,投手,横浜DeNAベイスターズ,,0,0,0,0,0,0,0,0,0,0,0,0,0,0,2026/09/22
オリックス・バファローズ,陳 睦衡,投手,広島東洋カープ,,0,0,0,0,0,0,0,0,0,0,0,0,0,0,2026/09/22
オリックス・バファローズ,陳 睦衡,投手,阪神タイガース,,0,0,0,0,0,0,0,0,0,0,0,0,0,0,2026/09/22
オリックス・バファローズ,陳 睦衡,投手,埼玉西武ライオンズ,,0,0,0,0,0,0,0,0,0,0,0,0,0,0,2026/09/22
オリックス・バファローズ,陳 睦衡,投手,千葉ロッテマリーンズ,,0,0,0,0,0,0,0,0,0,0,0,0,0,0,2026/09/22
オリックス・バファローズ,陳 睦衡,投手,中日ドラゴンズ,,0,0,0,0,0,0,0,0,0,0,0,0,0,0,2026/09/22
オリックス・バファローズ,陳 睦衡,投手,東京ヤクルトスワローズ,,0,0,0,0,0,0,0,0,0,0,0,0,0,0,2026/09/22
オリックス・バファローズ,陳 睦衡,投手,東北楽天ゴールデンイーグルス,,0,0,0,0,0,0,0,0,0,0,0,0,0,0,2026/09/22
オリックス・バファローズ,陳 睦衡,投手,読売ジャイアンツ,,0,0,0,0,0,0,0,0,0,0,0,0,0,0,2026/09/22
オリックス・バファローズ,陳 睦衡,投手,福岡ソフトバンクホークス,,0,0,0,0,0,0,0,0,0,0,0,0,0,0,2026/09/22
オリックス・バファローズ,陳 睦衡,投手,北海道日本ハムファイターズ,,0,0,0,0,0,0,0,0,0,0,0,0,0,0,2026/09/22
オリックス・バファローズ,佐藤 一磨,投手,横浜DeNAベイスターズ,,0,0,0,0,0,0,0,0,0,0,0,0,0,0,2026/09/22
オリックス・バファローズ,佐藤 一磨,投手,広島東洋カープ,,0,0,0,0,0,0,0,0,0,0,0,0,0,0,2026/09/22
オリックス・バファローズ,佐藤 一磨,投手,阪神タイガース,,0,0,0,0,0,0,0,0,0,0,0,0,0,0,2026/09/22
オリックス・バファローズ,佐藤 一磨,投手,埼玉西武ライオンズ,,0,0,0,0,0,0,0,0,0,0,0,0,0,0,2026/09/22
オリックス・バファローズ,佐藤 一磨,投手,千葉ロッテマリーンズ,,0,0,0,0,0,0,0,0,0,0,0,0,0,0,2026/09/22
オリックス・バファローズ,佐藤 一磨,投手,中日ドラゴンズ,,0,0,0,0,0,0,0,0,0,0,0,0,0,0,2026/09/22
オリックス・バファローズ,佐藤 一磨,投手,東京ヤクルトスワローズ,,0,0,0,0,0,0,0,0,0,0,0,0,0,0,2026/09/22
オリックス・バファローズ,佐藤 一磨,投手,東北楽天ゴールデンイーグルス,,0,0,0,0,0,0,0,0,0,0,0,0,0,0,2026/09/22
オリックス・バファローズ,佐藤 一磨,投手,読売ジャイアンツ,,0,0,0,0,0,0,0,0,0,0,0,0,0,0,2026/09/22
オリックス・バファローズ,佐藤 一磨,投手,福岡ソフトバンクホークス,,0,0,0,0,0,0,0,0,0,0,0,0,0,0,2026/09/22
オリックス・バファローズ,佐藤 一磨,投手,北海道日本ハムファイターズ,,0,0,0,0,0,0,0,0,0,0,0,0,0,0,2026/09/22
オリックス・バファローズ,川瀬 堅斗,投手,横浜DeNAベイスターズ,,0,0,0,0,0,0,0,0,0,0,0,0,0,0,2026/09/22
オリックス・バファローズ,川瀬 堅斗,投手,広島東洋カープ,,0,0,0,0,0,0,0,0,0,0,0,0,0,0,2026/09/22
オリックス・バファローズ,川瀬 堅斗,投手,阪神タイガース,,0,0,0,0,0,0,0,0,0,0,0,0,0,0,2026/09/22
オリックス・バファローズ,川瀬 堅斗,投手,埼玉西武ライオンズ,,0,0,0,0,0,0,0,0,0,0,0,0,0,0,2026/09/22
オリックス・バファローズ,川瀬 堅斗,投手,千葉ロッテマリーンズ,,0,0,0,0,0,0,0,0,0,0,0,0,0,0,2026/09/22
オリックス・バファローズ,川瀬 堅斗,投手,中日ドラゴンズ,,0,0,0,0,0,0,0,0,0,0,0,0,0,0,2026/09/22
オリックス・バファローズ,川瀬 堅斗,投手,東京ヤクルトスワローズ,,0,0,0,0,0,0,0,0,0,0,0,0,0,0,2026/09/22
オリックス・バファローズ,川瀬 堅斗,投手,東北楽天ゴールデンイーグルス,,0,0,0,0,0,0,0,0,0,0,0,0,0,0,2026/09/22
オリックス・バファローズ,川瀬 堅斗,投手,読売ジャイアンツ,,0,0,0,0,0,0,0,0,0,0,0,0,0,0,2026/09/22
オリックス・バファローズ,川瀬 堅斗,投手,福岡ソフトバンクホークス,,0,0,0,0,0,0,0,0,0,0,0,0,0,0,2026/09/22
オリックス・バファローズ,川瀬 堅斗,投手,北海道日本ハムファイターズ,,0,0,0,0,0,0,0,0,0,0,0,0,0,0,2026/09/22
オリックス・バファローズ,才木 海翔,投手,横浜DeNAベイスターズ,,0,0,0,0,0,0,0,0,0,0,0,0,0,0,2026/09/22
オリックス・バファローズ,才木 海翔,投手,広島東洋カープ,,0,0,0,0,0,0,0,0,0,0,0,0,0,0,2026/09/22
オリックス・バファローズ,才木 海翔,投手,阪神タイガース,,0,0,0,0,0,0,0,0,0,0,0,0,0,0,2026/09/22
オリックス・バファローズ,才木 海翔,投手,埼玉西武ライオンズ,,0,0,0,0,0,0,0,0,0,0,0,0,0,0,2026/09/22
オリックス・バファローズ,才木 海翔,投手,千葉ロッテマリーンズ,,0,0,0,0,0,0,0,0,0,0,0,0,0,0,2026/09/22
オリックス・バファローズ,才木 海翔,投手,中日ドラゴンズ,,0,0,0,0,0,0,0,0,0,0,0,0,0,0,2026/09/22
オリックス・バファローズ,才木 海翔,投手,東京ヤクルトスワローズ,,0,0,0,0,0,0,0,0,0,0,0,0,0,0,2026/09/22
オリックス・バファローズ,才木 海翔,投手,東北楽天ゴールデンイーグルス,,0,0,0,0,0,0,0,0,0,0,0,0,0,0,2026/09/22
オリックス・バファローズ,才木 海翔,投手,読売ジャイアンツ,,0,0,0,0,0,0,0,0,0,0,0,0,0,0,2026/09/22
オリックス・バファローズ,才木 海翔,投手,福岡ソフトバンクホークス,,0,0,0,0,0,0,0,0,0,0,0,0,0,0,2026/09/22
オリックス・バファローズ,才木 海翔,投手,北海道日本ハムファイターズ,,0,0,0,0,0,0,0,0,0,0,0,0,0,0,2026/09/22
オリックス・バファローズ,髙島 泰都,投手,横浜DeNAベイスターズ,,0,0,0,0,0,0,0,0,0,0,0,0,0,0,2026/09/22
オリックス・バファローズ,髙島 泰都,投手,広島東洋カープ,,0,0,0,0,0,0,0,0,0,0,0,0,0,0,2026/09/22
オリックス・バファローズ,髙島 泰都,投手,阪神タイガース,,0,0,0,0,0,0,0,0,0,0,0,0,0,0,2026/09/22
オリックス・バファローズ,髙島 泰都,投手,埼玉西武ライオンズ,,0,0,0,0,0,0,0,0,0,0,0,0,0,0,2026/09/22
オリックス・バファローズ,髙島 泰都,投手,千葉ロッテマリーンズ,,0,0,0,0,0,0,0,0,0,0,0,0,0,0,2026/09/22
オリックス・バファローズ,髙島 泰都,投手,中日ドラゴンズ,,0,0,0,0,0,0,0,0,0,0,0,0,0,0,2026/09/22
オリックス・バファローズ,髙島 泰都,投手,東京ヤクルトスワローズ,,0,0,0,0,0,0,0,0,0,0,0,0,0,0,2026/09/22
オリックス・バファローズ,髙島 泰都,投手,東北楽天ゴールデンイーグルス,,0,0,0,0,0,0,0,0,0,0,0,0,0,0,2026/09/22
オリックス・バファローズ,髙島 泰都,投手,読売ジャイアンツ,,0,0,0,0,0,0,0,0,0,0,0,0,0,0,2026/09/22
オリックス・バファローズ,髙島 泰都,投手,福岡ソフトバンクホークス,,0,0,0,0,0,0,0,0,0,0,0,0,0,0,2026/09/22
オリックス・バファローズ,髙島 泰都,投手,北海道日本ハムファイターズ,,0,0,0,0,0,0,0,0,0,0,0,0,0,0,2026/09/22
オリックス・バファローズ,権田 琉成,投手,横浜DeNAベイスターズ,,0,0,0,0,0,0,0,0,0,0,0,0,0,0,2026/09/22
オリックス・バファローズ,権田 琉成,投手,広島東洋カープ,,0,0,0,0,0,0,0,0,0,0,0,0,0,0,2026/09/22
オリックス・バファローズ,権田 琉成,投手,阪神タイガース,,0,0,0,0,0,0,0,0,0,0,0,0,0,0,2026/09/22
オリックス・バファローズ,権田 琉成,投手,埼玉西武ライオンズ,,0,0,0,0,0,0,0,0,0,0,0,0,0,0,2026/09/22
オリックス・バファローズ,権田 琉成,投手,千葉ロッテマリーンズ,,0,0,0,0,0,0,0,0,0,0,0,0,0,0,2026/09/22
オリックス・バファローズ,権田 琉成,投手,中日ドラゴンズ,,0,0,0,0,0,0,0,0,0,0,0,0,0,0,2026/09/22
オリックス・バファローズ,権田 琉成,投手,東京ヤクルトスワローズ,,0,0,0,0,0,0,0,0,0,0,0,0,0,0,2026/09/22
オリックス・バファローズ,権田 琉成,投手,東北楽天ゴールデンイーグルス,,0,0,0,0,0,0,0,0,0,0,0,0,0,0,2026/09/22
オリックス・バファローズ,権田 琉成,投手,読売ジャイアンツ,,0,0,0,0,0,0,0,0,0,0,0,0,0,0,2026/09/22
オリックス・バファローズ,権田 琉成,投手,福岡ソフトバンクホークス,,0,0,0,0,0,0,0,0,0,0,0,0,0,0,2026/09/22
オリックス・バファローズ,権田 琉成,投手,北海道日本ハムファイターズ,,0,0,0,0,0,0,0,0,0,0,0,0,0,0,2026/09/22
オリックス・バファローズ,若月 健矢,捕手,横浜DeNAベイスターズ,0.429,8,7,3,2,1,0,0,4,1,1,0,0,0,2,2026/09/22
オリックス・バファローズ,若月 健矢,捕手,広島東洋カープ,0.000,11,10,0,0,0,0,0,0,2,0,1,0,0,3,2026/09/22
オリックス・バファローズ,若月 健矢,捕手,阪神タイガース,0.000,12,10,0,0,0,0,0,1,1,1,1,0,0,3,2026/09/22
オリックス・バファローズ,若月 健矢,捕手,埼玉西武ライオンズ,0.143,63,56,8,6,2,0,0,4,10,3,3,0,1,18,2026/09/22
オリックス・バファローズ,若月 健矢,捕手,千葉ロッテマリーンズ,0.200,60,50,10,7,2,0,1,2,7,4,6,0,0,16,2026/09/22
オリックス・バファローズ,若月 健矢,捕手,中日ドラゴンズ,0.286,7,7,2,2,0,0,0,0,1,0,0,0,0,2,2026/09/22
オリックス・バファローズ,若月 健矢,捕手,東京ヤクルトスワローズ,0.500,10,8,4,1,3,0,0,1,0,2,0,0,0,3,2026/09/22
オリックス・バファローズ,若月 健矢,捕手,東北楽天ゴールデンイーグルス,0.271,55,48,13,10,2,1,0,4,11,3,3,1,0,18,2026/09/22
オリックス・バファローズ,若月 健矢,捕手,読売ジャイアンツ,0.333,12,9,3,1,2,0,0,1,1,3,0,0,0,3,2026/09/22
オリックス・バファローズ,若月 健矢,捕手,福岡ソフトバンクホークス,0.254,64,59,15,11,3,0,1,2,11,4,1,0,0,19,2026/09/22
オリックス・バファローズ,若月 健矢,捕手,北海道日本ハムファイターズ,0.119,48,42,5,5,0,0,0,0,15,2,4,0,0,15,2026/09/22
オリックス・バファローズ,森 友哉,捕手,横浜DeNAベイスターズ,0.250,4,4,1,1,0,0,0,0,2,0,0,0,0,1,2026/09/22
オリックス・バファローズ,森 友哉,捕手,広島東洋カープ,,0,0,0,0,0,0,0,0,0,0,0,0,0,0,2026/09/22
オリックス・バファローズ,森 友哉,捕手,阪神タイガース,,0,0,0,0,0,0,0,0,0,0,0,0,0,0,2026/09/22
オリックス・バファローズ,森 友哉,捕手,埼玉西武ライオンズ,0.378,53,45,17,12,3,0,2,8,5,7,0,0,1,13,2026/09/22
オリックス・バファローズ,森 友哉,捕手,千葉ロッテマリーンズ,0.191,54,47,9,5,3,0,1,8,11,6,0,0,1,14,2026/09/22
オリックス・バファローズ,森 友哉,捕手,中日ドラゴンズ,0.500,4,4,2,2,0,0,0,0,0,0,0,0,0,1,2026/09/22
オリックス・バファローズ,森 友哉,捕手,東京ヤクルトスワローズ,,0,0,0,0,0,0,0,0,0,0,0,0,0,0,2026/09/22
オリックス・バファローズ,森 友哉,捕手,東北楽天ゴールデンイーグルス,0.146,51,48,7,5,2,0,0,0,10,3,0,0,0,13,2026/09/22
オリックス・バファローズ,森 友哉,捕手,読売ジャイアンツ,,0,0,0,0,0,0,0,0,0,0,0,0,0,0,2026/09/22
オリックス・バファローズ,森 友哉,捕手,福岡ソフトバンクホークス,0.367,32,30,11,9,1,0,1,2,7,2,0,0,0,9,2026/09/22
オリックス・バファローズ,森 友哉,捕手,北海道日本ハムファイターズ,0.170,53,47,8,5,0,0,3,6,10,6,0,0,0,15,2026/09/22
オリックス・バファローズ,福永 奨,捕手,横浜DeNAベイスターズ,,0,0,0,0,0,0,0,0,0,0,0,0,0,0,2026/09/22
オリックス・バファローズ,福永 奨,捕手,広島東洋カープ,,0,0,0,0,0,0,0,0,0,0,0,0,0,0,2026/09/22
オリックス・バファローズ,福永 奨,捕手,阪神タイガース,,0,0,0,0,0,0,0,0,0,0,0,0,0,0,2026/09/22
オリックス・バファローズ,福永 奨,捕手,埼玉西武ライオンズ,0.000,3,2,0,0,0,0,0,0,0,0,1,0,0,2,2026/09/22
オリックス・バファローズ,福永 奨,捕手,千葉ロッテマリーンズ,0.143,16,14,2,1,0,0,1,1,2,1,1,0,0,5,2026/09/22
オリックス・バファローズ,福永 奨,捕手,中日ドラゴンズ,,0,0,0,0,0,0,0,0,0,0,0,0,0,0,2026/09/22
オリックス・バファローズ,福永 奨,捕手,東京ヤクルトスワローズ,0.000,1,1,0,0,0,0,0,0,1,0,0,0,0,1,2026/09/22
オリックス・バファローズ,福永 奨,捕手,東北楽天ゴールデンイーグルス,0.143,8,7,1,0,1,0,0,1,3,0,1,0,0,3,2026/09/22
オリックス・バファローズ,福永 奨,捕手,読売ジャイアンツ,,0,0,0,0,0,0,0,0,0,0,0,0,0,0,2026/09/22
オリックス・バファローズ,福永 奨,捕手,福岡ソフトバンクホークス,0.000,2,2,0,0,0,0,0,0,1,0,0,0,0,1,2026/09/22
オリックス・バファローズ,福永 奨,捕手,北海道日本ハムファイターズ,0.111,9,9,1,1,0,0,0,0,4,0,0,0,0,5,2026/09/22
オリックス・バファローズ,石川 亮,捕手,横浜DeNAベイスターズ,,0,0,0,0,0,0,0,0,0,0,0,0,0,0,2026/09/22
オリックス・バファローズ,石川 亮,捕手,広島東洋カープ,,0,0,0,0,0,0,0,0,0,0,0,0,0,0,2026/09/22
オリックス・バファローズ,石川 亮,捕手,阪神タイガース,,0,0,0,0,0,0,0,0,0,0,0,0,0,0,2026/09/22
オリックス・バファローズ,石川 亮,捕手,埼玉西武ライオンズ,,0,0,0,0,0,0,0,0,0,0,0,0,0,0,2026/09/22
オリックス・バファローズ,石川 亮,捕手,千葉ロッテマリーンズ,,0,0,0,0,0,0,0,0,0,0,0,0,0,0,2026/09/22
オリックス・バファローズ,石川 亮,捕手,中日ドラゴンズ,,0,0,0,0,0,0,0,0,0,0,0,0,0,0,2026/09/22
オリックス・バファローズ,石川 亮,捕手,東京ヤクルトスワローズ,,0,0,0,0,0,0,0,0,0,0,0,0,0,0,2026/09/22
オリックス・バファローズ,石川 亮,捕手,東北楽天ゴールデンイーグルス,0.000,5,5,0,0,0,0,0,0,2,0,0,0,0,2,2026/09/22
オリックス・バファローズ,石川 亮,捕手,読売ジャイアンツ,,0,0,0,0,0,0,0,0,0,0,0,0,0,0,2026/09/22
オリックス・バファローズ,石川 亮,捕手,福岡ソフトバンクホークス,,0,0,0,0,0,0,0,0,0,0,0,0,0,0,2026/09/22
オリックス・バファローズ,石川 亮,捕手,北海道日本ハムファイターズ,0.000,2,2,0,0,0,0,0,0,1,0,0,0,0,2,2026/09/22
オリックス・バファローズ,頓宮 裕真,捕手,横浜DeNAベイスターズ,,0,0,0,0,0,0,0,0,0,0,0,0,0,0,2026/09/22
オリックス・バファローズ,頓宮 裕真,捕手,広島東洋カープ,,0,0,0,0,0,0,0,0,0,0,0,0,0,0,2026/09/22
オリックス・バファローズ,頓宮 裕真,捕手,阪神タイガース,,0,0,0,0,0,0,0,0,0,0,0,0,0,0,2026/09/22
オリックス・バファローズ,頓宮 裕真,捕手,埼玉西武ライオンズ,,0,0,0,0,0,0,0,0,0,0,0,0,0,0,2026/09/22
オリックス・バファローズ,頓宮 裕真,捕手,千葉ロッテマリーンズ,,0,0,0,0,0,0,0,0,0,0,0,0,0,0,2026/09/22
オリックス・バファローズ,頓宮 裕真,捕手,中日ドラゴンズ,,0,0,0,0,0,0,0,0,0,0,0,0,0,0,2026/09/22
オリックス・バファローズ,頓宮 裕真,捕手,東京ヤクルトスワローズ,,0,0,0,0,0,0,0,0,0,0,0,0,0,0,2026/09/22
オリックス・バファローズ,頓宮 裕真,捕手,東北楽天ゴールデンイーグルス,,0,0,0,0,0,0,0,0,0,0,0,0,0,0,2026/09/22
オリックス・バファローズ,頓宮 裕真,捕手,読売ジャイアンツ,,0,0,0,0,0,0,0,0,0,0,0,0,0,0,2026/09/22
オリックス・バファローズ,頓宮 裕真,捕手,福岡ソフトバンクホークス,,0,0,0,0,0,0,0,0,0,0,0,0,0,0,2026/09/22
オリックス・バファローズ,頓宮 裕真,捕手,北海道日本ハムファイターズ,,0,0,0,0,0,0,0,0,0,0,0,0,0,0,2026/09/22
オリックス・バファローズ,山中 稜真,捕手,横浜DeNAベイスターズ,0.364,13,11,4,4,0,0,0,1,2,2,0,0,0,3,2026/09/22
オリックス・バファローズ,山中 稜真,捕手,広島東洋カープ,0.333,7,6,2,2,0,0,0,1,0,1,0,0,0,3,2026/09/22
オリックス・バファローズ,山中 稜真,捕手,阪神タイガース,0.750,9,8,6,6,0,0,0,1,1,1,0,0,0,3,2026/09/22
オリックス・バファローズ,山中 稜真,捕手,埼玉西武ライオンズ,0.255,60,51,13,9,4,0,0,3,9,8,0,0,1,14,2026/09/22
オリックス・バファローズ,山中 稜真,捕手,千葉ロッテマリーンズ,0.244,52,45,11,6,3,1,1,3,11,5,0,0,2,12,2026/09/22
オリックス・バファローズ,山中 稜真,捕手,中日ドラゴンズ,0.273,12,11,3,1,2,0,0,3,0,1,0,0,0,3,2026/09/22
オリックス・バファローズ,山中 稜真,捕手,東京ヤクルトスワローズ,0.231,14,13,3,2,1,0,0,1,3,1,0,0,0,3,2026/09/22
オリックス・バファローズ,山中 稜真,捕手,東北楽天ゴールデンイーグルス,0.211,66,57,12,11,1,0,0,4,5,6,1,2,0,16,2026/09/22
オリックス・バファローズ,山中 稜真,捕手,読売ジャイアンツ,0.091,13,11,1,1,0,0,0,1,0,1,0,1,0,3,2026/09/22
オリックス・バファローズ,山中 稜真,捕手,福岡ソフトバンクホークス,0.365,54,52,19,16,2,1,0,4,12,2,0,0,0,16,2026/09/22
オリックス・バファローズ,山中 稜真,捕手,北海道日本ハムファイターズ,0.159,46,44,7,4,2,0,1,2,6,2,0,0,0,11,2026/09/22
オリックス・バファローズ,野上 士耀,捕手,横浜DeNAベイスターズ,,0,0,0,0,0,0,0,0,0,0,0,0,0,0,2026/09/22
オリックス・バファローズ,野上 士耀,捕手,広島東洋カープ,,0,0,0,0,0,0,0,0,0,0,0,0,0,0,2026/09/22
オリックス・バファローズ,野上 士耀,捕手,阪神タイガース,,0,0,0,0,0,0,0,0,0,0,0,0,0,0,2026/09/22
オリックス・バファローズ,野上 士耀,捕手,埼玉西武ライオンズ,,0,0,0,0,0,0,0,0,0,0,0,0,0,0,2026/09/22
オリックス・バファローズ,野上 士耀,捕手,千葉ロッテマリーンズ,,0,0,0,0,0,0,0,0,0,0,0,0,0,0,2026/09/22
オリックス・バファローズ,野上 士耀,捕手,中日ドラゴンズ,,0,0,0,0,0,0,0,0,0,0,0,0,0,0,2026/09/22
オリックス・バファローズ,野上 士耀,捕手,東京ヤクルトスワローズ,,0,0,0,0,0,0,0,0,0,0,0,0,0,0,2026/09/22
オリックス・バファローズ,野上 士耀,捕手,東北楽天ゴールデンイーグルス,,0,0,0,0,0,0,0,0,0,0,0,0,0,0,2026/09/22
オリックス・バファローズ,野上 士耀,捕手,読売ジャイアンツ,,0,0,0,0,0,0,0,0,0,0,0,0,0,0,2026/09/22
オリックス・バファローズ,野上 士耀,捕手,福岡ソフトバンクホークス,,0,0,0,0,0,0,0,0,0,0,0,0,0,0,2026/09/22
オリックス・バファローズ,野上 士耀,捕手,北海道日本ハムファイターズ,,0,0,0,0,0,0,0,0,0,0,0,0,0,0,2026/09/22
オリックス・バファローズ,堀 柊那,捕手,横浜DeNAベイスターズ,,0,0,0,0,0,0,0,0,0,0,0,0,0,0,2026/09/22
オリックス・バファローズ,堀 柊那,捕手,広島東洋カープ,,0,0,0,0,0,0,0,0,0,0,0,0,0,0,2026/09/22
オリックス・バファローズ,堀 柊那,捕手,阪神タイガース,,0,0,0,0,0,0,0,0,0,0,0,0,0,0,2026/09/22
オリックス・バファローズ,堀 柊那,捕手,埼玉西武ライオンズ,0.000,3,3,0,0,0,0,0,0,3,0,0,0,0,2,2026/09/22
オリックス・バファローズ,堀 柊那,捕手,千葉ロッテマリーンズ,0.333,3,3,1,1,0,0,0,1,0,0,0,0,0,1,2026/09/22
オリックス・バファローズ,堀 柊那,捕手,中日ドラゴンズ,,0,0,0,0,0,0,0,0,0,0,0,0,0,0,2026/09/22
オリックス・バファローズ,堀 柊那,捕手,東京ヤクルトスワローズ,,0,0,0,0,0,0,0,0,0,0,0,0,0,0,2026/09/22
オリックス・バファローズ,堀 柊那,捕手,東北楽天ゴールデンイーグルス,0.500,2,2,1,1,0,0,0,0,1,0,0,0,0,2,2026/09/22
オリックス・バファローズ,堀 柊那,捕手,読売ジャイアンツ,,0,0,0,0,0,0,0,0,0,0,0,0,0,0,2026/09/22
オリックス・バファローズ,堀 柊那,捕手,福岡ソフトバンクホークス,0.000,3,3,0,0,0,0,0,0,1,0,0,0,0,1,2026/09/22
オリックス・バファローズ,堀 柊那,捕手,北海道日本ハムファイターズ,0.333,6,6,2,2,0,0,0,0,2,0,0,0,0,2,2026/09/22
オリックス・バファローズ,太田 椋,内野手,横浜DeNAベイスターズ,,0,0,0,0,0,0,0,0,0,0,0,0,0,0,2026/09/22
オリックス・バファローズ,太田 椋,内野手,広島東洋カープ,0.250,15,12,3,0,3,0,0,1,2,3,0,0,0,3,2026/09/22
オリックス・バファローズ,太田 椋,内野手,阪神タイガース,0.083,12,12,1,1,0,0,0,0,4,0,0,0,0,3,2026/09/22
オリックス・バファローズ,太田 椋,内野手,埼玉西武ライオンズ,0.312,84,77,24,15,5,1,3,10,16,7,0,0,0,21,2026/09/22
オリックス・バファローズ,太田 椋,内野手,千葉ロッテマリーンズ,0.316,89,79,25,18,4,0,3,14,14,10,0,0,0,22,2026/09/22
オリックス・バファローズ,太田 椋,内野手,中日ドラゴンズ,,0,0,0,0,0,0,0,0,0,0,0,0,0,0,2026/09/22
オリックス・バファローズ,太田 椋,内野手,東京ヤクルトスワローズ,0.273,13,11,3,3,0,0,0,2,4,1,0,0,1,3,2026/09/22
オリックス・バファローズ,太田 椋,内野手,東北楽天ゴールデンイーグルス,0.263,85,76,20,17,3,0,0,2,20,8,0,0,1,20,2026/09/22
オリックス・バファローズ,太田 椋,内野手,読売ジャイアンツ,0.750,5,4,3,2,1,0,0,1,1,1,0,0,0,2,2026/09/22
オリックス・バファローズ,太田 椋,内野手,福岡ソフトバンクホークス,0.256,97,86,22,16,4,0,2,10,21,9,0,1,1,23,2026/09/22
オリックス・バファローズ,太田 椋,内野手,北海道日本ハムファイターズ,0.378,81,74,28,20,7,0,1,10,16,7,0,0,0,21,2026/09/22
オリックス・バファローズ,西野 真弘,内野手,横浜DeNAベイスターズ,0.000,1,1,0,0,0,0,0,0,0,0,0,0,0,1,2026/09/22
オリックス・バファローズ,西野 真弘,内野手,広島東洋カープ,0.250,4,4,1,1,0,0,0,0,0,0,0,0,0,1,2026/09/22
オリックス・バファローズ,西野 真弘,内野手,阪神タイガース,0.250,4,4,1,0,1,0,0,0,0,0,0,0,0,1,2026/09/22
オリックス・バファローズ,西野 真弘,内野手,埼玉西武ライオンズ,0.429,34,28,12,11,1,0,0,1,1,5,1,0,0,11,2026/09/22
オリックス・バファローズ,西野 真弘,内野手,千葉ロッテマリーンズ,0.100,11,10,1,1,0,0,0,0,0,1,0,0,0,4,2026/09/22
オリックス・バファローズ,西野 真弘,内野手,中日ドラゴンズ,0.333,4,3,1,1,0,0,0,0,0,0,1,0,0,1,2026/09/22
オリックス・バファローズ,西野 真弘,内野手,東京ヤクルトスワローズ,0.000,1,1,0,0,0,0,0,0,0,0,0,0,0,1,2026/09/22
オリックス・バファローズ,西野 真弘,内野手,東北楽天ゴールデンイーグルス,0.125,18,16,2,1,1,0,0,1,2,1,1,0,0,6,2026/09/22
オリックス・バファローズ,西野 真弘,内野手,読売ジャイアンツ,0.000,4,3,0,0,0,0,0,0,1,0,0,0,1,2,2026/09/22
オリックス・バファローズ,西野 真弘,内野手,福岡ソフトバンクホークス,0.000,17,16,0,0,0,0,0,0,5,1,0,0,0,7,2026/09/22
オリックス・バファローズ,西野 真弘,内野手,北海道日本ハムファイターズ,0.190,21,21,4,4,0,0,0,0,4,0,0,0,0,7,2026/09/22
オリックス・バファローズ,宗 佑磨,内野手,横浜DeNAベイスターズ,0.182,15,11,2,2,0,0,0,0,0,3,0,0,1,3,2026/09/22
オリックス・バファローズ,宗 佑磨,内野手,広島東洋カープ,0.000,12,10,0,0,0,0,0,0,2,1,1,0,0,3,2026/09/22
オリックス・バファローズ,宗 佑磨,内野手,阪神タイガース,0.083,14,12,1,1,0,0,0,1,1,1,1,0,0,3,2026/09/22
オリックス・バファローズ,宗 佑磨,内野手,埼玉西武ライオンズ,0.272,92,81,22,20,0,1,1,4,17,9,1,0,1,22,2026/09/22
オリックス・バファローズ,宗 佑磨,内野手,千葉ロッテマリーンズ,0.203,88,74,15,10,5,0,0,7,15,10,1,1,2,22,2026/09/22
オリックス・バファローズ,宗 佑磨,内野手,中日ドラゴンズ,0.200,12,10,2,1,1,0,0,0,2,1,0,0,1,3,2026/09/22
オリックス・バファローズ,宗 佑磨,内野手,東京ヤクルトスワローズ,0.214,16,14,3,1,2,0,0,4,1,2,0,0,0,3,2026/09/22
オリックス・バファローズ,宗 佑磨,内野手,東北楽天ゴールデンイーグルス,0.190,91,79,15,7,4,2,2,13,16,9,0,1,2,21,2026/09/22
オリックス・バファローズ,宗 佑磨,内野手,読売ジャイアンツ,0.273,13,11,3,3,0,0,0,0,3,2,0,0,0,3,2026/09/22
オリックス・バファローズ,宗 佑磨,内野手,福岡ソフトバンクホークス,0.368,89,76,28,21,2,1,4,16,15,11,0,1,1,23,2026/09/22
オリックス・バファローズ,宗 佑磨,内野手,北海道日本ハムファイターズ,0.250,86,76,19,10,2,0,7,20,15,7,0,2,1,21,2026/09/22
オリックス・バファローズ,野口 智哉,内野手,横浜DeNAベイスターズ,0.500,11,10,5,4,1,0,0,4,3,1,0,0,0,3,2026/09/22
オリックス・バファローズ,野口 智哉,内野手,広島東洋カープ,0.000,5,5,0,0,0,0,0,0,3,0,0,0,0,1,2026/09/22
オリックス・バファローズ,野口 智哉,内野手,阪神タイガース,,0,0,0,0,0,0,0,0,0,0,0,0,0,0,2026/09/22
オリックス・バファローズ,野口 智哉,内野手,埼玉西武ライオンズ,0.130,25,23,3,2,1,0,0,1,10,0,1,1,0,10,2026/09/22
オリックス・バファローズ,野口 智哉,内野手,千葉ロッテマリーンズ,0.160,27,25,4,4,0,0,0,3,9,0,2,0,0,10,2026/09/22
オリックス・バファローズ,野口 智哉,内野手,中日ドラゴンズ,0.000,4,4,0,0,0,0,0,0,2,0,0,0,0,2,2026/09/22
オリックス・バファローズ,野口 智哉,内野手,東京ヤクルトスワローズ,,0,0,0,0,0,0,0,0,0,0,0,0,0,0,2026/09/22
オリックス・バファローズ,野口 智哉,内野手,東北楽天ゴールデンイーグルス,0.273,42,33,9,6,2,0,1,3,9,7,2,0,0,13,2026/09/22
オリックス・バファローズ,野口 智哉,内野手,読売ジャイアンツ,0.250,8,8,2,1,0,0,1,1,4,0,0,0,0,3,2026/09/22
オリックス・バファローズ,野口 智哉,内野手,福岡ソフトバンクホークス,0.250,13,12,3,0,2,0,1,4,4,1,0,0,0,5,2026/09/22
オリックス・バファローズ,野口 智哉,内野手,北海道日本ハムファイターズ,0.233,33,30,7,6,0,0,1,5,5,2,0,0,1,11,2026/09/22
オリックス・バファローズ,大城 滉二,内野手,横浜DeNAベイスターズ,,0,0,0,0,0,0,0,0,0,0,0,0,0,0,2026/09/22
オリックス・バファローズ,大城 滉二,内野手,広島東洋カープ,,0,0,0,0,0,0,0,0,0,0,0,0,0,0,2026/09/22
オリックス・バファローズ,大城 滉二,内野手,阪神タイガース,,0,0,0,0,0,0,0,0,0,0,0,0,0,0,2026/09/22
オリックス・バファローズ,大城 滉二,内野手,埼玉西武ライオンズ,0.263,20,19,5,4,1,0,0,3,2,1,0,0,0,6,2026/09/22
オリックス・バファローズ,大城 滉二,内野手,千葉ロッテマリーンズ,0.333,10,9,3,2,1,0,0,0,3,0,1,0,0,5,2026/09/22
オリックス・バファローズ,大城 滉二,内野手,中日ドラゴンズ,,0,0,0,0,0,0,0,0,0,0,0,0,0,0,2026/09/22
オリックス・バファローズ,大城 滉二,内野手,東京ヤクルトスワローズ,,0,0,0,0,0,0,0,0,0,0,0,0,0,0,2026/09/22
オリックス・バファローズ,大城 滉二,内野手,東北楽天ゴールデンイーグルス,0.200,5,5,1,1,0,0,0,0,1,0,0,0,0,3,2026/09/22
オリックス・バファローズ,大城 滉二,内野手,読売ジャイアンツ,,0,0,0,0,0,0,0,0,0,0,0,0,0,0,2026/09/22
オリックス・バファローズ,大城 滉二,内野手,福岡ソフトバンクホークス,0.091,12,11,1,1,0,0,0,0,3,1,0,0,0,4,2026/09/22
オリックス・バファローズ,大城 滉二,内野手,北海道日本ハムファイターズ,0.250,4,4,1,1,0,0,0,1,0,0,0,0,0,1,2026/09/22
オリックス・バファローズ,紅林 弘太郎,内野手,横浜DeNAベイスターズ,0.167,16,12,2,2,0,0,0,0,1,4,0,0,0,3,2026/09/22
オリックス・バファローズ,紅林 弘太郎,内野手,広島東洋カープ,0.083,14,12,1,0,0,0,1,2,3,1,0,1,0,3,2026/09/22
オリックス・バファローズ,紅林 弘太郎,内野手,阪神タイガース,0.500,2,2,1,0,0,0,1,1,0,0,0,0,0,1,2026/09/22
オリックス・バファローズ,紅林 弘太郎,内野手,埼玉西武ライオンズ,0.288,89,80,23,13,9,0,1,12,15,6,2,1,0,22,2026/09/22
オリックス・バファローズ,紅林 弘太郎,内野手,千葉ロッテマリーンズ,0.263,87,76,20,16,1,0,3,10,10,7,1,1,2,23,2026/09/22
オリックス・バファローズ,紅林 弘太郎,内野手,中日ドラゴンズ,0.250,15,12,3,2,0,0,1,4,0,3,0,0,0,3,2026/09/22
オリックス・バファローズ,紅林 弘太郎,内野手,東京ヤクルトスワローズ,0.333,15,12,4,2,2,0,0,1,1,3,0,0,0,3,2026/09/22
オリックス・バファローズ,紅林 弘太郎,内野手,東北楽天ゴールデンイーグルス,0.300,89,80,24,14,6,0,4,13,19,9,0,0,0,23,2026/09/22
オリックス・バファローズ,紅林 弘太郎,内野手,読売ジャイアンツ,0.333,10,9,3,3,0,0,0,0,2,0,0,0,1,3,2026/09/22
オリックス・バファローズ,紅林 弘太郎,内野手,福岡ソフトバンクホークス,0.315,85,73,23,15,2,1,5,9,17,7,2,0,3,23,2026/09/22
オリックス・バファローズ,紅林 弘太郎,内野手,北海道日本ハムファイターズ,0.205,80,73,15,12,2,0,1,6,15,7,0,0,0,22,2026/09/22
オリックス・バファローズ,内藤 鵬,内野手,横浜DeNAベイスターズ,,0,0,0,0,0,0,0,0,0,0,0,0,0,0,2026/09/22
オリックス・バファローズ,内藤 鵬,内野手,広島東洋カープ,,0,0,0,0,0,0,0,0,0,0,0,0,0,0,2026/09/22
オリックス・バファローズ,内藤 鵬,内野手,阪神タイガース,,0,0,0,0,0,0,0,0,0,0,0,0,0,0,2026/09/22
オリックス・バファローズ,内藤 鵬,内野手,埼玉西武ライオンズ,0.500,4,4,2,1,1,0,0,0,1,0,0,0,0,1,2026/09/22
オリックス・バファローズ,内藤 鵬,内野手,千葉ロッテマリーンズ,,0,0,0,0,0,0,0,0,0,0,0,0,0,0,2026/09/22
オリックス・バファローズ,内藤 鵬,内野手,中日ドラゴンズ,,0,0,0,0,0,0,0,0,0,0,0,0,0,0,2026/09/22
オリックス・バファローズ,内藤 鵬,内野手,東京ヤクルトスワローズ,,0,0,0,0,0,0,0,0,0,0,0,0,0,0,2026/09/22
オリックス・バファローズ,内藤 鵬,内野手,東北楽天ゴールデンイーグルス,,0,0,0,0,0,0,0,0,0,0,0,0,0,0,2026/09/22
オリックス・バファローズ,内藤 鵬,内野手,読売ジャイアンツ,,0,0,0,0,0,0,0,0,0,0,0,0,0,0,2026/09/22
オリックス・バファローズ,内藤 鵬,内野手,福岡ソフトバンクホークス,0.000,4,4,0,0,0,0,0,0,0,0,0,0,0,1,2026/09/22
オリックス・バファローズ,内藤 鵬,内野手,北海道日本ハムファイターズ,0.125,8,8,1,1,0,0,0,1,2,0,0,0,0,2,2026/09/22
オリックス・バファローズ,廣岡 大志,内野手,横浜DeNAベイスターズ,,0,0,0,0,0,0,0,0,0,0,0,0,0,0,2026/09/22
オリックス・バファローズ,廣岡 大志,内野手,広島東洋カープ,,0,0,0,0,0,0,0,0,0,0,0,0,0,0,2026/09/22
オリックス・バファローズ,廣岡 大志,内野手,阪神タイガース,,0,0,0,0,0,0,0,0,0,0,0,0,0,0,2026/09/22
オリックス・バファローズ,廣岡 大志,内野手,埼玉西武ライオンズ,0.250,19,16,4,4,0,0,0,2,5,2,0,1,0,5,2026/09/22
オリックス・バファローズ,廣岡 大志,内野手,千葉ロッテマリーンズ,0.000,9,9,0,0,0,0,0,0,1,0,0,0,0,2,2026/09/22
オリックス・バファローズ,廣岡 大志,内野手,中日ドラゴンズ,,0,0,0,0,0,0,0,0,0,0,0,0,0,0,2026/09/22
オリックス・バファローズ,廣岡 大志,内野手,東京ヤクルトスワローズ,,0,0,0,0,0,0,0,0,0,0,0,0,0,0,2026/09/22
オリックス・バファローズ,廣岡 大志,内野手,東北楽天ゴールデンイーグルス,0.286,15,14,4,4,0,0,0,1,6,1,0,0,0,4,2026/09/22
オリックス・バファローズ,廣岡 大志,内野手,読売ジャイアンツ,,0,0,0,0,0,0,0,0,0,0,0,0,0,0,2026/09/22
オリックス・バファローズ,廣岡 大志,内野手,福岡ソフトバンクホークス,,0,0,0,0,0,0,0,0,0,0,0,0,0,0,2026/09/22
オリックス・バファローズ,廣岡 大志,内野手,北海道日本ハムファイターズ,0.167,6,6,1,1,0,0,0,0,4,0,0,0,0,2,2026/09/22
オリックス・バファローズ,横山 聖哉,内野手,横浜DeNAベイスターズ,,0,0,0,0,0,0,0,0,0,0,0,0,0,0,2026/09/22
オリックス・バファローズ,横山 聖哉,内野手,広島東洋カープ,,0,0,0,0,0,0,0,0,0,0,0,0,0,0,2026/09/22
オリックス・バファローズ,横山 聖哉,内野手,阪神タイガース,0.250,5,4,1,1,0,0,0,0,2,0,1,0,0,2,2026/09/22
オリックス・バファローズ,横山 聖哉,内野手,埼玉西武ライオンズ,0.500,2,2,1,1,0,0,0,0,1,0,0,0,0,1,2026/09/22
オリックス・バファローズ,横山 聖哉,内野手,千葉ロッテマリーンズ,0.000,2,2,0,0,0,0,0,0,1,0,0,0,0,1,2026/09/22
オリックス・バファローズ,横山 聖哉,内野手,中日ドラゴンズ,,0,0,0,0,0,0,0,0,0,0,0,0,0,0,2026/09/22
オリックス・バファローズ,横山 聖哉,内野手,東京ヤクルトスワローズ,,0,0,0,0,0,0,0,0,0,0,0,0,0,0,2026/09/22
オリックス・バファローズ,横山 聖哉,内野手,東北楽天ゴールデンイーグルス,,0,0,0,0,0,0,0,0,0,0,0,0,0,0,2026/09/22
オリックス・バファローズ,横山 聖哉,内野手,読売ジャイアンツ,,0,0,0,0,0,0,0,0,0,0,0,0,0,0,2026/09/22
オリックス・バファローズ,横山 聖哉,内野手,福岡ソフトバンクホークス,0.000,1,1,0,0,0,0,0,0,0,0,0,0,0,1,2026/09/22
オリックス・バファローズ,横山 聖哉,内野手,北海道日本ハムファイターズ,0.000,4,4,0,0,0,0,0,0,3,0,0,0,0,1,2026/09/22
オリックス・バファローズ,シーモア,内野手,横浜DeNAベイスターズ,,0,0,0,0,0,0,0,0,0,0,0,0,0,0,2026/09/22
オリックス・バファローズ,シーモア,内野手,広島東洋カープ,,0,0,0,0,0,0,0,0,0,0,0,0,0,0,2026/09/22
オリックス・バファローズ,シーモア,内野手,阪神タイガース,,0,0,0,0,0,0,0,0,0,0,0,0,0,0,2026/09/22
オリックス・バファローズ,シーモア,内野手,埼玉西武ライオンズ,0.091,24,22,2,2,0,0,0,1,7,2,0,0,0,6,2026/09/22
オリックス・バファローズ,シーモア,内野手,千葉ロッテマリーンズ,0.345,29,29,10,8,2,0,0,4,6,0,0,0,0,9,2026/09/22
オリックス・バファローズ,シーモア,内野手,中日ドラゴンズ,,0,0,0,0,0,0,0,0,0,0,0,0,0,0,2026/09/22
オリックス・バファローズ,シーモア,内野手,東京ヤクルトスワローズ,,0,0,0,0,0,0,0,0,0,0,0,0,0,0,2026/09/22
オリックス・バファローズ,シーモア,内野手,東北楽天ゴールデンイーグルス,0.095,21,21,2,2,0,0,0,0,10,0,0,0,0,6,2026/09/22
オリックス・バファローズ,シーモア,内野手,読売ジャイアンツ,,0,0,0,0,0,0,0,0,0,0,0,0,0,0,2026/09/22
オリックス・バファローズ,シーモア,内野手,福岡ソフトバンクホークス,0.045,23,22,1,1,0,0,0,2,10,1,0,0,0,7,2026/09/22
オリックス・バファローズ,シーモア,内野手,北海道日本ハムファイターズ,0.167,44,42,7,2,2,0,3,8,12,0,0,1,1,14,2026/09/22
オリックス・バファローズ,宜保 翔,内野手,横浜DeNAベイスターズ,0.000,1,1,0,0,0,0,0,0,0,0,0,0,0,1,2026/09/22
オリックス・バファローズ,宜保 翔,内野手,広島東洋カープ,0.000,2,2,0,0,0,0,0,0,0,0,0,0,0,2,2026/09/22
オリックス・バファローズ,宜保 翔,内野手,阪神タイガース,0.250,4,4,1,1,0,0,0,0,3,0,0,0,0,2,2026/09/22
オリックス・バファローズ,宜保 翔,内野手,埼玉西武ライオンズ,0.500,2,2,1,1,0,0,0,0,1,0,0,0,0,2,2026/09/22
オリックス・バファローズ,宜保 翔,内野手,千葉ロッテマリーンズ,0.167,15,12,2,2,0,0,0,0,2,2,1,0,0,4,2026/09/22
オリックス・バファローズ,宜保 翔,内野手,中日ドラゴンズ,0.000,4,4,0,0,0,0,0,0,1,0,0,0,0,1,2026/09/22
オリックス・バファローズ,宜保 翔,内野手,東京ヤクルトスワローズ,,0,0,0,0,0,0,0,0,0,0,0,0,0,0,2026/09/22
オリックス・バファローズ,宜保 翔,内野手,東北楽天ゴールデンイーグルス,0.182,12,11,2,2,0,0,0,0,2,0,1,0,0,3,2026/09/22
オリックス・バファローズ,宜保 翔,内野手,読売ジャイアンツ,,0,0,0,0,0,0,0,0,0,0,0,0,0,0,2026/09/22
オリックス・バファローズ,宜保 翔,内野手,福岡ソフトバンクホークス,0.500,2,2,1,0,1,0,0,0,0,0,0,0,0,1,2026/09/22
オリックス・バファローズ,宜保 翔,内野手,北海道日本ハムファイターズ,0.000,4,4,0,0,0,0,0,0,1,0,0,0,0,1,2026/09/22
オリックス・バファローズ,中川 圭太,内野手,横浜DeNAベイスターズ,0.429,8,7,3,3,0,0,0,1,2,0,0,1,0,2,2026/09/22
オリックス・バファローズ,中川 圭太,内野手,広島東洋カープ,0.250,13,12,3,1,1,0,1,1,1,0,0,0,1,3,2026/09/22
オリックス・バファローズ,中川 圭太,内野手,阪神タイガース,0.400,11,10,4,3,1,0,0,0,2,0,1,0,0,3,2026/09/22
オリックス・バファローズ,中川 圭太,内野手,埼玉西武ライオンズ,0.225,89,80,18,15,2,0,1,6,11,6,1,2,0,22,2026/09/22
オリックス・バファローズ,中川 圭太,内野手,千葉ロッテマリーンズ,0.235,75,68,16,13,2,0,1,5,10,6,0,1,0,20,2026/09/22
オリックス・バファローズ,中川 圭太,内野手,中日ドラゴンズ,0.889,10,9,8,7,1,0,0,0,1,1,0,0,0,3,2026/09/22
オリックス・バファローズ,中川 圭太,内野手,東京ヤクルトスワローズ,0.154,15,13,2,0,2,0,0,2,1,1,0,1,0,3,2026/09/22
オリックス・バファローズ,中川 圭太,内野手,東北楽天ゴールデンイーグルス,0.258,69,62,16,12,2,0,2,9,6,4,0,0,3,20,2026/09/22
オリックス・バファローズ,中川 圭太,内野手,読売ジャイアンツ,0.300,10,10,3,2,0,0,1,2,1,0,0,0,0,3,2026/09/22
オリックス・バファローズ,中川 圭太,内野手,福岡ソフトバンクホークス,0.258,76,66,17,15,2,0,0,3,8,9,0,0,1,19,2026/09/22
オリックス・バファローズ,中川 圭太,内野手,北海道日本ハムファイターズ,0.209,49,43,9,7,1,1,0,4,3,6,0,0,0,14,2026/09/22
オリックス・バファローズ,渡部 遼人,外野手,横浜DeNAベイスターズ,0.333,13,12,4,4,0,0,0,0,3,0,0,0,1,3,2026/09/22
オリックス・バファローズ,渡部 遼人,外野手,広島東洋カープ,,0,0,0,0,0,0,0,0,0,0,0,0,0,0,2026/09/22
オリックス・バファローズ,渡部 遼人,外野手,阪神タイガース,,0,0,0,0,0,0,0,0,0,0,0,0,0,0,2026/09/22
オリックス・バファローズ,渡部 遼人,外野手,埼玉西武ライオンズ,0.200,46,40,8,8,0,0,0,3,6,5,1,0,0,11,2026/09/22
オリックス・バファローズ,渡部 遼人,外野手,千葉ロッテマリーンズ,0.190,48,42,8,6,0,1,1,2,3,4,2,0,0,17,2026/09/22
オリックス・バファローズ,渡部 遼人,外野手,中日ドラゴンズ,0.182,15,11,2,2,0,0,0,1,2,2,2,0,0,3,2026/09/22
オリックス・バファローズ,渡部 遼人,外野手,東京ヤクルトスワローズ,,0,0,0,0,0,0,0,0,0,0,0,0,0,0,2026/09/22
オリックス・バファローズ,渡部 遼人,外野手,東北楽天ゴールデンイーグルス,0.286,26,21,6,5,1,0,0,0,4,3,1,0,1,10,2026/09/22
オリックス・バファローズ,渡部 遼人,外野手,読売ジャイアンツ,0.000,9,8,0,0,0,0,0,1,3,1,0,0,0,2,2026/09/22
オリックス・バファローズ,渡部 遼人,外野手,福岡ソフトバンクホークス,0.200,53,45,9,6,1,1,1,3,14,5,2,0,1,14,2026/09/22
オリックス・バファローズ,渡部 遼人,外野手,北海道日本ハムファイターズ,0.255,51,47,12,11,0,0,1,3,9,3,1,0,0,14,2026/09/22
オリックス・バファローズ,西川 龍馬,外野手,横浜DeNAベイスターズ,0.231,14,13,3,1,2,0,0,0,1,1,0,0,0,3,2026/09/22
オリックス・バファローズ,西川 龍馬,外野手,広島東洋カープ,0.077,16,13,1,1,0,0,0,1,1,2,0,1,0,3,2026/09/22
オリックス・バファローズ,西川 龍馬,外野手,阪神タイガース,0.600,12,10,6,4,1,0,1,2,0,2,0,0,0,3,2026/09/22
オリックス・バファローズ,西川 龍馬,外野手,埼玉西武ライオンズ,0.255,103,94,24,17,7,0,0,6,19,8,0,1,0,24,2026/09/22
オリックス・バファローズ,西川 龍馬,外野手,千葉ロッテマリーンズ,0.348,96,89,31,22,5,0,4,14,15,5,0,2,0,24,2026/09/22
オリックス・バファローズ,西川 龍馬,外野手,中日ドラゴンズ,0.333,12,12,4,4,0,0,0,3,1,0,0,0,0,3,2026/09/22
オリックス・バファローズ,西川 龍馬,外野手,東京ヤクルトスワローズ,0.462,16,13,6,6,0,0,0,2,1,3,0,0,0,3,2026/09/22
オリックス・バファローズ,西川 龍馬,外野手,東北楽天ゴールデンイーグルス,0.217,97,92,20,8,8,0,4,12,16,4,1,0,0,24,2026/09/22
オリックス・バファローズ,西川 龍馬,外野手,読売ジャイアンツ,0.182,11,11,2,1,1,0,0,0,1,0,0,0,0,3,2026/09/22
オリックス・バファローズ,西川 龍馬,外野手,福岡ソフトバンクホークス,0.289,97,90,26,21,4,0,1,6,17,6,0,0,1,23,2026/09/22
オリックス・バファローズ,西川 龍馬,外野手,北海道日本ハムファイターズ,0.304,94,92,28,22,3,0,3,8,12,2,0,0,0,24,2026/09/22
オリックス・バファローズ,麦谷 祐介,外野手,横浜DeNAベイスターズ,,0,0,0,0,0,0,0,0,0,0,0,0,0,0,2026/09/22
オリックス・バファローズ,麦谷 祐介,外野手,広島東洋カープ,,0,0,0,0,0,0,0,0,0,0,0,0,0,0,2026/09/22
オリックス・バファローズ,麦谷 祐介,外野手,阪神タイガース,,0,0,0,0,0,0,0,0,0,0,0,0,0,0,2026/09/22
オリックス・バファローズ,麦谷 祐介,外野手,埼玉西武ライオンズ,0.000,5,5,0,0,0,0,0,0,4,0,0,0,0,4,2026/09/22
オリックス・バファローズ,麦谷 祐介,外野手,千葉ロッテマリーンズ,0.133,16,15,2,1,0,1,0,2,5,0,0,1,0,7,2026/09/22
オリックス・バファローズ,麦谷 祐介,外野手,中日ドラゴンズ,,0,0,0,0,0,0,0,0,0,0,0,0,0,0,2026/09/22
オリックス・バファローズ,麦谷 祐介,外野手,東京ヤクルトスワローズ,,0,0,0,0,0,0,0,0,0,0,0,0,0,0,2026/09/22
オリックス・バファローズ,麦谷 祐介,外野手,東北楽天ゴールデンイーグルス,0.250,30,28,7,6,0,0,1,3,12,2,0,0,0,11,2026/09/22
オリックス・バファローズ,麦谷 祐介,外野手,読売ジャイアンツ,,0,0,0,0,0,0,0,0,0,0,0,0,0,0,2026/09/22
オリックス・バファローズ,麦谷 祐介,外野手,福岡ソフトバンクホークス,0.143,21,21,3,3,0,0,0,0,7,0,0,0,0,8,2026/09/22
オリックス・バファローズ,麦谷 祐介,外野手,北海道日本ハムファイターズ,0.083,15,12,1,0,1,0,0,0,5,2,1,0,0,3,2026/09/22
オリックス・バファローズ,杉澤 龍,外野手,横浜DeNAベイスターズ,,0,0,0,0,0,0,0,0,0,0,0,0,0,0,2026/09/22
オリックス・バファローズ,杉澤 龍,外野手,広島東洋カープ,,0,0,0,0,0,0,0,0,0,0,0,0,0,0,2026/09/22
オリックス・バファローズ,杉澤 龍,外野手,阪神タイガース,0.667,3,3,2,1,1,0,0,1,1,0,0,0,0,1,2026/09/22
オリックス・バファローズ,杉澤 龍,外野手,埼玉西武ライオンズ,0.500,5,4,2,1,0,0,1,2,1,0,0,0,1,3,2026/09/22
オリックス・バファローズ,杉澤 龍,外野手,千葉ロッテマリーンズ,0.286,17,14,4,2,2,0,0,1,4,2,0,0,1,6,2026/09/22
オリックス・バファローズ,杉澤 龍,外野手,中日ドラゴンズ,,0,0,0,0,0,0,0,0,0,0,0,0,0,0,2026/09/22
オリックス・バファローズ,杉澤 龍,外野手,東京ヤクルトスワローズ,0.250,5,4,1,1,0,0,0,0,0,0,1,0,0,1,2026/09/22
オリックス・バファローズ,杉澤 龍,外野手,東北楽天ゴールデンイーグルス,0.000,9,8,0,0,0,0,0,0,2,1,0,0,0,5,2026/09/22
オリックス・バファローズ,杉澤 龍,外野手,読売ジャイアンツ,,0,0,0,0,0,0,0,0,0,0,0,0,0,0,2026/09/22
オリックス・バファローズ,杉澤 龍,外野手,福岡ソフトバンクホークス,0.318,24,22,7,4,1,1,1,3,10,1,0,1,0,6,2026/09/22
オリックス・バファローズ,杉澤 龍,外野手,北海道日本ハムファイターズ,0.667,6,6,4,3,1,0,0,0,1,0,0,0,0,4,2026/09/22
オリックス・バファローズ,来田 涼斗,外野手,横浜DeNAベイスターズ,0.250,5,4,1,0,1,0,0,2,1,0,0,1,0,1,2026/09/22
オリックス・バファローズ,来田 涼斗,外野手,広島東洋カープ,0.667,6,6,4,4,0,0,0,0,0,0,0,0,0,3,2026/09/22
オリックス・バファローズ,来田 涼斗,外野手,阪神タイガース,0.500,2,2,1,1,0,0,0,0,1,0,0,0,0,1,2026/09/22
オリックス・バファローズ,来田 涼斗,外野手,埼玉西武ライオンズ,0.194,71,62,12,7,4,1,0,6,15,4,4,1,0,19,2026/09/22
オリックス・バファローズ,来田 涼斗,外野手,千葉ロッテマリーンズ,0.375,50,48,18,10,4,0,4,12,7,1,0,0,1,16,2026/09/22
オリックス・バファローズ,来田 涼斗,外野手,中日ドラゴンズ,0.333,3,3,1,1,0,0,0,0,2,0,0,0,0,1,2026/09/22
オリックス・バファローズ,来田 涼斗,外野手,東京ヤクルトスワローズ,0.000,11,9,0,0,0,0,0,0,4,2,0,0,0,2,2026/09/22
オリックス・バファローズ,来田 涼斗,外野手,東北楽天ゴールデンイーグルス,0.365,66,63,23,13,5,2,3,14,13,3,0,0,0,17,2026/09/22
オリックス・バファローズ,来田 涼斗,外野手,読売ジャイアンツ,0.000,2,2,0,0,0,0,0,0,1,0,0,0,0,2,2026/09/22
オリックス・バファローズ,来田 涼斗,外野手,福岡ソフトバンクホークス,0.229,53,48,11,8,3,0,0,3,8,2,1,0,2,14,2026/09/22
オリックス・バファローズ,来田 涼斗,外野手,北海道日本ハムファイターズ,0.232,58,56,13,11,0,0,2,6,9,2,0,0,0,15,2026/09/22
オリックス・バファローズ,池田 陵真,外野手,横浜DeNAベイスターズ,,0,0,0,0,0,0,0,0,0,0,0,0,0,0,2026/09/22
オリックス・バファローズ,池田 陵真,外野手,広島東洋カープ,,0,0,0,0,0,0,0,0,0,0,0,0,0,0,2026/09/22
オリックス・バファローズ,池田 陵真,外野手,阪神タイガース,0.000,5,4,0,0,0,0,0,0,2,1,0,0,0,1,2026/09/22
オリックス・バファローズ,池田 陵真,外野手,埼玉西武ライオンズ,0.200,5,5,1,1,0,0,0,0,2,0,0,0,0,2,2026/09/22
オリックス・バファローズ,池田 陵真,外野手,千葉ロッテマリーンズ,0.143,8,7,1,0,1,0,0,1,2,1,0,0,0,2,2026/09/22
オリックス・バファローズ,池田 陵真,外野手,中日ドラゴンズ,,0,0,0,0,0,0,0,0,0,0,0,0,0,0,2026/09/22
オリックス・バファローズ,池田 陵真,外野手,東京ヤクルトスワローズ,,0,0,0,0,0,0,0,0,0,0,0,0,0,0,2026/09/22
オリックス・バファローズ,池田 陵真,外野手,東北楽天ゴールデンイーグルス,,0,0,0,0,0,0,0,0,0,0,0,0,0,0,2026/09/22
オリックス・バファローズ,池田 陵真,外野手,読売ジャイアンツ,,0,0,0,0,0,0,0,0,0,0,0,0,0,0,2026/09/22
オリックス・バファローズ,池田 陵真,外野手,福岡ソフトバンクホークス,,0,0,0,0,0,0,0,0,0,0,0,0,0,0,2026/09/22
オリックス・バファローズ,池田 陵真,外野手,北海道日本ハムファイターズ,0.000,1,1,0,0,0,0,0,0,0,0,0,0,0,1,2026/09/22
オリックス・バファローズ,窪田 洋祐,外野手,横浜DeNAベイスターズ,,0,0,0,0,0,0,0,0,0,0,0,0,0,0,2026/09/22
オリックス・バファローズ,窪田 洋祐,外野手,広島東洋カープ,0.000,1,1,0,0,0,0,0,0,1,0,0,0,0,1,2026/09/22
オリックス・バファローズ,窪田 洋祐,外野手,阪神タイガース,,0,0,0,0,0,0,0,0,0,0,0,0,0,0,2026/09/22
オリックス・バファローズ,窪田 洋祐,外野手,埼玉西武ライオンズ,,0,0,0,0,0,0,0,0,0,0,0,0,0,0,2026/09/22
オリックス・バファローズ,窪田 洋祐,外野手,千葉ロッテマリーンズ,,0,0,0,0,0,0,0,0,0,0,0,0,0,0,2026/09/22
オリックス・バファローズ,窪田 洋祐,外野手,中日ドラゴンズ,,0,0,0,0,0,0,0,0,0,0,0,0,0,0,2026/09/22
オリックス・バファローズ,窪田 洋祐,外野手,東京ヤクルトスワローズ,,0,0,0,0,0,0,0,0,0,0,0,0,0,0,2026/09/22
オリックス・バファローズ,窪田 洋祐,外野手,東北楽天ゴールデンイーグルス,,0,0,0,0,0,0,0,0,0,0,0,0,0,0,2026/09/22
オリックス・バファローズ,窪田 洋祐,外野手,読売ジャイアンツ,,0,0,0,0,0,0,0,0,0,0,0,0,0,0,2026/09/22
オリックス・バファローズ,窪田 洋祐,外野手,福岡ソフトバンクホークス,,0,0,0,0,0,0,0,0,0,0,0,0,0,0,2026/09/22
オリックス・バファローズ,窪田 洋祐,外野手,北海道日本ハムファイターズ,,0,0,0,0,0,0,0,0,0,0,0,0,0,0,2026/09/22
オリックス・バファローズ,平沼 翔太,外野手,横浜DeNAベイスターズ,,0,0,0,0,0,0,0,0,0,0,0,0,0,0,2026/09/22
オリックス・バファローズ,平沼 翔太,外野手,広島東洋カープ,0.333,6,6,2,2,0,0,0,1,2,0,0,0,0,3,2026/09/22
オリックス・バファローズ,平沼 翔太,外野手,阪神タイガース,0.000,1,1,0,0,0,0,0,0,1,0,0,0,0,1,2026/09/22
オリックス・バファローズ,平沼 翔太,外野手,埼玉西武ライオンズ,0.000,4,4,0,0,0,0,0,0,2,0,0,0,0,3,2026/09/22
オリックス・バファローズ,平沼 翔太,外野手,千葉ロッテマリーンズ,0.200,5,5,1,1,0,0,0,0,1,0,0,0,0,2,2026/09/22
オリックス・バファローズ,平沼 翔太,外野手,中日ドラゴンズ,,0,0,0,0,0,0,0,0,0,0,0,0,0,0,2026/09/22
オリックス・バファローズ,平沼 翔太,外野手,東京ヤクルトスワローズ,0.429,8,7,3,2,1,0,0,1,1,1,0,0,0,2,2026/09/22
オリックス・バファローズ,平沼 翔太,外野手,東北楽天ゴールデンイーグルス,0.000,3,3,0,0,0,0,0,0,2,0,0,0,0,3,2026/09/22
オリックス・バファローズ,平沼 翔太,外野手,読売ジャイアンツ,,0,0,0,0,0,0,0,0,0,0,0,0,0,0,2026/09/22
オリックス・バファローズ,平沼 翔太,外野手,福岡ソフトバンクホークス,0.500,4,4,2,1,1,0,0,0,0,0,0,0,0,3,2026/09/22
オリックス・バファローズ,平沼 翔太,外野手,北海道日本ハムファイターズ,0.000,5,4,0,0,0,0,0,0,0,1,0,0,0,3,2026/09/22
オリックス・バファローズ,杉本 裕太郎,外野手,横浜DeNAベイスターズ,0.000,1,1,0,0,0,0,0,0,1,0,0,0,0,1,2026/09/22
オリックス・バファローズ,杉本 裕太郎,外野手,広島東洋カープ,0.286,9,7,2,2,0,0,0,1,1,1,0,1,0,3,2026/09/22
オリックス・バファローズ,杉本 裕太郎,外野手,阪神タイガース,0.000,6,6,0,0,0,0,0,0,1,0,0,0,0,2,2026/09/22
オリックス・バファローズ,杉本 裕太郎,外野手,埼玉西武ライオンズ,0.250,4,4,1,1,0,0,0,1,2,0,0,0,0,2,2026/09/22
オリックス・バファローズ,杉本 裕太郎,外野手,千葉ロッテマリーンズ,,0,0,0,0,0,0,0,0,0,0,0,0,0,0,2026/09/22
オリックス・バファローズ,杉本 裕太郎,外野手,中日ドラゴンズ,0.000,7,7,0,0,0,0,0,0,3,0,0,0,0,2,2026/09/22
オリックス・バファローズ,杉本 裕太郎,外野手,東京ヤクルトスワローズ,0.333,6,6,2,0,2,0,0,2,2,0,0,0,0,2,2026/09/22
オリックス・バファローズ,杉本 裕太郎,外野手,東北楽天ゴールデンイーグルス,0.250,4,4,1,1,0,0,0,0,2,0,0,0,0,1,2026/09/22
オリックス・バファローズ,杉本 裕太郎,外野手,読売ジャイアンツ,0.000,2,1,0,0,0,0,0,0,0,1,0,0,0,1,2026/09/22
オリックス・バファローズ,杉本 裕太郎,外野手,福岡ソフトバンクホークス,0.118,18,17,2,1,1,0,0,1,3,0,0,1,0,4,2026/09/22
オリックス・バファローズ,杉本 裕太郎,外野手,北海道日本ハムファイターズ,0.250,15,12,3,2,1,0,0,0,3,2,0,0,1,3,2026/09/22
埼玉西武ライオンズ,上田 大河,投手,オリックス・バファローズ,,0,0,0,0,0,0,0,0,0,0,0,0,0,0,2026/09/22
埼玉西武ライオンズ,上田 大河,投手,横浜DeNAベイスターズ,,0,0,0,0,0,0,0,0,0,0,0,0,0,0,2026/09/22
埼玉西武ライオンズ,上田 大河,投手,広島東洋カープ,,0,0,0,0,0,0,0,0,0,0,0,0,0,0,2026/09/22
埼玉西武ライオンズ,上田 大河,投手,阪神タイガース,,0,0,0,0,0,0,0,0,0,0,0,0,0,0,2026/09/22
埼玉西武ライオンズ,上田 大河,投手,千葉ロッテマリーンズ,,0,0,0,0,0,0,0,0,0,0,0,0,0,0,2026/09/22
埼玉西武ライオンズ,上田 大河,投手,中日ドラゴンズ,,0,0,0,0,0,0,0,0,0,0,0,0,0,0,2026/09/22
埼玉西武ライオンズ,上田 大河,投手,東京ヤクルトスワローズ,,0,0,0,0,0,0,0,0,0,0,0,0,0,0,2026/09/22
埼玉西武ライオンズ,上田 大河,投手,東北楽天ゴールデンイーグルス,,0,0,0,0,0,0,0,0,0,0,0,0,0,0,2026/09/22
埼玉西武ライオンズ,上田 大河,投手,読売ジャイアンツ,,0,0,0,0,0,0,0,0,0,0,0,0,0,0,2026/09/22
埼玉西武ライオンズ,上田 大河,投手,福岡ソフトバンクホークス,,0,0,0,0,0,0,0,0,0,0,0,0,0,0,2026/09/22
埼玉西武ライオンズ,上田 大河,投手,北海道日本ハムファイターズ,,0,0,0,0,0,0,0,0,0,0,0,0,0,0,2026/09/22
埼玉西武ライオンズ,渡邉 勇太朗,投手,オリックス・バファローズ,,0,0,0,0,0,0,0,0,0,0,0,0,0,0,2026/09/22
埼玉西武ライオンズ,渡邉 勇太朗,投手,横浜DeNAベイスターズ,,0,0,0,0,0,0,0,0,0,0,0,0,0,0,2026/09/22
埼玉西武ライオンズ,渡邉 勇太朗,投手,広島東洋カープ,,0,0,0,0,0,0,0,0,0,0,0,0,0,0,2026/09/22
埼玉西武ライオンズ,渡邉 勇太朗,投手,阪神タイガース,0.000,2,2,0,0,0,0,0,0,1,0,0,0,0,1,2026/09/22
埼玉西武ライオンズ,渡邉 勇太朗,投手,千葉ロッテマリーンズ,,0,0,0,0,0,0,0,0,0,0,0,0,0,0,2026/09/22
埼玉西武ライオンズ,渡邉 勇太朗,投手,中日ドラゴンズ,,0,0,0,0,0,0,0,0,0,0,0,0,0,0,2026/09/22
埼玉西武ライオンズ,渡邉 勇太朗,投手,東京ヤクルトスワローズ,0.000,4,3,0,0,0,0,0,0,1,0,1,0,0,1,2026/09/22
埼玉西武ライオンズ,渡邉 勇太朗,投手,東北楽天ゴールデンイーグルス,,0,0,0,0,0,0,0,0,0,0,0,0,0,0,2026/09/22
埼玉西武ライオンズ,渡邉 勇太朗,投手,読売ジャイアンツ,,0,0,0,0,0,0,0,0,0,0,0,0,0,0,2026/09/22
埼玉西武ライオンズ,渡邉 勇太朗,投手,福岡ソフトバンクホークス,,0,0,0,0,0,0,0,0,0,0,0,0,0,0,2026/09/22
埼玉西武ライオンズ,渡邉 勇太朗,投手,北海道日本ハムファイターズ,,0,0,0,0,0,0,0,0,0,0,0,0,0,0,2026/09/22
埼玉西武ライオンズ,髙橋 光成,投手,オリックス・バファローズ,,0,0,0,0,0,0,0,0,0,0,0,0,0,0,2026/09/22
埼玉西武ライオンズ,髙橋 光成,投手,横浜DeNAベイスターズ,,0,0,0,0,0,0,0,0,0,0,0,0,0,0,2026/09/22
埼玉西武ライオンズ,髙橋 光成,投手,広島東洋カープ,,0,0,0,0,0,0,0,0,0,0,0,0,0,0,2026/09/22
埼玉西武ライオンズ,髙橋 光成,投手,阪神タイガース,,0,0,0,0,0,0,0,0,0,0,0,0,0,0,2026/09/22
埼玉西武ライオンズ,髙橋 光成,投手,千葉ロッテマリーンズ,,0,0,0,0,0,0,0,0,0,0,0,0,0,0,2026/09/22
埼玉西武ライオンズ,髙橋 光成,投手,中日ドラゴンズ,0.333,3,3,1,1,0,0,0,0,2,0,0,0,0,1,2026/09/22
埼玉西武ライオンズ,髙橋 光成,投手,東京ヤクルトスワローズ,,0,0,0,0,0,0,0,0,0,0,0,0,0,0,2026/09/22
埼玉西武ライオンズ,髙橋 光成,投手,東北楽天ゴールデンイーグルス,,0,0,0,0,0,0,0,0,0,0,0,0,0,0,2026/09/22
埼玉西武ライオンズ,髙橋 光成,投手,読売ジャイアンツ,,0,0,0,0,0,0,0,0,0,0,0,0,0,0,2026/09/22
埼玉西武ライオンズ,髙橋 光成,投手,福岡ソフトバンクホークス,,0,0,0,0,0,0,0,0,0,0,0,0,0,0,2026/09/22
埼玉西武ライオンズ,髙橋 光成,投手,北海道日本ハムファイターズ,,0,0,0,0,0,0,0,0,0,0,0,0,0,0,2026/09/22
埼玉西武ライオンズ,與座 海人,投手,オリックス・バファローズ,,0,0,0,0,0,0,0,0,0,0,0,0,0,0,2026/09/22
埼玉西武ライオンズ,與座 海人,投手,横浜DeNAベイスターズ,,0,0,0,0,0,0,0,0,0,0,0,0,0,0,2026/09/22
埼玉西武ライオンズ,與座 海人,投手,広島東洋カープ,,0,0,0,0,0,0,0,0,0,0,0,0,0,0,2026/09/22
埼玉西武ライオンズ,與座 海人,投手,阪神タイガース,,0,0,0,0,0,0,0,0,0,0,0,0,0,0,2026/09/22
埼玉西武ライオンズ,與座 海人,投手,千葉ロッテマリーンズ,,0,0,0,0,0,0,0,0,0,0,0,0,0,0,2026/09/22
埼玉西武ライオンズ,與座 海人,投手,中日ドラゴンズ,,0,0,0,0,0,0,0,0,0,0,0,0,0,0,2026/09/22
埼玉西武ライオンズ,與座 海人,投手,東京ヤクルトスワローズ,,0,0,0,0,0,0,0,0,0,0,0,0,0,0,2026/09/22
埼玉西武ライオンズ,與座 海人,投手,東北楽天ゴールデンイーグルス,,0,0,0,0,0,0,0,0,0,0,0,0,0,0,2026/09/22
埼玉西武ライオンズ,與座 海人,投手,読売ジャイアンツ,,0,0,0,0,0,0,0,0,0,0,0,0,0,0,2026/09/22
埼玉西武ライオンズ,與座 海人,投手,福岡ソフトバンクホークス,,0,0,0,0,0,0,0,0,0,0,0,0,0,0,2026/09/22
埼玉西武ライオンズ,與座 海人,投手,北海道日本ハムファイターズ,,0,0,0,0,0,0,0,0,0,0,0,0,0,0,2026/09/22
埼玉西武ライオンズ,隅田 知一郎,投手,オリックス・バファローズ,,0,0,0,0,0,0,0,0,0,0,0,0,0,0,2026/09/22
埼玉西武ライオンズ,隅田 知一郎,投手,横浜DeNAベイスターズ,,0,0,0,0,0,0,0,0,0,0,0,0,0,0,2026/09/22
埼玉西武ライオンズ,隅田 知一郎,投手,広島東洋カープ,,0,0,0,0,0,0,0,0,0,0,0,0,0,0,2026/09/22
埼玉西武ライオンズ,隅田 知一郎,投手,阪神タイガース,,0,0,0,0,0,0,0,0,0,0,0,0,0,0,2026/09/22
埼玉西武ライオンズ,隅田 知一郎,投手,千葉ロッテマリーンズ,,0,0,0,0,0,0,0,0,0,0,0,0,0,0,2026/09/22
埼玉西武ライオンズ,隅田 知一郎,投手,中日ドラゴンズ,0.000,4,3,0,0,0,0,0,1,0,0,1,0,0,1,2026/09/22
埼玉西武ライオンズ,隅田 知一郎,投手,東京ヤクルトスワローズ,,0,0,0,0,0,0,0,0,0,0,0,0,0,0,2026/09/22
埼玉西武ライオンズ,隅田 知一郎,投手,東北楽天ゴールデンイーグルス,,0,0,0,0,0,0,0,0,0,0,0,0,0,0,2026/09/22
埼玉西武ライオンズ,隅田 知一郎,投手,読売ジャイアンツ,,0,0,0,0,0,0,0,0,0,0,0,0,0,0,2026/09/22
埼玉西武ライオンズ,隅田 知一郎,投手,福岡ソフトバンクホークス,,0,0,0,0,0,0,0,0,0,0,0,0,0,0,2026/09/22
埼玉西武ライオンズ,隅田 知一郎,投手,北海道日本ハムファイターズ,,0,0,0,0,0,0,0,0,0,0,0,0,0,0,2026/09/22
埼玉西武ライオンズ,松本 航,投手,オリックス・バファローズ,,0,0,0,0,0,0,0,0,0,0,0,0,0,0,2026/09/22
埼玉西武ライオンズ,松本 航,投手,横浜DeNAベイスターズ,,0,0,0,0,0,0,0,0,0,0,0,0,0,0,2026/09/22
埼玉西武ライオンズ,松本 航,投手,広島東洋カープ,,0,0,0,0,0,0,0,0,0,0,0,0,0,0,2026/09/22
埼玉西武ライオンズ,松本 航,投手,阪神タイガース,,0,0,0,0,0,0,0,0,0,0,0,0,0,0,2026/09/22
埼玉西武ライオンズ,松本 航,投手,千葉ロッテマリーンズ,,0,0,0,0,0,0,0,0,0,0,0,0,0,0,2026/09/22
埼玉西武ライオンズ,松本 航,投手,中日ドラゴンズ,,0,0,0,0,0,0,0,0,0,0,0,0,0,0,2026/09/22
埼玉西武ライオンズ,松本 航,投手,東京ヤクルトスワローズ,,0,0,0,0,0,0,0,0,0,0,0,0,0,0,2026/09/22
埼玉西武ライオンズ,松本 航,投手,東北楽天ゴールデンイーグルス,,0,0,0,0,0,0,0,0,0,0,0,0,0,0,2026/09/22
埼玉西武ライオンズ,松本 航,投手,読売ジャイアンツ,,0,0,0,0,0,0,0,0,0,0,0,0,0,0,2026/09/22
埼玉西武ライオンズ,松本 航,投手,福岡ソフトバンクホークス,,0,0,0,0,0,0,0,0,0,0,0,0,0,0,2026/09/22
埼玉西武ライオンズ,松本 航,投手,北海道日本ハムファイターズ,,0,0,0,0,0,0,0,0,0,0,0,0,0,0,2026/09/22
埼玉西武ライオンズ,佐藤 隼輔,投手,オリックス・バファローズ,,0,0,0,0,0,0,0,0,0,0,0,0,0,0,2026/09/22
埼玉西武ライオンズ,佐藤 隼輔,投手,横浜DeNAベイスターズ,,0,0,0,0,0,0,0,0,0,0,0,0,0,0,2026/09/22
埼玉西武ライオンズ,佐藤 隼輔,投手,広島東洋カープ,,0,0,0,0,0,0,0,0,0,0,0,0,0,0,2026/09/22
埼玉西武ライオンズ,佐藤 隼輔,投手,阪神タイガース,,0,0,0,0,0,0,0,0,0,0,0,0,0,0,2026/09/22
埼玉西武ライオンズ,佐藤 隼輔,投手,千葉ロッテマリーンズ,,0,0,0,0,0,0,0,0,0,0,0,0,0,0,2026/09/22
埼玉西武ライオンズ,佐藤 隼輔,投手,中日ドラゴンズ,,0,0,0,0,0,0,0,0,0,0,0,0,0,0,2026/09/22
埼玉西武ライオンズ,佐藤 隼輔,投手,東京ヤクルトスワローズ,,0,0,0,0,0,0,0,0,0,0,0,0,0,0,2026/09/22
埼玉西武ライオンズ,佐藤 隼輔,投手,東北楽天ゴールデンイーグルス,,0,0,0,0,0,0,0,0,0,0,0,0,0,0,2026/09/22
埼玉西武ライオンズ,佐藤 隼輔,投手,読売ジャイアンツ,,0,0,0,0,0,0,0,0,0,0,0,0,0,0,2026/09/22
埼玉西武ライオンズ,佐藤 隼輔,投手,福岡ソフトバンクホークス,,0,0,0,0,0,0,0,0,0,0,0,0,0,0,2026/09/22
埼玉西武ライオンズ,佐藤 隼輔,投手,北海道日本ハムファイターズ,,0,0,0,0,0,0,0,0,0,0,0,0,0,0,2026/09/22
埼玉西武ライオンズ,岩城 颯空,投手,オリックス・バファローズ,,0,0,0,0,0,0,0,0,0,0,0,0,0,0,2026/09/22
埼玉西武ライオンズ,岩城 颯空,投手,横浜DeNAベイスターズ,,0,0,0,0,0,0,0,0,0,0,0,0,0,0,2026/09/22
埼玉西武ライオンズ,岩城 颯空,投手,広島東洋カープ,,0,0,0,0,0,0,0,0,0,0,0,0,0,0,2026/09/22
埼玉西武ライオンズ,岩城 颯空,投手,阪神タイガース,,0,0,0,0,0,0,0,0,0,0,0,0,0,0,2026/09/22
埼玉西武ライオンズ,岩城 颯空,投手,千葉ロッテマリーンズ,,0,0,0,0,0,0,0,0,0,0,0,0,0,0,2026/09/22
埼玉西武ライオンズ,岩城 颯空,投手,中日ドラゴンズ,,0,0,0,0,0,0,0,0,0,0,0,0,0,0,2026/09/22
埼玉西武ライオンズ,岩城 颯空,投手,東京ヤクルトスワローズ,,0,0,0,0,0,0,0,0,0,0,0,0,0,0,2026/09/22
埼玉西武ライオンズ,岩城 颯空,投手,東北楽天ゴールデンイーグルス,,0,0,0,0,0,0,0,0,0,0,0,0,0,0,2026/09/22
埼玉西武ライオンズ,岩城 颯空,投手,読売ジャイアンツ,,0,0,0,0,0,0,0,0,0,0,0,0,0,0,2026/09/22
埼玉西武ライオンズ,岩城 颯空,投手,福岡ソフトバンクホークス,,0,0,0,0,0,0,0,0,0,0,0,0,0,0,2026/09/22
埼玉西武ライオンズ,岩城 颯空,投手,北海道日本ハムファイターズ,,0,0,0,0,0,0,0,0,0,0,0,0,0,0,2026/09/22
埼玉西武ライオンズ,武内 夏暉,投手,オリックス・バファローズ,,0,0,0,0,0,0,0,0,0,0,0,0,0,0,2026/09/22
埼玉西武ライオンズ,武内 夏暉,投手,横浜DeNAベイスターズ,,0,0,0,0,0,0,0,0,0,0,0,0,0,0,2026/09/22
埼玉西武ライオンズ,武内 夏暉,投手,広島東洋カープ,,0,0,0,0,0,0,0,0,0,0,0,0,0,0,2026/09/22
埼玉西武ライオンズ,武内 夏暉,投手,阪神タイガース,0.000,3,2,0,0,0,0,0,0,0,0,1,0,0,1,2026/09/22
埼玉西武ライオンズ,武内 夏暉,投手,千葉ロッテマリーンズ,,0,0,0,0,0,0,0,0,0,0,0,0,0,0,2026/09/22
埼玉西武ライオンズ,武内 夏暉,投手,中日ドラゴンズ,,0,0,0,0,0,0,0,0,0,0,0,0,0,0,2026/09/22
埼玉西武ライオンズ,武内 夏暉,投手,東京ヤクルトスワローズ,0.000,2,2,0,0,0,0,0,0,2,0,0,0,0,1,2026/09/22
埼玉西武ライオンズ,武内 夏暉,投手,東北楽天ゴールデンイーグルス,,0,0,0,0,0,0,0,0,0,0,0,0,0,0,2026/09/22
埼玉西武ライオンズ,武内 夏暉,投手,読売ジャイアンツ,,0,0,0,0,0,0,0,0,0,0,0,0,0,0,2026/09/22
埼玉西武ライオンズ,武内 夏暉,投手,福岡ソフトバンクホークス,,0,0,0,0,0,0,0,0,0,0,0,0,0,0,2026/09/22
埼玉西武ライオンズ,武内 夏暉,投手,北海道日本ハムファイターズ,,0,0,0,0,0,0,0,0,0,0,0,0,0,0,2026/09/22
埼玉西武ライオンズ,糸川 亮太,投手,オリックス・バファローズ,,0,0,0,0,0,0,0,0,0,0,0,0,0,0,2026/09/22
埼玉西武ライオンズ,糸川 亮太,投手,横浜DeNAベイスターズ,,0,0,0,0,0,0,0,0,0,0,0,0,0,0,2026/09/22
埼玉西武ライオンズ,糸川 亮太,投手,広島東洋カープ,,0,0,0,0,0,0,0,0,0,0,0,0,0,0,2026/09/22
埼玉西武ライオンズ,糸川 亮太,投手,阪神タイガース,,0,0,0,0,0,0,0,0,0,0,0,0,0,0,2026/09/22
埼玉西武ライオンズ,糸川 亮太,投手,千葉ロッテマリーンズ,,0,0,0,0,0,0,0,0,0,0,0,0,0,0,2026/09/22
埼玉西武ライオンズ,糸川 亮太,投手,中日ドラゴンズ,,0,0,0,0,0,0,0,0,0,0,0,0,0,0,2026/09/22
埼玉西武ライオンズ,糸川 亮太,投手,東京ヤクルトスワローズ,,0,0,0,0,0,0,0,0,0,0,0,0,0,0,2026/09/22
埼玉西武ライオンズ,糸川 亮太,投手,東北楽天ゴールデンイーグルス,,0,0,0,0,0,0,0,0,0,0,0,0,0,0,2026/09/22
埼玉西武ライオンズ,糸川 亮太,投手,読売ジャイアンツ,,0,0,0,0,0,0,0,0,0,0,0,0,0,0,2026/09/22
埼玉西武ライオンズ,糸川 亮太,投手,福岡ソフトバンクホークス,,0,0,0,0,0,0,0,0,0,0,0,0,0,0,2026/09/22
埼玉西武ライオンズ,糸川 亮太,投手,北海道日本ハムファイターズ,,0,0,0,0,0,0,0,0,0,0,0,0,0,0,2026/09/22
埼玉西武ライオンズ,森脇 亮介,投手,オリックス・バファローズ,,0,0,0,0,0,0,0,0,0,0,0,0,0,0,2026/09/22
埼玉西武ライオンズ,森脇 亮介,投手,横浜DeNAベイスターズ,,0,0,0,0,0,0,0,0,0,0,0,0,0,0,2026/09/22
埼玉西武ライオンズ,森脇 亮介,投手,広島東洋カープ,,0,0,0,0,0,0,0,0,0,0,0,0,0,0,2026/09/22
埼玉西武ライオンズ,森脇 亮介,投手,阪神タイガース,,0,0,0,0,0,0,0,0,0,0,0,0,0,0,2026/09/22
埼玉西武ライオンズ,森脇 亮介,投手,千葉ロッテマリーンズ,,0,0,0,0,0,0,0,0,0,0,0,0,0,0,2026/09/22
埼玉西武ライオンズ,森脇 亮介,投手,中日ドラゴンズ,,0,0,0,0,0,0,0,0,0,0,0,0,0,0,2026/09/22
埼玉西武ライオンズ,森脇 亮介,投手,東京ヤクルトスワローズ,,0,0,0,0,0,0,0,0,0,0,0,0,0,0,2026/09/22
埼玉西武ライオンズ,森脇 亮介,投手,東北楽天ゴールデンイーグルス,,0,0,0,0,0,0,0,0,0,0,0,0,0,0,2026/09/22
埼玉西武ライオンズ,森脇 亮介,投手,読売ジャイアンツ,,0,0,0,0,0,0,0,0,0,0,0,0,0,0,2026/09/22
埼玉西武ライオンズ,森脇 亮介,投手,福岡ソフトバンクホークス,,0,0,0,0,0,0,0,0,0,0,0,0,0,0,2026/09/22
埼玉西武ライオンズ,森脇 亮介,投手,北海道日本ハムファイターズ,,0,0,0,0,0,0,0,0,0,0,0,0,0,0,2026/09/22
埼玉西武ライオンズ,青山 美夏人,投手,オリックス・バファローズ,,0,0,0,0,0,0,0,0,0,0,0,0,0,0,2026/09/22
埼玉西武ライオンズ,青山 美夏人,投手,横浜DeNAベイスターズ,,0,0,0,0,0,0,0,0,0,0,0,0,0,0,2026/09/22
埼玉西武ライオンズ,青山 美夏人,投手,広島東洋カープ,,0,0,0,0,0,0,0,0,0,0,0,0,0,0,2026/09/22
埼玉西武ライオンズ,青山 美夏人,投手,阪神タイガース,,0,0,0,0,0,0,0,0,0,0,0,0,0,0,2026/09/22
埼玉西武ライオンズ,青山 美夏人,投手,千葉ロッテマリーンズ,,0,0,0,0,0,0,0,0,0,0,0,0,0,0,2026/09/22
埼玉西武ライオンズ,青山 美夏人,投手,中日ドラゴンズ,,0,0,0,0,0,0,0,0,0,0,0,0,0,0,2026/09/22
埼玉西武ライオンズ,青山 美夏人,投手,東京ヤクルトスワローズ,,0,0,0,0,0,0,0,0,0,0,0,0,0,0,2026/09/22
埼玉西武ライオンズ,青山 美夏人,投手,東北楽天ゴールデンイーグルス,,0,0,0,0,0,0,0,0,0,0,0,0,0,0,2026/09/22
埼玉西武ライオンズ,青山 美夏人,投手,読売ジャイアンツ,,0,0,0,0,0,0,0,0,0,0,0,0,0,0,2026/09/22
埼玉西武ライオンズ,青山 美夏人,投手,福岡ソフトバンクホークス,,0,0,0,0,0,0,0,0,0,0,0,0,0,0,2026/09/22
埼玉西武ライオンズ,青山 美夏人,投手,北海道日本ハムファイターズ,,0,0,0,0,0,0,0,0,0,0,0,0,0,0,2026/09/22
埼玉西武ライオンズ,ワイナンス,投手,オリックス・バファローズ,,0,0,0,0,0,0,0,0,0,0,0,0,0,0,2026/09/22
埼玉西武ライオンズ,ワイナンス,投手,横浜DeNAベイスターズ,,0,0,0,0,0,0,0,0,0,0,0,0,0,0,2026/09/22
埼玉西武ライオンズ,ワイナンス,投手,広島東洋カープ,,0,0,0,0,0,0,0,0,0,0,0,0,0,0,2026/09/22
埼玉西武ライオンズ,ワイナンス,投手,阪神タイガース,,0,0,0,0,0,0,0,0,0,0,0,0,0,0,2026/09/22
埼玉西武ライオンズ,ワイナンス,投手,千葉ロッテマリーンズ,,0,0,0,0,0,0,0,0,0,0,0,0,0,0,2026/09/22
埼玉西武ライオンズ,ワイナンス,投手,中日ドラゴンズ,0.000,3,2,0,0,0,0,0,0,1,0,1,0,0,1,2026/09/22
埼玉西武ライオンズ,ワイナンス,投手,東京ヤクルトスワローズ,,0,0,0,0,0,0,0,0,0,0,0,0,0,0,2026/09/22
埼玉西武ライオンズ,ワイナンス,投手,東北楽天ゴールデンイーグルス,,0,0,0,0,0,0,0,0,0,0,0,0,0,0,2026/09/22
埼玉西武ライオンズ,ワイナンス,投手,読売ジャイアンツ,,0,0,0,0,0,0,0,0,0,0,0,0,0,0,2026/09/22
埼玉西武ライオンズ,ワイナンス,投手,福岡ソフトバンクホークス,,0,0,0,0,0,0,0,0,0,0,0,0,0,0,2026/09/22
埼玉西武ライオンズ,ワイナンス,投手,北海道日本ハムファイターズ,,0,0,0,0,0,0,0,0,0,0,0,0,0,0,2026/09/22
埼玉西武ライオンズ,甲斐野 央,投手,オリックス・バファローズ,,0,0,0,0,0,0,0,0,0,0,0,0,0,0,2026/09/22
埼玉西武ライオンズ,甲斐野 央,投手,横浜DeNAベイスターズ,,0,0,0,0,0,0,0,0,0,0,0,0,0,0,2026/09/22
埼玉西武ライオンズ,甲斐野 央,投手,広島東洋カープ,,0,0,0,0,0,0,0,0,0,0,0,0,0,0,2026/09/22
埼玉西武ライオンズ,甲斐野 央,投手,阪神タイガース,,0,0,0,0,0,0,0,0,0,0,0,0,0,0,2026/09/22
埼玉西武ライオンズ,甲斐野 央,投手,千葉ロッテマリーンズ,,0,0,0,0,0,0,0,0,0,0,0,0,0,0,2026/09/22
埼玉西武ライオンズ,甲斐野 央,投手,中日ドラゴンズ,,0,0,0,0,0,0,0,0,0,0,0,0,0,0,2026/09/22
埼玉西武ライオンズ,甲斐野 央,投手,東京ヤクルトスワローズ,,0,0,0,0,0,0,0,0,0,0,0,0,0,0,2026/09/22
埼玉西武ライオンズ,甲斐野 央,投手,東北楽天ゴールデンイーグルス,,0,0,0,0,0,0,0,0,0,0,0,0,0,0,2026/09/22
埼玉西武ライオンズ,甲斐野 央,投手,読売ジャイアンツ,,0,0,0,0,0,0,0,0,0,0,0,0,0,0,2026/09/22
埼玉西武ライオンズ,甲斐野 央,投手,福岡ソフトバンクホークス,,0,0,0,0,0,0,0,0,0,0,0,0,0,0,2026/09/22
埼玉西武ライオンズ,甲斐野 央,投手,北海道日本ハムファイターズ,,0,0,0,0,0,0,0,0,0,0,0,0,0,0,2026/09/22
埼玉西武ライオンズ,山田 陽翔,投手,オリックス・バファローズ,,0,0,0,0,0,0,0,0,0,0,0,0,0,0,2026/09/22
埼玉西武ライオンズ,山田 陽翔,投手,横浜DeNAベイスターズ,,0,0,0,0,0,0,0,0,0,0,0,0,0,0,2026/09/22
埼玉西武ライオンズ,山田 陽翔,投手,広島東洋カープ,,0,0,0,0,0,0,0,0,0,0,0,0,0,0,2026/09/22
埼玉西武ライオンズ,山田 陽翔,投手,阪神タイガース,,0,0,0,0,0,0,0,0,0,0,0,0,0,0,2026/09/22
埼玉西武ライオンズ,山田 陽翔,投手,千葉ロッテマリーンズ,,0,0,0,0,0,0,0,0,0,0,0,0,0,0,2026/09/22
埼玉西武ライオンズ,山田 陽翔,投手,中日ドラゴンズ,,0,0,0,0,0,0,0,0,0,0,0,0,0,0,2026/09/22
埼玉西武ライオンズ,山田 陽翔,投手,東京ヤクルトスワローズ,,0,0,0,0,0,0,0,0,0,0,0,0,0,0,2026/09/22
埼玉西武ライオンズ,山田 陽翔,投手,東北楽天ゴールデンイーグルス,,0,0,0,0,0,0,0,0,0,0,0,0,0,0,2026/09/22
埼玉西武ライオンズ,山田 陽翔,投手,読売ジャイアンツ,,0,0,0,0,0,0,0,0,0,0,0,0,0,0,2026/09/22
埼玉西武ライオンズ,山田 陽翔,投手,福岡ソフトバンクホークス,,0,0,0,0,0,0,0,0,0,0,0,0,0,0,2026/09/22
埼玉西武ライオンズ,山田 陽翔,投手,北海道日本ハムファイターズ,,0,0,0,0,0,0,0,0,0,0,0,0,0,0,2026/09/22
埼玉西武ライオンズ,堀越 啓太,投手,オリックス・バファローズ,,0,0,0,0,0,0,0,0,0,0,0,0,0,0,2026/09/22
埼玉西武ライオンズ,堀越 啓太,投手,横浜DeNAベイスターズ,,0,0,0,0,0,0,0,0,0,0,0,0,0,0,2026/09/22
埼玉西武ライオンズ,堀越 啓太,投手,広島東洋カープ,,0,0,0,0,0,0,0,0,0,0,0,0,0,0,2026/09/22
埼玉西武ライオンズ,堀越 啓太,投手,阪神タイガース,,0,0,0,0,0,0,0,0,0,0,0,0,0,0,2026/09/22
埼玉西武ライオンズ,堀越 啓太,投手,千葉ロッテマリーンズ,,0,0,0,0,0,0,0,0,0,0,0,0,0,0,2026/09/22
埼玉西武ライオンズ,堀越 啓太,投手,中日ドラゴンズ,,0,0,0,0,0,0,0,0,0,0,0,0,0,0,2026/09/22
埼玉西武ライオンズ,堀越 啓太,投手,東京ヤクルトスワローズ,,0,0,0,0,0,0,0,0,0,0,0,0,0,0,2026/09/22
埼玉西武ライオンズ,堀越 啓太,投手,東北楽天ゴールデンイーグルス,,0,0,0,0,0,0,0,0,0,0,0,0,0,0,2026/09/22
埼玉西武ライオンズ,堀越 啓太,投手,読売ジャイアンツ,,0,0,0,0,0,0,0,0,0,0,0,0,0,0,2026/09/22
埼玉西武ライオンズ,堀越 啓太,投手,福岡ソフトバンクホークス,,0,0,0,0,0,0,0,0,0,0,0,0,0,0,2026/09/22
埼玉西武ライオンズ,堀越 啓太,投手,北海道日本ハムファイターズ,,0,0,0,0,0,0,0,0,0,0,0,0,0,0,2026/09/22
埼玉西武ライオンズ,成田 晴風,投手,オリックス・バファローズ,,0,0,0,0,0,0,0,0,0,0,0,0,0,0,2026/09/22
埼玉西武ライオンズ,成田 晴風,投手,横浜DeNAベイスターズ,,0,0,0,0,0,0,0,0,0,0,0,0,0,0,2026/09/22
埼玉西武ライオンズ,成田 晴風,投手,広島東洋カープ,,0,0,0,0,0,0,0,0,0,0,0,0,0,0,2026/09/22
埼玉西武ライオンズ,成田 晴風,投手,阪神タイガース,,0,0,0,0,0,0,0,0,0,0,0,0,0,0,2026/09/22
埼玉西武ライオンズ,成田 晴風,投手,千葉ロッテマリーンズ,,0,0,0,0,0,0,0,0,0,0,0,0,0,0,2026/09/22
埼玉西武ライオンズ,成田 晴風,投手,中日ドラゴンズ,,0,0,0,0,0,0,0,0,0,0,0,0,0,0,2026/09/22
埼玉西武ライオンズ,成田 晴風,投手,東京ヤクルトスワローズ,,0,0,0,0,0,0,0,0,0,0,0,0,0,0,2026/09/22
埼玉西武ライオンズ,成田 晴風,投手,東北楽天ゴールデンイーグルス,,0,0,0,0,0,0,0,0,0,0,0,0,0,0,2026/09/22
埼玉西武ライオンズ,成田 晴風,投手,読売ジャイアンツ,,0,0,0,0,0,0,0,0,0,0,0,0,0,0,2026/09/22
埼玉西武ライオンズ,成田 晴風,投手,福岡ソフトバンクホークス,,0,0,0,0,0,0,0,0,0,0,0,0,0,0,2026/09/22
埼玉西武ライオンズ,成田 晴風,投手,北海道日本ハムファイターズ,,0,0,0,0,0,0,0,0,0,0,0,0,0,0,2026/09/22
埼玉西武ライオンズ,ボー・タカハシ,投手,オリックス・バファローズ,,0,0,0,0,0,0,0,0,0,0,0,0,0,0,2026/09/22
埼玉西武ライオンズ,ボー・タカハシ,投手,横浜DeNAベイスターズ,,0,0,0,0,0,0,0,0,0,0,0,0,0,0,2026/09/22
埼玉西武ライオンズ,ボー・タカハシ,投手,広島東洋カープ,,0,0,0,0,0,0,0,0,0,0,0,0,0,0,2026/09/22
埼玉西武ライオンズ,ボー・タカハシ,投手,阪神タイガース,,0,0,0,0,0,0,0,0,0,0,0,0,0,0,2026/09/22
埼玉西武ライオンズ,ボー・タカハシ,投手,千葉ロッテマリーンズ,,0,0,0,0,0,0,0,0,0,0,0,0,0,0,2026/09/22
埼玉西武ライオンズ,ボー・タカハシ,投手,中日ドラゴンズ,,0,0,0,0,0,0,0,0,0,0,0,0,0,0,2026/09/22
埼玉西武ライオンズ,ボー・タカハシ,投手,東京ヤクルトスワローズ,,0,0,0,0,0,0,0,0,0,0,0,0,0,0,2026/09/22
埼玉西武ライオンズ,ボー・タカハシ,投手,東北楽天ゴールデンイーグルス,,0,0,0,0,0,0,0,0,0,0,0,0,0,0,2026/09/22
埼玉西武ライオンズ,ボー・タカハシ,投手,読売ジャイアンツ,,0,0,0,0,0,0,0,0,0,0,0,0,0,0,2026/09/22
埼玉西武ライオンズ,ボー・タカハシ,投手,福岡ソフトバンクホークス,,0,0,0,0,0,0,0,0,0,0,0,0,0,0,2026/09/22
埼玉西武ライオンズ,ボー・タカハシ,投手,北海道日本ハムファイターズ,,0,0,0,0,0,0,0,0,0,0,0,0,0,0,2026/09/22
埼玉西武ライオンズ,羽田 慎之介,投手,オリックス・バファローズ,,0,0,0,0,0,0,0,0,0,0,0,0,0,0,2026/09/22
埼玉西武ライオンズ,羽田 慎之介,投手,横浜DeNAベイスターズ,,0,0,0,0,0,0,0,0,0,0,0,0,0,0,2026/09/22
埼玉西武ライオンズ,羽田 慎之介,投手,広島東洋カープ,,0,0,0,0,0,0,0,0,0,0,0,0,0,0,2026/09/22
埼玉西武ライオンズ,羽田 慎之介,投手,阪神タイガース,,0,0,0,0,0,0,0,0,0,0,0,0,0,0,2026/09/22
埼玉西武ライオンズ,羽田 慎之介,投手,千葉ロッテマリーンズ,,0,0,0,0,0,0,0,0,0,0,0,0,0,0,2026/09/22
埼玉西武ライオンズ,羽田 慎之介,投手,中日ドラゴンズ,,0,0,0,0,0,0,0,0,0,0,0,0,0,0,2026/09/22
埼玉西武ライオンズ,羽田 慎之介,投手,東京ヤクルトスワローズ,,0,0,0,0,0,0,0,0,0,0,0,0,0,0,2026/09/22
埼玉西武ライオンズ,羽田 慎之介,投手,東北楽天ゴールデンイーグルス,,0,0,0,0,0,0,0,0,0,0,0,0,0,0,2026/09/22
埼玉西武ライオンズ,羽田 慎之介,投手,読売ジャイアンツ,,0,0,0,0,0,0,0,0,0,0,0,0,0,0,2026/09/22
埼玉西武ライオンズ,羽田 慎之介,投手,福岡ソフトバンクホークス,,0,0,0,0,0,0,0,0,0,0,0,0,0,0,2026/09/22
埼玉西武ライオンズ,羽田 慎之介,投手,北海道日本ハムファイターズ,,0,0,0,0,0,0,0,0,0,0,0,0,0,0,2026/09/22
埼玉西武ライオンズ,ウィンゲンター,投手,オリックス・バファローズ,,0,0,0,0,0,0,0,0,0,0,0,0,0,0,2026/09/22
埼玉西武ライオンズ,ウィンゲンター,投手,横浜DeNAベイスターズ,,0,0,0,0,0,0,0,0,0,0,0,0,0,0,2026/09/22
埼玉西武ライオンズ,ウィンゲンター,投手,広島東洋カープ,,0,0,0,0,0,0,0,0,0,0,0,0,0,0,2026/09/22
埼玉西武ライオンズ,ウィンゲンター,投手,阪神タイガース,,0,0,0,0,0,0,0,0,0,0,0,0,0,0,2026/09/22
埼玉西武ライオンズ,ウィンゲンター,投手,千葉ロッテマリーンズ,,0,0,0,0,0,0,0,0,0,0,0,0,0,0,2026/09/22
埼玉西武ライオンズ,ウィンゲンター,投手,中日ドラゴンズ,,0,0,0,0,0,0,0,0,0,0,0,0,0,0,2026/09/22
埼玉西武ライオンズ,ウィンゲンター,投手,東京ヤクルトスワローズ,,0,0,0,0,0,0,0,0,0,0,0,0,0,0,2026/09/22
埼玉西武ライオンズ,ウィンゲンター,投手,東北楽天ゴールデンイーグルス,,0,0,0,0,0,0,0,0,0,0,0,0,0,0,2026/09/22
埼玉西武ライオンズ,ウィンゲンター,投手,読売ジャイアンツ,,0,0,0,0,0,0,0,0,0,0,0,0,0,0,2026/09/22
埼玉西武ライオンズ,ウィンゲンター,投手,福岡ソフトバンクホークス,,0,0,0,0,0,0,0,0,0,0,0,0,0,0,2026/09/22
埼玉西武ライオンズ,ウィンゲンター,投手,北海道日本ハムファイターズ,,0,0,0,0,0,0,0,0,0,0,0,0,0,0,2026/09/22
埼玉西武ライオンズ,狩生 聖真,投手,オリックス・バファローズ,,0,0,0,0,0,0,0,0,0,0,0,0,0,0,2026/09/22
埼玉西武ライオンズ,狩生 聖真,投手,横浜DeNAベイスターズ,,0,0,0,0,0,0,0,0,0,0,0,0,0,0,2026/09/22
埼玉西武ライオンズ,狩生 聖真,投手,広島東洋カープ,,0,0,0,0,0,0,0,0,0,0,0,0,0,0,2026/09/22
埼玉西武ライオンズ,狩生 聖真,投手,阪神タイガース,,0,0,0,0,0,0,0,0,0,0,0,0,0,0,2026/09/22
埼玉西武ライオンズ,狩生 聖真,投手,千葉ロッテマリーンズ,,0,0,0,0,0,0,0,0,0,0,0,0,0,0,2026/09/22
埼玉西武ライオンズ,狩生 聖真,投手,中日ドラゴンズ,,0,0,0,0,0,0,0,0,0,0,0,0,0,0,2026/09/22
埼玉西武ライオンズ,狩生 聖真,投手,東京ヤクルトスワローズ,,0,0,0,0,0,0,0,0,0,0,0,0,0,0,2026/09/22
埼玉西武ライオンズ,狩生 聖真,投手,東北楽天ゴールデンイーグルス,,0,0,0,0,0,0,0,0,0,0,0,0,0,0,2026/09/22
埼玉西武ライオンズ,狩生 聖真,投手,読売ジャイアンツ,,0,0,0,0,0,0,0,0,0,0,0,0,0,0,2026/09/22
埼玉西武ライオンズ,狩生 聖真,投手,福岡ソフトバンクホークス,,0,0,0,0,0,0,0,0,0,0,0,0,0,0,2026/09/22
埼玉西武ライオンズ,狩生 聖真,投手,北海道日本ハムファイターズ,,0,0,0,0,0,0,0,0,0,0,0,0,0,0,2026/09/22
埼玉西武ライオンズ,杉山 遙希,投手,オリックス・バファローズ,,0,0,0,0,0,0,0,0,0,0,0,0,0,0,2026/09/22
埼玉西武ライオンズ,杉山 遙希,投手,横浜DeNAベイスターズ,,0,0,0,0,0,0,0,0,0,0,0,0,0,0,2026/09/22
埼玉西武ライオンズ,杉山 遙希,投手,広島東洋カープ,,0,0,0,0,0,0,0,0,0,0,0,0,0,0,2026/09/22
埼玉西武ライオンズ,杉山 遙希,投手,阪神タイガース,,0,0,0,0,0,0,0,0,0,0,0,0,0,0,2026/09/22
埼玉西武ライオンズ,杉山 遙希,投手,千葉ロッテマリーンズ,,0,0,0,0,0,0,0,0,0,0,0,0,0,0,2026/09/22
埼玉西武ライオンズ,杉山 遙希,投手,中日ドラゴンズ,,0,0,0,0,0,0,0,0,0,0,0,0,0,0,2026/09/22
埼玉西武ライオンズ,杉山 遙希,投手,東京ヤクルトスワローズ,,0,0,0,0,0,0,0,0,0,0,0,0,0,0,2026/09/22
埼玉西武ライオンズ,杉山 遙希,投手,東北楽天ゴールデンイーグルス,,0,0,0,0,0,0,0,0,0,0,0,0,0,0,2026/09/22
埼玉西武ライオンズ,杉山 遙希,投手,読売ジャイアンツ,,0,0,0,0,0,0,0,0,0,0,0,0,0,0,2026/09/22
埼玉西武ライオンズ,杉山 遙希,投手,福岡ソフトバンクホークス,,0,0,0,0,0,0,0,0,0,0,0,0,0,0,2026/09/22
埼玉西武ライオンズ,杉山 遙希,投手,北海道日本ハムファイターズ,,0,0,0,0,0,0,0,0,0,0,0,0,0,0,2026/09/22
埼玉西武ライオンズ,篠原 響,投手,オリックス・バファローズ,,0,0,0,0,0,0,0,0,0,0,0,0,0,0,2026/09/22
埼玉西武ライオンズ,篠原 響,投手,横浜DeNAベイスターズ,,0,0,0,0,0,0,0,0,0,0,0,0,0,0,2026/09/22
埼玉西武ライオンズ,篠原 響,投手,広島東洋カープ,,0,0,0,0,0,0,0,0,0,0,0,0,0,0,2026/09/22
埼玉西武ライオンズ,篠原 響,投手,阪神タイガース,,0,0,0,0,0,0,0,0,0,0,0,0,0,0,2026/09/22
埼玉西武ライオンズ,篠原 響,投手,千葉ロッテマリーンズ,,0,0,0,0,0,0,0,0,0,0,0,0,0,0,2026/09/22
埼玉西武ライオンズ,篠原 響,投手,中日ドラゴンズ,,0,0,0,0,0,0,0,0,0,0,0,0,0,0,2026/09/22
埼玉西武ライオンズ,篠原 響,投手,東京ヤクルトスワローズ,,0,0,0,0,0,0,0,0,0,0,0,0,0,0,2026/09/22
埼玉西武ライオンズ,篠原 響,投手,東北楽天ゴールデンイーグルス,,0,0,0,0,0,0,0,0,0,0,0,0,0,0,2026/09/22
埼玉西武ライオンズ,篠原 響,投手,読売ジャイアンツ,,0,0,0,0,0,0,0,0,0,0,0,0,0,0,2026/09/22
埼玉西武ライオンズ,篠原 響,投手,福岡ソフトバンクホークス,,0,0,0,0,0,0,0,0,0,0,0,0,0,0,2026/09/22
埼玉西武ライオンズ,篠原 響,投手,北海道日本ハムファイターズ,,0,0,0,0,0,0,0,0,0,0,0,0,0,0,2026/09/22
埼玉西武ライオンズ,黒木 優太,投手,オリックス・バファローズ,,0,0,0,0,0,0,0,0,0,0,0,0,0,0,2026/09/22
埼玉西武ライオンズ,黒木 優太,投手,横浜DeNAベイスターズ,,0,0,0,0,0,0,0,0,0,0,0,0,0,0,2026/09/22
埼玉西武ライオンズ,黒木 優太,投手,広島東洋カープ,,0,0,0,0,0,0,0,0,0,0,0,0,0,0,2026/09/22
埼玉西武ライオンズ,黒木 優太,投手,阪神タイガース,,0,0,0,0,0,0,0,0,0,0,0,0,0,0,2026/09/22
埼玉西武ライオンズ,黒木 優太,投手,千葉ロッテマリーンズ,,0,0,0,0,0,0,0,0,0,0,0,0,0,0,2026/09/22
埼玉西武ライオンズ,黒木 優太,投手,中日ドラゴンズ,,0,0,0,0,0,0,0,0,0,0,0,0,0,0,2026/09/22
埼玉西武ライオンズ,黒木 優太,投手,東京ヤクルトスワローズ,,0,0,0,0,0,0,0,0,0,0,0,0,0,0,2026/09/22
埼玉西武ライオンズ,黒木 優太,投手,東北楽天ゴールデンイーグルス,,0,0,0,0,0,0,0,0,0,0,0,0,0,0,2026/09/22
埼玉西武ライオンズ,黒木 優太,投手,読売ジャイアンツ,,0,0,0,0,0,0,0,0,0,0,0,0,0,0,2026/09/22
埼玉西武ライオンズ,黒木 優太,投手,福岡ソフトバンクホークス,,0,0,0,0,0,0,0,0,0,0,0,0,0,0,2026/09/22
埼玉西武ライオンズ,黒木 優太,投手,北海道日本ハムファイターズ,,0,0,0,0,0,0,0,0,0,0,0,0,0,0,2026/09/22
埼玉西武ライオンズ,Ｅ．ラミレス,投手,オリックス・バファローズ,,0,0,0,0,0,0,0,0,0,0,0,0,0,0,2026/09/22
埼玉西武ライオンズ,Ｅ．ラミレス,投手,横浜DeNAベイスターズ,,0,0,0,0,0,0,0,0,0,0,0,0,0,0,2026/09/22
埼玉西武ライオンズ,Ｅ．ラミレス,投手,広島東洋カープ,,0,0,0,0,0,0,0,0,0,0,0,0,0,0,2026/09/22
埼玉西武ライオンズ,Ｅ．ラミレス,投手,阪神タイガース,,0,0,0,0,0,0,0,0,0,0,0,0,0,0,2026/09/22
埼玉西武ライオンズ,Ｅ．ラミレス,投手,千葉ロッテマリーンズ,,0,0,0,0,0,0,0,0,0,0,0,0,0,0,2026/09/22
埼玉西武ライオンズ,Ｅ．ラミレス,投手,中日ドラゴンズ,,0,0,0,0,0,0,0,0,0,0,0,0,0,0,2026/09/22
埼玉西武ライオンズ,Ｅ．ラミレス,投手,東京ヤクルトスワローズ,,0,0,0,0,0,0,0,0,0,0,0,0,0,0,2026/09/22
埼玉西武ライオンズ,Ｅ．ラミレス,投手,東北楽天ゴールデンイーグルス,,0,0,0,0,0,0,0,0,0,0,0,0,0,0,2026/09/22
埼玉西武ライオンズ,Ｅ．ラミレス,投手,読売ジャイアンツ,,0,0,0,0,0,0,0,0,0,0,0,0,0,0,2026/09/22
埼玉西武ライオンズ,Ｅ．ラミレス,投手,福岡ソフトバンクホークス,,0,0,0,0,0,0,0,0,0,0,0,0,0,0,2026/09/22
埼玉西武ライオンズ,Ｅ．ラミレス,投手,北海道日本ハムファイターズ,,0,0,0,0,0,0,0,0,0,0,0,0,0,0,2026/09/22
埼玉西武ライオンズ,黒田 将矢,投手,オリックス・バファローズ,,0,0,0,0,0,0,0,0,0,0,0,0,0,0,2026/09/22
埼玉西武ライオンズ,黒田 将矢,投手,横浜DeNAベイスターズ,,0,0,0,0,0,0,0,0,0,0,0,0,0,0,2026/09/22
埼玉西武ライオンズ,黒田 将矢,投手,広島東洋カープ,,0,0,0,0,0,0,0,0,0,0,0,0,0,0,2026/09/22
埼玉西武ライオンズ,黒田 将矢,投手,阪神タイガース,,0,0,0,0,0,0,0,0,0,0,0,0,0,0,2026/09/22
埼玉西武ライオンズ,黒田 将矢,投手,千葉ロッテマリーンズ,,0,0,0,0,0,0,0,0,0,0,0,0,0,0,2026/09/22
埼玉西武ライオンズ,黒田 将矢,投手,中日ドラゴンズ,,0,0,0,0,0,0,0,0,0,0,0,0,0,0,2026/09/22
埼玉西武ライオンズ,黒田 将矢,投手,東京ヤクルトスワローズ,,0,0,0,0,0,0,0,0,0,0,0,0,0,0,2026/09/22
埼玉西武ライオンズ,黒田 将矢,投手,東北楽天ゴールデンイーグルス,,0,0,0,0,0,0,0,0,0,0,0,0,0,0,2026/09/22
埼玉西武ライオンズ,黒田 将矢,投手,読売ジャイアンツ,,0,0,0,0,0,0,0,0,0,0,0,0,0,0,2026/09/22
埼玉西武ライオンズ,黒田 将矢,投手,福岡ソフトバンクホークス,,0,0,0,0,0,0,0,0,0,0,0,0,0,0,2026/09/22
埼玉西武ライオンズ,黒田 将矢,投手,北海道日本ハムファイターズ,,0,0,0,0,0,0,0,0,0,0,0,0,0,0,2026/09/22
埼玉西武ライオンズ,中村 祐太,投手,オリックス・バファローズ,,0,0,0,0,0,0,0,0,0,0,0,0,0,0,2026/09/22
埼玉西武ライオンズ,中村 祐太,投手,横浜DeNAベイスターズ,,0,0,0,0,0,0,0,0,0,0,0,0,0,0,2026/09/22
埼玉西武ライオンズ,中村 祐太,投手,広島東洋カープ,,0,0,0,0,0,0,0,0,0,0,0,0,0,0,2026/09/22
埼玉西武ライオンズ,中村 祐太,投手,阪神タイガース,,0,0,0,0,0,0,0,0,0,0,0,0,0,0,2026/09/22
埼玉西武ライオンズ,中村 祐太,投手,千葉ロッテマリーンズ,,0,0,0,0,0,0,0,0,0,0,0,0,0,0,2026/09/22
埼玉西武ライオンズ,中村 祐太,投手,中日ドラゴンズ,,0,0,0,0,0,0,0,0,0,0,0,0,0,0,2026/09/22
埼玉西武ライオンズ,中村 祐太,投手,東京ヤクルトスワローズ,,0,0,0,0,0,0,0,0,0,0,0,0,0,0,2026/09/22
埼玉西武ライオンズ,中村 祐太,投手,東北楽天ゴールデンイーグルス,,0,0,0,0,0,0,0,0,0,0,0,0,0,0,2026/09/22
埼玉西武ライオンズ,中村 祐太,投手,読売ジャイアンツ,,0,0,0,0,0,0,0,0,0,0,0,0,0,0,2026/09/22
埼玉西武ライオンズ,中村 祐太,投手,福岡ソフトバンクホークス,,0,0,0,0,0,0,0,0,0,0,0,0,0,0,2026/09/22
埼玉西武ライオンズ,中村 祐太,投手,北海道日本ハムファイターズ,,0,0,0,0,0,0,0,0,0,0,0,0,0,0,2026/09/22
埼玉西武ライオンズ,平良 海馬,投手,オリックス・バファローズ,,0,0,0,0,0,0,0,0,0,0,0,0,0,0,2026/09/22
埼玉西武ライオンズ,平良 海馬,投手,横浜DeNAベイスターズ,,0,0,0,0,0,0,0,0,0,0,0,0,0,0,2026/09/22
埼玉西武ライオンズ,平良 海馬,投手,広島東洋カープ,,0,0,0,0,0,0,0,0,0,0,0,0,0,0,2026/09/22
埼玉西武ライオンズ,平良 海馬,投手,阪神タイガース,0.000,3,3,0,0,0,0,0,0,2,0,0,0,0,1,2026/09/22
埼玉西武ライオンズ,平良 海馬,投手,千葉ロッテマリーンズ,,0,0,0,0,0,0,0,0,0,0,0,0,0,0,2026/09/22
埼玉西武ライオンズ,平良 海馬,投手,中日ドラゴンズ,,0,0,0,0,0,0,0,0,0,0,0,0,0,0,2026/09/22
埼玉西武ライオンズ,平良 海馬,投手,東京ヤクルトスワローズ,0.500,2,2,1,1,0,0,0,0,2,0,0,0,0,1,2026/09/22
埼玉西武ライオンズ,平良 海馬,投手,東北楽天ゴールデンイーグルス,,0,0,0,0,0,0,0,0,0,0,0,0,0,0,2026/09/22
埼玉西武ライオンズ,平良 海馬,投手,読売ジャイアンツ,,0,0,0,0,0,0,0,0,0,0,0,0,0,0,2026/09/22
埼玉西武ライオンズ,平良 海馬,投手,福岡ソフトバンクホークス,,0,0,0,0,0,0,0,0,0,0,0,0,0,0,2026/09/22
埼玉西武ライオンズ,平良 海馬,投手,北海道日本ハムファイターズ,,0,0,0,0,0,0,0,0,0,0,0,0,0,0,2026/09/22
埼玉西武ライオンズ,冨士 大和,投手,オリックス・バファローズ,,0,0,0,0,0,0,0,0,0,0,0,0,0,0,2026/09/22
埼玉西武ライオンズ,冨士 大和,投手,横浜DeNAベイスターズ,,0,0,0,0,0,0,0,0,0,0,0,0,0,0,2026/09/22
埼玉西武ライオンズ,冨士 大和,投手,広島東洋カープ,,0,0,0,0,0,0,0,0,0,0,0,0,0,0,2026/09/22
埼玉西武ライオンズ,冨士 大和,投手,阪神タイガース,,0,0,0,0,0,0,0,0,0,0,0,0,0,0,2026/09/22
埼玉西武ライオンズ,冨士 大和,投手,千葉ロッテマリーンズ,,0,0,0,0,0,0,0,0,0,0,0,0,0,0,2026/09/22
埼玉西武ライオンズ,冨士 大和,投手,中日ドラゴンズ,,0,0,0,0,0,0,0,0,0,0,0,0,0,0,2026/09/22
埼玉西武ライオンズ,冨士 大和,投手,東京ヤクルトスワローズ,,0,0,0,0,0,0,0,0,0,0,0,0,0,0,2026/09/22
埼玉西武ライオンズ,冨士 大和,投手,東北楽天ゴールデンイーグルス,,0,0,0,0,0,0,0,0,0,0,0,0,0,0,2026/09/22
埼玉西武ライオンズ,冨士 大和,投手,読売ジャイアンツ,,0,0,0,0,0,0,0,0,0,0,0,0,0,0,2026/09/22
埼玉西武ライオンズ,冨士 大和,投手,福岡ソフトバンクホークス,,0,0,0,0,0,0,0,0,0,0,0,0,0,0,2026/09/22
埼玉西武ライオンズ,冨士 大和,投手,北海道日本ハムファイターズ,,0,0,0,0,0,0,0,0,0,0,0,0,0,0,2026/09/22
埼玉西武ライオンズ,豆田 泰志,投手,オリックス・バファローズ,,0,0,0,0,0,0,0,0,0,0,0,0,0,0,2026/09/22
埼玉西武ライオンズ,豆田 泰志,投手,横浜DeNAベイスターズ,,0,0,0,0,0,0,0,0,0,0,0,0,0,0,2026/09/22
埼玉西武ライオンズ,豆田 泰志,投手,広島東洋カープ,,0,0,0,0,0,0,0,0,0,0,0,0,0,0,2026/09/22
埼玉西武ライオンズ,豆田 泰志,投手,阪神タイガース,,0,0,0,0,0,0,0,0,0,0,0,0,0,0,2026/09/22
埼玉西武ライオンズ,豆田 泰志,投手,千葉ロッテマリーンズ,,0,0,0,0,0,0,0,0,0,0,0,0,0,0,2026/09/22
埼玉西武ライオンズ,豆田 泰志,投手,中日ドラゴンズ,,0,0,0,0,0,0,0,0,0,0,0,0,0,0,2026/09/22
埼玉西武ライオンズ,豆田 泰志,投手,東京ヤクルトスワローズ,,0,0,0,0,0,0,0,0,0,0,0,0,0,0,2026/09/22
埼玉西武ライオンズ,豆田 泰志,投手,東北楽天ゴールデンイーグルス,,0,0,0,0,0,0,0,0,0,0,0,0,0,0,2026/09/22
埼玉西武ライオンズ,豆田 泰志,投手,読売ジャイアンツ,,0,0,0,0,0,0,0,0,0,0,0,0,0,0,2026/09/22
埼玉西武ライオンズ,豆田 泰志,投手,福岡ソフトバンクホークス,,0,0,0,0,0,0,0,0,0,0,0,0,0,0,2026/09/22
埼玉西武ライオンズ,豆田 泰志,投手,北海道日本ハムファイターズ,,0,0,0,0,0,0,0,0,0,0,0,0,0,0,2026/09/22
埼玉西武ライオンズ,菅井 信也,投手,オリックス・バファローズ,,0,0,0,0,0,0,0,0,0,0,0,0,0,0,2026/09/22
埼玉西武ライオンズ,菅井 信也,投手,横浜DeNAベイスターズ,,0,0,0,0,0,0,0,0,0,0,0,0,0,0,2026/09/22
埼玉西武ライオンズ,菅井 信也,投手,広島東洋カープ,,0,0,0,0,0,0,0,0,0,0,0,0,0,0,2026/09/22
埼玉西武ライオンズ,菅井 信也,投手,阪神タイガース,,0,0,0,0,0,0,0,0,0,0,0,0,0,0,2026/09/22
埼玉西武ライオンズ,菅井 信也,投手,千葉ロッテマリーンズ,,0,0,0,0,0,0,0,0,0,0,0,0,0,0,2026/09/22
埼玉西武ライオンズ,菅井 信也,投手,中日ドラゴンズ,,0,0,0,0,0,0,0,0,0,0,0,0,0,0,2026/09/22
埼玉西武ライオンズ,菅井 信也,投手,東京ヤクルトスワローズ,,0,0,0,0,0,0,0,0,0,0,0,0,0,0,2026/09/22
埼玉西武ライオンズ,菅井 信也,投手,東北楽天ゴールデンイーグルス,,0,0,0,0,0,0,0,0,0,0,0,0,0,0,2026/09/22
埼玉西武ライオンズ,菅井 信也,投手,読売ジャイアンツ,,0,0,0,0,0,0,0,0,0,0,0,0,0,0,2026/09/22
埼玉西武ライオンズ,菅井 信也,投手,福岡ソフトバンクホークス,,0,0,0,0,0,0,0,0,0,0,0,0,0,0,2026/09/22
埼玉西武ライオンズ,菅井 信也,投手,北海道日本ハムファイターズ,,0,0,0,0,0,0,0,0,0,0,0,0,0,0,2026/09/22
埼玉西武ライオンズ,佐藤 爽,投手,オリックス・バファローズ,,0,0,0,0,0,0,0,0,0,0,0,0,0,0,2026/09/22
埼玉西武ライオンズ,佐藤 爽,投手,横浜DeNAベイスターズ,,0,0,0,0,0,0,0,0,0,0,0,0,0,0,2026/09/22
埼玉西武ライオンズ,佐藤 爽,投手,広島東洋カープ,,0,0,0,0,0,0,0,0,0,0,0,0,0,0,2026/09/22
埼玉西武ライオンズ,佐藤 爽,投手,阪神タイガース,,0,0,0,0,0,0,0,0,0,0,0,0,0,0,2026/09/22
埼玉西武ライオンズ,佐藤 爽,投手,千葉ロッテマリーンズ,,0,0,0,0,0,0,0,0,0,0,0,0,0,0,2026/09/22
埼玉西武ライオンズ,佐藤 爽,投手,中日ドラゴンズ,,0,0,0,0,0,0,0,0,0,0,0,0,0,0,2026/09/22
埼玉西武ライオンズ,佐藤 爽,投手,東京ヤクルトスワローズ,,0,0,0,0,0,0,0,0,0,0,0,0,0,0,2026/09/22
埼玉西武ライオンズ,佐藤 爽,投手,東北楽天ゴールデンイーグルス,,0,0,0,0,0,0,0,0,0,0,0,0,0,0,2026/09/22
埼玉西武ライオンズ,佐藤 爽,投手,読売ジャイアンツ,,0,0,0,0,0,0,0,0,0,0,0,0,0,0,2026/09/22
埼玉西武ライオンズ,佐藤 爽,投手,福岡ソフトバンクホークス,,0,0,0,0,0,0,0,0,0,0,0,0,0,0,2026/09/22
埼玉西武ライオンズ,佐藤 爽,投手,北海道日本ハムファイターズ,,0,0,0,0,0,0,0,0,0,0,0,0,0,0,2026/09/22
埼玉西武ライオンズ,浜屋 将太,投手,オリックス・バファローズ,,0,0,0,0,0,0,0,0,0,0,0,0,0,0,2026/09/22
埼玉西武ライオンズ,浜屋 将太,投手,横浜DeNAベイスターズ,,0,0,0,0,0,0,0,0,0,0,0,0,0,0,2026/09/22
埼玉西武ライオンズ,浜屋 将太,投手,広島東洋カープ,,0,0,0,0,0,0,0,0,0,0,0,0,0,0,2026/09/22
埼玉西武ライオンズ,浜屋 将太,投手,阪神タイガース,,0,0,0,0,0,0,0,0,0,0,0,0,0,0,2026/09/22
埼玉西武ライオンズ,浜屋 将太,投手,千葉ロッテマリーンズ,,0,0,0,0,0,0,0,0,0,0,0,0,0,0,2026/09/22
埼玉西武ライオンズ,浜屋 将太,投手,中日ドラゴンズ,,0,0,0,0,0,0,0,0,0,0,0,0,0,0,2026/09/22
埼玉西武ライオンズ,浜屋 将太,投手,東京ヤクルトスワローズ,,0,0,0,0,0,0,0,0,0,0,0,0,0,0,2026/09/22
埼玉西武ライオンズ,浜屋 将太,投手,東北楽天ゴールデンイーグルス,,0,0,0,0,0,0,0,0,0,0,0,0,0,0,2026/09/22
埼玉西武ライオンズ,浜屋 将太,投手,読売ジャイアンツ,,0,0,0,0,0,0,0,0,0,0,0,0,0,0,2026/09/22
埼玉西武ライオンズ,浜屋 将太,投手,福岡ソフトバンクホークス,,0,0,0,0,0,0,0,0,0,0,0,0,0,0,2026/09/22
埼玉西武ライオンズ,浜屋 将太,投手,北海道日本ハムファイターズ,,0,0,0,0,0,0,0,0,0,0,0,0,0,0,2026/09/22
埼玉西武ライオンズ,小島 大河,捕手,オリックス・バファローズ,0.349,63,63,22,18,3,0,1,10,9,0,0,0,0,19,2026/09/22
埼玉西武ライオンズ,小島 大河,捕手,横浜DeNAベイスターズ,0.222,9,9,2,1,1,0,0,1,1,0,0,0,0,2,2026/09/22
埼玉西武ライオンズ,小島 大河,捕手,広島東洋カープ,0.429,9,7,3,2,1,0,0,2,2,2,0,0,0,2,2026/09/22
埼玉西武ライオンズ,小島 大河,捕手,阪神タイガース,0.125,8,8,1,1,0,0,0,0,0,0,0,0,0,2,2026/09/22
埼玉西武ライオンズ,小島 大河,捕手,千葉ロッテマリーンズ,0.143,54,49,7,6,0,0,1,2,5,4,0,1,0,16,2026/09/22
埼玉西武ライオンズ,小島 大河,捕手,中日ドラゴンズ,0.250,4,4,1,0,1,0,0,0,2,0,0,0,0,1,2026/09/22
埼玉西武ライオンズ,小島 大河,捕手,東京ヤクルトスワローズ,0.429,8,7,3,3,0,0,0,0,0,1,0,0,0,3,2026/09/22
埼玉西武ライオンズ,小島 大河,捕手,東北楽天ゴールデンイーグルス,0.306,69,62,19,15,2,0,2,6,5,6,0,1,0,17,2026/09/22
埼玉西武ライオンズ,小島 大河,捕手,読売ジャイアンツ,0.250,4,4,1,1,0,0,0,0,0,0,0,0,0,1,2026/09/22
埼玉西武ライオンズ,小島 大河,捕手,福岡ソフトバンクホークス,0.256,44,43,11,6,2,0,3,8,3,1,0,0,0,14,2026/09/22
埼玉西武ライオンズ,小島 大河,捕手,北海道日本ハムファイターズ,0.275,58,51,14,12,0,0,2,7,7,5,1,0,1,14,2026/09/22
埼玉西武ライオンズ,古賀 悠斗,捕手,オリックス・バファローズ,0.267,51,45,12,9,1,1,1,4,8,2,3,0,1,14,2026/09/22
埼玉西武ライオンズ,古賀 悠斗,捕手,横浜DeNAベイスターズ,0.500,9,8,4,3,0,0,1,3,1,1,0,0,0,2,2026/09/22
埼玉西武ライオンズ,古賀 悠斗,捕手,広島東洋カープ,0.250,15,12,3,2,1,0,0,4,4,2,1,0,0,3,2026/09/22
埼玉西武ライオンズ,古賀 悠斗,捕手,阪神タイガース,0.250,4,4,1,1,0,0,0,0,1,0,0,0,0,2,2026/09/22
埼玉西武ライオンズ,古賀 悠斗,捕手,千葉ロッテマリーンズ,0.316,20,19,6,5,1,0,0,0,5,1,0,0,0,10,2026/09/22
埼玉西武ライオンズ,古賀 悠斗,捕手,中日ドラゴンズ,0.250,6,4,1,0,1,0,0,2,0,2,0,0,0,2,2026/09/22
埼玉西武ライオンズ,古賀 悠斗,捕手,東京ヤクルトスワローズ,0.500,7,4,2,2,0,0,0,0,1,3,0,0,0,3,2026/09/22
埼玉西武ライオンズ,古賀 悠斗,捕手,東北楽天ゴールデンイーグルス,0.161,39,31,5,3,1,0,1,6,9,7,1,0,0,13,2026/09/22
埼玉西武ライオンズ,古賀 悠斗,捕手,読売ジャイアンツ,0.400,10,10,4,4,0,0,0,1,2,0,0,0,0,3,2026/09/22
埼玉西武ライオンズ,古賀 悠斗,捕手,福岡ソフトバンクホークス,0.233,36,30,7,4,2,0,1,6,7,3,2,1,0,11,2026/09/22
埼玉西武ライオンズ,古賀 悠斗,捕手,北海道日本ハムファイターズ,0.216,43,37,8,8,0,0,0,1,8,5,1,0,0,14,2026/09/22
埼玉西武ライオンズ,炭谷 銀仁朗,捕手,オリックス・バファローズ,,0,0,0,0,0,0,0,0,0,0,0,0,0,0,2026/09/22
埼玉西武ライオンズ,炭谷 銀仁朗,捕手,横浜DeNAベイスターズ,,0,0,0,0,0,0,0,0,0,0,0,0,0,0,2026/09/22
埼玉西武ライオンズ,炭谷 銀仁朗,捕手,広島東洋カープ,,0,0,0,0,0,0,0,0,0,0,0,0,0,0,2026/09/22
埼玉西武ライオンズ,炭谷 銀仁朗,捕手,阪神タイガース,,0,0,0,0,0,0,0,0,0,0,0,0,0,0,2026/09/22
埼玉西武ライオンズ,炭谷 銀仁朗,捕手,千葉ロッテマリーンズ,,0,0,0,0,0,0,0,0,0,0,0,0,0,0,2026/09/22
埼玉西武ライオンズ,炭谷 銀仁朗,捕手,中日ドラゴンズ,,0,0,0,0,0,0,0,0,0,0,0,0,0,0,2026/09/22
埼玉西武ライオンズ,炭谷 銀仁朗,捕手,東京ヤクルトスワローズ,,0,0,0,0,0,0,0,0,0,0,0,0,0,0,2026/09/22
埼玉西武ライオンズ,炭谷 銀仁朗,捕手,東北楽天ゴールデンイーグルス,,0,0,0,0,0,0,0,0,0,0,0,0,0,0,2026/09/22
埼玉西武ライオンズ,炭谷 銀仁朗,捕手,読売ジャイアンツ,,0,0,0,0,0,0,0,0,0,0,0,0,0,0,2026/09/22
埼玉西武ライオンズ,炭谷 銀仁朗,捕手,福岡ソフトバンクホークス,,0,0,0,0,0,0,0,0,0,0,0,0,0,0,2026/09/22
埼玉西武ライオンズ,炭谷 銀仁朗,捕手,北海道日本ハムファイターズ,,0,0,0,0,0,0,0,0,0,0,0,0,0,0,2026/09/22
埼玉西武ライオンズ,柘植 世那,捕手,オリックス・バファローズ,,0,0,0,0,0,0,0,0,0,0,0,0,0,0,2026/09/22
埼玉西武ライオンズ,柘植 世那,捕手,横浜DeNAベイスターズ,,0,0,0,0,0,0,0,0,0,0,0,0,0,1,2026/09/22
埼玉西武ライオンズ,柘植 世那,捕手,広島東洋カープ,,0,0,0,0,0,0,0,0,0,0,0,0,0,0,2026/09/22
埼玉西武ライオンズ,柘植 世那,捕手,阪神タイガース,,0,0,0,0,0,0,0,0,0,0,0,0,0,0,2026/09/22
埼玉西武ライオンズ,柘植 世那,捕手,千葉ロッテマリーンズ,0.500,10,8,4,4,0,0,0,1,1,1,1,0,0,2,2026/09/22
埼玉西武ライオンズ,柘植 世那,捕手,中日ドラゴンズ,0.667,3,3,2,2,0,0,0,0,0,0,0,0,0,1,2026/09/22
埼玉西武ライオンズ,柘植 世那,捕手,東京ヤクルトスワローズ,0.000,1,1,0,0,0,0,0,0,1,0,0,0,0,1,2026/09/22
埼玉西武ライオンズ,柘植 世那,捕手,東北楽天ゴールデンイーグルス,0.308,13,13,4,3,1,0,0,0,1,0,0,0,0,4,2026/09/22
埼玉西武ライオンズ,柘植 世那,捕手,読売ジャイアンツ,0.333,4,3,1,0,1,0,0,0,0,0,1,0,0,1,2026/09/22
埼玉西武ライオンズ,柘植 世那,捕手,福岡ソフトバンクホークス,0.333,13,12,4,3,0,0,1,1,3,0,1,0,0,6,2026/09/22
埼玉西武ライオンズ,柘植 世那,捕手,北海道日本ハムファイターズ,0.143,7,7,1,1,0,0,0,0,3,0,0,0,0,4,2026/09/22
埼玉西武ライオンズ,牧野 翔矢,捕手,オリックス・バファローズ,,0,0,0,0,0,0,0,0,0,0,0,0,0,0,2026/09/22
埼玉西武ライオンズ,牧野 翔矢,捕手,横浜DeNAベイスターズ,,0,0,0,0,0,0,0,0,0,0,0,0,0,0,2026/09/22
埼玉西武ライオンズ,牧野 翔矢,捕手,広島東洋カープ,,0,0,0,0,0,0,0,0,0,0,0,0,0,0,2026/09/22
埼玉西武ライオンズ,牧野 翔矢,捕手,阪神タイガース,,0,0,0,0,0,0,0,0,0,0,0,0,0,0,2026/09/22
埼玉西武ライオンズ,牧野 翔矢,捕手,千葉ロッテマリーンズ,,0,0,0,0,0,0,0,0,0,0,0,0,0,0,2026/09/22
埼玉西武ライオンズ,牧野 翔矢,捕手,中日ドラゴンズ,,0,0,0,0,0,0,0,0,0,0,0,0,0,0,2026/09/22
埼玉西武ライオンズ,牧野 翔矢,捕手,東京ヤクルトスワローズ,,0,0,0,0,0,0,0,0,0,0,0,0,0,0,2026/09/22
埼玉西武ライオンズ,牧野 翔矢,捕手,東北楽天ゴールデンイーグルス,,0,0,0,0,0,0,0,0,0,0,0,0,0,0,2026/09/22
埼玉西武ライオンズ,牧野 翔矢,捕手,読売ジャイアンツ,,0,0,0,0,0,0,0,0,0,0,0,0,0,0,2026/09/22
埼玉西武ライオンズ,牧野 翔矢,捕手,福岡ソフトバンクホークス,,0,0,0,0,0,0,0,0,0,0,0,0,0,0,2026/09/22
埼玉西武ライオンズ,牧野 翔矢,捕手,北海道日本ハムファイターズ,,0,0,0,0,0,0,0,0,0,0,0,0,0,0,2026/09/22
埼玉西武ライオンズ,龍山 暖,捕手,オリックス・バファローズ,,0,0,0,0,0,0,0,0,0,0,0,0,0,0,2026/09/22
埼玉西武ライオンズ,龍山 暖,捕手,横浜DeNAベイスターズ,,0,0,0,0,0,0,0,0,0,0,0,0,0,0,2026/09/22
埼玉西武ライオンズ,龍山 暖,捕手,広島東洋カープ,,0,0,0,0,0,0,0,0,0,0,0,0,0,0,2026/09/22
埼玉西武ライオンズ,龍山 暖,捕手,阪神タイガース,,0,0,0,0,0,0,0,0,0,0,0,0,0,0,2026/09/22
埼玉西武ライオンズ,龍山 暖,捕手,千葉ロッテマリーンズ,,0,0,0,0,0,0,0,0,0,0,0,0,0,0,2026/09/22
埼玉西武ライオンズ,龍山 暖,捕手,中日ドラゴンズ,,0,0,0,0,0,0,0,0,0,0,0,0,0,0,2026/09/22
埼玉西武ライオンズ,龍山 暖,捕手,東京ヤクルトスワローズ,,0,0,0,0,0,0,0,0,0,0,0,0,0,0,2026/09/22
埼玉西武ライオンズ,龍山 暖,捕手,東北楽天ゴールデンイーグルス,,0,0,0,0,0,0,0,0,0,0,0,0,0,0,2026/09/22
埼玉西武ライオンズ,龍山 暖,捕手,読売ジャイアンツ,,0,0,0,0,0,0,0,0,0,0,0,0,0,0,2026/09/22
埼玉西武ライオンズ,龍山 暖,捕手,福岡ソフトバンクホークス,,0,0,0,0,0,0,0,0,0,0,0,0,0,0,2026/09/22
埼玉西武ライオンズ,龍山 暖,捕手,北海道日本ハムファイターズ,,0,0,0,0,0,0,0,0,0,0,0,0,0,0,2026/09/22
埼玉西武ライオンズ,是澤 涼輔,捕手,オリックス・バファローズ,,0,0,0,0,0,0,0,0,0,0,0,0,0,0,2026/09/22
埼玉西武ライオンズ,是澤 涼輔,捕手,横浜DeNAベイスターズ,,0,0,0,0,0,0,0,0,0,0,0,0,0,0,2026/09/22
埼玉西武ライオンズ,是澤 涼輔,捕手,広島東洋カープ,,0,0,0,0,0,0,0,0,0,0,0,0,0,0,2026/09/22
埼玉西武ライオンズ,是澤 涼輔,捕手,阪神タイガース,,0,0,0,0,0,0,0,0,0,0,0,0,0,0,2026/09/22
埼玉西武ライオンズ,是澤 涼輔,捕手,千葉ロッテマリーンズ,,0,0,0,0,0,0,0,0,0,0,0,0,0,0,2026/09/22
埼玉西武ライオンズ,是澤 涼輔,捕手,中日ドラゴンズ,,0,0,0,0,0,0,0,0,0,0,0,0,0,0,2026/09/22
埼玉西武ライオンズ,是澤 涼輔,捕手,東京ヤクルトスワローズ,,0,0,0,0,0,0,0,0,0,0,0,0,0,0,2026/09/22
埼玉西武ライオンズ,是澤 涼輔,捕手,東北楽天ゴールデンイーグルス,,0,0,0,0,0,0,0,0,0,0,0,0,0,0,2026/09/22
埼玉西武ライオンズ,是澤 涼輔,捕手,読売ジャイアンツ,,0,0,0,0,0,0,0,0,0,0,0,0,0,0,2026/09/22
埼玉西武ライオンズ,是澤 涼輔,捕手,福岡ソフトバンクホークス,,0,0,0,0,0,0,0,0,0,0,0,0,0,0,2026/09/22
埼玉西武ライオンズ,是澤 涼輔,捕手,北海道日本ハムファイターズ,0.000,2,1,0,0,0,0,0,0,0,1,0,0,0,1,2026/09/22
埼玉西武ライオンズ,仲田 慶介,内野手,オリックス・バファローズ,0.125,9,8,1,1,0,0,0,0,1,1,0,0,0,2,2026/09/22
埼玉西武ライオンズ,仲田 慶介,内野手,横浜DeNAベイスターズ,,0,0,0,0,0,0,0,0,0,0,0,0,0,0,2026/09/22
埼玉西武ライオンズ,仲田 慶介,内野手,広島東洋カープ,,0,0,0,0,0,0,0,0,0,0,0,0,0,0,2026/09/22
埼玉西武ライオンズ,仲田 慶介,内野手,阪神タイガース,,0,0,0,0,0,0,0,0,0,0,0,0,0,0,2026/09/22
埼玉西武ライオンズ,仲田 慶介,内野手,千葉ロッテマリーンズ,0.167,6,6,1,0,0,1,0,0,1,0,0,0,0,2,2026/09/22
埼玉西武ライオンズ,仲田 慶介,内野手,中日ドラゴンズ,,0,0,0,0,0,0,0,0,0,0,0,0,0,0,2026/09/22
埼玉西武ライオンズ,仲田 慶介,内野手,東京ヤクルトスワローズ,,0,0,0,0,0,0,0,0,0,0,0,0,0,0,2026/09/22
埼玉西武ライオンズ,仲田 慶介,内野手,東北楽天ゴールデンイーグルス,0.250,8,8,2,1,1,0,0,0,1,0,0,0,0,3,2026/09/22
埼玉西武ライオンズ,仲田 慶介,内野手,読売ジャイアンツ,,0,0,0,0,0,0,0,0,0,0,0,0,0,0,2026/09/22
埼玉西武ライオンズ,仲田 慶介,内野手,福岡ソフトバンクホークス,,0,0,0,0,0,0,0,0,0,0,0,0,0,0,2026/09/22
埼玉西武ライオンズ,仲田 慶介,内野手,北海道日本ハムファイターズ,0.250,9,8,2,0,0,2,0,3,3,0,0,1,0,3,2026/09/22
埼玉西武ライオンズ,児玉 亮涼,内野手,オリックス・バファローズ,0.000,2,2,0,0,0,0,0,0,0,0,0,0,0,1,2026/09/22
埼玉西武ライオンズ,児玉 亮涼,内野手,横浜DeNAベイスターズ,,0,0,0,0,0,0,0,0,0,0,0,0,0,0,2026/09/22
埼玉西武ライオンズ,児玉 亮涼,内野手,広島東洋カープ,,0,0,0,0,0,0,0,0,0,0,0,0,0,0,2026/09/22
埼玉西武ライオンズ,児玉 亮涼,内野手,阪神タイガース,,0,0,0,0,0,0,0,0,0,0,0,0,0,0,2026/09/22
埼玉西武ライオンズ,児玉 亮涼,内野手,千葉ロッテマリーンズ,0.000,1,1,0,0,0,0,0,0,1,0,0,0,0,1,2026/09/22
埼玉西武ライオンズ,児玉 亮涼,内野手,中日ドラゴンズ,,0,0,0,0,0,0,0,0,0,0,0,0,0,0,2026/09/22
埼玉西武ライオンズ,児玉 亮涼,内野手,東京ヤクルトスワローズ,,0,0,0,0,0,0,0,0,0,0,0,0,0,0,2026/09/22
埼玉西武ライオンズ,児玉 亮涼,内野手,東北楽天ゴールデンイーグルス,,0,0,0,0,0,0,0,0,0,0,0,0,0,0,2026/09/22
埼玉西武ライオンズ,児玉 亮涼,内野手,読売ジャイアンツ,,0,0,0,0,0,0,0,0,0,0,0,0,0,0,2026/09/22
埼玉西武ライオンズ,児玉 亮涼,内野手,福岡ソフトバンクホークス,,0,0,0,0,0,0,0,0,0,0,0,0,0,0,2026/09/22
埼玉西武ライオンズ,児玉 亮涼,内野手,北海道日本ハムファイターズ,,0,0,0,0,0,0,0,0,0,0,0,0,0,0,2026/09/22
埼玉西武ライオンズ,齋藤 大翔,内野手,オリックス・バファローズ,,0,0,0,0,0,0,0,0,0,0,0,0,0,0,2026/09/22
埼玉西武ライオンズ,齋藤 大翔,内野手,横浜DeNAベイスターズ,,0,0,0,0,0,0,0,0,0,0,0,0,0,0,2026/09/22
埼玉西武ライオンズ,齋藤 大翔,内野手,広島東洋カープ,,0,0,0,0,0,0,0,0,0,0,0,0,0,0,2026/09/22
埼玉西武ライオンズ,齋藤 大翔,内野手,阪神タイガース,,0,0,0,0,0,0,0,0,0,0,0,0,0,0,2026/09/22
埼玉西武ライオンズ,齋藤 大翔,内野手,千葉ロッテマリーンズ,,0,0,0,0,0,0,0,0,0,0,0,0,0,0,2026/09/22
埼玉西武ライオンズ,齋藤 大翔,内野手,中日ドラゴンズ,,0,0,0,0,0,0,0,0,0,0,0,0,0,0,2026/09/22
埼玉西武ライオンズ,齋藤 大翔,内野手,東京ヤクルトスワローズ,,0,0,0,0,0,0,0,0,0,0,0,0,0,0,2026/09/22
埼玉西武ライオンズ,齋藤 大翔,内野手,東北楽天ゴールデンイーグルス,,0,0,0,0,0,0,0,0,0,0,0,0,0,0,2026/09/22
埼玉西武ライオンズ,齋藤 大翔,内野手,読売ジャイアンツ,,0,0,0,0,0,0,0,0,0,0,0,0,0,0,2026/09/22
埼玉西武ライオンズ,齋藤 大翔,内野手,福岡ソフトバンクホークス,,0,0,0,0,0,0,0,0,0,0,0,0,0,0,2026/09/22
埼玉西武ライオンズ,齋藤 大翔,内野手,北海道日本ハムファイターズ,,0,0,0,0,0,0,0,0,0,0,0,0,0,0,2026/09/22
埼玉西武ライオンズ,石井 一成,内野手,オリックス・バファローズ,0.200,32,30,6,6,0,0,0,0,5,1,1,0,0,8,2026/09/22
埼玉西武ライオンズ,石井 一成,内野手,横浜DeNAベイスターズ,0.500,4,4,2,1,0,1,0,0,2,0,0,0,0,3,2026/09/22
埼玉西武ライオンズ,石井 一成,内野手,広島東洋カープ,0.333,3,3,1,0,1,0,0,0,1,0,0,0,0,1,2026/09/22
埼玉西武ライオンズ,石井 一成,内野手,阪神タイガース,0.250,4,4,1,1,0,0,0,0,1,0,0,0,0,1,2026/09/22
埼玉西武ライオンズ,石井 一成,内野手,千葉ロッテマリーンズ,0.317,47,41,13,10,1,0,2,7,10,3,0,2,1,12,2026/09/22
埼玉西武ライオンズ,石井 一成,内野手,中日ドラゴンズ,0.000,4,4,0,0,0,0,0,0,1,0,0,0,0,1,2026/09/22
埼玉西武ライオンズ,石井 一成,内野手,東京ヤクルトスワローズ,0.000,4,4,0,0,0,0,0,0,3,0,0,0,0,1,2026/09/22
埼玉西武ライオンズ,石井 一成,内野手,東北楽天ゴールデンイーグルス,0.209,45,43,9,4,4,0,1,5,12,2,0,0,0,12,2026/09/22
埼玉西武ライオンズ,石井 一成,内野手,読売ジャイアンツ,0.333,4,3,1,0,0,0,1,1,2,1,0,0,0,2,2026/09/22
埼玉西武ライオンズ,石井 一成,内野手,福岡ソフトバンクホークス,0.146,47,41,6,3,1,0,2,5,12,4,0,1,1,12,2026/09/22
埼玉西武ライオンズ,石井 一成,内野手,北海道日本ハムファイターズ,0.237,40,38,9,8,1,0,0,0,6,2,0,0,0,12,2026/09/22
埼玉西武ライオンズ,外崎 修汰,内野手,オリックス・バファローズ,0.364,11,11,4,3,1,0,0,0,1,0,0,0,0,6,2026/09/22
埼玉西武ライオンズ,外崎 修汰,内野手,横浜DeNAベイスターズ,,0,0,0,0,0,0,0,0,0,0,0,0,0,0,2026/09/22
埼玉西武ライオンズ,外崎 修汰,内野手,広島東洋カープ,,0,0,0,0,0,0,0,0,0,0,0,0,0,0,2026/09/22
埼玉西武ライオンズ,外崎 修汰,内野手,阪神タイガース,,0,0,0,0,0,0,0,0,0,0,0,0,0,0,2026/09/22
埼玉西武ライオンズ,外崎 修汰,内野手,千葉ロッテマリーンズ,0.000,19,16,0,0,0,0,0,1,3,1,0,1,1,6,2026/09/22
埼玉西武ライオンズ,外崎 修汰,内野手,中日ドラゴンズ,,0,0,0,0,0,0,0,0,0,0,0,0,0,0,2026/09/22
埼玉西武ライオンズ,外崎 修汰,内野手,東京ヤクルトスワローズ,,0,0,0,0,0,0,0,0,0,0,0,0,0,0,2026/09/22
埼玉西武ライオンズ,外崎 修汰,内野手,東北楽天ゴールデンイーグルス,0.316,20,19,6,4,2,0,0,1,6,1,0,0,0,7,2026/09/22
埼玉西武ライオンズ,外崎 修汰,内野手,読売ジャイアンツ,,0,0,0,0,0,0,0,0,0,0,0,0,0,0,2026/09/22
埼玉西武ライオンズ,外崎 修汰,内野手,福岡ソフトバンクホークス,0.231,16,13,3,1,0,0,2,6,2,2,0,0,1,6,2026/09/22
埼玉西武ライオンズ,外崎 修汰,内野手,北海道日本ハムファイターズ,0.063,16,16,1,1,0,0,0,0,6,0,0,0,0,6,2026/09/22
埼玉西武ライオンズ,源田 壮亮,内野手,オリックス・バファローズ,0.148,68,61,9,9,0,0,0,5,6,4,2,1,0,20,2026/09/22
埼玉西武ライオンズ,源田 壮亮,内野手,横浜DeNAベイスターズ,0.333,10,9,3,0,3,0,0,3,0,1,0,0,0,2,2026/09/22
埼玉西武ライオンズ,源田 壮亮,内野手,広島東洋カープ,0.000,12,9,0,0,0,0,0,0,2,3,0,0,0,2,2026/09/22
埼玉西武ライオンズ,源田 壮亮,内野手,阪神タイガース,0.143,7,7,1,1,0,0,0,0,2,0,0,0,0,2,2026/09/22
埼玉西武ライオンズ,源田 壮亮,内野手,千葉ロッテマリーンズ,0.342,41,38,13,12,1,0,0,7,5,1,1,1,0,12,2026/09/22
埼玉西武ライオンズ,源田 壮亮,内野手,中日ドラゴンズ,0.250,8,8,2,2,0,0,0,1,2,0,0,0,0,3,2026/09/22
埼玉西武ライオンズ,源田 壮亮,内野手,東京ヤクルトスワローズ,0.000,10,8,0,0,0,0,0,0,1,1,1,0,0,3,2026/09/22
埼玉西武ライオンズ,源田 壮亮,内野手,東北楽天ゴールデンイーグルス,0.188,59,48,9,5,3,1,0,1,7,6,5,0,0,12,2026/09/22
埼玉西武ライオンズ,源田 壮亮,内野手,読売ジャイアンツ,0.000,2,2,0,0,0,0,0,0,0,0,0,0,0,1,2026/09/22
埼玉西武ライオンズ,源田 壮亮,内野手,福岡ソフトバンクホークス,0.184,45,38,7,5,2,0,0,1,8,6,1,0,0,14,2026/09/22
埼玉西武ライオンズ,源田 壮亮,内野手,北海道日本ハムファイターズ,0.275,58,51,14,11,2,0,1,9,9,4,2,1,0,18,2026/09/22
埼玉西武ライオンズ,ネビン,内野手,オリックス・バファローズ,0.280,58,50,14,10,1,0,3,8,7,5,0,2,1,14,2026/09/22
埼玉西武ライオンズ,ネビン,内野手,横浜DeNAベイスターズ,0.182,12,11,2,1,0,0,1,2,1,0,0,0,1,3,2026/09/22
埼玉西武ライオンズ,ネビン,内野手,広島東洋カープ,0.125,9,8,1,1,0,0,0,0,1,1,0,0,0,2,2026/09/22
埼玉西武ライオンズ,ネビン,内野手,阪神タイガース,0.333,7,6,2,1,0,0,1,2,3,0,0,1,0,2,2026/09/22
埼玉西武ライオンズ,ネビン,内野手,千葉ロッテマリーンズ,0.327,58,49,16,11,2,0,3,6,8,7,0,1,1,15,2026/09/22
埼玉西武ライオンズ,ネビン,内野手,中日ドラゴンズ,0.167,12,12,2,0,1,0,1,3,3,0,0,0,0,3,2026/09/22
埼玉西武ライオンズ,ネビン,内野手,東京ヤクルトスワローズ,0.250,14,12,3,2,0,0,1,1,3,1,0,0,1,3,2026/09/22
埼玉西武ライオンズ,ネビン,内野手,東北楽天ゴールデンイーグルス,0.254,70,59,15,9,5,0,1,4,10,10,0,1,0,16,2026/09/22
埼玉西武ライオンズ,ネビン,内野手,読売ジャイアンツ,0.000,3,3,0,0,0,0,0,0,2,0,0,0,0,1,2026/09/22
埼玉西武ライオンズ,ネビン,内野手,福岡ソフトバンクホークス,0.258,73,66,17,10,4,0,3,6,11,6,0,0,1,18,2026/09/22
埼玉西武ライオンズ,ネビン,内野手,北海道日本ハムファイターズ,0.333,82,72,24,10,7,0,7,15,9,7,0,3,0,19,2026/09/22
埼玉西武ライオンズ,山村 崇嘉,内野手,オリックス・バファローズ,0.167,13,12,2,1,1,0,0,1,3,1,0,0,0,4,2026/09/22
埼玉西武ライオンズ,山村 崇嘉,内野手,横浜DeNAベイスターズ,,0,0,0,0,0,0,0,0,0,0,0,0,0,0,2026/09/22
埼玉西武ライオンズ,山村 崇嘉,内野手,広島東洋カープ,,0,0,0,0,0,0,0,0,0,0,0,0,0,0,2026/09/22
埼玉西武ライオンズ,山村 崇嘉,内野手,阪神タイガース,0.000,1,1,0,0,0,0,0,0,1,0,0,0,0,1,2026/09/22
埼玉西武ライオンズ,山村 崇嘉,内野手,千葉ロッテマリーンズ,0.214,15,14,3,3,0,0,0,0,2,1,0,0,0,5,2026/09/22
埼玉西武ライオンズ,山村 崇嘉,内野手,中日ドラゴンズ,,0,0,0,0,0,0,0,0,0,0,0,0,0,0,2026/09/22
埼玉西武ライオンズ,山村 崇嘉,内野手,東京ヤクルトスワローズ,,0,0,0,0,0,0,0,0,0,0,0,0,0,0,2026/09/22
埼玉西武ライオンズ,山村 崇嘉,内野手,東北楽天ゴールデンイーグルス,0.120,28,25,3,3,0,0,0,1,5,1,2,0,0,6,2026/09/22
埼玉西武ライオンズ,山村 崇嘉,内野手,読売ジャイアンツ,0.000,3,3,0,0,0,0,0,0,0,0,0,0,0,1,2026/09/22
埼玉西武ライオンズ,山村 崇嘉,内野手,福岡ソフトバンクホークス,0.000,7,5,0,0,0,0,0,1,0,2,0,0,0,4,2026/09/22
埼玉西武ライオンズ,山村 崇嘉,内野手,北海道日本ハムファイターズ,0.364,23,22,8,7,0,0,1,3,3,1,0,0,0,7,2026/09/22
埼玉西武ライオンズ,佐藤 太陽,内野手,オリックス・バファローズ,0.273,11,11,3,2,0,0,1,1,3,0,0,0,0,4,2026/09/22
埼玉西武ライオンズ,佐藤 太陽,内野手,横浜DeNAベイスターズ,,0,0,0,0,0,0,0,0,0,0,0,0,0,0,2026/09/22
埼玉西武ライオンズ,佐藤 太陽,内野手,広島東洋カープ,,0,0,0,0,0,0,0,0,0,0,0,0,0,0,2026/09/22
埼玉西武ライオンズ,佐藤 太陽,内野手,阪神タイガース,,0,0,0,0,0,0,0,0,0,0,0,0,0,0,2026/09/22
埼玉西武ライオンズ,佐藤 太陽,内野手,千葉ロッテマリーンズ,0.000,4,4,0,0,0,0,0,0,3,0,0,0,0,2,2026/09/22
埼玉西武ライオンズ,佐藤 太陽,内野手,中日ドラゴンズ,,0,0,0,0,0,0,0,0,0,0,0,0,0,0,2026/09/22
埼玉西武ライオンズ,佐藤 太陽,内野手,東京ヤクルトスワローズ,,0,0,0,0,0,0,0,0,0,0,0,0,0,0,2026/09/22
埼玉西武ライオンズ,佐藤 太陽,内野手,東北楽天ゴールデンイーグルス,0.375,8,8,3,1,2,0,0,1,2,0,0,0,0,2,2026/09/22
埼玉西武ライオンズ,佐藤 太陽,内野手,読売ジャイアンツ,,0,0,0,0,0,0,0,0,0,0,0,0,0,0,2026/09/22
埼玉西武ライオンズ,佐藤 太陽,内野手,福岡ソフトバンクホークス,,0,0,0,0,0,0,0,0,0,0,0,0,0,0,2026/09/22
埼玉西武ライオンズ,佐藤 太陽,内野手,北海道日本ハムファイターズ,,0,0,0,0,0,0,0,0,0,0,0,0,0,0,2026/09/22
埼玉西武ライオンズ,平沢 大河,内野手,オリックス・バファローズ,0.231,72,65,15,10,4,1,0,6,13,6,0,1,0,18,2026/09/22
埼玉西武ライオンズ,平沢 大河,内野手,横浜DeNAベイスターズ,,0,0,0,0,0,0,0,0,0,0,0,0,0,0,2026/09/22
埼玉西武ライオンズ,平沢 大河,内野手,広島東洋カープ,0.667,3,3,2,2,0,0,0,0,0,0,0,0,0,1,2026/09/22
埼玉西武ライオンズ,平沢 大河,内野手,阪神タイガース,0.000,1,1,0,0,0,0,0,0,0,0,0,0,0,1,2026/09/22
埼玉西武ライオンズ,平沢 大河,内野手,千葉ロッテマリーンズ,0.310,30,29,9,7,2,0,0,2,4,1,0,0,0,10,2026/09/22
埼玉西武ライオンズ,平沢 大河,内野手,中日ドラゴンズ,0.000,4,3,0,0,0,0,0,0,0,0,0,0,1,1,2026/09/22
埼玉西武ライオンズ,平沢 大河,内野手,東京ヤクルトスワローズ,0.000,6,5,0,0,0,0,0,0,1,1,0,0,0,2,2026/09/22
埼玉西武ライオンズ,平沢 大河,内野手,東北楽天ゴールデンイーグルス,0.265,40,34,9,4,4,0,1,4,10,6,0,0,0,9,2026/09/22
埼玉西武ライオンズ,平沢 大河,内野手,読売ジャイアンツ,0.000,3,3,0,0,0,0,0,0,3,0,0,0,0,1,2026/09/22
埼玉西武ライオンズ,平沢 大河,内野手,福岡ソフトバンクホークス,0.340,59,53,18,14,3,0,1,3,11,4,1,0,1,19,2026/09/22
埼玉西武ライオンズ,平沢 大河,内野手,北海道日本ハムファイターズ,0.258,66,62,16,11,4,0,1,4,12,4,0,0,0,18,2026/09/22
埼玉西武ライオンズ,髙松 渡,内野手,オリックス・バファローズ,,0,0,0,0,0,0,0,0,0,0,0,0,0,0,2026/09/22
埼玉西武ライオンズ,髙松 渡,内野手,横浜DeNAベイスターズ,,0,0,0,0,0,0,0,0,0,0,0,0,0,0,2026/09/22
埼玉西武ライオンズ,髙松 渡,内野手,広島東洋カープ,,0,0,0,0,0,0,0,0,0,0,0,0,0,0,2026/09/22
埼玉西武ライオンズ,髙松 渡,内野手,阪神タイガース,,0,0,0,0,0,0,0,0,0,0,0,0,0,0,2026/09/22
埼玉西武ライオンズ,髙松 渡,内野手,千葉ロッテマリーンズ,,0,0,0,0,0,0,0,0,0,0,0,0,0,0,2026/09/22
埼玉西武ライオンズ,髙松 渡,内野手,中日ドラゴンズ,,0,0,0,0,0,0,0,0,0,0,0,0,0,0,2026/09/22
埼玉西武ライオンズ,髙松 渡,内野手,東京ヤクルトスワローズ,,0,0,0,0,0,0,0,0,0,0,0,0,0,0,2026/09/22
埼玉西武ライオンズ,髙松 渡,内野手,東北楽天ゴールデンイーグルス,0.000,1,1,0,0,0,0,0,0,1,0,0,0,0,1,2026/09/22
埼玉西武ライオンズ,髙松 渡,内野手,読売ジャイアンツ,,0,0,0,0,0,0,0,0,0,0,0,0,0,0,2026/09/22
埼玉西武ライオンズ,髙松 渡,内野手,福岡ソフトバンクホークス,,0,0,0,0,0,0,0,0,0,0,0,0,0,0,2026/09/22
埼玉西武ライオンズ,髙松 渡,内野手,北海道日本ハムファイターズ,,0,0,0,0,0,0,0,0,0,0,0,0,0,0,2026/09/22
埼玉西武ライオンズ,横田 蒼和,内野手,オリックス・バファローズ,,0,0,0,0,0,0,0,0,0,0,0,0,0,0,2026/09/22
埼玉西武ライオンズ,横田 蒼和,内野手,横浜DeNAベイスターズ,,0,0,0,0,0,0,0,0,0,0,0,0,0,0,2026/09/22
埼玉西武ライオンズ,横田 蒼和,内野手,広島東洋カープ,,0,0,0,0,0,0,0,0,0,0,0,0,0,0,2026/09/22
埼玉西武ライオンズ,横田 蒼和,内野手,阪神タイガース,,0,0,0,0,0,0,0,0,0,0,0,0,0,0,2026/09/22
埼玉西武ライオンズ,横田 蒼和,内野手,千葉ロッテマリーンズ,,0,0,0,0,0,0,0,0,0,0,0,0,0,0,2026/09/22
埼玉西武ライオンズ,横田 蒼和,内野手,中日ドラゴンズ,,0,0,0,0,0,0,0,0,0,0,0,0,0,0,2026/09/22
埼玉西武ライオンズ,横田 蒼和,内野手,東京ヤクルトスワローズ,,0,0,0,0,0,0,0,0,0,0,0,0,0,0,2026/09/22
埼玉西武ライオンズ,横田 蒼和,内野手,東北楽天ゴールデンイーグルス,,0,0,0,0,0,0,0,0,0,0,0,0,0,0,2026/09/22
埼玉西武ライオンズ,横田 蒼和,内野手,読売ジャイアンツ,,0,0,0,0,0,0,0,0,0,0,0,0,0,0,2026/09/22
埼玉西武ライオンズ,横田 蒼和,内野手,福岡ソフトバンクホークス,,0,0,0,0,0,0,0,0,0,0,0,0,0,0,2026/09/22
埼玉西武ライオンズ,横田 蒼和,内野手,北海道日本ハムファイターズ,,0,0,0,0,0,0,0,0,0,0,0,0,0,0,2026/09/22
埼玉西武ライオンズ,中村 剛也,内野手,オリックス・バファローズ,0.375,9,8,3,2,1,0,0,0,1,1,0,0,0,4,2026/09/22
埼玉西武ライオンズ,中村 剛也,内野手,横浜DeNAベイスターズ,,0,0,0,0,0,0,0,0,0,0,0,0,0,0,2026/09/22
埼玉西武ライオンズ,中村 剛也,内野手,広島東洋カープ,,0,0,0,0,0,0,0,0,0,0,0,0,0,0,2026/09/22
埼玉西武ライオンズ,中村 剛也,内野手,阪神タイガース,,0,0,0,0,0,0,0,0,0,0,0,0,0,0,2026/09/22
埼玉西武ライオンズ,中村 剛也,内野手,千葉ロッテマリーンズ,0.250,4,4,1,0,1,0,0,1,2,0,0,0,0,2,2026/09/22
埼玉西武ライオンズ,中村 剛也,内野手,中日ドラゴンズ,,0,0,0,0,0,0,0,0,0,0,0,0,0,0,2026/09/22
埼玉西武ライオンズ,中村 剛也,内野手,東京ヤクルトスワローズ,,0,0,0,0,0,0,0,0,0,0,0,0,0,0,2026/09/22
埼玉西武ライオンズ,中村 剛也,内野手,東北楽天ゴールデンイーグルス,0.167,6,6,1,0,0,0,1,4,1,0,0,0,0,4,2026/09/22
埼玉西武ライオンズ,中村 剛也,内野手,読売ジャイアンツ,,0,0,0,0,0,0,0,0,0,0,0,0,0,0,2026/09/22
埼玉西武ライオンズ,中村 剛也,内野手,福岡ソフトバンクホークス,0.263,19,19,5,4,1,0,0,1,8,0,0,0,0,5,2026/09/22
埼玉西武ライオンズ,中村 剛也,内野手,北海道日本ハムファイターズ,0.200,16,15,3,2,1,0,0,0,6,1,0,0,0,6,2026/09/22
埼玉西武ライオンズ,滝澤 夏央,内野手,オリックス・バファローズ,0.273,78,66,18,17,0,1,0,9,10,6,6,0,0,16,2026/09/22
埼玉西武ライオンズ,滝澤 夏央,内野手,横浜DeNAベイスターズ,0.333,13,12,4,4,0,0,0,0,2,1,0,0,0,3,2026/09/22
埼玉西武ライオンズ,滝澤 夏央,内野手,広島東洋カープ,0.333,17,12,4,4,0,0,0,0,2,1,3,0,1,3,2026/09/22
埼玉西武ライオンズ,滝澤 夏央,内野手,阪神タイガース,0.077,15,13,1,1,0,0,0,0,0,1,0,0,1,3,2026/09/22
埼玉西武ライオンズ,滝澤 夏央,内野手,千葉ロッテマリーンズ,0.246,65,57,14,13,0,1,0,3,9,5,3,0,0,18,2026/09/22
埼玉西武ライオンズ,滝澤 夏央,内野手,中日ドラゴンズ,0.111,12,9,1,1,0,0,0,0,1,3,0,0,0,2,2026/09/22
埼玉西武ライオンズ,滝澤 夏央,内野手,東京ヤクルトスワローズ,0.357,16,14,5,3,2,0,0,0,2,0,2,0,0,3,2026/09/22
埼玉西武ライオンズ,滝澤 夏央,内野手,東北楽天ゴールデンイーグルス,0.263,69,57,15,14,1,0,0,3,7,7,4,0,1,17,2026/09/22
埼玉西武ライオンズ,滝澤 夏央,内野手,読売ジャイアンツ,0.250,13,12,3,2,0,1,0,2,3,0,1,0,0,3,2026/09/22
埼玉西武ライオンズ,滝澤 夏央,内野手,福岡ソフトバンクホークス,0.257,78,70,18,18,0,0,0,7,9,6,2,0,0,22,2026/09/22
埼玉西武ライオンズ,滝澤 夏央,内野手,北海道日本ハムファイターズ,0.277,100,83,23,21,1,0,1,7,9,11,5,0,1,22,2026/09/22
埼玉西武ライオンズ,村田 怜音,内野手,オリックス・バファローズ,,0,0,0,0,0,0,0,0,0,0,0,0,0,0,2026/09/22
埼玉西武ライオンズ,村田 怜音,内野手,横浜DeNAベイスターズ,,0,0,0,0,0,0,0,0,0,0,0,0,0,0,2026/09/22
埼玉西武ライオンズ,村田 怜音,内野手,広島東洋カープ,,0,0,0,0,0,0,0,0,0,0,0,0,0,0,2026/09/22
埼玉西武ライオンズ,村田 怜音,内野手,阪神タイガース,,0,0,0,0,0,0,0,0,0,0,0,0,0,0,2026/09/22
埼玉西武ライオンズ,村田 怜音,内野手,千葉ロッテマリーンズ,0.000,4,4,0,0,0,0,0,0,1,0,0,0,0,2,2026/09/22
埼玉西武ライオンズ,村田 怜音,内野手,中日ドラゴンズ,,0,0,0,0,0,0,0,0,0,0,0,0,0,0,2026/09/22
埼玉西武ライオンズ,村田 怜音,内野手,東京ヤクルトスワローズ,,0,0,0,0,0,0,0,0,0,0,0,0,0,0,2026/09/22
埼玉西武ライオンズ,村田 怜音,内野手,東北楽天ゴールデンイーグルス,0.000,1,1,0,0,0,0,0,0,1,0,0,0,0,1,2026/09/22
埼玉西武ライオンズ,村田 怜音,内野手,読売ジャイアンツ,,0,0,0,0,0,0,0,0,0,0,0,0,0,0,2026/09/22
埼玉西武ライオンズ,村田 怜音,内野手,福岡ソフトバンクホークス,,0,0,0,0,0,0,0,0,0,0,0,0,0,0,2026/09/22
埼玉西武ライオンズ,村田 怜音,内野手,北海道日本ハムファイターズ,0.000,5,4,0,0,0,0,0,0,3,1,0,0,0,1,2026/09/22
埼玉西武ライオンズ,栗山 巧,外野手,オリックス・バファローズ,,0,0,0,0,0,0,0,0,0,0,0,0,0,0,2026/09/22
埼玉西武ライオンズ,栗山 巧,外野手,横浜DeNAベイスターズ,,0,0,0,0,0,0,0,0,0,0,0,0,0,0,2026/09/22
埼玉西武ライオンズ,栗山 巧,外野手,広島東洋カープ,,0,0,0,0,0,0,0,0,0,0,0,0,0,0,2026/09/22
埼玉西武ライオンズ,栗山 巧,外野手,阪神タイガース,,0,0,0,0,0,0,0,0,0,0,0,0,0,0,2026/09/22
埼玉西武ライオンズ,栗山 巧,外野手,千葉ロッテマリーンズ,0.000,1,1,0,0,0,0,0,0,0,0,0,0,0,1,2026/09/22
埼玉西武ライオンズ,栗山 巧,外野手,中日ドラゴンズ,,0,0,0,0,0,0,0,0,0,0,0,0,0,0,2026/09/22
埼玉西武ライオンズ,栗山 巧,外野手,東京ヤクルトスワローズ,,0,0,0,0,0,0,0,0,0,0,0,0,0,0,2026/09/22
埼玉西武ライオンズ,栗山 巧,外野手,東北楽天ゴールデンイーグルス,0.167,6,6,1,1,0,0,0,0,0,0,0,0,0,3,2026/09/22
埼玉西武ライオンズ,栗山 巧,外野手,読売ジャイアンツ,,0,0,0,0,0,0,0,0,0,0,0,0,0,0,2026/09/22
埼玉西武ライオンズ,栗山 巧,外野手,福岡ソフトバンクホークス,0.000,5,4,0,0,0,0,0,0,1,1,0,0,0,5,2026/09/22
埼玉西武ライオンズ,栗山 巧,外野手,北海道日本ハムファイターズ,0.500,2,2,1,1,0,0,0,0,0,0,0,0,0,2,2026/09/22
埼玉西武ライオンズ,桑原 将志,外野手,オリックス・バファローズ,0.343,37,35,12,10,2,0,0,2,4,2,0,0,0,9,2026/09/22
埼玉西武ライオンズ,桑原 将志,外野手,横浜DeNAベイスターズ,0.182,15,11,2,1,0,1,0,2,3,4,0,0,0,3,2026/09/22
埼玉西武ライオンズ,桑原 将志,外野手,広島東洋カープ,0.154,14,13,2,2,0,0,0,0,2,0,0,0,1,3,2026/09/22
埼玉西武ライオンズ,桑原 将志,外野手,阪神タイガース,0.333,12,12,4,4,0,0,0,1,4,0,0,0,0,3,2026/09/22
埼玉西武ライオンズ,桑原 将志,外野手,千葉ロッテマリーンズ,0.231,29,26,6,5,1,0,0,1,3,0,0,0,3,7,2026/09/22
埼玉西武ライオンズ,桑原 将志,外野手,中日ドラゴンズ,0.286,15,14,4,3,0,1,0,1,4,1,0,0,0,3,2026/09/22
埼玉西武ライオンズ,桑原 将志,外野手,東京ヤクルトスワローズ,0.214,16,14,3,3,0,0,0,1,2,1,1,0,0,3,2026/09/22
埼玉西武ライオンズ,桑原 将志,外野手,東北楽天ゴールデンイーグルス,0.185,32,27,5,2,2,0,1,1,4,4,0,0,1,7,2026/09/22
埼玉西武ライオンズ,桑原 将志,外野手,読売ジャイアンツ,0.100,11,10,1,1,0,0,0,0,5,1,0,0,0,3,2026/09/22
埼玉西武ライオンズ,桑原 将志,外野手,福岡ソフトバンクホークス,0.238,22,21,5,4,0,1,0,0,1,1,0,0,0,7,2026/09/22
埼玉西武ライオンズ,桑原 将志,外野手,北海道日本ハムファイターズ,0.152,36,33,5,2,0,1,2,6,4,2,1,0,0,10,2026/09/22
埼玉西武ライオンズ,渡部 聖弥,外野手,オリックス・バファローズ,0.213,83,75,16,10,3,0,3,11,14,4,1,2,1,19,2026/09/22
埼玉西武ライオンズ,渡部 聖弥,外野手,横浜DeNAベイスターズ,0.231,15,13,3,2,1,0,0,1,2,1,0,0,1,3,2026/09/22
埼玉西武ライオンズ,渡部 聖弥,外野手,広島東洋カープ,0.583,12,12,7,7,0,0,0,3,3,0,0,0,0,3,2026/09/22
埼玉西武ライオンズ,渡部 聖弥,外野手,阪神タイガース,0.455,11,11,5,3,2,0,0,1,2,0,0,0,0,3,2026/09/22
埼玉西武ライオンズ,渡部 聖弥,外野手,千葉ロッテマリーンズ,0.290,68,62,18,14,3,0,1,5,8,5,0,1,0,17,2026/09/22
埼玉西武ライオンズ,渡部 聖弥,外野手,中日ドラゴンズ,0.083,13,12,1,1,0,0,0,0,2,1,0,0,0,3,2026/09/22
埼玉西武ライオンズ,渡部 聖弥,外野手,東京ヤクルトスワローズ,0.143,14,14,2,1,1,0,0,3,2,0,0,0,0,3,2026/09/22
埼玉西武ライオンズ,渡部 聖弥,外野手,東北楽天ゴールデンイーグルス,0.301,77,73,22,13,5,1,3,6,13,2,0,0,2,20,2026/09/22
埼玉西武ライオンズ,渡部 聖弥,外野手,読売ジャイアンツ,0.000,9,9,0,0,0,0,0,0,4,0,0,0,0,3,2026/09/22
埼玉西武ライオンズ,渡部 聖弥,外野手,福岡ソフトバンクホークス,0.273,84,77,21,15,3,0,3,10,19,6,0,0,1,24,2026/09/22
埼玉西武ライオンズ,渡部 聖弥,外野手,北海道日本ハムファイターズ,0.274,75,73,20,17,2,0,1,6,17,1,0,0,1,21,2026/09/22
埼玉西武ライオンズ,蛭間 拓哉,外野手,オリックス・バファローズ,0.519,31,27,14,11,3,0,0,6,2,3,0,1,0,9,2026/09/22
埼玉西武ライオンズ,蛭間 拓哉,外野手,横浜DeNAベイスターズ,,0,0,0,0,0,0,0,0,0,0,0,0,0,0,2026/09/22
埼玉西武ライオンズ,蛭間 拓哉,外野手,広島東洋カープ,,0,0,0,0,0,0,0,0,0,0,0,0,0,0,2026/09/22
埼玉西武ライオンズ,蛭間 拓哉,外野手,阪神タイガース,,0,0,0,0,0,0,0,0,0,0,0,0,0,0,2026/09/22
埼玉西武ライオンズ,蛭間 拓哉,外野手,千葉ロッテマリーンズ,0.063,19,16,1,0,1,0,0,0,2,1,2,0,0,7,2026/09/22
埼玉西武ライオンズ,蛭間 拓哉,外野手,中日ドラゴンズ,,0,0,0,0,0,0,0,0,0,0,0,0,0,0,2026/09/22
埼玉西武ライオンズ,蛭間 拓哉,外野手,東京ヤクルトスワローズ,,0,0,0,0,0,0,0,0,0,0,0,0,0,0,2026/09/22
埼玉西武ライオンズ,蛭間 拓哉,外野手,東北楽天ゴールデンイーグルス,0.211,20,19,4,2,1,1,0,1,6,0,1,0,0,7,2026/09/22
埼玉西武ライオンズ,蛭間 拓哉,外野手,読売ジャイアンツ,,0,0,0,0,0,0,0,0,0,0,0,0,0,0,2026/09/22
埼玉西武ライオンズ,蛭間 拓哉,外野手,福岡ソフトバンクホークス,0.000,3,3,0,0,0,0,0,0,0,0,0,0,0,2,2026/09/22
埼玉西武ライオンズ,蛭間 拓哉,外野手,北海道日本ハムファイターズ,0.250,21,20,5,3,1,1,0,1,5,0,1,0,0,7,2026/09/22
埼玉西武ライオンズ,カナリオ,外野手,オリックス・バファローズ,0.244,97,86,21,13,5,0,3,9,17,9,0,0,2,22,2026/09/22
埼玉西武ライオンズ,カナリオ,外野手,横浜DeNAベイスターズ,0.273,12,11,3,2,0,0,1,2,2,1,0,0,0,3,2026/09/22
埼玉西武ライオンズ,カナリオ,外野手,広島東洋カープ,0.000,1,1,0,0,0,0,0,0,1,0,0,0,0,1,2026/09/22
埼玉西武ライオンズ,カナリオ,外野手,阪神タイガース,0.083,12,12,1,1,0,0,0,0,6,0,0,0,0,3,2026/09/22
埼玉西武ライオンズ,カナリオ,外野手,千葉ロッテマリーンズ,0.274,68,62,17,6,5,1,5,11,19,6,0,0,0,20,2026/09/22
埼玉西武ライオンズ,カナリオ,外野手,中日ドラゴンズ,0.091,13,11,1,1,0,0,0,0,3,1,0,0,1,3,2026/09/22
埼玉西武ライオンズ,カナリオ,外野手,東京ヤクルトスワローズ,0.778,10,9,7,5,1,0,1,5,4,1,0,0,0,3,2026/09/22
埼玉西武ライオンズ,カナリオ,外野手,東北楽天ゴールデンイーグルス,0.284,87,81,23,19,3,0,1,12,24,6,0,0,0,22,2026/09/22
埼玉西武ライオンズ,カナリオ,外野手,読売ジャイアンツ,0.125,10,8,1,1,0,0,0,0,4,2,0,0,0,3,2026/09/22
埼玉西武ライオンズ,カナリオ,外野手,福岡ソフトバンクホークス,0.246,66,61,15,11,3,1,0,1,22,5,0,0,0,21,2026/09/22
埼玉西武ライオンズ,カナリオ,外野手,北海道日本ハムファイターズ,0.279,93,86,24,15,5,0,4,10,23,5,0,2,0,23,2026/09/22
埼玉西武ライオンズ,茶野 篤政,外野手,オリックス・バファローズ,,0,0,0,0,0,0,0,0,0,0,0,0,0,0,2026/09/22
埼玉西武ライオンズ,茶野 篤政,外野手,横浜DeNAベイスターズ,,0,0,0,0,0,0,0,0,0,0,0,0,0,0,2026/09/22
埼玉西武ライオンズ,茶野 篤政,外野手,広島東洋カープ,,0,0,0,0,0,0,0,0,0,0,0,0,0,0,2026/09/22
埼玉西武ライオンズ,茶野 篤政,外野手,阪神タイガース,,0,0,0,0,0,0,0,0,0,0,0,0,0,0,2026/09/22
埼玉西武ライオンズ,茶野 篤政,外野手,千葉ロッテマリーンズ,,0,0,0,0,0,0,0,0,0,0,0,0,0,0,2026/09/22
埼玉西武ライオンズ,茶野 篤政,外野手,中日ドラゴンズ,,0,0,0,0,0,0,0,0,0,0,0,0,0,0,2026/09/22
埼玉西武ライオンズ,茶野 篤政,外野手,東京ヤクルトスワローズ,,0,0,0,0,0,0,0,0,0,0,0,0,0,0,2026/09/22
埼玉西武ライオンズ,茶野 篤政,外野手,東北楽天ゴールデンイーグルス,0.250,5,4,1,1,0,0,0,0,1,0,0,0,1,1,2026/09/22
埼玉西武ライオンズ,茶野 篤政,外野手,読売ジャイアンツ,0.000,1,1,0,0,0,0,0,0,1,0,0,0,0,1,2026/09/22
埼玉西武ライオンズ,茶野 篤政,外野手,福岡ソフトバンクホークス,,0,0,0,0,0,0,0,0,0,0,0,0,0,0,2026/09/22
埼玉西武ライオンズ,茶野 篤政,外野手,北海道日本ハムファイターズ,0.000,3,3,0,0,0,0,0,0,0,0,0,0,0,1,2026/09/22
埼玉西武ライオンズ,古川 雄大,外野手,オリックス・バファローズ,,0,0,0,0,0,0,0,0,0,0,0,0,0,0,2026/09/22
埼玉西武ライオンズ,古川 雄大,外野手,横浜DeNAベイスターズ,,0,0,0,0,0,0,0,0,0,0,0,0,0,0,2026/09/22
埼玉西武ライオンズ,古川 雄大,外野手,広島東洋カープ,,0,0,0,0,0,0,0,0,0,0,0,0,0,0,2026/09/22
埼玉西武ライオンズ,古川 雄大,外野手,阪神タイガース,,0,0,0,0,0,0,0,0,0,0,0,0,0,0,2026/09/22
埼玉西武ライオンズ,古川 雄大,外野手,千葉ロッテマリーンズ,,0,0,0,0,0,0,0,0,0,0,0,0,0,0,2026/09/22
埼玉西武ライオンズ,古川 雄大,外野手,中日ドラゴンズ,,0,0,0,0,0,0,0,0,0,0,0,0,0,0,2026/09/22
埼玉西武ライオンズ,古川 雄大,外野手,東京ヤクルトスワローズ,,0,0,0,0,0,0,0,0,0,0,0,0,0,0,2026/09/22
埼玉西武ライオンズ,古川 雄大,外野手,東北楽天ゴールデンイーグルス,,0,0,0,0,0,0,0,0,0,0,0,0,0,0,2026/09/22
埼玉西武ライオンズ,古川 雄大,外野手,読売ジャイアンツ,,0,0,0,0,0,0,0,0,0,0,0,0,0,0,2026/09/22
埼玉西武ライオンズ,古川 雄大,外野手,福岡ソフトバンクホークス,,0,0,0,0,0,0,0,0,0,0,0,0,0,0,2026/09/22
埼玉西武ライオンズ,古川 雄大,外野手,北海道日本ハムファイターズ,,0,0,0,0,0,0,0,0,0,0,0,0,0,0,2026/09/22
埼玉西武ライオンズ,秋山 俊,外野手,オリックス・バファローズ,0.333,3,3,1,1,0,0,0,0,1,0,0,0,0,1,2026/09/22
埼玉西武ライオンズ,秋山 俊,外野手,横浜DeNAベイスターズ,,0,0,0,0,0,0,0,0,0,0,0,0,0,0,2026/09/22
埼玉西武ライオンズ,秋山 俊,外野手,広島東洋カープ,,0,0,0,0,0,0,0,0,0,0,0,0,0,0,2026/09/22
埼玉西武ライオンズ,秋山 俊,外野手,阪神タイガース,,0,0,0,0,0,0,0,0,0,0,0,0,0,0,2026/09/22
埼玉西武ライオンズ,秋山 俊,外野手,千葉ロッテマリーンズ,0.200,5,5,1,1,0,0,0,0,0,0,0,0,0,2,2026/09/22
埼玉西武ライオンズ,秋山 俊,外野手,中日ドラゴンズ,,0,0,0,0,0,0,0,0,0,0,0,0,0,0,2026/09/22
埼玉西武ライオンズ,秋山 俊,外野手,東京ヤクルトスワローズ,,0,0,0,0,0,0,0,0,0,0,0,0,0,0,2026/09/22
埼玉西武ライオンズ,秋山 俊,外野手,東北楽天ゴールデンイーグルス,0.000,4,4,0,0,0,0,0,0,0,0,0,0,0,1,2026/09/22
埼玉西武ライオンズ,秋山 俊,外野手,読売ジャイアンツ,,0,0,0,0,0,0,0,0,0,0,0,0,0,0,2026/09/22
埼玉西武ライオンズ,秋山 俊,外野手,福岡ソフトバンクホークス,,0,0,0,0,0,0,0,0,0,0,0,0,0,0,2026/09/22
埼玉西武ライオンズ,秋山 俊,外野手,北海道日本ハムファイターズ,0.000,2,2,0,0,0,0,0,0,1,0,0,0,0,1,2026/09/22
埼玉西武ライオンズ,林 冠臣,外野手,オリックス・バファローズ,,0,0,0,0,0,0,0,0,0,0,0,0,0,0,2026/09/22
埼玉西武ライオンズ,林 冠臣,外野手,横浜DeNAベイスターズ,,0,0,0,0,0,0,0,0,0,0,0,0,0,0,2026/09/22
埼玉西武ライオンズ,林 冠臣,外野手,広島東洋カープ,,0,0,0,0,0,0,0,0,0,0,0,0,0,0,2026/09/22
埼玉西武ライオンズ,林 冠臣,外野手,阪神タイガース,,0,0,0,0,0,0,0,0,0,0,0,0,0,0,2026/09/22
埼玉西武ライオンズ,林 冠臣,外野手,千葉ロッテマリーンズ,,0,0,0,0,0,0,0,0,0,0,0,0,0,0,2026/09/22
埼玉西武ライオンズ,林 冠臣,外野手,中日ドラゴンズ,,0,0,0,0,0,0,0,0,0,0,0,0,0,0,2026/09/22
埼玉西武ライオンズ,林 冠臣,外野手,東京ヤクルトスワローズ,,0,0,0,0,0,0,0,0,0,0,0,0,0,0,2026/09/22
埼玉西武ライオンズ,林 冠臣,外野手,東北楽天ゴールデンイーグルス,,0,0,0,0,0,0,0,0,0,0,0,0,0,0,2026/09/22
埼玉西武ライオンズ,林 冠臣,外野手,読売ジャイアンツ,,0,0,0,0,0,0,0,0,0,0,0,0,0,0,2026/09/22
埼玉西武ライオンズ,林 冠臣,外野手,福岡ソフトバンクホークス,,0,0,0,0,0,0,0,0,0,0,0,0,0,0,2026/09/22
埼玉西武ライオンズ,林 冠臣,外野手,北海道日本ハムファイターズ,,0,0,0,0,0,0,0,0,0,0,0,0,0,0,2026/09/22
埼玉西武ライオンズ,若林 楽人,外野手,オリックス・バファローズ,0.143,9,7,1,1,0,0,0,0,1,2,0,0,0,0,2026/09/22
埼玉西武ライオンズ,若林 楽人,外野手,横浜DeNAベイスターズ,0.250,4,4,1,1,0,0,0,0,1,0,0,0,0,0,2026/09/22
埼玉西武ライオンズ,若林 楽人,外野手,広島東洋カープ,0.000,1,1,0,0,0,0,0,0,0,0,0,0,0,1,2026/09/22
埼玉西武ライオンズ,若林 楽人,外野手,阪神タイガース,0.000,7,7,0,0,0,0,0,0,1,0,0,0,0,2,2026/09/22
埼玉西武ライオンズ,若林 楽人,外野手,千葉ロッテマリーンズ,0.000,6,5,0,0,0,0,0,0,3,1,0,0,0,2,2026/09/22
埼玉西武ライオンズ,若林 楽人,外野手,中日ドラゴンズ,0.250,5,4,1,1,0,0,0,0,3,1,0,0,0,5,2026/09/22
埼玉西武ライオンズ,若林 楽人,外野手,東京ヤクルトスワローズ,0.273,11,11,3,2,1,0,0,0,2,0,0,0,0,1,2026/09/22
埼玉西武ライオンズ,若林 楽人,外野手,東北楽天ゴールデンイーグルス,,0,0,0,0,0,0,0,0,0,0,0,0,0,0,2026/09/22
埼玉西武ライオンズ,若林 楽人,外野手,読売ジャイアンツ,,0,0,0,0,0,0,0,0,0,0,0,0,0,9,2026/09/22
埼玉西武ライオンズ,若林 楽人,外野手,福岡ソフトバンクホークス,0.333,3,3,1,1,0,0,0,0,2,0,0,0,0,0,2026/09/22
埼玉西武ライオンズ,若林 楽人,外野手,北海道日本ハムファイターズ,,0,0,0,0,0,0,0,0,0,0,0,0,0,0,2026/09/22
埼玉西武ライオンズ,西川 愛也,外野手,オリックス・バファローズ,0.160,55,50,8,8,0,0,0,1,12,3,1,0,1,17,2026/09/22
埼玉西武ライオンズ,西川 愛也,外野手,横浜DeNAベイスターズ,0.286,7,7,2,1,1,0,0,2,2,0,0,0,0,2,2026/09/22
埼玉西武ライオンズ,西川 愛也,外野手,広島東洋カープ,0.273,12,11,3,3,0,0,0,1,0,0,0,1,0,3,2026/09/22
埼玉西武ライオンズ,西川 愛也,外野手,阪神タイガース,0.429,7,7,3,3,0,0,0,1,2,0,0,0,0,2,2026/09/22
埼玉西武ライオンズ,西川 愛也,外野手,千葉ロッテマリーンズ,0.333,58,57,19,11,4,3,1,9,7,0,1,0,0,15,2026/09/22
埼玉西武ライオンズ,西川 愛也,外野手,中日ドラゴンズ,0.000,9,8,0,0,0,0,0,0,0,0,1,0,0,3,2026/09/22
埼玉西武ライオンズ,西川 愛也,外野手,東京ヤクルトスワローズ,0.500,4,4,2,2,0,0,0,0,1,0,0,0,0,3,2026/09/22
埼玉西武ライオンズ,西川 愛也,外野手,東北楽天ゴールデンイーグルス,0.183,66,60,11,7,1,1,2,6,10,2,2,1,1,18,2026/09/22
埼玉西武ライオンズ,西川 愛也,外野手,読売ジャイアンツ,,0,0,0,0,0,0,0,0,0,0,0,0,0,1,2026/09/22
埼玉西武ライオンズ,西川 愛也,外野手,福岡ソフトバンクホークス,0.279,49,43,12,11,1,0,0,6,10,4,0,1,1,13,2026/09/22
埼玉西武ライオンズ,西川 愛也,外野手,北海道日本ハムファイターズ,0.162,40,37,6,4,1,1,0,1,10,1,1,0,1,12,2026/09/22
埼玉西武ライオンズ,仲三 優太,外野手,オリックス・バファローズ,0.200,6,5,1,1,0,0,0,0,4,1,0,0,0,2,2026/09/22
埼玉西武ライオンズ,仲三 優太,外野手,横浜DeNAベイスターズ,,0,0,0,0,0,0,0,0,0,0,0,0,0,0,2026/09/22
埼玉西武ライオンズ,仲三 優太,外野手,広島東洋カープ,,0,0,0,0,0,0,0,0,0,0,0,0,0,0,2026/09/22
埼玉西武ライオンズ,仲三 優太,外野手,阪神タイガース,,0,0,0,0,0,0,0,0,0,0,0,0,0,0,2026/09/22
埼玉西武ライオンズ,仲三 優太,外野手,千葉ロッテマリーンズ,0.000,4,3,0,0,0,0,0,0,2,1,0,0,0,2,2026/09/22
埼玉西武ライオンズ,仲三 優太,外野手,中日ドラゴンズ,,0,0,0,0,0,0,0,0,0,0,0,0,0,0,2026/09/22
埼玉西武ライオンズ,仲三 優太,外野手,東京ヤクルトスワローズ,,0,0,0,0,0,0,0,0,0,0,0,0,0,0,2026/09/22
埼玉西武ライオンズ,仲三 優太,外野手,東北楽天ゴールデンイーグルス,0.000,5,5,0,0,0,0,0,0,3,0,0,0,0,1,2026/09/22
埼玉西武ライオンズ,仲三 優太,外野手,読売ジャイアンツ,,0,0,0,0,0,0,0,0,0,0,0,0,0,0,2026/09/22
埼玉西武ライオンズ,仲三 優太,外野手,福岡ソフトバンクホークス,0.158,21,19,3,2,0,0,1,3,8,2,0,0,0,6,2026/09/22
埼玉西武ライオンズ,仲三 優太,外野手,北海道日本ハムファイターズ,,0,0,0,0,0,0,0,0,0,0,0,0,0,0,2026/09/22
埼玉西武ライオンズ,長谷川 信哉,外野手,オリックス・バファローズ,0.211,46,38,8,2,5,0,1,4,11,4,2,1,1,11,2026/09/22
埼玉西武ライオンズ,長谷川 信哉,外野手,横浜DeNAベイスターズ,0.333,10,9,3,3,0,0,0,3,0,1,0,0,0,2,2026/09/22
埼玉西武ライオンズ,長谷川 信哉,外野手,広島東洋カープ,0.429,16,14,6,6,0,0,0,3,3,0,0,0,2,3,2026/09/22
埼玉西武ライオンズ,長谷川 信哉,外野手,阪神タイガース,0.500,6,6,3,3,0,0,0,0,0,0,0,0,0,2,2026/09/22
埼玉西武ライオンズ,長谷川 信哉,外野手,千葉ロッテマリーンズ,0.147,40,34,5,4,0,0,1,2,11,4,1,0,1,10,2026/09/22
埼玉西武ライオンズ,長谷川 信哉,外野手,中日ドラゴンズ,0.667,6,6,4,2,1,0,1,1,2,0,0,0,0,2,2026/09/22
埼玉西武ライオンズ,長谷川 信哉,外野手,東京ヤクルトスワローズ,0.273,13,11,3,2,0,0,1,1,2,1,1,0,0,3,2026/09/22
埼玉西武ライオンズ,長谷川 信哉,外野手,東北楽天ゴールデンイーグルス,0.421,41,38,16,8,4,0,4,11,6,1,1,0,1,12,2026/09/22
埼玉西武ライオンズ,長谷川 信哉,外野手,読売ジャイアンツ,0.300,11,10,3,1,2,0,0,1,3,0,0,0,1,3,2026/09/22
埼玉西武ライオンズ,長谷川 信哉,外野手,福岡ソフトバンクホークス,0.136,47,44,6,5,1,0,0,2,12,1,1,0,1,15,2026/09/22
埼玉西武ライオンズ,長谷川 信哉,外野手,北海道日本ハムファイターズ,0.250,39,36,9,3,4,0,2,5,5,2,1,0,0,10,2026/09/22
埼玉西武ライオンズ,川田 悠慎,外野手,オリックス・バファローズ,,0,0,0,0,0,0,0,0,0,0,0,0,0,0,2026/09/22
埼玉西武ライオンズ,川田 悠慎,外野手,横浜DeNAベイスターズ,,0,0,0,0,0,0,0,0,0,0,0,0,0,0,2026/09/22
埼玉西武ライオンズ,川田 悠慎,外野手,広島東洋カープ,,0,0,0,0,0,0,0,0,0,0,0,0,0,0,2026/09/22
埼玉西武ライオンズ,川田 悠慎,外野手,阪神タイガース,,0,0,0,0,0,0,0,0,0,0,0,0,0,0,2026/09/22
埼玉西武ライオンズ,川田 悠慎,外野手,千葉ロッテマリーンズ,,0,0,0,0,0,0,0,0,0,0,0,0,0,0,2026/09/22
埼玉西武ライオンズ,川田 悠慎,外野手,中日ドラゴンズ,,0,0,0,0,0,0,0,0,0,0,0,0,0,0,2026/09/22
埼玉西武ライオンズ,川田 悠慎,外野手,東京ヤクルトスワローズ,,0,0,0,0,0,0,0,0,0,0,0,0,0,0,2026/09/22
埼玉西武ライオンズ,川田 悠慎,外野手,東北楽天ゴールデンイーグルス,,0,0,0,0,0,0,0,0,0,0,0,0,0,0,2026/09/22
埼玉西武ライオンズ,川田 悠慎,外野手,読売ジャイアンツ,,0,0,0,0,0,0,0,0,0,0,0,0,0,0,2026/09/22
埼玉西武ライオンズ,川田 悠慎,外野手,福岡ソフトバンクホークス,,0,0,0,0,0,0,0,0,0,0,0,0,0,0,2026/09/22
埼玉西武ライオンズ,川田 悠慎,外野手,北海道日本ハムファイターズ,,0,0,0,0,0,0,0,0,0,0,0,0,0,0,2026/09/22
埼玉西武ライオンズ,岸 潤一郎,外野手,オリックス・バファローズ,0.261,24,23,6,6,0,0,0,0,4,1,0,0,0,8,2026/09/22
埼玉西武ライオンズ,岸 潤一郎,外野手,横浜DeNAベイスターズ,0.000,4,3,0,0,0,0,0,0,1,0,0,0,1,2,2026/09/22
埼玉西武ライオンズ,岸 潤一郎,外野手,広島東洋カープ,0.286,9,7,2,2,0,0,0,0,0,1,1,0,0,2,2026/09/22
埼玉西武ライオンズ,岸 潤一郎,外野手,阪神タイガース,,0,0,0,0,0,0,0,0,0,0,0,0,0,0,2026/09/22
埼玉西武ライオンズ,岸 潤一郎,外野手,千葉ロッテマリーンズ,0.233,33,30,7,4,3,0,0,5,6,2,0,1,0,12,2026/09/22
埼玉西武ライオンズ,岸 潤一郎,外野手,中日ドラゴンズ,0.000,3,2,0,0,0,0,0,0,0,1,0,0,0,2,2026/09/22
埼玉西武ライオンズ,岸 潤一郎,外野手,東京ヤクルトスワローズ,0.000,1,1,0,0,0,0,0,0,0,0,0,0,0,1,2026/09/22
埼玉西武ライオンズ,岸 潤一郎,外野手,東北楽天ゴールデンイーグルス,0.185,31,27,5,3,2,0,0,1,4,2,1,0,1,11,2026/09/22
埼玉西武ライオンズ,岸 潤一郎,外野手,読売ジャイアンツ,0.250,4,4,1,0,0,1,0,0,1,0,0,0,0,2,2026/09/22
埼玉西武ライオンズ,岸 潤一郎,外野手,福岡ソフトバンクホークス,0.235,36,34,8,7,1,0,0,2,8,0,1,1,0,11,2026/09/22
埼玉西武ライオンズ,岸 潤一郎,外野手,北海道日本ハムファイターズ,0.244,48,45,11,8,2,0,1,3,12,1,1,0,1,17,2026/09/22
埼玉西武ライオンズ,林 安可,外野手,オリックス・バファローズ,0.286,57,49,14,7,7,0,0,5,14,6,0,0,2,14,2026/09/22
埼玉西武ライオンズ,林 安可,外野手,横浜DeNAベイスターズ,,0,0,0,0,0,0,0,0,0,0,0,0,0,0,2026/09/22
埼玉西武ライオンズ,林 安可,外野手,広島東洋カープ,,0,0,0,0,0,0,0,0,0,0,0,0,0,0,2026/09/22
埼玉西武ライオンズ,林 安可,外野手,阪神タイガース,,0,0,0,0,0,0,0,0,0,0,0,0,0,0,2026/09/22
埼玉西武ライオンズ,林 安可,外野手,千葉ロッテマリーンズ,0.108,40,37,4,2,1,0,1,2,8,1,0,0,2,13,2026/09/22
埼玉西武ライオンズ,林 安可,外野手,中日ドラゴンズ,,0,0,0,0,0,0,0,0,0,0,0,0,0,0,2026/09/22
埼玉西武ライオンズ,林 安可,外野手,東京ヤクルトスワローズ,0.000,2,2,0,0,0,0,0,0,1,0,0,0,0,2,2026/09/22
埼玉西武ライオンズ,林 安可,外野手,東北楽天ゴールデンイーグルス,0.378,51,45,17,12,3,0,2,12,11,3,0,0,3,14,2026/09/22
埼玉西武ライオンズ,林 安可,外野手,読売ジャイアンツ,,0,0,0,0,0,0,0,0,0,0,0,0,0,0,2026/09/22
埼玉西武ライオンズ,林 安可,外野手,福岡ソフトバンクホークス,0.138,65,58,8,5,1,0,2,5,18,6,0,1,0,18,2026/09/22
埼玉西武ライオンズ,林 安可,外野手,北海道日本ハムファイターズ,0.196,48,46,9,4,2,0,3,5,12,2,0,0,0,14,2026/09/22
東北楽天ゴールデンイーグルス,岸 孝之,投手,オリックス・バファローズ,,0,0,0,0,0,0,0,0,0,0,0,0,0,0,2026/09/22
東北楽天ゴールデンイーグルス,岸 孝之,投手,横浜DeNAベイスターズ,,0,0,0,0,0,0,0,0,0,0,0,0,0,0,2026/09/22
東北楽天ゴールデンイーグルス,岸 孝之,投手,広島東洋カープ,,0,0,0,0,0,0,0,0,0,0,0,0,0,0,2026/09/22
東北楽天ゴールデンイーグルス,岸 孝之,投手,阪神タイガース,0.000,1,1,0,0,0,0,0,0,0,0,0,0,0,1,2026/09/22
東北楽天ゴールデンイーグルス,岸 孝之,投手,埼玉西武ライオンズ,,0,0,0,0,0,0,0,0,0,0,0,0,0,0,2026/09/22
東北楽天ゴールデンイーグルス,岸 孝之,投手,千葉ロッテマリーンズ,,0,0,0,0,0,0,0,0,0,0,0,0,0,0,2026/09/22
東北楽天ゴールデンイーグルス,岸 孝之,投手,中日ドラゴンズ,,0,0,0,0,0,0,0,0,0,0,0,0,0,0,2026/09/22
東北楽天ゴールデンイーグルス,岸 孝之,投手,東京ヤクルトスワローズ,,0,0,0,0,0,0,0,0,0,0,0,0,0,0,2026/09/22
東北楽天ゴールデンイーグルス,岸 孝之,投手,読売ジャイアンツ,,0,0,0,0,0,0,0,0,0,0,0,0,0,0,2026/09/22
東北楽天ゴールデンイーグルス,岸 孝之,投手,福岡ソフトバンクホークス,,0,0,0,0,0,0,0,0,0,0,0,0,0,0,2026/09/22
東北楽天ゴールデンイーグルス,岸 孝之,投手,北海道日本ハムファイターズ,,0,0,0,0,0,0,0,0,0,0,0,0,0,0,2026/09/22
東北楽天ゴールデンイーグルス,藤原 聡大,投手,オリックス・バファローズ,,0,0,0,0,0,0,0,0,0,0,0,0,0,0,2026/09/22
東北楽天ゴールデンイーグルス,藤原 聡大,投手,横浜DeNAベイスターズ,,0,0,0,0,0,0,0,0,0,0,0,0,0,0,2026/09/22
東北楽天ゴールデンイーグルス,藤原 聡大,投手,広島東洋カープ,,0,0,0,0,0,0,0,0,0,0,0,0,0,0,2026/09/22
東北楽天ゴールデンイーグルス,藤原 聡大,投手,阪神タイガース,,0,0,0,0,0,0,0,0,0,0,0,0,0,0,2026/09/22
東北楽天ゴールデンイーグルス,藤原 聡大,投手,埼玉西武ライオンズ,,0,0,0,0,0,0,0,0,0,0,0,0,0,0,2026/09/22
東北楽天ゴールデンイーグルス,藤原 聡大,投手,千葉ロッテマリーンズ,,0,0,0,0,0,0,0,0,0,0,0,0,0,0,2026/09/22
東北楽天ゴールデンイーグルス,藤原 聡大,投手,中日ドラゴンズ,,0,0,0,0,0,0,0,0,0,0,0,0,0,0,2026/09/22
東北楽天ゴールデンイーグルス,藤原 聡大,投手,東京ヤクルトスワローズ,,0,0,0,0,0,0,0,0,0,0,0,0,0,0,2026/09/22
東北楽天ゴールデンイーグルス,藤原 聡大,投手,読売ジャイアンツ,,0,0,0,0,0,0,0,0,0,0,0,0,0,0,2026/09/22
東北楽天ゴールデンイーグルス,藤原 聡大,投手,福岡ソフトバンクホークス,,0,0,0,0,0,0,0,0,0,0,0,0,0,0,2026/09/22
東北楽天ゴールデンイーグルス,藤原 聡大,投手,北海道日本ハムファイターズ,,0,0,0,0,0,0,0,0,0,0,0,0,0,0,2026/09/22
東北楽天ゴールデンイーグルス,コントレラス,投手,オリックス・バファローズ,,0,0,0,0,0,0,0,0,0,0,0,0,0,0,2026/09/22
東北楽天ゴールデンイーグルス,コントレラス,投手,横浜DeNAベイスターズ,,0,0,0,0,0,0,0,0,0,0,0,0,0,0,2026/09/22
東北楽天ゴールデンイーグルス,コントレラス,投手,広島東洋カープ,,0,0,0,0,0,0,0,0,0,0,0,0,0,0,2026/09/22
東北楽天ゴールデンイーグルス,コントレラス,投手,阪神タイガース,,0,0,0,0,0,0,0,0,0,0,0,0,0,0,2026/09/22
東北楽天ゴールデンイーグルス,コントレラス,投手,埼玉西武ライオンズ,,0,0,0,0,0,0,0,0,0,0,0,0,0,0,2026/09/22
東北楽天ゴールデンイーグルス,コントレラス,投手,千葉ロッテマリーンズ,,0,0,0,0,0,0,0,0,0,0,0,0,0,0,2026/09/22
東北楽天ゴールデンイーグルス,コントレラス,投手,中日ドラゴンズ,,0,0,0,0,0,0,0,0,0,0,0,0,0,0,2026/09/22
東北楽天ゴールデンイーグルス,コントレラス,投手,東京ヤクルトスワローズ,,0,0,0,0,0,0,0,0,0,0,0,0,0,0,2026/09/22
東北楽天ゴールデンイーグルス,コントレラス,投手,読売ジャイアンツ,,0,0,0,0,0,0,0,0,0,0,0,0,0,0,2026/09/22
東北楽天ゴールデンイーグルス,コントレラス,投手,福岡ソフトバンクホークス,,0,0,0,0,0,0,0,0,0,0,0,0,0,0,2026/09/22
東北楽天ゴールデンイーグルス,コントレラス,投手,北海道日本ハムファイターズ,,0,0,0,0,0,0,0,0,0,0,0,0,0,0,2026/09/22
東北楽天ゴールデンイーグルス,古謝 樹,投手,オリックス・バファローズ,,0,0,0,0,0,0,0,0,0,0,0,0,0,0,2026/09/22
東北楽天ゴールデンイーグルス,古謝 樹,投手,横浜DeNAベイスターズ,0.000,2,2,0,0,0,0,0,0,1,0,0,0,0,1,2026/09/22
東北楽天ゴールデンイーグルス,古謝 樹,投手,広島東洋カープ,,0,0,0,0,0,0,0,0,0,0,0,0,0,0,2026/09/22
東北楽天ゴールデンイーグルス,古謝 樹,投手,阪神タイガース,,0,0,0,0,0,0,0,0,0,0,0,0,0,0,2026/09/22
東北楽天ゴールデンイーグルス,古謝 樹,投手,埼玉西武ライオンズ,,0,0,0,0,0,0,0,0,0,0,0,0,0,0,2026/09/22
東北楽天ゴールデンイーグルス,古謝 樹,投手,千葉ロッテマリーンズ,,0,0,0,0,0,0,0,0,0,0,0,0,0,0,2026/09/22
東北楽天ゴールデンイーグルス,古謝 樹,投手,中日ドラゴンズ,0.000,1,1,0,0,0,0,0,0,1,0,0,0,0,1,2026/09/22
東北楽天ゴールデンイーグルス,古謝 樹,投手,東京ヤクルトスワローズ,,0,0,0,0,0,0,0,0,0,0,0,0,0,0,2026/09/22
東北楽天ゴールデンイーグルス,古謝 樹,投手,読売ジャイアンツ,,0,0,0,0,0,0,0,0,0,0,0,0,0,0,2026/09/22
東北楽天ゴールデンイーグルス,古謝 樹,投手,福岡ソフトバンクホークス,,0,0,0,0,0,0,0,0,0,0,0,0,0,0,2026/09/22
東北楽天ゴールデンイーグルス,古謝 樹,投手,北海道日本ハムファイターズ,,0,0,0,0,0,0,0,0,0,0,0,0,0,0,2026/09/22
東北楽天ゴールデンイーグルス,前田 健太,投手,オリックス・バファローズ,,0,0,0,0,0,0,0,0,0,0,0,0,0,0,2026/09/22
東北楽天ゴールデンイーグルス,前田 健太,投手,横浜DeNAベイスターズ,,0,0,0,0,0,0,0,0,0,0,0,0,0,0,2026/09/22
東北楽天ゴールデンイーグルス,前田 健太,投手,広島東洋カープ,,0,0,0,0,0,0,0,0,0,0,0,0,0,0,2026/09/22
東北楽天ゴールデンイーグルス,前田 健太,投手,阪神タイガース,0.000,1,1,0,0,0,0,0,0,1,0,0,0,0,1,2026/09/22
東北楽天ゴールデンイーグルス,前田 健太,投手,埼玉西武ライオンズ,,0,0,0,0,0,0,0,0,0,0,0,0,0,0,2026/09/22
東北楽天ゴールデンイーグルス,前田 健太,投手,千葉ロッテマリーンズ,,0,0,0,0,0,0,0,0,0,0,0,0,0,0,2026/09/22
東北楽天ゴールデンイーグルス,前田 健太,投手,中日ドラゴンズ,,0,0,0,0,0,0,0,0,0,0,0,0,0,0,2026/09/22
東北楽天ゴールデンイーグルス,前田 健太,投手,東京ヤクルトスワローズ,,0,0,0,0,0,0,0,0,0,0,0,0,0,0,2026/09/22
東北楽天ゴールデンイーグルス,前田 健太,投手,読売ジャイアンツ,,0,0,0,0,0,0,0,0,0,0,0,0,0,0,2026/09/22
東北楽天ゴールデンイーグルス,前田 健太,投手,福岡ソフトバンクホークス,,0,0,0,0,0,0,0,0,0,0,0,0,0,0,2026/09/22
東北楽天ゴールデンイーグルス,前田 健太,投手,北海道日本ハムファイターズ,,0,0,0,0,0,0,0,0,0,0,0,0,0,0,2026/09/22
東北楽天ゴールデンイーグルス,荘司 康誠,投手,オリックス・バファローズ,,0,0,0,0,0,0,0,0,0,0,0,0,0,0,2026/09/22
東北楽天ゴールデンイーグルス,荘司 康誠,投手,横浜DeNAベイスターズ,0.000,3,2,0,0,0,0,0,0,1,0,1,0,0,1,2026/09/22
東北楽天ゴールデンイーグルス,荘司 康誠,投手,広島東洋カープ,,0,0,0,0,0,0,0,0,0,0,0,0,0,0,2026/09/22
東北楽天ゴールデンイーグルス,荘司 康誠,投手,阪神タイガース,,0,0,0,0,0,0,0,0,0,0,0,0,0,0,2026/09/22
東北楽天ゴールデンイーグルス,荘司 康誠,投手,埼玉西武ライオンズ,,0,0,0,0,0,0,0,0,0,0,0,0,0,0,2026/09/22
東北楽天ゴールデンイーグルス,荘司 康誠,投手,千葉ロッテマリーンズ,,0,0,0,0,0,0,0,0,0,0,0,0,0,0,2026/09/22
東北楽天ゴールデンイーグルス,荘司 康誠,投手,中日ドラゴンズ,0.000,2,2,0,0,0,0,0,0,1,0,0,0,0,1,2026/09/22
東北楽天ゴールデンイーグルス,荘司 康誠,投手,東京ヤクルトスワローズ,,0,0,0,0,0,0,0,0,0,0,0,0,0,0,2026/09/22
東北楽天ゴールデンイーグルス,荘司 康誠,投手,読売ジャイアンツ,,0,0,0,0,0,0,0,0,0,0,0,0,0,0,2026/09/22
東北楽天ゴールデンイーグルス,荘司 康誠,投手,福岡ソフトバンクホークス,,0,0,0,0,0,0,0,0,0,0,0,0,0,0,2026/09/22
東北楽天ゴールデンイーグルス,荘司 康誠,投手,北海道日本ハムファイターズ,,0,0,0,0,0,0,0,0,0,0,0,0,0,0,2026/09/22
東北楽天ゴールデンイーグルス,伊藤 樹,投手,オリックス・バファローズ,,0,0,0,0,0,0,0,0,0,0,0,0,0,0,2026/09/22
東北楽天ゴールデンイーグルス,伊藤 樹,投手,横浜DeNAベイスターズ,,0,0,0,0,0,0,0,0,0,0,0,0,0,0,2026/09/22
東北楽天ゴールデンイーグルス,伊藤 樹,投手,広島東洋カープ,,0,0,0,0,0,0,0,0,0,0,0,0,0,0,2026/09/22
東北楽天ゴールデンイーグルス,伊藤 樹,投手,阪神タイガース,,0,0,0,0,0,0,0,0,0,0,0,0,0,0,2026/09/22
東北楽天ゴールデンイーグルス,伊藤 樹,投手,埼玉西武ライオンズ,,0,0,0,0,0,0,0,0,0,0,0,0,0,0,2026/09/22
東北楽天ゴールデンイーグルス,伊藤 樹,投手,千葉ロッテマリーンズ,,0,0,0,0,0,0,0,0,0,0,0,0,0,0,2026/09/22
東北楽天ゴールデンイーグルス,伊藤 樹,投手,中日ドラゴンズ,,0,0,0,0,0,0,0,0,0,0,0,0,0,0,2026/09/22
東北楽天ゴールデンイーグルス,伊藤 樹,投手,東京ヤクルトスワローズ,,0,0,0,0,0,0,0,0,0,0,0,0,0,0,2026/09/22
東北楽天ゴールデンイーグルス,伊藤 樹,投手,読売ジャイアンツ,,0,0,0,0,0,0,0,0,0,0,0,0,0,0,2026/09/22
東北楽天ゴールデンイーグルス,伊藤 樹,投手,福岡ソフトバンクホークス,,0,0,0,0,0,0,0,0,0,0,0,0,0,0,2026/09/22
東北楽天ゴールデンイーグルス,伊藤 樹,投手,北海道日本ハムファイターズ,,0,0,0,0,0,0,0,0,0,0,0,0,0,0,2026/09/22
東北楽天ゴールデンイーグルス,早川 隆久,投手,オリックス・バファローズ,,0,0,0,0,0,0,0,0,0,0,0,0,0,0,2026/09/22
東北楽天ゴールデンイーグルス,早川 隆久,投手,横浜DeNAベイスターズ,,0,0,0,0,0,0,0,0,0,0,0,0,0,0,2026/09/22
東北楽天ゴールデンイーグルス,早川 隆久,投手,広島東洋カープ,,0,0,0,0,0,0,0,0,0,0,0,0,0,0,2026/09/22
東北楽天ゴールデンイーグルス,早川 隆久,投手,阪神タイガース,0.000,3,2,0,0,0,0,0,0,0,0,1,0,0,1,2026/09/22
東北楽天ゴールデンイーグルス,早川 隆久,投手,埼玉西武ライオンズ,,0,0,0,0,0,0,0,0,0,0,0,0,0,0,2026/09/22
東北楽天ゴールデンイーグルス,早川 隆久,投手,千葉ロッテマリーンズ,,0,0,0,0,0,0,0,0,0,0,0,0,0,0,2026/09/22
東北楽天ゴールデンイーグルス,早川 隆久,投手,中日ドラゴンズ,,0,0,0,0,0,0,0,0,0,0,0,0,0,0,2026/09/22
東北楽天ゴールデンイーグルス,早川 隆久,投手,東京ヤクルトスワローズ,,0,0,0,0,0,0,0,0,0,0,0,0,0,0,2026/09/22
東北楽天ゴールデンイーグルス,早川 隆久,投手,読売ジャイアンツ,,0,0,0,0,0,0,0,0,0,0,0,0,0,0,2026/09/22
東北楽天ゴールデンイーグルス,早川 隆久,投手,福岡ソフトバンクホークス,,0,0,0,0,0,0,0,0,0,0,0,0,0,0,2026/09/22
東北楽天ゴールデンイーグルス,早川 隆久,投手,北海道日本ハムファイターズ,,0,0,0,0,0,0,0,0,0,0,0,0,0,0,2026/09/22
東北楽天ゴールデンイーグルス,ウレーニャ,投手,オリックス・バファローズ,,0,0,0,0,0,0,0,0,0,0,0,0,0,0,2026/09/22
東北楽天ゴールデンイーグルス,ウレーニャ,投手,横浜DeNAベイスターズ,,0,0,0,0,0,0,0,0,0,0,0,0,0,0,2026/09/22
東北楽天ゴールデンイーグルス,ウレーニャ,投手,広島東洋カープ,,0,0,0,0,0,0,0,0,0,0,0,0,0,0,2026/09/22
東北楽天ゴールデンイーグルス,ウレーニャ,投手,阪神タイガース,,0,0,0,0,0,0,0,0,0,0,0,0,0,0,2026/09/22
東北楽天ゴールデンイーグルス,ウレーニャ,投手,埼玉西武ライオンズ,,0,0,0,0,0,0,0,0,0,0,0,0,0,0,2026/09/22
東北楽天ゴールデンイーグルス,ウレーニャ,投手,千葉ロッテマリーンズ,,0,0,0,0,0,0,0,0,0,0,0,0,0,0,2026/09/22
東北楽天ゴールデンイーグルス,ウレーニャ,投手,中日ドラゴンズ,,0,0,0,0,0,0,0,0,0,0,0,0,0,0,2026/09/22
東北楽天ゴールデンイーグルス,ウレーニャ,投手,東京ヤクルトスワローズ,,0,0,0,0,0,0,0,0,0,0,0,0,0,0,2026/09/22
東北楽天ゴールデンイーグルス,ウレーニャ,投手,読売ジャイアンツ,,0,0,0,0,0,0,0,0,0,0,0,0,0,0,2026/09/22
東北楽天ゴールデンイーグルス,ウレーニャ,投手,福岡ソフトバンクホークス,,0,0,0,0,0,0,0,0,0,0,0,0,0,0,2026/09/22
東北楽天ゴールデンイーグルス,ウレーニャ,投手,北海道日本ハムファイターズ,,0,0,0,0,0,0,0,0,0,0,0,0,0,0,2026/09/22
東北楽天ゴールデンイーグルス,マルテ,投手,オリックス・バファローズ,,0,0,0,0,0,0,0,0,0,0,0,0,0,0,2026/09/22
東北楽天ゴールデンイーグルス,マルテ,投手,横浜DeNAベイスターズ,,0,0,0,0,0,0,0,0,0,0,0,0,0,0,2026/09/22
東北楽天ゴールデンイーグルス,マルテ,投手,広島東洋カープ,,0,0,0,0,0,0,0,0,0,0,0,0,0,0,2026/09/22
東北楽天ゴールデンイーグルス,マルテ,投手,阪神タイガース,,0,0,0,0,0,0,0,0,0,0,0,0,0,0,2026/09/22
東北楽天ゴールデンイーグルス,マルテ,投手,埼玉西武ライオンズ,,0,0,0,0,0,0,0,0,0,0,0,0,0,0,2026/09/22
東北楽天ゴールデンイーグルス,マルテ,投手,千葉ロッテマリーンズ,,0,0,0,0,0,0,0,0,0,0,0,0,0,0,2026/09/22
東北楽天ゴールデンイーグルス,マルテ,投手,中日ドラゴンズ,,0,0,0,0,0,0,0,0,0,0,0,0,0,0,2026/09/22
東北楽天ゴールデンイーグルス,マルテ,投手,東京ヤクルトスワローズ,,0,0,0,0,0,0,0,0,0,0,0,0,0,0,2026/09/22
東北楽天ゴールデンイーグルス,マルテ,投手,読売ジャイアンツ,,0,0,0,0,0,0,0,0,0,0,0,0,0,0,2026/09/22
東北楽天ゴールデンイーグルス,マルテ,投手,福岡ソフトバンクホークス,,0,0,0,0,0,0,0,0,0,0,0,0,0,0,2026/09/22
東北楽天ゴールデンイーグルス,マルテ,投手,北海道日本ハムファイターズ,,0,0,0,0,0,0,0,0,0,0,0,0,0,0,2026/09/22
東北楽天ゴールデンイーグルス,中込 陽翔,投手,オリックス・バファローズ,,0,0,0,0,0,0,0,0,0,0,0,0,0,0,2026/09/22
東北楽天ゴールデンイーグルス,中込 陽翔,投手,横浜DeNAベイスターズ,,0,0,0,0,0,0,0,0,0,0,0,0,0,0,2026/09/22
東北楽天ゴールデンイーグルス,中込 陽翔,投手,広島東洋カープ,,0,0,0,0,0,0,0,0,0,0,0,0,0,0,2026/09/22
東北楽天ゴールデンイーグルス,中込 陽翔,投手,阪神タイガース,,0,0,0,0,0,0,0,0,0,0,0,0,0,0,2026/09/22
東北楽天ゴールデンイーグルス,中込 陽翔,投手,埼玉西武ライオンズ,,0,0,0,0,0,0,0,0,0,0,0,0,0,0,2026/09/22
東北楽天ゴールデンイーグルス,中込 陽翔,投手,千葉ロッテマリーンズ,,0,0,0,0,0,0,0,0,0,0,0,0,0,0,2026/09/22
東北楽天ゴールデンイーグルス,中込 陽翔,投手,中日ドラゴンズ,,0,0,0,0,0,0,0,0,0,0,0,0,0,0,2026/09/22
東北楽天ゴールデンイーグルス,中込 陽翔,投手,東京ヤクルトスワローズ,,0,0,0,0,0,0,0,0,0,0,0,0,0,0,2026/09/22
東北楽天ゴールデンイーグルス,中込 陽翔,投手,読売ジャイアンツ,,0,0,0,0,0,0,0,0,0,0,0,0,0,0,2026/09/22
東北楽天ゴールデンイーグルス,中込 陽翔,投手,福岡ソフトバンクホークス,,0,0,0,0,0,0,0,0,0,0,0,0,0,0,2026/09/22
東北楽天ゴールデンイーグルス,中込 陽翔,投手,北海道日本ハムファイターズ,,0,0,0,0,0,0,0,0,0,0,0,0,0,0,2026/09/22
東北楽天ゴールデンイーグルス,酒居 知史,投手,オリックス・バファローズ,,0,0,0,0,0,0,0,0,0,0,0,0,0,0,2026/09/22
東北楽天ゴールデンイーグルス,酒居 知史,投手,横浜DeNAベイスターズ,,0,0,0,0,0,0,0,0,0,0,0,0,0,0,2026/09/22
東北楽天ゴールデンイーグルス,酒居 知史,投手,広島東洋カープ,,0,0,0,0,0,0,0,0,0,0,0,0,0,0,2026/09/22
東北楽天ゴールデンイーグルス,酒居 知史,投手,阪神タイガース,,0,0,0,0,0,0,0,0,0,0,0,0,0,0,2026/09/22
東北楽天ゴールデンイーグルス,酒居 知史,投手,埼玉西武ライオンズ,,0,0,0,0,0,0,0,0,0,0,0,0,0,0,2026/09/22
東北楽天ゴールデンイーグルス,酒居 知史,投手,千葉ロッテマリーンズ,,0,0,0,0,0,0,0,0,0,0,0,0,0,0,2026/09/22
東北楽天ゴールデンイーグルス,酒居 知史,投手,中日ドラゴンズ,,0,0,0,0,0,0,0,0,0,0,0,0,0,0,2026/09/22
東北楽天ゴールデンイーグルス,酒居 知史,投手,東京ヤクルトスワローズ,,0,0,0,0,0,0,0,0,0,0,0,0,0,0,2026/09/22
東北楽天ゴールデンイーグルス,酒居 知史,投手,読売ジャイアンツ,,0,0,0,0,0,0,0,0,0,0,0,0,0,0,2026/09/22
東北楽天ゴールデンイーグルス,酒居 知史,投手,福岡ソフトバンクホークス,,0,0,0,0,0,0,0,0,0,0,0,0,0,0,2026/09/22
東北楽天ゴールデンイーグルス,酒居 知史,投手,北海道日本ハムファイターズ,,0,0,0,0,0,0,0,0,0,0,0,0,0,0,2026/09/22
東北楽天ゴールデンイーグルス,田中 千晴,投手,オリックス・バファローズ,,0,0,0,0,0,0,0,0,0,0,0,0,0,0,2026/09/22
東北楽天ゴールデンイーグルス,田中 千晴,投手,横浜DeNAベイスターズ,,0,0,0,0,0,0,0,0,0,0,0,0,0,0,2026/09/22
東北楽天ゴールデンイーグルス,田中 千晴,投手,広島東洋カープ,,0,0,0,0,0,0,0,0,0,0,0,0,0,0,2026/09/22
東北楽天ゴールデンイーグルス,田中 千晴,投手,阪神タイガース,,0,0,0,0,0,0,0,0,0,0,0,0,0,0,2026/09/22
東北楽天ゴールデンイーグルス,田中 千晴,投手,埼玉西武ライオンズ,,0,0,0,0,0,0,0,0,0,0,0,0,0,0,2026/09/22
東北楽天ゴールデンイーグルス,田中 千晴,投手,千葉ロッテマリーンズ,,0,0,0,0,0,0,0,0,0,0,0,0,0,0,2026/09/22
東北楽天ゴールデンイーグルス,田中 千晴,投手,中日ドラゴンズ,,0,0,0,0,0,0,0,0,0,0,0,0,0,0,2026/09/22
東北楽天ゴールデンイーグルス,田中 千晴,投手,東京ヤクルトスワローズ,,0,0,0,0,0,0,0,0,0,0,0,0,0,0,2026/09/22
東北楽天ゴールデンイーグルス,田中 千晴,投手,読売ジャイアンツ,,0,0,0,0,0,0,0,0,0,0,0,0,0,0,2026/09/22
東北楽天ゴールデンイーグルス,田中 千晴,投手,福岡ソフトバンクホークス,,0,0,0,0,0,0,0,0,0,0,0,0,0,0,2026/09/22
東北楽天ゴールデンイーグルス,田中 千晴,投手,北海道日本ハムファイターズ,,0,0,0,0,0,0,0,0,0,0,0,0,0,0,2026/09/22
東北楽天ゴールデンイーグルス,渡辺 翔太,投手,オリックス・バファローズ,,0,0,0,0,0,0,0,0,0,0,0,0,0,0,2026/09/22
東北楽天ゴールデンイーグルス,渡辺 翔太,投手,横浜DeNAベイスターズ,,0,0,0,0,0,0,0,0,0,0,0,0,0,0,2026/09/22
東北楽天ゴールデンイーグルス,渡辺 翔太,投手,広島東洋カープ,,0,0,0,0,0,0,0,0,0,0,0,0,0,0,2026/09/22
東北楽天ゴールデンイーグルス,渡辺 翔太,投手,阪神タイガース,,0,0,0,0,0,0,0,0,0,0,0,0,0,0,2026/09/22
東北楽天ゴールデンイーグルス,渡辺 翔太,投手,埼玉西武ライオンズ,,0,0,0,0,0,0,0,0,0,0,0,0,0,0,2026/09/22
東北楽天ゴールデンイーグルス,渡辺 翔太,投手,千葉ロッテマリーンズ,,0,0,0,0,0,0,0,0,0,0,0,0,0,0,2026/09/22
東北楽天ゴールデンイーグルス,渡辺 翔太,投手,中日ドラゴンズ,,0,0,0,0,0,0,0,0,0,0,0,0,0,0,2026/09/22
東北楽天ゴールデンイーグルス,渡辺 翔太,投手,東京ヤクルトスワローズ,,0,0,0,0,0,0,0,0,0,0,0,0,0,0,2026/09/22
東北楽天ゴールデンイーグルス,渡辺 翔太,投手,読売ジャイアンツ,,0,0,0,0,0,0,0,0,0,0,0,0,0,0,2026/09/22
東北楽天ゴールデンイーグルス,渡辺 翔太,投手,福岡ソフトバンクホークス,,0,0,0,0,0,0,0,0,0,0,0,0,0,0,2026/09/22
東北楽天ゴールデンイーグルス,渡辺 翔太,投手,北海道日本ハムファイターズ,,0,0,0,0,0,0,0,0,0,0,0,0,0,0,2026/09/22
東北楽天ゴールデンイーグルス,江原 雅裕,投手,オリックス・バファローズ,,0,0,0,0,0,0,0,0,0,0,0,0,0,0,2026/09/22
東北楽天ゴールデンイーグルス,江原 雅裕,投手,横浜DeNAベイスターズ,,0,0,0,0,0,0,0,0,0,0,0,0,0,0,2026/09/22
東北楽天ゴールデンイーグルス,江原 雅裕,投手,広島東洋カープ,,0,0,0,0,0,0,0,0,0,0,0,0,0,0,2026/09/22
東北楽天ゴールデンイーグルス,江原 雅裕,投手,阪神タイガース,,0,0,0,0,0,0,0,0,0,0,0,0,0,0,2026/09/22
東北楽天ゴールデンイーグルス,江原 雅裕,投手,埼玉西武ライオンズ,,0,0,0,0,0,0,0,0,0,0,0,0,0,0,2026/09/22
東北楽天ゴールデンイーグルス,江原 雅裕,投手,千葉ロッテマリーンズ,,0,0,0,0,0,0,0,0,0,0,0,0,0,0,2026/09/22
東北楽天ゴールデンイーグルス,江原 雅裕,投手,中日ドラゴンズ,,0,0,0,0,0,0,0,0,0,0,0,0,0,0,2026/09/22
東北楽天ゴールデンイーグルス,江原 雅裕,投手,東京ヤクルトスワローズ,,0,0,0,0,0,0,0,0,0,0,0,0,0,0,2026/09/22
東北楽天ゴールデンイーグルス,江原 雅裕,投手,読売ジャイアンツ,,0,0,0,0,0,0,0,0,0,0,0,0,0,0,2026/09/22
東北楽天ゴールデンイーグルス,江原 雅裕,投手,福岡ソフトバンクホークス,,0,0,0,0,0,0,0,0,0,0,0,0,0,0,2026/09/22
東北楽天ゴールデンイーグルス,江原 雅裕,投手,北海道日本ハムファイターズ,,0,0,0,0,0,0,0,0,0,0,0,0,0,0,2026/09/22
東北楽天ゴールデンイーグルス,加治屋 蓮,投手,オリックス・バファローズ,,0,0,0,0,0,0,0,0,0,0,0,0,0,0,2026/09/22
東北楽天ゴールデンイーグルス,加治屋 蓮,投手,横浜DeNAベイスターズ,,0,0,0,0,0,0,0,0,0,0,0,0,0,0,2026/09/22
東北楽天ゴールデンイーグルス,加治屋 蓮,投手,広島東洋カープ,,0,0,0,0,0,0,0,0,0,0,0,0,0,0,2026/09/22
東北楽天ゴールデンイーグルス,加治屋 蓮,投手,阪神タイガース,,0,0,0,0,0,0,0,0,0,0,0,0,0,0,2026/09/22
東北楽天ゴールデンイーグルス,加治屋 蓮,投手,埼玉西武ライオンズ,,0,0,0,0,0,0,0,0,0,0,0,0,0,0,2026/09/22
東北楽天ゴールデンイーグルス,加治屋 蓮,投手,千葉ロッテマリーンズ,,0,0,0,0,0,0,0,0,0,0,0,0,0,0,2026/09/22
東北楽天ゴールデンイーグルス,加治屋 蓮,投手,中日ドラゴンズ,,0,0,0,0,0,0,0,0,0,0,0,0,0,0,2026/09/22
東北楽天ゴールデンイーグルス,加治屋 蓮,投手,東京ヤクルトスワローズ,,0,0,0,0,0,0,0,0,0,0,0,0,0,0,2026/09/22
東北楽天ゴールデンイーグルス,加治屋 蓮,投手,読売ジャイアンツ,,0,0,0,0,0,0,0,0,0,0,0,0,0,0,2026/09/22
東北楽天ゴールデンイーグルス,加治屋 蓮,投手,福岡ソフトバンクホークス,,0,0,0,0,0,0,0,0,0,0,0,0,0,0,2026/09/22
東北楽天ゴールデンイーグルス,加治屋 蓮,投手,北海道日本ハムファイターズ,,0,0,0,0,0,0,0,0,0,0,0,0,0,0,2026/09/22
東北楽天ゴールデンイーグルス,宋 家豪,投手,オリックス・バファローズ,,0,0,0,0,0,0,0,0,0,0,0,0,0,0,2026/09/22
東北楽天ゴールデンイーグルス,宋 家豪,投手,横浜DeNAベイスターズ,,0,0,0,0,0,0,0,0,0,0,0,0,0,0,2026/09/22
東北楽天ゴールデンイーグルス,宋 家豪,投手,広島東洋カープ,,0,0,0,0,0,0,0,0,0,0,0,0,0,0,2026/09/22
東北楽天ゴールデンイーグルス,宋 家豪,投手,阪神タイガース,,0,0,0,0,0,0,0,0,0,0,0,0,0,0,2026/09/22
東北楽天ゴールデンイーグルス,宋 家豪,投手,埼玉西武ライオンズ,,0,0,0,0,0,0,0,0,0,0,0,0,0,0,2026/09/22
東北楽天ゴールデンイーグルス,宋 家豪,投手,千葉ロッテマリーンズ,,0,0,0,0,0,0,0,0,0,0,0,0,0,0,2026/09/22
東北楽天ゴールデンイーグルス,宋 家豪,投手,中日ドラゴンズ,,0,0,0,0,0,0,0,0,0,0,0,0,0,0,2026/09/22
東北楽天ゴールデンイーグルス,宋 家豪,投手,東京ヤクルトスワローズ,,0,0,0,0,0,0,0,0,0,0,0,0,0,0,2026/09/22
東北楽天ゴールデンイーグルス,宋 家豪,投手,読売ジャイアンツ,,0,0,0,0,0,0,0,0,0,0,0,0,0,0,2026/09/22
東北楽天ゴールデンイーグルス,宋 家豪,投手,福岡ソフトバンクホークス,,0,0,0,0,0,0,0,0,0,0,0,0,0,0,2026/09/22
東北楽天ゴールデンイーグルス,宋 家豪,投手,北海道日本ハムファイターズ,,0,0,0,0,0,0,0,0,0,0,0,0,0,0,2026/09/22
東北楽天ゴールデンイーグルス,九谷 瑠,投手,オリックス・バファローズ,,0,0,0,0,0,0,0,0,0,0,0,0,0,0,2026/09/22
東北楽天ゴールデンイーグルス,九谷 瑠,投手,横浜DeNAベイスターズ,,0,0,0,0,0,0,0,0,0,0,0,0,0,0,2026/09/22
東北楽天ゴールデンイーグルス,九谷 瑠,投手,広島東洋カープ,,0,0,0,0,0,0,0,0,0,0,0,0,0,0,2026/09/22
東北楽天ゴールデンイーグルス,九谷 瑠,投手,阪神タイガース,,0,0,0,0,0,0,0,0,0,0,0,0,0,0,2026/09/22
東北楽天ゴールデンイーグルス,九谷 瑠,投手,埼玉西武ライオンズ,,0,0,0,0,0,0,0,0,0,0,0,0,0,0,2026/09/22
東北楽天ゴールデンイーグルス,九谷 瑠,投手,千葉ロッテマリーンズ,,0,0,0,0,0,0,0,0,0,0,0,0,0,0,2026/09/22
東北楽天ゴールデンイーグルス,九谷 瑠,投手,中日ドラゴンズ,,0,0,0,0,0,0,0,0,0,0,0,0,0,0,2026/09/22
東北楽天ゴールデンイーグルス,九谷 瑠,投手,東京ヤクルトスワローズ,,0,0,0,0,0,0,0,0,0,0,0,0,0,0,2026/09/22
東北楽天ゴールデンイーグルス,九谷 瑠,投手,読売ジャイアンツ,,0,0,0,0,0,0,0,0,0,0,0,0,0,0,2026/09/22
東北楽天ゴールデンイーグルス,九谷 瑠,投手,福岡ソフトバンクホークス,,0,0,0,0,0,0,0,0,0,0,0,0,0,0,2026/09/22
東北楽天ゴールデンイーグルス,九谷 瑠,投手,北海道日本ハムファイターズ,,0,0,0,0,0,0,0,0,0,0,0,0,0,0,2026/09/22
東北楽天ゴールデンイーグルス,藤平 尚真,投手,オリックス・バファローズ,,0,0,0,0,0,0,0,0,0,0,0,0,0,0,2026/09/22
東北楽天ゴールデンイーグルス,藤平 尚真,投手,横浜DeNAベイスターズ,,0,0,0,0,0,0,0,0,0,0,0,0,0,0,2026/09/22
東北楽天ゴールデンイーグルス,藤平 尚真,投手,広島東洋カープ,,0,0,0,0,0,0,0,0,0,0,0,0,0,0,2026/09/22
東北楽天ゴールデンイーグルス,藤平 尚真,投手,阪神タイガース,,0,0,0,0,0,0,0,0,0,0,0,0,0,0,2026/09/22
東北楽天ゴールデンイーグルス,藤平 尚真,投手,埼玉西武ライオンズ,,0,0,0,0,0,0,0,0,0,0,0,0,0,0,2026/09/22
東北楽天ゴールデンイーグルス,藤平 尚真,投手,千葉ロッテマリーンズ,,0,0,0,0,0,0,0,0,0,0,0,0,0,0,2026/09/22
東北楽天ゴールデンイーグルス,藤平 尚真,投手,中日ドラゴンズ,,0,0,0,0,0,0,0,0,0,0,0,0,0,0,2026/09/22
東北楽天ゴールデンイーグルス,藤平 尚真,投手,東京ヤクルトスワローズ,,0,0,0,0,0,0,0,0,0,0,0,0,0,0,2026/09/22
東北楽天ゴールデンイーグルス,藤平 尚真,投手,読売ジャイアンツ,,0,0,0,0,0,0,0,0,0,0,0,0,0,0,2026/09/22
東北楽天ゴールデンイーグルス,藤平 尚真,投手,福岡ソフトバンクホークス,,0,0,0,0,0,0,0,0,0,0,0,0,0,0,2026/09/22
東北楽天ゴールデンイーグルス,藤平 尚真,投手,北海道日本ハムファイターズ,,0,0,0,0,0,0,0,0,0,0,0,0,0,0,2026/09/22
東北楽天ゴールデンイーグルス,藤井 聖,投手,オリックス・バファローズ,,0,0,0,0,0,0,0,0,0,0,0,0,0,0,2026/09/22
東北楽天ゴールデンイーグルス,藤井 聖,投手,横浜DeNAベイスターズ,,0,0,0,0,0,0,0,0,0,0,0,0,0,0,2026/09/22
東北楽天ゴールデンイーグルス,藤井 聖,投手,広島東洋カープ,,0,0,0,0,0,0,0,0,0,0,0,0,0,0,2026/09/22
東北楽天ゴールデンイーグルス,藤井 聖,投手,阪神タイガース,,0,0,0,0,0,0,0,0,0,0,0,0,0,0,2026/09/22
東北楽天ゴールデンイーグルス,藤井 聖,投手,埼玉西武ライオンズ,,0,0,0,0,0,0,0,0,0,0,0,0,0,0,2026/09/22
東北楽天ゴールデンイーグルス,藤井 聖,投手,千葉ロッテマリーンズ,,0,0,0,0,0,0,0,0,0,0,0,0,0,0,2026/09/22
東北楽天ゴールデンイーグルス,藤井 聖,投手,中日ドラゴンズ,,0,0,0,0,0,0,0,0,0,0,0,0,0,0,2026/09/22
東北楽天ゴールデンイーグルス,藤井 聖,投手,東京ヤクルトスワローズ,,0,0,0,0,0,0,0,0,0,0,0,0,0,0,2026/09/22
東北楽天ゴールデンイーグルス,藤井 聖,投手,読売ジャイアンツ,,0,0,0,0,0,0,0,0,0,0,0,0,0,0,2026/09/22
東北楽天ゴールデンイーグルス,藤井 聖,投手,福岡ソフトバンクホークス,,0,0,0,0,0,0,0,0,0,0,0,0,0,0,2026/09/22
東北楽天ゴールデンイーグルス,藤井 聖,投手,北海道日本ハムファイターズ,,0,0,0,0,0,0,0,0,0,0,0,0,0,0,2026/09/22
東北楽天ゴールデンイーグルス,西垣 雅矢,投手,オリックス・バファローズ,,0,0,0,0,0,0,0,0,0,0,0,0,0,0,2026/09/22
東北楽天ゴールデンイーグルス,西垣 雅矢,投手,横浜DeNAベイスターズ,,0,0,0,0,0,0,0,0,0,0,0,0,0,0,2026/09/22
東北楽天ゴールデンイーグルス,西垣 雅矢,投手,広島東洋カープ,,0,0,0,0,0,0,0,0,0,0,0,0,0,0,2026/09/22
東北楽天ゴールデンイーグルス,西垣 雅矢,投手,阪神タイガース,,0,0,0,0,0,0,0,0,0,0,0,0,0,0,2026/09/22
東北楽天ゴールデンイーグルス,西垣 雅矢,投手,埼玉西武ライオンズ,,0,0,0,0,0,0,0,0,0,0,0,0,0,0,2026/09/22
東北楽天ゴールデンイーグルス,西垣 雅矢,投手,千葉ロッテマリーンズ,,0,0,0,0,0,0,0,0,0,0,0,0,0,0,2026/09/22
東北楽天ゴールデンイーグルス,西垣 雅矢,投手,中日ドラゴンズ,,0,0,0,0,0,0,0,0,0,0,0,0,0,0,2026/09/22
東北楽天ゴールデンイーグルス,西垣 雅矢,投手,東京ヤクルトスワローズ,,0,0,0,0,0,0,0,0,0,0,0,0,0,0,2026/09/22
東北楽天ゴールデンイーグルス,西垣 雅矢,投手,読売ジャイアンツ,,0,0,0,0,0,0,0,0,0,0,0,0,0,0,2026/09/22
東北楽天ゴールデンイーグルス,西垣 雅矢,投手,福岡ソフトバンクホークス,,0,0,0,0,0,0,0,0,0,0,0,0,0,0,2026/09/22
東北楽天ゴールデンイーグルス,西垣 雅矢,投手,北海道日本ハムファイターズ,,0,0,0,0,0,0,0,0,0,0,0,0,0,0,2026/09/22
東北楽天ゴールデンイーグルス,津留﨑 大成,投手,オリックス・バファローズ,,0,0,0,0,0,0,0,0,0,0,0,0,0,0,2026/09/22
東北楽天ゴールデンイーグルス,津留﨑 大成,投手,横浜DeNAベイスターズ,,0,0,0,0,0,0,0,0,0,0,0,0,0,0,2026/09/22
東北楽天ゴールデンイーグルス,津留﨑 大成,投手,広島東洋カープ,,0,0,0,0,0,0,0,0,0,0,0,0,0,0,2026/09/22
東北楽天ゴールデンイーグルス,津留﨑 大成,投手,阪神タイガース,,0,0,0,0,0,0,0,0,0,0,0,0,0,0,2026/09/22
東北楽天ゴールデンイーグルス,津留﨑 大成,投手,埼玉西武ライオンズ,,0,0,0,0,0,0,0,0,0,0,0,0,0,0,2026/09/22
東北楽天ゴールデンイーグルス,津留﨑 大成,投手,千葉ロッテマリーンズ,,0,0,0,0,0,0,0,0,0,0,0,0,0,0,2026/09/22
東北楽天ゴールデンイーグルス,津留﨑 大成,投手,中日ドラゴンズ,,0,0,0,0,0,0,0,0,0,0,0,0,0,0,2026/09/22
東北楽天ゴールデンイーグルス,津留﨑 大成,投手,東京ヤクルトスワローズ,,0,0,0,0,0,0,0,0,0,0,0,0,0,0,2026/09/22
東北楽天ゴールデンイーグルス,津留﨑 大成,投手,読売ジャイアンツ,,0,0,0,0,0,0,0,0,0,0,0,0,0,0,2026/09/22
東北楽天ゴールデンイーグルス,津留﨑 大成,投手,福岡ソフトバンクホークス,,0,0,0,0,0,0,0,0,0,0,0,0,0,0,2026/09/22
東北楽天ゴールデンイーグルス,津留﨑 大成,投手,北海道日本ハムファイターズ,,0,0,0,0,0,0,0,0,0,0,0,0,0,0,2026/09/22
東北楽天ゴールデンイーグルス,坂井 陽翔,投手,オリックス・バファローズ,,0,0,0,0,0,0,0,0,0,0,0,0,0,0,2026/09/22
東北楽天ゴールデンイーグルス,坂井 陽翔,投手,横浜DeNAベイスターズ,,0,0,0,0,0,0,0,0,0,0,0,0,0,0,2026/09/22
東北楽天ゴールデンイーグルス,坂井 陽翔,投手,広島東洋カープ,,0,0,0,0,0,0,0,0,0,0,0,0,0,0,2026/09/22
東北楽天ゴールデンイーグルス,坂井 陽翔,投手,阪神タイガース,,0,0,0,0,0,0,0,0,0,0,0,0,0,0,2026/09/22
東北楽天ゴールデンイーグルス,坂井 陽翔,投手,埼玉西武ライオンズ,,0,0,0,0,0,0,0,0,0,0,0,0,0,0,2026/09/22
東北楽天ゴールデンイーグルス,坂井 陽翔,投手,千葉ロッテマリーンズ,,0,0,0,0,0,0,0,0,0,0,0,0,0,0,2026/09/22
東北楽天ゴールデンイーグルス,坂井 陽翔,投手,中日ドラゴンズ,,0,0,0,0,0,0,0,0,0,0,0,0,0,0,2026/09/22
東北楽天ゴールデンイーグルス,坂井 陽翔,投手,東京ヤクルトスワローズ,,0,0,0,0,0,0,0,0,0,0,0,0,0,0,2026/09/22
東北楽天ゴールデンイーグルス,坂井 陽翔,投手,読売ジャイアンツ,,0,0,0,0,0,0,0,0,0,0,0,0,0,0,2026/09/22
東北楽天ゴールデンイーグルス,坂井 陽翔,投手,福岡ソフトバンクホークス,,0,0,0,0,0,0,0,0,0,0,0,0,0,0,2026/09/22
東北楽天ゴールデンイーグルス,坂井 陽翔,投手,北海道日本ハムファイターズ,,0,0,0,0,0,0,0,0,0,0,0,0,0,0,2026/09/22
東北楽天ゴールデンイーグルス,日當 直喜,投手,オリックス・バファローズ,,0,0,0,0,0,0,0,0,0,0,0,0,0,0,2026/09/22
東北楽天ゴールデンイーグルス,日當 直喜,投手,横浜DeNAベイスターズ,,0,0,0,0,0,0,0,0,0,0,0,0,0,0,2026/09/22
東北楽天ゴールデンイーグルス,日當 直喜,投手,広島東洋カープ,,0,0,0,0,0,0,0,0,0,0,0,0,0,0,2026/09/22
東北楽天ゴールデンイーグルス,日當 直喜,投手,阪神タイガース,,0,0,0,0,0,0,0,0,0,0,0,0,0,0,2026/09/22
東北楽天ゴールデンイーグルス,日當 直喜,投手,埼玉西武ライオンズ,,0,0,0,0,0,0,0,0,0,0,0,0,0,0,2026/09/22
東北楽天ゴールデンイーグルス,日當 直喜,投手,千葉ロッテマリーンズ,,0,0,0,0,0,0,0,0,0,0,0,0,0,0,2026/09/22
東北楽天ゴールデンイーグルス,日當 直喜,投手,中日ドラゴンズ,,0,0,0,0,0,0,0,0,0,0,0,0,0,0,2026/09/22
東北楽天ゴールデンイーグルス,日當 直喜,投手,東京ヤクルトスワローズ,,0,0,0,0,0,0,0,0,0,0,0,0,0,0,2026/09/22
東北楽天ゴールデンイーグルス,日當 直喜,投手,読売ジャイアンツ,,0,0,0,0,0,0,0,0,0,0,0,0,0,0,2026/09/22
東北楽天ゴールデンイーグルス,日當 直喜,投手,福岡ソフトバンクホークス,,0,0,0,0,0,0,0,0,0,0,0,0,0,0,2026/09/22
東北楽天ゴールデンイーグルス,日當 直喜,投手,北海道日本ハムファイターズ,,0,0,0,0,0,0,0,0,0,0,0,0,0,0,2026/09/22
東北楽天ゴールデンイーグルス,鈴木 翔天,投手,オリックス・バファローズ,,0,0,0,0,0,0,0,0,0,0,0,0,0,0,2026/09/22
東北楽天ゴールデンイーグルス,鈴木 翔天,投手,横浜DeNAベイスターズ,,0,0,0,0,0,0,0,0,0,0,0,0,0,0,2026/09/22
東北楽天ゴールデンイーグルス,鈴木 翔天,投手,広島東洋カープ,,0,0,0,0,0,0,0,0,0,0,0,0,0,0,2026/09/22
東北楽天ゴールデンイーグルス,鈴木 翔天,投手,阪神タイガース,,0,0,0,0,0,0,0,0,0,0,0,0,0,0,2026/09/22
東北楽天ゴールデンイーグルス,鈴木 翔天,投手,埼玉西武ライオンズ,,0,0,0,0,0,0,0,0,0,0,0,0,0,0,2026/09/22
東北楽天ゴールデンイーグルス,鈴木 翔天,投手,千葉ロッテマリーンズ,,0,0,0,0,0,0,0,0,0,0,0,0,0,0,2026/09/22
東北楽天ゴールデンイーグルス,鈴木 翔天,投手,中日ドラゴンズ,,0,0,0,0,0,0,0,0,0,0,0,0,0,0,2026/09/22
東北楽天ゴールデンイーグルス,鈴木 翔天,投手,東京ヤクルトスワローズ,,0,0,0,0,0,0,0,0,0,0,0,0,0,0,2026/09/22
東北楽天ゴールデンイーグルス,鈴木 翔天,投手,読売ジャイアンツ,,0,0,0,0,0,0,0,0,0,0,0,0,0,0,2026/09/22
東北楽天ゴールデンイーグルス,鈴木 翔天,投手,福岡ソフトバンクホークス,,0,0,0,0,0,0,0,0,0,0,0,0,0,0,2026/09/22
東北楽天ゴールデンイーグルス,鈴木 翔天,投手,北海道日本ハムファイターズ,,0,0,0,0,0,0,0,0,0,0,0,0,0,0,2026/09/22
東北楽天ゴールデンイーグルス,瀧中 瞭太,投手,オリックス・バファローズ,,0,0,0,0,0,0,0,0,0,0,0,0,0,0,2026/09/22
東北楽天ゴールデンイーグルス,瀧中 瞭太,投手,横浜DeNAベイスターズ,0.000,3,2,0,0,0,0,0,0,1,1,0,0,0,1,2026/09/22
東北楽天ゴールデンイーグルス,瀧中 瞭太,投手,広島東洋カープ,,0,0,0,0,0,0,0,0,0,0,0,0,0,0,2026/09/22
東北楽天ゴールデンイーグルス,瀧中 瞭太,投手,阪神タイガース,,0,0,0,0,0,0,0,0,0,0,0,0,0,0,2026/09/22
東北楽天ゴールデンイーグルス,瀧中 瞭太,投手,埼玉西武ライオンズ,,0,0,0,0,0,0,0,0,0,0,0,0,0,0,2026/09/22
東北楽天ゴールデンイーグルス,瀧中 瞭太,投手,千葉ロッテマリーンズ,,0,0,0,0,0,0,0,0,0,0,0,0,0,0,2026/09/22
東北楽天ゴールデンイーグルス,瀧中 瞭太,投手,中日ドラゴンズ,0.000,2,2,0,0,0,0,0,0,1,0,0,0,0,1,2026/09/22
東北楽天ゴールデンイーグルス,瀧中 瞭太,投手,東京ヤクルトスワローズ,,0,0,0,0,0,0,0,0,0,0,0,0,0,0,2026/09/22
東北楽天ゴールデンイーグルス,瀧中 瞭太,投手,読売ジャイアンツ,,0,0,0,0,0,0,0,0,0,0,0,0,0,0,2026/09/22
東北楽天ゴールデンイーグルス,瀧中 瞭太,投手,福岡ソフトバンクホークス,,0,0,0,0,0,0,0,0,0,0,0,0,0,0,2026/09/22
東北楽天ゴールデンイーグルス,瀧中 瞭太,投手,北海道日本ハムファイターズ,,0,0,0,0,0,0,0,0,0,0,0,0,0,0,2026/09/22
東北楽天ゴールデンイーグルス,辛島 航,投手,オリックス・バファローズ,,0,0,0,0,0,0,0,0,0,0,0,0,0,0,2026/09/22
東北楽天ゴールデンイーグルス,辛島 航,投手,横浜DeNAベイスターズ,,0,0,0,0,0,0,0,0,0,0,0,0,0,0,2026/09/22
東北楽天ゴールデンイーグルス,辛島 航,投手,広島東洋カープ,,0,0,0,0,0,0,0,0,0,0,0,0,0,0,2026/09/22
東北楽天ゴールデンイーグルス,辛島 航,投手,阪神タイガース,,0,0,0,0,0,0,0,0,0,0,0,0,0,0,2026/09/22
東北楽天ゴールデンイーグルス,辛島 航,投手,埼玉西武ライオンズ,,0,0,0,0,0,0,0,0,0,0,0,0,0,0,2026/09/22
東北楽天ゴールデンイーグルス,辛島 航,投手,千葉ロッテマリーンズ,,0,0,0,0,0,0,0,0,0,0,0,0,0,0,2026/09/22
東北楽天ゴールデンイーグルス,辛島 航,投手,中日ドラゴンズ,,0,0,0,0,0,0,0,0,0,0,0,0,0,0,2026/09/22
東北楽天ゴールデンイーグルス,辛島 航,投手,東京ヤクルトスワローズ,,0,0,0,0,0,0,0,0,0,0,0,0,0,0,2026/09/22
東北楽天ゴールデンイーグルス,辛島 航,投手,読売ジャイアンツ,,0,0,0,0,0,0,0,0,0,0,0,0,0,0,2026/09/22
東北楽天ゴールデンイーグルス,辛島 航,投手,福岡ソフトバンクホークス,,0,0,0,0,0,0,0,0,0,0,0,0,0,0,2026/09/22
東北楽天ゴールデンイーグルス,辛島 航,投手,北海道日本ハムファイターズ,,0,0,0,0,0,0,0,0,0,0,0,0,0,0,2026/09/22
東北楽天ゴールデンイーグルス,泰 勝利,投手,オリックス・バファローズ,,0,0,0,0,0,0,0,0,0,0,0,0,0,0,2026/09/22
東北楽天ゴールデンイーグルス,泰 勝利,投手,横浜DeNAベイスターズ,,0,0,0,0,0,0,0,0,0,0,0,0,0,0,2026/09/22
東北楽天ゴールデンイーグルス,泰 勝利,投手,広島東洋カープ,,0,0,0,0,0,0,0,0,0,0,0,0,0,0,2026/09/22
東北楽天ゴールデンイーグルス,泰 勝利,投手,阪神タイガース,,0,0,0,0,0,0,0,0,0,0,0,0,0,0,2026/09/22
東北楽天ゴールデンイーグルス,泰 勝利,投手,埼玉西武ライオンズ,,0,0,0,0,0,0,0,0,0,0,0,0,0,0,2026/09/22
東北楽天ゴールデンイーグルス,泰 勝利,投手,千葉ロッテマリーンズ,,0,0,0,0,0,0,0,0,0,0,0,0,0,0,2026/09/22
東北楽天ゴールデンイーグルス,泰 勝利,投手,中日ドラゴンズ,,0,0,0,0,0,0,0,0,0,0,0,0,0,0,2026/09/22
東北楽天ゴールデンイーグルス,泰 勝利,投手,東京ヤクルトスワローズ,,0,0,0,0,0,0,0,0,0,0,0,0,0,0,2026/09/22
東北楽天ゴールデンイーグルス,泰 勝利,投手,読売ジャイアンツ,,0,0,0,0,0,0,0,0,0,0,0,0,0,0,2026/09/22
東北楽天ゴールデンイーグルス,泰 勝利,投手,福岡ソフトバンクホークス,,0,0,0,0,0,0,0,0,0,0,0,0,0,0,2026/09/22
東北楽天ゴールデンイーグルス,泰 勝利,投手,北海道日本ハムファイターズ,,0,0,0,0,0,0,0,0,0,0,0,0,0,0,2026/09/22
東北楽天ゴールデンイーグルス,古賀 康誠,投手,オリックス・バファローズ,,0,0,0,0,0,0,0,0,0,0,0,0,0,0,2026/09/22
東北楽天ゴールデンイーグルス,古賀 康誠,投手,横浜DeNAベイスターズ,,0,0,0,0,0,0,0,0,0,0,0,0,0,0,2026/09/22
東北楽天ゴールデンイーグルス,古賀 康誠,投手,広島東洋カープ,,0,0,0,0,0,0,0,0,0,0,0,0,0,0,2026/09/22
東北楽天ゴールデンイーグルス,古賀 康誠,投手,阪神タイガース,,0,0,0,0,0,0,0,0,0,0,0,0,0,0,2026/09/22
東北楽天ゴールデンイーグルス,古賀 康誠,投手,埼玉西武ライオンズ,,0,0,0,0,0,0,0,0,0,0,0,0,0,0,2026/09/22
東北楽天ゴールデンイーグルス,古賀 康誠,投手,千葉ロッテマリーンズ,,0,0,0,0,0,0,0,0,0,0,0,0,0,0,2026/09/22
東北楽天ゴールデンイーグルス,古賀 康誠,投手,中日ドラゴンズ,,0,0,0,0,0,0,0,0,0,0,0,0,0,0,2026/09/22
東北楽天ゴールデンイーグルス,古賀 康誠,投手,東京ヤクルトスワローズ,,0,0,0,0,0,0,0,0,0,0,0,0,0,0,2026/09/22
東北楽天ゴールデンイーグルス,古賀 康誠,投手,読売ジャイアンツ,,0,0,0,0,0,0,0,0,0,0,0,0,0,0,2026/09/22
東北楽天ゴールデンイーグルス,古賀 康誠,投手,福岡ソフトバンクホークス,,0,0,0,0,0,0,0,0,0,0,0,0,0,0,2026/09/22
東北楽天ゴールデンイーグルス,古賀 康誠,投手,北海道日本ハムファイターズ,,0,0,0,0,0,0,0,0,0,0,0,0,0,0,2026/09/22
東北楽天ゴールデンイーグルス,西口 直人,投手,オリックス・バファローズ,,0,0,0,0,0,0,0,0,0,0,0,0,0,0,2026/09/22
東北楽天ゴールデンイーグルス,西口 直人,投手,横浜DeNAベイスターズ,,0,0,0,0,0,0,0,0,0,0,0,0,0,0,2026/09/22
東北楽天ゴールデンイーグルス,西口 直人,投手,広島東洋カープ,,0,0,0,0,0,0,0,0,0,0,0,0,0,0,2026/09/22
東北楽天ゴールデンイーグルス,西口 直人,投手,阪神タイガース,,0,0,0,0,0,0,0,0,0,0,0,0,0,0,2026/09/22
東北楽天ゴールデンイーグルス,西口 直人,投手,埼玉西武ライオンズ,,0,0,0,0,0,0,0,0,0,0,0,0,0,0,2026/09/22
東北楽天ゴールデンイーグルス,西口 直人,投手,千葉ロッテマリーンズ,,0,0,0,0,0,0,0,0,0,0,0,0,0,0,2026/09/22
東北楽天ゴールデンイーグルス,西口 直人,投手,中日ドラゴンズ,,0,0,0,0,0,0,0,0,0,0,0,0,0,0,2026/09/22
東北楽天ゴールデンイーグルス,西口 直人,投手,東京ヤクルトスワローズ,,0,0,0,0,0,0,0,0,0,0,0,0,0,0,2026/09/22
東北楽天ゴールデンイーグルス,西口 直人,投手,読売ジャイアンツ,,0,0,0,0,0,0,0,0,0,0,0,0,0,0,2026/09/22
東北楽天ゴールデンイーグルス,西口 直人,投手,福岡ソフトバンクホークス,,0,0,0,0,0,0,0,0,0,0,0,0,0,0,2026/09/22
東北楽天ゴールデンイーグルス,西口 直人,投手,北海道日本ハムファイターズ,,0,0,0,0,0,0,0,0,0,0,0,0,0,0,2026/09/22
東北楽天ゴールデンイーグルス,林 優樹,投手,オリックス・バファローズ,,0,0,0,0,0,0,0,0,0,0,0,0,0,0,2026/09/22
東北楽天ゴールデンイーグルス,林 優樹,投手,横浜DeNAベイスターズ,,0,0,0,0,0,0,0,0,0,0,0,0,0,0,2026/09/22
東北楽天ゴールデンイーグルス,林 優樹,投手,広島東洋カープ,,0,0,0,0,0,0,0,0,0,0,0,0,0,0,2026/09/22
東北楽天ゴールデンイーグルス,林 優樹,投手,阪神タイガース,,0,0,0,0,0,0,0,0,0,0,0,0,0,0,2026/09/22
東北楽天ゴールデンイーグルス,林 優樹,投手,埼玉西武ライオンズ,,0,0,0,0,0,0,0,0,0,0,0,0,0,0,2026/09/22
東北楽天ゴールデンイーグルス,林 優樹,投手,千葉ロッテマリーンズ,,0,0,0,0,0,0,0,0,0,0,0,0,0,0,2026/09/22
東北楽天ゴールデンイーグルス,林 優樹,投手,中日ドラゴンズ,,0,0,0,0,0,0,0,0,0,0,0,0,0,0,2026/09/22
東北楽天ゴールデンイーグルス,林 優樹,投手,東京ヤクルトスワローズ,,0,0,0,0,0,0,0,0,0,0,0,0,0,0,2026/09/22
東北楽天ゴールデンイーグルス,林 優樹,投手,読売ジャイアンツ,,0,0,0,0,0,0,0,0,0,0,0,0,0,0,2026/09/22
東北楽天ゴールデンイーグルス,林 優樹,投手,福岡ソフトバンクホークス,,0,0,0,0,0,0,0,0,0,0,0,0,0,0,2026/09/22
東北楽天ゴールデンイーグルス,林 優樹,投手,北海道日本ハムファイターズ,,0,0,0,0,0,0,0,0,0,0,0,0,0,0,2026/09/22
東北楽天ゴールデンイーグルス,今野 龍太,投手,オリックス・バファローズ,,0,0,0,0,0,0,0,0,0,0,0,0,0,0,2026/09/22
東北楽天ゴールデンイーグルス,今野 龍太,投手,横浜DeNAベイスターズ,,0,0,0,0,0,0,0,0,0,0,0,0,0,0,2026/09/22
東北楽天ゴールデンイーグルス,今野 龍太,投手,広島東洋カープ,,0,0,0,0,0,0,0,0,0,0,0,0,0,0,2026/09/22
東北楽天ゴールデンイーグルス,今野 龍太,投手,阪神タイガース,,0,0,0,0,0,0,0,0,0,0,0,0,0,0,2026/09/22
東北楽天ゴールデンイーグルス,今野 龍太,投手,埼玉西武ライオンズ,,0,0,0,0,0,0,0,0,0,0,0,0,0,0,2026/09/22
東北楽天ゴールデンイーグルス,今野 龍太,投手,千葉ロッテマリーンズ,,0,0,0,0,0,0,0,0,0,0,0,0,0,0,2026/09/22
東北楽天ゴールデンイーグルス,今野 龍太,投手,中日ドラゴンズ,,0,0,0,0,0,0,0,0,0,0,0,0,0,0,2026/09/22
東北楽天ゴールデンイーグルス,今野 龍太,投手,東京ヤクルトスワローズ,,0,0,0,0,0,0,0,0,0,0,0,0,0,0,2026/09/22
東北楽天ゴールデンイーグルス,今野 龍太,投手,読売ジャイアンツ,,0,0,0,0,0,0,0,0,0,0,0,0,0,0,2026/09/22
東北楽天ゴールデンイーグルス,今野 龍太,投手,福岡ソフトバンクホークス,,0,0,0,0,0,0,0,0,0,0,0,0,0,0,2026/09/22
東北楽天ゴールデンイーグルス,今野 龍太,投手,北海道日本ハムファイターズ,,0,0,0,0,0,0,0,0,0,0,0,0,0,0,2026/09/22
東北楽天ゴールデンイーグルス,大内 誠弥,投手,オリックス・バファローズ,,0,0,0,0,0,0,0,0,0,0,0,0,0,0,2026/09/22
東北楽天ゴールデンイーグルス,大内 誠弥,投手,横浜DeNAベイスターズ,,0,0,0,0,0,0,0,0,0,0,0,0,0,0,2026/09/22
東北楽天ゴールデンイーグルス,大内 誠弥,投手,広島東洋カープ,,0,0,0,0,0,0,0,0,0,0,0,0,0,0,2026/09/22
東北楽天ゴールデンイーグルス,大内 誠弥,投手,阪神タイガース,,0,0,0,0,0,0,0,0,0,0,0,0,0,0,2026/09/22
東北楽天ゴールデンイーグルス,大内 誠弥,投手,埼玉西武ライオンズ,,0,0,0,0,0,0,0,0,0,0,0,0,0,0,2026/09/22
東北楽天ゴールデンイーグルス,大内 誠弥,投手,千葉ロッテマリーンズ,,0,0,0,0,0,0,0,0,0,0,0,0,0,0,2026/09/22
東北楽天ゴールデンイーグルス,大内 誠弥,投手,中日ドラゴンズ,,0,0,0,0,0,0,0,0,0,0,0,0,0,0,2026/09/22
東北楽天ゴールデンイーグルス,大内 誠弥,投手,東京ヤクルトスワローズ,,0,0,0,0,0,0,0,0,0,0,0,0,0,0,2026/09/22
東北楽天ゴールデンイーグルス,大内 誠弥,投手,読売ジャイアンツ,,0,0,0,0,0,0,0,0,0,0,0,0,0,0,2026/09/22
東北楽天ゴールデンイーグルス,大内 誠弥,投手,福岡ソフトバンクホークス,,0,0,0,0,0,0,0,0,0,0,0,0,0,0,2026/09/22
東北楽天ゴールデンイーグルス,大内 誠弥,投手,北海道日本ハムファイターズ,,0,0,0,0,0,0,0,0,0,0,0,0,0,0,2026/09/22
東北楽天ゴールデンイーグルス,内 星龍,投手,オリックス・バファローズ,,0,0,0,0,0,0,0,0,0,0,0,0,0,0,2026/09/22
東北楽天ゴールデンイーグルス,内 星龍,投手,横浜DeNAベイスターズ,,0,0,0,0,0,0,0,0,0,0,0,0,0,0,2026/09/22
東北楽天ゴールデンイーグルス,内 星龍,投手,広島東洋カープ,,0,0,0,0,0,0,0,0,0,0,0,0,0,0,2026/09/22
東北楽天ゴールデンイーグルス,内 星龍,投手,阪神タイガース,,0,0,0,0,0,0,0,0,0,0,0,0,0,0,2026/09/22
東北楽天ゴールデンイーグルス,内 星龍,投手,埼玉西武ライオンズ,,0,0,0,0,0,0,0,0,0,0,0,0,0,0,2026/09/22
東北楽天ゴールデンイーグルス,内 星龍,投手,千葉ロッテマリーンズ,,0,0,0,0,0,0,0,0,0,0,0,0,0,0,2026/09/22
東北楽天ゴールデンイーグルス,内 星龍,投手,中日ドラゴンズ,,0,0,0,0,0,0,0,0,0,0,0,0,0,0,2026/09/22
東北楽天ゴールデンイーグルス,内 星龍,投手,東京ヤクルトスワローズ,,0,0,0,0,0,0,0,0,0,0,0,0,0,0,2026/09/22
東北楽天ゴールデンイーグルス,内 星龍,投手,読売ジャイアンツ,,0,0,0,0,0,0,0,0,0,0,0,0,0,0,2026/09/22
東北楽天ゴールデンイーグルス,内 星龍,投手,福岡ソフトバンクホークス,,0,0,0,0,0,0,0,0,0,0,0,0,0,0,2026/09/22
東北楽天ゴールデンイーグルス,内 星龍,投手,北海道日本ハムファイターズ,,0,0,0,0,0,0,0,0,0,0,0,0,0,0,2026/09/22
東北楽天ゴールデンイーグルス,柴田 大地,投手,オリックス・バファローズ,,0,0,0,0,0,0,0,0,0,0,0,0,0,0,2026/09/22
東北楽天ゴールデンイーグルス,柴田 大地,投手,横浜DeNAベイスターズ,,0,0,0,0,0,0,0,0,0,0,0,0,0,0,2026/09/22
東北楽天ゴールデンイーグルス,柴田 大地,投手,広島東洋カープ,,0,0,0,0,0,0,0,0,0,0,0,0,0,0,2026/09/22
東北楽天ゴールデンイーグルス,柴田 大地,投手,阪神タイガース,,0,0,0,0,0,0,0,0,0,0,0,0,0,0,2026/09/22
東北楽天ゴールデンイーグルス,柴田 大地,投手,埼玉西武ライオンズ,,0,0,0,0,0,0,0,0,0,0,0,0,0,0,2026/09/22
東北楽天ゴールデンイーグルス,柴田 大地,投手,千葉ロッテマリーンズ,,0,0,0,0,0,0,0,0,0,0,0,0,0,0,2026/09/22
東北楽天ゴールデンイーグルス,柴田 大地,投手,中日ドラゴンズ,,0,0,0,0,0,0,0,0,0,0,0,0,0,0,2026/09/22
東北楽天ゴールデンイーグルス,柴田 大地,投手,東京ヤクルトスワローズ,,0,0,0,0,0,0,0,0,0,0,0,0,0,0,2026/09/22
東北楽天ゴールデンイーグルス,柴田 大地,投手,読売ジャイアンツ,,0,0,0,0,0,0,0,0,0,0,0,0,0,0,2026/09/22
東北楽天ゴールデンイーグルス,柴田 大地,投手,福岡ソフトバンクホークス,,0,0,0,0,0,0,0,0,0,0,0,0,0,0,2026/09/22
東北楽天ゴールデンイーグルス,柴田 大地,投手,北海道日本ハムファイターズ,,0,0,0,0,0,0,0,0,0,0,0,0,0,0,2026/09/22
東北楽天ゴールデンイーグルス,伊藤 大晟,投手,オリックス・バファローズ,,0,0,0,0,0,0,0,0,0,0,0,0,0,0,2026/09/22
東北楽天ゴールデンイーグルス,伊藤 大晟,投手,横浜DeNAベイスターズ,,0,0,0,0,0,0,0,0,0,0,0,0,0,0,2026/09/22
東北楽天ゴールデンイーグルス,伊藤 大晟,投手,広島東洋カープ,,0,0,0,0,0,0,0,0,0,0,0,0,0,0,2026/09/22
東北楽天ゴールデンイーグルス,伊藤 大晟,投手,阪神タイガース,,0,0,0,0,0,0,0,0,0,0,0,0,0,0,2026/09/22
東北楽天ゴールデンイーグルス,伊藤 大晟,投手,埼玉西武ライオンズ,,0,0,0,0,0,0,0,0,0,0,0,0,0,0,2026/09/22
東北楽天ゴールデンイーグルス,伊藤 大晟,投手,千葉ロッテマリーンズ,,0,0,0,0,0,0,0,0,0,0,0,0,0,0,2026/09/22
東北楽天ゴールデンイーグルス,伊藤 大晟,投手,中日ドラゴンズ,,0,0,0,0,0,0,0,0,0,0,0,0,0,0,2026/09/22
東北楽天ゴールデンイーグルス,伊藤 大晟,投手,東京ヤクルトスワローズ,,0,0,0,0,0,0,0,0,0,0,0,0,0,0,2026/09/22
東北楽天ゴールデンイーグルス,伊藤 大晟,投手,読売ジャイアンツ,,0,0,0,0,0,0,0,0,0,0,0,0,0,0,2026/09/22
東北楽天ゴールデンイーグルス,伊藤 大晟,投手,福岡ソフトバンクホークス,,0,0,0,0,0,0,0,0,0,0,0,0,0,0,2026/09/22
東北楽天ゴールデンイーグルス,伊藤 大晟,投手,北海道日本ハムファイターズ,,0,0,0,0,0,0,0,0,0,0,0,0,0,0,2026/09/22
東北楽天ゴールデンイーグルス,太田 光,捕手,オリックス・バファローズ,0.222,49,45,10,8,1,0,1,6,17,3,0,1,0,14,2026/09/22
東北楽天ゴールデンイーグルス,太田 光,捕手,横浜DeNAベイスターズ,0.300,10,10,3,3,0,0,0,0,2,0,0,0,0,3,2026/09/22
東北楽天ゴールデンイーグルス,太田 光,捕手,広島東洋カープ,0.000,1,1,0,0,0,0,0,0,0,0,0,0,0,1,2026/09/22
東北楽天ゴールデンイーグルス,太田 光,捕手,阪神タイガース,0.500,2,2,1,1,0,0,0,0,1,0,0,0,0,1,2026/09/22
東北楽天ゴールデンイーグルス,太田 光,捕手,埼玉西武ライオンズ,0.333,33,30,10,8,1,0,1,2,7,3,0,0,0,13,2026/09/22
東北楽天ゴールデンイーグルス,太田 光,捕手,千葉ロッテマリーンズ,0.178,50,45,8,7,0,0,1,3,10,3,2,0,0,14,2026/09/22
東北楽天ゴールデンイーグルス,太田 光,捕手,中日ドラゴンズ,0.222,9,9,2,2,0,0,0,0,1,0,0,0,0,3,2026/09/22
東北楽天ゴールデンイーグルス,太田 光,捕手,東京ヤクルトスワローズ,0.000,2,2,0,0,0,0,0,0,1,0,0,0,0,1,2026/09/22
東北楽天ゴールデンイーグルス,太田 光,捕手,読売ジャイアンツ,0.000,4,4,0,0,0,0,0,0,3,0,0,0,0,2,2026/09/22
東北楽天ゴールデンイーグルス,太田 光,捕手,福岡ソフトバンクホークス,0.096,61,52,5,5,0,0,0,3,11,5,3,1,0,16,2026/09/22
東北楽天ゴールデンイーグルス,太田 光,捕手,北海道日本ハムファイターズ,0.231,42,39,9,6,3,0,0,0,12,3,0,0,0,17,2026/09/22
東北楽天ゴールデンイーグルス,伊藤 光,捕手,オリックス・バファローズ,0.000,7,6,0,0,0,0,0,0,2,1,0,0,0,3,2026/09/22
東北楽天ゴールデンイーグルス,伊藤 光,捕手,横浜DeNAベイスターズ,1.000,1,1,1,0,0,0,1,1,1,0,0,0,0,2,2026/09/22
東北楽天ゴールデンイーグルス,伊藤 光,捕手,広島東洋カープ,,0,0,0,0,0,0,0,0,0,0,0,0,0,0,2026/09/22
東北楽天ゴールデンイーグルス,伊藤 光,捕手,阪神タイガース,0.000,3,3,0,0,0,0,0,0,1,0,0,0,0,1,2026/09/22
東北楽天ゴールデンイーグルス,伊藤 光,捕手,埼玉西武ライオンズ,0.000,8,7,0,0,0,0,0,0,3,1,0,0,0,4,2026/09/22
東北楽天ゴールデンイーグルス,伊藤 光,捕手,千葉ロッテマリーンズ,0.667,3,3,2,2,0,0,0,0,0,0,0,0,0,1,2026/09/22
東北楽天ゴールデンイーグルス,伊藤 光,捕手,中日ドラゴンズ,,0,0,0,0,0,0,0,0,0,0,0,0,0,0,2026/09/22
東北楽天ゴールデンイーグルス,伊藤 光,捕手,東京ヤクルトスワローズ,,0,0,0,0,0,0,0,0,0,0,0,0,0,0,2026/09/22
東北楽天ゴールデンイーグルス,伊藤 光,捕手,読売ジャイアンツ,,0,0,0,0,0,0,0,0,0,0,0,0,0,0,2026/09/22
東北楽天ゴールデンイーグルス,伊藤 光,捕手,福岡ソフトバンクホークス,0.000,7,5,0,0,0,0,0,0,1,0,1,0,1,3,2026/09/22
東北楽天ゴールデンイーグルス,伊藤 光,捕手,北海道日本ハムファイターズ,0.143,9,7,1,1,0,0,0,1,2,1,1,0,0,5,2026/09/22
東北楽天ゴールデンイーグルス,田中 貴也,捕手,オリックス・バファローズ,0.000,2,1,0,0,0,0,0,0,0,0,1,0,0,1,2026/09/22
東北楽天ゴールデンイーグルス,田中 貴也,捕手,横浜DeNAベイスターズ,,0,0,0,0,0,0,0,0,0,0,0,0,0,0,2026/09/22
東北楽天ゴールデンイーグルス,田中 貴也,捕手,広島東洋カープ,,0,0,0,0,0,0,0,0,0,0,0,0,0,0,2026/09/22
東北楽天ゴールデンイーグルス,田中 貴也,捕手,阪神タイガース,,0,0,0,0,0,0,0,0,0,0,0,0,0,0,2026/09/22
東北楽天ゴールデンイーグルス,田中 貴也,捕手,埼玉西武ライオンズ,,0,0,0,0,0,0,0,0,0,0,0,0,0,0,2026/09/22
東北楽天ゴールデンイーグルス,田中 貴也,捕手,千葉ロッテマリーンズ,,0,0,0,0,0,0,0,0,0,0,0,0,0,0,2026/09/22
東北楽天ゴールデンイーグルス,田中 貴也,捕手,中日ドラゴンズ,,0,0,0,0,0,0,0,0,0,0,0,0,0,0,2026/09/22
東北楽天ゴールデンイーグルス,田中 貴也,捕手,東京ヤクルトスワローズ,,0,0,0,0,0,0,0,0,0,0,0,0,0,0,2026/09/22
東北楽天ゴールデンイーグルス,田中 貴也,捕手,読売ジャイアンツ,,0,0,0,0,0,0,0,0,0,0,0,0,0,0,2026/09/22
東北楽天ゴールデンイーグルス,田中 貴也,捕手,福岡ソフトバンクホークス,,0,0,0,0,0,0,0,0,0,0,0,0,0,0,2026/09/22
東北楽天ゴールデンイーグルス,田中 貴也,捕手,北海道日本ハムファイターズ,,0,0,0,0,0,0,0,0,0,0,0,0,0,0,2026/09/22
東北楽天ゴールデンイーグルス,YG安田,捕手,オリックス・バファローズ,0.265,54,49,13,7,4,0,2,11,13,5,0,0,0,13,2026/09/22
東北楽天ゴールデンイーグルス,YG安田,捕手,横浜DeNAベイスターズ,,0,0,0,0,0,0,0,0,0,0,0,0,0,0,2026/09/22
東北楽天ゴールデンイーグルス,YG安田,捕手,広島東洋カープ,,0,0,0,0,0,0,0,0,0,0,0,0,0,0,2026/09/22
東北楽天ゴールデンイーグルス,YG安田,捕手,阪神タイガース,,0,0,0,0,0,0,0,0,0,0,0,0,0,0,2026/09/22
東北楽天ゴールデンイーグルス,YG安田,捕手,埼玉西武ライオンズ,0.184,40,38,7,4,1,1,1,4,12,2,0,0,0,12,2026/09/22
東北楽天ゴールデンイーグルス,YG安田,捕手,千葉ロッテマリーンズ,0.581,34,31,18,15,2,0,1,4,5,3,0,0,0,10,2026/09/22
東北楽天ゴールデンイーグルス,YG安田,捕手,中日ドラゴンズ,,0,0,0,0,0,0,0,0,0,0,0,0,0,0,2026/09/22
東北楽天ゴールデンイーグルス,YG安田,捕手,東京ヤクルトスワローズ,,0,0,0,0,0,0,0,0,0,0,0,0,0,0,2026/09/22
東北楽天ゴールデンイーグルス,YG安田,捕手,読売ジャイアンツ,,0,0,0,0,0,0,0,0,0,0,0,0,0,0,2026/09/22
東北楽天ゴールデンイーグルス,YG安田,捕手,福岡ソフトバンクホークス,0.273,36,33,9,7,1,0,1,4,7,3,0,0,0,13,2026/09/22
東北楽天ゴールデンイーグルス,YG安田,捕手,北海道日本ハムファイターズ,0.282,41,39,11,7,3,0,1,4,12,2,0,0,0,13,2026/09/22
東北楽天ゴールデンイーグルス,堀内 謙伍,捕手,オリックス・バファローズ,0.143,36,28,4,3,1,0,0,2,8,4,1,1,2,9,2026/09/22
東北楽天ゴールデンイーグルス,堀内 謙伍,捕手,横浜DeNAベイスターズ,,0,0,0,0,0,0,0,0,0,0,0,0,0,0,2026/09/22
東北楽天ゴールデンイーグルス,堀内 謙伍,捕手,広島東洋カープ,0.000,4,4,0,0,0,0,0,0,0,0,0,0,0,2,2026/09/22
東北楽天ゴールデンイーグルス,堀内 謙伍,捕手,阪神タイガース,0.000,1,1,0,0,0,0,0,0,0,0,0,0,0,1,2026/09/22
東北楽天ゴールデンイーグルス,堀内 謙伍,捕手,埼玉西武ライオンズ,0.167,36,30,5,4,1,0,0,1,12,5,0,0,1,10,2026/09/22
東北楽天ゴールデンイーグルス,堀内 謙伍,捕手,千葉ロッテマリーンズ,0.353,18,17,6,3,2,0,1,2,3,0,0,0,1,6,2026/09/22
東北楽天ゴールデンイーグルス,堀内 謙伍,捕手,中日ドラゴンズ,,0,0,0,0,0,0,0,0,0,0,0,0,0,0,2026/09/22
東北楽天ゴールデンイーグルス,堀内 謙伍,捕手,東京ヤクルトスワローズ,0.000,5,5,0,0,0,0,0,0,3,0,0,0,0,2,2026/09/22
東北楽天ゴールデンイーグルス,堀内 謙伍,捕手,読売ジャイアンツ,0.333,8,6,2,2,0,0,0,0,1,1,1,0,0,3,2026/09/22
東北楽天ゴールデンイーグルス,堀内 謙伍,捕手,福岡ソフトバンクホークス,0.167,8,6,1,1,0,0,0,0,2,1,1,0,0,2,2026/09/22
東北楽天ゴールデンイーグルス,堀内 謙伍,捕手,北海道日本ハムファイターズ,0.125,9,8,1,1,0,0,0,1,2,0,0,1,0,4,2026/09/22
東北楽天ゴールデンイーグルス,石原 彪,捕手,オリックス・バファローズ,0.000,3,2,0,0,0,0,0,0,0,0,1,0,0,1,2026/09/22
東北楽天ゴールデンイーグルス,石原 彪,捕手,横浜DeNAベイスターズ,,0,0,0,0,0,0,0,0,0,0,0,0,0,0,2026/09/22
東北楽天ゴールデンイーグルス,石原 彪,捕手,広島東洋カープ,0.000,3,3,0,0,0,0,0,0,0,0,0,0,0,1,2026/09/22
東北楽天ゴールデンイーグルス,石原 彪,捕手,阪神タイガース,0.333,3,3,1,1,0,0,0,1,0,0,0,0,0,1,2026/09/22
東北楽天ゴールデンイーグルス,石原 彪,捕手,埼玉西武ライオンズ,0.000,2,1,0,0,0,0,0,0,0,1,0,0,0,1,2026/09/22
東北楽天ゴールデンイーグルス,石原 彪,捕手,千葉ロッテマリーンズ,0.333,4,3,1,1,0,0,0,0,0,1,0,0,0,1,2026/09/22
東北楽天ゴールデンイーグルス,石原 彪,捕手,中日ドラゴンズ,,0,0,0,0,0,0,0,0,0,0,0,0,0,0,2026/09/22
東北楽天ゴールデンイーグルス,石原 彪,捕手,東京ヤクルトスワローズ,,0,0,0,0,0,0,0,0,0,0,0,0,0,0,2026/09/22
東北楽天ゴールデンイーグルス,石原 彪,捕手,読売ジャイアンツ,,0,0,0,0,0,0,0,0,0,0,0,0,0,0,2026/09/22
東北楽天ゴールデンイーグルス,石原 彪,捕手,福岡ソフトバンクホークス,,0,0,0,0,0,0,0,0,0,0,0,0,0,0,2026/09/22
東北楽天ゴールデンイーグルス,石原 彪,捕手,北海道日本ハムファイターズ,,0,0,0,0,0,0,0,0,0,0,0,0,0,0,2026/09/22
東北楽天ゴールデンイーグルス,大栄 利哉,捕手,オリックス・バファローズ,,0,0,0,0,0,0,0,0,0,0,0,0,0,0,2026/09/22
東北楽天ゴールデンイーグルス,大栄 利哉,捕手,横浜DeNAベイスターズ,,0,0,0,0,0,0,0,0,0,0,0,0,0,0,2026/09/22
東北楽天ゴールデンイーグルス,大栄 利哉,捕手,広島東洋カープ,,0,0,0,0,0,0,0,0,0,0,0,0,0,0,2026/09/22
東北楽天ゴールデンイーグルス,大栄 利哉,捕手,阪神タイガース,,0,0,0,0,0,0,0,0,0,0,0,0,0,0,2026/09/22
東北楽天ゴールデンイーグルス,大栄 利哉,捕手,埼玉西武ライオンズ,,0,0,0,0,0,0,0,0,0,0,0,0,0,0,2026/09/22
東北楽天ゴールデンイーグルス,大栄 利哉,捕手,千葉ロッテマリーンズ,,0,0,0,0,0,0,0,0,0,0,0,0,0,0,2026/09/22
東北楽天ゴールデンイーグルス,大栄 利哉,捕手,中日ドラゴンズ,,0,0,0,0,0,0,0,0,0,0,0,0,0,0,2026/09/22
東北楽天ゴールデンイーグルス,大栄 利哉,捕手,東京ヤクルトスワローズ,,0,0,0,0,0,0,0,0,0,0,0,0,0,0,2026/09/22
東北楽天ゴールデンイーグルス,大栄 利哉,捕手,読売ジャイアンツ,,0,0,0,0,0,0,0,0,0,0,0,0,0,0,2026/09/22
東北楽天ゴールデンイーグルス,大栄 利哉,捕手,福岡ソフトバンクホークス,,0,0,0,0,0,0,0,0,0,0,0,0,0,0,2026/09/22
東北楽天ゴールデンイーグルス,大栄 利哉,捕手,北海道日本ハムファイターズ,,0,0,0,0,0,0,0,0,0,0,0,0,0,0,2026/09/22
東北楽天ゴールデンイーグルス,小深田 大翔,内野手,オリックス・バファローズ,0.167,29,24,4,2,1,1,0,4,6,2,2,0,1,8,2026/09/22
東北楽天ゴールデンイーグルス,小深田 大翔,内野手,横浜DeNAベイスターズ,0.000,1,1,0,0,0,0,0,0,1,0,0,0,0,1,2026/09/22
東北楽天ゴールデンイーグルス,小深田 大翔,内野手,広島東洋カープ,,0,0,0,0,0,0,0,0,0,0,0,0,0,0,2026/09/22
東北楽天ゴールデンイーグルス,小深田 大翔,内野手,阪神タイガース,,0,0,0,0,0,0,0,0,0,0,0,0,0,0,2026/09/22
東北楽天ゴールデンイーグルス,小深田 大翔,内野手,埼玉西武ライオンズ,0.087,25,23,2,1,0,1,0,2,9,2,0,0,0,9,2026/09/22
東北楽天ゴールデンイーグルス,小深田 大翔,内野手,千葉ロッテマリーンズ,0.273,23,22,6,5,1,0,0,0,6,1,0,0,0,8,2026/09/22
東北楽天ゴールデンイーグルス,小深田 大翔,内野手,中日ドラゴンズ,0.500,2,2,1,1,0,0,0,0,2,0,0,0,0,1,2026/09/22
東北楽天ゴールデンイーグルス,小深田 大翔,内野手,東京ヤクルトスワローズ,0.000,1,1,0,0,0,0,0,0,1,0,0,0,0,1,2026/09/22
東北楽天ゴールデンイーグルス,小深田 大翔,内野手,読売ジャイアンツ,0.333,3,3,1,1,0,0,0,0,0,0,0,0,0,1,2026/09/22
東北楽天ゴールデンイーグルス,小深田 大翔,内野手,福岡ソフトバンクホークス,0.231,30,26,6,6,0,0,0,1,3,2,2,0,0,10,2026/09/22
東北楽天ゴールデンイーグルス,小深田 大翔,内野手,北海道日本ハムファイターズ,0.259,29,27,7,6,1,0,0,0,6,1,1,0,0,10,2026/09/22
東北楽天ゴールデンイーグルス,宗山 塁,内野手,オリックス・バファローズ,0.373,61,51,19,9,5,0,5,14,4,8,0,1,1,15,2026/09/22
東北楽天ゴールデンイーグルス,宗山 塁,内野手,横浜DeNAベイスターズ,,0,0,0,0,0,0,0,0,0,0,0,0,0,0,2026/09/22
東北楽天ゴールデンイーグルス,宗山 塁,内野手,広島東洋カープ,,0,0,0,0,0,0,0,0,0,0,0,0,0,0,2026/09/22
東北楽天ゴールデンイーグルス,宗山 塁,内野手,阪神タイガース,,0,0,0,0,0,0,0,0,0,0,0,0,0,0,2026/09/22
東北楽天ゴールデンイーグルス,宗山 塁,内野手,埼玉西武ライオンズ,0.108,39,37,4,4,0,0,0,1,4,2,0,0,0,10,2026/09/22
東北楽天ゴールデンイーグルス,宗山 塁,内野手,千葉ロッテマリーンズ,0.359,45,39,14,9,4,0,1,2,4,6,0,0,0,10,2026/09/22
東北楽天ゴールデンイーグルス,宗山 塁,内野手,中日ドラゴンズ,,0,0,0,0,0,0,0,0,0,0,0,0,0,0,2026/09/22
東北楽天ゴールデンイーグルス,宗山 塁,内野手,東京ヤクルトスワローズ,,0,0,0,0,0,0,0,0,0,0,0,0,0,0,2026/09/22
東北楽天ゴールデンイーグルス,宗山 塁,内野手,読売ジャイアンツ,,0,0,0,0,0,0,0,0,0,0,0,0,0,0,2026/09/22
東北楽天ゴールデンイーグルス,宗山 塁,内野手,福岡ソフトバンクホークス,0.233,33,30,7,5,1,0,1,2,7,3,0,0,0,10,2026/09/22
東北楽天ゴールデンイーグルス,宗山 塁,内野手,北海道日本ハムファイターズ,0.342,39,38,13,9,3,0,1,5,4,1,0,0,0,12,2026/09/22
東北楽天ゴールデンイーグルス,浅村 栄斗,内野手,オリックス・バファローズ,0.231,45,39,9,6,1,0,2,8,7,6,0,0,0,12,2026/09/22
東北楽天ゴールデンイーグルス,浅村 栄斗,内野手,横浜DeNAベイスターズ,0.167,14,12,2,1,1,0,0,1,4,2,0,0,0,3,2026/09/22
東北楽天ゴールデンイーグルス,浅村 栄斗,内野手,広島東洋カープ,0.250,9,8,2,2,0,0,0,0,0,1,0,0,0,3,2026/09/22
東北楽天ゴールデンイーグルス,浅村 栄斗,内野手,阪神タイガース,0.250,8,8,2,2,0,0,0,0,3,0,0,0,0,3,2026/09/22
東北楽天ゴールデンイーグルス,浅村 栄斗,内野手,埼玉西武ライオンズ,0.175,66,57,10,8,1,0,1,6,17,9,0,0,0,15,2026/09/22
東北楽天ゴールデンイーグルス,浅村 栄斗,内野手,千葉ロッテマリーンズ,0.231,63,52,12,8,2,0,2,9,7,9,0,1,1,14,2026/09/22
東北楽天ゴールデンイーグルス,浅村 栄斗,内野手,中日ドラゴンズ,0.300,10,10,3,3,0,0,0,0,1,0,0,0,0,3,2026/09/22
東北楽天ゴールデンイーグルス,浅村 栄斗,内野手,東京ヤクルトスワローズ,0.250,13,12,3,3,0,0,0,1,1,1,0,0,0,3,2026/09/22
東北楽天ゴールデンイーグルス,浅村 栄斗,内野手,読売ジャイアンツ,0.000,7,6,0,0,0,0,0,0,4,1,0,0,0,2,2026/09/22
東北楽天ゴールデンイーグルス,浅村 栄斗,内野手,福岡ソフトバンクホークス,0.122,54,49,6,4,2,0,0,2,11,5,0,0,0,14,2026/09/22
東北楽天ゴールデンイーグルス,浅村 栄斗,内野手,北海道日本ハムファイターズ,0.295,55,44,13,7,2,0,4,8,17,6,0,3,2,15,2026/09/22
東北楽天ゴールデンイーグルス,村林 一輝,内野手,オリックス・バファローズ,0.293,92,82,24,21,3,0,0,8,14,7,2,0,1,23,2026/09/22
東北楽天ゴールデンイーグルス,村林 一輝,内野手,横浜DeNAベイスターズ,0.083,15,12,1,1,0,0,0,0,1,3,0,0,0,3,2026/09/22
東北楽天ゴールデンイーグルス,村林 一輝,内野手,広島東洋カープ,0.222,9,9,2,1,1,0,0,2,0,0,0,0,0,3,2026/09/22
東北楽天ゴールデンイーグルス,村林 一輝,内野手,阪神タイガース,0.300,10,10,3,2,1,0,0,0,3,0,0,0,0,3,2026/09/22
東北楽天ゴールデンイーグルス,村林 一輝,内野手,埼玉西武ライオンズ,0.184,85,76,14,12,2,0,0,5,13,8,0,1,0,21,2026/09/22
東北楽天ゴールデンイーグルス,村林 一輝,内野手,千葉ロッテマリーンズ,0.324,82,71,23,19,2,2,0,16,16,8,2,0,1,20,2026/09/22
東北楽天ゴールデンイーグルス,村林 一輝,内野手,中日ドラゴンズ,0.400,11,10,4,4,0,0,0,1,1,1,0,0,0,3,2026/09/22
東北楽天ゴールデンイーグルス,村林 一輝,内野手,東京ヤクルトスワローズ,0.250,12,12,3,3,0,0,0,0,3,0,0,0,0,3,2026/09/22
東北楽天ゴールデンイーグルス,村林 一輝,内野手,読売ジャイアンツ,0.182,12,11,2,2,0,0,0,1,3,1,0,0,0,3,2026/09/22
東北楽天ゴールデンイーグルス,村林 一輝,内野手,福岡ソフトバンクホークス,0.371,77,70,26,19,4,0,3,15,12,4,0,3,0,21,2026/09/22
東北楽天ゴールデンイーグルス,村林 一輝,内野手,北海道日本ハムファイターズ,0.237,84,76,18,14,3,0,1,7,12,7,0,1,0,23,2026/09/22
東北楽天ゴールデンイーグルス,鈴木 大地,内野手,オリックス・バファローズ,0.063,18,16,1,1,0,0,0,1,0,2,0,0,0,5,2026/09/22
東北楽天ゴールデンイーグルス,鈴木 大地,内野手,横浜DeNAベイスターズ,0.500,2,2,1,1,0,0,0,1,0,0,0,0,0,2,2026/09/22
東北楽天ゴールデンイーグルス,鈴木 大地,内野手,広島東洋カープ,,0,0,0,0,0,0,0,0,0,0,0,0,0,0,2026/09/22
東北楽天ゴールデンイーグルス,鈴木 大地,内野手,阪神タイガース,0.000,1,1,0,0,0,0,0,0,0,0,0,0,0,1,2026/09/22
東北楽天ゴールデンイーグルス,鈴木 大地,内野手,埼玉西武ライオンズ,0.000,1,1,0,0,0,0,0,0,1,0,0,0,0,1,2026/09/22
東北楽天ゴールデンイーグルス,鈴木 大地,内野手,千葉ロッテマリーンズ,0.200,12,10,2,0,2,0,0,1,2,0,2,0,0,6,2026/09/22
東北楽天ゴールデンイーグルス,鈴木 大地,内野手,中日ドラゴンズ,0.000,3,3,0,0,0,0,0,0,2,0,0,0,0,1,2026/09/22
東北楽天ゴールデンイーグルス,鈴木 大地,内野手,東京ヤクルトスワローズ,0.000,4,4,0,0,0,0,0,0,1,0,0,0,0,2,2026/09/22
東北楽天ゴールデンイーグルス,鈴木 大地,内野手,読売ジャイアンツ,0.000,1,1,0,0,0,0,0,0,0,0,0,0,0,1,2026/09/22
東北楽天ゴールデンイーグルス,鈴木 大地,内野手,福岡ソフトバンクホークス,0.333,11,9,3,3,0,0,0,0,3,1,0,0,1,7,2026/09/22
東北楽天ゴールデンイーグルス,鈴木 大地,内野手,北海道日本ハムファイターズ,0.200,5,5,1,1,0,0,0,0,1,0,0,0,0,5,2026/09/22
東北楽天ゴールデンイーグルス,ボイト,内野手,オリックス・バファローズ,0.308,15,13,4,2,2,0,0,3,1,0,0,1,1,3,2026/09/22
東北楽天ゴールデンイーグルス,ボイト,内野手,横浜DeNAベイスターズ,,0,0,0,0,0,0,0,0,0,0,0,0,0,0,2026/09/22
東北楽天ゴールデンイーグルス,ボイト,内野手,広島東洋カープ,,0,0,0,0,0,0,0,0,0,0,0,0,0,0,2026/09/22
東北楽天ゴールデンイーグルス,ボイト,内野手,阪神タイガース,,0,0,0,0,0,0,0,0,0,0,0,0,0,0,2026/09/22
東北楽天ゴールデンイーグルス,ボイト,内野手,埼玉西武ライオンズ,0.167,14,12,2,1,1,0,0,0,3,2,0,0,0,5,2026/09/22
東北楽天ゴールデンイーグルス,ボイト,内野手,千葉ロッテマリーンズ,0.000,3,3,0,0,0,0,0,0,3,0,0,0,0,1,2026/09/22
東北楽天ゴールデンイーグルス,ボイト,内野手,中日ドラゴンズ,,0,0,0,0,0,0,0,0,0,0,0,0,0,0,2026/09/22
東北楽天ゴールデンイーグルス,ボイト,内野手,東京ヤクルトスワローズ,,0,0,0,0,0,0,0,0,0,0,0,0,0,0,2026/09/22
東北楽天ゴールデンイーグルス,ボイト,内野手,読売ジャイアンツ,,0,0,0,0,0,0,0,0,0,0,0,0,0,0,2026/09/22
東北楽天ゴールデンイーグルス,ボイト,内野手,福岡ソフトバンクホークス,0.040,26,25,1,1,0,0,0,0,8,0,0,0,1,6,2026/09/22
東北楽天ゴールデンイーグルス,ボイト,内野手,北海道日本ハムファイターズ,0.059,19,17,1,1,0,0,0,0,4,2,0,0,0,5,2026/09/22
東北楽天ゴールデンイーグルス,黒川 史陽,内野手,オリックス・バファローズ,0.297,82,74,22,17,4,0,1,5,7,8,0,0,0,22,2026/09/22
東北楽天ゴールデンイーグルス,黒川 史陽,内野手,横浜DeNAベイスターズ,0.444,11,9,4,3,1,0,0,1,2,1,0,1,0,3,2026/09/22
東北楽天ゴールデンイーグルス,黒川 史陽,内野手,広島東洋カープ,0.000,14,12,0,0,0,0,0,0,3,2,0,0,0,3,2026/09/22
東北楽天ゴールデンイーグルス,黒川 史陽,内野手,阪神タイガース,0.333,10,9,3,3,0,0,0,1,1,1,0,0,0,3,2026/09/22
東北楽天ゴールデンイーグルス,黒川 史陽,内野手,埼玉西武ライオンズ,0.222,74,63,14,13,0,0,1,6,8,8,2,0,1,19,2026/09/22
東北楽天ゴールデンイーグルス,黒川 史陽,内野手,千葉ロッテマリーンズ,0.230,66,61,14,13,0,0,1,2,12,3,2,0,0,16,2026/09/22
東北楽天ゴールデンイーグルス,黒川 史陽,内野手,中日ドラゴンズ,0.300,11,10,3,3,0,0,0,0,2,1,0,0,0,3,2026/09/22
東北楽天ゴールデンイーグルス,黒川 史陽,内野手,東京ヤクルトスワローズ,0.100,12,10,1,1,0,0,0,0,1,2,0,0,0,3,2026/09/22
東北楽天ゴールデンイーグルス,黒川 史陽,内野手,読売ジャイアンツ,0.667,10,9,6,5,1,0,0,0,2,1,0,0,0,3,2026/09/22
東北楽天ゴールデンイーグルス,黒川 史陽,内野手,福岡ソフトバンクホークス,0.221,88,77,17,13,4,0,0,4,8,8,3,0,0,20,2026/09/22
東北楽天ゴールデンイーグルス,黒川 史陽,内野手,北海道日本ハムファイターズ,0.227,76,66,15,12,1,1,1,5,13,9,0,1,0,22,2026/09/22
東北楽天ゴールデンイーグルス,繁永 晟,内野手,オリックス・バファローズ,0.000,1,1,0,0,0,0,0,0,0,0,0,0,0,1,2026/09/22
東北楽天ゴールデンイーグルス,繁永 晟,内野手,横浜DeNAベイスターズ,,0,0,0,0,0,0,0,0,0,0,0,0,0,0,2026/09/22
東北楽天ゴールデンイーグルス,繁永 晟,内野手,広島東洋カープ,,0,0,0,0,0,0,0,0,0,0,0,0,0,0,2026/09/22
東北楽天ゴールデンイーグルス,繁永 晟,内野手,阪神タイガース,,0,0,0,0,0,0,0,0,0,0,0,0,0,0,2026/09/22
東北楽天ゴールデンイーグルス,繁永 晟,内野手,埼玉西武ライオンズ,0.235,18,17,4,3,0,1,0,2,0,1,0,0,0,7,2026/09/22
東北楽天ゴールデンイーグルス,繁永 晟,内野手,千葉ロッテマリーンズ,0.308,13,13,4,3,1,0,0,1,0,0,0,0,0,4,2026/09/22
東北楽天ゴールデンイーグルス,繁永 晟,内野手,中日ドラゴンズ,,0,0,0,0,0,0,0,0,0,0,0,0,0,0,2026/09/22
東北楽天ゴールデンイーグルス,繁永 晟,内野手,東京ヤクルトスワローズ,,0,0,0,0,0,0,0,0,0,0,0,0,0,0,2026/09/22
東北楽天ゴールデンイーグルス,繁永 晟,内野手,読売ジャイアンツ,,0,0,0,0,0,0,0,0,0,0,0,0,0,0,2026/09/22
東北楽天ゴールデンイーグルス,繁永 晟,内野手,福岡ソフトバンクホークス,0.063,19,16,1,1,0,0,0,1,1,0,2,1,0,6,2026/09/22
東北楽天ゴールデンイーグルス,繁永 晟,内野手,北海道日本ハムファイターズ,0.200,5,5,1,1,0,0,0,0,1,0,0,0,0,2,2026/09/22
東北楽天ゴールデンイーグルス,渡邊 佳明,内野手,オリックス・バファローズ,0.379,31,29,11,9,2,0,0,2,4,1,1,0,0,12,2026/09/22
東北楽天ゴールデンイーグルス,渡邊 佳明,内野手,横浜DeNAベイスターズ,0.000,2,2,0,0,0,0,0,0,0,0,0,0,0,2,2026/09/22
東北楽天ゴールデンイーグルス,渡邊 佳明,内野手,広島東洋カープ,0.000,4,4,0,0,0,0,0,0,2,0,0,0,0,2,2026/09/22
東北楽天ゴールデンイーグルス,渡邊 佳明,内野手,阪神タイガース,0.000,7,6,0,0,0,0,0,0,2,0,1,0,0,3,2026/09/22
東北楽天ゴールデンイーグルス,渡邊 佳明,内野手,埼玉西武ライオンズ,0.375,27,24,9,7,2,0,0,4,4,3,0,0,0,14,2026/09/22
東北楽天ゴールデンイーグルス,渡邊 佳明,内野手,千葉ロッテマリーンズ,0.143,29,28,4,2,2,0,0,4,5,1,0,0,0,12,2026/09/22
東北楽天ゴールデンイーグルス,渡邊 佳明,内野手,中日ドラゴンズ,0.167,6,6,1,1,0,0,0,0,1,0,0,0,0,2,2026/09/22
東北楽天ゴールデンイーグルス,渡邊 佳明,内野手,東京ヤクルトスワローズ,0.250,5,4,1,0,0,0,1,2,0,1,0,0,0,1,2026/09/22
東北楽天ゴールデンイーグルス,渡邊 佳明,内野手,読売ジャイアンツ,0.667,3,3,2,1,1,0,0,1,0,0,0,0,0,1,2026/09/22
東北楽天ゴールデンイーグルス,渡邊 佳明,内野手,福岡ソフトバンクホークス,0.278,22,18,5,5,0,0,0,3,4,2,2,0,0,10,2026/09/22
東北楽天ゴールデンイーグルス,渡邊 佳明,内野手,北海道日本ハムファイターズ,0.158,23,19,3,3,0,0,0,1,3,3,1,0,0,8,2026/09/22
東北楽天ゴールデンイーグルス,伊藤 裕季也,内野手,オリックス・バファローズ,,0,0,0,0,0,0,0,0,0,0,0,0,0,0,2026/09/22
東北楽天ゴールデンイーグルス,伊藤 裕季也,内野手,横浜DeNAベイスターズ,,0,0,0,0,0,0,0,0,0,0,0,0,0,0,2026/09/22
東北楽天ゴールデンイーグルス,伊藤 裕季也,内野手,広島東洋カープ,,0,0,0,0,0,0,0,0,0,0,0,0,0,0,2026/09/22
東北楽天ゴールデンイーグルス,伊藤 裕季也,内野手,阪神タイガース,,0,0,0,0,0,0,0,0,0,0,0,0,0,0,2026/09/22
東北楽天ゴールデンイーグルス,伊藤 裕季也,内野手,埼玉西武ライオンズ,0.125,9,8,1,0,0,0,1,2,2,1,0,0,0,3,2026/09/22
東北楽天ゴールデンイーグルス,伊藤 裕季也,内野手,千葉ロッテマリーンズ,0.200,17,15,3,0,2,0,1,3,6,2,0,0,0,5,2026/09/22
東北楽天ゴールデンイーグルス,伊藤 裕季也,内野手,中日ドラゴンズ,,0,0,0,0,0,0,0,0,0,0,0,0,0,0,2026/09/22
東北楽天ゴールデンイーグルス,伊藤 裕季也,内野手,東京ヤクルトスワローズ,,0,0,0,0,0,0,0,0,0,0,0,0,0,0,2026/09/22
東北楽天ゴールデンイーグルス,伊藤 裕季也,内野手,読売ジャイアンツ,,0,0,0,0,0,0,0,0,0,0,0,0,0,0,2026/09/22
東北楽天ゴールデンイーグルス,伊藤 裕季也,内野手,福岡ソフトバンクホークス,0.125,8,8,1,0,1,0,0,0,4,0,0,0,0,4,2026/09/22
東北楽天ゴールデンイーグルス,伊藤 裕季也,内野手,北海道日本ハムファイターズ,0.222,20,18,4,3,0,0,1,3,5,1,0,1,0,7,2026/09/22
東北楽天ゴールデンイーグルス,平良 竜哉,内野手,オリックス・バファローズ,0.222,30,27,6,3,3,0,0,1,5,2,1,0,0,11,2026/09/22
東北楽天ゴールデンイーグルス,平良 竜哉,内野手,横浜DeNAベイスターズ,0.308,14,13,4,3,0,0,1,2,3,1,0,0,0,3,2026/09/22
東北楽天ゴールデンイーグルス,平良 竜哉,内野手,広島東洋カープ,0.091,11,11,1,1,0,0,0,0,3,0,0,0,0,3,2026/09/22
東北楽天ゴールデンイーグルス,平良 竜哉,内野手,阪神タイガース,0.400,11,10,4,4,0,0,0,1,2,1,0,0,0,3,2026/09/22
東北楽天ゴールデンイーグルス,平良 竜哉,内野手,埼玉西武ライオンズ,0.179,28,28,5,5,0,0,0,1,3,0,0,0,0,9,2026/09/22
東北楽天ゴールデンイーグルス,平良 竜哉,内野手,千葉ロッテマリーンズ,0.217,48,46,10,7,1,0,2,5,11,1,0,0,1,16,2026/09/22
東北楽天ゴールデンイーグルス,平良 竜哉,内野手,中日ドラゴンズ,0.200,5,5,1,1,0,0,0,0,0,0,0,0,0,2,2026/09/22
東北楽天ゴールデンイーグルス,平良 竜哉,内野手,東京ヤクルトスワローズ,0.200,11,10,2,1,0,0,1,2,2,1,0,0,0,3,2026/09/22
東北楽天ゴールデンイーグルス,平良 竜哉,内野手,読売ジャイアンツ,0.300,11,10,3,3,0,0,0,0,1,0,0,0,1,3,2026/09/22
東北楽天ゴールデンイーグルス,平良 竜哉,内野手,福岡ソフトバンクホークス,0.382,41,34,13,9,2,0,2,4,6,4,0,0,3,12,2026/09/22
東北楽天ゴールデンイーグルス,平良 竜哉,内野手,北海道日本ハムファイターズ,0.270,38,37,10,5,2,0,3,4,8,0,1,0,0,12,2026/09/22
東北楽天ゴールデンイーグルス,ワォーターズ,内野手,オリックス・バファローズ,,0,0,0,0,0,0,0,0,0,0,0,0,0,0,2026/09/22
東北楽天ゴールデンイーグルス,ワォーターズ,内野手,横浜DeNAベイスターズ,,0,0,0,0,0,0,0,0,0,0,0,0,0,0,2026/09/22
東北楽天ゴールデンイーグルス,ワォーターズ,内野手,広島東洋カープ,0.500,2,2,1,0,1,0,0,0,1,0,0,0,0,1,2026/09/22
東北楽天ゴールデンイーグルス,ワォーターズ,内野手,阪神タイガース,,0,0,0,0,0,0,0,0,0,0,0,0,0,0,2026/09/22
東北楽天ゴールデンイーグルス,ワォーターズ,内野手,埼玉西武ライオンズ,0.333,3,3,1,1,0,0,0,0,1,0,0,0,0,1,2026/09/22
東北楽天ゴールデンイーグルス,ワォーターズ,内野手,千葉ロッテマリーンズ,0.250,4,4,1,1,0,0,0,0,2,0,0,0,0,1,2026/09/22
東北楽天ゴールデンイーグルス,ワォーターズ,内野手,中日ドラゴンズ,,0,0,0,0,0,0,0,0,0,0,0,0,0,0,2026/09/22
東北楽天ゴールデンイーグルス,ワォーターズ,内野手,東京ヤクルトスワローズ,,0,0,0,0,0,0,0,0,0,0,0,0,0,0,2026/09/22
東北楽天ゴールデンイーグルス,ワォーターズ,内野手,読売ジャイアンツ,,0,0,0,0,0,0,0,0,0,0,0,0,0,0,2026/09/22
東北楽天ゴールデンイーグルス,ワォーターズ,内野手,福岡ソフトバンクホークス,0.333,3,3,1,1,0,0,0,0,1,0,0,0,0,2,2026/09/22
東北楽天ゴールデンイーグルス,ワォーターズ,内野手,北海道日本ハムファイターズ,,0,0,0,0,0,0,0,0,0,0,0,0,0,0,2026/09/22
東北楽天ゴールデンイーグルス,入江 大樹,内野手,オリックス・バファローズ,0.000,1,1,0,0,0,0,0,0,1,0,0,0,0,1,2026/09/22
東北楽天ゴールデンイーグルス,入江 大樹,内野手,横浜DeNAベイスターズ,,0,0,0,0,0,0,0,0,0,0,0,0,0,0,2026/09/22
東北楽天ゴールデンイーグルス,入江 大樹,内野手,広島東洋カープ,,0,0,0,0,0,0,0,0,0,0,0,0,0,0,2026/09/22
東北楽天ゴールデンイーグルス,入江 大樹,内野手,阪神タイガース,,0,0,0,0,0,0,0,0,0,0,0,0,0,0,2026/09/22
東北楽天ゴールデンイーグルス,入江 大樹,内野手,埼玉西武ライオンズ,0.286,8,7,2,1,1,0,0,0,1,1,0,0,0,3,2026/09/22
東北楽天ゴールデンイーグルス,入江 大樹,内野手,千葉ロッテマリーンズ,0.000,3,3,0,0,0,0,0,0,1,0,0,0,0,2,2026/09/22
東北楽天ゴールデンイーグルス,入江 大樹,内野手,中日ドラゴンズ,0.000,1,1,0,0,0,0,0,0,0,0,0,0,0,1,2026/09/22
東北楽天ゴールデンイーグルス,入江 大樹,内野手,東京ヤクルトスワローズ,0.000,3,3,0,0,0,0,0,0,1,0,0,0,0,1,2026/09/22
東北楽天ゴールデンイーグルス,入江 大樹,内野手,読売ジャイアンツ,,0,0,0,0,0,0,0,0,0,0,0,0,0,0,2026/09/22
東北楽天ゴールデンイーグルス,入江 大樹,内野手,福岡ソフトバンクホークス,0.167,7,6,1,1,0,0,0,0,1,1,0,0,0,2,2026/09/22
東北楽天ゴールデンイーグルス,入江 大樹,内野手,北海道日本ハムファイターズ,0.667,3,3,2,2,0,0,0,0,0,0,0,0,0,3,2026/09/22
東北楽天ゴールデンイーグルス,青野 拓海,内野手,オリックス・バファローズ,,0,0,0,0,0,0,0,0,0,0,0,0,0,0,2026/09/22
東北楽天ゴールデンイーグルス,青野 拓海,内野手,横浜DeNAベイスターズ,,0,0,0,0,0,0,0,0,0,0,0,0,0,0,2026/09/22
東北楽天ゴールデンイーグルス,青野 拓海,内野手,広島東洋カープ,,0,0,0,0,0,0,0,0,0,0,0,0,0,0,2026/09/22
東北楽天ゴールデンイーグルス,青野 拓海,内野手,阪神タイガース,,0,0,0,0,0,0,0,0,0,0,0,0,0,0,2026/09/22
東北楽天ゴールデンイーグルス,青野 拓海,内野手,埼玉西武ライオンズ,,0,0,0,0,0,0,0,0,0,0,0,0,0,0,2026/09/22
東北楽天ゴールデンイーグルス,青野 拓海,内野手,千葉ロッテマリーンズ,,0,0,0,0,0,0,0,0,0,0,0,0,0,0,2026/09/22
東北楽天ゴールデンイーグルス,青野 拓海,内野手,中日ドラゴンズ,,0,0,0,0,0,0,0,0,0,0,0,0,0,0,2026/09/22
東北楽天ゴールデンイーグルス,青野 拓海,内野手,東京ヤクルトスワローズ,,0,0,0,0,0,0,0,0,0,0,0,0,0,0,2026/09/22
東北楽天ゴールデンイーグルス,青野 拓海,内野手,読売ジャイアンツ,,0,0,0,0,0,0,0,0,0,0,0,0,0,0,2026/09/22
東北楽天ゴールデンイーグルス,青野 拓海,内野手,福岡ソフトバンクホークス,,0,0,0,0,0,0,0,0,0,0,0,0,0,0,2026/09/22
東北楽天ゴールデンイーグルス,青野 拓海,内野手,北海道日本ハムファイターズ,,0,0,0,0,0,0,0,0,0,0,0,0,0,0,2026/09/22
東北楽天ゴールデンイーグルス,小森 航大郎,内野手,オリックス・バファローズ,0.000,2,2,0,0,0,0,0,0,0,0,0,0,0,2,2026/09/22
東北楽天ゴールデンイーグルス,小森 航大郎,内野手,横浜DeNAベイスターズ,,0,0,0,0,0,0,0,0,0,0,0,0,0,0,2026/09/22
東北楽天ゴールデンイーグルス,小森 航大郎,内野手,広島東洋カープ,0.000,3,3,0,0,0,0,0,0,2,0,0,0,0,1,2026/09/22
東北楽天ゴールデンイーグルス,小森 航大郎,内野手,阪神タイガース,0.000,1,1,0,0,0,0,0,0,1,0,0,0,0,1,2026/09/22
東北楽天ゴールデンイーグルス,小森 航大郎,内野手,埼玉西武ライオンズ,,0,0,0,0,0,0,0,0,0,0,0,0,0,0,2026/09/22
東北楽天ゴールデンイーグルス,小森 航大郎,内野手,千葉ロッテマリーンズ,0.000,5,4,0,0,0,0,0,1,2,0,0,1,0,2,2026/09/22
東北楽天ゴールデンイーグルス,小森 航大郎,内野手,中日ドラゴンズ,,0,0,0,0,0,0,0,0,0,0,0,0,0,0,2026/09/22
東北楽天ゴールデンイーグルス,小森 航大郎,内野手,東京ヤクルトスワローズ,,0,0,0,0,0,0,0,0,0,0,0,0,0,0,2026/09/22
東北楽天ゴールデンイーグルス,小森 航大郎,内野手,読売ジャイアンツ,,0,0,0,0,0,0,0,0,0,0,0,0,0,0,2026/09/22
東北楽天ゴールデンイーグルス,小森 航大郎,内野手,福岡ソフトバンクホークス,0.000,2,2,0,0,0,0,0,0,0,0,0,0,0,1,2026/09/22
東北楽天ゴールデンイーグルス,小森 航大郎,内野手,北海道日本ハムファイターズ,,0,0,0,0,0,0,0,0,0,0,0,0,0,0,2026/09/22
東北楽天ゴールデンイーグルス,陽 柏翔,内野手,オリックス・バファローズ,0.400,6,5,2,2,0,0,0,0,2,1,0,0,0,3,2026/09/22
東北楽天ゴールデンイーグルス,陽 柏翔,内野手,横浜DeNAベイスターズ,,0,0,0,0,0,0,0,0,0,0,0,0,0,0,2026/09/22
東北楽天ゴールデンイーグルス,陽 柏翔,内野手,広島東洋カープ,,0,0,0,0,0,0,0,0,0,0,0,0,0,0,2026/09/22
東北楽天ゴールデンイーグルス,陽 柏翔,内野手,阪神タイガース,,0,0,0,0,0,0,0,0,0,0,0,0,0,0,2026/09/22
東北楽天ゴールデンイーグルス,陽 柏翔,内野手,埼玉西武ライオンズ,,0,0,0,0,0,0,0,0,0,0,0,0,0,0,2026/09/22
東北楽天ゴールデンイーグルス,陽 柏翔,内野手,千葉ロッテマリーンズ,,0,0,0,0,0,0,0,0,0,0,0,0,0,0,2026/09/22
東北楽天ゴールデンイーグルス,陽 柏翔,内野手,中日ドラゴンズ,,0,0,0,0,0,0,0,0,0,0,0,0,0,0,2026/09/22
東北楽天ゴールデンイーグルス,陽 柏翔,内野手,東京ヤクルトスワローズ,,0,0,0,0,0,0,0,0,0,0,0,0,0,0,2026/09/22
東北楽天ゴールデンイーグルス,陽 柏翔,内野手,読売ジャイアンツ,,0,0,0,0,0,0,0,0,0,0,0,0,0,0,2026/09/22
東北楽天ゴールデンイーグルス,陽 柏翔,内野手,福岡ソフトバンクホークス,,0,0,0,0,0,0,0,0,0,0,0,0,0,0,2026/09/22
東北楽天ゴールデンイーグルス,陽 柏翔,内野手,北海道日本ハムファイターズ,0.000,3,3,0,0,0,0,0,0,2,0,0,0,0,2,2026/09/22
東北楽天ゴールデンイーグルス,金子 京介,内野手,オリックス・バファローズ,0.500,2,2,1,1,0,0,0,0,0,0,0,0,0,1,2026/09/22
東北楽天ゴールデンイーグルス,金子 京介,内野手,横浜DeNAベイスターズ,,0,0,0,0,0,0,0,0,0,0,0,0,0,0,2026/09/22
東北楽天ゴールデンイーグルス,金子 京介,内野手,広島東洋カープ,,0,0,0,0,0,0,0,0,0,0,0,0,0,0,2026/09/22
東北楽天ゴールデンイーグルス,金子 京介,内野手,阪神タイガース,,0,0,0,0,0,0,0,0,0,0,0,0,0,0,2026/09/22
東北楽天ゴールデンイーグルス,金子 京介,内野手,埼玉西武ライオンズ,,0,0,0,0,0,0,0,0,0,0,0,0,0,0,2026/09/22
東北楽天ゴールデンイーグルス,金子 京介,内野手,千葉ロッテマリーンズ,0.000,2,2,0,0,0,0,0,0,2,0,0,0,0,1,2026/09/22
東北楽天ゴールデンイーグルス,金子 京介,内野手,中日ドラゴンズ,,0,0,0,0,0,0,0,0,0,0,0,0,0,0,2026/09/22
東北楽天ゴールデンイーグルス,金子 京介,内野手,東京ヤクルトスワローズ,,0,0,0,0,0,0,0,0,0,0,0,0,0,0,2026/09/22
東北楽天ゴールデンイーグルス,金子 京介,内野手,読売ジャイアンツ,,0,0,0,0,0,0,0,0,0,0,0,0,0,0,2026/09/22
東北楽天ゴールデンイーグルス,金子 京介,内野手,福岡ソフトバンクホークス,,0,0,0,0,0,0,0,0,0,0,0,0,0,0,2026/09/22
東北楽天ゴールデンイーグルス,金子 京介,内野手,北海道日本ハムファイターズ,0.000,8,7,0,0,0,0,0,0,4,0,0,0,1,2,2026/09/22
東北楽天ゴールデンイーグルス,辰己 涼介,外野手,オリックス・バファローズ,0.274,95,84,23,17,0,2,4,15,16,10,0,1,0,22,2026/09/22
東北楽天ゴールデンイーグルス,辰己 涼介,外野手,横浜DeNAベイスターズ,0.167,15,12,2,0,2,0,0,1,5,1,0,0,2,3,2026/09/22
東北楽天ゴールデンイーグルス,辰己 涼介,外野手,広島東洋カープ,0.182,13,11,2,2,0,0,0,0,3,2,0,0,0,3,2026/09/22
東北楽天ゴールデンイーグルス,辰己 涼介,外野手,阪神タイガース,0.200,10,10,2,2,0,0,0,0,4,0,0,0,0,3,2026/09/22
東北楽天ゴールデンイーグルス,辰己 涼介,外野手,埼玉西武ライオンズ,0.195,99,87,17,9,4,1,3,10,29,11,0,1,0,23,2026/09/22
東北楽天ゴールデンイーグルス,辰己 涼介,外野手,千葉ロッテマリーンズ,0.308,87,78,24,19,4,0,1,5,14,8,0,0,1,20,2026/09/22
東北楽天ゴールデンイーグルス,辰己 涼介,外野手,中日ドラゴンズ,0.167,13,12,2,1,0,0,1,2,4,1,0,0,0,3,2026/09/22
東北楽天ゴールデンイーグルス,辰己 涼介,外野手,東京ヤクルトスワローズ,0.154,13,13,2,1,1,0,0,0,5,0,0,0,0,3,2026/09/22
東北楽天ゴールデンイーグルス,辰己 涼介,外野手,読売ジャイアンツ,0.364,12,11,4,3,1,0,0,1,2,1,0,0,0,3,2026/09/22
東北楽天ゴールデンイーグルス,辰己 涼介,外野手,福岡ソフトバンクホークス,0.282,92,78,22,18,2,0,2,7,12,13,1,0,0,21,2026/09/22
東北楽天ゴールデンイーグルス,辰己 涼介,外野手,北海道日本ハムファイターズ,0.274,93,84,23,16,4,0,3,8,24,6,0,1,2,23,2026/09/22
東北楽天ゴールデンイーグルス,ゴンザレス,外野手,オリックス・バファローズ,,0,0,0,0,0,0,0,0,0,0,0,0,0,0,2026/09/22
東北楽天ゴールデンイーグルス,ゴンザレス,外野手,横浜DeNAベイスターズ,,0,0,0,0,0,0,0,0,0,0,0,0,0,0,2026/09/22
東北楽天ゴールデンイーグルス,ゴンザレス,外野手,広島東洋カープ,,0,0,0,0,0,0,0,0,0,0,0,0,0,0,2026/09/22
東北楽天ゴールデンイーグルス,ゴンザレス,外野手,阪神タイガース,,0,0,0,0,0,0,0,0,0,0,0,0,0,0,2026/09/22
東北楽天ゴールデンイーグルス,ゴンザレス,外野手,埼玉西武ライオンズ,,0,0,0,0,0,0,0,0,0,0,0,0,0,0,2026/09/22
東北楽天ゴールデンイーグルス,ゴンザレス,外野手,千葉ロッテマリーンズ,,0,0,0,0,0,0,0,0,0,0,0,0,0,0,2026/09/22
東北楽天ゴールデンイーグルス,ゴンザレス,外野手,中日ドラゴンズ,,0,0,0,0,0,0,0,0,0,0,0,0,0,0,2026/09/22
東北楽天ゴールデンイーグルス,ゴンザレス,外野手,東京ヤクルトスワローズ,,0,0,0,0,0,0,0,0,0,0,0,0,0,0,2026/09/22
東北楽天ゴールデンイーグルス,ゴンザレス,外野手,読売ジャイアンツ,,0,0,0,0,0,0,0,0,0,0,0,0,0,0,2026/09/22
東北楽天ゴールデンイーグルス,ゴンザレス,外野手,福岡ソフトバンクホークス,,0,0,0,0,0,0,0,0,0,0,0,0,0,0,2026/09/22
東北楽天ゴールデンイーグルス,ゴンザレス,外野手,北海道日本ハムファイターズ,0.125,8,8,1,1,0,0,0,0,6,0,0,0,0,3,2026/09/22
東北楽天ゴールデンイーグルス,田中 和基,外野手,オリックス・バファローズ,,0,0,0,0,0,0,0,0,0,0,0,0,0,0,2026/09/22
東北楽天ゴールデンイーグルス,田中 和基,外野手,横浜DeNAベイスターズ,,0,0,0,0,0,0,0,0,0,0,0,0,0,0,2026/09/22
東北楽天ゴールデンイーグルス,田中 和基,外野手,広島東洋カープ,,0,0,0,0,0,0,0,0,0,0,0,0,0,0,2026/09/22
東北楽天ゴールデンイーグルス,田中 和基,外野手,阪神タイガース,,0,0,0,0,0,0,0,0,0,0,0,0,0,0,2026/09/22
東北楽天ゴールデンイーグルス,田中 和基,外野手,埼玉西武ライオンズ,,0,0,0,0,0,0,0,0,0,0,0,0,0,0,2026/09/22
東北楽天ゴールデンイーグルス,田中 和基,外野手,千葉ロッテマリーンズ,,0,0,0,0,0,0,0,0,0,0,0,0,0,0,2026/09/22
東北楽天ゴールデンイーグルス,田中 和基,外野手,中日ドラゴンズ,,0,0,0,0,0,0,0,0,0,0,0,0,0,0,2026/09/22
東北楽天ゴールデンイーグルス,田中 和基,外野手,東京ヤクルトスワローズ,,0,0,0,0,0,0,0,0,0,0,0,0,0,0,2026/09/22
東北楽天ゴールデンイーグルス,田中 和基,外野手,読売ジャイアンツ,,0,0,0,0,0,0,0,0,0,0,0,0,0,0,2026/09/22
東北楽天ゴールデンイーグルス,田中 和基,外野手,福岡ソフトバンクホークス,,0,0,0,0,0,0,0,0,0,0,0,0,0,0,2026/09/22
東北楽天ゴールデンイーグルス,田中 和基,外野手,北海道日本ハムファイターズ,,0,0,0,0,0,0,0,0,0,0,0,0,0,0,2026/09/22
東北楽天ゴールデンイーグルス,中島 大輔,外野手,オリックス・バファローズ,0.256,99,82,21,13,5,0,3,5,10,12,5,0,0,23,2026/09/22
東北楽天ゴールデンイーグルス,中島 大輔,外野手,横浜DeNAベイスターズ,0.500,2,2,1,0,1,0,0,1,0,0,0,0,0,2,2026/09/22
東北楽天ゴールデンイーグルス,中島 大輔,外野手,広島東洋カープ,0.000,1,1,0,0,0,0,0,0,0,0,0,0,0,1,2026/09/22
東北楽天ゴールデンイーグルス,中島 大輔,外野手,阪神タイガース,0.333,4,3,1,1,0,0,0,0,0,1,0,0,0,1,2026/09/22
東北楽天ゴールデンイーグルス,中島 大輔,外野手,埼玉西武ライオンズ,0.276,62,58,16,12,2,2,0,4,15,2,2,0,0,18,2026/09/22
東北楽天ゴールデンイーグルス,中島 大輔,外野手,千葉ロッテマリーンズ,0.396,58,53,21,16,4,1,0,4,5,4,0,1,0,15,2026/09/22
東北楽天ゴールデンイーグルス,中島 大輔,外野手,中日ドラゴンズ,0.250,4,4,1,1,0,0,0,0,2,0,0,0,0,3,2026/09/22
東北楽天ゴールデンイーグルス,中島 大輔,外野手,東京ヤクルトスワローズ,0.167,6,6,1,1,0,0,0,0,0,0,0,0,0,2,2026/09/22
東北楽天ゴールデンイーグルス,中島 大輔,外野手,読売ジャイアンツ,0.125,9,8,1,0,1,0,0,0,1,1,0,0,0,3,2026/09/22
東北楽天ゴールデンイーグルス,中島 大輔,外野手,福岡ソフトバンクホークス,0.355,74,62,22,17,3,0,2,5,5,8,2,0,2,20,2026/09/22
東北楽天ゴールデンイーグルス,中島 大輔,外野手,北海道日本ハムファイターズ,0.257,75,70,18,11,7,0,0,6,9,2,1,1,1,20,2026/09/22
東北楽天ゴールデンイーグルス,マッカスカー,外野手,オリックス・バファローズ,0.297,82,74,22,12,6,1,3,19,27,7,0,1,0,20,2026/09/22
東北楽天ゴールデンイーグルス,マッカスカー,外野手,横浜DeNAベイスターズ,0.625,10,8,5,5,0,0,0,2,3,2,0,0,0,3,2026/09/22
東北楽天ゴールデンイーグルス,マッカスカー,外野手,広島東洋カープ,0.143,7,7,1,1,0,0,0,0,3,0,0,0,0,3,2026/09/22
東北楽天ゴールデンイーグルス,マッカスカー,外野手,阪神タイガース,0.100,10,10,1,1,0,0,0,0,8,0,0,0,0,3,2026/09/22
東北楽天ゴールデンイーグルス,マッカスカー,外野手,埼玉西武ライオンズ,0.233,66,60,14,10,1,0,3,8,25,6,0,0,0,18,2026/09/22
東北楽天ゴールデンイーグルス,マッカスカー,外野手,千葉ロッテマリーンズ,0.169,73,65,11,4,3,1,3,11,18,6,0,2,0,16,2026/09/22
東北楽天ゴールデンイーグルス,マッカスカー,外野手,中日ドラゴンズ,0.000,3,2,0,0,0,0,0,0,0,1,0,0,0,1,2026/09/22
東北楽天ゴールデンイーグルス,マッカスカー,外野手,東京ヤクルトスワローズ,0.444,9,9,4,1,1,0,2,4,4,0,0,0,0,3,2026/09/22
東北楽天ゴールデンイーグルス,マッカスカー,外野手,読売ジャイアンツ,0.250,14,12,3,2,0,0,1,4,1,2,0,0,0,3,2026/09/22
東北楽天ゴールデンイーグルス,マッカスカー,外野手,福岡ソフトバンクホークス,0.275,43,40,11,4,0,0,7,9,19,3,0,0,0,11,2026/09/22
東北楽天ゴールデンイーグルス,マッカスカー,外野手,北海道日本ハムファイターズ,0.286,50,42,12,5,3,0,4,9,18,5,0,0,3,12,2026/09/22
東北楽天ゴールデンイーグルス,吉納 翼,外野手,オリックス・バファローズ,0.000,17,15,0,0,0,0,0,0,8,2,0,0,0,4,2026/09/22
東北楽天ゴールデンイーグルス,吉納 翼,外野手,横浜DeNAベイスターズ,,0,0,0,0,0,0,0,0,0,0,0,0,0,0,2026/09/22
東北楽天ゴールデンイーグルス,吉納 翼,外野手,広島東洋カープ,,0,0,0,0,0,0,0,0,0,0,0,0,0,0,2026/09/22
東北楽天ゴールデンイーグルス,吉納 翼,外野手,阪神タイガース,,0,0,0,0,0,0,0,0,0,0,0,0,0,0,2026/09/22
東北楽天ゴールデンイーグルス,吉納 翼,外野手,埼玉西武ライオンズ,,0,0,0,0,0,0,0,0,0,0,0,0,0,0,2026/09/22
東北楽天ゴールデンイーグルス,吉納 翼,外野手,千葉ロッテマリーンズ,,0,0,0,0,0,0,0,0,0,0,0,0,0,0,2026/09/22
東北楽天ゴールデンイーグルス,吉納 翼,外野手,中日ドラゴンズ,,0,0,0,0,0,0,0,0,0,0,0,0,0,0,2026/09/22
東北楽天ゴールデンイーグルス,吉納 翼,外野手,東京ヤクルトスワローズ,,0,0,0,0,0,0,0,0,0,0,0,0,0,0,2026/09/22
東北楽天ゴールデンイーグルス,吉納 翼,外野手,読売ジャイアンツ,,0,0,0,0,0,0,0,0,0,0,0,0,0,0,2026/09/22
東北楽天ゴールデンイーグルス,吉納 翼,外野手,福岡ソフトバンクホークス,,0,0,0,0,0,0,0,0,0,0,0,0,0,0,2026/09/22
東北楽天ゴールデンイーグルス,吉納 翼,外野手,北海道日本ハムファイターズ,,0,0,0,0,0,0,0,0,0,0,0,0,0,0,2026/09/22
東北楽天ゴールデンイーグルス,佐藤 直樹,外野手,オリックス・バファローズ,0.320,25,25,8,4,2,1,1,2,7,0,0,0,0,9,2026/09/22
東北楽天ゴールデンイーグルス,佐藤 直樹,外野手,横浜DeNAベイスターズ,0.333,13,12,4,2,1,0,1,5,5,0,0,1,0,3,2026/09/22
東北楽天ゴールデンイーグルス,佐藤 直樹,外野手,広島東洋カープ,0.100,11,10,1,1,0,0,0,0,3,1,0,0,0,3,2026/09/22
東北楽天ゴールデンイーグルス,佐藤 直樹,外野手,阪神タイガース,0.250,8,8,2,2,0,0,0,0,2,0,0,0,0,3,2026/09/22
東北楽天ゴールデンイーグルス,佐藤 直樹,外野手,埼玉西武ライオンズ,0.263,40,38,10,8,1,0,1,3,12,2,0,0,0,13,2026/09/22
東北楽天ゴールデンイーグルス,佐藤 直樹,外野手,千葉ロッテマリーンズ,0.303,34,33,10,6,2,0,2,3,11,0,0,1,0,10,2026/09/22
東北楽天ゴールデンイーグルス,佐藤 直樹,外野手,中日ドラゴンズ,0.083,13,12,1,1,0,0,0,0,4,1,0,0,0,3,2026/09/22
東北楽天ゴールデンイーグルス,佐藤 直樹,外野手,東京ヤクルトスワローズ,0.571,7,7,4,2,2,0,0,0,2,0,0,0,0,3,2026/09/22
東北楽天ゴールデンイーグルス,佐藤 直樹,外野手,読売ジャイアンツ,0.273,12,11,3,1,2,0,0,3,4,1,0,0,0,3,2026/09/22
東北楽天ゴールデンイーグルス,佐藤 直樹,外野手,福岡ソフトバンクホークス,0.304,25,23,7,4,2,0,1,3,11,2,0,0,0,8,2026/09/22
東北楽天ゴールデンイーグルス,佐藤 直樹,外野手,北海道日本ハムファイターズ,0.174,23,23,4,3,1,0,0,0,9,0,0,0,0,7,2026/09/22
東北楽天ゴールデンイーグルス,阪上 翔也,外野手,オリックス・バファローズ,,0,0,0,0,0,0,0,0,0,0,0,0,0,0,2026/09/22
東北楽天ゴールデンイーグルス,阪上 翔也,外野手,横浜DeNAベイスターズ,,0,0,0,0,0,0,0,0,0,0,0,0,0,0,2026/09/22
東北楽天ゴールデンイーグルス,阪上 翔也,外野手,広島東洋カープ,,0,0,0,0,0,0,0,0,0,0,0,0,0,0,2026/09/22
東北楽天ゴールデンイーグルス,阪上 翔也,外野手,阪神タイガース,,0,0,0,0,0,0,0,0,0,0,0,0,0,0,2026/09/22
東北楽天ゴールデンイーグルス,阪上 翔也,外野手,埼玉西武ライオンズ,,0,0,0,0,0,0,0,0,0,0,0,0,0,0,2026/09/22
東北楽天ゴールデンイーグルス,阪上 翔也,外野手,千葉ロッテマリーンズ,0.000,4,4,0,0,0,0,0,0,2,0,0,0,0,2,2026/09/22
東北楽天ゴールデンイーグルス,阪上 翔也,外野手,中日ドラゴンズ,,0,0,0,0,0,0,0,0,0,0,0,0,0,0,2026/09/22
東北楽天ゴールデンイーグルス,阪上 翔也,外野手,東京ヤクルトスワローズ,,0,0,0,0,0,0,0,0,0,0,0,0,0,0,2026/09/22
東北楽天ゴールデンイーグルス,阪上 翔也,外野手,読売ジャイアンツ,,0,0,0,0,0,0,0,0,0,0,0,0,0,0,2026/09/22
東北楽天ゴールデンイーグルス,阪上 翔也,外野手,福岡ソフトバンクホークス,0.000,3,3,0,0,0,0,0,0,2,0,0,0,0,1,2026/09/22
東北楽天ゴールデンイーグルス,阪上 翔也,外野手,北海道日本ハムファイターズ,,0,0,0,0,0,0,0,0,0,0,0,0,0,0,2026/09/22
東北楽天ゴールデンイーグルス,武藤 敦貴,外野手,オリックス・バファローズ,0.000,6,5,0,0,0,0,0,1,1,0,0,1,0,3,2026/09/22
東北楽天ゴールデンイーグルス,武藤 敦貴,外野手,横浜DeNAベイスターズ,,0,0,0,0,0,0,0,0,0,0,0,0,0,0,2026/09/22
東北楽天ゴールデンイーグルス,武藤 敦貴,外野手,広島東洋カープ,,0,0,0,0,0,0,0,0,0,0,0,0,0,0,2026/09/22
東北楽天ゴールデンイーグルス,武藤 敦貴,外野手,阪神タイガース,,0,0,0,0,0,0,0,0,0,0,0,0,0,0,2026/09/22
東北楽天ゴールデンイーグルス,武藤 敦貴,外野手,埼玉西武ライオンズ,0.273,13,11,3,2,1,0,0,1,2,2,0,0,0,5,2026/09/22
東北楽天ゴールデンイーグルス,武藤 敦貴,外野手,千葉ロッテマリーンズ,0.000,2,2,0,0,0,0,0,0,0,0,0,0,0,1,2026/09/22
東北楽天ゴールデンイーグルス,武藤 敦貴,外野手,中日ドラゴンズ,,0,0,0,0,0,0,0,0,0,0,0,0,0,0,2026/09/22
東北楽天ゴールデンイーグルス,武藤 敦貴,外野手,東京ヤクルトスワローズ,,0,0,0,0,0,0,0,0,0,0,0,0,0,0,2026/09/22
東北楽天ゴールデンイーグルス,武藤 敦貴,外野手,読売ジャイアンツ,,0,0,0,0,0,0,0,0,0,0,0,0,0,0,2026/09/22
東北楽天ゴールデンイーグルス,武藤 敦貴,外野手,福岡ソフトバンクホークス,0.250,5,4,1,1,0,0,0,0,1,1,0,0,0,2,2026/09/22
東北楽天ゴールデンイーグルス,武藤 敦貴,外野手,北海道日本ハムファイターズ,0.000,2,2,0,0,0,0,0,0,0,0,0,0,0,2,2026/09/22
東北楽天ゴールデンイーグルス,小郷 裕哉,外野手,オリックス・バファローズ,0.308,14,13,4,4,0,0,0,1,5,1,0,0,0,5,2026/09/22
東北楽天ゴールデンイーグルス,小郷 裕哉,外野手,横浜DeNAベイスターズ,,0,0,0,0,0,0,0,0,0,0,0,0,0,0,2026/09/22
東北楽天ゴールデンイーグルス,小郷 裕哉,外野手,広島東洋カープ,,0,0,0,0,0,0,0,0,0,0,0,0,0,0,2026/09/22
東北楽天ゴールデンイーグルス,小郷 裕哉,外野手,阪神タイガース,,0,0,0,0,0,0,0,0,0,0,0,0,0,0,2026/09/22
東北楽天ゴールデンイーグルス,小郷 裕哉,外野手,埼玉西武ライオンズ,0.105,20,19,2,1,1,0,0,1,4,0,1,0,0,6,2026/09/22
東北楽天ゴールデンイーグルス,小郷 裕哉,外野手,千葉ロッテマリーンズ,0.258,36,31,8,6,1,1,0,3,6,5,0,0,0,10,2026/09/22
東北楽天ゴールデンイーグルス,小郷 裕哉,外野手,中日ドラゴンズ,0.000,2,2,0,0,0,0,0,0,0,0,0,0,0,1,2026/09/22
東北楽天ゴールデンイーグルス,小郷 裕哉,外野手,東京ヤクルトスワローズ,,0,0,0,0,0,0,0,0,0,0,0,0,0,0,2026/09/22
東北楽天ゴールデンイーグルス,小郷 裕哉,外野手,読売ジャイアンツ,,0,0,0,0,0,0,0,0,0,0,0,0,0,0,2026/09/22
東北楽天ゴールデンイーグルス,小郷 裕哉,外野手,福岡ソフトバンクホークス,0.310,30,29,9,6,2,0,1,1,8,1,0,0,0,11,2026/09/22
東北楽天ゴールデンイーグルス,小郷 裕哉,外野手,北海道日本ハムファイターズ,0.267,48,45,12,10,2,0,0,2,12,3,0,0,0,14,2026/09/22
東北楽天ゴールデンイーグルス,吉野 創士,外野手,オリックス・バファローズ,0.000,3,3,0,0,0,0,0,0,2,0,0,0,0,2,2026/09/22
東北楽天ゴールデンイーグルス,吉野 創士,外野手,横浜DeNAベイスターズ,0.000,1,1,0,0,0,0,0,0,0,0,0,0,0,1,2026/09/22
東北楽天ゴールデンイーグルス,吉野 創士,外野手,広島東洋カープ,0.000,2,2,0,0,0,0,0,0,1,0,0,0,0,1,2026/09/22
東北楽天ゴールデンイーグルス,吉野 創士,外野手,阪神タイガース,0.000,1,1,0,0,0,0,0,0,1,0,0,0,0,1,2026/09/22
東北楽天ゴールデンイーグルス,吉野 創士,外野手,埼玉西武ライオンズ,0.000,4,4,0,0,0,0,0,0,4,0,0,0,0,2,2026/09/22
東北楽天ゴールデンイーグルス,吉野 創士,外野手,千葉ロッテマリーンズ,0.167,14,12,2,1,1,0,0,0,2,0,1,0,1,4,2026/09/22
東北楽天ゴールデンイーグルス,吉野 創士,外野手,中日ドラゴンズ,0.000,1,1,0,0,0,0,0,0,0,0,0,0,0,1,2026/09/22
東北楽天ゴールデンイーグルス,吉野 創士,外野手,東京ヤクルトスワローズ,1.000,1,1,1,1,0,0,0,0,0,0,0,0,0,2,2026/09/22
東北楽天ゴールデンイーグルス,吉野 創士,外野手,読売ジャイアンツ,0.000,1,1,0,0,0,0,0,0,1,0,0,0,0,1,2026/09/22
東北楽天ゴールデンイーグルス,吉野 創士,外野手,福岡ソフトバンクホークス,0.000,3,3,0,0,0,0,0,0,2,0,0,0,0,1,2026/09/22
東北楽天ゴールデンイーグルス,吉野 創士,外野手,北海道日本ハムファイターズ,,0,0,0,0,0,0,0,0,0,0,0,0,0,0,2026/09/22
千葉ロッテマリーンズ,カスティーヨ,投手,オリックス・バファローズ,,0,0,0,0,0,0,0,0,0,0,0,0,0,0,2026/09/22
千葉ロッテマリーンズ,カスティーヨ,投手,横浜DeNAベイスターズ,,0,0,0,0,0,0,0,0,0,0,0,0,0,0,2026/09/22
千葉ロッテマリーンズ,カスティーヨ,投手,広島東洋カープ,,0,0,0,0,0,0,0,0,0,0,0,0,0,0,2026/09/22
千葉ロッテマリーンズ,カスティーヨ,投手,阪神タイガース,,0,0,0,0,0,0,0,0,0,0,0,0,0,0,2026/09/22
千葉ロッテマリーンズ,カスティーヨ,投手,埼玉西武ライオンズ,,0,0,0,0,0,0,0,0,0,0,0,0,0,0,2026/09/22
千葉ロッテマリーンズ,カスティーヨ,投手,中日ドラゴンズ,,0,0,0,0,0,0,0,0,0,0,0,0,0,0,2026/09/22
千葉ロッテマリーンズ,カスティーヨ,投手,東京ヤクルトスワローズ,,0,0,0,0,0,0,0,0,0,0,0,0,0,0,2026/09/22
千葉ロッテマリーンズ,カスティーヨ,投手,東北楽天ゴールデンイーグルス,,0,0,0,0,0,0,0,0,0,0,0,0,0,0,2026/09/22
千葉ロッテマリーンズ,カスティーヨ,投手,読売ジャイアンツ,,0,0,0,0,0,0,0,0,0,0,0,0,0,0,2026/09/22
千葉ロッテマリーンズ,カスティーヨ,投手,福岡ソフトバンクホークス,,0,0,0,0,0,0,0,0,0,0,0,0,0,0,2026/09/22
千葉ロッテマリーンズ,カスティーヨ,投手,北海道日本ハムファイターズ,,0,0,0,0,0,0,0,0,0,0,0,0,0,0,2026/09/22
千葉ロッテマリーンズ,毛利 海大,投手,オリックス・バファローズ,,0,0,0,0,0,0,0,0,0,0,0,0,0,0,2026/09/22
千葉ロッテマリーンズ,毛利 海大,投手,横浜DeNAベイスターズ,,0,0,0,0,0,0,0,0,0,0,0,0,0,0,2026/09/22
千葉ロッテマリーンズ,毛利 海大,投手,広島東洋カープ,0.000,1,1,0,0,0,0,0,0,1,0,0,0,0,1,2026/09/22
千葉ロッテマリーンズ,毛利 海大,投手,阪神タイガース,,0,0,0,0,0,0,0,0,0,0,0,0,0,0,2026/09/22
千葉ロッテマリーンズ,毛利 海大,投手,埼玉西武ライオンズ,,0,0,0,0,0,0,0,0,0,0,0,0,0,0,2026/09/22
千葉ロッテマリーンズ,毛利 海大,投手,中日ドラゴンズ,,0,0,0,0,0,0,0,0,0,0,0,0,0,0,2026/09/22
千葉ロッテマリーンズ,毛利 海大,投手,東京ヤクルトスワローズ,0.000,1,1,0,0,0,0,0,0,0,0,0,0,0,1,2026/09/22
千葉ロッテマリーンズ,毛利 海大,投手,東北楽天ゴールデンイーグルス,,0,0,0,0,0,0,0,0,0,0,0,0,0,0,2026/09/22
千葉ロッテマリーンズ,毛利 海大,投手,読売ジャイアンツ,,0,0,0,0,0,0,0,0,0,0,0,0,0,0,2026/09/22
千葉ロッテマリーンズ,毛利 海大,投手,福岡ソフトバンクホークス,,0,0,0,0,0,0,0,0,0,0,0,0,0,0,2026/09/22
千葉ロッテマリーンズ,毛利 海大,投手,北海道日本ハムファイターズ,,0,0,0,0,0,0,0,0,0,0,0,0,0,0,2026/09/22
千葉ロッテマリーンズ,小島 和哉,投手,オリックス・バファローズ,,0,0,0,0,0,0,0,0,0,0,0,0,0,0,2026/09/22
千葉ロッテマリーンズ,小島 和哉,投手,横浜DeNAベイスターズ,,0,0,0,0,0,0,0,0,0,0,0,0,0,0,2026/09/22
千葉ロッテマリーンズ,小島 和哉,投手,広島東洋カープ,,0,0,0,0,0,0,0,0,0,0,0,0,0,0,2026/09/22
千葉ロッテマリーンズ,小島 和哉,投手,阪神タイガース,,0,0,0,0,0,0,0,0,0,0,0,0,0,0,2026/09/22
千葉ロッテマリーンズ,小島 和哉,投手,埼玉西武ライオンズ,,0,0,0,0,0,0,0,0,0,0,0,0,0,0,2026/09/22
千葉ロッテマリーンズ,小島 和哉,投手,中日ドラゴンズ,,0,0,0,0,0,0,0,0,0,0,0,0,0,0,2026/09/22
千葉ロッテマリーンズ,小島 和哉,投手,東京ヤクルトスワローズ,0.000,3,3,0,0,0,0,0,0,3,0,0,0,0,1,2026/09/22
千葉ロッテマリーンズ,小島 和哉,投手,東北楽天ゴールデンイーグルス,,0,0,0,0,0,0,0,0,0,0,0,0,0,0,2026/09/22
千葉ロッテマリーンズ,小島 和哉,投手,読売ジャイアンツ,,0,0,0,0,0,0,0,0,0,0,0,0,0,0,2026/09/22
千葉ロッテマリーンズ,小島 和哉,投手,福岡ソフトバンクホークス,,0,0,0,0,0,0,0,0,0,0,0,0,0,0,2026/09/22
千葉ロッテマリーンズ,小島 和哉,投手,北海道日本ハムファイターズ,,0,0,0,0,0,0,0,0,0,0,0,0,0,0,2026/09/22
千葉ロッテマリーンズ,横山 陸人,投手,オリックス・バファローズ,,0,0,0,0,0,0,0,0,0,0,0,0,0,0,2026/09/22
千葉ロッテマリーンズ,横山 陸人,投手,横浜DeNAベイスターズ,,0,0,0,0,0,0,0,0,0,0,0,0,0,0,2026/09/22
千葉ロッテマリーンズ,横山 陸人,投手,広島東洋カープ,,0,0,0,0,0,0,0,0,0,0,0,0,0,0,2026/09/22
千葉ロッテマリーンズ,横山 陸人,投手,阪神タイガース,,0,0,0,0,0,0,0,0,0,0,0,0,0,0,2026/09/22
千葉ロッテマリーンズ,横山 陸人,投手,埼玉西武ライオンズ,,0,0,0,0,0,0,0,0,0,0,0,0,0,0,2026/09/22
千葉ロッテマリーンズ,横山 陸人,投手,中日ドラゴンズ,,0,0,0,0,0,0,0,0,0,0,0,0,0,0,2026/09/22
千葉ロッテマリーンズ,横山 陸人,投手,東京ヤクルトスワローズ,,0,0,0,0,0,0,0,0,0,0,0,0,0,0,2026/09/22
千葉ロッテマリーンズ,横山 陸人,投手,東北楽天ゴールデンイーグルス,,0,0,0,0,0,0,0,0,0,0,0,0,0,0,2026/09/22
千葉ロッテマリーンズ,横山 陸人,投手,読売ジャイアンツ,,0,0,0,0,0,0,0,0,0,0,0,0,0,0,2026/09/22
千葉ロッテマリーンズ,横山 陸人,投手,福岡ソフトバンクホークス,,0,0,0,0,0,0,0,0,0,0,0,0,0,0,2026/09/22
千葉ロッテマリーンズ,横山 陸人,投手,北海道日本ハムファイターズ,,0,0,0,0,0,0,0,0,0,0,0,0,0,0,2026/09/22
千葉ロッテマリーンズ,種市 篤暉,投手,オリックス・バファローズ,,0,0,0,0,0,0,0,0,0,0,0,0,0,0,2026/09/22
千葉ロッテマリーンズ,種市 篤暉,投手,横浜DeNAベイスターズ,,0,0,0,0,0,0,0,0,0,0,0,0,0,0,2026/09/22
千葉ロッテマリーンズ,種市 篤暉,投手,広島東洋カープ,,0,0,0,0,0,0,0,0,0,0,0,0,0,0,2026/09/22
千葉ロッテマリーンズ,種市 篤暉,投手,阪神タイガース,,0,0,0,0,0,0,0,0,0,0,0,0,0,0,2026/09/22
千葉ロッテマリーンズ,種市 篤暉,投手,埼玉西武ライオンズ,,0,0,0,0,0,0,0,0,0,0,0,0,0,0,2026/09/22
千葉ロッテマリーンズ,種市 篤暉,投手,中日ドラゴンズ,,0,0,0,0,0,0,0,0,0,0,0,0,0,0,2026/09/22
千葉ロッテマリーンズ,種市 篤暉,投手,東京ヤクルトスワローズ,,0,0,0,0,0,0,0,0,0,0,0,0,0,0,2026/09/22
千葉ロッテマリーンズ,種市 篤暉,投手,東北楽天ゴールデンイーグルス,,0,0,0,0,0,0,0,0,0,0,0,0,0,0,2026/09/22
千葉ロッテマリーンズ,種市 篤暉,投手,読売ジャイアンツ,,0,0,0,0,0,0,0,0,0,0,0,0,0,0,2026/09/22
千葉ロッテマリーンズ,種市 篤暉,投手,福岡ソフトバンクホークス,,0,0,0,0,0,0,0,0,0,0,0,0,0,0,2026/09/22
千葉ロッテマリーンズ,種市 篤暉,投手,北海道日本ハムファイターズ,,0,0,0,0,0,0,0,0,0,0,0,0,0,0,2026/09/22
千葉ロッテマリーンズ,石垣 元気,投手,オリックス・バファローズ,,0,0,0,0,0,0,0,0,0,0,0,0,0,0,2026/09/22
千葉ロッテマリーンズ,石垣 元気,投手,横浜DeNAベイスターズ,,0,0,0,0,0,0,0,0,0,0,0,0,0,0,2026/09/22
千葉ロッテマリーンズ,石垣 元気,投手,広島東洋カープ,,0,0,0,0,0,0,0,0,0,0,0,0,0,0,2026/09/22
千葉ロッテマリーンズ,石垣 元気,投手,阪神タイガース,,0,0,0,0,0,0,0,0,0,0,0,0,0,0,2026/09/22
千葉ロッテマリーンズ,石垣 元気,投手,埼玉西武ライオンズ,,0,0,0,0,0,0,0,0,0,0,0,0,0,0,2026/09/22
千葉ロッテマリーンズ,石垣 元気,投手,中日ドラゴンズ,,0,0,0,0,0,0,0,0,0,0,0,0,0,0,2026/09/22
千葉ロッテマリーンズ,石垣 元気,投手,東京ヤクルトスワローズ,,0,0,0,0,0,0,0,0,0,0,0,0,0,0,2026/09/22
千葉ロッテマリーンズ,石垣 元気,投手,東北楽天ゴールデンイーグルス,,0,0,0,0,0,0,0,0,0,0,0,0,0,0,2026/09/22
千葉ロッテマリーンズ,石垣 元気,投手,読売ジャイアンツ,,0,0,0,0,0,0,0,0,0,0,0,0,0,0,2026/09/22
千葉ロッテマリーンズ,石垣 元気,投手,福岡ソフトバンクホークス,,0,0,0,0,0,0,0,0,0,0,0,0,0,0,2026/09/22
千葉ロッテマリーンズ,石垣 元気,投手,北海道日本ハムファイターズ,,0,0,0,0,0,0,0,0,0,0,0,0,0,0,2026/09/22
千葉ロッテマリーンズ,唐川 侑己,投手,オリックス・バファローズ,,0,0,0,0,0,0,0,0,0,0,0,0,0,0,2026/09/22
千葉ロッテマリーンズ,唐川 侑己,投手,横浜DeNAベイスターズ,,0,0,0,0,0,0,0,0,0,0,0,0,0,0,2026/09/22
千葉ロッテマリーンズ,唐川 侑己,投手,広島東洋カープ,,0,0,0,0,0,0,0,0,0,0,0,0,0,0,2026/09/22
千葉ロッテマリーンズ,唐川 侑己,投手,阪神タイガース,,0,0,0,0,0,0,0,0,0,0,0,0,0,0,2026/09/22
千葉ロッテマリーンズ,唐川 侑己,投手,埼玉西武ライオンズ,,0,0,0,0,0,0,0,0,0,0,0,0,0,0,2026/09/22
千葉ロッテマリーンズ,唐川 侑己,投手,中日ドラゴンズ,,0,0,0,0,0,0,0,0,0,0,0,0,0,0,2026/09/22
千葉ロッテマリーンズ,唐川 侑己,投手,東京ヤクルトスワローズ,,0,0,0,0,0,0,0,0,0,0,0,0,0,0,2026/09/22
千葉ロッテマリーンズ,唐川 侑己,投手,東北楽天ゴールデンイーグルス,,0,0,0,0,0,0,0,0,0,0,0,0,0,0,2026/09/22
千葉ロッテマリーンズ,唐川 侑己,投手,読売ジャイアンツ,,0,0,0,0,0,0,0,0,0,0,0,0,0,0,2026/09/22
千葉ロッテマリーンズ,唐川 侑己,投手,福岡ソフトバンクホークス,,0,0,0,0,0,0,0,0,0,0,0,0,0,0,2026/09/22
千葉ロッテマリーンズ,唐川 侑己,投手,北海道日本ハムファイターズ,,0,0,0,0,0,0,0,0,0,0,0,0,0,0,2026/09/22
千葉ロッテマリーンズ,石川 柊太,投手,オリックス・バファローズ,,0,0,0,0,0,0,0,0,0,0,0,0,0,0,2026/09/22
千葉ロッテマリーンズ,石川 柊太,投手,横浜DeNAベイスターズ,,0,0,0,0,0,0,0,0,0,0,0,0,0,0,2026/09/22
千葉ロッテマリーンズ,石川 柊太,投手,広島東洋カープ,,0,0,0,0,0,0,0,0,0,0,0,0,0,0,2026/09/22
千葉ロッテマリーンズ,石川 柊太,投手,阪神タイガース,,0,0,0,0,0,0,0,0,0,0,0,0,0,0,2026/09/22
千葉ロッテマリーンズ,石川 柊太,投手,埼玉西武ライオンズ,,0,0,0,0,0,0,0,0,0,0,0,0,0,0,2026/09/22
千葉ロッテマリーンズ,石川 柊太,投手,中日ドラゴンズ,,0,0,0,0,0,0,0,0,0,0,0,0,0,0,2026/09/22
千葉ロッテマリーンズ,石川 柊太,投手,東京ヤクルトスワローズ,,0,0,0,0,0,0,0,0,0,0,0,0,0,0,2026/09/22
千葉ロッテマリーンズ,石川 柊太,投手,東北楽天ゴールデンイーグルス,,0,0,0,0,0,0,0,0,0,0,0,0,0,0,2026/09/22
千葉ロッテマリーンズ,石川 柊太,投手,読売ジャイアンツ,,0,0,0,0,0,0,0,0,0,0,0,0,0,0,2026/09/22
千葉ロッテマリーンズ,石川 柊太,投手,福岡ソフトバンクホークス,,0,0,0,0,0,0,0,0,0,0,0,0,0,0,2026/09/22
千葉ロッテマリーンズ,石川 柊太,投手,北海道日本ハムファイターズ,,0,0,0,0,0,0,0,0,0,0,0,0,0,0,2026/09/22
千葉ロッテマリーンズ,東妻 勇輔,投手,オリックス・バファローズ,,0,0,0,0,0,0,0,0,0,0,0,0,0,0,2026/09/22
千葉ロッテマリーンズ,東妻 勇輔,投手,横浜DeNAベイスターズ,,0,0,0,0,0,0,0,0,0,0,0,0,0,0,2026/09/22
千葉ロッテマリーンズ,東妻 勇輔,投手,広島東洋カープ,,0,0,0,0,0,0,0,0,0,0,0,0,0,0,2026/09/22
千葉ロッテマリーンズ,東妻 勇輔,投手,阪神タイガース,,0,0,0,0,0,0,0,0,0,0,0,0,0,0,2026/09/22
千葉ロッテマリーンズ,東妻 勇輔,投手,埼玉西武ライオンズ,,0,0,0,0,0,0,0,0,0,0,0,0,0,0,2026/09/22
千葉ロッテマリーンズ,東妻 勇輔,投手,中日ドラゴンズ,,0,0,0,0,0,0,0,0,0,0,0,0,0,0,2026/09/22
千葉ロッテマリーンズ,東妻 勇輔,投手,東京ヤクルトスワローズ,,0,0,0,0,0,0,0,0,0,0,0,0,0,0,2026/09/22
千葉ロッテマリーンズ,東妻 勇輔,投手,東北楽天ゴールデンイーグルス,,0,0,0,0,0,0,0,0,0,0,0,0,0,0,2026/09/22
千葉ロッテマリーンズ,東妻 勇輔,投手,読売ジャイアンツ,,0,0,0,0,0,0,0,0,0,0,0,0,0,0,2026/09/22
千葉ロッテマリーンズ,東妻 勇輔,投手,福岡ソフトバンクホークス,,0,0,0,0,0,0,0,0,0,0,0,0,0,0,2026/09/22
千葉ロッテマリーンズ,東妻 勇輔,投手,北海道日本ハムファイターズ,,0,0,0,0,0,0,0,0,0,0,0,0,0,0,2026/09/22
千葉ロッテマリーンズ,菊地 吏玖,投手,オリックス・バファローズ,,0,0,0,0,0,0,0,0,0,0,0,0,0,0,2026/09/22
千葉ロッテマリーンズ,菊地 吏玖,投手,横浜DeNAベイスターズ,,0,0,0,0,0,0,0,0,0,0,0,0,0,0,2026/09/22
千葉ロッテマリーンズ,菊地 吏玖,投手,広島東洋カープ,,0,0,0,0,0,0,0,0,0,0,0,0,0,0,2026/09/22
千葉ロッテマリーンズ,菊地 吏玖,投手,阪神タイガース,,0,0,0,0,0,0,0,0,0,0,0,0,0,0,2026/09/22
千葉ロッテマリーンズ,菊地 吏玖,投手,埼玉西武ライオンズ,,0,0,0,0,0,0,0,0,0,0,0,0,0,0,2026/09/22
千葉ロッテマリーンズ,菊地 吏玖,投手,中日ドラゴンズ,,0,0,0,0,0,0,0,0,0,0,0,0,0,0,2026/09/22
千葉ロッテマリーンズ,菊地 吏玖,投手,東京ヤクルトスワローズ,,0,0,0,0,0,0,0,0,0,0,0,0,0,0,2026/09/22
千葉ロッテマリーンズ,菊地 吏玖,投手,東北楽天ゴールデンイーグルス,,0,0,0,0,0,0,0,0,0,0,0,0,0,0,2026/09/22
千葉ロッテマリーンズ,菊地 吏玖,投手,読売ジャイアンツ,,0,0,0,0,0,0,0,0,0,0,0,0,0,0,2026/09/22
千葉ロッテマリーンズ,菊地 吏玖,投手,福岡ソフトバンクホークス,,0,0,0,0,0,0,0,0,0,0,0,0,0,0,2026/09/22
千葉ロッテマリーンズ,菊地 吏玖,投手,北海道日本ハムファイターズ,,0,0,0,0,0,0,0,0,0,0,0,0,0,0,2026/09/22
千葉ロッテマリーンズ,西野 勇士,投手,オリックス・バファローズ,,0,0,0,0,0,0,0,0,0,0,0,0,0,0,2026/09/22
千葉ロッテマリーンズ,西野 勇士,投手,横浜DeNAベイスターズ,,0,0,0,0,0,0,0,0,0,0,0,0,0,0,2026/09/22
千葉ロッテマリーンズ,西野 勇士,投手,広島東洋カープ,,0,0,0,0,0,0,0,0,0,0,0,0,0,0,2026/09/22
千葉ロッテマリーンズ,西野 勇士,投手,阪神タイガース,,0,0,0,0,0,0,0,0,0,0,0,0,0,0,2026/09/22
千葉ロッテマリーンズ,西野 勇士,投手,埼玉西武ライオンズ,,0,0,0,0,0,0,0,0,0,0,0,0,0,0,2026/09/22
千葉ロッテマリーンズ,西野 勇士,投手,中日ドラゴンズ,,0,0,0,0,0,0,0,0,0,0,0,0,0,0,2026/09/22
千葉ロッテマリーンズ,西野 勇士,投手,東京ヤクルトスワローズ,,0,0,0,0,0,0,0,0,0,0,0,0,0,0,2026/09/22
千葉ロッテマリーンズ,西野 勇士,投手,東北楽天ゴールデンイーグルス,,0,0,0,0,0,0,0,0,0,0,0,0,0,0,2026/09/22
千葉ロッテマリーンズ,西野 勇士,投手,読売ジャイアンツ,,0,0,0,0,0,0,0,0,0,0,0,0,0,0,2026/09/22
千葉ロッテマリーンズ,西野 勇士,投手,福岡ソフトバンクホークス,,0,0,0,0,0,0,0,0,0,0,0,0,0,0,2026/09/22
千葉ロッテマリーンズ,西野 勇士,投手,北海道日本ハムファイターズ,,0,0,0,0,0,0,0,0,0,0,0,0,0,0,2026/09/22
千葉ロッテマリーンズ,廣畑 敦也,投手,オリックス・バファローズ,,0,0,0,0,0,0,0,0,0,0,0,0,0,0,2026/09/22
千葉ロッテマリーンズ,廣畑 敦也,投手,横浜DeNAベイスターズ,,0,0,0,0,0,0,0,0,0,0,0,0,0,0,2026/09/22
千葉ロッテマリーンズ,廣畑 敦也,投手,広島東洋カープ,,0,0,0,0,0,0,0,0,0,0,0,0,0,0,2026/09/22
千葉ロッテマリーンズ,廣畑 敦也,投手,阪神タイガース,,0,0,0,0,0,0,0,0,0,0,0,0,0,0,2026/09/22
千葉ロッテマリーンズ,廣畑 敦也,投手,埼玉西武ライオンズ,,0,0,0,0,0,0,0,0,0,0,0,0,0,0,2026/09/22
千葉ロッテマリーンズ,廣畑 敦也,投手,中日ドラゴンズ,,0,0,0,0,0,0,0,0,0,0,0,0,0,0,2026/09/22
千葉ロッテマリーンズ,廣畑 敦也,投手,東京ヤクルトスワローズ,,0,0,0,0,0,0,0,0,0,0,0,0,0,0,2026/09/22
千葉ロッテマリーンズ,廣畑 敦也,投手,東北楽天ゴールデンイーグルス,,0,0,0,0,0,0,0,0,0,0,0,0,0,0,2026/09/22
千葉ロッテマリーンズ,廣畑 敦也,投手,読売ジャイアンツ,,0,0,0,0,0,0,0,0,0,0,0,0,0,0,2026/09/22
千葉ロッテマリーンズ,廣畑 敦也,投手,福岡ソフトバンクホークス,,0,0,0,0,0,0,0,0,0,0,0,0,0,0,2026/09/22
千葉ロッテマリーンズ,廣畑 敦也,投手,北海道日本ハムファイターズ,,0,0,0,0,0,0,0,0,0,0,0,0,0,0,2026/09/22
千葉ロッテマリーンズ,大谷 輝龍,投手,オリックス・バファローズ,,0,0,0,0,0,0,0,0,0,0,0,0,0,0,2026/09/22
千葉ロッテマリーンズ,大谷 輝龍,投手,横浜DeNAベイスターズ,,0,0,0,0,0,0,0,0,0,0,0,0,0,0,2026/09/22
千葉ロッテマリーンズ,大谷 輝龍,投手,広島東洋カープ,,0,0,0,0,0,0,0,0,0,0,0,0,0,0,2026/09/22
千葉ロッテマリーンズ,大谷 輝龍,投手,阪神タイガース,,0,0,0,0,0,0,0,0,0,0,0,0,0,0,2026/09/22
千葉ロッテマリーンズ,大谷 輝龍,投手,埼玉西武ライオンズ,,0,0,0,0,0,0,0,0,0,0,0,0,0,0,2026/09/22
千葉ロッテマリーンズ,大谷 輝龍,投手,中日ドラゴンズ,,0,0,0,0,0,0,0,0,0,0,0,0,0,0,2026/09/22
千葉ロッテマリーンズ,大谷 輝龍,投手,東京ヤクルトスワローズ,,0,0,0,0,0,0,0,0,0,0,0,0,0,0,2026/09/22
千葉ロッテマリーンズ,大谷 輝龍,投手,東北楽天ゴールデンイーグルス,,0,0,0,0,0,0,0,0,0,0,0,0,0,0,2026/09/22
千葉ロッテマリーンズ,大谷 輝龍,投手,読売ジャイアンツ,,0,0,0,0,0,0,0,0,0,0,0,0,0,0,2026/09/22
千葉ロッテマリーンズ,大谷 輝龍,投手,福岡ソフトバンクホークス,,0,0,0,0,0,0,0,0,0,0,0,0,0,0,2026/09/22
千葉ロッテマリーンズ,大谷 輝龍,投手,北海道日本ハムファイターズ,,0,0,0,0,0,0,0,0,0,0,0,0,0,0,2026/09/22
千葉ロッテマリーンズ,八木 彬,投手,オリックス・バファローズ,,0,0,0,0,0,0,0,0,0,0,0,0,0,0,2026/09/22
千葉ロッテマリーンズ,八木 彬,投手,横浜DeNAベイスターズ,,0,0,0,0,0,0,0,0,0,0,0,0,0,0,2026/09/22
千葉ロッテマリーンズ,八木 彬,投手,広島東洋カープ,,0,0,0,0,0,0,0,0,0,0,0,0,0,0,2026/09/22
千葉ロッテマリーンズ,八木 彬,投手,阪神タイガース,,0,0,0,0,0,0,0,0,0,0,0,0,0,0,2026/09/22
千葉ロッテマリーンズ,八木 彬,投手,埼玉西武ライオンズ,,0,0,0,0,0,0,0,0,0,0,0,0,0,0,2026/09/22
千葉ロッテマリーンズ,八木 彬,投手,中日ドラゴンズ,,0,0,0,0,0,0,0,0,0,0,0,0,0,0,2026/09/22
千葉ロッテマリーンズ,八木 彬,投手,東京ヤクルトスワローズ,,0,0,0,0,0,0,0,0,0,0,0,0,0,0,2026/09/22
千葉ロッテマリーンズ,八木 彬,投手,東北楽天ゴールデンイーグルス,,0,0,0,0,0,0,0,0,0,0,0,0,0,0,2026/09/22
千葉ロッテマリーンズ,八木 彬,投手,読売ジャイアンツ,,0,0,0,0,0,0,0,0,0,0,0,0,0,0,2026/09/22
千葉ロッテマリーンズ,八木 彬,投手,福岡ソフトバンクホークス,,0,0,0,0,0,0,0,0,0,0,0,0,0,0,2026/09/22
千葉ロッテマリーンズ,八木 彬,投手,北海道日本ハムファイターズ,,0,0,0,0,0,0,0,0,0,0,0,0,0,0,2026/09/22
千葉ロッテマリーンズ,高野 脩汰,投手,オリックス・バファローズ,,0,0,0,0,0,0,0,0,0,0,0,0,0,0,2026/09/22
千葉ロッテマリーンズ,高野 脩汰,投手,横浜DeNAベイスターズ,,0,0,0,0,0,0,0,0,0,0,0,0,0,0,2026/09/22
千葉ロッテマリーンズ,高野 脩汰,投手,広島東洋カープ,,0,0,0,0,0,0,0,0,0,0,0,0,0,0,2026/09/22
千葉ロッテマリーンズ,高野 脩汰,投手,阪神タイガース,,0,0,0,0,0,0,0,0,0,0,0,0,0,0,2026/09/22
千葉ロッテマリーンズ,高野 脩汰,投手,埼玉西武ライオンズ,,0,0,0,0,0,0,0,0,0,0,0,0,0,0,2026/09/22
千葉ロッテマリーンズ,高野 脩汰,投手,中日ドラゴンズ,,0,0,0,0,0,0,0,0,0,0,0,0,0,0,2026/09/22
千葉ロッテマリーンズ,高野 脩汰,投手,東京ヤクルトスワローズ,,0,0,0,0,0,0,0,0,0,0,0,0,0,0,2026/09/22
千葉ロッテマリーンズ,高野 脩汰,投手,東北楽天ゴールデンイーグルス,,0,0,0,0,0,0,0,0,0,0,0,0,0,0,2026/09/22
千葉ロッテマリーンズ,高野 脩汰,投手,読売ジャイアンツ,,0,0,0,0,0,0,0,0,0,0,0,0,0,0,2026/09/22
千葉ロッテマリーンズ,高野 脩汰,投手,福岡ソフトバンクホークス,,0,0,0,0,0,0,0,0,0,0,0,0,0,0,2026/09/22
千葉ロッテマリーンズ,高野 脩汰,投手,北海道日本ハムファイターズ,,0,0,0,0,0,0,0,0,0,0,0,0,0,0,2026/09/22
千葉ロッテマリーンズ,田中 晴也,投手,オリックス・バファローズ,,0,0,0,0,0,0,0,0,0,0,0,0,0,0,2026/09/22
千葉ロッテマリーンズ,田中 晴也,投手,横浜DeNAベイスターズ,,0,0,0,0,0,0,0,0,0,0,0,0,0,0,2026/09/22
千葉ロッテマリーンズ,田中 晴也,投手,広島東洋カープ,,0,0,0,0,0,0,0,0,0,0,0,0,0,0,2026/09/22
千葉ロッテマリーンズ,田中 晴也,投手,阪神タイガース,,0,0,0,0,0,0,0,0,0,0,0,0,0,0,2026/09/22
千葉ロッテマリーンズ,田中 晴也,投手,埼玉西武ライオンズ,,0,0,0,0,0,0,0,0,0,0,0,0,0,0,2026/09/22
千葉ロッテマリーンズ,田中 晴也,投手,中日ドラゴンズ,,0,0,0,0,0,0,0,0,0,0,0,0,0,0,2026/09/22
千葉ロッテマリーンズ,田中 晴也,投手,東京ヤクルトスワローズ,,0,0,0,0,0,0,0,0,0,0,0,0,0,0,2026/09/22
千葉ロッテマリーンズ,田中 晴也,投手,東北楽天ゴールデンイーグルス,,0,0,0,0,0,0,0,0,0,0,0,0,0,0,2026/09/22
千葉ロッテマリーンズ,田中 晴也,投手,読売ジャイアンツ,0.000,2,2,0,0,0,0,0,0,2,0,0,0,0,1,2026/09/22
千葉ロッテマリーンズ,田中 晴也,投手,福岡ソフトバンクホークス,,0,0,0,0,0,0,0,0,0,0,0,0,0,0,2026/09/22
千葉ロッテマリーンズ,田中 晴也,投手,北海道日本ハムファイターズ,,0,0,0,0,0,0,0,0,0,0,0,0,0,0,2026/09/22
千葉ロッテマリーンズ,坂本 光士郎,投手,オリックス・バファローズ,,0,0,0,0,0,0,0,0,0,0,0,0,0,0,2026/09/22
千葉ロッテマリーンズ,坂本 光士郎,投手,横浜DeNAベイスターズ,,0,0,0,0,0,0,0,0,0,0,0,0,0,0,2026/09/22
千葉ロッテマリーンズ,坂本 光士郎,投手,広島東洋カープ,,0,0,0,0,0,0,0,0,0,0,0,0,0,0,2026/09/22
千葉ロッテマリーンズ,坂本 光士郎,投手,阪神タイガース,,0,0,0,0,0,0,0,0,0,0,0,0,0,0,2026/09/22
千葉ロッテマリーンズ,坂本 光士郎,投手,埼玉西武ライオンズ,,0,0,0,0,0,0,0,0,0,0,0,0,0,0,2026/09/22
千葉ロッテマリーンズ,坂本 光士郎,投手,中日ドラゴンズ,,0,0,0,0,0,0,0,0,0,0,0,0,0,0,2026/09/22
千葉ロッテマリーンズ,坂本 光士郎,投手,東京ヤクルトスワローズ,,0,0,0,0,0,0,0,0,0,0,0,0,0,0,2026/09/22
千葉ロッテマリーンズ,坂本 光士郎,投手,東北楽天ゴールデンイーグルス,,0,0,0,0,0,0,0,0,0,0,0,0,0,0,2026/09/22
千葉ロッテマリーンズ,坂本 光士郎,投手,読売ジャイアンツ,,0,0,0,0,0,0,0,0,0,0,0,0,0,0,2026/09/22
千葉ロッテマリーンズ,坂本 光士郎,投手,福岡ソフトバンクホークス,,0,0,0,0,0,0,0,0,0,0,0,0,0,0,2026/09/22
千葉ロッテマリーンズ,坂本 光士郎,投手,北海道日本ハムファイターズ,,0,0,0,0,0,0,0,0,0,0,0,0,0,0,2026/09/22
千葉ロッテマリーンズ,小野 郁,投手,オリックス・バファローズ,,0,0,0,0,0,0,0,0,0,0,0,0,0,0,2026/09/22
千葉ロッテマリーンズ,小野 郁,投手,横浜DeNAベイスターズ,,0,0,0,0,0,0,0,0,0,0,0,0,0,0,2026/09/22
千葉ロッテマリーンズ,小野 郁,投手,広島東洋カープ,,0,0,0,0,0,0,0,0,0,0,0,0,0,0,2026/09/22
千葉ロッテマリーンズ,小野 郁,投手,阪神タイガース,,0,0,0,0,0,0,0,0,0,0,0,0,0,0,2026/09/22
千葉ロッテマリーンズ,小野 郁,投手,埼玉西武ライオンズ,,0,0,0,0,0,0,0,0,0,0,0,0,0,0,2026/09/22
千葉ロッテマリーンズ,小野 郁,投手,中日ドラゴンズ,,0,0,0,0,0,0,0,0,0,0,0,0,0,0,2026/09/22
千葉ロッテマリーンズ,小野 郁,投手,東京ヤクルトスワローズ,,0,0,0,0,0,0,0,0,0,0,0,0,0,0,2026/09/22
千葉ロッテマリーンズ,小野 郁,投手,東北楽天ゴールデンイーグルス,,0,0,0,0,0,0,0,0,0,0,0,0,0,0,2026/09/22
千葉ロッテマリーンズ,小野 郁,投手,読売ジャイアンツ,,0,0,0,0,0,0,0,0,0,0,0,0,0,0,2026/09/22
千葉ロッテマリーンズ,小野 郁,投手,福岡ソフトバンクホークス,,0,0,0,0,0,0,0,0,0,0,0,0,0,0,2026/09/22
千葉ロッテマリーンズ,小野 郁,投手,北海道日本ハムファイターズ,,0,0,0,0,0,0,0,0,0,0,0,0,0,0,2026/09/22
千葉ロッテマリーンズ,奥村 頼人,投手,オリックス・バファローズ,,0,0,0,0,0,0,0,0,0,0,0,0,0,0,2026/09/22
千葉ロッテマリーンズ,奥村 頼人,投手,横浜DeNAベイスターズ,,0,0,0,0,0,0,0,0,0,0,0,0,0,0,2026/09/22
千葉ロッテマリーンズ,奥村 頼人,投手,広島東洋カープ,,0,0,0,0,0,0,0,0,0,0,0,0,0,0,2026/09/22
千葉ロッテマリーンズ,奥村 頼人,投手,阪神タイガース,,0,0,0,0,0,0,0,0,0,0,0,0,0,0,2026/09/22
千葉ロッテマリーンズ,奥村 頼人,投手,埼玉西武ライオンズ,,0,0,0,0,0,0,0,0,0,0,0,0,0,0,2026/09/22
千葉ロッテマリーンズ,奥村 頼人,投手,中日ドラゴンズ,,0,0,0,0,0,0,0,0,0,0,0,0,0,0,2026/09/22
千葉ロッテマリーンズ,奥村 頼人,投手,東京ヤクルトスワローズ,,0,0,0,0,0,0,0,0,0,0,0,0,0,0,2026/09/22
千葉ロッテマリーンズ,奥村 頼人,投手,東北楽天ゴールデンイーグルス,,0,0,0,0,0,0,0,0,0,0,0,0,0,0,2026/09/22
千葉ロッテマリーンズ,奥村 頼人,投手,読売ジャイアンツ,,0,0,0,0,0,0,0,0,0,0,0,0,0,0,2026/09/22
千葉ロッテマリーンズ,奥村 頼人,投手,福岡ソフトバンクホークス,,0,0,0,0,0,0,0,0,0,0,0,0,0,0,2026/09/22
千葉ロッテマリーンズ,奥村 頼人,投手,北海道日本ハムファイターズ,,0,0,0,0,0,0,0,0,0,0,0,0,0,0,2026/09/22
千葉ロッテマリーンズ,一條 力真,投手,オリックス・バファローズ,,0,0,0,0,0,0,0,0,0,0,0,0,0,0,2026/09/22
千葉ロッテマリーンズ,一條 力真,投手,横浜DeNAベイスターズ,,0,0,0,0,0,0,0,0,0,0,0,0,0,0,2026/09/22
千葉ロッテマリーンズ,一條 力真,投手,広島東洋カープ,,0,0,0,0,0,0,0,0,0,0,0,0,0,0,2026/09/22
千葉ロッテマリーンズ,一條 力真,投手,阪神タイガース,,0,0,0,0,0,0,0,0,0,0,0,0,0,0,2026/09/22
千葉ロッテマリーンズ,一條 力真,投手,埼玉西武ライオンズ,,0,0,0,0,0,0,0,0,0,0,0,0,0,0,2026/09/22
千葉ロッテマリーンズ,一條 力真,投手,中日ドラゴンズ,,0,0,0,0,0,0,0,0,0,0,0,0,0,0,2026/09/22
千葉ロッテマリーンズ,一條 力真,投手,東京ヤクルトスワローズ,,0,0,0,0,0,0,0,0,0,0,0,0,0,0,2026/09/22
千葉ロッテマリーンズ,一條 力真,投手,東北楽天ゴールデンイーグルス,,0,0,0,0,0,0,0,0,0,0,0,0,0,0,2026/09/22
千葉ロッテマリーンズ,一條 力真,投手,読売ジャイアンツ,,0,0,0,0,0,0,0,0,0,0,0,0,0,0,2026/09/22
千葉ロッテマリーンズ,一條 力真,投手,福岡ソフトバンクホークス,,0,0,0,0,0,0,0,0,0,0,0,0,0,0,2026/09/22
千葉ロッテマリーンズ,一條 力真,投手,北海道日本ハムファイターズ,,0,0,0,0,0,0,0,0,0,0,0,0,0,0,2026/09/22
千葉ロッテマリーンズ,ジャクソン,投手,オリックス・バファローズ,,0,0,0,0,0,0,0,0,0,0,0,0,0,0,2026/09/22
千葉ロッテマリーンズ,ジャクソン,投手,横浜DeNAベイスターズ,,0,0,0,0,0,0,0,0,0,0,0,0,0,0,2026/09/22
千葉ロッテマリーンズ,ジャクソン,投手,広島東洋カープ,0.500,2,2,1,1,0,0,0,0,1,0,0,0,0,1,2026/09/22
千葉ロッテマリーンズ,ジャクソン,投手,阪神タイガース,,0,0,0,0,0,0,0,0,0,0,0,0,0,0,2026/09/22
千葉ロッテマリーンズ,ジャクソン,投手,埼玉西武ライオンズ,,0,0,0,0,0,0,0,0,0,0,0,0,0,0,2026/09/22
千葉ロッテマリーンズ,ジャクソン,投手,中日ドラゴンズ,,0,0,0,0,0,0,0,0,0,0,0,0,0,0,2026/09/22
千葉ロッテマリーンズ,ジャクソン,投手,東京ヤクルトスワローズ,0.000,3,3,0,0,0,0,0,0,1,0,0,0,0,1,2026/09/22
千葉ロッテマリーンズ,ジャクソン,投手,東北楽天ゴールデンイーグルス,,0,0,0,0,0,0,0,0,0,0,0,0,0,0,2026/09/22
千葉ロッテマリーンズ,ジャクソン,投手,読売ジャイアンツ,,0,0,0,0,0,0,0,0,0,0,0,0,0,0,2026/09/22
千葉ロッテマリーンズ,ジャクソン,投手,福岡ソフトバンクホークス,,0,0,0,0,0,0,0,0,0,0,0,0,0,0,2026/09/22
千葉ロッテマリーンズ,ジャクソン,投手,北海道日本ハムファイターズ,,0,0,0,0,0,0,0,0,0,0,0,0,0,0,2026/09/22
千葉ロッテマリーンズ,冨士 隼斗,投手,オリックス・バファローズ,,0,0,0,0,0,0,0,0,0,0,0,0,0,0,2026/09/22
千葉ロッテマリーンズ,冨士 隼斗,投手,横浜DeNAベイスターズ,,0,0,0,0,0,0,0,0,0,0,0,0,0,0,2026/09/22
千葉ロッテマリーンズ,冨士 隼斗,投手,広島東洋カープ,,0,0,0,0,0,0,0,0,0,0,0,0,0,0,2026/09/22
千葉ロッテマリーンズ,冨士 隼斗,投手,阪神タイガース,,0,0,0,0,0,0,0,0,0,0,0,0,0,0,2026/09/22
千葉ロッテマリーンズ,冨士 隼斗,投手,埼玉西武ライオンズ,,0,0,0,0,0,0,0,0,0,0,0,0,0,0,2026/09/22
千葉ロッテマリーンズ,冨士 隼斗,投手,中日ドラゴンズ,,0,0,0,0,0,0,0,0,0,0,0,0,0,0,2026/09/22
千葉ロッテマリーンズ,冨士 隼斗,投手,東京ヤクルトスワローズ,,0,0,0,0,0,0,0,0,0,0,0,0,0,0,2026/09/22
千葉ロッテマリーンズ,冨士 隼斗,投手,東北楽天ゴールデンイーグルス,,0,0,0,0,0,0,0,0,0,0,0,0,0,0,2026/09/22
千葉ロッテマリーンズ,冨士 隼斗,投手,読売ジャイアンツ,,0,0,0,0,0,0,0,0,0,0,0,0,0,0,2026/09/22
千葉ロッテマリーンズ,冨士 隼斗,投手,福岡ソフトバンクホークス,,0,0,0,0,0,0,0,0,0,0,0,0,0,0,2026/09/22
千葉ロッテマリーンズ,冨士 隼斗,投手,北海道日本ハムファイターズ,,0,0,0,0,0,0,0,0,0,0,0,0,0,0,2026/09/22
千葉ロッテマリーンズ,鈴木 昭汰,投手,オリックス・バファローズ,,0,0,0,0,0,0,0,0,0,0,0,0,0,0,2026/09/22
千葉ロッテマリーンズ,鈴木 昭汰,投手,横浜DeNAベイスターズ,,0,0,0,0,0,0,0,0,0,0,0,0,0,0,2026/09/22
千葉ロッテマリーンズ,鈴木 昭汰,投手,広島東洋カープ,,0,0,0,0,0,0,0,0,0,0,0,0,0,0,2026/09/22
千葉ロッテマリーンズ,鈴木 昭汰,投手,阪神タイガース,,0,0,0,0,0,0,0,0,0,0,0,0,0,0,2026/09/22
千葉ロッテマリーンズ,鈴木 昭汰,投手,埼玉西武ライオンズ,,0,0,0,0,0,0,0,0,0,0,0,0,0,0,2026/09/22
千葉ロッテマリーンズ,鈴木 昭汰,投手,中日ドラゴンズ,,0,0,0,0,0,0,0,0,0,0,0,0,0,0,2026/09/22
千葉ロッテマリーンズ,鈴木 昭汰,投手,東京ヤクルトスワローズ,,0,0,0,0,0,0,0,0,0,0,0,0,0,0,2026/09/22
千葉ロッテマリーンズ,鈴木 昭汰,投手,東北楽天ゴールデンイーグルス,,0,0,0,0,0,0,0,0,0,0,0,0,0,0,2026/09/22
千葉ロッテマリーンズ,鈴木 昭汰,投手,読売ジャイアンツ,,0,0,0,0,0,0,0,0,0,0,0,0,0,0,2026/09/22
千葉ロッテマリーンズ,鈴木 昭汰,投手,福岡ソフトバンクホークス,,0,0,0,0,0,0,0,0,0,0,0,0,0,0,2026/09/22
千葉ロッテマリーンズ,鈴木 昭汰,投手,北海道日本ハムファイターズ,,0,0,0,0,0,0,0,0,0,0,0,0,0,0,2026/09/22
千葉ロッテマリーンズ,ルケーシー,投手,オリックス・バファローズ,,0,0,0,0,0,0,0,0,0,0,0,0,0,0,2026/09/22
千葉ロッテマリーンズ,ルケーシー,投手,横浜DeNAベイスターズ,,0,0,0,0,0,0,0,0,0,0,0,0,0,0,2026/09/22
千葉ロッテマリーンズ,ルケーシー,投手,広島東洋カープ,,0,0,0,0,0,0,0,0,0,0,0,0,0,0,2026/09/22
千葉ロッテマリーンズ,ルケーシー,投手,阪神タイガース,,0,0,0,0,0,0,0,0,0,0,0,0,0,0,2026/09/22
千葉ロッテマリーンズ,ルケーシー,投手,埼玉西武ライオンズ,,0,0,0,0,0,0,0,0,0,0,0,0,0,0,2026/09/22
千葉ロッテマリーンズ,ルケーシー,投手,中日ドラゴンズ,,0,0,0,0,0,0,0,0,0,0,0,0,0,0,2026/09/22
千葉ロッテマリーンズ,ルケーシー,投手,東京ヤクルトスワローズ,,0,0,0,0,0,0,0,0,0,0,0,0,0,0,2026/09/22
千葉ロッテマリーンズ,ルケーシー,投手,東北楽天ゴールデンイーグルス,,0,0,0,0,0,0,0,0,0,0,0,0,0,0,2026/09/22
千葉ロッテマリーンズ,ルケーシー,投手,読売ジャイアンツ,,0,0,0,0,0,0,0,0,0,0,0,0,0,0,2026/09/22
千葉ロッテマリーンズ,ルケーシー,投手,福岡ソフトバンクホークス,,0,0,0,0,0,0,0,0,0,0,0,0,0,0,2026/09/22
千葉ロッテマリーンズ,ルケーシー,投手,北海道日本ハムファイターズ,,0,0,0,0,0,0,0,0,0,0,0,0,0,0,2026/09/22
千葉ロッテマリーンズ,益田 直也,投手,オリックス・バファローズ,,0,0,0,0,0,0,0,0,0,0,0,0,0,0,2026/09/22
千葉ロッテマリーンズ,益田 直也,投手,横浜DeNAベイスターズ,,0,0,0,0,0,0,0,0,0,0,0,0,0,0,2026/09/22
千葉ロッテマリーンズ,益田 直也,投手,広島東洋カープ,,0,0,0,0,0,0,0,0,0,0,0,0,0,0,2026/09/22
千葉ロッテマリーンズ,益田 直也,投手,阪神タイガース,,0,0,0,0,0,0,0,0,0,0,0,0,0,0,2026/09/22
千葉ロッテマリーンズ,益田 直也,投手,埼玉西武ライオンズ,,0,0,0,0,0,0,0,0,0,0,0,0,0,0,2026/09/22
千葉ロッテマリーンズ,益田 直也,投手,中日ドラゴンズ,,0,0,0,0,0,0,0,0,0,0,0,0,0,0,2026/09/22
千葉ロッテマリーンズ,益田 直也,投手,東京ヤクルトスワローズ,,0,0,0,0,0,0,0,0,0,0,0,0,0,0,2026/09/22
千葉ロッテマリーンズ,益田 直也,投手,東北楽天ゴールデンイーグルス,,0,0,0,0,0,0,0,0,0,0,0,0,0,0,2026/09/22
千葉ロッテマリーンズ,益田 直也,投手,読売ジャイアンツ,,0,0,0,0,0,0,0,0,0,0,0,0,0,0,2026/09/22
千葉ロッテマリーンズ,益田 直也,投手,福岡ソフトバンクホークス,,0,0,0,0,0,0,0,0,0,0,0,0,0,0,2026/09/22
千葉ロッテマリーンズ,益田 直也,投手,北海道日本ハムファイターズ,,0,0,0,0,0,0,0,0,0,0,0,0,0,0,2026/09/22
千葉ロッテマリーンズ,木村 優人,投手,オリックス・バファローズ,,0,0,0,0,0,0,0,0,0,0,0,0,0,0,2026/09/22
千葉ロッテマリーンズ,木村 優人,投手,横浜DeNAベイスターズ,,0,0,0,0,0,0,0,0,0,0,0,0,0,0,2026/09/22
千葉ロッテマリーンズ,木村 優人,投手,広島東洋カープ,,0,0,0,0,0,0,0,0,0,0,0,0,0,0,2026/09/22
千葉ロッテマリーンズ,木村 優人,投手,阪神タイガース,,0,0,0,0,0,0,0,0,0,0,0,0,0,0,2026/09/22
千葉ロッテマリーンズ,木村 優人,投手,埼玉西武ライオンズ,,0,0,0,0,0,0,0,0,0,0,0,0,0,0,2026/09/22
千葉ロッテマリーンズ,木村 優人,投手,中日ドラゴンズ,,0,0,0,0,0,0,0,0,0,0,0,0,0,0,2026/09/22
千葉ロッテマリーンズ,木村 優人,投手,東京ヤクルトスワローズ,,0,0,0,0,0,0,0,0,0,0,0,0,0,0,2026/09/22
千葉ロッテマリーンズ,木村 優人,投手,東北楽天ゴールデンイーグルス,,0,0,0,0,0,0,0,0,0,0,0,0,0,0,2026/09/22
千葉ロッテマリーンズ,木村 優人,投手,読売ジャイアンツ,,0,0,0,0,0,0,0,0,0,0,0,0,0,0,2026/09/22
千葉ロッテマリーンズ,木村 優人,投手,福岡ソフトバンクホークス,,0,0,0,0,0,0,0,0,0,0,0,0,0,0,2026/09/22
千葉ロッテマリーンズ,木村 優人,投手,北海道日本ハムファイターズ,,0,0,0,0,0,0,0,0,0,0,0,0,0,0,2026/09/22
千葉ロッテマリーンズ,澤田 圭佑,投手,オリックス・バファローズ,,0,0,0,0,0,0,0,0,0,0,0,0,0,0,2026/09/22
千葉ロッテマリーンズ,澤田 圭佑,投手,横浜DeNAベイスターズ,,0,0,0,0,0,0,0,0,0,0,0,0,0,0,2026/09/22
千葉ロッテマリーンズ,澤田 圭佑,投手,広島東洋カープ,,0,0,0,0,0,0,0,0,0,0,0,0,0,0,2026/09/22
千葉ロッテマリーンズ,澤田 圭佑,投手,阪神タイガース,,0,0,0,0,0,0,0,0,0,0,0,0,0,0,2026/09/22
千葉ロッテマリーンズ,澤田 圭佑,投手,埼玉西武ライオンズ,,0,0,0,0,0,0,0,0,0,0,0,0,0,0,2026/09/22
千葉ロッテマリーンズ,澤田 圭佑,投手,中日ドラゴンズ,,0,0,0,0,0,0,0,0,0,0,0,0,0,0,2026/09/22
千葉ロッテマリーンズ,澤田 圭佑,投手,東京ヤクルトスワローズ,,0,0,0,0,0,0,0,0,0,0,0,0,0,0,2026/09/22
千葉ロッテマリーンズ,澤田 圭佑,投手,東北楽天ゴールデンイーグルス,,0,0,0,0,0,0,0,0,0,0,0,0,0,0,2026/09/22
千葉ロッテマリーンズ,澤田 圭佑,投手,読売ジャイアンツ,,0,0,0,0,0,0,0,0,0,0,0,0,0,0,2026/09/22
千葉ロッテマリーンズ,澤田 圭佑,投手,福岡ソフトバンクホークス,,0,0,0,0,0,0,0,0,0,0,0,0,0,0,2026/09/22
千葉ロッテマリーンズ,澤田 圭佑,投手,北海道日本ハムファイターズ,,0,0,0,0,0,0,0,0,0,0,0,0,0,0,2026/09/22
千葉ロッテマリーンズ,中森 俊介,投手,オリックス・バファローズ,,0,0,0,0,0,0,0,0,0,0,0,0,0,0,2026/09/22
千葉ロッテマリーンズ,中森 俊介,投手,横浜DeNAベイスターズ,,0,0,0,0,0,0,0,0,0,0,0,0,0,0,2026/09/22
千葉ロッテマリーンズ,中森 俊介,投手,広島東洋カープ,,0,0,0,0,0,0,0,0,0,0,0,0,0,0,2026/09/22
千葉ロッテマリーンズ,中森 俊介,投手,阪神タイガース,,0,0,0,0,0,0,0,0,0,0,0,0,0,0,2026/09/22
千葉ロッテマリーンズ,中森 俊介,投手,埼玉西武ライオンズ,,0,0,0,0,0,0,0,0,0,0,0,0,0,0,2026/09/22
千葉ロッテマリーンズ,中森 俊介,投手,中日ドラゴンズ,,0,0,0,0,0,0,0,0,0,0,0,0,0,0,2026/09/22
千葉ロッテマリーンズ,中森 俊介,投手,東京ヤクルトスワローズ,,0,0,0,0,0,0,0,0,0,0,0,0,0,0,2026/09/22
千葉ロッテマリーンズ,中森 俊介,投手,東北楽天ゴールデンイーグルス,,0,0,0,0,0,0,0,0,0,0,0,0,0,0,2026/09/22
千葉ロッテマリーンズ,中森 俊介,投手,読売ジャイアンツ,,0,0,0,0,0,0,0,0,0,0,0,0,0,0,2026/09/22
千葉ロッテマリーンズ,中森 俊介,投手,福岡ソフトバンクホークス,,0,0,0,0,0,0,0,0,0,0,0,0,0,0,2026/09/22
千葉ロッテマリーンズ,中森 俊介,投手,北海道日本ハムファイターズ,,0,0,0,0,0,0,0,0,0,0,0,0,0,0,2026/09/22
千葉ロッテマリーンズ,河村 説人,投手,オリックス・バファローズ,,0,0,0,0,0,0,0,0,0,0,0,0,0,0,2026/09/22
千葉ロッテマリーンズ,河村 説人,投手,横浜DeNAベイスターズ,,0,0,0,0,0,0,0,0,0,0,0,0,0,0,2026/09/22
千葉ロッテマリーンズ,河村 説人,投手,広島東洋カープ,,0,0,0,0,0,0,0,0,0,0,0,0,0,0,2026/09/22
千葉ロッテマリーンズ,河村 説人,投手,阪神タイガース,,0,0,0,0,0,0,0,0,0,0,0,0,0,0,2026/09/22
千葉ロッテマリーンズ,河村 説人,投手,埼玉西武ライオンズ,,0,0,0,0,0,0,0,0,0,0,0,0,0,0,2026/09/22
千葉ロッテマリーンズ,河村 説人,投手,中日ドラゴンズ,,0,0,0,0,0,0,0,0,0,0,0,0,0,0,2026/09/22
千葉ロッテマリーンズ,河村 説人,投手,東京ヤクルトスワローズ,,0,0,0,0,0,0,0,0,0,0,0,0,0,0,2026/09/22
千葉ロッテマリーンズ,河村 説人,投手,東北楽天ゴールデンイーグルス,,0,0,0,0,0,0,0,0,0,0,0,0,0,0,2026/09/22
千葉ロッテマリーンズ,河村 説人,投手,読売ジャイアンツ,,0,0,0,0,0,0,0,0,0,0,0,0,0,0,2026/09/22
千葉ロッテマリーンズ,河村 説人,投手,福岡ソフトバンクホークス,,0,0,0,0,0,0,0,0,0,0,0,0,0,0,2026/09/22
千葉ロッテマリーンズ,河村 説人,投手,北海道日本ハムファイターズ,,0,0,0,0,0,0,0,0,0,0,0,0,0,0,2026/09/22
千葉ロッテマリーンズ,早坂 響,投手,オリックス・バファローズ,,0,0,0,0,0,0,0,0,0,0,0,0,0,0,2026/09/22
千葉ロッテマリーンズ,早坂 響,投手,横浜DeNAベイスターズ,,0,0,0,0,0,0,0,0,0,0,0,0,0,0,2026/09/22
千葉ロッテマリーンズ,早坂 響,投手,広島東洋カープ,,0,0,0,0,0,0,0,0,0,0,0,0,0,0,2026/09/22
千葉ロッテマリーンズ,早坂 響,投手,阪神タイガース,,0,0,0,0,0,0,0,0,0,0,0,0,0,0,2026/09/22
千葉ロッテマリーンズ,早坂 響,投手,埼玉西武ライオンズ,,0,0,0,0,0,0,0,0,0,0,0,0,0,0,2026/09/22
千葉ロッテマリーンズ,早坂 響,投手,中日ドラゴンズ,,0,0,0,0,0,0,0,0,0,0,0,0,0,0,2026/09/22
千葉ロッテマリーンズ,早坂 響,投手,東京ヤクルトスワローズ,,0,0,0,0,0,0,0,0,0,0,0,0,0,0,2026/09/22
千葉ロッテマリーンズ,早坂 響,投手,東北楽天ゴールデンイーグルス,,0,0,0,0,0,0,0,0,0,0,0,0,0,0,2026/09/22
千葉ロッテマリーンズ,早坂 響,投手,読売ジャイアンツ,,0,0,0,0,0,0,0,0,0,0,0,0,0,0,2026/09/22
千葉ロッテマリーンズ,早坂 響,投手,福岡ソフトバンクホークス,,0,0,0,0,0,0,0,0,0,0,0,0,0,0,2026/09/22
千葉ロッテマリーンズ,早坂 響,投手,北海道日本ハムファイターズ,,0,0,0,0,0,0,0,0,0,0,0,0,0,0,2026/09/22
千葉ロッテマリーンズ,大聖,投手,オリックス・バファローズ,,0,0,0,0,0,0,0,0,0,0,0,0,0,0,2026/09/22
千葉ロッテマリーンズ,大聖,投手,横浜DeNAベイスターズ,,0,0,0,0,0,0,0,0,0,0,0,0,0,0,2026/09/22
千葉ロッテマリーンズ,大聖,投手,広島東洋カープ,,0,0,0,0,0,0,0,0,0,0,0,0,0,0,2026/09/22
千葉ロッテマリーンズ,大聖,投手,阪神タイガース,,0,0,0,0,0,0,0,0,0,0,0,0,0,0,2026/09/22
千葉ロッテマリーンズ,大聖,投手,埼玉西武ライオンズ,,0,0,0,0,0,0,0,0,0,0,0,0,0,0,2026/09/22
千葉ロッテマリーンズ,大聖,投手,中日ドラゴンズ,,0,0,0,0,0,0,0,0,0,0,0,0,0,0,2026/09/22
千葉ロッテマリーンズ,大聖,投手,東京ヤクルトスワローズ,,0,0,0,0,0,0,0,0,0,0,0,0,0,0,2026/09/22
千葉ロッテマリーンズ,大聖,投手,東北楽天ゴールデンイーグルス,,0,0,0,0,0,0,0,0,0,0,0,0,0,0,2026/09/22
千葉ロッテマリーンズ,大聖,投手,読売ジャイアンツ,,0,0,0,0,0,0,0,0,0,0,0,0,0,0,2026/09/22
千葉ロッテマリーンズ,大聖,投手,福岡ソフトバンクホークス,,0,0,0,0,0,0,0,0,0,0,0,0,0,0,2026/09/22
千葉ロッテマリーンズ,大聖,投手,北海道日本ハムファイターズ,,0,0,0,0,0,0,0,0,0,0,0,0,0,0,2026/09/22
千葉ロッテマリーンズ,坂井 遼,投手,オリックス・バファローズ,,0,0,0,0,0,0,0,0,0,0,0,0,0,0,2026/09/22
千葉ロッテマリーンズ,坂井 遼,投手,横浜DeNAベイスターズ,,0,0,0,0,0,0,0,0,0,0,0,0,0,0,2026/09/22
千葉ロッテマリーンズ,坂井 遼,投手,広島東洋カープ,,0,0,0,0,0,0,0,0,0,0,0,0,0,0,2026/09/22
千葉ロッテマリーンズ,坂井 遼,投手,阪神タイガース,,0,0,0,0,0,0,0,0,0,0,0,0,0,0,2026/09/22
千葉ロッテマリーンズ,坂井 遼,投手,埼玉西武ライオンズ,,0,0,0,0,0,0,0,0,0,0,0,0,0,0,2026/09/22
千葉ロッテマリーンズ,坂井 遼,投手,中日ドラゴンズ,,0,0,0,0,0,0,0,0,0,0,0,0,0,0,2026/09/22
千葉ロッテマリーンズ,坂井 遼,投手,東京ヤクルトスワローズ,,0,0,0,0,0,0,0,0,0,0,0,0,0,0,2026/09/22
千葉ロッテマリーンズ,坂井 遼,投手,東北楽天ゴールデンイーグルス,,0,0,0,0,0,0,0,0,0,0,0,0,0,0,2026/09/22
千葉ロッテマリーンズ,坂井 遼,投手,読売ジャイアンツ,,0,0,0,0,0,0,0,0,0,0,0,0,0,0,2026/09/22
千葉ロッテマリーンズ,坂井 遼,投手,福岡ソフトバンクホークス,,0,0,0,0,0,0,0,0,0,0,0,0,0,0,2026/09/22
千葉ロッテマリーンズ,坂井 遼,投手,北海道日本ハムファイターズ,,0,0,0,0,0,0,0,0,0,0,0,0,0,0,2026/09/22
千葉ロッテマリーンズ,廣池 康志郎,投手,オリックス・バファローズ,,0,0,0,0,0,0,0,0,0,0,0,0,0,0,2026/09/22
千葉ロッテマリーンズ,廣池 康志郎,投手,横浜DeNAベイスターズ,,0,0,0,0,0,0,0,0,0,0,0,0,0,0,2026/09/22
千葉ロッテマリーンズ,廣池 康志郎,投手,広島東洋カープ,0.000,3,2,0,0,0,0,0,0,0,0,1,0,0,1,2026/09/22
千葉ロッテマリーンズ,廣池 康志郎,投手,阪神タイガース,,0,0,0,0,0,0,0,0,0,0,0,0,0,0,2026/09/22
千葉ロッテマリーンズ,廣池 康志郎,投手,埼玉西武ライオンズ,,0,0,0,0,0,0,0,0,0,0,0,0,0,0,2026/09/22
千葉ロッテマリーンズ,廣池 康志郎,投手,中日ドラゴンズ,,0,0,0,0,0,0,0,0,0,0,0,0,0,0,2026/09/22
千葉ロッテマリーンズ,廣池 康志郎,投手,東京ヤクルトスワローズ,,0,0,0,0,0,0,0,0,0,0,0,0,0,0,2026/09/22
千葉ロッテマリーンズ,廣池 康志郎,投手,東北楽天ゴールデンイーグルス,,0,0,0,0,0,0,0,0,0,0,0,0,0,0,2026/09/22
千葉ロッテマリーンズ,廣池 康志郎,投手,読売ジャイアンツ,0.000,3,2,0,0,0,0,0,0,1,0,1,0,0,1,2026/09/22
千葉ロッテマリーンズ,廣池 康志郎,投手,福岡ソフトバンクホークス,,0,0,0,0,0,0,0,0,0,0,0,0,0,0,2026/09/22
千葉ロッテマリーンズ,廣池 康志郎,投手,北海道日本ハムファイターズ,,0,0,0,0,0,0,0,0,0,0,0,0,0,0,2026/09/22
千葉ロッテマリーンズ,宮﨑 颯,投手,オリックス・バファローズ,,0,0,0,0,0,0,0,0,0,0,0,0,0,0,2026/09/22
千葉ロッテマリーンズ,宮﨑 颯,投手,横浜DeNAベイスターズ,,0,0,0,0,0,0,0,0,0,0,0,0,0,0,2026/09/22
千葉ロッテマリーンズ,宮﨑 颯,投手,広島東洋カープ,,0,0,0,0,0,0,0,0,0,0,0,0,0,0,2026/09/22
千葉ロッテマリーンズ,宮﨑 颯,投手,阪神タイガース,,0,0,0,0,0,0,0,0,0,0,0,0,0,0,2026/09/22
千葉ロッテマリーンズ,宮﨑 颯,投手,埼玉西武ライオンズ,,0,0,0,0,0,0,0,0,0,0,0,0,0,0,2026/09/22
千葉ロッテマリーンズ,宮﨑 颯,投手,中日ドラゴンズ,,0,0,0,0,0,0,0,0,0,0,0,0,0,0,2026/09/22
千葉ロッテマリーンズ,宮﨑 颯,投手,東京ヤクルトスワローズ,,0,0,0,0,0,0,0,0,0,0,0,0,0,0,2026/09/22
千葉ロッテマリーンズ,宮﨑 颯,投手,東北楽天ゴールデンイーグルス,,0,0,0,0,0,0,0,0,0,0,0,0,0,0,2026/09/22
千葉ロッテマリーンズ,宮﨑 颯,投手,読売ジャイアンツ,,0,0,0,0,0,0,0,0,0,0,0,0,0,0,2026/09/22
千葉ロッテマリーンズ,宮﨑 颯,投手,福岡ソフトバンクホークス,,0,0,0,0,0,0,0,0,0,0,0,0,0,0,2026/09/22
千葉ロッテマリーンズ,宮﨑 颯,投手,北海道日本ハムファイターズ,,0,0,0,0,0,0,0,0,0,0,0,0,0,0,2026/09/22
千葉ロッテマリーンズ,ロング,投手,オリックス・バファローズ,,0,0,0,0,0,0,0,0,0,0,0,0,0,0,2026/09/22
千葉ロッテマリーンズ,ロング,投手,横浜DeNAベイスターズ,,0,0,0,0,0,0,0,0,0,0,0,0,0,0,2026/09/22
千葉ロッテマリーンズ,ロング,投手,広島東洋カープ,,0,0,0,0,0,0,0,0,0,0,0,0,0,0,2026/09/22
千葉ロッテマリーンズ,ロング,投手,阪神タイガース,,0,0,0,0,0,0,0,0,0,0,0,0,0,0,2026/09/22
千葉ロッテマリーンズ,ロング,投手,埼玉西武ライオンズ,,0,0,0,0,0,0,0,0,0,0,0,0,0,0,2026/09/22
千葉ロッテマリーンズ,ロング,投手,中日ドラゴンズ,,0,0,0,0,0,0,0,0,0,0,0,0,0,0,2026/09/22
千葉ロッテマリーンズ,ロング,投手,東京ヤクルトスワローズ,,0,0,0,0,0,0,0,0,0,0,0,0,0,0,2026/09/22
千葉ロッテマリーンズ,ロング,投手,東北楽天ゴールデンイーグルス,,0,0,0,0,0,0,0,0,0,0,0,0,0,0,2026/09/22
千葉ロッテマリーンズ,ロング,投手,読売ジャイアンツ,0.000,2,2,0,0,0,0,0,0,1,0,0,0,0,1,2026/09/22
千葉ロッテマリーンズ,ロング,投手,福岡ソフトバンクホークス,,0,0,0,0,0,0,0,0,0,0,0,0,0,0,2026/09/22
千葉ロッテマリーンズ,ロング,投手,北海道日本ハムファイターズ,,0,0,0,0,0,0,0,0,0,0,0,0,0,0,2026/09/22
千葉ロッテマリーンズ,吉川 悠斗,投手,オリックス・バファローズ,,0,0,0,0,0,0,0,0,0,0,0,0,0,0,2026/09/22
千葉ロッテマリーンズ,吉川 悠斗,投手,横浜DeNAベイスターズ,,0,0,0,0,0,0,0,0,0,0,0,0,0,0,2026/09/22
千葉ロッテマリーンズ,吉川 悠斗,投手,広島東洋カープ,,0,0,0,0,0,0,0,0,0,0,0,0,0,0,2026/09/22
千葉ロッテマリーンズ,吉川 悠斗,投手,阪神タイガース,,0,0,0,0,0,0,0,0,0,0,0,0,0,0,2026/09/22
千葉ロッテマリーンズ,吉川 悠斗,投手,埼玉西武ライオンズ,,0,0,0,0,0,0,0,0,0,0,0,0,0,0,2026/09/22
千葉ロッテマリーンズ,吉川 悠斗,投手,中日ドラゴンズ,,0,0,0,0,0,0,0,0,0,0,0,0,0,0,2026/09/22
千葉ロッテマリーンズ,吉川 悠斗,投手,東京ヤクルトスワローズ,,0,0,0,0,0,0,0,0,0,0,0,0,0,0,2026/09/22
千葉ロッテマリーンズ,吉川 悠斗,投手,東北楽天ゴールデンイーグルス,,0,0,0,0,0,0,0,0,0,0,0,0,0,0,2026/09/22
千葉ロッテマリーンズ,吉川 悠斗,投手,読売ジャイアンツ,,0,0,0,0,0,0,0,0,0,0,0,0,0,0,2026/09/22
千葉ロッテマリーンズ,吉川 悠斗,投手,福岡ソフトバンクホークス,,0,0,0,0,0,0,0,0,0,0,0,0,0,0,2026/09/22
千葉ロッテマリーンズ,吉川 悠斗,投手,北海道日本ハムファイターズ,,0,0,0,0,0,0,0,0,0,0,0,0,0,0,2026/09/22
千葉ロッテマリーンズ,森 遼大朗,投手,オリックス・バファローズ,,0,0,0,0,0,0,0,0,0,0,0,0,0,0,2026/09/22
千葉ロッテマリーンズ,森 遼大朗,投手,横浜DeNAベイスターズ,,0,0,0,0,0,0,0,0,0,0,0,0,0,0,2026/09/22
千葉ロッテマリーンズ,森 遼大朗,投手,広島東洋カープ,,0,0,0,0,0,0,0,0,0,0,0,0,0,0,2026/09/22
千葉ロッテマリーンズ,森 遼大朗,投手,阪神タイガース,,0,0,0,0,0,0,0,0,0,0,0,0,0,0,2026/09/22
千葉ロッテマリーンズ,森 遼大朗,投手,埼玉西武ライオンズ,,0,0,0,0,0,0,0,0,0,0,0,0,0,0,2026/09/22
千葉ロッテマリーンズ,森 遼大朗,投手,中日ドラゴンズ,,0,0,0,0,0,0,0,0,0,0,0,0,0,0,2026/09/22
千葉ロッテマリーンズ,森 遼大朗,投手,東京ヤクルトスワローズ,,0,0,0,0,0,0,0,0,0,0,0,0,0,0,2026/09/22
千葉ロッテマリーンズ,森 遼大朗,投手,東北楽天ゴールデンイーグルス,,0,0,0,0,0,0,0,0,0,0,0,0,0,0,2026/09/22
千葉ロッテマリーンズ,森 遼大朗,投手,読売ジャイアンツ,,0,0,0,0,0,0,0,0,0,0,0,0,0,0,2026/09/22
千葉ロッテマリーンズ,森 遼大朗,投手,福岡ソフトバンクホークス,,0,0,0,0,0,0,0,0,0,0,0,0,0,0,2026/09/22
千葉ロッテマリーンズ,森 遼大朗,投手,北海道日本ハムファイターズ,,0,0,0,0,0,0,0,0,0,0,0,0,0,0,2026/09/22
千葉ロッテマリーンズ,髙橋 快秀,投手,オリックス・バファローズ,,0,0,0,0,0,0,0,0,0,0,0,0,0,0,2026/09/22
千葉ロッテマリーンズ,髙橋 快秀,投手,横浜DeNAベイスターズ,,0,0,0,0,0,0,0,0,0,0,0,0,0,0,2026/09/22
千葉ロッテマリーンズ,髙橋 快秀,投手,広島東洋カープ,,0,0,0,0,0,0,0,0,0,0,0,0,0,0,2026/09/22
千葉ロッテマリーンズ,髙橋 快秀,投手,阪神タイガース,,0,0,0,0,0,0,0,0,0,0,0,0,0,0,2026/09/22
千葉ロッテマリーンズ,髙橋 快秀,投手,埼玉西武ライオンズ,,0,0,0,0,0,0,0,0,0,0,0,0,0,0,2026/09/22
千葉ロッテマリーンズ,髙橋 快秀,投手,中日ドラゴンズ,,0,0,0,0,0,0,0,0,0,0,0,0,0,0,2026/09/22
千葉ロッテマリーンズ,髙橋 快秀,投手,東京ヤクルトスワローズ,,0,0,0,0,0,0,0,0,0,0,0,0,0,0,2026/09/22
千葉ロッテマリーンズ,髙橋 快秀,投手,東北楽天ゴールデンイーグルス,,0,0,0,0,0,0,0,0,0,0,0,0,0,0,2026/09/22
千葉ロッテマリーンズ,髙橋 快秀,投手,読売ジャイアンツ,,0,0,0,0,0,0,0,0,0,0,0,0,0,0,2026/09/22
千葉ロッテマリーンズ,髙橋 快秀,投手,福岡ソフトバンクホークス,,0,0,0,0,0,0,0,0,0,0,0,0,0,0,2026/09/22
千葉ロッテマリーンズ,髙橋 快秀,投手,北海道日本ハムファイターズ,,0,0,0,0,0,0,0,0,0,0,0,0,0,0,2026/09/22
千葉ロッテマリーンズ,松川 虎生,捕手,オリックス・バファローズ,0.267,17,15,4,4,0,0,0,0,2,0,2,0,0,7,2026/09/22
千葉ロッテマリーンズ,松川 虎生,捕手,横浜DeNAベイスターズ,0.000,2,2,0,0,0,0,0,0,1,0,0,0,0,1,2026/09/22
千葉ロッテマリーンズ,松川 虎生,捕手,広島東洋カープ,,0,0,0,0,0,0,0,0,0,0,0,0,0,0,2026/09/22
千葉ロッテマリーンズ,松川 虎生,捕手,阪神タイガース,,0,0,0,0,0,0,0,0,0,0,0,0,0,0,2026/09/22
千葉ロッテマリーンズ,松川 虎生,捕手,埼玉西武ライオンズ,0.259,29,27,7,5,2,0,0,6,3,1,1,0,0,10,2026/09/22
千葉ロッテマリーンズ,松川 虎生,捕手,中日ドラゴンズ,0.000,2,2,0,0,0,0,0,0,0,0,0,0,0,1,2026/09/22
千葉ロッテマリーンズ,松川 虎生,捕手,東京ヤクルトスワローズ,,0,0,0,0,0,0,0,0,0,0,0,0,0,0,2026/09/22
千葉ロッテマリーンズ,松川 虎生,捕手,東北楽天ゴールデンイーグルス,0.286,15,14,4,4,0,0,0,0,5,1,0,0,0,6,2026/09/22
千葉ロッテマリーンズ,松川 虎生,捕手,読売ジャイアンツ,,0,0,0,0,0,0,0,0,0,0,0,0,0,0,2026/09/22
千葉ロッテマリーンズ,松川 虎生,捕手,福岡ソフトバンクホークス,0.167,18,18,3,3,0,0,0,0,9,0,0,0,0,9,2026/09/22
千葉ロッテマリーンズ,松川 虎生,捕手,北海道日本ハムファイターズ,0.000,19,18,0,0,0,0,0,0,7,0,1,0,0,7,2026/09/22
千葉ロッテマリーンズ,田村 龍弘,捕手,オリックス・バファローズ,,0,0,0,0,0,0,0,0,0,0,0,0,0,0,2026/09/22
千葉ロッテマリーンズ,田村 龍弘,捕手,横浜DeNAベイスターズ,,0,0,0,0,0,0,0,0,0,0,0,0,0,0,2026/09/22
千葉ロッテマリーンズ,田村 龍弘,捕手,広島東洋カープ,,0,0,0,0,0,0,0,0,0,0,0,0,0,0,2026/09/22
千葉ロッテマリーンズ,田村 龍弘,捕手,阪神タイガース,,0,0,0,0,0,0,0,0,0,0,0,0,0,0,2026/09/22
千葉ロッテマリーンズ,田村 龍弘,捕手,埼玉西武ライオンズ,0.000,1,1,0,0,0,0,0,0,1,0,0,0,0,1,2026/09/22
千葉ロッテマリーンズ,田村 龍弘,捕手,中日ドラゴンズ,,0,0,0,0,0,0,0,0,0,0,0,0,0,0,2026/09/22
千葉ロッテマリーンズ,田村 龍弘,捕手,東京ヤクルトスワローズ,,0,0,0,0,0,0,0,0,0,0,0,0,0,0,2026/09/22
千葉ロッテマリーンズ,田村 龍弘,捕手,東北楽天ゴールデンイーグルス,0.000,2,2,0,0,0,0,0,0,1,0,0,0,0,1,2026/09/22
千葉ロッテマリーンズ,田村 龍弘,捕手,読売ジャイアンツ,,0,0,0,0,0,0,0,0,0,0,0,0,0,0,2026/09/22
千葉ロッテマリーンズ,田村 龍弘,捕手,福岡ソフトバンクホークス,,0,0,0,0,0,0,0,0,0,0,0,0,0,0,2026/09/22
千葉ロッテマリーンズ,田村 龍弘,捕手,北海道日本ハムファイターズ,,0,0,0,0,0,0,0,0,0,0,0,0,0,0,2026/09/22
千葉ロッテマリーンズ,佐藤 都志也,捕手,オリックス・バファローズ,0.214,80,70,15,10,3,0,2,8,16,9,0,0,1,23,2026/09/22
千葉ロッテマリーンズ,佐藤 都志也,捕手,横浜DeNAベイスターズ,0.111,10,9,1,0,0,0,1,1,4,1,0,0,0,3,2026/09/22
千葉ロッテマリーンズ,佐藤 都志也,捕手,広島東洋カープ,0.364,12,11,4,2,2,0,0,3,2,1,0,0,0,3,2026/09/22
千葉ロッテマリーンズ,佐藤 都志也,捕手,阪神タイガース,0.364,13,11,4,3,1,0,0,1,1,1,0,1,0,3,2026/09/22
千葉ロッテマリーンズ,佐藤 都志也,捕手,埼玉西武ライオンズ,0.136,53,44,6,6,0,0,0,1,4,6,1,0,2,16,2026/09/22
千葉ロッテマリーンズ,佐藤 都志也,捕手,中日ドラゴンズ,0.091,12,11,1,1,0,0,0,2,4,0,0,1,0,3,2026/09/22
千葉ロッテマリーンズ,佐藤 都志也,捕手,東京ヤクルトスワローズ,0.308,16,13,4,3,1,0,0,0,2,3,0,0,0,3,2026/09/22
千葉ロッテマリーンズ,佐藤 都志也,捕手,東北楽天ゴールデンイーグルス,0.234,74,64,15,6,3,0,6,16,13,8,0,1,1,19,2026/09/22
千葉ロッテマリーンズ,佐藤 都志也,捕手,読売ジャイアンツ,0.077,16,13,1,1,0,0,0,0,3,2,0,0,1,3,2026/09/22
千葉ロッテマリーンズ,佐藤 都志也,捕手,福岡ソフトバンクホークス,0.254,81,71,18,11,3,0,4,12,18,10,0,0,0,22,2026/09/22
千葉ロッテマリーンズ,佐藤 都志也,捕手,北海道日本ハムファイターズ,0.292,70,65,19,13,2,0,4,11,21,5,0,0,0,21,2026/09/22
千葉ロッテマリーンズ,植田 将太,捕手,オリックス・バファローズ,,0,0,0,0,0,0,0,0,0,0,0,0,0,0,2026/09/22
千葉ロッテマリーンズ,植田 将太,捕手,横浜DeNAベイスターズ,,0,0,0,0,0,0,0,0,0,0,0,0,0,0,2026/09/22
千葉ロッテマリーンズ,植田 将太,捕手,広島東洋カープ,,0,0,0,0,0,0,0,0,0,0,0,0,0,0,2026/09/22
千葉ロッテマリーンズ,植田 将太,捕手,阪神タイガース,,0,0,0,0,0,0,0,0,0,0,0,0,0,0,2026/09/22
千葉ロッテマリーンズ,植田 将太,捕手,埼玉西武ライオンズ,,0,0,0,0,0,0,0,0,0,0,0,0,0,0,2026/09/22
千葉ロッテマリーンズ,植田 将太,捕手,中日ドラゴンズ,,0,0,0,0,0,0,0,0,0,0,0,0,0,0,2026/09/22
千葉ロッテマリーンズ,植田 将太,捕手,東京ヤクルトスワローズ,,0,0,0,0,0,0,0,0,0,0,0,0,0,0,2026/09/22
千葉ロッテマリーンズ,植田 将太,捕手,東北楽天ゴールデンイーグルス,,0,0,0,0,0,0,0,0,0,0,0,0,0,0,2026/09/22
千葉ロッテマリーンズ,植田 将太,捕手,読売ジャイアンツ,,0,0,0,0,0,0,0,0,0,0,0,0,0,0,2026/09/22
千葉ロッテマリーンズ,植田 将太,捕手,福岡ソフトバンクホークス,,0,0,0,0,0,0,0,0,0,0,0,0,0,0,2026/09/22
千葉ロッテマリーンズ,植田 将太,捕手,北海道日本ハムファイターズ,,0,0,0,0,0,0,0,0,0,0,0,0,0,0,2026/09/22
千葉ロッテマリーンズ,寺地 隆成,捕手,オリックス・バファローズ,0.241,66,58,14,13,1,0,0,3,12,7,1,0,0,17,2026/09/22
千葉ロッテマリーンズ,寺地 隆成,捕手,横浜DeNAベイスターズ,,0,0,0,0,0,0,0,0,0,0,0,0,0,0,2026/09/22
千葉ロッテマリーンズ,寺地 隆成,捕手,広島東洋カープ,0.000,11,10,0,0,0,0,0,0,2,0,0,0,1,3,2026/09/22
千葉ロッテマリーンズ,寺地 隆成,捕手,阪神タイガース,0.000,2,2,0,0,0,0,0,0,1,0,0,0,0,1,2026/09/22
千葉ロッテマリーンズ,寺地 隆成,捕手,埼玉西武ライオンズ,0.224,54,49,11,9,2,0,0,3,6,4,0,1,0,14,2026/09/22
千葉ロッテマリーンズ,寺地 隆成,捕手,中日ドラゴンズ,,0,0,0,0,0,0,0,0,0,0,0,0,0,0,2026/09/22
千葉ロッテマリーンズ,寺地 隆成,捕手,東京ヤクルトスワローズ,0.000,5,5,0,0,0,0,0,0,1,0,0,0,0,2,2026/09/22
千葉ロッテマリーンズ,寺地 隆成,捕手,東北楽天ゴールデンイーグルス,0.230,67,61,14,9,3,0,2,9,16,5,0,1,0,18,2026/09/22
千葉ロッテマリーンズ,寺地 隆成,捕手,読売ジャイアンツ,0.182,11,11,2,2,0,0,0,0,1,0,0,0,0,3,2026/09/22
千葉ロッテマリーンズ,寺地 隆成,捕手,福岡ソフトバンクホークス,0.131,71,61,8,6,2,0,0,4,10,8,0,1,1,17,2026/09/22
千葉ロッテマリーンズ,寺地 隆成,捕手,北海道日本ハムファイターズ,0.245,59,53,13,9,1,0,3,9,13,6,0,0,0,17,2026/09/22
千葉ロッテマリーンズ,岡村 了樹,捕手,オリックス・バファローズ,,0,0,0,0,0,0,0,0,0,0,0,0,0,0,2026/09/22
千葉ロッテマリーンズ,岡村 了樹,捕手,横浜DeNAベイスターズ,,0,0,0,0,0,0,0,0,0,0,0,0,0,0,2026/09/22
千葉ロッテマリーンズ,岡村 了樹,捕手,広島東洋カープ,,0,0,0,0,0,0,0,0,0,0,0,0,0,0,2026/09/22
千葉ロッテマリーンズ,岡村 了樹,捕手,阪神タイガース,,0,0,0,0,0,0,0,0,0,0,0,0,0,0,2026/09/22
千葉ロッテマリーンズ,岡村 了樹,捕手,埼玉西武ライオンズ,,0,0,0,0,0,0,0,0,0,0,0,0,0,0,2026/09/22
千葉ロッテマリーンズ,岡村 了樹,捕手,中日ドラゴンズ,,0,0,0,0,0,0,0,0,0,0,0,0,0,0,2026/09/22
千葉ロッテマリーンズ,岡村 了樹,捕手,東京ヤクルトスワローズ,,0,0,0,0,0,0,0,0,0,0,0,0,0,0,2026/09/22
千葉ロッテマリーンズ,岡村 了樹,捕手,東北楽天ゴールデンイーグルス,,0,0,0,0,0,0,0,0,0,0,0,0,0,0,2026/09/22
千葉ロッテマリーンズ,岡村 了樹,捕手,読売ジャイアンツ,,0,0,0,0,0,0,0,0,0,0,0,0,0,0,2026/09/22
千葉ロッテマリーンズ,岡村 了樹,捕手,福岡ソフトバンクホークス,,0,0,0,0,0,0,0,0,0,0,0,0,0,0,2026/09/22
千葉ロッテマリーンズ,岡村 了樹,捕手,北海道日本ハムファイターズ,,0,0,0,0,0,0,0,0,0,0,0,0,0,0,2026/09/22
千葉ロッテマリーンズ,池田 来翔,内野手,オリックス・バファローズ,0.333,22,21,7,6,1,0,0,0,2,0,1,0,0,8,2026/09/22
千葉ロッテマリーンズ,池田 来翔,内野手,横浜DeNAベイスターズ,0.000,2,2,0,0,0,0,0,0,1,0,0,0,0,2,2026/09/22
千葉ロッテマリーンズ,池田 来翔,内野手,広島東洋カープ,0.375,8,8,3,1,1,1,0,1,2,0,0,0,0,3,2026/09/22
千葉ロッテマリーンズ,池田 来翔,内野手,阪神タイガース,0.250,4,4,1,0,1,0,0,0,1,0,0,0,0,1,2026/09/22
千葉ロッテマリーンズ,池田 来翔,内野手,埼玉西武ライオンズ,0.188,16,16,3,3,0,0,0,0,4,0,0,0,0,9,2026/09/22
千葉ロッテマリーンズ,池田 来翔,内野手,中日ドラゴンズ,0.167,8,6,1,0,1,0,0,0,1,1,1,0,0,2,2026/09/22
千葉ロッテマリーンズ,池田 来翔,内野手,東京ヤクルトスワローズ,0.000,1,1,0,0,0,0,0,0,0,0,0,0,0,1,2026/09/22
千葉ロッテマリーンズ,池田 来翔,内野手,東北楽天ゴールデンイーグルス,0.333,9,9,3,3,0,0,0,0,1,0,0,0,0,9,2026/09/22
千葉ロッテマリーンズ,池田 来翔,内野手,読売ジャイアンツ,0.000,2,2,0,0,0,0,0,0,0,0,0,0,0,2,2026/09/22
千葉ロッテマリーンズ,池田 来翔,内野手,福岡ソフトバンクホークス,0.111,9,9,1,1,0,0,0,0,3,0,0,0,0,5,2026/09/22
千葉ロッテマリーンズ,池田 来翔,内野手,北海道日本ハムファイターズ,0.000,6,6,0,0,0,0,0,0,3,0,0,0,0,4,2026/09/22
千葉ロッテマリーンズ,友杉 篤輝,内野手,オリックス・バファローズ,0.286,46,42,12,10,2,0,0,1,6,2,2,0,0,15,2026/09/22
千葉ロッテマリーンズ,友杉 篤輝,内野手,横浜DeNAベイスターズ,0.091,12,11,1,1,0,0,0,0,1,0,1,0,0,3,2026/09/22
千葉ロッテマリーンズ,友杉 篤輝,内野手,広島東洋カープ,0.143,16,14,2,2,0,0,0,0,0,1,1,0,0,3,2026/09/22
千葉ロッテマリーンズ,友杉 篤輝,内野手,阪神タイガース,0.100,11,10,1,1,0,0,0,0,1,1,0,0,0,3,2026/09/22
千葉ロッテマリーンズ,友杉 篤輝,内野手,埼玉西武ライオンズ,0.167,40,36,6,4,1,1,0,4,6,3,1,0,0,14,2026/09/22
千葉ロッテマリーンズ,友杉 篤輝,内野手,中日ドラゴンズ,0.300,11,10,3,2,1,0,0,1,1,0,1,0,0,3,2026/09/22
千葉ロッテマリーンズ,友杉 篤輝,内野手,東京ヤクルトスワローズ,0.300,10,10,3,3,0,0,0,0,3,0,0,0,0,3,2026/09/22
千葉ロッテマリーンズ,友杉 篤輝,内野手,東北楽天ゴールデンイーグルス,0.421,42,38,16,16,0,0,0,8,5,3,1,0,0,12,2026/09/22
千葉ロッテマリーンズ,友杉 篤輝,内野手,読売ジャイアンツ,0.400,10,10,4,4,0,0,0,0,2,0,0,0,0,3,2026/09/22
千葉ロッテマリーンズ,友杉 篤輝,内野手,福岡ソフトバンクホークス,0.167,45,42,7,6,1,0,0,1,8,2,1,0,0,13,2026/09/22
千葉ロッテマリーンズ,友杉 篤輝,内野手,北海道日本ハムファイターズ,0.208,26,24,5,4,1,0,0,1,6,2,0,0,0,8,2026/09/22
千葉ロッテマリーンズ,安田 尚憲,内野手,オリックス・バファローズ,0.185,32,27,5,1,3,0,1,6,13,4,0,1,0,12,2026/09/22
千葉ロッテマリーンズ,安田 尚憲,内野手,横浜DeNAベイスターズ,0.200,11,10,2,2,0,0,0,0,0,0,0,0,1,3,2026/09/22
千葉ロッテマリーンズ,安田 尚憲,内野手,広島東洋カープ,,0,0,0,0,0,0,0,0,0,0,0,0,0,0,2026/09/22
千葉ロッテマリーンズ,安田 尚憲,内野手,阪神タイガース,0.143,8,7,1,0,0,0,1,1,2,1,0,0,0,2,2026/09/22
千葉ロッテマリーンズ,安田 尚憲,内野手,埼玉西武ライオンズ,0.348,26,23,8,5,2,0,1,4,9,3,0,0,0,9,2026/09/22
千葉ロッテマリーンズ,安田 尚憲,内野手,中日ドラゴンズ,0.714,8,7,5,5,0,0,0,1,1,1,0,0,0,3,2026/09/22
千葉ロッテマリーンズ,安田 尚憲,内野手,東京ヤクルトスワローズ,0.125,8,8,1,0,1,0,0,1,2,0,0,0,0,2,2026/09/22
千葉ロッテマリーンズ,安田 尚憲,内野手,東北楽天ゴールデンイーグルス,0.257,38,35,9,6,3,0,0,3,9,3,0,0,0,11,2026/09/22
千葉ロッテマリーンズ,安田 尚憲,内野手,読売ジャイアンツ,0.333,3,3,1,0,0,0,1,1,1,0,0,0,0,2,2026/09/22
千葉ロッテマリーンズ,安田 尚憲,内野手,福岡ソフトバンクホークス,0.279,45,43,12,7,4,0,1,7,13,2,0,0,0,15,2026/09/22
千葉ロッテマリーンズ,安田 尚憲,内野手,北海道日本ハムファイターズ,0.314,36,35,11,7,3,0,1,5,7,1,0,0,0,12,2026/09/22
千葉ロッテマリーンズ,藤岡 裕大,内野手,オリックス・バファローズ,0.000,9,9,0,0,0,0,0,0,4,0,0,0,0,3,2026/09/22
千葉ロッテマリーンズ,藤岡 裕大,内野手,横浜DeNAベイスターズ,,0,0,0,0,0,0,0,0,0,0,0,0,0,0,2026/09/22
千葉ロッテマリーンズ,藤岡 裕大,内野手,広島東洋カープ,,0,0,0,0,0,0,0,0,0,0,0,0,0,0,2026/09/22
千葉ロッテマリーンズ,藤岡 裕大,内野手,阪神タイガース,,0,0,0,0,0,0,0,0,0,0,0,0,0,0,2026/09/22
千葉ロッテマリーンズ,藤岡 裕大,内野手,埼玉西武ライオンズ,0.333,3,3,1,1,0,0,0,0,1,0,0,0,0,1,2026/09/22
千葉ロッテマリーンズ,藤岡 裕大,内野手,中日ドラゴンズ,,0,0,0,0,0,0,0,0,0,0,0,0,0,0,2026/09/22
千葉ロッテマリーンズ,藤岡 裕大,内野手,東京ヤクルトスワローズ,,0,0,0,0,0,0,0,0,0,0,0,0,0,0,2026/09/22
千葉ロッテマリーンズ,藤岡 裕大,内野手,東北楽天ゴールデンイーグルス,0.000,7,5,0,0,0,0,0,0,2,1,1,0,0,2,2026/09/22
千葉ロッテマリーンズ,藤岡 裕大,内野手,読売ジャイアンツ,,0,0,0,0,0,0,0,0,0,0,0,0,0,0,2026/09/22
千葉ロッテマリーンズ,藤岡 裕大,内野手,福岡ソフトバンクホークス,,0,0,0,0,0,0,0,0,0,0,0,0,0,0,2026/09/22
千葉ロッテマリーンズ,藤岡 裕大,内野手,北海道日本ハムファイターズ,0.250,10,8,2,2,0,0,0,1,0,1,0,1,0,2,2026/09/22
千葉ロッテマリーンズ,中村 奨吾,内野手,オリックス・バファローズ,,0,0,0,0,0,0,0,0,0,0,0,0,0,0,2026/09/22
千葉ロッテマリーンズ,中村 奨吾,内野手,横浜DeNAベイスターズ,,0,0,0,0,0,0,0,0,0,0,0,0,0,0,2026/09/22
千葉ロッテマリーンズ,中村 奨吾,内野手,広島東洋カープ,,0,0,0,0,0,0,0,0,0,0,0,0,0,0,2026/09/22
千葉ロッテマリーンズ,中村 奨吾,内野手,阪神タイガース,,0,0,0,0,0,0,0,0,0,0,0,0,0,0,2026/09/22
千葉ロッテマリーンズ,中村 奨吾,内野手,埼玉西武ライオンズ,,0,0,0,0,0,0,0,0,0,0,0,0,0,0,2026/09/22
千葉ロッテマリーンズ,中村 奨吾,内野手,中日ドラゴンズ,,0,0,0,0,0,0,0,0,0,0,0,0,0,0,2026/09/22
千葉ロッテマリーンズ,中村 奨吾,内野手,東京ヤクルトスワローズ,,0,0,0,0,0,0,0,0,0,0,0,0,0,0,2026/09/22
千葉ロッテマリーンズ,中村 奨吾,内野手,東北楽天ゴールデンイーグルス,,0,0,0,0,0,0,0,0,0,0,0,0,0,0,2026/09/22
千葉ロッテマリーンズ,中村 奨吾,内野手,読売ジャイアンツ,,0,0,0,0,0,0,0,0,0,0,0,0,0,0,2026/09/22
千葉ロッテマリーンズ,中村 奨吾,内野手,福岡ソフトバンクホークス,,0,0,0,0,0,0,0,0,0,0,0,0,0,0,2026/09/22
千葉ロッテマリーンズ,中村 奨吾,内野手,北海道日本ハムファイターズ,,0,0,0,0,0,0,0,0,0,0,0,0,0,0,2026/09/22
千葉ロッテマリーンズ,上田 希由翔,内野手,オリックス・バファローズ,0.273,37,33,9,6,1,0,2,7,9,4,0,0,0,12,2026/09/22
千葉ロッテマリーンズ,上田 希由翔,内野手,横浜DeNAベイスターズ,0.222,9,9,2,0,1,0,1,2,3,0,0,0,0,3,2026/09/22
千葉ロッテマリーンズ,上田 希由翔,内野手,広島東洋カープ,,0,0,0,0,0,0,0,0,0,0,0,0,0,0,2026/09/22
千葉ロッテマリーンズ,上田 希由翔,内野手,阪神タイガース,,0,0,0,0,0,0,0,0,0,0,0,0,0,0,2026/09/22
千葉ロッテマリーンズ,上田 希由翔,内野手,埼玉西武ライオンズ,0.250,33,32,8,5,3,0,0,0,10,1,0,0,0,12,2026/09/22
千葉ロッテマリーンズ,上田 希由翔,内野手,中日ドラゴンズ,0.000,2,2,0,0,0,0,0,0,0,0,0,0,0,1,2026/09/22
千葉ロッテマリーンズ,上田 希由翔,内野手,東京ヤクルトスワローズ,,0,0,0,0,0,0,0,0,0,0,0,0,0,0,2026/09/22
千葉ロッテマリーンズ,上田 希由翔,内野手,東北楽天ゴールデンイーグルス,0.067,16,15,1,1,0,0,0,0,4,1,0,0,0,7,2026/09/22
千葉ロッテマリーンズ,上田 希由翔,内野手,読売ジャイアンツ,,0,0,0,0,0,0,0,0,0,0,0,0,0,0,2026/09/22
千葉ロッテマリーンズ,上田 希由翔,内野手,福岡ソフトバンクホークス,0.290,33,31,9,6,1,0,2,3,4,2,0,0,0,12,2026/09/22
千葉ロッテマリーンズ,上田 希由翔,内野手,北海道日本ハムファイターズ,0.179,31,28,5,3,0,0,2,3,5,3,0,0,0,9,2026/09/22
千葉ロッテマリーンズ,山﨑 剛,内野手,オリックス・バファローズ,0.250,40,36,9,8,1,0,0,1,9,2,1,0,1,12,2026/09/22
千葉ロッテマリーンズ,山﨑 剛,内野手,横浜DeNAベイスターズ,1.000,2,2,2,2,0,0,0,0,0,0,0,0,0,1,2026/09/22
千葉ロッテマリーンズ,山﨑 剛,内野手,広島東洋カープ,,0,0,0,0,0,0,0,0,0,0,0,0,0,0,2026/09/22
千葉ロッテマリーンズ,山﨑 剛,内野手,阪神タイガース,,0,0,0,0,0,0,0,0,0,0,0,0,0,0,2026/09/22
千葉ロッテマリーンズ,山﨑 剛,内野手,埼玉西武ライオンズ,0.278,21,18,5,5,0,0,0,0,3,3,0,0,0,9,2026/09/22
千葉ロッテマリーンズ,山﨑 剛,内野手,中日ドラゴンズ,0.000,3,3,0,0,0,0,0,0,1,0,0,0,0,1,2026/09/22
千葉ロッテマリーンズ,山﨑 剛,内野手,東京ヤクルトスワローズ,,0,0,0,0,0,0,0,0,0,0,0,0,0,0,2026/09/22
千葉ロッテマリーンズ,山﨑 剛,内野手,東北楽天ゴールデンイーグルス,0.348,25,23,8,5,2,1,0,1,6,0,0,0,2,10,2026/09/22
千葉ロッテマリーンズ,山﨑 剛,内野手,読売ジャイアンツ,0.000,3,2,0,0,0,0,0,0,1,1,0,0,0,3,2026/09/22
千葉ロッテマリーンズ,山﨑 剛,内野手,福岡ソフトバンクホークス,0.154,29,26,4,2,1,0,1,3,10,2,0,1,0,9,2026/09/22
千葉ロッテマリーンズ,山﨑 剛,内野手,北海道日本ハムファイターズ,0.120,26,25,3,3,0,0,0,2,13,1,0,0,0,8,2026/09/22
千葉ロッテマリーンズ,石垣 勝海,内野手,オリックス・バファローズ,,0,0,0,0,0,0,0,0,0,0,0,0,0,0,2026/09/22
千葉ロッテマリーンズ,石垣 勝海,内野手,横浜DeNAベイスターズ,,0,0,0,0,0,0,0,0,0,0,0,0,0,0,2026/09/22
千葉ロッテマリーンズ,石垣 勝海,内野手,広島東洋カープ,,0,0,0,0,0,0,0,0,0,0,0,0,0,0,2026/09/22
千葉ロッテマリーンズ,石垣 勝海,内野手,阪神タイガース,,0,0,0,0,0,0,0,0,0,0,0,0,0,0,2026/09/22
千葉ロッテマリーンズ,石垣 勝海,内野手,埼玉西武ライオンズ,,0,0,0,0,0,0,0,0,0,0,0,0,0,0,2026/09/22
千葉ロッテマリーンズ,石垣 勝海,内野手,中日ドラゴンズ,,0,0,0,0,0,0,0,0,0,0,0,0,0,0,2026/09/22
千葉ロッテマリーンズ,石垣 勝海,内野手,東京ヤクルトスワローズ,,0,0,0,0,0,0,0,0,0,0,0,0,0,0,2026/09/22
千葉ロッテマリーンズ,石垣 勝海,内野手,東北楽天ゴールデンイーグルス,1.000,1,1,1,1,0,0,0,1,0,0,0,0,0,1,2026/09/22
千葉ロッテマリーンズ,石垣 勝海,内野手,読売ジャイアンツ,,0,0,0,0,0,0,0,0,0,0,0,0,0,0,2026/09/22
千葉ロッテマリーンズ,石垣 勝海,内野手,福岡ソフトバンクホークス,0.000,4,4,0,0,0,0,0,0,1,0,0,0,0,2,2026/09/22
千葉ロッテマリーンズ,石垣 勝海,内野手,北海道日本ハムファイターズ,,0,0,0,0,0,0,0,0,0,0,0,0,0,0,2026/09/22
千葉ロッテマリーンズ,宮崎 竜成,内野手,オリックス・バファローズ,,0,0,0,0,0,0,0,0,0,0,0,0,0,0,2026/09/22
千葉ロッテマリーンズ,宮崎 竜成,内野手,横浜DeNAベイスターズ,0.500,2,2,1,0,0,0,1,1,1,0,0,0,0,2,2026/09/22
千葉ロッテマリーンズ,宮崎 竜成,内野手,広島東洋カープ,,0,0,0,0,0,0,0,0,0,0,0,0,0,0,2026/09/22
千葉ロッテマリーンズ,宮崎 竜成,内野手,阪神タイガース,,0,0,0,0,0,0,0,0,0,0,0,0,0,0,2026/09/22
千葉ロッテマリーンズ,宮崎 竜成,内野手,埼玉西武ライオンズ,0.000,3,3,0,0,0,0,0,0,2,0,0,0,0,3,2026/09/22
千葉ロッテマリーンズ,宮崎 竜成,内野手,中日ドラゴンズ,0.000,2,2,0,0,0,0,0,0,0,0,0,0,0,2,2026/09/22
千葉ロッテマリーンズ,宮崎 竜成,内野手,東京ヤクルトスワローズ,,0,0,0,0,0,0,0,0,0,0,0,0,0,0,2026/09/22
千葉ロッテマリーンズ,宮崎 竜成,内野手,東北楽天ゴールデンイーグルス,0.250,4,4,1,0,1,0,0,0,2,0,0,0,0,4,2026/09/22
千葉ロッテマリーンズ,宮崎 竜成,内野手,読売ジャイアンツ,,0,0,0,0,0,0,0,0,0,0,0,0,0,0,2026/09/22
千葉ロッテマリーンズ,宮崎 竜成,内野手,福岡ソフトバンクホークス,0.083,12,12,1,1,0,0,0,0,5,0,0,0,0,5,2026/09/22
千葉ロッテマリーンズ,宮崎 竜成,内野手,北海道日本ハムファイターズ,0.182,12,11,2,2,0,0,0,0,3,1,0,0,0,5,2026/09/22
千葉ロッテマリーンズ,立松 由宇,内野手,オリックス・バファローズ,,0,0,0,0,0,0,0,0,0,0,0,0,0,0,2026/09/22
千葉ロッテマリーンズ,立松 由宇,内野手,横浜DeNAベイスターズ,,0,0,0,0,0,0,0,0,0,0,0,0,0,0,2026/09/22
千葉ロッテマリーンズ,立松 由宇,内野手,広島東洋カープ,,0,0,0,0,0,0,0,0,0,0,0,0,0,0,2026/09/22
千葉ロッテマリーンズ,立松 由宇,内野手,阪神タイガース,,0,0,0,0,0,0,0,0,0,0,0,0,0,0,2026/09/22
千葉ロッテマリーンズ,立松 由宇,内野手,埼玉西武ライオンズ,0.667,3,3,2,2,0,0,0,0,2,0,0,0,0,2,2026/09/22
千葉ロッテマリーンズ,立松 由宇,内野手,中日ドラゴンズ,,0,0,0,0,0,0,0,0,0,0,0,0,0,0,2026/09/22
千葉ロッテマリーンズ,立松 由宇,内野手,東京ヤクルトスワローズ,,0,0,0,0,0,0,0,0,0,0,0,0,0,0,2026/09/22
千葉ロッテマリーンズ,立松 由宇,内野手,東北楽天ゴールデンイーグルス,0.000,2,2,0,0,0,0,0,0,0,0,0,0,0,1,2026/09/22
千葉ロッテマリーンズ,立松 由宇,内野手,読売ジャイアンツ,,0,0,0,0,0,0,0,0,0,0,0,0,0,0,2026/09/22
千葉ロッテマリーンズ,立松 由宇,内野手,福岡ソフトバンクホークス,,0,0,0,0,0,0,0,0,0,0,0,0,0,0,2026/09/22
千葉ロッテマリーンズ,立松 由宇,内野手,北海道日本ハムファイターズ,,0,0,0,0,0,0,0,0,0,0,0,0,0,0,2026/09/22
千葉ロッテマリーンズ,櫻井 ユウヤ,内野手,オリックス・バファローズ,,0,0,0,0,0,0,0,0,0,0,0,0,0,0,2026/09/22
千葉ロッテマリーンズ,櫻井 ユウヤ,内野手,横浜DeNAベイスターズ,,0,0,0,0,0,0,0,0,0,0,0,0,0,0,2026/09/22
千葉ロッテマリーンズ,櫻井 ユウヤ,内野手,広島東洋カープ,,0,0,0,0,0,0,0,0,0,0,0,0,0,0,2026/09/22
千葉ロッテマリーンズ,櫻井 ユウヤ,内野手,阪神タイガース,0.000,1,1,0,0,0,0,0,0,1,0,0,0,0,1,2026/09/22
千葉ロッテマリーンズ,櫻井 ユウヤ,内野手,埼玉西武ライオンズ,,0,0,0,0,0,0,0,0,0,0,0,0,0,0,2026/09/22
千葉ロッテマリーンズ,櫻井 ユウヤ,内野手,中日ドラゴンズ,,0,0,0,0,0,0,0,0,0,0,0,0,0,0,2026/09/22
千葉ロッテマリーンズ,櫻井 ユウヤ,内野手,東京ヤクルトスワローズ,0.000,1,1,0,0,0,0,0,0,1,0,0,0,0,1,2026/09/22
千葉ロッテマリーンズ,櫻井 ユウヤ,内野手,東北楽天ゴールデンイーグルス,,0,0,0,0,0,0,0,0,0,0,0,0,0,0,2026/09/22
千葉ロッテマリーンズ,櫻井 ユウヤ,内野手,読売ジャイアンツ,,0,0,0,0,0,0,0,0,0,0,0,0,0,0,2026/09/22
千葉ロッテマリーンズ,櫻井 ユウヤ,内野手,福岡ソフトバンクホークス,,0,0,0,0,0,0,0,0,0,0,0,0,0,0,2026/09/22
千葉ロッテマリーンズ,櫻井 ユウヤ,内野手,北海道日本ハムファイターズ,,0,0,0,0,0,0,0,0,0,0,0,0,0,0,2026/09/22
千葉ロッテマリーンズ,小川 龍成,内野手,オリックス・バファローズ,0.307,83,75,23,20,3,0,0,2,12,3,5,0,0,23,2026/09/22
千葉ロッテマリーンズ,小川 龍成,内野手,横浜DeNAベイスターズ,0.000,5,4,0,0,0,0,0,0,0,1,0,0,0,2,2026/09/22
千葉ロッテマリーンズ,小川 龍成,内野手,広島東洋カープ,0.364,13,11,4,4,0,0,0,2,1,1,0,0,1,3,2026/09/22
千葉ロッテマリーンズ,小川 龍成,内野手,阪神タイガース,0.091,12,11,1,1,0,0,0,0,2,0,0,0,1,3,2026/09/22
千葉ロッテマリーンズ,小川 龍成,内野手,埼玉西武ライオンズ,0.351,62,57,20,16,1,2,1,10,13,4,0,1,0,20,2026/09/22
千葉ロッテマリーンズ,小川 龍成,内野手,中日ドラゴンズ,0.400,11,10,4,4,0,0,0,0,1,0,1,0,0,3,2026/09/22
千葉ロッテマリーンズ,小川 龍成,内野手,東京ヤクルトスワローズ,0.333,12,12,4,4,0,0,0,0,2,0,0,0,0,3,2026/09/22
千葉ロッテマリーンズ,小川 龍成,内野手,東北楽天ゴールデンイーグルス,0.301,77,73,22,20,1,1,0,4,12,2,1,0,1,22,2026/09/22
千葉ロッテマリーンズ,小川 龍成,内野手,読売ジャイアンツ,0.143,15,14,2,1,0,1,0,1,2,1,0,0,0,3,2026/09/22
千葉ロッテマリーンズ,小川 龍成,内野手,福岡ソフトバンクホークス,0.240,80,75,18,14,3,0,1,1,11,4,0,0,1,21,2026/09/22
千葉ロッテマリーンズ,小川 龍成,内野手,北海道日本ハムファイターズ,0.222,78,72,16,13,3,0,0,3,15,2,4,0,0,22,2026/09/22
千葉ロッテマリーンズ,茶谷 健太,内野手,オリックス・バファローズ,,0,0,0,0,0,0,0,0,0,0,0,0,0,0,2026/09/22
千葉ロッテマリーンズ,茶谷 健太,内野手,横浜DeNAベイスターズ,,0,0,0,0,0,0,0,0,0,0,0,0,0,0,2026/09/22
千葉ロッテマリーンズ,茶谷 健太,内野手,広島東洋カープ,,0,0,0,0,0,0,0,0,0,0,0,0,0,0,2026/09/22
千葉ロッテマリーンズ,茶谷 健太,内野手,阪神タイガース,,0,0,0,0,0,0,0,0,0,0,0,0,0,0,2026/09/22
千葉ロッテマリーンズ,茶谷 健太,内野手,埼玉西武ライオンズ,0.000,2,2,0,0,0,0,0,0,1,0,0,0,0,1,2026/09/22
千葉ロッテマリーンズ,茶谷 健太,内野手,中日ドラゴンズ,,0,0,0,0,0,0,0,0,0,0,0,0,0,0,2026/09/22
千葉ロッテマリーンズ,茶谷 健太,内野手,東京ヤクルトスワローズ,,0,0,0,0,0,0,0,0,0,0,0,0,0,0,2026/09/22
千葉ロッテマリーンズ,茶谷 健太,内野手,東北楽天ゴールデンイーグルス,0.000,1,1,0,0,0,0,0,0,1,0,0,0,0,1,2026/09/22
千葉ロッテマリーンズ,茶谷 健太,内野手,読売ジャイアンツ,,0,0,0,0,0,0,0,0,0,0,0,0,0,0,2026/09/22
千葉ロッテマリーンズ,茶谷 健太,内野手,福岡ソフトバンクホークス,0.333,4,3,1,1,0,0,0,0,1,0,1,0,0,1,2026/09/22
千葉ロッテマリーンズ,茶谷 健太,内野手,北海道日本ハムファイターズ,0.167,6,6,1,1,0,0,0,0,1,0,0,0,0,2,2026/09/22
千葉ロッテマリーンズ,ソト,内野手,オリックス・バファローズ,0.183,65,60,11,7,0,0,4,7,24,4,0,0,1,22,2026/09/22
千葉ロッテマリーンズ,ソト,内野手,横浜DeNAベイスターズ,0.500,11,8,4,1,0,0,3,3,0,3,0,0,0,3,2026/09/22
千葉ロッテマリーンズ,ソト,内野手,広島東洋カープ,0.167,7,6,1,0,1,0,0,2,1,1,0,0,0,3,2026/09/22
千葉ロッテマリーンズ,ソト,内野手,阪神タイガース,0.250,6,4,1,0,1,0,0,0,1,1,0,0,1,3,2026/09/22
千葉ロッテマリーンズ,ソト,内野手,埼玉西武ライオンズ,0.305,63,59,18,10,4,0,4,9,8,2,0,0,2,18,2026/09/22
千葉ロッテマリーンズ,ソト,内野手,中日ドラゴンズ,0.455,11,11,5,3,2,0,0,2,2,0,0,0,0,3,2026/09/22
千葉ロッテマリーンズ,ソト,内野手,東京ヤクルトスワローズ,0.250,14,12,3,1,2,0,0,4,2,0,0,1,1,3,2026/09/22
千葉ロッテマリーンズ,ソト,内野手,東北楽天ゴールデンイーグルス,0.213,51,47,10,4,4,0,2,7,21,3,0,0,1,16,2026/09/22
千葉ロッテマリーンズ,ソト,内野手,読売ジャイアンツ,0.083,13,12,1,0,0,0,1,2,6,0,0,0,1,3,2026/09/22
千葉ロッテマリーンズ,ソト,内野手,福岡ソフトバンクホークス,0.153,66,59,9,8,0,0,1,5,14,7,0,0,0,20,2026/09/22
千葉ロッテマリーンズ,ソト,内野手,北海道日本ハムファイターズ,0.209,47,43,9,7,0,0,2,6,14,3,0,1,0,16,2026/09/22
千葉ロッテマリーンズ,髙部 瑛斗,外野手,オリックス・バファローズ,0.129,34,31,4,3,1,0,0,1,5,3,0,0,0,9,2026/09/22
千葉ロッテマリーンズ,髙部 瑛斗,外野手,横浜DeNAベイスターズ,,0,0,0,0,0,0,0,0,0,0,0,0,0,0,2026/09/22
千葉ロッテマリーンズ,髙部 瑛斗,外野手,広島東洋カープ,0.400,11,10,4,4,0,0,0,0,0,1,0,0,0,3,2026/09/22
千葉ロッテマリーンズ,髙部 瑛斗,外野手,阪神タイガース,0.000,5,5,0,0,0,0,0,0,1,0,0,0,0,2,2026/09/22
千葉ロッテマリーンズ,髙部 瑛斗,外野手,埼玉西武ライオンズ,0.278,19,18,5,4,1,0,0,0,5,1,0,0,0,6,2026/09/22
千葉ロッテマリーンズ,髙部 瑛斗,外野手,中日ドラゴンズ,0.333,9,9,3,3,0,0,0,0,3,0,0,0,0,3,2026/09/22
千葉ロッテマリーンズ,髙部 瑛斗,外野手,東京ヤクルトスワローズ,,0,0,0,0,0,0,0,0,0,0,0,0,0,0,2026/09/22
千葉ロッテマリーンズ,髙部 瑛斗,外野手,東北楽天ゴールデンイーグルス,0.200,5,5,1,1,0,0,0,0,1,0,0,0,0,2,2026/09/22
千葉ロッテマリーンズ,髙部 瑛斗,外野手,読売ジャイアンツ,0.000,4,4,0,0,0,0,0,0,1,0,0,0,0,2,2026/09/22
千葉ロッテマリーンズ,髙部 瑛斗,外野手,福岡ソフトバンクホークス,0.600,11,10,6,6,0,0,0,1,3,1,0,0,0,6,2026/09/22
千葉ロッテマリーンズ,髙部 瑛斗,外野手,北海道日本ハムファイターズ,0.143,23,21,3,3,0,0,0,0,6,2,0,0,0,9,2026/09/22
千葉ロッテマリーンズ,藤原 恭大,外野手,オリックス・バファローズ,0.361,87,72,26,20,4,2,0,6,16,10,0,0,5,21,2026/09/22
千葉ロッテマリーンズ,藤原 恭大,外野手,横浜DeNAベイスターズ,,0,0,0,0,0,0,0,0,0,0,0,0,0,0,2026/09/22
千葉ロッテマリーンズ,藤原 恭大,外野手,広島東洋カープ,,0,0,0,0,0,0,0,0,0,0,0,0,0,0,2026/09/22
千葉ロッテマリーンズ,藤原 恭大,外野手,阪神タイガース,,0,0,0,0,0,0,0,0,0,0,0,0,0,0,2026/09/22
千葉ロッテマリーンズ,藤原 恭大,外野手,埼玉西武ライオンズ,0.260,80,73,19,17,0,0,2,9,18,4,0,1,2,19,2026/09/22
千葉ロッテマリーンズ,藤原 恭大,外野手,中日ドラゴンズ,,0,0,0,0,0,0,0,0,0,0,0,0,0,0,2026/09/22
千葉ロッテマリーンズ,藤原 恭大,外野手,東京ヤクルトスワローズ,,0,0,0,0,0,0,0,0,0,0,0,0,0,0,2026/09/22
千葉ロッテマリーンズ,藤原 恭大,外野手,東北楽天ゴールデンイーグルス,0.333,72,60,20,16,4,0,0,5,15,11,0,0,1,17,2026/09/22
千葉ロッテマリーンズ,藤原 恭大,外野手,読売ジャイアンツ,,0,0,0,0,0,0,0,0,0,0,0,0,0,0,2026/09/22
千葉ロッテマリーンズ,藤原 恭大,外野手,福岡ソフトバンクホークス,0.253,97,87,22,15,3,0,4,14,20,10,0,0,0,22,2026/09/22
千葉ロッテマリーンズ,藤原 恭大,外野手,北海道日本ハムファイターズ,0.222,73,63,14,11,1,0,2,6,11,7,0,0,3,17,2026/09/22
千葉ロッテマリーンズ,角中 勝也,外野手,オリックス・バファローズ,0.000,4,3,0,0,0,0,0,0,2,0,0,0,1,2,2026/09/22
千葉ロッテマリーンズ,角中 勝也,外野手,横浜DeNAベイスターズ,,0,0,0,0,0,0,0,0,0,0,0,0,0,0,2026/09/22
千葉ロッテマリーンズ,角中 勝也,外野手,広島東洋カープ,,0,0,0,0,0,0,0,0,0,0,0,0,0,0,2026/09/22
千葉ロッテマリーンズ,角中 勝也,外野手,阪神タイガース,,0,0,0,0,0,0,0,0,0,0,0,0,0,0,2026/09/22
千葉ロッテマリーンズ,角中 勝也,外野手,埼玉西武ライオンズ,0.000,2,1,0,0,0,0,0,0,0,1,0,0,0,2,2026/09/22
千葉ロッテマリーンズ,角中 勝也,外野手,中日ドラゴンズ,,0,0,0,0,0,0,0,0,0,0,0,0,0,0,2026/09/22
千葉ロッテマリーンズ,角中 勝也,外野手,東京ヤクルトスワローズ,,0,0,0,0,0,0,0,0,0,0,0,0,0,0,2026/09/22
千葉ロッテマリーンズ,角中 勝也,外野手,東北楽天ゴールデンイーグルス,,0,0,0,0,0,0,0,0,0,0,0,0,0,0,2026/09/22
千葉ロッテマリーンズ,角中 勝也,外野手,読売ジャイアンツ,,0,0,0,0,0,0,0,0,0,0,0,0,0,0,2026/09/22
千葉ロッテマリーンズ,角中 勝也,外野手,福岡ソフトバンクホークス,0.125,8,8,1,1,0,0,0,0,2,0,0,0,0,4,2026/09/22
千葉ロッテマリーンズ,角中 勝也,外野手,北海道日本ハムファイターズ,0.000,4,4,0,0,0,0,0,0,2,0,0,0,0,1,2026/09/22
千葉ロッテマリーンズ,西川 史礁,外野手,オリックス・バファローズ,0.278,85,79,22,17,3,1,1,10,14,4,0,0,2,21,2026/09/22
千葉ロッテマリーンズ,西川 史礁,外野手,横浜DeNAベイスターズ,0.100,12,10,1,0,0,0,1,2,3,2,0,0,0,3,2026/09/22
千葉ロッテマリーンズ,西川 史礁,外野手,広島東洋カープ,0.385,15,13,5,3,2,0,0,2,1,1,0,0,1,3,2026/09/22
千葉ロッテマリーンズ,西川 史礁,外野手,阪神タイガース,0.300,11,10,3,2,0,0,1,1,2,1,0,0,0,3,2026/09/22
千葉ロッテマリーンズ,西川 史礁,外野手,埼玉西武ライオンズ,0.305,86,82,25,20,5,0,0,6,17,3,0,0,1,21,2026/09/22
千葉ロッテマリーンズ,西川 史礁,外野手,中日ドラゴンズ,0.214,15,14,3,2,1,0,0,3,2,1,0,0,0,3,2026/09/22
千葉ロッテマリーンズ,西川 史礁,外野手,東京ヤクルトスワローズ,0.538,13,13,7,6,1,0,0,2,1,0,0,0,0,3,2026/09/22
千葉ロッテマリーンズ,西川 史礁,外野手,東北楽天ゴールデンイーグルス,0.347,83,75,26,22,3,0,1,3,17,6,0,0,2,20,2026/09/22
千葉ロッテマリーンズ,西川 史礁,外野手,読売ジャイアンツ,0.364,14,11,4,2,2,0,0,0,2,3,0,0,0,3,2026/09/22
千葉ロッテマリーンズ,西川 史礁,外野手,福岡ソフトバンクホークス,0.259,97,85,22,17,5,0,0,5,25,10,0,0,2,23,2026/09/22
千葉ロッテマリーンズ,西川 史礁,外野手,北海道日本ハムファイターズ,0.324,82,74,24,15,6,0,3,14,13,7,0,0,1,20,2026/09/22
千葉ロッテマリーンズ,ポランコ,外野手,オリックス・バファローズ,0.227,25,22,5,2,3,0,0,3,6,1,0,2,0,11,2026/09/22
千葉ロッテマリーンズ,ポランコ,外野手,横浜DeNAベイスターズ,0.000,5,4,0,0,0,0,0,0,2,1,0,0,0,1,2026/09/22
千葉ロッテマリーンズ,ポランコ,外野手,広島東洋カープ,0.000,1,1,0,0,0,0,0,0,0,0,0,0,0,1,2026/09/22
千葉ロッテマリーンズ,ポランコ,外野手,阪神タイガース,0.000,9,8,0,0,0,0,0,0,4,1,0,0,0,3,2026/09/22
千葉ロッテマリーンズ,ポランコ,外野手,埼玉西武ライオンズ,0.259,31,27,7,4,2,0,1,4,5,4,0,0,0,9,2026/09/22
千葉ロッテマリーンズ,ポランコ,外野手,中日ドラゴンズ,,0,0,0,0,0,0,0,0,0,0,0,0,0,0,2026/09/22
千葉ロッテマリーンズ,ポランコ,外野手,東京ヤクルトスワローズ,0.000,2,1,0,0,0,0,0,0,0,1,0,0,0,1,2026/09/22
千葉ロッテマリーンズ,ポランコ,外野手,東北楽天ゴールデンイーグルス,0.120,27,25,3,1,1,0,1,1,12,2,0,0,0,10,2026/09/22
千葉ロッテマリーンズ,ポランコ,外野手,読売ジャイアンツ,,0,0,0,0,0,0,0,0,0,0,0,0,0,0,2026/09/22
千葉ロッテマリーンズ,ポランコ,外野手,福岡ソフトバンクホークス,0.333,26,24,8,4,2,0,2,3,9,2,0,0,0,8,2026/09/22
千葉ロッテマリーンズ,ポランコ,外野手,北海道日本ハムファイターズ,0.087,25,23,2,1,0,0,1,3,5,2,0,0,0,8,2026/09/22
千葉ロッテマリーンズ,石川 慎吾,外野手,オリックス・バファローズ,0.077,14,13,1,0,0,0,1,3,4,0,0,0,1,6,2026/09/22
千葉ロッテマリーンズ,石川 慎吾,外野手,横浜DeNAベイスターズ,,0,0,0,0,0,0,0,0,0,0,0,0,0,0,2026/09/22
千葉ロッテマリーンズ,石川 慎吾,外野手,広島東洋カープ,,0,0,0,0,0,0,0,0,0,0,0,0,0,0,2026/09/22
千葉ロッテマリーンズ,石川 慎吾,外野手,阪神タイガース,,0,0,0,0,0,0,0,0,0,0,0,0,0,0,2026/09/22
千葉ロッテマリーンズ,石川 慎吾,外野手,埼玉西武ライオンズ,0.000,6,6,0,0,0,0,0,0,5,0,0,0,0,3,2026/09/22
千葉ロッテマリーンズ,石川 慎吾,外野手,中日ドラゴンズ,,0,0,0,0,0,0,0,0,0,0,0,0,0,0,2026/09/22
千葉ロッテマリーンズ,石川 慎吾,外野手,東京ヤクルトスワローズ,,0,0,0,0,0,0,0,0,0,0,0,0,0,0,2026/09/22
千葉ロッテマリーンズ,石川 慎吾,外野手,東北楽天ゴールデンイーグルス,0.182,14,11,2,2,0,0,0,2,5,3,0,0,0,5,2026/09/22
千葉ロッテマリーンズ,石川 慎吾,外野手,読売ジャイアンツ,,0,0,0,0,0,0,0,0,0,0,0,0,0,0,2026/09/22
千葉ロッテマリーンズ,石川 慎吾,外野手,福岡ソフトバンクホークス,,0,0,0,0,0,0,0,0,0,0,0,0,0,0,2026/09/22
千葉ロッテマリーンズ,石川 慎吾,外野手,北海道日本ハムファイターズ,0.250,4,4,1,0,1,0,0,2,3,0,0,0,0,2,2026/09/22
千葉ロッテマリーンズ,岡 大海,外野手,オリックス・バファローズ,0.000,5,5,0,0,0,0,0,0,2,0,0,0,0,5,2026/09/22
千葉ロッテマリーンズ,岡 大海,外野手,横浜DeNAベイスターズ,,0,0,0,0,0,0,0,0,0,0,0,0,0,0,2026/09/22
千葉ロッテマリーンズ,岡 大海,外野手,広島東洋カープ,0.000,2,2,0,0,0,0,0,0,2,0,0,0,0,2,2026/09/22
千葉ロッテマリーンズ,岡 大海,外野手,阪神タイガース,,0,0,0,0,0,0,0,0,0,0,0,0,0,0,2026/09/22
千葉ロッテマリーンズ,岡 大海,外野手,埼玉西武ライオンズ,0.125,9,8,1,1,0,0,0,0,2,1,0,0,0,4,2026/09/22
千葉ロッテマリーンズ,岡 大海,外野手,中日ドラゴンズ,,0,0,0,0,0,0,0,0,0,0,0,0,0,0,2026/09/22
千葉ロッテマリーンズ,岡 大海,外野手,東京ヤクルトスワローズ,,0,0,0,0,0,0,0,0,0,0,0,0,0,0,2026/09/22
千葉ロッテマリーンズ,岡 大海,外野手,東北楽天ゴールデンイーグルス,0.000,8,6,0,0,0,0,0,0,3,1,1,0,0,3,2026/09/22
千葉ロッテマリーンズ,岡 大海,外野手,読売ジャイアンツ,,0,0,0,0,0,0,0,0,0,0,0,0,0,0,2026/09/22
千葉ロッテマリーンズ,岡 大海,外野手,福岡ソフトバンクホークス,0.154,14,13,2,2,0,0,0,0,3,1,0,0,0,3,2026/09/22
千葉ロッテマリーンズ,岡 大海,外野手,北海道日本ハムファイターズ,0.273,12,11,3,2,1,0,0,0,2,1,0,0,0,7,2026/09/22
千葉ロッテマリーンズ,井上 広大,外野手,オリックス・バファローズ,0.222,10,9,2,0,1,0,1,1,5,1,0,0,0,4,2026/09/22
千葉ロッテマリーンズ,井上 広大,外野手,横浜DeNAベイスターズ,,0,0,0,0,0,0,0,0,0,0,0,0,0,1,2026/09/22
千葉ロッテマリーンズ,井上 広大,外野手,広島東洋カープ,0.200,5,5,1,1,0,0,0,0,4,0,0,0,0,3,2026/09/22
千葉ロッテマリーンズ,井上 広大,外野手,阪神タイガース,0.000,8,7,0,0,0,0,0,0,3,1,0,0,0,2,2026/09/22
千葉ロッテマリーンズ,井上 広大,外野手,埼玉西武ライオンズ,0.000,10,10,0,0,0,0,0,1,6,0,0,0,0,6,2026/09/22
千葉ロッテマリーンズ,井上 広大,外野手,中日ドラゴンズ,0.000,2,2,0,0,0,0,0,0,0,0,0,0,0,1,2026/09/22
千葉ロッテマリーンズ,井上 広大,外野手,東京ヤクルトスワローズ,1.000,1,1,1,1,0,0,0,0,0,0,0,0,0,1,2026/09/22
千葉ロッテマリーンズ,井上 広大,外野手,東北楽天ゴールデンイーグルス,0.231,40,39,9,5,1,0,3,5,11,0,0,1,0,13,2026/09/22
千葉ロッテマリーンズ,井上 広大,外野手,読売ジャイアンツ,0.000,3,2,0,0,0,0,0,0,0,1,0,0,0,2,2026/09/22
千葉ロッテマリーンズ,井上 広大,外野手,福岡ソフトバンクホークス,0.267,16,15,4,1,1,0,2,3,5,1,0,0,0,5,2026/09/22
千葉ロッテマリーンズ,井上 広大,外野手,北海道日本ハムファイターズ,0.000,15,14,0,0,0,0,0,0,6,1,0,0,0,6,2026/09/22
千葉ロッテマリーンズ,愛斗,外野手,オリックス・バファローズ,0.231,14,13,3,3,0,0,0,1,3,0,1,0,0,5,2026/09/22
千葉ロッテマリーンズ,愛斗,外野手,横浜DeNAベイスターズ,0.143,7,7,1,0,0,1,0,2,1,0,0,0,0,2,2026/09/22
千葉ロッテマリーンズ,愛斗,外野手,広島東洋カープ,,0,0,0,0,0,0,0,0,0,0,0,0,0,0,2026/09/22
千葉ロッテマリーンズ,愛斗,外野手,阪神タイガース,,0,0,0,0,0,0,0,0,0,0,0,0,0,0,2026/09/22
千葉ロッテマリーンズ,愛斗,外野手,埼玉西武ライオンズ,0.240,26,25,6,4,2,0,0,1,5,1,0,0,0,8,2026/09/22
千葉ロッテマリーンズ,愛斗,外野手,中日ドラゴンズ,,0,0,0,0,0,0,0,0,0,0,0,0,0,0,2026/09/22
千葉ロッテマリーンズ,愛斗,外野手,東京ヤクルトスワローズ,,0,0,0,0,0,0,0,0,0,0,0,0,0,0,2026/09/22
千葉ロッテマリーンズ,愛斗,外野手,東北楽天ゴールデンイーグルス,0.214,15,14,3,2,0,0,1,5,3,0,0,0,1,6,2026/09/22
千葉ロッテマリーンズ,愛斗,外野手,読売ジャイアンツ,,0,0,0,0,0,0,0,0,0,0,0,0,0,0,2026/09/22
千葉ロッテマリーンズ,愛斗,外野手,福岡ソフトバンクホークス,0.364,11,11,4,4,0,0,0,0,5,0,0,0,0,5,2026/09/22
千葉ロッテマリーンズ,愛斗,外野手,北海道日本ハムファイターズ,0.071,15,14,1,1,0,0,0,0,3,0,1,0,0,6,2026/09/22
千葉ロッテマリーンズ,山口 航輝,外野手,オリックス・バファローズ,0.183,70,60,11,5,2,0,4,9,20,8,0,1,1,17,2026/09/22
千葉ロッテマリーンズ,山口 航輝,外野手,横浜DeNAベイスターズ,0.500,10,10,5,2,2,0,1,3,2,0,0,0,0,3,2026/09/22
千葉ロッテマリーンズ,山口 航輝,外野手,広島東洋カープ,0.182,11,11,2,1,0,0,1,3,1,0,0,0,0,3,2026/09/22
千葉ロッテマリーンズ,山口 航輝,外野手,阪神タイガース,0.300,10,10,3,0,2,1,0,2,0,0,0,0,0,3,2026/09/22
千葉ロッテマリーンズ,山口 航輝,外野手,埼玉西武ライオンズ,0.279,44,43,12,8,1,0,3,6,13,1,0,0,0,14,2026/09/22
千葉ロッテマリーンズ,山口 航輝,外野手,中日ドラゴンズ,0.444,9,9,4,3,0,0,1,1,3,0,0,0,0,3,2026/09/22
千葉ロッテマリーンズ,山口 航輝,外野手,東京ヤクルトスワローズ,0.182,12,11,2,2,0,0,0,2,4,0,0,0,1,3,2026/09/22
千葉ロッテマリーンズ,山口 航輝,外野手,東北楽天ゴールデンイーグルス,0.397,69,58,23,8,5,0,10,21,17,8,0,1,2,17,2026/09/22
千葉ロッテマリーンズ,山口 航輝,外野手,読売ジャイアンツ,0.167,12,12,2,1,1,0,0,0,3,0,0,0,0,3,2026/09/22
千葉ロッテマリーンズ,山口 航輝,外野手,福岡ソフトバンクホークス,0.290,67,62,18,11,1,0,6,10,15,4,0,0,1,17,2026/09/22
千葉ロッテマリーンズ,山口 航輝,外野手,北海道日本ハムファイターズ,0.340,56,53,18,8,4,0,6,11,11,3,0,0,0,17,2026/09/22
千葉ロッテマリーンズ,山本 大斗,外野手,オリックス・バファローズ,0.136,23,22,3,2,1,0,0,1,6,0,0,0,1,11,2026/09/22
千葉ロッテマリーンズ,山本 大斗,外野手,横浜DeNAベイスターズ,0.333,7,6,2,1,1,0,0,1,0,0,0,0,1,3,2026/09/22
千葉ロッテマリーンズ,山本 大斗,外野手,広島東洋カープ,0.000,1,1,0,0,0,0,0,0,0,0,0,0,0,1,2026/09/22
千葉ロッテマリーンズ,山本 大斗,外野手,阪神タイガース,,0,0,0,0,0,0,0,0,0,0,0,0,0,0,2026/09/22
千葉ロッテマリーンズ,山本 大斗,外野手,埼玉西武ライオンズ,0.263,22,19,5,2,1,0,2,2,4,3,0,0,0,10,2026/09/22
千葉ロッテマリーンズ,山本 大斗,外野手,中日ドラゴンズ,0.000,3,3,0,0,0,0,0,0,1,0,0,0,0,3,2026/09/22
千葉ロッテマリーンズ,山本 大斗,外野手,東京ヤクルトスワローズ,0.500,2,2,1,1,0,0,0,1,1,0,0,0,0,2,2026/09/22
千葉ロッテマリーンズ,山本 大斗,外野手,東北楽天ゴールデンイーグルス,0.250,28,24,6,6,0,0,0,1,5,3,0,0,1,9,2026/09/22
千葉ロッテマリーンズ,山本 大斗,外野手,読売ジャイアンツ,0.500,2,2,1,1,0,0,0,0,1,0,0,0,0,1,2026/09/22
千葉ロッテマリーンズ,山本 大斗,外野手,福岡ソフトバンクホークス,0.154,14,13,2,2,0,0,0,2,5,1,0,0,0,8,2026/09/22
千葉ロッテマリーンズ,山本 大斗,外野手,北海道日本ハムファイターズ,0.080,29,25,2,1,1,0,0,1,8,3,0,1,0,11,2026/09/22
千葉ロッテマリーンズ,和田 康士朗,外野手,オリックス・バファローズ,0.000,2,1,0,0,0,0,0,0,0,1,0,0,0,1,2026/09/22
千葉ロッテマリーンズ,和田 康士朗,外野手,横浜DeNAベイスターズ,0.000,1,1,0,0,0,0,0,0,0,0,0,0,0,1,2026/09/22
千葉ロッテマリーンズ,和田 康士朗,外野手,広島東洋カープ,,0,0,0,0,0,0,0,0,0,0,0,0,0,0,2026/09/22
千葉ロッテマリーンズ,和田 康士朗,外野手,阪神タイガース,0.333,3,3,1,1,0,0,0,1,1,0,0,0,0,1,2026/09/22
千葉ロッテマリーンズ,和田 康士朗,外野手,埼玉西武ライオンズ,0.000,2,1,0,0,0,0,0,0,0,0,1,0,0,1,2026/09/22
千葉ロッテマリーンズ,和田 康士朗,外野手,中日ドラゴンズ,,0,0,0,0,0,0,0,0,0,0,0,0,0,0,2026/09/22
千葉ロッテマリーンズ,和田 康士朗,外野手,東京ヤクルトスワローズ,0.273,13,11,3,3,0,0,0,0,0,2,0,0,0,3,2026/09/22
千葉ロッテマリーンズ,和田 康士朗,外野手,東北楽天ゴールデンイーグルス,0.333,3,3,1,1,0,0,0,0,2,0,0,0,0,2,2026/09/22
千葉ロッテマリーンズ,和田 康士朗,外野手,読売ジャイアンツ,0.000,8,6,0,0,0,0,0,0,1,1,1,0,0,2,2026/09/22
千葉ロッテマリーンズ,和田 康士朗,外野手,福岡ソフトバンクホークス,0.000,2,2,0,0,0,0,0,0,1,0,0,0,0,2,2026/09/22
千葉ロッテマリーンズ,和田 康士朗,外野手,北海道日本ハムファイターズ,,0,0,0,0,0,0,0,0,0,0,0,0,0,0,2026/09/22